frame,phase,ros_message_stamp,max_t_all_raw_offset_s,max_t_valid_raw_offset_s,max_t_geometry_after_filter_rate_offset_s,current_lidar_end_time,proposed_full_scan_end_time,imu_last_available_to_sync,imu_last_consumed,propagated_history_first,propagated_history_last,raw_coin_points,raw_coin_points_after_current_end,raw_coin_points_after_history_back,current_motion_fallback_points,geometry_points
0,initialization,1691509831.9570169,0.099927330000000009,0.099927330000000009,0.099927330000000009,1691509832.053041,1691509832.0569444,1691509832.0588865,1691509832.0479717,nan,nan,126500,4004,,,22547
1,initialization,1691509832.0571203,0.099881330000000004,0.099881330000000004,0.099881330000000004,1691509832.1531026,1691509832.1570017,1691509832.1587722,1691509832.1479299,nan,nan,126683,4015,,,22819
2,initialization,1691509832.1570239,0.099891270000000004,0.099891270000000004,0.099891270000000004,1691509832.252722,1691509832.2569151,1691509832.2587566,1691509832.2479265,nan,nan,126945,4360,,,23049
3,initialization,1691509832.2570605,0.099887890000000007,0.099887890000000007,0.099887890000000007,1691509832.3527555,1691509832.3569484,1691509832.3587072,1691509832.3479395,nan,nan,126886,4357,,,23037
4,initialization,1691509832.3570576,0.099884190000000012,0.099884190000000012,0.099884190000000012,1691509832.4527476,1691509832.4569418,1691509832.4587073,1691509832.448009,nan,nan,126743,4351,,,22979
5,initialization,1691509832.4570427,0.09987942000000001,0.09987942000000001,0.09987942000000001,1691509832.5527282,1691509832.5569222,1691509832.5586543,1691509832.5480537,nan,nan,126788,4344,,,22990
6,initialization,1691509832.5570366,0.099978200000000003,0.099978200000000003,0.099978200000000003,1691509832.6528227,1691509832.6570148,1691509832.6587887,1691509832.6480274,nan,nan,126792,4348,,,22970
7,initialization,1691509832.6571169,0.10002453,0.10002453,0.10002453,1691509832.7526443,1691509832.7571414,1691509832.7589784,1691509832.7474496,nan,nan,126833,4705,,,22966
8,initialization,1691509832.7572386,0.10000502,0.10000502,0.10000502,1691509832.8527551,1691509832.8572435,1691509832.8589652,1691509832.8473673,nan,nan,126602,4688,,,22883
9,initialization,1691509832.8572559,0.099838280000000001,0.099838280000000001,0.099838280000000001,1691509832.9531977,1691509832.9570942,1691509832.9589231,1691509832.9473827,nan,nan,126459,4016,,,22844
10,normal,1691509832.9572802,0.099817530000000002,0.099817530000000002,0.099817530000000002,1691509833.0532005,1691509833.0570977,1691509833.0588908,1691509833.0480807,1691509832.5480537,1691509833.0480807,126433,4012,10564,10564,22863
11,normal,1691509833.0572281,0.099841330000000006,0.099841330000000006,0.099841330000000006,1691509833.1534669,1691509833.1570694,1691509833.158813,1691509833.1480181,1691509833.0480807,1691509833.1480181,126459,3679,10582,10582,22841
12,normal,1691509833.1570303,0.099762690000000001,0.099762690000000001,0.099762690000000001,1691509833.2526062,1691509833.256793,1691509833.2587018,1691509833.2478848,1691509833.1480181,1691509833.2478848,126547,4347,10437,10437,22910
13,normal,1691509833.2568929,0.099810340000000011,0.099810340000000011,0.099810340000000011,1691509833.3525047,1691509833.3567033,1691509833.3587093,1691509833.3478212,1691509833.2478848,1691509833.3478212,126674,4354,10282,10282,22943
14,normal,1691509833.3568912,0.09996273,0.09996273,0.09996273,1691509833.4526556,1691509833.4568539,1691509833.4590864,1691509833.4479017,1691509833.3478212,1691509833.4479017,126771,4342,10405,10405,22941
15,normal,1691509833.4573934,0.099979230000000002,0.099979230000000002,0.099979230000000002,1691509833.553468,1691509833.5573726,1691509833.5589492,1691509833.5479598,1691509833.4479017,1691509833.5479598,126743,4012,11053,11053,22922
16,normal,1691509833.5571563,0.099945920000000008,0.099945920000000008,0.099945920000000008,1691509833.6529059,1691509833.6571023,1691509833.6589484,1691509833.6480815,1691509833.5479598,1691509833.6480815,126866,4349,10585,10585,22995
17,normal,1691509833.6571493,0.09987182,0.09987182,0.09987182,1691509833.7531233,1691509833.7570212,1691509833.7587662,1691509833.747968,1691509833.6480815,1691509833.747968,126940,4011,10583,10583,22987
18,normal,1691509833.7570128,0.099883200000000005,0.099883200000000005,0.099883200000000005,1691509833.8529959,1691509833.8568962,1691509833.8592522,1691509833.8480229,1691509833.747968,1691509833.8480229,126949,4013,10333,10333,22977
19,normal,1691509833.8571055,0.099832940000000009,0.099832940000000009,0.099832940000000009,1691509833.952749,1691509833.9569385,1691509833.9585865,1691509833.9479439,1691509833.8480229,1691509833.9479439,126924,4348,10578,10578,22945
20,normal,1691509833.9569173,0.099828050000000002,0.099828050000000002,0.099828050000000002,1691509834.0525525,1691509834.0567453,1691509834.0586498,1691509834.0488319,1691509833.9479439,1691509834.0488319,126930,4344,9174,9174,22972
21,normal,1691509834.0569115,0.099947530000000007,0.099947530000000007,0.099947530000000007,1691509834.1526661,1691509834.1568589,1691509834.1586783,1691509834.1479399,1691509834.0488319,1691509834.1479399,126969,4337,10450,10450,22962
22,normal,1691509834.1569171,0.099916210000000005,0.099916210000000005,0.099916210000000005,1691509834.2529352,1691509834.2568333,1691509834.2589445,1691509834.2480793,1691509834.1479399,1691509834.2480793,126903,4006,10197,10197,22931
23,normal,1691509834.2570779,0.09984353,0.09984353,0.09984353,1691509834.3527272,1691509834.3569214,1691509834.358779,1691509834.3479946,1691509834.2480793,1691509834.3479946,126966,4340,10447,10447,22983
24,normal,1691509834.3570666,0.099999680000000007,0.099999680000000007,0.099999680000000007,1691509834.4531639,1691509834.4570663,1691509834.4589586,1691509834.4481068,1691509834.3479946,1691509834.4481068,126967,4005,10469,10469,22957
25,normal,1691509834.4571242,0.099933440000000012,0.099933440000000012,0.099933440000000012,1691509834.553453,1691509834.5570576,1691509834.5588794,1691509834.5481129,1691509834.4481068,1691509834.5481129,126931,3679,10462,10462,22937
26,normal,1691509834.5571737,0.09980079,0.09980079,0.09980079,1691509834.653079,1691509834.6569746,1691509834.6587429,1691509834.6481569,1691509834.5481129,1691509834.6481569,126889,4002,10333,10333,22913
27,normal,1691509834.6571336,0.099605970000000002,0.099605970000000002,0.099605970000000002,1691509834.7531388,1691509834.7567396,1691509834.7584362,1691509834.7478273,1691509834.6481569,1691509834.7478273,126893,3682,10467,10467,22884
28,normal,1691509834.7568338,0.099791110000000002,0.099791110000000002,0.099791110000000002,1691509834.8530166,1691509834.8566248,1691509834.8583293,1691509834.8476675,1691509834.7478273,1691509834.8476675,126887,3685,10456,10456,22892
29,normal,1691509834.8567126,0.09998180000000001,0.09998180000000001,0.09998180000000001,1691509834.953079,1691509834.9566944,1691509834.9585395,1691509834.9478455,1691509834.8476675,1691509834.9478455,126903,3682,10341,10341,22900
30,normal,1691509834.9568937,0.10021705,0.10021705,0.10021705,1691509835.0531976,1691509835.0571108,1691509835.0588191,1691509835.0481777,1691509834.9478455,1691509835.0481777,127000,4000,10451,10451,22889
31,normal,1691509835.0571973,0.09995024000000001,0.09995024000000001,0.09995024000000001,1691509835.1535456,1691509835.1571476,1691509835.1587834,1691509835.1481159,1691509835.0481777,1691509835.1481159,126993,3675,10588,10588,22894
32,normal,1691509835.1571286,0.10002458,0.10002458,0.10002458,1691509835.2529528,1691509835.257153,1691509835.2591,1691509835.2483146,1691509835.1481159,1691509835.2483146,127038,4345,10332,10332,22887
33,normal,1691509835.2574062,0.099787980000000012,0.099787980000000012,0.099787980000000012,1691509835.3530107,1691509835.3571942,1691509835.3588431,1691509835.3481393,1691509835.2483146,1691509835.3481393,127062,4353,10726,10726,22891
34,normal,1691509835.3572271,0.099863740000000006,0.099863740000000006,0.099863740000000006,1691509835.4531944,1691509835.4570909,1691509835.4588695,1691509835.448247,1691509835.3481393,1691509835.448247,127042,4007,10334,10334,22871
35,normal,1691509835.4572113,0.099785610000000011,0.099785610000000011,0.099785610000000011,1691509835.5528002,1691509835.5569968,1691509835.5588446,1691509835.5480499,1691509835.448247,1691509835.5480499,127046,4344,10459,10459,22862
36,normal,1691509835.5570955,0.099870500000000001,0.099870500000000001,0.099870500000000001,1691509835.6527724,1691509835.656966,1691509835.6587157,1691509835.6481061,1691509835.5480499,1691509835.6481061,126988,4343,10324,10324,22849
37,normal,1691509835.6570425,0.10010141,0.10010141,0.10010141,1691509835.752646,1691509835.757144,1691509835.7590411,1691509835.7482131,1691509835.6481061,1691509835.7482131,126945,4696,10464,10464,22843
38,normal,1691509835.7572882,0.099993030000000011,0.099993030000000011,0.099993030000000011,1691509835.8533795,1691509835.8572812,1691509835.8591027,1691509835.8483083,1691509835.7482131,1691509835.8483083,126945,4010,10468,10468,22832
39,normal,1691509835.8574364,0.09997323000000001,0.09997323000000001,0.09997323000000001,1691509835.9535012,1691509835.9574096,1691509835.9592898,1691509835.9485557,1691509835.8483083,1691509835.9485557,127007,4010,10334,10334,22846
40,normal,1691509835.9576488,0.10007421000000001,0.10007421000000001,0.10007421000000001,1691509836.054116,1691509836.057723,1691509836.0592222,1691509836.0477808,1691509835.9485557,1691509836.0477808,126962,3685,11736,11736,22818
41,normal,1691509836.0574977,0.099908240000000009,0.099908240000000009,0.099908240000000009,1691509836.1535051,1691509836.1574061,1691509836.1593401,1691509836.1478066,1691509836.0477808,1691509836.1478066,126902,4009,11352,11352,22793
42,normal,1691509836.1575406,0.09992572000000001,0.09992572000000001,0.09992572000000001,1691509836.2535603,1691509836.2574663,1691509836.2594094,1691509836.2478485,1691509836.1478066,1691509836.2478485,126935,4009,11351,11351,22797
43,normal,1691509836.2576053,0.099853400000000009,0.099853400000000009,0.099853400000000009,1691509836.3532612,1691509836.3574588,1691509836.3593714,1691509836.3478651,1691509836.2478485,1691509836.3478651,126901,4342,11350,11350,22788
44,normal,1691509836.3576891,0.099839990000000003,0.099839990000000003,0.099839990000000003,1691509836.453629,1691509836.4575291,1691509836.4592376,1691509836.4485898,1691509836.3478651,1691509836.4485898,126956,3996,10448,10448,22795
45,normal,1691509836.4575257,0.09983974000000001,0.09983974000000001,0.09983974000000001,1691509836.5531723,1691509836.5573654,1691509836.5592153,1691509836.5485687,1691509836.4485898,1691509836.5485687,127005,4326,10339,10339,22778
46,normal,1691509836.5575292,0.09987443,0.09987443,0.09987443,1691509836.653213,1691509836.6574037,1691509836.6591251,1691509836.6484115,1691509836.5485687,1691509836.6484115,126985,4313,10558,10558,22745
47,normal,1691509836.6574194,0.09981079000000001,0.09981079000000001,0.09981079000000001,1691509836.7530427,1691509836.7572303,1691509836.7591183,1691509836.7483242,1691509836.6484115,1691509836.7483242,126972,4310,10448,10448,22665
48,normal,1691509836.7573237,0.099605100000000002,0.099605100000000002,0.099605100000000002,1691509836.8527508,1691509836.8569288,1691509836.8587067,1691509836.848119,1691509836.7483242,1691509836.848119,126950,4308,10305,10305,22546
49,normal,1691509836.8569984,0.099654380000000001,0.099654380000000001,0.099654380000000001,1691509836.952467,1691509836.9566529,1691509836.9586086,1691509836.9479439,1691509836.848119,1691509836.9479439,126956,4305,10176,10176,22457
50,normal,1691509836.9568799,0.099641450000000006,0.099641450000000006,0.099641450000000006,1691509837.0532162,1691509837.0565214,1691509837.0598533,1691509837.0479376,1691509836.9479439,1691509837.0479376,126983,3306,10032,10032,22387
51,normal,1691509837.0566494,0.09957748000000001,0.09957748000000001,0.09957748000000001,1691509837.1520467,1691509837.1562269,1691509837.1598053,1691509837.1480179,1691509837.0479376,1691509837.1480179,127023,4285,9518,9518,22273
52,normal,1691509837.1563063,0.099744010000000008,0.099744010000000008,0.099744010000000008,1691509837.2521536,1691509837.2560503,1691509837.2594366,1691509837.2479992,1691509837.1480179,1691509837.2479992,126965,3949,9261,9261,22269
53,normal,1691509837.2561941,0.099718250000000008,0.099718250000000008,0.099718250000000008,1691509837.351146,1691509837.3559124,1691509837.3588905,1691509837.3484883,1691509837.2479992,1691509837.3484883,126972,4983,8496,8496,22409
54,normal,1691509837.3558531,0.10012981,0.10012981,0.10012981,1691509837.4517787,1691509837.4559829,1691509837.4600015,1691509837.4480846,1691509837.3484883,1691509837.4480846,127003,4281,9002,9002,22579
55,normal,1691509837.4563215,0.10025083000000001,0.10025083000000001,0.10025083000000001,1691509837.5523555,1691509837.5565722,1691509837.5586865,1691509837.5480554,1691509837.4480846,1691509837.5480554,126994,4268,9745,9745,22796
56,normal,1691509837.5566525,0.10023430000000001,0.10023430000000001,0.10023430000000001,1691509837.6526825,1691509837.6568868,1691509837.6585841,1691509837.6480646,1691509837.5480554,1691509837.6480646,126994,4268,10266,10266,23089
57,normal,1691509837.6569691,0.10021334000000001,0.10021334000000001,0.10021334000000001,1691509837.7532635,1691509837.7571824,1691509837.75896,1691509837.7481952,1691509837.6480646,1691509837.7481952,127031,3913,10364,10364,23325
58,normal,1691509837.757314,0.10024966,0.10024966,0.10024966,1691509837.8542385,1691509837.8575637,1691509837.8594747,1691509837.8484871,1691509837.7481952,1691509837.8484871,127114,3282,10521,10521,23606
59,normal,1691509837.8576288,0.10012782000000001,0.10012782000000001,0.10012782000000001,1691509837.9538519,1691509837.9577568,1691509837.9595518,1691509837.9480529,1691509837.8484871,1691509837.9480529,125795,3928,11408,11408,23840
60,normal,1691509837.9577868,0.10009966000000001,0.10009966000000001,0.10009966000000001,1691509838.0536895,1691509838.0578864,1691509838.0597849,1691509838.0480435,1691509837.9480529,1691509838.0480435,126773,4265,11534,11534,23895
61,normal,1691509838.058115,0.10010653000000001,0.10010653000000001,0.10010653000000001,1691509838.154042,1691509838.1582215,1691509838.1600504,1691509838.148082,1691509838.0480435,1691509838.148082,126647,4229,12011,12011,23774
62,normal,1691509838.1582694,0.099458440000000009,0.099458440000000009,0.099458440000000009,1691509838.2535448,1691509838.2577279,1691509838.2595491,1691509838.248183,1691509838.148082,1691509838.248183,126604,4211,11222,11222,23633
63,normal,1691509838.2578425,0.099476090000000003,0.099476090000000003,0.099476090000000003,1691509838.3534298,1691509838.3573186,1691509838.3592243,1691509838.3483686,1691509838.248183,1691509838.3483686,126274,3883,10467,10467,23726
64,normal,1691509838.3574314,0.099419400000000005,0.099419400000000005,0.099419400000000005,1691509838.4529738,1691509838.4568508,1691509838.4597344,1691509838.4480445,1691509838.3483686,1691509838.4480445,125639,3877,10204,10204,24016
65,normal,1691509838.4568584,0.099506710000000012,0.099506710000000012,0.099506710000000012,1691509838.5530763,1691509838.556365,1691509838.5597119,1691509838.5480924,1691509838.4480445,1691509838.5480924,125429,3263,9582,9582,24358
66,normal,1691509838.5564787,0.099765990000000013,0.099765990000000013,0.099765990000000013,1691509838.6523488,1691509838.6562448,1691509838.6585212,1691509838.6482408,1691509838.5480924,1691509838.6482408,125317,3894,9042,9042,24439
67,normal,1691509838.6565151,0.099897040000000006,0.099897040000000006,0.099897040000000006,1691509838.7527921,1691509838.7564123,1691509838.759727,1691509838.7482145,1691509838.6482408,1691509838.7482145,125398,3573,8968,8968,24598
68,normal,1691509838.7565255,0.099979470000000001,0.099979470000000001,0.099979470000000001,1691509838.8526032,1691509838.8565049,1691509838.8598025,1691509838.8482246,1691509838.7482145,1691509838.8482246,125338,3919,8907,8907,24620
69,normal,1691509838.8565855,0.10007181000000001,0.10007181000000001,0.10007181000000001,1691509838.9527538,1691509838.9566574,1691509838.958775,1691509838.9482319,1691509838.8482246,1691509838.9482319,125310,3910,9040,9040,24935
70,normal,1691509838.9568369,0.10007924,0.10007924,0.10007924,1691509839.053302,1691509839.0569162,1691509839.0604708,1691509839.0480876,1691509838.9482319,1691509839.0480876,125143,3570,9051,9051,25228
71,normal,1691509839.0568838,0.10038848,0.10038848,0.10038848,1691509839.1533446,1691509839.1572723,1691509839.1593354,1691509839.1483085,1691509839.0480876,1691509839.1483085,125218,3923,9076,9076,25223
72,normal,1691509839.1574786,0.10024483000000001,0.10024483000000001,0.10024483000000001,1691509839.2538133,1691509839.2577233,1691509839.2596629,1691509839.2485995,1691509839.1483085,1691509839.2485995,125303,3936,9255,9255,25036
73,normal,1691509839.2577658,0.099935330000000003,0.099935330000000003,0.099935330000000003,1691509839.3537982,1691509839.3577011,1691509839.3595614,1691509839.3486812,1691509839.2485995,1691509839.3486812,125368,3902,9118,9118,24985
74,normal,1691509839.3577545,0.099959270000000003,0.099959270000000003,0.099959270000000003,1691509839.454412,1691509839.4577138,1691509839.4597123,1691509839.4487123,1691509839.3486812,1691509839.4487123,125347,3267,8953,8953,25130
75,normal,1691509839.4578457,0.099641590000000002,0.099641590000000002,0.099641590000000002,1691509839.5532947,1691509839.5574872,1691509839.5594594,1691509839.5486107,1691509839.4487123,1691509839.5486107,125159,4047,8650,8650,25337
76,normal,1691509839.5576098,0.099702060000000009,0.099702060000000009,0.099702060000000009,1691509839.6533968,1691509839.6573119,1691509839.6593068,1691509839.6483114,1691509839.5486107,1691509839.6483114,125331,3748,8709,8709,25548
77,normal,1691509839.6574841,0.10005722,0.10005722,0.10005722,1691509839.753335,1691509839.7575412,1691509839.7592762,1691509839.7484953,1691509839.6483114,1691509839.7484953,125302,3847,8707,8707,25537
78,normal,1691509839.7575145,0.10021243000000001,0.10021243000000001,0.10021243000000001,1691509839.853236,1691509839.8577268,1691509839.8595667,1691509839.848881,1691509839.7484953,1691509839.848881,125438,4160,8609,8609,25548
79,normal,1691509839.8577986,0.099967460000000008,0.099967460000000008,0.099967460000000008,1691509839.9538622,1691509839.9577661,1691509839.959497,1691509839.9488826,1691509839.848881,1691509839.9488826,125457,3649,8656,8656,25635
80,normal,1691509839.957875,0.099689520000000004,0.099689520000000004,0.099689520000000004,1691509840.0536706,1691509840.0575645,1691509840.0594823,1691509840.0487294,1691509839.9488826,1691509840.0487294,125480,3635,8682,8682,26077
81,normal,1691509840.0577388,0.099865610000000007,0.099865610000000007,0.099865610000000007,1691509840.1536777,1691509840.1576045,1691509840.1594541,1691509840.1487451,1691509840.0487294,1691509840.1487451,125400,3610,8741,8741,26234
82,normal,1691509840.1577222,0.10008224,0.10008224,0.10008224,1691509840.2536008,1691509840.2578044,1691509840.2597589,1691509840.2489235,1691509840.1487451,1691509840.2489235,125536,4028,8871,8871,26322
83,normal,1691509840.2579882,0.099979280000000004,0.099979280000000004,0.099979280000000004,1691509840.3534875,1691509840.3579674,1691509840.3597713,1691509840.3489518,1691509840.2489235,1691509840.3489518,125608,4399,9205,9205,26436
84,normal,1691509840.357991,0.099516300000000002,0.099516300000000002,0.099516300000000002,1691509840.4533405,1691509840.4575074,1691509840.4593644,1691509840.44857,1691509840.3489518,1691509840.44857,125597,4103,9379,9379,26894
85,normal,1691509840.4575562,0.099188210000000013,0.099188210000000013,0.099188210000000013,1691509840.5525827,1691509840.5567446,1691509840.5605168,1691509840.5483208,1691509840.44857,1691509840.5483208,125616,4062,8660,8660,27532
86,normal,1691509840.5568497,0.099691000000000002,0.099691000000000002,0.099691000000000002,1691509840.6520474,1691509840.6565406,1691509840.6597381,1691509840.648396,1691509840.5483208,1691509840.648396,125614,4359,8318,8318,28085
87,normal,1691509840.6567149,0.10008117000000001,0.10008117000000001,0.10008117000000001,1691509840.7540677,1691509840.7567961,1691509840.7600782,1691509840.7483914,1691509840.648396,1691509840.7483914,125705,2647,8803,8803,28665
88,normal,1691509840.7569237,0.10003001,0.10003001,0.10003001,1691509840.8527596,1691509840.8569536,1691509840.8607976,1691509840.848371,1691509840.7483914,1691509840.848371,125744,4160,9045,9045,29081
89,normal,1691509840.8570509,0.099809380000000003,0.099809380000000003,0.099809380000000003,1691509840.9526832,1691509840.9568603,1691509840.9599376,1691509840.9483714,1691509840.848371,1691509840.9483714,125827,4122,8958,8958,29834
90,normal,1691509840.9569345,0.099726980000000007,0.099726980000000007,0.099726980000000007,1691509841.0530608,1691509841.0566614,1691509841.0599244,1691509841.0484076,1691509840.9483714,1691509841.0484076,125872,3489,8596,8596,30881
91,normal,1691509841.0567467,0.10008444000000001,0.10008444000000001,0.10008444000000001,1691509841.1514418,1691509841.1568313,1691509841.1602259,1691509841.1484504,1691509841.0484076,1691509841.1484504,125961,5249,8763,8763,31086
92,normal,1691509841.1570909,0.10031512000000001,0.10031512000000001,0.10031512000000001,1691509841.253197,1691509841.257406,1691509841.2604406,1691509841.2484195,1691509841.1484504,1691509841.2484195,126083,4079,9460,9460,30832
93,normal,1691509841.2574883,0.10009697000000001,0.10009697000000001,0.10009697000000001,1691509841.3539765,1691509841.3575852,1691509841.3594606,1691509841.3486135,1691509841.2484195,1691509841.3486135,126066,3572,9505,9505,30628
94,normal,1691509841.3576672,0.099773310000000004,0.099773310000000004,0.099773310000000004,1691509841.4535534,1691509841.4574406,1691509841.459285,1691509841.4484792,1691509841.3486135,1691509841.4484792,126076,3838,9627,9627,30658
95,normal,1691509841.4574766,0.099430050000000006,0.099430050000000006,0.099430050000000006,1691509841.5524449,1691509841.5569067,1691509841.5601652,1691509841.5484605,1691509841.4484792,1691509841.5484605,126016,4338,8984,8984,30951
96,normal,1691509841.5569468,0.099645090000000006,0.099645090000000006,0.099645090000000006,1691509841.6523912,1691509841.6565919,1691509841.6596618,1691509841.6484735,1691509841.5484605,1691509841.6484735,126140,3999,8557,8557,31050
97,normal,1691509841.6567645,0.099963730000000001,0.099963730000000001,0.099963730000000001,1691509841.7528298,1691509841.7567282,1691509841.7598209,1691509841.7484975,1691509841.6484735,1691509841.7484975,126170,3689,8734,8734,30944
98,normal,1691509841.7568374,0.10018840000000001,0.10018840000000001,0.10018840000000001,1691509841.853116,1691509841.8570259,1691509841.8604321,1691509841.8484654,1691509841.7484975,1691509841.8484654,126243,3679,9093,9093,30268
99,normal,1691509841.8571784,0.10008844,0.10008844,0.10008844,1691509841.9533544,1691509841.9572668,1691509841.9603007,1691509841.9484682,1691509841.8484654,1691509841.9484682,126254,3626,9347,9347,29816
100,normal,1691509841.9573812,0.10005682,0.10005682,0.10005682,1691509842.0535369,1691509842.0574381,1691509842.0593326,1691509842.0484416,1691509841.9484682,1691509842.0484416,126321,3594,9698,9698,29322
101,normal,1691509842.0575101,0.10008687000000001,0.10008687000000001,0.10008687000000001,1691509842.1533906,1691509842.1575971,1691509842.1596384,1691509842.1487231,1691509842.0484416,1691509842.1487231,126457,3883,9567,9567,28578
102,normal,1691509842.1577818,0.10004883000000001,0.10004883000000001,0.10004883000000001,1691509842.2539349,1691509842.2578306,1691509842.259603,1691509842.2488415,1691509842.1487231,1691509842.2488415,126433,3678,9815,9815,27539
103,normal,1691509842.2578201,0.099851550000000011,0.099851550000000011,0.099851550000000011,1691509842.3540554,1691509842.3576717,1691509842.3595691,1691509842.3488548,1691509842.2488415,1691509842.3488548,126466,3305,9605,9605,26546
104,normal,1691509842.357866,0.099827290000000013,0.099827290000000013,0.099827290000000013,1691509842.4532151,1691509842.4576933,1691509842.4595447,1691509842.4488428,1691509842.3488548,1691509842.4488428,126468,4253,9619,9619,25821
105,normal,1691509842.4577661,0.099406760000000011,0.099406760000000011,0.099406760000000011,1691509842.552702,1691509842.5571728,1691509842.5598743,1691509842.5484641,1691509842.4488428,1691509842.5484641,126310,4180,9434,9434,25235
106,normal,1691509842.557142,0.09953192000000001,0.09953192000000001,0.09953192000000001,1691509842.6518776,1691509842.6566739,1691509842.6597292,1691509842.6485286,1691509842.5484641,1691509842.6485286,126460,4522,8753,8753,24561
107,normal,1691509842.656903,0.10008385,0.10008385,0.10008385,1691509842.7524858,1691509842.7569869,1691509842.7598891,1691509842.7485113,1691509842.6485286,1691509842.7485113,126544,4284,9189,9189,23694
108,normal,1691509842.7570515,0.10040229000000001,0.10040229000000001,0.10040229000000001,1691509842.8529546,1691509842.8574538,1691509842.8592236,1691509842.8484857,1691509842.7485113,1691509842.8484857,126573,4297,9846,9846,22901
109,normal,1691509842.8574679,0.09991301000000001,0.09991301000000001,0.09991301000000001,1691509842.9531879,1691509842.957381,1691509842.9593694,1691509842.9486485,1691509842.8484857,1691509842.9486485,126558,3925,9554,9554,22555
110,normal,1691509842.9575582,0.099867250000000005,0.099867250000000005,0.099867250000000005,1691509843.0529397,1691509843.0574255,1691509843.0593472,1691509843.0483012,1691509842.9486485,1691509843.0483012,126553,4202,10036,10036,22502
111,normal,1691509843.0575156,0.099984220000000013,0.099984220000000013,0.099984220000000013,1691509843.1535938,1691509843.1574998,1691509843.1593482,1691509843.1485469,1691509843.0483012,1691509843.1485469,126557,3663,9845,9845,22150
112,normal,1691509843.1575072,0.09983728,0.09983728,0.09983728,1691509843.2531545,1691509843.2573445,1691509843.259306,1691509843.2484441,1691509843.1485469,1691509843.2484441,126619,3920,9847,9847,21541
113,normal,1691509843.2574658,0.09977343000000001,0.09977343000000001,0.09977343000000001,1691509843.3533359,1691509843.3572392,1691509843.3590341,1691509843.3483999,1691509843.2484441,1691509843.3483999,126637,3640,9690,9690,21052
114,normal,1691509843.3572793,0.099696080000000006,0.099696080000000006,0.099696080000000006,1691509843.4527898,1691509843.4569755,1691509843.4606524,1691509843.4484508,1691509843.3483999,1691509843.4484508,126660,3948,9354,9354,20782
115,normal,1691509843.4570806,0.099545820000000007,0.099545820000000007,0.099545820000000007,1691509843.5524485,1691509843.5566263,1691509843.5586884,1691509843.548547,1691509843.4484508,1691509843.548547,126556,3939,8841,8841,20694
116,normal,1691509843.5567772,0.099716100000000002,0.099716100000000002,0.099716100000000002,1691509843.6528757,1691509843.6564934,1691509843.6598761,1691509843.6490982,1691509843.548547,1691509843.6490982,126421,3278,7801,7801,20537
117,normal,1691509843.6567016,0.099767240000000007,0.099767240000000007,0.099767240000000007,1691509843.7522717,1691509843.7564688,1691509843.7604537,1691509843.7490821,1691509843.6490982,1691509843.7490821,126477,3890,7838,7838,20193
118,normal,1691509843.7565913,0.10020754000000001,0.10020754000000001,0.10020754000000001,1691509843.8525991,1691509843.8567989,1691509843.8607037,1691509843.8485909,1691509843.7490821,1691509843.8485909,124949,3922,9007,9007,19968
119,normal,1691509843.8568521,0.10006668000000001,0.10006668000000001,0.10006668000000001,1691509843.9527211,1691509843.9569187,1691509843.9607656,1691509843.9484508,1691509843.8485909,1691509843.9484508,124896,3928,9251,9251,19994
120,normal,1691509843.9570625,0.10005598,0.10005598,0.10005598,1691509844.053498,1691509844.0571184,1691509844.060662,1691509844.0485678,1691509843.9484508,1691509844.0485678,125485,3282,9297,9297,20070
121,normal,1691509844.0572531,0.10020219000000001,0.10020219000000001,0.10020219000000001,1691509844.1535394,1691509844.1574552,1691509844.1591992,1691509844.1484883,1691509844.0485678,1691509844.1484883,126078,3569,9770,9770,19970
122,normal,1691509844.1575434,0.099936940000000002,0.099936940000000002,0.099936940000000002,1691509844.2529931,1691509844.2574804,1691509844.2591703,1691509844.2485597,1691509844.1484883,1691509844.2485597,124729,4260,9832,9832,19666
123,normal,1691509844.2575374,0.099912120000000007,0.099912120000000007,0.099912120000000007,1691509844.3535562,1691509844.3574495,1691509844.3591776,1691509844.3483996,1691509844.2485597,1691509844.3483996,123184,3602,9895,9895,19423
124,normal,1691509844.3575127,0.099599710000000008,0.099599710000000008,0.099599710000000008,1691509844.4529498,1691509844.4571123,1691509844.460499,1691509844.4486079,1691509844.3483996,1691509844.4486079,122967,3937,9326,9326,19379
125,normal,1691509844.4572475,0.099399560000000012,0.099399560000000012,0.099399560000000012,1691509844.5521924,1691509844.5566471,1691509844.5602696,1691509844.5493081,1691509844.4486079,1691509844.5493081,123726,4128,7700,7700,19562
126,normal,1691509844.5566158,0.099750050000000007,0.099750050000000007,0.099750050000000007,1691509844.6521838,1691509844.6563659,1691509844.6598258,1691509844.6492569,1691509844.5493081,1691509844.6492569,125091,3899,7524,7524,19593
127,normal,1691509844.6565561,0.099857710000000002,0.099857710000000002,0.099857710000000002,1691509844.7525108,1691509844.7564139,1691509844.7603164,1691509844.7489991,1691509844.6492569,1691509844.7489991,126267,3575,7772,7772,19431
128,normal,1691509844.756597,0.099900660000000002,0.099900660000000002,0.099900660000000002,1691509844.852308,1691509844.8564978,1691509844.8600683,1691509844.8490984,1691509844.7489991,1691509844.8490984,126202,3885,7770,7770,19386
129,normal,1691509844.8564701,0.09996729,0.09996729,0.09996729,1691509844.9522455,1691509844.9564373,1691509844.9596338,1691509844.9492307,1691509844.8490984,1691509844.9492307,126212,3883,7516,7516,19625
130,normal,1691509844.9566908,0.10024544000000001,0.10024544000000001,0.10024544000000001,1691509845.0530217,1691509845.0569363,1691509845.0592928,1691509845.0487332,1691509844.9492307,1691509845.0487332,126130,3535,8706,8706,19929
131,normal,1691509845.0571375,0.10029757,0.10029757,0.10029757,1691509845.1532412,1691509845.1574349,1691509845.1607234,1691509845.1487105,1691509845.0487332,1691509845.1487105,126114,3894,9476,9476,19972
132,normal,1691509845.1574178,0.099896510000000008,0.099896510000000008,0.099896510000000008,1691509845.2531176,1691509845.2573142,1691509845.2604973,1691509845.2487011,1691509845.1487105,1691509845.2487011,126151,3902,9360,9360,19812
133,normal,1691509845.2574632,0.099923540000000005,0.099923540000000005,0.099923540000000005,1691509845.3531942,1691509845.3573868,1691509845.3608515,1691509845.3486104,1691509845.2487011,1691509845.3486104,126135,3887,9461,9461,19736
134,normal,1691509845.357491,0.099767760000000011,0.099767760000000011,0.099767760000000011,1691509845.4527752,1691509845.4572587,1691509845.4606421,1691509845.4487326,1691509845.3486104,1691509845.4487326,126149,4159,9189,9189,19849
135,normal,1691509845.4573817,0.09973891,0.09973891,0.09973891,1691509845.5532315,1691509845.5571206,1691509845.5603333,1691509845.548641,1691509845.4487326,1691509845.548641,126185,3553,9220,9220,20103
136,normal,1691509845.5571392,0.099964870000000011,0.099964870000000011,0.099964870000000011,1691509845.6529012,1691509845.657104,1691509845.6605997,1691509845.6487589,1691509845.548641,1691509845.6487589,126127,3796,8892,8892,20226
137,normal,1691509845.6572049,0.10039820000000001,0.10039820000000001,0.10039820000000001,1691509845.7533844,1691509845.7576032,1691509845.7594194,1691509845.7487559,1691509845.6487589,1691509845.7487559,126155,3841,9575,9575,20339
138,normal,1691509845.7577817,0.10041823000000001,0.10041823000000001,0.10041823000000001,1691509845.8542871,1691509845.8582001,1691509845.8599925,1691509845.8491957,1691509845.7487559,1691509845.8491957,126056,3543,9827,9827,20462
139,normal,1691509845.8583207,0.099841780000000005,0.099841780000000005,0.099841780000000005,1691509845.9545581,1691509845.9581625,1691509845.9598546,1691509845.9492464,1691509845.8491957,1691509845.9492464,126085,3289,9725,9725,20852
140,normal,1691509845.9582245,0.099909890000000001,0.099909890000000001,0.099909890000000001,1691509846.053937,1691509846.0581343,1691509846.0599833,1691509846.0492265,1691509845.9492464,1691509846.0492265,126106,3878,9687,9687,21303
141,normal,1691509846.0582404,0.099873310000000007,0.099873310000000007,0.099873310000000007,1691509846.1539271,1691509846.1581137,1691509846.1599245,1691509846.1491938,1691509846.0492265,1691509846.1491938,126122,3945,9685,9685,21327
142,normal,1691509846.1581941,0.09950233,0.09950233,0.09950233,1691509846.2541068,1691509846.2576964,1691509846.2594419,1691509846.2487009,1691509846.1491938,1691509846.2487009,126131,3364,9822,9822,21178
143,normal,1691509846.2576594,0.099387980000000001,0.099387980000000001,0.099387980000000001,1691509846.3528826,1691509846.3570473,1691509846.3591187,1691509846.3487101,1691509846.2487009,1691509846.3487101,126255,3985,9100,9100,21183
144,normal,1691509846.3570924,0.099295960000000003,0.099295960000000003,0.099295960000000003,1691509846.4525111,1691509846.4563882,1691509846.4598176,1691509846.4491463,1691509846.3487101,1691509846.4491463,126323,3676,7621,7621,21304
145,normal,1691509846.4565961,0.09936600000000001,0.09936600000000001,0.09936600000000001,1691509846.5517974,1691509846.5559621,1691509846.5588167,1691509846.548686,1691509846.4491463,1691509846.548686,126240,3924,7702,7702,21472
146,normal,1691509846.5560546,0.099861050000000007,0.099861050000000007,0.099861050000000007,1691509846.6517301,1691509846.6559157,1691509846.6590788,1691509846.6487701,1691509846.548686,1691509846.6487701,126247,3959,7491,7491,21523
147,normal,1691509846.65608,0.10001451,0.10001451,0.10001451,1691509846.7521887,1691509846.7560945,1691509846.7601786,1691509846.7488174,1691509846.6487701,1691509846.7488174,126338,3669,7627,7627,21535
148,normal,1691509846.7564838,0.10014799000000001,0.10014799000000001,0.10014799000000001,1691509846.8524306,1691509846.8566318,1691509846.8594465,1691509846.8491902,1691509846.7488174,1691509846.8491902,126300,4009,7896,7896,21585
149,normal,1691509846.8566203,0.10005461,0.10005461,0.10005461,1691509846.9524889,1691509846.9566748,1691509846.9603152,1691509846.9492164,1691509846.8491902,1691509846.9492164,126297,4029,7930,7930,22004
150,normal,1691509846.9566376,0.10006683000000001,0.10006683000000001,0.10006683000000001,1691509847.0524936,1691509847.0567045,1691509847.0587621,1691509847.0494673,1691509846.9492164,1691509847.0494673,126292,4039,7582,7582,22545
151,normal,1691509847.0569429,0.10008242000000001,0.10008242000000001,0.10008242000000001,1691509847.1531298,1691509847.1570253,1691509847.1592209,1691509847.1494889,1691509847.0494673,1691509847.1494889,126376,3774,8103,8103,22774
152,normal,1691509847.1574273,0.099659450000000011,0.099659450000000011,0.099659450000000011,1691509847.2529182,1691509847.2570868,1691509847.2598901,1691509847.2492757,1691509847.1494889,1691509847.2492757,126332,4045,8451,8451,22799
153,normal,1691509847.256701,0.099440650000000005,0.099440650000000005,0.099440650000000005,1691509847.3519681,1691509847.3561416,1691509847.3599787,1691509847.3487637,1691509847.2492757,1691509847.3487637,126369,3998,7789,7789,23055
154,normal,1691509847.3563097,0.099269840000000012,0.099269840000000012,0.099269840000000012,1691509847.4514275,1691509847.4555795,1691509847.4592674,1691509847.4489641,1691509847.3487637,1691509847.4489641,126436,3884,6890,6890,23558
155,normal,1691509847.4555981,0.099484230000000007,0.099484230000000007,0.099484230000000007,1691509847.5509105,1691509847.5550823,1691509847.5589783,1691509847.5494423,1691509847.4489641,1691509847.5494423,126499,3870,5683,5683,24073
156,normal,1691509847.5552793,0.10021537000000001,0.10021537000000001,0.10021537000000001,1691509847.6512902,1691509847.6554947,1691509847.6594911,1691509847.648931,1691509847.5494423,1691509847.648931,126430,3848,6818,6818,24245
157,normal,1691509847.6555846,0.10043323000000001,0.10043323000000001,0.10043323000000001,1691509847.7520854,1691509847.7560177,1691509847.760011,1691509847.7488067,1691509847.648931,1691509847.7488067,126474,3573,7646,7646,24015
158,normal,1691509847.7562876,0.10072264,0.10072264,0.10072264,1691509847.85338,1691509847.8570101,1691509847.8599265,1691509847.8496063,1691509847.7488067,1691509847.8496063,126500,3257,7901,7901,23754
159,normal,1691509847.8570781,0.10049638000000001,0.10049638000000001,0.10049638000000001,1691509847.9536457,1691509847.9575744,1691509847.9611101,1691509847.9489143,1691509847.8496063,1691509847.9489143,126417,3560,9530,9530,23922
160,normal,1691509847.9576735,0.10064711000000001,0.10064711000000001,0.10064711000000001,1691509848.0540886,1691509848.0583208,1691509848.0601315,1691509848.0493555,1691509847.9489143,1691509848.0493555,126323,3836,9852,9852,24121
161,normal,1691509848.0584636,0.10114712000000001,0.10114712000000001,0.10114712000000001,1691509848.15537,1691509848.1596107,1691509848.1589344,1691509848.1490333,1691509848.0493555,1691509848.1490333,126305,3888,11710,11710,23869
162,normal,1691509848.159615,0.10031609000000001,0.10031609000000001,0.10031609000000001,1691509848.2557311,1691509848.2599311,1691509848.2588615,1691509848.2493169,1691509848.1490333,1691509848.2493169,126442,3992,11930,11930,23545
163,normal,1691509848.2599962,0.099645430000000007,0.099645430000000007,0.099645430000000007,1691509848.355468,1691509848.3596416,1691509848.3589931,1691509848.3492222,1691509848.2493169,1691509848.3492222,126486,4120,11827,11827,23499
164,normal,1691509848.3595419,0.099146880000000007,0.099146880000000007,0.099146880000000007,1691509848.454237,1691509848.4586887,1691509848.460686,1691509848.4489141,1691509848.3492222,1691509848.4489141,126542,4511,10994,10994,23681
165,normal,1691509848.4588621,0.099146130000000013,0.099146130000000013,0.099146130000000013,1691509848.5538692,1691509848.5580082,1691509848.5598359,1691509848.5492082,1691509848.4489141,1691509848.5492082,126766,4286,10029,10029,23838
166,normal,1691509848.5580518,0.098805860000000009,0.098805860000000009,0.098805860000000009,1691509848.652422,1691509848.6568577,1691509848.6601586,1691509848.6495903,1691509848.5492082,1691509848.6495903,126854,4667,8258,8258,23718
167,normal,1691509848.6570768,0.098788960000000009,0.098788960000000009,0.098788960000000009,1691509848.7517118,1691509848.7558658,1691509848.7594411,1691509848.7490268,1691509848.6495903,1691509848.7490268,126957,4316,7677,7677,23550
168,normal,1691509848.7559829,0.09865626000000001,0.09865626000000001,0.09865626000000001,1691509848.8502152,1691509848.8546391,1691509848.8596764,1691509848.8490524,1691509848.7490268,1691509848.8490524,127012,4665,6213,6213,23601
169,normal,1691509848.8546021,0.09836170000000001,0.09836170000000001,0.09836170000000001,1691509848.9485323,1691509848.9529638,1691509848.9490077,1691509848.9396832,1691509848.8490524,1691509848.9396832,126934,4630,15823,15823,23869
170,normal,1691509848.9532475,0.09905303,0.09905303,0.09905303,1691509849.0478306,1691509849.0523007,1691509849.0496163,1691509849.0390003,1691509848.9396832,1691509849.0390003,126886,4565,15621,15621,24124
171,normal,1691509849.0523903,0.099871400000000013,0.099871400000000013,0.099871400000000013,1691509849.1474688,1691509849.1522617,1691509849.1496921,1691509849.139116,1691509849.0390003,1691509849.139116,126802,4837,15401,15401,23953
172,normal,1691509849.1525421,0.10017543000000001,0.10017543000000001,0.10017543000000001,1691509849.2487946,1691509849.2527175,1691509849.2491529,1691509849.2389843,1691509849.139116,1691509849.2389843,126719,3766,16037,16037,23785
173,normal,1691509849.2528124,0.10055346000000001,0.10055346000000001,0.10055346000000001,1691509849.3491278,1691509849.3533659,1691509849.359252,1691509849.3489964,1691509849.2389843,1691509849.3489964,126690,4063,4278,4278,23768
174,normal,1691509849.353472,0.10078926000000001,0.10078926000000001,0.10078926000000001,1691509849.4500163,1691509849.4542613,1691509849.4597728,1691509849.4491355,1691509849.3489964,1691509849.4491355,126678,3996,5016,5016,23988
175,normal,1691509849.4544241,0.10119383000000001,0.10119383000000001,0.10119383000000001,1691509849.55198,1691509849.555618,1691509849.5593548,1691509849.5497243,1691509849.4491355,1691509849.5497243,126755,3398,6027,6027,24129
176,normal,1691509849.55583,0.10133784000000001,0.10133784000000001,0.10133784000000001,1691509849.6532226,1691509849.6571679,1691509849.6607563,1691509849.6495469,1691509849.5497243,1691509849.6495469,126742,3754,8384,8384,24002
177,normal,1691509849.6570854,0.10121199,0.10121199,0.10121199,1691509849.7555315,1691509849.7582974,1691509849.7604225,1691509849.7492633,1691509849.6495469,1691509849.7492633,126714,2549,10197,10197,23857
178,normal,1691509849.758491,0.10150897,0.10150897,0.10150897,1691509849.8557723,1691509849.8599999,1691509849.8589768,1691509849.849257,1691509849.7492633,1691509849.849257,126721,4034,12426,12426,23828
179,normal,1691509849.8599284,0.10086849000000001,0.10086849000000001,0.10086849000000001,1691509849.9568498,1691509849.9607968,1691509849.9596827,1691509849.949086,1691509849.849257,1691509849.949086,126733,3701,13511,13511,24017
180,normal,1691509849.9609962,0.10114881000000001,0.10114881000000001,0.10114881000000001,1691509850.0584946,1691509850.062145,1691509850.0594654,1691509850.0491104,1691509849.949086,1691509850.0491104,126793,3492,15243,15243,24028
181,normal,1691509850.0622981,0.10072801000000001,0.10072801000000001,0.10072801000000001,1691509850.1588261,1691509850.1630261,1691509850.1591034,1691509850.1492441,1691509850.0491104,1691509850.1492441,127097,4322,16469,16469,23763
182,normal,1691509850.1629939,0.099139490000000011,0.099139490000000011,0.099139490000000011,1691509850.2585821,1691509850.2621334,1691509850.2691917,1691509850.2491364,1691509850.1492441,1691509850.2491364,127319,3718,15772,15772,23708
183,normal,1691509850.2621012,0.097949220000000004,0.097949220000000004,0.097949220000000004,1691509850.3565159,1691509850.3600504,1691509850.3590777,1691509850.3497016,1691509850.2491364,1691509850.3497016,127416,3705,12573,12573,23906
184,normal,1691509850.3600411,0.097455530000000012,0.097455530000000012,0.097455530000000012,1691509850.453984,1691509850.4574966,1691509850.4614677,1691509850.4489486,1691509850.3497016,1691509850.4489486,127484,3719,10406,10406,24186
185,normal,1691509850.4576216,0.096927030000000011,0.096927030000000011,0.096927030000000011,1691509850.5507617,1691509850.5545485,1691509850.5595694,1691509850.5493133,1691509850.4489486,1691509850.5493133,127415,4043,5949,5949,24154
186,normal,1691509850.5546,0.097151080000000001,0.097151080000000001,0.097151080000000001,1691509850.6482284,1691509850.651751,1691509850.6491613,1691509850.6392038,1691509850.5493133,1691509850.6392038,127335,3723,15330,15330,24000
187,normal,1691509850.651881,0.098074910000000001,0.098074910000000001,0.098074910000000001,1691509850.7463994,1691509850.7499559,1691509850.7491493,1691509850.7396677,1691509850.6392038,1691509850.7396677,127300,3724,12207,12207,24009
188,normal,1691509850.7500544,0.098724860000000011,0.098724860000000011,0.098724860000000011,1691509850.8446076,1691509850.8487792,1691509850.8508501,1691509850.839201,1691509850.7396677,1691509850.839201,127094,4312,10910,10910,24201
189,normal,1691509850.8490961,0.099425200000000005,0.099425200000000005,0.099425200000000005,1691509850.9446313,1691509850.9485214,1691509850.9503694,1691509850.9396758,1691509850.839201,1691509850.9396758,126932,3792,9679,9679,24594
190,normal,1691509850.9486225,0.10019297000000001,0.10019297000000001,0.10019297000000001,1691509851.0451841,1691509851.0488155,1691509851.050755,1691509851.0392017,1691509850.9396758,1691509851.0392017,127017,3459,10786,10786,25007
191,normal,1691509851.0490234,0.10152875,0.10152875,0.10152875,1691509851.1456637,1691509851.150552,1691509851.1495469,1691509851.1392708,1691509851.0392017,1691509851.1392708,127114,4914,13120,13120,25212
192,normal,1691509851.150861,0.10299190000000001,0.10299190000000001,0.10299190000000001,1691509851.2504151,1691509851.2538528,1691509851.2593067,1691509851.2496357,1691509851.1392708,1691509851.2496357,126880,3341,4216,4216,24990
193,normal,1691509851.254163,0.10389803,0.10389803,0.10389803,1691509851.3536918,1691509851.3580611,1691509851.3599157,1691509851.3492253,1691509851.2496357,1691509851.3492253,126680,4335,9740,9740,24633
194,normal,1691509851.3581378,0.10424889000000001,0.10424889000000001,0.10424889000000001,1691509851.4583149,1691509851.4623868,1691509851.4596231,1691509851.4498148,1691509851.3492253,1691509851.4498148,126496,3989,14291,14291,24218
195,normal,1691509851.4625447,0.10401111,0.10401111,0.10401111,1691509851.5628164,1691509851.5665557,1691509851.569881,1691509851.5593212,1691509851.4498148,1691509851.5593212,126367,3532,7742,7742,23958
196,normal,1691509851.5665824,0.10237734000000001,0.10237734000000001,0.10237734000000001,1691509851.6652954,1691509851.6689599,1691509851.6727557,1691509851.6598003,1691509851.5593212,1691509851.6598003,126223,3322,10171,10171,23523
197,normal,1691509851.6689651,0.10052516,0.10052516,0.10052516,1691509851.7656012,1691509851.7694902,1691509851.7707837,1691509851.7592938,1691509851.6598003,1691509851.7592938,126292,3630,11527,11527,23296
198,normal,1691509851.7693117,0.098940520000000004,0.098940520000000004,0.098940520000000004,1691509851.8655732,1691509851.8682523,1691509851.869926,1691509851.8594153,1691509851.7592938,1691509851.8594153,126611,2749,10136,10136,23413
199,normal,1691509851.8681514,0.09715886,0.09715886,0.09715886,1691509851.9618416,1691509851.9653103,1691509851.9693463,1691509851.9598031,1691509851.8594153,1691509851.9598031,126778,3733,6319,6319,23395
200,normal,1691509851.9653366,0.095366210000000007,0.095366210000000007,0.095366210000000007,1691509852.0569935,1691509852.0607028,1691509852.0594857,1691509852.0493267,1691509851.9598031,1691509852.0493267,126500,4058,14086,14086,22835
201,normal,1691509852.0605581,0.094705650000000002,0.094705650000000002,0.094705650000000002,1691509852.1521325,1691509852.1552637,1691509852.1594529,1691509852.1497788,1691509852.0493267,1691509852.1497788,125968,3396,6427,6427,22165
202,normal,1691509852.1553607,0.094671370000000005,0.094671370000000005,0.094671370000000005,1691509852.2460337,1691509852.2500322,1691509852.2493496,1691509852.2393353,1691509852.1497788,1691509852.2393353,125498,4278,12872,12872,21757
203,normal,1691509852.2501228,0.095495790000000011,0.095495790000000011,0.095495790000000011,1691509852.3415897,1691509852.3456185,1691509852.3494983,1691509852.3393643,1691509852.2393353,1691509852.3393643,125883,4047,6799,6799,21474
204,normal,1691509852.3460016,0.09742851000000001,0.09742851000000001,0.09742851000000001,1691509852.4395623,1691509852.4434302,1691509852.4494615,1691509852.4394319,1691509852.3393643,1691509852.4394319,126199,3742,3958,3958,21011
205,normal,1691509852.443763,0.099797250000000004,0.099797250000000004,0.099797250000000004,1691509852.5402143,1691509852.5435603,1691509852.5496922,1691509852.5395062,1691509852.4394319,1691509852.5395062,126016,3225,4106,4106,20669
206,normal,1691509852.543988,0.10219155000000001,0.10219155000000001,0.10219155000000001,1691509852.6421645,1691509852.6461794,1691509852.6523197,1691509852.6394758,1691509852.5395062,1691509852.6394758,125983,4032,7334,7334,20414
207,normal,1691509852.646462,0.10403579,0.10403579,0.10403579,1691509852.7470207,1691509852.7504978,1691509852.7494414,1691509852.7397282,1691509852.6394758,1691509852.7397282,126124,3393,12343,12343,20506
208,normal,1691509852.750715,0.10540728000000001,0.10540728000000001,0.10540728000000001,1691509852.8523216,1691509852.8561223,1691509852.8602214,1691509852.8500881,1691509852.7397282,1691509852.8500881,126508,3675,6293,6293,21160
209,normal,1691509852.8563571,0.10544829,0.10544829,0.10544829,1691509852.9573941,1691509852.9618053,1691509852.9593844,1691509852.9494927,1691509852.8500881,1691509852.9494927,126473,4182,13903,13903,21920
210,normal,1691509852.9618018,0.10413131,0.10413131,0.10413131,1691509853.0619235,1691509853.065933,1691509853.069406,1691509853.0597181,1691509852.9494927,1691509853.0597181,126489,3668,6254,6254,22509
211,normal,1691509853.0657208,0.10165835000000001,0.10165835000000001,0.10165835000000001,1691509853.1637337,1691509853.1673791,1691509853.170336,1691509853.1598744,1691509853.0597181,1691509853.1598744,126614,3421,8004,8004,23029
212,normal,1691509853.167269,0.099598910000000013,0.099598910000000013,0.099598910000000013,1691509853.26301,1691509853.2668679,1691509853.2699215,1691509853.259495,1691509853.1598744,1691509853.259495,127135,3983,8251,8251,24031
213,normal,1691509853.2667837,0.098269980000000007,0.098269980000000007,0.098269980000000007,1691509853.3612192,1691509853.3650537,1691509853.3701913,1691509853.359442,1691509853.259495,1691509853.359442,127301,4078,6335,6335,24920
214,normal,1691509853.3651643,0.097527970000000005,0.097527970000000005,0.097527970000000005,1691509853.4591794,1691509853.4626923,1691509853.4600768,1691509853.4493902,1691509853.359442,1691509853.4493902,127395,3759,16349,16349,24745
215,normal,1691509853.4626834,0.097007660000000009,0.097007660000000009,0.097007660000000009,1691509853.5562112,1691509853.5596912,1691509853.5636001,1691509853.5496497,1691509853.4493902,1691509853.5496497,127287,3734,12445,12445,23978
216,normal,1691509853.5599651,0.095939320000000008,0.095939320000000008,0.095939320000000008,1691509853.6524425,1691509853.6559045,1691509853.6605034,1691509853.6502848,1691509853.5496497,1691509853.6502848,127263,3747,6621,6621,23727
217,normal,1691509853.655839,0.095989500000000005,0.095989500000000005,0.095989500000000005,1691509853.7483671,1691509853.7518284,1691509853.7496471,1691509853.7403109,1691509853.6502848,1691509853.7403109,127262,3733,14460,14460,23977
218,normal,1691509853.7519867,0.096239000000000005,0.096239000000000005,0.096239000000000005,1691509853.8444479,1691509853.8482258,1691509853.850358,1691509853.8396351,1691509853.7403109,1691509853.8396351,127284,4068,10469,10469,24649
219,normal,1691509853.8484051,0.097292210000000004,0.097292210000000004,0.097292210000000004,1691509853.9421692,1691509853.9456973,1691509853.9495938,1691509853.9400954,1691509853.8396351,1691509853.9400954,127302,3680,6194,6194,25249
220,normal,1691509853.9457846,0.098119690000000009,0.098119690000000009,0.098119690000000009,1691509854.0400386,1691509854.0439043,1691509854.0496061,1691509854.0398412,1691509853.9400954,1691509854.0398412,127073,3726,4036,4036,24390
221,normal,1691509854.0441318,0.10028045000000001,0.10028045000000001,0.10028045000000001,1691509854.1407373,1691509854.1444123,1691509854.1499832,1691509854.1396232,1691509854.0398412,1691509854.1396232,127203,3487,4842,4842,23801
222,normal,1691509854.144865,0.081955620000000007,0.081955620000000007,0.081955620000000007,1691509854.2268207,1691509854.2268207,1691509854.3801358,1691509854.2195973,1691509854.1396232,1691509854.2195973,101888,0,9215,9215,18089
223,normal,1691509854.3561337,0.152634513,0.152634513,0.152634513,1691509854.5042675,1691509854.5087683,1691509854.5097823,1691509854.4997997,1691509854.2195973,1691509854.4997997,108170,4174,9529,9529,20912
224,normal,1691509854.4617214,0.10655597,0.10655597,0.10655597,1691509854.5644956,1691509854.5682774,1691509854.572263,1691509854.5603676,1691509854.4997997,1691509854.5603676,126668,3353,8297,8297,24885
225,normal,1691509854.5680912,0.10382930000000001,0.10382930000000001,0.10382930000000001,1691509854.6682141,1691509854.6719205,1691509854.6697879,1691509854.6599324,1691509854.5603676,1691509854.6599324,126957,3524,13525,13525,25019
226,normal,1691509854.6720777,0.10102136,0.10102136,0.10102136,1691509854.7698033,1691509854.7730989,1691509854.7798722,1691509854.7599406,1691509854.6599324,1691509854.7599406,127379,3457,15678,15678,24917
227,normal,1691509854.7726705,0.098720020000000006,0.098720020000000006,0.098720020000000006,1691509854.8675785,1691509854.8713906,1691509854.879739,1691509854.8599038,1691509854.7599406,1691509854.8599038,127463,4136,14012,14012,24966
228,normal,1691509854.8718336,0.09644678000000001,0.09644678000000001,0.09644678000000001,1691509854.9648168,1691509854.9682803,1691509854.9707468,1691509854.9598727,1691509854.8599038,1691509854.9598727,127358,3781,10371,10371,24861
229,normal,1691509854.967732,0.09540266,0.09540266,0.09540266,1691509855.0596969,1691509855.0631347,1691509855.0604174,1691509855.0499909,1691509854.9598727,1691509855.0499909,127219,3782,16930,16930,24171
230,normal,1691509855.0630512,0.094646240000000006,0.094646240000000006,0.094646240000000006,1691509855.1542988,1691509855.1576974,1691509855.1599951,1691509855.1498108,1691509855.0499909,1691509855.1498108,126339,3758,9700,9700,23727
231,normal,1691509855.1580889,0.094136870000000011,0.094136870000000011,0.094136870000000011,1691509855.2493715,1691509855.2522259,1691509855.2498112,1691509855.2398138,1691509855.1498108,1691509855.2398138,125969,3109,15785,15785,24069
232,normal,1691509855.2519298,0.094573160000000003,0.094573160000000003,0.094573160000000003,1691509855.342793,1691509855.346503,1691509855.3504829,1691509855.3397894,1691509855.2398138,1691509855.3397894,126929,4081,8151,8151,24618
233,normal,1691509855.3468044,0.095528890000000005,0.095528890000000005,0.095528890000000005,1691509855.4388642,1691509855.4423332,1691509855.4399085,1691509855.4298275,1691509855.3397894,1691509855.4298275,127314,3748,15444,15444,24861
234,normal,1691509855.4425173,0.097787660000000012,0.097787660000000012,0.097787660000000012,1691509855.536442,1691509855.5403049,1691509855.5399098,1691509855.5302792,1691509855.4298275,1691509855.5302792,127276,3883,11491,11491,24562
235,normal,1691509855.5407166,0.10009236000000001,0.10009236000000001,0.10009236000000001,1691509855.6368542,1691509855.6408091,1691509855.6399674,1691509855.6305153,1691509855.5302792,1691509855.6305153,127387,3892,11957,11957,24048
236,normal,1691509855.6411204,0.10224437,0.10224437,0.10224437,1691509855.739326,1691509855.7433648,1691509855.7398777,1691509855.7299347,1691509855.6305153,1691509855.7299347,127237,4008,15882,15882,23700
237,normal,1691509855.7437356,0.10569643000000001,0.10569643000000001,0.10569643000000001,1691509855.8455412,1691509855.849432,1691509855.8518934,1691509855.8402715,1691509855.7299347,1691509855.8402715,126894,3711,10031,10031,23662
238,normal,1691509855.8500049,0.10808331,0.10808331,0.10808331,1691509855.9541793,1691509855.9580882,1691509855.961309,1691509855.9500308,1691509855.8402715,1691509855.9500308,126870,3703,8609,8609,23910
239,normal,1691509855.9583673,0.10727445000000001,0.10727445000000001,0.10727445000000001,1691509856.0614934,1691509856.0656419,1691509856.0698738,1691509856.0599513,1691509855.9500308,1691509856.0599513,126714,3918,5682,5682,24336
240,normal,1691509856.0654178,0.10512329000000001,0.10512329000000001,0.10512329000000001,1691509856.1661851,1691509856.170541,1691509856.1699169,1691509856.1598754,1691509856.0599513,1691509856.1598754,126725,3995,11887,11887,24790
241,normal,1691509856.1705368,0.1023387,0.1023387,0.1023387,1691509856.2689288,1691509856.2728755,1691509856.2698584,1691509856.2602477,1691509856.1598754,1691509856.2602477,126908,3738,14552,14552,24564
242,normal,1691509856.2725093,0.10010712000000001,0.10010712000000001,0.10010712000000001,1691509856.3687365,1691509856.3726165,1691509856.3699417,1691509856.3605485,1691509856.2602477,1691509856.3605485,127269,4048,14219,14219,24266
243,normal,1691509856.3725691,0.098678630000000003,0.098678630000000003,0.098678630000000003,1691509856.4674406,1691509856.4712477,1691509856.4699976,1691509856.4599683,1691509856.3605485,1691509856.4599683,127469,4127,13644,13644,23845
244,normal,1691509856.4711688,0.096864749999999999,0.096864749999999999,0.096864749999999999,1691509856.5645447,1691509856.5680335,1691509856.5699739,1691509856.5599973,1691509856.4599683,1691509856.5599973,127385,3788,9843,9843,23580
245,normal,1691509856.5680304,0.095436000000000007,0.095436000000000007,0.095436000000000007,1691509856.6600416,1691509856.6634665,1691509856.6699259,1691509856.6599386,1691509856.5599973,1691509856.6599386,127194,3779,4001,4001,23523
246,normal,1691509856.6633124,0.094768680000000008,0.094768680000000008,0.094768680000000008,1691509856.7543752,1691509856.7580812,1691509856.7602682,1691509856.7498953,1691509856.6599386,1691509856.7498953,126868,4072,10185,10185,23572
247,normal,1691509856.7582576,0.094641650000000008,0.094641650000000008,0.094641650000000008,1691509856.8497753,1691509856.8528993,1691509856.8502707,1691509856.8399904,1691509856.7498953,1691509856.8399904,126858,3414,16402,16402,23847
248,normal,1691509856.8528631,0.058951630000000005,0.058951630000000005,0.058951630000000005,1691509856.9114428,1691509856.9118147,1691509857.0456431,1691509856.9098902,1691509856.8399904,1691509856.9098902,79186,509,2681,2681,15928
249,normal,1691509856.9449618,0.095992179000000011,0.095992179000000011,0.095992179000000011,1691509857.0374506,1691509857.0409539,1691509857.0532017,-1,1691509856.9098902,1691509856.9098902,4852,3657,4852,4852,771
250,normal,1691509857.0464249,0.098301020000000003,0.098301020000000003,0.098301020000000003,1691509857.1408625,1691509857.1447258,1691509857.1507463,1691509857.1404119,1691509856.9098902,1691509857.1404119,127201,3774,4309,4309,24543
251,normal,1691509857.1430855,0.10033175000000001,0.10033175000000001,0.10033175000000001,1691509857.23947,1691509857.2434173,1691509857.2510731,1691509857.2302067,1691509857.1404119,1691509857.2302067,127339,3868,15714,15714,24949
252,normal,1691509857.2439435,0.10299352000000001,0.10299352000000001,0.10299352000000001,1691509857.3428605,1691509857.3469369,1691509857.3506427,1691509857.3400958,1691509857.2302067,1691509857.3400958,127120,4024,7445,7445,24977
253,normal,1691509857.3471408,0.10568233,0.10568233,0.10568233,1691509857.4486382,1691509857.4528232,1691509857.4602804,1691509857.4403465,1691509857.3400958,1691509857.4403465,126829,4059,14130,14130,24963
254,normal,1691509857.4536514,0.10705835000000001,0.10705835000000001,0.10705835000000001,1691509857.5568461,1691509857.5607097,1691509857.5644748,1691509857.5508754,1691509857.4403465,1691509857.5508754,126820,3710,10920,10920,24633
255,normal,1691509857.5604572,0.10631861000000001,0.10631861000000001,0.10631861000000001,1691509857.6626544,1691509857.6667759,1691509857.6737559,1691509857.6605377,1691509857.5508754,1691509857.6605377,126692,3923,6439,6439,24143
256,normal,1691509857.6665821,0.10470114000000001,0.10470114000000001,0.10470114000000001,1691509857.7687199,1691509857.7712831,1691509857.7700374,1691509857.76035,1691509857.6605377,1691509857.76035,126623,2202,11965,11965,23597
257,normal,1691509857.7714891,0.012983440000000001,0.012983440000000001,0.012983440000000001,1691509857.7842689,1691509857.7844725,1691509857.9224236,1691509857.7800424,1691509857.76035,1691509857.7800424,15008,256,5632,5632,2600
258,normal,1691509857.8732917,0.099661251000000006,0.099661251000000006,0.099661251000000006,1691509857.9694076,1691509857.9729531,1691509857.9702499,1691509857.9603581,1691509857.7800424,1691509857.9603581,71721,3792,15153,15153,14285
259,normal,1691509857.9721823,0.096258490000000002,0.096258490000000002,0.096258490000000002,1691509858.0650074,1691509858.0684407,1691509858.0699811,1691509858.0601239,1691509857.9603581,1691509858.0601239,127306,3784,10339,10339,23661
260,normal,1691509858.0682242,0.094888980000000012,0.094888980000000012,0.094888980000000012,1691509858.159416,1691509858.1631131,1691509858.1605461,1691509858.1500595,1691509858.0601239,1691509858.1500595,126976,4080,16514,16514,23933
261,normal,1691509858.1632516,0.094715800000000003,0.094715800000000003,0.094715800000000003,1691509858.2545447,1691509858.2579675,1691509858.2618272,1691509858.2502329,1691509858.1500595,1691509858.2502329,126818,3737,9542,9542,23909
262,normal,1691509858.2580013,0.094871230000000001,0.094871230000000001,0.094871230000000001,1691509858.3491681,1691509858.3528726,1691509858.3504505,1691509858.3401339,1691509858.2502329,1691509858.3401339,126882,4071,16005,16005,23936
263,normal,1691509858.352905,0.095769170000000001,0.095769170000000001,0.095769170000000001,1691509858.4452004,1691509858.4486742,1691509858.4520483,1691509858.4402223,1691509858.3401339,1691509858.4402223,127085,3730,10179,10179,23984
264,normal,1691509858.4489262,0.096946680000000007,0.096946680000000007,0.096946680000000007,1691509858.5423543,1691509858.5458729,1691509858.5501711,1691509858.5403347,1691509858.4402223,1691509858.5403347,127074,3610,6006,6006,24043
265,normal,1691509858.5460536,0.098026700000000008,0.098026700000000008,0.098026700000000008,1691509858.6405241,1691509858.6440804,1691509858.6502275,1691509858.6400905,1691509858.5403347,1691509858.6400905,127312,3567,4100,4100,23852
266,normal,1691509858.6447644,0.099388020000000007,0.099388020000000007,0.099388020000000007,1691509858.7405097,1691509858.7441525,1691509858.7508335,1691509858.7401128,1691509858.6400905,1691509858.7401128,127312,3712,4278,4278,24000
267,normal,1691509858.7440386,0.10310494000000001,0.10310494000000001,0.10310494000000001,1691509858.8433619,1691509858.8471434,1691509858.8508661,1691509858.8401089,1691509858.7401128,1691509858.8401089,126756,3792,7702,7702,23748
268,normal,1691509858.8476467,0.10602484000000001,0.10602484000000001,0.10602484000000001,1691509858.9501219,1691509858.9536715,1691509858.9501758,1691509858.9402182,1691509858.8401089,1691509858.9402182,126378,3454,15373,15373,23322
269,normal,1691509858.9540348,0.10668738000000001,0.10668738000000001,0.10668738000000001,1691509859.0568454,1691509859.0607221,1691509859.0602148,1691509859.0503085,1691509858.9402182,1691509859.0503085,126286,3749,11593,11593,22848
270,normal,1691509859.0608659,0.10736096000000001,0.10736096000000001,0.10736096000000001,1691509859.1643455,1691509859.168227,1691509859.1715133,1691509859.1603818,1691509859.0503085,1691509859.1603818,126182,3700,8346,8346,22258
271,normal,1691509859.1683369,0.10600292,0.10600292,0.10600292,1691509859.2705865,1691509859.2743397,1691509859.2809446,1691509859.2702279,1691509859.1603818,1691509859.2702279,126486,3540,3980,3980,22455
272,normal,1691509859.2740252,0.10172994,0.10172994,0.10172994,1691509859.3721325,1691509859.3757551,1691509859.3806448,1691509859.3702776,1691509859.2702279,1691509859.3702776,126848,3461,5486,5486,23195
273,normal,1691509859.3755305,0.098402770000000001,0.098402770000000001,0.098402770000000001,1691509859.4698944,1691509859.4739332,1691509859.4702644,1691509859.460474,1691509859.3702776,1691509859.460474,127179,4283,16478,16478,23872
274,normal,1691509859.4736915,0.095840640000000005,0.095840640000000005,0.095840640000000005,1691509859.5658138,1691509859.5695322,1691509859.5725811,1691509859.5605609,1691509859.460474,1691509859.5605609,127340,4072,10785,10785,24577
275,normal,1691509859.5694611,0.094640290000000002,0.094640290000000002,0.094640290000000002,1691509859.6604223,1691509859.6641014,1691509859.6703372,1691509859.6602502,1691509859.5605609,1691509859.6602502,127119,4092,4317,4317,24492
276,normal,1691509859.6641746,0.093810610000000003,0.093810610000000003,0.093810610000000003,1691509859.7540407,1691509859.7579851,1691509859.7620471,1691509859.7503169,1691509859.6602502,1691509859.7503169,125661,4388,9073,9073,23999
277,normal,1691509859.7580519,0.095013330000000007,0.095013330000000007,0.095013330000000007,1691509859.8495905,1691509859.8530653,1691509859.8506911,1691509859.8402612,1691509859.7503169,1691509859.8402612,126430,3665,15659,15659,24070
278,normal,1691509859.8534744,0.096109530000000012,0.096109530000000012,0.096109530000000012,1691509859.946393,1691509859.949584,1691509859.9514482,1691509859.9409921,1691509859.8402612,1691509859.9409921,127056,3204,9850,9850,24158
279,normal,1691509859.9497035,0.097357360000000004,0.097357360000000004,0.097357360000000004,1691509860.0432255,1691509860.0470607,1691509860.0507069,1691509860.0403323,1691509859.9409921,1691509860.0403323,127211,3803,7410,7410,24240
280,normal,1691509860.047389,0.09989052000000001,0.09989052000000001,0.09989052000000001,1691509860.1433468,1691509860.1472795,1691509860.150862,1691509860.1403296,1691509860.0403323,1691509860.1403296,127192,3843,7554,7554,24123
281,normal,1691509860.1475151,0.10153861,0.10153861,0.10153861,1691509860.245044,1691509860.2490537,1691509860.2512207,1691509860.2402334,1691509860.1403296,1691509860.2402334,127075,3859,9923,9923,24209
282,normal,1691509860.2494223,0.10377698,0.10377698,0.10377698,1691509860.3491189,1691509860.3531992,1691509860.3505011,1691509860.3406818,1691509860.2402334,1691509860.3406818,127052,3858,14256,14256,24378
283,normal,1691509860.3533351,0.10383649,0.10383649,0.10383649,1691509860.453759,1691509860.4571717,1691509860.4609866,1691509860.4502678,1691509860.3406818,1691509860.4502678,127006,3128,7200,7200,24576
284,normal,1691509860.4571934,0.10336568,0.10336568,0.10336568,1691509860.5564966,1691509860.560559,1691509860.5603838,1691509860.5502267,1691509860.4502678,1691509860.5502267,127001,3755,11408,11408,24774
285,normal,1691509860.5609577,0.10244813000000001,0.10244813000000001,0.10244813000000001,1691509860.6594262,1691509860.6634059,1691509860.6602147,1691509860.650691,1691509860.5502267,1691509860.650691,127067,3756,14727,14727,24648
286,normal,1691509860.6631446,0.10141022000000001,0.10141022000000001,0.10141022000000001,1691509860.7606237,1691509860.7645547,1691509860.77035,1691509860.760251,1691509860.650691,1691509860.760251,127088,3755,4181,4181,24617
287,normal,1691509860.7645125,0.10018664000000001,0.10018664000000001,0.10018664000000001,1691509860.8605261,1691509860.8646991,1691509860.8703294,1691509860.8602564,1691509860.760251,1691509860.8602564,127085,4086,4407,4407,24747
288,normal,1691509860.8646452,0.09919275000000001,0.09919275000000001,0.09919275000000001,1691509860.9605489,1691509860.9638381,1691509860.9703677,1691509860.9603775,1691509860.8602564,1691509860.9603775,127058,3113,3314,3314,24771
289,normal,1691509860.9638598,0.099573270000000005,0.099573270000000005,0.099573270000000005,1691509861.0595386,1691509861.0634332,1691509861.0608156,1691509861.0502315,1691509860.9603775,1691509861.0502315,127005,3722,15698,15698,24698
290,normal,1691509861.0636115,0.09934823000000001,0.09934823000000001,0.09934823000000001,1691509861.1590917,1691509861.1629598,1691509861.160207,1691509861.150794,1691509861.0502315,1691509861.150794,126948,3673,14274,14274,24688
291,normal,1691509861.1628957,0.098620980000000011,0.098620980000000011,0.098620980000000011,1691509861.2576652,1691509861.2615166,1691509861.2604532,1691509861.2502553,1691509861.150794,1691509861.2502553,126973,3702,13114,13114,24835
292,normal,1691509861.2619991,0.09808443,0.09808443,0.09808443,1691509861.3562558,1691509861.3600836,1691509861.3615544,1691509861.3508101,1691509861.2502553,1691509861.3508101,127054,3710,10599,10599,24780
293,normal,1691509861.3597627,0.098696920000000007,0.098696920000000007,0.098696920000000007,1691509861.4548764,1691509861.4584596,1691509861.4606314,1691509861.4502652,1691509861.3508101,1691509861.4502652,126990,3420,9082,9082,24766
294,normal,1691509861.4586585,0.099139700000000011,0.099139700000000011,0.099139700000000011,1691509861.5539143,1691509861.5577981,1691509861.561779,1691509861.5505409,1691509861.4502652,1691509861.5505409,127047,3697,7822,7822,24973
295,normal,1691509861.5579257,0.099472420000000006,0.099472420000000006,0.099472420000000006,1691509861.6540926,1691509861.6573982,1691509861.6614046,1691509861.6502633,1691509861.5505409,1691509861.6502633,127033,3098,7717,7717,25168
296,normal,1691509861.6575103,0.10038605,0.10038605,0.10038605,1691509861.7542377,1691509861.7578964,1691509861.7622602,1691509861.7506616,1691509861.6502633,1691509861.7506616,126992,3385,7686,7686,25116
297,normal,1691509861.7581353,0.10061696000000001,0.10061696000000001,0.10061696000000001,1691509861.8548343,1691509861.8587523,1691509861.8608627,1691509861.8503208,1691509861.7506616,1691509861.8503208,126984,3647,9286,9286,25147
298,normal,1691509861.8589087,0.10014493000000001,0.10014493000000001,0.10014493000000001,1691509861.9551265,1691509861.9590535,1691509861.9633205,1691509861.9501488,1691509861.8503208,1691509861.9501488,127015,3627,9804,9804,25358
299,normal,1691509861.9592118,0.10008475,0.10008475,0.10008475,1691509862.0556772,1691509862.0592966,1691509862.0609682,1691509862.0503454,1691509861.9501488,1691509862.0503454,126944,3312,9947,9947,25162
300,normal,1691509862.0593517,0.10061211,0.10061211,0.10061211,1691509862.156019,1691509862.1599638,1691509862.1619022,1691509862.1508594,1691509862.0503454,1691509862.1508594,126948,3649,10106,10106,25099
301,normal,1691509862.1601248,0.10020854000000001,0.10020854000000001,0.10020854000000001,1691509862.2567332,1691509862.2603333,1691509862.2620292,1691509862.2504318,1691509862.1508594,1691509862.2504318,126950,3366,11310,11310,25243
302,normal,1691509862.2603362,0.10028981000000001,0.10028981000000001,0.10028981000000001,1691509862.3569815,1691509862.360626,1691509862.3604887,1691509862.3502707,1691509862.2504318,1691509862.3502707,126972,3356,11828,11828,25131
303,normal,1691509862.3610594,0.10137712,0.10137712,0.10137712,1691509862.4588153,1691509862.4624364,1691509862.4609747,1691509862.450398,1691509862.3502707,1691509862.450398,126911,3355,13953,13953,24799
304,normal,1691509862.4621637,0.10027847000000001,0.10027847000000001,0.10027847000000001,1691509862.5585592,1691509862.5624421,1691509862.5604072,1691509862.5504348,1691509862.450398,1691509862.5504348,127000,3649,14055,14055,24896
305,normal,1691509862.5624933,0.099450240000000009,0.099450240000000009,0.099450240000000009,1691509862.657789,1691509862.6619437,1691509862.6606739,1691509862.6503901,1691509862.5504348,1691509862.6503901,127039,3939,13510,13510,25030
306,normal,1691509862.6619794,0.099328250000000007,0.099328250000000007,0.099328250000000007,1691509862.7574215,1691509862.7613077,1691509862.7603347,1691509862.7507536,1691509862.6503901,1691509862.7507536,127016,3669,12158,12158,24896
307,normal,1691509862.7613029,0.10004091000000001,0.10004091000000001,0.10004091000000001,1691509862.8577197,1691509862.8613439,1691509862.8605053,1691509862.8508837,1691509862.7507536,1691509862.8508837,127024,3375,11900,11900,24865
308,normal,1691509862.8616443,0.099192650000000007,0.099192650000000007,0.099192650000000007,1691509862.9572532,1691509862.9608369,1691509862.9604523,1691509862.95033,1691509862.8508837,1691509862.95033,126944,3358,12121,12121,24866
309,normal,1691509862.9610434,0.099792610000000004,0.099792610000000004,0.099792610000000004,1691509863.0568707,1691509863.0608361,1691509863.0603619,1691509863.0503292,1691509862.95033,1691509863.0503292,126990,3651,11710,11710,24741
310,normal,1691509863.0608668,0.10021305000000001,0.10021305000000001,0.10021305000000001,1691509863.1571977,1691509863.1610799,1691509863.1603448,1691509863.1507039,1691509863.0503292,1691509863.1507039,127001,3678,11790,11790,24716
311,normal,1691509863.1609468,0.099209450000000005,0.099209450000000005,0.099209450000000005,1691509863.2562773,1691509863.2601564,1691509863.2620268,1691509863.2503746,1691509863.1507039,1691509863.2503746,127029,3691,11045,11045,24740
312,normal,1691509863.2602999,0.099385000000000001,0.099385000000000001,0.099385000000000001,1691509863.3558023,1691509863.3596849,1691509863.3615453,1691509863.350796,1691509863.2503746,1691509863.350796,127073,3694,9886,9886,24528
313,normal,1691509863.3599117,0.099690760000000003,0.099690760000000003,0.099690760000000003,1691509863.455729,1691509863.4596024,1691509863.4613841,1691509863.4506602,1691509863.350796,1691509863.4506602,127088,3692,10048,10048,24482
314,normal,1691509863.4596791,0.099935040000000003,0.099935040000000003,0.099935040000000003,1691509863.5557277,1691509863.5596142,1691509863.5620093,1691509863.5507109,1691509863.4506602,1691509863.5507109,127045,3666,9886,9886,24721
315,normal,1691509863.5601485,0.099584980000000003,0.099584980000000003,0.099584980000000003,1691509863.6558416,1691509863.6597335,1691509863.6609945,1691509863.6504176,1691509863.5507109,1691509863.6504176,127046,3625,10447,10447,24747
316,normal,1691509863.65938,0.10071631,0.10071631,0.10071631,1691509863.7564552,1691509863.7600963,1691509863.7619817,1691509863.7504482,1691509863.6504176,1691509863.7504482,126970,3321,10686,10686,24547
317,normal,1691509863.7603109,0.099831130000000004,0.099831130000000004,0.099831130000000004,1691509863.8565576,1691509863.860142,1691509863.8618772,1691509863.8503664,1691509863.7504482,1691509863.8503664,127022,3250,11053,11053,24767
318,normal,1691509863.8599946,0.099425920000000001,0.099425920000000001,0.099425920000000001,1691509863.9555247,1691509863.9594207,1691509863.9613736,1691509863.9506662,1691509863.8503664,1691509863.9506662,127024,3645,9829,9829,24725
319,normal,1691509863.9596689,0.099567670000000011,0.099567670000000011,0.099567670000000011,1691509864.0556505,1691509864.0592365,1691509864.0608978,1691509864.0503502,1691509863.9506662,1691509864.0503502,126998,3409,10211,10211,24721
320,normal,1691509864.0592942,0.1000732,0.1000732,0.1000732,1691509864.1554706,1691509864.1593673,1691509864.1611764,1691509864.1505289,1691509864.0503502,1691509864.1505289,126980,3862,10221,10221,24580
321,normal,1691509864.1594353,0.10013359000000001,0.10013359000000001,0.10013359000000001,1691509864.2559562,1691509864.2595689,1691509864.2614365,1691509864.2506778,1691509864.1505289,1691509864.2506778,126983,3613,10450,10450,24720
322,normal,1691509864.2598288,0.10049672000000001,0.10049672000000001,0.10049672000000001,1691509864.3566763,1691509864.3603256,1691509864.3621798,1691509864.3505275,1691509864.2506778,1691509864.3505275,126895,3695,11553,11553,24755
323,normal,1691509864.3605239,0.10129258000000001,0.10129258000000001,0.10129258000000001,1691509864.4581439,1691509864.4618165,1691509864.4607353,1691509864.4505186,1691509864.3505275,1691509864.4505186,126811,3673,13326,13326,24769
324,normal,1691509864.4620936,0.10137063,0.10137063,0.10137063,1691509864.559818,1691509864.5634642,1691509864.5606306,1691509864.5510018,1691509864.4505186,1691509864.5510018,126807,3581,14881,14881,24770
325,normal,1691509864.5633678,0.1013318,0.1013318,0.1013318,1691509864.6604426,1691509864.6646996,1691509864.6605608,1691509864.6508181,1691509864.5510018,1691509864.6508181,126622,3983,16394,16394,24298
326,normal,1691509864.6649418,0.10158913,0.10158913,0.10158913,1691509864.7622738,1691509864.766531,1691509864.770396,1691509864.7606044,1691509864.6508181,1691509864.7606044,126627,3983,5882,5882,23769
327,normal,1691509864.7665527,0.10111187000000001,0.10111187000000001,0.10111187000000001,1691509864.8640239,1691509864.8676646,1691509864.8716791,1691509864.8604484,1691509864.7606044,1691509864.8604484,127159,3769,8009,8009,23513
328,normal,1691509864.8676624,0.099483820000000001,0.099483820000000001,0.099483820000000001,1691509864.9636104,1691509864.9671462,1691509864.9704914,1691509864.9612284,1691509864.8604484,1691509864.9612284,127288,3783,6787,6787,23711
329,normal,1691509864.9669778,0.097000930000000013,0.097000930000000013,0.097000930000000013,1691509865.0607703,1691509865.0639787,1691509865.0705152,1691509865.0605373,1691509864.9612284,1691509865.0605373,127186,3447,3774,3774,23678
330,normal,1691509865.0639665,0.096312820000000007,0.096312820000000007,0.096312820000000007,1691509865.1576691,1691509865.1602793,1691509865.161979,1691509865.1504955,1691509865.0605373,1691509865.1504955,127069,2827,12194,12194,23493
331,normal,1691509865.160217,0.09551134,0.09551134,0.09551134,1691509865.2519965,1691509865.2557285,1691509865.260771,1691509865.2505009,1691509865.1504955,1691509865.2505009,127020,4110,6020,6020,23366
332,normal,1691509865.2558451,0.09644788,0.09644788,0.09644788,1691509865.3485055,1691509865.352293,1691509865.350543,1691509865.3408072,1691509865.2505009,1691509865.3408072,127036,4081,13844,13844,23510
333,normal,1691509865.3525536,0.09686887000000001,0.09686887000000001,0.09686887000000001,1691509865.4455891,1691509865.4494224,1691509865.4519196,1691509865.4408796,1691509865.3408072,1691509865.4408796,126918,3868,9650,9650,24112
334,normal,1691509865.4501605,0.098411190000000009,0.098411190000000009,0.098411190000000009,1691509865.5446615,1691509865.5485716,1691509865.5521636,1691509865.540972,1691509865.4408796,1691509865.540972,126834,3602,8151,8151,24811
335,normal,1691509865.5484426,0.099707570000000009,0.099707570000000009,0.099707570000000009,1691509865.6444986,1691509865.6481502,1691509865.6514909,1691509865.640697,1691509865.540972,1691509865.640697,127046,3564,8337,8337,25320
336,normal,1691509865.6482682,0.10241307000000001,0.10241307000000001,0.10241307000000001,1691509865.7466455,1691509865.7506814,1691509865.7505577,1691509865.7405672,1691509865.640697,1691509865.7405672,126803,4059,11713,11713,24675
337,normal,1691509865.7510345,0.10433322,0.10433322,0.10433322,1691509865.8512449,1691509865.8553677,1691509865.8610377,1691509865.8510849,1691509865.7405672,1691509865.8510849,126538,4079,4307,4307,24152
338,normal,1691509865.8558064,0.10584386000000001,0.10584386000000001,0.10584386000000001,1691509865.9581234,1691509865.9616501,1691509865.9605613,1691509865.9505298,1691509865.8510849,1691509865.9505298,126504,3388,12594,12594,23772
339,normal,1691509865.9616842,0.10561493000000001,0.10561493000000001,0.10561493000000001,1691509866.0631716,1691509866.0672991,1691509866.070992,1691509866.0611539,1691509865.9505298,1691509866.0611539,126498,3934,6324,6324,23763
340,normal,1691509866.0672855,0.10441313000000001,0.10441313000000001,0.10441313000000001,1691509866.1679673,1691509866.1716986,1691509866.1705835,1691509866.160743,1691509866.0611539,1691509866.160743,126468,3394,12251,12251,23746
341,normal,1691509866.1716173,0.10181537,0.10181537,0.10181537,1691509866.2701125,1691509866.2734327,1691509866.2706041,1691509866.2611325,1691509866.160743,1691509866.2611325,127012,3404,14357,14357,23677
342,normal,1691509866.2732701,0.098328200000000004,0.098328200000000004,0.098328200000000004,1691509866.3680916,1691509866.3715982,1691509866.3706195,1691509866.3611732,1691509866.2611325,1691509866.3611732,127324,3779,12524,12524,23635
343,normal,1691509866.3716946,0.095927040000000005,0.095927040000000005,0.095927040000000005,1691509866.464179,1691509866.4676216,1691509866.4710836,1691509866.4606493,1691509866.3611732,1691509866.4606493,127255,3754,8418,8418,23608
344,normal,1691509866.4672799,0.095263260000000002,0.095263260000000002,0.095263260000000002,1691509866.5594003,1691509866.5625432,1691509866.5607142,1691509866.551028,1691509866.4606493,1691509866.551028,127109,3394,14475,14475,23635
345,normal,1691509866.5625873,0.095363440000000008,0.095363440000000008,0.095363440000000008,1691509866.6545079,1691509866.6579506,1691509866.6612616,1691509866.6508756,1691509866.551028,1691509866.6508756,126978,3741,8538,8538,23526
346,normal,1691509866.6581402,0.094942800000000008,0.094942800000000008,0.094942800000000008,1691509866.7493796,1691509866.753083,1691509866.7507641,1691509866.740747,1691509866.6508756,1691509866.740747,126988,4072,15441,15441,23789
347,normal,1691509866.7531412,0.095867279999999999,0.095867279999999999,0.095867279999999999,1691509866.8455286,1691509866.8490086,1691509866.8531306,1691509866.8408287,1691509866.740747,1691509866.8408287,127052,3741,9658,9658,23880
348,normal,1691509866.8492548,0.097498410000000008,0.097498410000000008,0.097498410000000008,1691509866.9429073,1691509866.9467533,1691509866.9511142,1691509866.941401,1691509866.8408287,1691509866.941401,127143,3913,5657,5657,23903
349,normal,1691509866.9471219,0.099504300000000004,0.099504300000000004,0.099504300000000004,1691509867.0427263,1691509867.0466261,1691509867.0509777,1691509867.0409281,1691509866.941401,1691509867.0409281,126990,3569,5673,5673,23677
350,normal,1691509867.0468655,0.10147918,0.10147918,0.10147918,1691509867.1446171,1691509867.1483448,1691509867.1508262,1691509867.1410797,1691509867.0409281,1691509867.1410797,126996,3255,7588,7588,23403
351,normal,1691509867.1487827,0.10430755000000001,0.10430755000000001,0.10430755000000001,1691509867.248982,1691509867.2530904,1691509867.2508101,1691509867.2407711,1691509867.1410797,1691509867.2407711,126797,3737,13802,13802,23051
352,normal,1691509867.2534506,0.10528777,0.10528777,0.10528777,1691509867.3546355,1691509867.3587384,1691509867.3622799,1691509867.3510253,1691509867.2407711,1691509867.3510253,126664,3820,8254,8254,22957
353,normal,1691509867.3587813,0.10524379,0.10524379,0.10524379,1691509867.4602165,1691509867.464025,1691509867.4611514,1691509867.4513278,1691509867.3510253,1691509867.4513278,126567,3423,14337,14337,22856
354,normal,1691509867.4640372,0.10385183000000001,0.10385183000000001,0.10385183000000001,1691509867.5644636,1691509867.567889,1691509867.5716853,1691509867.5607736,1691509867.4513278,1691509867.5607736,126507,3007,7399,7399,22515
355,normal,1691509867.5682003,0.10208828,0.10208828,0.10208828,1691509867.6663196,1691509867.6702886,1691509867.6715324,1691509867.6607525,1691509867.5607736,1691509867.6607525,126529,3555,10576,10576,22211
356,normal,1691509867.6698186,0.10080267000000001,0.10080267000000001,0.10080267000000001,1691509867.7664423,1691509867.7706213,1691509867.7722523,1691509867.760839,1691509867.6607525,1691509867.760839,126600,3942,10950,10950,22104
357,normal,1691509867.7705579,0.09903851000000001,0.09903851000000001,0.09903851000000001,1691509867.865737,1691509867.8695965,1691509867.8714173,1691509867.86079,1691509867.760839,1691509867.86079,126956,3867,9845,9845,22250
358,normal,1691509867.8696301,0.098087890000000011,0.098087890000000011,0.098087890000000011,1691509867.9636004,1691509867.9677179,1691509867.9712656,1691509867.9607718,1691509867.86079,1691509867.9607718,127179,4351,7778,7778,22255
359,normal,1691509867.9677958,0.097750590000000012,0.097750590000000012,0.097750590000000012,1691509868.0620341,1691509868.0655465,1691509868.070786,1691509868.061341,1691509867.9607718,1691509868.061341,127248,3747,4652,4652,22141
360,normal,1691509868.0655677,0.097293180000000007,0.097293180000000007,0.097293180000000007,1691509868.1596203,1691509868.1628609,1691509868.1608579,1691509868.1510396,1691509868.061341,1691509868.1510396,127236,3435,14260,14260,21834
361,normal,1691509868.1629562,0.097707710000000003,0.097707710000000003,0.097707710000000003,1691509868.2574387,1691509868.260664,1691509868.2624674,1691509868.2508159,1691509868.1510396,1691509868.2508159,127184,3431,12014,12014,21831
362,normal,1691509868.2607236,0.097152520000000006,0.097152520000000006,0.097152520000000006,1691509868.3540707,1691509868.3578761,1691509868.3616145,1691509868.3507071,1691509868.2508159,1691509868.3507071,127116,4069,8523,8523,22214
363,normal,1691509868.3580399,0.097405060000000002,0.097405060000000002,0.097405060000000002,1691509868.4522059,1691509868.4554448,1691509868.460794,1691509868.4512854,1691509868.3507071,1691509868.4512854,127062,3424,4544,4544,22395
364,normal,1691509868.4555035,0.097557170000000012,0.097557170000000012,0.097557170000000012,1691509868.5495253,1691509868.5530605,1691509868.5508499,1691509868.541353,1691509868.4512854,1691509868.541353,127134,3738,14143,14143,22395
365,normal,1691509868.5532007,0.098244220000000007,0.098244220000000007,0.098244220000000007,1691509868.6475964,1691509868.6514449,1691509868.6508584,1691509868.6412327,1691509868.541353,1691509868.6412327,127127,4082,12029,12029,22186
366,normal,1691509868.6515937,0.10000985000000001,0.10000985000000001,0.10000985000000001,1691509868.7476828,1691509868.7516036,1691509868.7508552,1691509868.7413108,1691509868.6412327,1691509868.7413108,127163,4071,11619,11619,22029
367,normal,1691509868.7519069,0.10125248000000001,0.10125248000000001,0.10125248000000001,1691509868.8491778,1691509868.8531594,1691509868.8508303,1691509868.8410654,1691509868.7413108,1691509868.8410654,127027,3906,13619,13619,21884
368,normal,1691509868.8534424,0.10272329000000001,0.10272329000000001,0.10272329000000001,1691509868.9518356,1691509868.9561658,1691509868.9615633,1691509868.9508412,1691509868.8410654,1691509868.9508412,126967,4013,5060,5060,21523
369,normal,1691509868.9563477,0.10344467,0.10344467,0.10344467,1691509869.0554435,1691509869.0597923,1691509869.061774,1691509869.0508382,1691509868.9508412,1691509869.0508382,126938,3943,9449,9449,21079
370,normal,1691509869.0600269,0.10313535,0.10313535,0.10313535,1691509869.1585491,1691509869.1631622,1691509869.1609416,1691509869.1508369,1691509869.0508382,1691509869.1508369,126923,4224,13829,13829,20693
371,normal,1691509869.1632302,0.10230793000000001,0.10230793000000001,0.10230793000000001,1691509869.2612388,1691509869.2655382,1691509869.2708676,1691509869.2612302,1691509869.1508369,1691509869.2612302,126955,3907,4012,4012,20562
372,normal,1691509869.2656181,0.10193379000000001,0.10193379000000001,0.10193379000000001,1691509869.362998,1691509869.3675518,1691509869.3711312,1691509869.3615279,1691509869.2612302,1691509869.3615279,126841,4235,5954,5954,20632
373,normal,1691509869.3675334,0.10079988000000001,0.10079988000000001,0.10079988000000001,1691509869.4647319,1691509869.4683332,1691509869.4723296,1691509869.4610534,1691509869.3615279,1691509869.4610534,126967,3400,7706,7706,20566
374,normal,1691509869.4683094,0.099601890000000012,0.099601890000000012,0.099601890000000012,1691509869.5637636,1691509869.5679114,1691509869.5714853,1691509869.5610213,1691509869.4610534,1691509869.5610213,126980,4091,7359,7359,20269
375,normal,1691509869.56795,0.098729020000000001,0.098729020000000001,0.098729020000000001,1691509869.6622581,1691509869.6666791,1691509869.671663,1691509869.6610017,1691509869.5610213,1691509869.6610017,127094,4575,6152,6152,20221
376,normal,1691509869.6667194,0.097919400000000004,0.097919400000000004,0.097919400000000004,1691509869.7605217,1691509869.7646389,1691509869.7610676,1691509869.7511353,1691509869.6610017,1691509869.7511353,127152,4308,16177,16177,20467
377,normal,1691509869.7647288,0.097630100000000011,0.097630100000000011,0.097630100000000011,1691509869.8579586,1691509869.8623588,1691509869.8612022,1691509869.8510833,1691509869.7511353,1691509869.8510833,127179,4671,13188,13188,20798
378,normal,1691509869.8624568,0.098258370000000012,0.098258370000000012,0.098258370000000012,1691509869.9568744,1691509869.9607151,1691509869.9625394,1691509869.9511125,1691509869.8510833,1691509869.9511125,127101,4071,11028,11028,20704
379,normal,1691509869.9608576,0.098839880000000005,0.098839880000000005,0.098839880000000005,1691509870.0558057,1691509870.0596976,1691509870.0615849,1691509870.0509675,1691509869.9511125,1691509870.0509675,127080,4092,9956,9956,20460
380,normal,1691509870.0599148,0.099507510000000007,0.099507510000000007,0.099507510000000007,1691509870.1558144,1691509870.1594224,1691509870.1623955,1691509870.1509883,1691509870.0509675,1691509870.1509883,127146,3755,9741,9741,20215
381,normal,1691509870.1594441,0.099701350000000008,0.099701350000000008,0.099701350000000008,1691509870.2555244,1691509870.2591455,1691509870.2613273,1691509870.2510426,1691509870.1509883,1691509870.2510426,126975,3757,9359,9359,20130
382,normal,1691509870.2593455,0.10000856000000001,0.10000856000000001,0.10000856000000001,1691509870.3554456,1691509870.359354,1691509870.3614955,1691509870.3511181,1691509870.2510426,1691509870.3511181,126859,4059,9622,9622,20095
383,normal,1691509870.3595264,0.10094753000000001,0.10094753000000001,0.1002625,1691509870.456553,1691509870.460474,1691509870.4624906,1691509870.4515114,1691509870.3511181,1691509870.4515114,126812,4072,10564,10564,19892
384,normal,1691509870.4606264,0.10095892000000001,0.10095892000000001,0.09908618000000001,1691509870.5582316,1691509870.5615852,1691509870.5611014,1691509870.5510242,1691509870.4515114,1691509870.5510242,126556,3417,12484,12484,20051
385,normal,1691509870.561687,0.10058466000000001,0.10058466000000001,0.098137950000000002,1691509870.6583543,1691509870.6622717,1691509870.6610723,1691509870.6517062,1691509870.5510242,1691509870.6517062,126493,4083,12613,12613,20602
386,normal,1691509870.6623361,0.10070681000000001,0.10070681000000001,0.097667800000000013,1691509870.7597096,1691509870.7630429,1691509870.761235,1691509870.7510784,1691509870.6517062,1691509870.7510784,126453,3480,14460,14460,20769
387,normal,1691509870.7631147,0.10073593,0.10073593,0.09738701000000001,1691509870.8605018,1691509870.8638506,1691509870.8612351,1691509870.8517358,1691509870.7510784,1691509870.8517358,126549,3524,14671,14671,20996
388,normal,1691509870.8640168,0.10052936000000001,0.10052936000000001,0.096013790000000002,1691509870.9600306,1691509870.9645462,1691509870.9617653,1691509870.9511302,1691509870.8517358,1691509870.9511302,126705,4940,16512,16512,21434
389,normal,1691509870.9646399,0.10027754000000001,0.10027754000000001,0.094020570000000012,1691509871.0586605,1691509871.0649173,1691509871.0611677,1691509871.0512471,1691509870.9511302,1691509871.0512471,126907,7216,16929,16929,21951
390,normal,1691509871.064944,0.099958030000000003,0.099958030000000003,0.091677220000000004,1691509871.1566212,1691509871.164902,1691509871.16116,1691509871.1513438,1691509871.0512471,1691509871.1513438,127201,9896,16929,16929,22418
391,normal,1691509871.1650147,0.099329770000000012,0.099329770000000012,0.099133610000000011,1691509871.254657,1691509871.2643445,1691509871.2616432,1691509871.2511778,1691509871.1513438,1691509871.2511778,127282,11765,16501,16501,22777
392,normal,1691509871.264411,0.099177060000000011,0.099177060000000011,0.099177060000000011,1691509871.360008,1691509871.3635881,1691509871.3612702,1691509871.3516219,1691509871.2511778,1691509871.3516219,127267,3804,14769,14769,22757
393,normal,1691509871.3637497,0.098909210000000011,0.098909210000000011,0.098909210000000011,1691509871.4593766,1691509871.4626589,1691509871.4615946,1691509871.4512882,1691509871.3516219,1691509871.4512882,127157,3445,13956,13956,22879
394,normal,1691509871.4628098,0.099050940000000004,0.099050940000000004,0.099050940000000004,1691509871.5577195,1691509871.5618608,1691509871.5615742,1691509871.5513828,1691509871.4512882,1691509871.5513828,127011,4454,12782,12782,23263
395,normal,1691509871.5618997,0.098804380000000011,0.098804380000000011,0.098804380000000011,1691509871.6571405,1691509871.6607041,1691509871.6626284,1691509871.6519341,1691509871.5513828,1691509871.6519341,126836,3752,10569,10569,23517
396,normal,1691509871.6608851,0.099448840000000011,0.099448840000000011,0.099448840000000011,1691509871.7564447,1691509871.760334,1691509871.7622011,1691509871.7514238,1691509871.6519341,1691509871.7514238,126808,4051,10540,10540,23746
397,normal,1691509871.7604492,0.099437170000000005,0.099437170000000005,0.099437170000000005,1691509871.8559895,1691509871.8598864,1691509871.8620694,1691509871.8512883,1691509871.7514238,1691509871.8512883,126596,3836,9946,9946,23716
398,normal,1691509871.86008,0.10021932,0.10021932,0.10021932,1691509871.9566667,1691509871.9602993,1691509871.9620507,1691509871.9512374,1691509871.8512883,1691509871.9512374,126454,3257,10113,10113,23690
399,normal,1691509871.9604068,0.10024936000000001,0.10024936000000001,0.10024936000000001,1691509872.0567446,1691509872.0606561,1691509872.0625863,1691509872.0517359,1691509871.9512374,1691509872.0517359,126692,3607,9781,9781,23717
400,normal,1691509872.060801,0.10014607,0.10014607,0.10014607,1691509872.1570475,1691509872.1609471,1691509872.1628075,1691509872.1519699,1691509872.0517359,1691509872.1519699,127023,3864,9944,9944,23855
401,normal,1691509872.1609514,0.10013286,0.10013286,0.10013286,1691509872.2565787,1691509872.2610843,1691509872.2631745,1691509872.2513604,1691509872.1519699,1691509872.2513604,127181,4711,10978,10978,23866
402,normal,1691509872.2612817,0.099984860000000009,0.099984860000000009,0.099984860000000009,1691509872.3570855,1691509872.3612666,1691509872.3630867,1691509872.3514192,1691509872.2513604,1691509872.3514192,127227,4420,11448,11448,23878
403,normal,1691509872.3614025,0.099699940000000001,0.099699940000000001,0.099699940000000001,1691509872.4574976,1691509872.4611025,1691509872.4628489,1691509872.4521334,1691509872.3514192,1691509872.4521334,127181,3760,10586,10586,23935
404,normal,1691509872.4612007,0.10004368000000001,0.10004368000000001,0.10004368000000001,1691509872.5576267,1691509872.5612445,1691509872.5632207,1691509872.5515206,1691509872.4521334,1691509872.5515206,127124,3781,11604,11604,23838
405,normal,1691509872.5613801,0.10012106000000001,0.10012106000000001,0.10012106000000001,1691509872.6578777,1691509872.6615012,1691509872.663445,1691509872.6514497,1691509872.5515206,1691509872.6514497,127027,3778,12027,12027,23857
406,normal,1691509872.6616354,0.10016259000000001,0.10016259000000001,0.10016259000000001,1691509872.7579021,1691509872.7617979,1691509872.7633967,1691509872.7513549,1691509872.6514497,1691509872.7513549,126888,4099,12656,12656,23844
407,normal,1691509872.7617102,0.099736820000000004,0.099736820000000004,0.099736820000000004,1691509872.8575652,1691509872.8614471,1691509872.8633046,1691509872.8514526,1691509872.7513549,1691509872.8514526,126837,4090,12004,12004,23837
408,normal,1691509872.8615925,0.099805100000000008,0.099805100000000008,0.099805100000000008,1691509872.9574871,1691509872.9613976,1691509872.9633203,1691509872.9514318,1691509872.8514526,1691509872.9514318,126892,4097,11888,11888,23533
409,normal,1691509872.9616055,0.10068283,0.10068283,0.10068283,1691509873.0589588,1691509873.0622883,1691509873.06163,1691509873.0517402,1691509872.9514318,1691509873.0517402,126957,3455,12679,12679,23199
410,normal,1691509873.0623112,0.10023856,0.10023856,0.10023856,1691509873.1592245,1691509873.1625497,1691509873.1616919,1691509873.1521711,1691509873.0517402,1691509873.1521711,126998,3455,12434,12434,23148
411,normal,1691509873.1627326,0.10021345000000001,0.10021345000000001,0.10021345000000001,1691509873.2593296,1691509873.2629461,1691509873.2618785,1691509873.2515569,1691509873.1521711,1691509873.2515569,127059,3781,13834,13834,23154
412,normal,1691509873.2630453,0.10062333000000001,0.10062333000000001,0.10062333000000001,1691509873.3603268,1691509873.3636687,1691509873.3616018,1691509873.3516352,1691509873.2515569,1691509873.3516352,127167,3452,14610,14610,22973
413,normal,1691509873.3638618,0.10042638000000001,0.10042638000000001,0.10042638000000001,1691509873.4609556,1691509873.4642882,1691509873.4614403,1691509873.4521544,1691509873.3516352,1691509873.4521544,127205,3441,14732,14732,22872
414,normal,1691509873.4643366,0.099894250000000004,0.099894250000000004,0.099894250000000004,1691509873.5606453,1691509873.5642309,1691509873.5616171,1691509873.5521145,1691509873.4521544,1691509873.5521145,127312,3791,14877,14877,22821
415,normal,1691509873.5642533,0.099167410000000011,0.099167410000000011,0.099167410000000011,1691509873.660146,1691509873.6634207,1691509873.6622872,1691509873.651639,1691509873.5521145,1691509873.651639,127263,3430,14594,14594,22989
416,normal,1691509873.6634278,0.099046530000000008,0.099046530000000008,0.099046530000000008,1691509873.7591891,1691509873.7624743,1691509873.761601,1691509873.7521725,1691509873.651639,1691509873.7521725,127119,3402,12509,12509,23205
417,normal,1691509873.7626514,0.099891150000000012,0.099891150000000012,0.099891150000000012,1691509873.8586421,1691509873.8625426,1691509873.8614736,1691509873.8520756,1691509873.7521725,1691509873.8520756,127075,4084,12642,12642,23200
418,normal,1691509873.8626466,0.099492850000000008,0.099492850000000008,0.099492850000000008,1691509873.9585543,1691509873.9621394,1691509873.9615743,1691509873.9517324,1691509873.8520756,1691509873.9517324,126883,3743,12630,12630,23043
419,normal,1691509873.9620659,0.099375420000000006,0.099375420000000006,0.099375420000000006,1691509874.0572703,1691509874.0614414,1691509874.0637171,1691509874.0516748,1691509873.9517324,1691509874.0516748,126862,4398,11715,11715,22903
420,normal,1691509874.061758,0.099217590000000008,0.099217590000000008,0.099217590000000008,1691509874.1568153,1691509874.1609757,1691509874.1631837,1691509874.1521499,1691509874.0516748,1691509874.1521499,126765,4374,10526,10526,22937
421,normal,1691509874.1610506,0.09930158,0.09930158,0.09930158,1691509874.2570331,1691509874.2603521,1691509874.2627017,1691509874.2517152,1691509874.1521499,1691509874.2517152,126864,3385,10150,10150,23084
422,normal,1691509874.2606297,0.10028596000000001,0.10028596000000001,0.10028596000000001,1691509874.3570027,1691509874.3609157,1691509874.3633571,1691509874.3519125,1691509874.2517152,1691509874.3519125,126731,3971,10586,10586,23088
423,normal,1691509874.3610189,0.10045301000000001,0.10045301000000001,0.10045301000000001,1691509874.4575338,1691509874.4614718,1691509874.4632635,1691509874.4516838,1691509874.3519125,1691509874.4516838,126687,3792,11308,11308,22864
424,normal,1691509874.4615488,0.10079639,0.10079639,0.10079639,1691509874.5584011,1691509874.5623453,1691509874.5616746,1691509874.5517693,1691509874.4516838,1691509874.5517693,126578,3574,12075,12075,22892
425,normal,1691509874.5623448,0.10056846000000001,0.10056846000000001,0.10056846000000001,1691509874.6590035,1691509874.6629133,1691509874.6618826,1691509874.6516917,1691509874.5517693,1691509874.6516917,126627,3552,12770,12770,23044
426,normal,1691509874.6629877,0.10045836000000001,0.10045836000000001,0.10045836000000001,1691509874.7592163,1691509874.7634461,1691509874.7617376,1691509874.7516799,1691509874.6516917,1691509874.7516799,126937,4068,13344,13344,23220
427,normal,1691509874.7636588,0.10005165000000001,0.10005165000000001,0.10005165000000001,1691509874.8600917,1691509874.8637104,1691509874.8617842,1691509874.8516698,1691509874.7516799,1691509874.8516698,127160,3695,13896,13896,23079
428,normal,1691509874.8637872,0.09920501000000001,0.09920501000000001,0.09920501000000001,1691509874.9588702,1691509874.9629922,1691509874.9616704,1691509874.9517772,1691509874.8516698,1691509874.9517772,127199,4388,13112,13112,23042
429,normal,1691509874.9628508,0.097812180000000012,0.097812180000000012,0.097812180000000012,1691509875.0568395,1691509875.060663,1691509875.0624192,1691509875.0520923,1691509874.9517772,1691509875.0520923,127082,4041,9908,9908,23183
430,normal,1691509875.0608475,0.097804130000000003,0.097804130000000003,0.097804130000000003,1691509875.15342,1691509875.1586516,1691509875.1631746,1691509875.1518383,1691509875.0520923,1691509875.1518383,127102,5729,7737,7737,23227
431,normal,1691509875.1587379,0.097872239999999999,0.097872239999999999,0.097872239999999999,1691509875.2524743,1691509875.2566102,1691509875.2617371,1691509875.2524555,1691509875.1518383,1691509875.2524555,127132,4227,4331,4331,23145
432,normal,1691509875.2568555,0.098778700000000011,0.098778700000000011,0.098778700000000011,1691509875.3520546,1691509875.3556342,1691509875.3625867,1691509875.3518105,1691509875.2524555,1691509875.3518105,127045,3372,3670,3670,22932
433,normal,1691509875.3557141,0.09966448,0.09966448,0.09966448,1691509875.4514835,1691509875.4553785,1691509875.4517426,1691509875.4418023,1691509875.3518105,1691509875.4418023,127094,3538,16080,16080,23129
434,normal,1691509875.455483,0.10009799000000001,0.10009799000000001,0.10009799000000001,1691509875.5516405,1691509875.5555809,1691509875.5517542,1691509875.542047,1691509875.4418023,1691509875.542047,127158,3861,16237,16237,23820
435,normal,1691509875.5557854,0.10064503000000001,0.10064503000000001,0.10064503000000001,1691509875.652477,1691509875.6564305,1691509875.6617875,1691509875.6521845,1691509875.542047,1691509875.6521845,126825,4066,4410,4410,24363
436,normal,1691509875.6566451,0.10172835000000001,0.10172835000000001,0.10172835000000001,1691509875.7540841,1691509875.7583735,1691509875.7623458,1691509875.7525668,1691509875.6521845,1691509875.7525668,126680,4453,6399,6399,23545
437,normal,1691509875.7586181,0.10308021000000001,0.10308021000000001,0.10308021000000001,1691509875.857367,1691509875.8616984,1691509875.8635499,1691509875.852442,1691509875.7525668,1691509875.852442,126729,4463,10621,10621,22828
438,normal,1691509875.8618987,0.10381376,0.10381376,0.10381376,1691509875.9619646,1691509875.9657123,1691509875.9720123,1691509875.9618378,1691509875.852442,1691509875.9618378,126823,3744,3968,3968,22431
439,normal,1691509875.9662204,0.10357455,0.10357455,0.10357455,1691509876.0654492,1691509876.0697949,1691509876.0727098,1691509876.0617802,1691509875.9618378,1691509876.0617802,126835,4403,9020,9020,22382
440,normal,1691509876.0694516,0.10239998,0.10239998,0.10239998,1691509876.1678627,1691509876.1718516,1691509876.1735177,1691509876.1619439,1691509876.0617802,1691509876.1619439,126810,4043,11561,11561,22638
441,normal,1691509876.171885,0.1004197,0.1004197,0.1004197,1691509876.2686737,1691509876.2723048,1691509876.2739022,1691509876.261796,1691509876.1619439,1691509876.261796,126591,3495,12238,12238,22794
442,normal,1691509876.2722018,0.099519420000000011,0.099519420000000011,0.099519420000000011,1691509876.3678443,1691509876.3717213,1691509876.3734806,1691509876.361927,1691509876.261796,1691509876.361927,126465,3599,11059,11059,23253
443,normal,1691509876.3717999,0.098487810000000009,0.098487810000000009,0.098487810000000009,1691509876.4658821,1691509876.4702878,1691509876.4737506,1691509876.4618523,1691509876.361927,1691509876.4618523,126896,4574,9472,9472,24059
444,normal,1691509876.4702871,0.09865633,0.09865633,0.09865633,1691509876.5662544,1691509876.5689435,1691509876.5726008,1691509876.5618916,1691509876.4618523,1691509876.5618916,127197,2819,8274,8274,23923
445,normal,1691509876.5690501,0.097585830000000012,0.097585830000000012,0.097585830000000012,1691509876.6628363,1691509876.666636,1691509876.6719589,1691509876.6624274,1691509876.5618916,1691509876.6624274,127024,4103,4674,4674,22910
446,normal,1691509876.6665425,0.09652759000000001,0.09652759000000001,0.09652759000000001,1691509876.7595875,1691509876.7630701,1691509876.7619598,1691509876.7519555,1691509876.6624274,1691509876.7519555,126848,3751,14045,14045,22657
447,normal,1691509876.7630718,0.096896860000000001,0.096896860000000001,0.096896860000000001,1691509876.8567865,1691509876.8599687,1691509876.8634501,1691509876.8518932,1691509876.7519555,1691509876.8518932,126907,3431,9963,9963,22559
448,normal,1691509876.8599989,0.096423729999999999,0.096423729999999999,0.096234820000000013,1691509876.9529195,1691509876.9564226,1691509876.9618385,1691509876.9524357,1691509876.8518932,1691509876.9524357,126868,3750,4428,4428,22589
449,normal,1691509876.9566398,0.096876690000000001,0.096876690000000001,0.096876690000000001,1691509877.0499821,1691509877.0535164,1691509877.0525901,1691509877.0418768,1691509876.9524357,1691509877.0418768,126826,3737,14409,14409,22305
450,normal,1691509877.0538008,0.097755250000000002,0.097755250000000002,0.097755250000000002,1691509877.1480076,1691509877.151556,1691509877.1535077,1691509877.1419926,1691509877.0418768,1691509877.1419926,126801,3733,11589,11589,22157
451,normal,1691509877.1517453,0.098463740000000008,0.098463740000000008,0.098463740000000008,1691509877.2469251,1691509877.2502091,1691509877.2521904,1691509877.2419429,1691509877.1419926,1691509877.2419429,126675,3398,9767,9767,22098
452,normal,1691509877.2503479,0.09911534000000001,0.09911534000000001,0.09911534000000001,1691509877.3452873,1691509877.3494632,1691509877.3531229,1691509877.3421514,1691509877.2419429,1691509877.3421514,126648,4411,8493,8493,22348
453,normal,1691509877.349612,0.10078118000000001,0.10078118000000001,0.10078118000000001,1691509877.4467323,1691509877.4503932,1691509877.4543073,1691509877.4420509,1691509877.3421514,1691509877.4420509,126778,3707,9537,9537,22645
454,normal,1691509877.4505413,0.10186387000000001,0.10186387000000001,0.10186387000000001,1691509877.5486877,1691509877.5524051,1691509877.5520742,1691509877.5420392,1691509877.4420509,1691509877.5420392,126869,3615,11335,11335,22912
455,normal,1691509877.5528066,0.10309044000000001,0.10309044000000001,0.10309044000000001,1691509877.6518393,1691509877.6558971,1691509877.6520693,1691509877.6420519,1691509877.5420392,1691509877.6420519,126837,3541,15577,15577,23087
456,normal,1691509877.6561811,0.10406768000000001,0.10406768000000001,0.10406768000000001,1691509877.7571104,1691509877.7602487,1691509877.762445,1691509877.7525334,1691509877.6420519,1691509877.7525334,126990,2799,8312,8312,23271
457,normal,1691509877.7606997,0.10377339000000001,0.10377339000000001,0.10377339000000001,1691509877.8610444,1691509877.8644731,1691509877.8621309,1691509877.8521037,1691509877.7525334,1691509877.8521037,126895,3402,14536,14536,23329
458,normal,1691509877.8641291,0.10348688,0.10348688,0.10348688,1691509877.9642141,1691509877.9676158,1691509877.9726708,1691509877.9620275,1691509877.8521037,1691509877.9620275,126691,3437,6023,6023,23219
459,normal,1691509877.9676149,0.1028453,0.1028453,0.1028453,1691509878.0670629,1691509878.0704601,1691509878.0739374,1691509878.0620985,1691509877.9620275,1691509878.0620985,126679,3435,9583,9583,23374
460,normal,1691509878.0706067,0.10181188000000001,0.10181188000000001,0.10181188000000001,1691509878.1687605,1691509878.1724186,1691509878.1741118,1691509878.1620374,1691509878.0620985,1691509878.1620374,126654,3717,12196,12196,23547
461,normal,1691509878.1723864,0.1009753,0.1009753,0.1009753,1691509878.2697089,1691509878.2733617,1691509878.2722907,1691509878.2626674,1691509878.1620374,1691509878.2626674,126625,3708,12699,12699,23578
462,normal,1691509878.2735159,0.10075396,0.10075396,0.10075396,1691509878.3700838,1691509878.37427,1691509878.3721964,1691509878.3619139,1691509878.2626674,1691509878.3619139,126702,4336,14966,14966,23480
463,normal,1691509878.3742235,0.10025996000000001,0.10025996000000001,0.10025996000000001,1691509878.4708817,1691509878.4744835,1691509878.4721656,1691509878.4624636,1691509878.3619139,1691509878.4624636,126262,3244,14137,14137,23323
464,normal,1691509878.4749541,0.098154060000000001,0.098154060000000001,0.098154060000000001,1691509878.5695724,1691509878.5731082,1691509878.5721707,1691509878.562237,1691509878.4624636,1691509878.562237,126383,3267,12580,12580,23605
465,normal,1691509878.5726812,0.097858890000000004,0.097858890000000004,0.097858890000000004,1691509878.6664217,1691509878.6705401,1691509878.6740639,1691509878.6621625,1691509878.562237,1691509878.6621625,126935,4277,9399,9399,24157
466,normal,1691509878.6706491,0.096930120000000008,0.096930120000000008,0.096930120000000008,1691509878.7635002,1691509878.7675791,1691509878.7724769,1691509878.7621915,1691509878.6621625,1691509878.7621915,127108,4440,6095,6095,23884
467,normal,1691509878.7675784,0.097384200000000004,0.097384200000000004,0.097384200000000004,1691509878.8603091,1691509878.8649626,1691509878.8723311,1691509878.8522551,1691509878.7621915,1691509878.8522551,126988,5138,15361,15361,23045
468,normal,1691509878.8655405,0.097748330000000008,0.097748330000000008,0.097748330000000008,1691509878.9572034,1691509878.9632888,1691509878.9621847,1691509878.9525681,1691509878.8522551,1691509878.9525681,126729,6989,13176,13176,22264
469,normal,1691509878.9628508,0.097218940000000004,0.097218940000000004,0.097218940000000004,1691509879.0559773,1691509879.0600698,1691509879.0639358,1691509879.0523157,1691509878.9525681,1691509879.0523157,126743,4461,9301,9301,21987
470,normal,1691509879.0602407,0.096368190000000006,0.096368190000000006,0.096368190000000006,1691509879.1505759,1691509879.1566088,1691509879.1524096,1691509879.1422162,1691509879.0523157,1691509879.1422162,126702,6972,18023,18023,21761
471,normal,1691509879.1570239,0.097498550000000003,0.097498550000000003,0.097498550000000003,1691509879.2512615,1691509879.2545226,1691509879.2523108,1691509879.2424085,1691509879.1422162,1691509879.2424085,126767,3407,14916,14916,21709
472,normal,1691509879.2544754,0.098139150000000008,0.098139150000000008,0.098139150000000008,1691509879.3482068,1691509879.3526144,1691509879.3523467,1691509879.3421867,1691509879.2424085,1691509879.3421867,126762,4736,12604,12604,21666
473,normal,1691509879.3529706,0.098769170000000003,0.098769170000000003,0.098769170000000003,1691509879.4481721,1691509879.4517398,1691509879.4532151,1691509879.4426856,1691509879.3421867,1691509879.4426856,126833,3688,10542,10542,21992
474,normal,1691509879.4515939,0.09992297,0.09992297,0.09992297,1691509879.5478985,1691509879.5515168,1691509879.5535161,1691509879.542691,1691509879.4426856,1691509879.542691,126892,3598,9762,9762,22652
475,normal,1691509879.5518589,0.10107970000000001,0.10107970000000001,0.10107970000000001,1691509879.6492727,1691509879.6529386,1691509879.6522224,1691509879.6423182,1691509879.542691,1691509879.6423182,126791,3259,11743,11743,23273
476,normal,1691509879.653101,0.10248626000000001,0.10248626000000001,0.10248626000000001,1691509879.7518835,1691509879.7555873,1691509879.7528608,1691509879.7421999,1691509879.6423182,1691509879.7421999,126891,3261,15376,15376,23946
477,normal,1691509879.7557943,0.10324566,0.10324566,0.10324566,1691509879.8553433,1691509879.85904,1691509879.8624694,1691509879.8523033,1691509879.7421999,1691509879.8523033,126810,3509,7258,7258,24762
478,normal,1691509879.8590729,0.10272400000000001,0.10272400000000001,0.10272400000000001,1691509879.9581037,1691509879.961797,1691509879.9636538,1691509879.9526803,1691509879.8523033,1691509879.9526803,126618,3737,10570,10570,24551
479,normal,1691509879.9618585,0.10249460000000001,0.10249460000000001,0.10249460000000001,1691509880.0609255,1691509880.0643532,1691509880.0621879,1691509880.0522993,1691509879.9526803,1691509880.0522993,126576,3427,14190,14190,24250
480,normal,1691509880.0646956,0.10283453000000001,0.10283453000000001,0.10283453000000001,1691509880.1641154,1691509880.1675301,1691509880.1731448,1691509880.1623464,1691509880.0522993,1691509880.1623464,126577,3417,5505,5505,24037
481,normal,1691509880.1675758,0.10219146000000001,0.10219146000000001,0.10219146000000001,1691509880.2663755,1691509880.2697673,1691509880.2726576,1691509880.2623596,1691509880.1623464,1691509880.2623596,126649,3435,8441,8441,23996
482,normal,1691509880.2697008,0.10085106000000001,0.10085106000000001,0.10085106000000001,1691509880.3663065,1691509880.3705518,1691509880.3728302,1691509880.3628306,1691509880.2623596,1691509880.3628306,126592,4433,8925,8925,24085
483,normal,1691509880.370661,0.10047659,0.10047659,0.10047659,1691509880.4672377,1691509880.4711375,1691509880.4732144,1691509880.4623868,1691509880.3628306,1691509880.4623868,126634,4093,10320,10320,24201
484,normal,1691509880.4710944,0.099637280000000009,0.099637280000000009,0.099637280000000009,1691509880.5668423,1691509880.5707316,1691509880.5741925,1691509880.5623283,1691509880.4623868,1691509880.5623283,126700,4074,9924,9924,24227
485,normal,1691509880.5707779,0.099937880000000007,0.099937880000000007,0.099937880000000007,1691509880.6671219,1691509880.6707158,1691509880.6743584,1691509880.6623399,1691509880.5623283,1691509880.6623399,126493,3561,9744,9744,24190
486,normal,1691509880.670774,0.098327410000000004,0.098327410000000004,0.098327410000000004,1691509880.7653029,1691509880.7691014,1691509880.7726898,1691509880.7624004,1691509880.6623399,1691509880.7624004,126350,3550,7327,7327,24334
487,normal,1691509880.7691374,0.097121520000000003,0.097121520000000003,0.097121520000000003,1691509880.8627186,1691509880.8662589,1691509880.873039,1691509880.8623869,1691509880.7624004,1691509880.8623869,126545,3246,3652,3652,23958
488,normal,1691509880.8663852,0.097906480000000004,0.097906480000000004,0.097906480000000004,1691509880.9604721,1691509880.9642918,1691509880.9629657,1691509880.952507,1691509880.8623869,1691509880.952507,126721,3683,13890,13890,23667
489,normal,1691509880.9643686,0.097926890000000003,0.097926890000000003,0.097926890000000003,1691509881.0584736,1691509881.0622954,1691509881.0640655,1691509881.0524144,1691509880.952507,1691509881.0524144,127011,3888,11378,11378,23670
490,normal,1691509881.0623727,0.098095180000000004,0.098095180000000004,0.098095180000000004,1691509881.1563294,1691509881.1604679,1691509881.1625042,1691509881.1525049,1691509881.0524144,1691509881.1525049,127086,4301,8872,8872,23734
491,normal,1691509881.1607022,0.09833973,0.09833973,0.09833973,1691509881.2549121,1691509881.259042,1691509881.2624865,1691509881.2524886,1691509881.1525049,1691509881.2524886,127149,4337,7306,7306,23729
492,normal,1691509881.2590947,0.098542730000000009,0.098542730000000009,0.098542730000000009,1691509881.3540847,1691509881.3576374,1691509881.3626513,1691509881.3525083,1691509881.2524886,1691509881.3525083,127079,3679,5529,5529,23486
493,normal,1691509881.3576517,0.098894950000000009,0.098894950000000009,0.098894950000000009,1691509881.4523509,1691509881.4565465,1691509881.452462,1691509881.4430118,1691509881.3525083,1691509881.4430118,127036,4220,15791,15791,23048
494,normal,1691509881.4568624,0.099564110000000011,0.099564110000000011,0.099564110000000011,1691509881.5525379,1691509881.5564265,1691509881.5629511,1691509881.5524538,1691509881.4430118,1691509881.5524538,126971,3694,3792,3792,22858
495,normal,1691509881.5564847,0.099953050000000002,0.099953050000000002,0.099953050000000002,1691509881.652473,1691509881.6564376,1691509881.6625016,1691509881.6524642,1691509881.5524538,1691509881.6524642,126895,3551,3653,3653,22582
496,normal,1691509881.6567523,0.10154018000000001,0.10154018000000001,0.10154018000000001,1691509881.7545984,1691509881.7582924,1691509881.7625065,1691509881.7523806,1691509881.6524642,1691509881.7523806,126847,3270,5906,5906,22140
497,normal,1691509881.7584946,0.10278895,0.10278895,0.10278895,1691509881.8572657,1691509881.8612835,1691509881.8633273,1691509881.852493,1691509881.7523806,1691509881.852493,126685,3628,9567,9567,21604
498,normal,1691509881.8614674,0.10332876000000001,0.10332876000000001,0.10332876000000001,1691509881.9613805,1691509881.9647961,1691509881.9625168,1691509881.9524255,1691509881.852493,1691509881.9524255,126560,3009,14017,14017,21615
499,normal,1691509881.9648826,0.10298280000000001,0.10298280000000001,0.10298280000000001,1691509882.0635448,1691509882.0678654,1691509882.0732298,1691509882.0625327,1691509881.9524255,1691509882.0625327,126498,3893,5117,5117,21980
500,normal,1691509882.0679834,0.10305542000000001,0.10305542000000001,0.10305542000000001,1691509882.1667616,1691509882.1710389,1691509882.1748171,1691509882.1624823,1691509882.0625327,1691509882.1624823,126514,4021,9136,9136,22306
501,normal,1691509882.1709654,0.10126462,0.10126462,0.10126462,1691509882.2683637,1691509882.2722301,1691509882.2738729,1691509882.2630317,1691509882.1624823,1691509882.2630317,126831,4061,10477,10477,22620
502,normal,1691509882.2720501,0.099154770000000003,0.099154770000000003,0.099154770000000003,1691509882.3676472,1691509882.3712049,1691509882.3733087,1691509882.3624954,1691509882.2630317,1691509882.3624954,126980,3748,10164,10164,22865
503,normal,1691509882.371237,0.098184530000000006,0.098184530000000006,0.098184530000000006,1691509882.4658833,1691509882.4694216,1691509882.4731143,1691509882.4625406,1691509882.3624954,1691509882.4625406,126960,3749,8034,8034,23585
504,normal,1691509882.4695954,0.098157360000000013,0.098157360000000013,0.098157360000000013,1691509882.56393,1691509882.5677528,1691509882.5727248,1691509882.5625756,1691509882.4625406,1691509882.5625756,126903,4077,5863,5863,24273
505,normal,1691509882.5677757,0.097328910000000005,0.097328910000000005,0.097328910000000005,1691509882.661305,1691509882.6651046,1691509882.6625812,1691509882.6526561,1691509882.5625756,1691509882.6526561,126767,4078,15653,15653,24766
506,normal,1691509882.6651616,0.097557040000000012,0.097557040000000012,0.097273870000000012,1691509882.7594962,1691509882.7627187,1691509882.7645209,1691509882.7524967,1691509882.6526561,1691509882.7524967,126677,3416,12641,12641,24152
507,normal,1691509882.7628636,0.096907610000000005,0.096907610000000005,0.096907610000000005,1691509882.8563197,1691509882.8597713,1691509882.8629532,1691509882.8525548,1691509882.7524967,1691509882.8525548,126651,3755,8813,8813,23971
508,normal,1691509882.859616,0.09627811,0.09627811,0.09627811,1691509882.9521363,1691509882.9558942,1691509882.9525988,1691509882.9428699,1691509882.8525548,1691509882.9428699,126624,4098,16545,16545,23818
509,normal,1691509882.9560704,0.097537530000000011,0.097537530000000011,0.097537530000000011,1691509883.0500629,1691509883.0536079,1691509883.0527792,1691509883.042695,1691509882.9428699,1691509883.042695,126698,3740,13323,13323,23237
510,normal,1691509883.0539434,0.098932740000000005,0.098932740000000005,0.098932740000000005,1691509883.1489446,1691509883.1528761,1691509883.1527228,1691509883.1424944,1691509883.042695,1691509883.1424944,126829,4067,12159,12159,22890
511,normal,1691509883.1532402,0.10073194000000001,0.10073194000000001,0.10073194000000001,1691509883.2497277,1691509883.2539721,1691509883.2528667,1691509883.242661,1691509883.1424944,1691509883.242661,126924,4402,12959,12959,22947
512,normal,1691509883.2540545,0.10090244000000001,0.10090244000000001,0.10090244000000001,1691509883.3513227,1691509883.3549571,1691509883.352689,1691509883.3428171,1691509883.242661,1691509883.3428171,126814,3592,13816,13816,23257
513,normal,1691509883.3550766,0.10193770000000001,0.10193770000000001,0.10193770000000001,1691509883.4530213,1691509883.4570143,1691509883.4626906,1691509883.4528394,1691509883.3428171,1691509883.4528394,126856,3699,3900,3900,23616
514,normal,1691509883.457206,0.10256863000000001,0.10256863000000001,0.10256863000000001,1691509883.5557718,1691509883.5597746,1691509883.5638449,1691509883.5526011,1691509883.4528394,1691509883.5526011,127081,3931,7838,7838,23650
515,normal,1691509883.5601306,0.10271108000000001,0.10271108000000001,0.10271108000000001,1691509883.6588218,1691509883.6628416,1691509883.6646364,1691509883.6527922,1691509883.5526011,1691509883.6527922,126925,4038,11694,11694,23682
516,normal,1691509883.6628668,0.10336297000000001,0.10336297000000001,0.10336297000000001,1691509883.7621906,1691509883.7662299,1691509883.7628357,1691509883.7527945,1691509883.6527922,1691509883.7527945,126551,4073,15951,15951,23662
517,normal,1691509883.7664623,0.10347075,0.10347075,0.10347075,1691509883.8659019,1691509883.8699331,1691509883.8732197,1691509883.8626859,1691509883.7527945,1691509883.8626859,126471,4013,7950,7950,23709
518,normal,1691509883.8698847,0.10269268000000001,0.10269268000000001,0.10269268000000001,1691509883.9688632,1691509883.9725773,1691509883.9744501,1691509883.9632435,1691509883.8626859,1691509883.9632435,126480,3513,10463,10463,23693
519,normal,1691509883.9727139,0.10097962000000001,0.10097962000000001,0.10097962000000001,1691509884.0697927,1691509884.0736935,1691509884.0726538,1691509884.062933,1691509883.9632435,1691509884.062933,126453,3583,12432,12432,23391
520,normal,1691509884.0733371,0.099958130000000006,0.099958130000000006,0.099958130000000006,1691509884.169111,1691509884.1732953,1691509884.1726549,1691509884.1629474,1691509884.062933,1691509884.1629474,126584,3974,11697,11697,23462
521,normal,1691509884.1733124,0.097980000000000012,0.097980000000000012,0.097980000000000012,1691509884.2671764,1691509884.2712924,1691509884.2748191,1691509884.262656,1691509884.1629474,1691509884.262656,127027,4290,9746,9746,23665
522,normal,1691509884.2714124,0.097917810000000008,0.097917810000000008,0.097917810000000008,1691509884.3652546,1691509884.3693302,1691509884.3726914,1691509884.3627045,1691509884.262656,1691509884.3627045,127170,4429,7642,7642,23700
523,normal,1691509884.3692729,0.097590970000000013,0.097590970000000013,0.097590970000000013,1691509884.461334,1691509884.4668639,1691509884.4629278,1691509884.4527512,1691509884.3627045,1691509884.4527512,127129,6243,17033,17033,23626
524,normal,1691509884.467072,0.097129710000000008,0.097129710000000008,0.097129710000000008,1691509884.5607285,1691509884.5642018,1691509884.5631685,1691509884.5528629,1691509884.4527512,1691509884.5528629,126801,3773,14104,14104,23706
525,normal,1691509884.564405,0.09590833,0.09590833,0.09590833,1691509884.6545634,1691509884.6603134,1691509884.6646042,1691509884.653162,1691509884.5528629,1691509884.653162,126666,6551,8462,8462,23661
526,normal,1691509884.6604028,0.096681980000000001,0.096681980000000001,0.096681980000000001,1691509884.7533128,1691509884.7570848,1691509884.7634845,1691509884.7528553,1691509884.653162,1691509884.7528553,126808,4054,4628,4628,23129
527,normal,1691509884.7571704,0.097886870000000001,0.097886870000000001,0.097886870000000001,1691509884.8515208,1691509884.8550572,1691509884.8528781,1691509884.8433394,1691509884.7528553,1691509884.8433394,126868,3712,14192,14192,22747
528,normal,1691509884.8552608,0.098441850000000011,0.098441850000000011,0.098441850000000011,1691509884.9498389,1691509884.9537027,1691509884.9528306,1691509884.9435439,1691509884.8433394,1691509884.9435439,126911,4041,11965,11965,22680
529,normal,1691509884.9538908,0.099261600000000005,0.099261600000000005,0.099261600000000005,1691509885.0492597,1691509885.0531523,1691509885.052989,1691509885.04286,1691509884.9435439,1691509885.04286,126919,3958,11605,11605,23240
530,normal,1691509885.0533841,0.1010554,0.1010554,0.1010554,1691509885.1505144,1691509885.1544394,1691509885.1533217,1691509885.1428826,1691509885.04286,1691509885.1428826,126851,3700,13072,13072,24016
531,normal,1691509885.1544948,0.10118384000000001,0.10118384000000001,0.10118384000000001,1691509885.2517135,1691509885.2556787,1691509885.2530937,1691509885.2429321,1691509885.1428826,1691509885.2429321,127114,3783,14933,14933,24472
532,normal,1691509885.2558951,0.10144948000000001,0.10144948000000001,0.10144948000000001,1691509885.3536808,1691509885.3573446,1691509885.3629253,1691509885.3530679,1691509885.2429321,1691509885.3530679,127101,3720,4516,4516,24855
533,normal,1691509885.3574324,0.10165655000000001,0.10165655000000001,0.10165655000000001,1691509885.4556882,1691509885.4590888,1691509885.4628353,1691509885.4532359,1691509885.3530679,1691509885.4532359,126575,3469,6434,6434,24622
534,normal,1691509885.4593322,0.10243788000000001,0.10243788000000001,0.10243788000000001,1691509885.5580599,1691509885.5617702,1691509885.5638635,1691509885.55286,1691509885.4532359,1691509885.55286,126370,3802,10266,10266,24204
535,normal,1691509885.5618961,0.10242798,0.10242798,0.10242798,1691509885.6609409,1691509885.664324,1691509885.6630826,1691509885.6535058,1691509885.55286,1691509885.6535058,126590,3432,12785,12785,24061
536,normal,1691509885.6643276,0.10312869000000001,0.10312869000000001,0.10312869000000001,1691509885.7640321,1691509885.7674563,1691509885.7728791,1691509885.7631991,1691509885.6535058,1691509885.7631991,126806,3458,4472,4472,23843
537,normal,1691509885.7676558,0.10375378,0.10375378,0.10375378,1691509885.8667789,1691509885.8714097,1691509885.8745046,1691509885.8628385,1691509885.7631991,1691509885.8628385,126794,4822,9828,9828,23288
538,normal,1691509885.871506,0.10271287000000001,0.10271287000000001,0.10271287000000001,1691509885.9705319,1691509885.9742188,1691509885.973124,1691509885.9634819,1691509885.8628385,1691509885.9634819,126800,3782,12637,12637,23189
539,normal,1691509885.9742365,0.10116575000000001,0.10116575000000001,0.10116575000000001,1691509886.0711856,1691509886.0754023,1691509886.0728889,1691509886.0631707,1691509885.9634819,1691509886.0631707,126716,4426,14769,14769,23228
540,normal,1691509886.0753665,0.10002343000000001,0.10002343000000001,0.10002343000000001,1691509886.1706166,1691509886.17539,1691509886.1729221,1691509886.1633165,1691509886.0631707,1691509886.1633165,126574,5108,14597,14597,23149
541,normal,1691509886.1753802,0.09900384000000001,0.09900384000000001,0.09900384000000001,1691509886.2699132,1691509886.274384,1691509886.2733142,1691509886.2629507,1691509886.1633165,1691509886.2629507,126347,4477,13552,13552,22915
542,normal,1691509886.2745564,0.098888810000000008,0.098888810000000008,0.098888810000000008,1691509886.3687143,1691509886.3734453,1691509886.3730099,1691509886.3629794,1691509886.2629507,1691509886.3629794,126119,4461,11817,11817,22086
543,normal,1691509886.3734694,0.097861139999999999,0.097861139999999999,0.097861139999999999,1691509886.4617679,1691509886.4713304,1691509886.4744444,1691509886.4534256,1691509886.3629794,1691509886.4534256,126846,10780,21830,21830,21847
544,normal,1691509886.4714093,0.097447930000000002,0.097447930000000002,0.097447930000000002,1691509886.5321474,1691509886.5688572,1691509886.5731113,1691509886.5234373,1691509886.4534256,1691509886.5234373,126419,46687,58448,58448,21687
545,normal,1691509886.5689633,0.09756985,0.09756985,0.09756985,1691509886.6607213,1691509886.6665332,1691509886.6630344,1691509886.6531172,1691509886.5234373,1691509886.6531172,126305,6596,16503,16503,22238
546,normal,1691509886.6665611,0.09725578,0.09725578,0.09725578,1691509886.7580194,1691509886.7638168,1691509886.7629282,1691509886.7535963,1691509886.6531172,1691509886.7535963,126358,6616,12579,12579,22931
547,normal,1691509886.7637155,0.09718141000000001,0.09718141000000001,0.09718141000000001,1691509886.855953,1691509886.8608968,1691509886.8631084,1691509886.8531132,1691509886.7535963,1691509886.8531132,126692,5517,9305,9305,23313
548,normal,1691509886.8612964,0.097371090000000007,0.097371090000000007,0.097371090000000007,1691509886.9540229,1691509886.9586675,1691509886.9636998,1691509886.9530196,1691509886.8531132,1691509886.9530196,126713,5114,6463,6463,23432
549,normal,1691509886.9586537,0.097343860000000004,0.097343860000000004,0.097343860000000004,1691509887.0522001,1691509887.0559976,1691509887.0533457,1691509887.0429893,1691509886.9530196,1691509887.0429893,126633,4061,16448,16448,23349
550,normal,1691509887.0560989,0.097794780000000012,0.097794780000000012,0.097794780000000012,1691509887.1506598,1691509887.1538937,1691509887.1531322,1691509887.1437545,1691509887.0429893,1691509887.1437545,126520,3402,12477,12477,23239
551,normal,1691509887.1540682,0.099051180000000003,0.099051180000000003,0.099051180000000003,1691509887.2492368,1691509887.2531195,1691509887.255064,1691509887.2430034,1691509887.1437545,1691509887.2430034,126489,4054,12077,12077,23487
552,normal,1691509887.2534313,0.09963037000000001,0.09963037000000001,0.09963037000000001,1691509887.3491352,1691509887.3530617,1691509887.3553708,1691509887.3431752,1691509887.2430034,1691509887.3431752,126662,3999,11019,11019,23503
553,normal,1691509887.3537393,0.10134988,0.10134988,0.10134988,1691509887.4514015,1691509887.4550891,1691509887.4535208,1691509887.4432223,1691509887.3431752,1691509887.4432223,126730,3295,13243,13243,23475
554,normal,1691509887.4549334,0.10258600000000001,0.10258600000000001,0.10258600000000001,1691509887.554111,1691509887.5575194,1691509887.5630023,1691509887.5530748,1691509887.4432223,1691509887.5530748,127048,3276,4515,4515,23490
555,normal,1691509887.5576081,0.10296856,0.10296856,0.10296856,1691509887.6568716,1691509887.6605766,1691509887.664048,1691509887.6531479,1691509887.5530748,1691509887.6531479,126560,3794,8474,8474,23623
556,normal,1691509887.6607051,0.10342286000000001,0.10342286000000001,0.10342286000000001,1691509887.7606936,1691509887.764128,1691509887.7631319,1691509887.7533734,1691509887.6531479,1691509887.7533734,126489,3459,12562,12562,24072
557,normal,1691509887.764425,0.10334406,0.10334406,0.10334406,1691509887.8643763,1691509887.867769,1691509887.8731599,1691509887.8631289,1691509887.7533734,1691509887.8631289,126796,3466,4955,4955,24417
558,normal,1691509887.8677301,0.10242190000000001,0.10242190000000001,0.10242190000000001,1691509887.9664767,1691509887.9701521,1691509887.9737604,1691509887.9631772,1691509887.8631289,1691509887.9631772,126752,3792,7970,7970,25124
559,normal,1691509887.9701824,0.10169109000000001,0.10169109000000001,0.10169109000000001,1691509888.068517,1691509888.0718734,1691509888.0758822,1691509888.0630648,1691509887.9631772,1691509888.0630648,126595,3470,10385,10385,25511
560,normal,1691509888.0719626,0.10078028,0.10078028,0.10078028,1691509888.1688168,1691509888.1727428,1691509888.1743741,1691509888.1636047,1691509888.0630648,1691509888.1636047,126471,4070,10835,10835,24941
561,normal,1691509888.1726701,0.10036174,0.10036174,0.10036174,1691509888.2691059,1691509888.2730319,1691509888.2752609,1691509888.2632484,1691509888.1636047,1691509888.2632484,126488,4102,11584,11584,24038
562,normal,1691509888.2735667,0.10043311000000001,0.10043311000000001,0.10043311000000001,1691509888.3686347,1691509888.3739998,1691509888.3732862,1691509888.3631866,1691509888.2632484,1691509888.3631866,126444,5850,12911,12911,23195
563,normal,1691509888.3739386,0.099199590000000004,0.099199590000000004,0.099199590000000004,1691509888.4663856,1691509888.4731381,1691509888.4744692,1691509888.4638379,1691509888.3631866,1691509888.4638379,126586,7705,11105,11105,22770
564,normal,1691509888.4727068,0.097758990000000004,0.097758990000000004,0.097758990000000004,1691509888.5638158,1691509888.5704658,1691509888.5738699,1691509888.5632184,1691509888.4638379,1691509888.5632184,126819,7714,8603,8603,22634
565,normal,1691509888.5705683,0.097488160000000004,0.097488160000000004,0.097488160000000004,1691509888.6642377,1691509888.6680565,1691509888.67328,1691509888.6638851,1691509888.5632184,1691509888.6638851,127085,4076,4529,4529,22810
566,normal,1691509888.6681857,0.097834310000000008,0.097834310000000008,0.097834310000000008,1691509888.7621808,1691509888.7660201,1691509888.7634189,1691509888.7532706,1691509888.6638851,1691509888.7532706,127154,4024,15045,15045,23200
567,normal,1691509888.766192,0.09784292,0.09784292,0.09784292,1691509888.8605316,1691509888.8640349,1691509888.8632817,1691509888.8536711,1691509888.7532706,1691509888.8536711,126957,3387,11992,11992,23508
568,normal,1691509888.8639133,0.097902680000000006,0.097902680000000006,0.097902680000000006,1691509888.9576542,1691509888.9618161,1691509888.964114,1691509888.9533653,1691509888.8536711,1691509888.9533653,127044,3863,9420,9420,23914
569,normal,1691509888.9623349,0.099888790000000005,0.099888790000000005,0.099888790000000005,1691509889.0586047,1691509889.0622237,1691509889.0641041,1691509889.0533621,1691509888.9533653,1691509889.0533621,127007,3544,10222,10222,23959
570,normal,1691509889.0624249,0.10033032,0.10033032,0.10033032,1691509889.158807,1691509889.1627553,1691509889.1646433,1691509889.153728,1691509889.0533621,1691509889.153728,126718,4032,10519,10519,23543
571,normal,1691509889.1629095,0.10107621,0.10107621,0.10107621,1691509889.2606113,1691509889.2639856,1691509889.2633805,1691509889.2533348,1691509889.153728,1691509889.2533348,126494,3429,12640,12640,22995
572,normal,1691509889.2641513,0.10173626000000001,0.10173626000000001,0.10173626000000001,1691509889.361902,1691509889.3658876,1691509889.3632224,1691509889.3535283,1691509889.2533348,1691509889.3535283,126555,4074,14807,14807,22800
573,normal,1691509889.3661454,0.10288140000000001,0.10288140000000001,0.10288140000000001,1691509889.4649956,1691509889.4690268,1691509889.4734161,1691509889.4632959,1691509889.3535283,1691509889.4632959,126658,4087,6117,6117,23084
574,normal,1691509889.469322,0.10330383000000001,0.10330383000000001,0.10330383000000001,1691509889.5689161,1691509889.5726259,1691509889.5741866,1691509889.5633461,1691509889.4632959,1691509889.5633461,126441,3720,10639,10639,23728
575,normal,1691509889.5725734,0.10238034,0.10238034,0.10238034,1691509889.668901,1691509889.6749537,1691509889.6735833,1691509889.6639862,1691509889.5633461,1691509889.6639862,126073,6378,12697,12697,24390
576,normal,1691509889.6748567,0.10099593000000001,0.10099593000000001,0.10099593000000001,1691509889.7704811,1691509889.7758527,1691509889.7734838,1691509889.7638137,1691509889.6639862,1691509889.7638137,125857,5227,13906,13906,24124
577,normal,1691509889.7758372,0.099556120000000012,0.099556120000000012,0.099556120000000012,1691509889.8703568,1691509889.8753934,1691509889.8735399,1691509889.8633351,1691509889.7638137,1691509889.8633351,126333,4988,13898,13898,23412
578,normal,1691509889.8753443,0.097843370000000013,0.097843370000000013,0.097843370000000013,1691509889.9684978,1691509889.9731877,1691509889.974931,1691509889.9634976,1691509889.8633351,1691509889.9634976,126895,5079,11197,11197,23215
579,normal,1691509889.9732916,0.097071950000000004,0.097071950000000004,0.097071950000000004,1691509890.0671344,1691509890.0703635,1691509890.0738297,1691509890.0633886,1691509889.9634976,1691509890.0633886,126976,3472,8273,8273,23034
580,normal,1691509890.0702512,0.09799542,0.09799542,0.09799542,1691509890.1644318,1691509890.1682467,1691509890.1734476,1691509890.1634853,1691509890.0633886,1691509890.1634853,126873,4111,5276,5276,23122
581,normal,1691509890.1685321,0.097005030000000006,0.097005030000000006,0.097005030000000006,1691509890.2617602,1691509890.2655373,1691509890.2635405,1691509890.2538514,1691509890.1634853,1691509890.2538514,126695,4112,14653,14653,23198
582,normal,1691509890.2655463,0.096545060000000002,0.096545060000000002,0.096545060000000002,1691509890.3586206,1691509890.3620913,1691509890.3642268,1691509890.3534651,1691509890.2538514,1691509890.3534651,126591,3764,10592,10592,23247
583,normal,1691509890.3625116,0.096841969999999999,0.096841969999999999,0.096841969999999999,1691509890.4555628,1691509890.4593537,1691509890.4641674,1691509890.4535253,1691509890.3534651,1691509890.4535253,126585,4073,6730,6730,23541
584,normal,1691509890.4592605,0.097049560000000007,0.097049560000000007,0.097049560000000007,1691509890.5525272,1691509890.5563099,1691509890.5532973,1691509890.5434952,1691509890.4535253,1691509890.5434952,126671,4062,15691,15691,24049
585,normal,1691509890.5562282,0.097596780000000008,0.097596780000000008,0.097596780000000008,1691509890.6499615,1691509890.653825,1691509890.6536038,1691509890.6437404,1691509890.5434952,1691509890.6437404,126693,4031,11624,11624,24315
586,normal,1691509890.6540465,0.09907871,0.09907871,0.09907871,1691509890.7489233,1691509890.7531252,1691509890.7553408,1691509890.7435818,1691509890.6437404,1691509890.7435818,126648,4112,10468,10468,24363
587,normal,1691509890.7536211,0.10036811000000001,0.10036811000000001,0.10036811000000001,1691509890.8500502,1691509890.8539891,1691509890.8536823,1691509890.8436275,1691509890.7435818,1691509890.8436275,127122,3956,12155,12155,24127
588,normal,1691509890.8542333,0.1018068,0.1018068,0.1018068,1691509890.9526317,1691509890.9560401,1691509890.95348,1691509890.9436553,1691509890.8436275,1691509890.9436553,126718,3356,14618,14618,23763
589,normal,1691509890.9561138,0.10337144000000001,0.10337144000000001,0.10337144000000001,1691509891.0560658,1691509891.0594852,1691509891.0634918,1691509891.0535314,1691509890.9436553,1691509891.0535314,126322,3435,6527,6527,23712
590,normal,1691509891.0596685,0.10385967,0.10385967,0.10385967,1691509891.1600685,1691509891.1635282,1691509891.1656299,1691509891.1537123,1691509891.0535314,1691509891.1537123,125934,3447,11268,11268,23700
591,normal,1691509891.1638834,0.10530343,0.10530343,0.10530343,1691509891.2650993,1691509891.269187,1691509891.2737429,1691509891.2636502,1691509891.1537123,1691509891.2636502,126148,4126,5909,5909,23534
592,normal,1691509891.2693179,0.10419951000000001,0.10419951000000001,0.10419951000000001,1691509891.3697946,1691509891.3735173,1691509891.3751655,1691509891.3641152,1691509891.2636502,1691509891.3641152,126061,3760,10793,10793,23216
593,normal,1691509891.3733969,0.10292892000000001,0.10292892000000001,0.10292892000000001,1691509891.4726467,1691509891.4763258,1691509891.473737,1691509891.4639056,1691509891.3641152,1691509891.4639056,126001,3695,14678,14678,22557
594,normal,1691509891.4763224,0.10166599000000001,0.10166599000000001,0.10166599000000001,1691509891.5743546,1691509891.5779884,1691509891.5838642,1691509891.5735595,1691509891.4639056,1691509891.5735595,126044,3544,4551,4551,22180
595,normal,1691509891.5779901,0.099182280000000012,0.099182280000000012,0.099182280000000012,1691509891.6733351,1691509891.6771724,1691509891.674238,1691509891.6638017,1691509891.5735595,1691509891.6638017,126221,3564,16010,16010,22283
596,normal,1691509891.6770403,0.098188420000000012,0.098188420000000012,0.098188420000000012,1691509891.7717006,1691509891.7752287,1691509891.7740777,1691509891.7637138,1691509891.6638017,1691509891.7637138,126412,3454,13421,13421,22696
597,normal,1691509891.7752366,0.09755815000000001,0.09755815000000001,0.09755815000000001,1691509891.8690019,1691509891.8727949,1691509891.8745704,1691509891.8641527,1691509891.7637138,1691509891.8641527,126904,4066,10021,10021,23547
598,normal,1691509891.8728752,0.096990930000000003,0.096990930000000003,0.096990930000000003,1691509891.9663651,1691509891.969866,1691509891.9737661,1691509891.9641597,1691509891.8641527,1691509891.9641597,126939,3772,6620,6620,24196
599,normal,1691509891.9698458,0.096907640000000003,0.096907640000000003,0.096907640000000003,1691509892.0632422,1691509892.0667534,1691509892.0643215,1691509892.05371,1691509891.9641597,1691509892.05371,126887,3764,15836,15836,24421
600,normal,1691509892.0668817,0.09671368000000001,0.09671368000000001,0.09671368000000001,1691509892.1601214,1691509892.1635954,1691509892.1654117,1691509892.1536694,1691509892.05371,1691509892.1536694,126860,3758,12305,12305,24123
601,normal,1691509892.1637037,0.095648210000000011,0.095648210000000011,0.095648210000000011,1691509892.2556031,1691509892.259352,1691509892.2643602,1691509892.2537949,1691509892.1536694,1691509892.2537949,126788,4098,6501,6501,23800
602,normal,1691509892.2595406,0.097303390000000003,0.097303390000000003,0.097303390000000003,1691509892.3533053,1691509892.3568439,1691509892.3542302,1691509892.3436999,1691509892.2537949,1691509892.3436999,127029,3756,15680,15680,23699
603,normal,1691509892.3570516,0.097962570000000013,0.097962570000000013,0.097962570000000013,1691509892.4508991,1691509892.4550142,1691509892.4539239,1691509892.4438405,1691509892.3436999,1691509892.4438405,127037,4356,12942,12942,23510
604,normal,1691509892.4551334,0.098735570000000009,0.098735570000000009,0.098735570000000009,1691509892.5499907,1691509892.553869,1691509892.5558381,1691509892.5438106,1691509892.4438405,1691509892.5438106,126992,3639,11187,11187,23349
605,normal,1691509892.554157,0.10014765,0.10014765,0.10014765,1691509892.6503808,1691509892.6543047,1691509892.653868,1691509892.6438458,1691509892.5438106,1691509892.6438458,127121,3528,11876,11876,23484
606,normal,1691509892.6545374,0.10186988000000001,0.10186988000000001,0.10186988000000001,1691509892.7524536,1691509892.7564073,1691509892.7537975,1691509892.7442248,1691509892.6438458,1691509892.7442248,127092,3988,14569,14569,23863
607,normal,1691509892.7570093,0.10216819000000001,0.10216819000000001,0.10216819000000001,1691509892.8554499,1691509892.8591774,1691509892.864326,1691509892.8544817,1691509892.7442248,1691509892.8544817,126603,3736,4887,4887,24049
608,normal,1691509892.8589087,0.10359355000000001,0.10359355000000001,0.10359355000000001,1691509892.9590404,1691509892.9625022,1691509892.9646854,1691509892.9538717,1691509892.8544817,1691509892.9538717,126712,3452,9744,9744,24141
609,normal,1691509892.9629467,0.10444353000000001,0.10444353000000001,0.10444353000000001,1691509893.063905,1691509893.0673902,1691509893.0643852,1691509893.053896,1691509892.9538717,1691509893.053896,126901,3464,15775,15775,24232
610,normal,1691509893.0674403,0.10476589,0.10476589,0.10476589,1691509893.1687281,1691509893.1722062,1691509893.1755028,1691509893.1643548,1691509893.053896,1691509893.1643548,127071,3492,8753,8753,24429
611,normal,1691509893.1723416,0.10343581,0.10343581,0.10343581,1691509893.2720602,1691509893.2757773,1691509893.274456,1691509893.2639422,1691509893.1643548,1691509893.2639422,126980,3796,13974,13974,24529
612,normal,1691509893.2756417,0.10147814000000001,0.10147814000000001,0.10147814000000001,1691509893.3737817,1691509893.3771198,1691509893.3741577,1691509893.363868,1691509893.2639422,1691509893.363868,126807,3435,16085,16085,24260
613,normal,1691509893.3770661,0.099270940000000002,0.099270940000000002,0.099270940000000002,1691509893.4721887,1691509893.4763372,1691509893.4738579,1691509893.4642587,1691509893.363868,1691509893.4642587,126664,4405,14882,14882,24079
614,normal,1691509893.4761331,0.097668540000000012,0.097668540000000012,0.097668540000000012,1691509893.5694506,1691509893.5738018,1691509893.5753567,1691509893.5638902,1691509893.4642587,1691509893.5638902,126618,4726,12150,12150,23966
615,normal,1691509893.5736988,0.096654820000000002,0.096654820000000002,0.096654820000000002,1691509893.6665568,1691509893.6703537,1691509893.6739399,1691509893.6639183,1691509893.5638902,1691509893.6639183,126545,3972,7363,7363,23798
616,normal,1691509893.6705317,0.097052460000000007,0.097052460000000007,0.097052460000000007,1691509893.7635138,1691509893.7675843,1691509893.7640529,1691509893.7543235,1691509893.6639183,1691509893.7543235,126405,4066,16308,16308,23775
617,normal,1691509893.7676871,0.096547230000000012,0.096547230000000012,0.096547230000000012,1691509893.8604355,1691509893.8642342,1691509893.863905,1691509893.854069,1691509893.7543235,1691509893.854069,126461,3647,12020,12020,23867
618,normal,1691509893.8646207,0.097460620000000012,0.097460620000000012,0.097460620000000012,1691509893.9580164,1691509893.9620812,1691509893.9649918,1691509893.9545703,1691509893.854069,1691509893.9545703,126442,3917,8464,8464,23849
619,normal,1691509893.9618289,0.097070210000000004,0.097070210000000004,0.097070210000000004,1691509894.0553482,1691509894.0588992,1691509894.0641992,1691509894.054023,1691509893.9545703,1691509894.054023,126692,3311,4879,4879,23937
620,normal,1691509894.0593002,0.09928112,0.09928112,0.09928112,1691509894.1546576,1691509894.1585813,1691509894.1640992,1691509894.1543815,1691509894.054023,1691509894.1543815,126527,3617,3944,3944,23908
621,normal,1691509894.158864,0.10030464,0.10030464,0.10030464,1691509894.2555614,1691509894.2591686,1691509894.2643342,1691509894.254117,1691509894.1543815,1691509894.254117,126583,3285,4881,4881,23971
622,normal,1691509894.259203,0.1004656,0.1004656,0.1004656,1691509894.3560181,1691509894.3596685,1691509894.3640594,1691509894.3540726,1691509894.254117,1691509894.3540726,126585,3269,5445,5445,24126
623,normal,1691509894.3599546,0.1019457,0.1019457,0.1019457,1691509894.4577026,1691509894.4619002,1691509894.4651895,1691509894.4543188,1691509894.3540726,1691509894.4543188,126656,3881,8061,8061,24116
624,normal,1691509894.461812,0.10128996000000001,0.10128996000000001,0.10128996000000001,1691509894.5594244,1691509894.563102,1691509894.5651362,1691509894.5542219,1691509894.4543188,1691509894.5542219,126691,3312,9707,9707,24264
625,normal,1691509894.5634875,0.10212881,0.10212881,0.10212881,1691509894.6610281,1691509894.6656163,1691509894.6644552,1691509894.6540308,1691509894.5542219,1691509894.6540308,126566,4205,13077,13077,24312
626,normal,1691509894.6656227,0.10114113000000001,0.10114113000000001,0.10114113000000001,1691509894.7627876,1691509894.7667639,1691509894.7639918,1691509894.7544668,1691509894.6540308,1691509894.7544668,126555,3603,13977,13977,24378
627,normal,1691509894.7668955,0.10134451000000001,0.10134451000000001,0.10134451000000001,1691509894.8641,1691509894.8682401,1691509894.8744736,1691509894.8640137,1691509894.7544668,1691509894.8640137,126515,3942,4045,4045,24316
628,normal,1691509894.8679273,0.099554010000000012,0.099554010000000012,0.099554010000000012,1691509894.9635782,1691509894.9674814,1691509894.9641271,1691509894.9541857,1691509894.8640137,1691509894.9541857,126673,3703,15842,15842,24344
629,normal,1691509894.9679658,0.10079572000000001,0.10079572000000001,0.10079572000000001,1691509895.0634038,1691509895.0687616,1691509895.064353,1691509895.0540752,1691509894.9541857,1691509895.0540752,126529,5297,17515,17515,24267
630,normal,1691509895.0687668,0.099390160000000005,0.099390160000000005,0.099390160000000005,1691509895.1637104,1691509895.1681571,1691509895.1641572,1691509895.1545746,1691509895.0540752,1691509895.1545746,126591,4304,16259,16259,24263
631,normal,1691509895.1680737,0.099182920000000008,0.099182920000000008,0.099182920000000008,1691509895.2634499,1691509895.2672565,1691509895.264672,1691509895.2541561,1691509895.1545746,1691509895.2541561,126597,3721,15941,15941,24202
632,normal,1691509895.2673643,0.098642550000000009,0.098642550000000009,0.098642550000000009,1691509895.3624353,1691509895.3660069,1691509895.3641508,1691509895.3540757,1691509895.2541561,1691509895.3540757,126892,3511,14336,14336,24142
633,normal,1691509895.3662348,0.099450350000000007,0.099450350000000007,0.099450350000000007,1691509895.4620872,1691509895.4656851,1691509895.4646361,1691509895.4541354,1691509895.3540757,1691509895.4541354,126871,3472,13642,13642,24098
634,normal,1691509895.4657328,0.099558080000000007,0.099558080000000007,0.099558080000000007,1691509895.5613894,1691509895.5652909,1691509895.5642688,1691509895.5541663,1691509895.4541354,1691509895.5541663,126928,3769,12943,12943,24071
635,normal,1691509895.5653903,0.099321150000000011,0.099321150000000011,0.099321150000000011,1691509895.6608639,1691509895.6647115,1691509895.6641304,1691509895.6543374,1691509895.5541663,1691509895.6543374,126872,3745,12149,12149,24078
636,normal,1691509895.6646399,0.09867635000000001,0.09867635000000001,0.09867635000000001,1691509895.7576218,1691509895.7633164,1691509895.7654963,1691509895.7547004,1691509895.6543374,1691509895.7547004,126823,5861,9643,9643,24209
637,normal,1691509895.7638311,0.10084771000000001,0.10084771000000001,0.10084771000000001,1691509895.8610289,1691509895.8646789,1691509895.8642867,1691509895.8541992,1691509895.7547004,1691509895.8541992,126665,3463,12128,12128,23975
638,normal,1691509895.8645632,0.10081301000000001,0.10081301000000001,0.10081301000000001,1691509895.9614282,1691509895.9653761,1691509895.964546,1691509895.9543116,1691509895.8541992,1691509895.9543116,126740,3781,12752,12752,23984
639,normal,1691509895.9657326,0.10006050000000001,0.10006050000000001,0.10006050000000001,1691509896.0619082,1691509896.065793,1691509896.0644922,1691509896.0542455,1691509895.9543116,1691509896.0542455,126732,3788,13668,13668,24133
640,normal,1691509896.065712,0.099831210000000004,0.099831210000000004,0.099831210000000004,1691509896.1616306,1691509896.1655431,1691509896.1644287,1691509896.1542902,1691509896.0542455,1691509896.1542902,126851,3859,13260,13260,24137
641,normal,1691509896.1656451,0.10067239,0.10067239,0.10067239,1691509896.2626791,1691509896.2663176,1691509896.2642543,1691509896.2542944,1691509896.1542902,1691509896.2542944,126796,3599,14367,14367,23740
642,normal,1691509896.2665503,0.10036328000000001,0.10036328000000001,0.10036328000000001,1691509896.3632975,1691509896.3669136,1691509896.3642666,1691509896.3549259,1691509896.2542944,1691509896.3549259,126795,3617,14359,14359,23703
643,normal,1691509896.3670063,0.1007629,0.1007629,0.1007629,1691509896.4641318,1691509896.4677691,1691509896.4643633,1691509896.454318,1691509896.3549259,1691509896.454318,126914,3639,16180,16180,23563
644,normal,1691509896.4680092,0.099375950000000005,0.099375950000000005,0.099375950000000005,1691509896.5638297,1691509896.5673852,1691509896.5644183,1691509896.5542936,1691509896.454318,1691509896.5542936,126908,3617,16165,16165,23738
645,normal,1691509896.5672727,0.099488610000000005,0.099488610000000005,0.099488610000000005,1691509896.6631134,1691509896.6667612,1691509896.6642897,1691509896.6547506,1691509896.5542936,1691509896.6547506,126838,3632,14409,14409,23529
646,normal,1691509896.6670947,0.10032262,0.10032262,0.10032262,1691509896.7635174,1691509896.7674174,1691509896.7645209,1691509896.7542841,1691509896.6547506,1691509896.7542841,126817,3971,15936,15936,23171
647,normal,1691509896.7672827,0.099381700000000003,0.099381700000000003,0.099381700000000003,1691509896.8630407,1691509896.8666644,1691509896.8642199,1691509896.8545351,1691509896.7542841,1691509896.8545351,126882,3661,14521,14521,23350
648,normal,1691509896.8668077,0.099844220000000011,0.099844220000000011,0.099844220000000011,1691509896.9630823,1691509896.9666519,1691509896.9642568,1691509896.9546535,1691509896.8545351,1691509896.9546535,126806,3614,14495,14495,23485
649,normal,1691509896.9665928,0.098985840000000005,0.098985840000000005,0.098985840000000005,1691509897.0617027,1691509897.0655787,1691509897.0645947,1691509897.0543439,1691509896.9546535,1691509897.0543439,126953,3953,13373,13373,23692
650,normal,1691509897.0657072,0.099894030000000009,0.099894030000000009,0.099894030000000009,1691509897.1619804,1691509897.1656013,1691509897.1646574,1691509897.1543298,1691509897.0543439,1691509897.1543298,126814,3610,13149,13149,23408
651,normal,1691509897.1658616,0.099927880000000011,0.099927880000000011,0.099927880000000011,1691509897.2616408,1691509897.2657895,1691509897.2645857,1691509897.2542808,1691509897.1543298,1691509897.2542808,126843,4274,13681,13681,23316
652,normal,1691509897.2658353,0.10042278,0.10042278,0.10042278,1691509897.3620231,1691509897.3662581,1691509897.3643782,1691509897.3542826,1691509897.2542808,1691509897.3542826,126700,4263,13763,13763,23247
653,normal,1691509897.3665199,0.10054208000000001,0.10054208000000001,0.10054208000000001,1691509897.4628756,1691509897.467062,1691509897.4643519,1691509897.4549682,1691509897.3542826,1691509897.4549682,126675,4275,13840,13840,23116
654,normal,1691509897.467068,0.098220790000000002,0.098220790000000002,0.098220790000000002,1691509897.5611408,1691509897.5652888,1691509897.5644205,1691509897.5547383,1691509897.4549682,1691509897.5547383,126740,4241,12152,12152,23323
655,normal,1691509897.565361,0.099261640000000012,0.099261640000000012,0.099261640000000012,1691509897.6601615,1691509897.6646225,1691509897.6668282,1691509897.6544139,1691509897.5547383,1691509897.6544139,126730,4573,11681,11681,23152
656,normal,1691509897.6651585,0.10010450000000001,0.10010450000000001,0.10010450000000001,1691509897.7610517,1691509897.7652631,1691509897.7644315,1691509897.7544253,1691509897.6544139,1691509897.7544253,126654,4292,12269,12269,22806
657,normal,1691509897.7649536,0.10018640000000001,0.10018640000000001,0.10018640000000001,1691509897.8612373,1691509897.86514,1691509897.8644848,1691509897.8546259,1691509897.7544253,1691509897.8546259,126708,3994,11871,11871,22636
658,normal,1691509897.8652744,0.10006743000000001,0.10006743000000001,0.10006743000000001,1691509897.9614449,1691509897.9653418,1691509897.964366,1691509897.9548063,1691509897.8546259,1691509897.9548063,126679,3958,11866,11866,22804
659,normal,1691509897.9657488,0.099973610000000004,0.099973610000000004,0.099973610000000004,1691509898.0618181,1691509898.0657225,1691509898.0643959,1691509898.0548446,1691509897.9548063,1691509898.0548446,126731,3983,12398,12398,22934
660,normal,1691509898.0654125,0.099894830000000004,0.099894830000000004,0.099894830000000004,1691509898.1611178,1691509898.1653073,1691509898.1644354,1691509898.1549485,1691509898.0548446,1691509898.1549485,126781,4263,11781,11781,23102
661,normal,1691509898.1655238,0.10013330000000001,0.10013330000000001,0.10013330000000001,1691509898.2617505,1691509898.2656572,1691509898.264564,1691509898.2544794,1691509898.1549485,1691509898.2544794,126817,3924,12807,12807,23285
662,normal,1691509898.2657776,0.099967900000000012,0.099967900000000012,0.099967900000000012,1691509898.3615532,1691509898.3657455,1691509898.3646619,1691509898.3544517,1691509898.2544794,1691509898.3544517,126871,4199,12951,12951,23695
663,normal,1691509898.36573,0.10005171,0.10005171,0.10005171,1691509898.4618907,1691509898.4657817,1691509898.464828,1691509898.4544725,1691509898.3544517,1691509898.4544725,126844,3831,13018,13018,23833
664,normal,1691509898.465903,0.09924065,0.09924065,0.09924065,1691509898.5609846,1691509898.5651436,1691509898.5644157,1691509898.5546753,1691509898.4544725,1691509898.5546753,126901,4064,12020,12020,24123
665,normal,1691509898.5652089,0.098930030000000002,0.098930030000000002,0.098930030000000002,1691509898.6602769,1691509898.664139,1691509898.666003,1691509898.6544526,1691509898.5546753,1691509898.6544526,126862,3702,11069,11069,24368
666,normal,1691509898.6643584,0.098748010000000011,0.098748010000000011,0.098748010000000011,1691509898.7592397,1691509898.7631063,1691509898.7666447,1691509898.7545533,1691509898.6544526,1691509898.7545533,126938,3699,9667,9667,23776
667,normal,1691509898.7632391,0.10013504000000001,0.10013504000000001,0.10013504000000001,1691509898.8588517,1691509898.8633742,1691509898.8651557,1691509898.8545122,1691509898.7545533,1691509898.8545122,126859,4397,10022,10022,22887
668,normal,1691509898.8635249,0.10002756,0.10002756,0.10002756,1691509898.95963,1691509898.9635525,1691509898.9654679,1691509898.954608,1691509898.8545122,1691509898.954608,126764,3727,10179,10179,22255
669,normal,1691509898.9637856,0.10093442000000001,0.10093442000000001,0.10093442000000001,1691509899.0604906,1691509899.0647202,1691509899.0664628,1691509899.0545254,1691509898.954608,1691509899.0545254,126606,4044,11695,11695,21751
670,normal,1691509899.0648246,0.10095282000000001,0.10095282000000001,0.10095282000000001,1691509899.1615384,1691509899.1657774,1691509899.1646225,1691509899.155128,1691509899.0545254,1691509899.155128,126582,4032,12169,12169,21493
671,normal,1691509899.1657987,0.10157486,0.10157486,0.10157486,1691509899.2639999,1691509899.2673736,1691509899.2647245,1691509899.2551944,1691509899.155128,1691509899.2551944,126472,3027,14024,14024,21305
672,normal,1691509899.2676768,0.10165408000000001,0.10165408000000001,0.10165408000000001,1691509899.3656638,1691509899.3693309,1691509899.3745024,1691509899.3649111,1691509899.2551944,1691509899.3649111,126366,3223,4063,4063,21225
673,normal,1691509899.3693063,0.10183152000000001,0.10183152000000001,0.10183152000000001,1691509899.4675052,1691509899.4711378,1691509899.4746535,1691509899.4652395,1691509899.3649111,1691509899.4652395,126525,3401,5988,5988,21187
674,normal,1691509899.4712198,0.10043925000000001,0.10043925000000001,0.10043925000000001,1691509899.5677421,1691509899.5716591,1691509899.5751212,1691509899.5646267,1691509899.4652395,1691509899.5646267,126890,3992,7589,7589,21249
675,normal,1691509899.5716052,0.09946141,0.09946141,0.09946141,1691509899.6671793,1691509899.6710665,1691509899.6746297,1691509899.6652238,1691509899.5646267,1691509899.6652238,126959,4086,6544,6544,21442
676,normal,1691509899.6711562,0.099441060000000012,0.099441060000000012,0.099441060000000012,1691509899.7664356,1691509899.7705972,1691509899.774632,1691509899.7647974,1691509899.6652238,1691509899.7647974,126914,4431,6499,6499,21597
677,normal,1691509899.770674,0.098723600000000009,0.098723600000000009,0.096898590000000007,1691509899.8658397,1691509899.8693976,1691509899.8746855,1691509899.8652134,1691509899.7647974,1691509899.8652134,126962,3828,4623,4623,21597
678,normal,1691509899.8694673,0.098363590000000001,0.098363590000000001,0.093955200000000003,1691509899.9631364,1691509899.9678309,1691509899.9651148,1691509899.9547002,1691509899.8652134,1691509899.9547002,126918,5289,16453,16453,21574
679,normal,1691509899.9679556,0.097467740000000011,0.097467740000000011,0.091797400000000001,1691509900.0593746,1691509900.0654233,1691509900.0646338,1691509900.0549459,1691509899.9547002,1691509900.0549459,126912,7240,13254,13254,21656
680,normal,1691509900.0652096,0.096719860000000005,0.096719860000000005,0.091250850000000008,1691509900.1564605,1691509900.1619294,1691509900.166024,1691509900.154845,1691509900.0549459,1691509900.154845,126908,6499,8798,8798,21759
681,normal,1691509900.1620915,0.096623620000000007,0.096623620000000007,0.09310649,1691509900.255198,1691509900.2587152,1691509900.2646933,1691509900.2546928,1691509900.154845,1691509900.2546928,126875,3912,4605,4605,21760
682,normal,1691509900.2589698,0.097854240000000009,0.097854240000000009,0.095080620000000005,1691509900.353286,1691509900.3568239,1691509900.3546576,1691509900.3450062,1691509900.2546928,1691509900.3450062,126929,3886,14805,14805,21531
683,normal,1691509900.3569121,0.098416140000000013,0.098416140000000013,0.096579850000000009,1691509900.45204,1691509900.4553282,1691509900.4546933,1691509900.445008,1691509900.3450062,1691509900.445008,126903,3483,12503,12503,21583
684,normal,1691509900.4555106,0.099947160000000007,0.099947160000000007,0.099947160000000007,1691509900.55182,1691509900.5554578,1691509900.5546863,1691509900.5450597,1691509900.445008,1691509900.5450597,127082,3782,12153,12153,21314
685,normal,1691509900.5558493,0.10082480000000001,0.10082480000000001,0.10082480000000001,1691509900.6530175,1691509900.6566741,1691509900.6547194,1691509900.6447108,1691509900.5450597,1691509900.6447108,127013,3753,13727,13727,20737
686,normal,1691509900.6567702,0.10146329000000001,0.10146329000000001,0.10146329000000001,1691509900.7545581,1691509900.7582335,1691509900.7547269,1691509900.744699,1691509900.6447108,1691509900.744699,126879,3545,15582,15582,20077
687,normal,1691509900.7583811,0.10239232000000001,0.10239232000000001,0.10239232000000001,1691509900.8573554,1691509900.8607736,1691509900.8646622,1691509900.8549023,1691509900.744699,1691509900.8549023,126823,3054,5743,5743,19327
688,normal,1691509900.8614724,0.10321576,0.10321576,0.10321576,1691509900.9606755,1691509900.9646881,1691509900.9661121,1691509900.9549756,1691509900.8549023,1691509900.9549756,126844,3587,10616,10616,19111
689,normal,1691509900.9644799,0.10383962000000001,0.10383962000000001,0.10383962000000001,1691509901.0641649,1691509901.0683196,1691509901.0647433,1691509901.0547373,1691509900.9549756,1691509901.0547373,126701,3597,15129,15129,18928
690,normal,1691509901.0687072,0.10512324000000001,0.10512324000000001,0.10512324000000001,1691509901.1701045,1691509901.1738305,1691509901.1756687,1691509901.1647563,1691509901.0547373,1691509901.1647563,126481,3423,9753,9753,19305
691,normal,1691509901.1736088,0.10183197000000001,0.10183197000000001,0.10183197000000001,1691509901.2714767,1691509901.2754407,1691509901.2747972,1691509901.2647665,1691509901.1647563,1691509901.2647665,126848,3903,11933,11933,19302
692,normal,1691509901.275286,0.099825510000000006,0.099825510000000006,0.099825510000000006,1691509901.3709614,1691509901.3751116,1691509901.3768482,1691509901.3647637,1691509901.2647665,1691509901.3647637,126950,4383,12007,12007,19616
693,normal,1691509901.3749285,0.098348970000000008,0.098348970000000008,0.098348970000000008,1691509901.4700196,1691509901.4732773,1691509901.47663,1691509901.464787,1691509901.3647637,1691509901.464787,126971,3434,9917,9917,19914
694,normal,1691509901.4733536,0.097930420000000004,0.097930420000000004,0.097548160000000009,1691509901.5674574,1691509901.5712841,1691509901.5747397,1691509901.5648808,1691509901.464787,1691509901.5648808,127015,4129,7429,7429,20319
695,normal,1691509901.5713336,0.097830760000000003,0.097830760000000003,0.095164590000000007,1691509901.6656392,1691509901.6691644,1691509901.6748562,1691509901.6650469,1691509901.5648808,1691509901.6650469,127067,3853,4659,4659,20615
696,normal,1691509901.6692586,0.097632770000000008,0.097632770000000008,0.092972990000000005,1691509901.7622316,1691509901.7668915,1691509901.7647872,1691509901.7550435,1691509901.6650469,1691509901.7550435,127058,5337,15004,15004,20832
697,normal,1691509901.7669771,0.097537510000000008,0.097537510000000008,0.091153830000000005,1691509901.8581309,1691509901.8645146,1691509901.8663347,1691509901.8548076,1691509901.7550435,1691509901.8548076,127022,7717,12197,12197,20926
698,normal,1691509901.86464,0.097248940000000006,0.097248940000000006,0.090027740000000009,1691509901.9546678,1691509901.961889,1691509901.965364,1691509901.9448667,1691509901.8548076,1691509901.9448667,127044,8938,22026,22026,20984
699,normal,1691509901.9620004,0.09672217000000001,0.09672217000000001,0.090118240000000002,1691509902.0521185,1691509902.0587225,1691509902.0548303,1691509902.0454164,1691509901.9448667,1691509902.0454164,127040,8165,17381,17381,21093
700,normal,1691509902.058712,0.097303250000000008,0.097303250000000008,0.091772530000000005,1691509902.1504846,1691509902.1560152,1691509902.155,1691509902.1448879,1691509902.0454164,1691509902.1448879,127075,6595,14144,14144,21097
701,normal,1691509902.1562357,0.098296130000000009,0.098296130000000009,0.09444197,1691509902.2506776,1691509902.2545319,1691509902.2567255,1691509902.2448666,1691509902.1448879,1691509902.2448666,127045,4332,12020,12020,21147
702,normal,1691509902.2548025,0.099311450000000009,0.099311450000000009,0.096589660000000008,1691509902.3505166,1691509902.3541138,1691509902.356611,1691509902.3452735,1691509902.2448666,1691509902.3452735,127077,3863,10719,10719,21136
703,normal,1691509902.3547158,0.10035344,0.10035344,0.09907160000000001,1691509902.4514148,1691509902.4550693,1691509902.4567838,1691509902.4449294,1691509902.3452735,1691509902.4449294,127187,3775,11876,11876,20748
704,normal,1691509902.4548838,0.10133887000000001,0.10133887000000001,0.10133887000000001,1691509902.5525577,1691509902.5562227,1691509902.5550721,1691509902.5449233,1691509902.4449294,1691509902.5449233,127199,3742,12854,12854,20085
705,normal,1691509902.5563769,0.10222624000000001,0.10222624000000001,0.10222624000000001,1691509902.6549032,1691509902.6586032,1691509902.6655965,1691509902.6549025,1691509902.5449233,1691509902.6549025,127074,3666,3773,3773,19185
706,normal,1691509902.6587789,0.10258241000000001,0.10258241000000001,0.10258241000000001,1691509902.7576389,1691509902.7613614,1691509902.7651689,1691509902.7554774,1691509902.6549025,1691509902.7554774,126908,3404,5744,5744,18414
707,normal,1691509902.7615547,0.10222931,0.10222931,0.10222931,1691509902.8600826,1691509902.8637841,1691509902.8656757,1691509902.8548498,1691509902.7554774,1691509902.8548498,126847,3185,9549,9549,18228
708,normal,1691509902.8637934,0.10251563000000001,0.10251563000000001,0.10251563000000001,1691509902.9620094,1691509902.9663091,1691509902.9651363,1691509902.9554987,1691509902.8548498,1691509902.9554987,126796,3917,12186,12186,18492
709,normal,1691509902.9663649,0.10308937,0.10308937,0.10308937,1691509903.0651484,1691509903.0694542,1691509903.0749054,1691509903.0651126,1691509902.9554987,1691509903.0651126,126566,3977,4091,4091,18826
710,normal,1691509903.069665,0.10227337,0.10227337,0.10227337,1691509903.1682773,1691509903.1719384,1691509903.1754427,1691509903.1649537,1691509903.0651126,1691509903.1649537,126438,3300,7373,7373,19270
711,normal,1691509903.1719251,0.10118178000000001,0.10118178000000001,0.10118178000000001,1691509903.2691629,1691509903.2731068,1691509903.2759483,1691509903.2655466,1691509903.1649537,1691509903.2655466,126388,3529,7992,7992,19819
712,normal,1691509903.2731285,0.10037744000000001,0.10037744000000001,0.10037744000000001,1691509903.3699098,1691509903.3735058,1691509903.3767591,1691509903.365032,1691509903.2655466,1691509903.365032,126437,3298,9289,9289,20533
713,normal,1691509903.3736315,0.099417450000000004,0.099417450000000004,0.099417450000000004,1691509903.4691784,1691509903.4730489,1691509903.4762042,1691509903.4656289,1691509903.365032,1691509903.4656289,126686,3820,7995,7995,21123
714,normal,1691509903.4731679,0.098637760000000005,0.098637760000000005,0.098637760000000005,1691509903.5679536,1691509903.5718057,1691509903.5751278,1691509903.5651944,1691509903.4656289,1691509903.5651944,126815,4022,7285,7285,21408
715,normal,1691509903.5717893,0.098356580000000013,0.098356580000000013,0.098356580000000013,1691509903.6663153,1691509903.6701458,1691509903.6749485,1691509903.665164,1691509903.5651944,1691509903.665164,127003,4077,5478,5478,21376
716,normal,1691509903.6702597,0.097698010000000002,0.097698010000000002,0.097698010000000002,1691509903.7641468,1691509903.7679577,1691509903.7651372,1691509903.755105,1691509903.665164,1691509903.755105,127064,4076,15420,15420,21191
717,normal,1691509903.7679212,0.097669610000000004,0.097669610000000004,0.097669610000000004,1691509903.8623443,1691509903.8655908,1691509903.8651066,1691509903.8553662,1691509903.755105,1691509903.8553662,127094,3437,12276,12276,20976
718,normal,1691509903.865612,0.097587000000000007,0.097587000000000007,0.097491960000000003,1691509903.9593906,1691509903.9631991,1691509903.9664204,1691509903.955106,1691509903.8553662,1691509903.955106,127123,4084,9779,9779,20984
719,normal,1691509903.9633186,0.097613900000000003,0.097613900000000003,0.097613900000000003,1691509904.0574021,1691509904.0609324,1691509904.0650468,1691509904.0552845,1691509903.955106,1691509904.0552845,127146,3758,6493,6493,21001
720,normal,1691509904.0610132,0.098279280000000011,0.098279280000000011,0.098279280000000011,1691509904.1557264,1691509904.1592925,1691509904.1651297,1691509904.1552725,1691509904.0552845,1691509904.1552725,127174,3750,4306,4306,20643
721,normal,1691509904.1595347,0.099153340000000006,0.099153340000000006,0.099153340000000006,1691509904.2551041,1691509904.258688,1691509904.2654431,1691509904.2550929,1691509904.1552725,1691509904.2550929,127219,3752,3862,3862,20214
722,normal,1691509904.2588727,0.10008996000000001,0.10008996000000001,0.10008996000000001,1691509904.3550305,1691509904.3589628,1691509904.3550887,1691509904.3454199,1691509904.2550929,1691509904.3454199,127010,4049,15703,15703,19863
723,normal,1691509904.3592741,0.10101217000000001,0.10101217000000001,0.10101217000000001,1691509904.4566226,1691509904.4602864,1691509904.4655187,1691509904.455215,1691509904.3454199,1691509904.455215,127004,3662,5261,5261,19786
724,normal,1691509904.4605095,0.10172930000000001,0.10172930000000001,0.10172930000000001,1691509904.5582564,1691509904.5622389,1691509904.5662539,1691509904.5551517,1691509904.455215,1691509904.5551517,126833,3833,7406,7406,19557
725,normal,1691509904.5624535,0.10222885000000001,0.10222885000000001,0.10222885000000001,1691509904.6603839,1691509904.6646824,1691509904.6664898,1691509904.6556144,1691509904.5551517,1691509904.6556144,126676,4030,9676,9676,19332
726,normal,1691509904.6648147,0.10253134000000001,0.10253134000000001,0.10253134000000001,1691509904.7633424,1691509904.7673461,1691509904.7653008,1691509904.7550936,1691509904.6556144,1691509904.7550936,126535,3718,13744,13744,19271
727,normal,1691509904.7673364,0.10204975000000001,0.10204975000000001,0.10204975000000001,1691509904.8654249,1691509904.8693862,1691509904.8753295,1691509904.8652625,1691509904.7550936,1691509904.8652625,126719,3800,4001,4001,19423
728,normal,1691509904.8695114,0.10104055000000001,0.10104055000000001,0.10104055000000001,1691509904.9666207,1691509904.970552,1691509904.9754667,1691509904.9653304,1691509904.8652625,1691509904.9653304,126772,3867,5358,5358,19728
729,normal,1691509904.9706664,0.10010996000000001,0.10010996000000001,0.10010996000000001,1691509905.0668771,1691509905.0707765,1691509905.0757227,1691509905.0651956,1691509904.9653304,1691509905.0651956,126812,3926,5896,5896,20070
730,normal,1691509905.0705557,0.099391699999999999,0.099391699999999999,0.099391699999999999,1691509905.1663699,1691509905.1699474,1691509905.1751375,1691509905.1657248,1691509905.0651956,1691509905.1657248,126803,3683,4420,4420,20289
731,normal,1691509905.1700528,0.098794160000000006,0.098794160000000006,0.098794160000000006,1691509905.2652926,1691509905.268847,1691509905.2653179,1691509905.2553802,1691509905.1657248,1691509905.2553802,126945,3722,16026,16026,20400
732,normal,1691509905.268925,0.098333590000000012,0.098333590000000012,0.098333590000000012,1691509905.3634148,1691509905.3672585,1691509905.365386,1691509905.3554461,1691509905.2553802,1691509905.3554461,127017,4037,13816,13816,20492
733,normal,1691509905.3672631,0.098346430000000012,0.098346430000000012,0.098346430000000012,1691509905.4620652,1691509905.4656096,1691509905.4653935,1691509905.4554334,1691509905.3554461,1691509905.4554334,126982,3718,11856,11856,20637
734,normal,1691509905.4658408,0.098300500000000013,0.098300500000000013,0.098300500000000013,1691509905.5602965,1691509905.5641413,1691509905.5659034,1691509905.5554163,1691509905.4554334,1691509905.5554163,127053,4033,9929,9929,20914
735,normal,1691509905.5642254,0.098546330000000001,0.098546330000000001,0.098546330000000001,1691509905.6591928,1691509905.6627717,1691509905.6657877,1691509905.6554759,1691509905.5554163,1691509905.6554759,127056,3662,8106,8106,21332
736,normal,1691509905.6629577,0.099810080000000009,0.099810080000000009,0.099810080000000009,1691509905.7588787,1691509905.7627678,1691509905.7661726,1691509905.7554517,1691509905.6554759,1691509905.7554517,127044,4004,8160,8160,21771
737,normal,1691509905.7628872,0.10036539000000001,0.10036539000000001,0.10036539000000001,1691509905.8593421,1691509905.8632526,1691509905.8668237,1691509905.8559275,1691509905.7554517,1691509905.8559275,127025,4027,8078,8078,22188
738,normal,1691509905.8633411,0.10076673000000001,0.10076673000000001,0.10076673000000001,1691509905.9598794,1691509905.9641078,1691509905.9660189,1691509905.9551368,1691509905.8559275,1691509905.9551368,127119,4408,10190,10190,22721
739,normal,1691509905.9643564,0.10047584000000001,0.10047584000000001,0.10047584000000001,1691509906.0609114,1691509906.0648322,1691509906.0665953,1691509906.055727,1691509905.9551368,1691509906.055727,127181,4090,10380,10380,23339
740,normal,1691509906.0647752,0.10052666,0.10052666,0.10052666,1691509906.1613653,1691509906.1653018,1691509906.1673572,1691509906.1553898,1691509906.055727,1691509906.1553898,127124,4104,11335,11335,23134
741,normal,1691509906.1656475,0.10097693000000001,0.10097693000000001,0.10097693000000001,1691509906.2594149,1691509906.2666245,1691509906.2655437,1691509906.2558775,1691509906.1553898,1691509906.2558775,127123,8060,12284,12284,22876
742,normal,1691509906.2666273,0.10077177000000001,0.10077177000000001,0.10077177000000001,1691509906.3602369,1691509906.367399,1691509906.3653476,1691509906.3553231,1691509906.2558775,1691509906.3553231,127034,8101,14085,14085,22791
743,normal,1691509906.3673689,0.10024902000000001,0.10024902000000001,0.10024902000000001,1691509906.4604678,1691509906.467618,1691509906.4654126,1691509906.4556878,1691509906.3553231,1691509906.4556878,127025,8117,13973,13973,22680
744,normal,1691509906.4679031,0.099836060000000004,0.099836060000000004,0.099836060000000004,1691509906.5635574,1691509906.5677392,1691509906.5654275,1691509906.5555794,1691509906.4556878,1691509906.5555794,127005,4436,14475,14475,22651
745,normal,1691509906.5677059,0.099190590000000009,0.099190590000000009,0.099190590000000009,1691509906.6630235,1691509906.6668963,1691509906.6658015,1691509906.6553483,1691509906.5555794,1691509906.6553483,126961,4091,13919,13919,22813
746,normal,1691509906.666991,0.099418190000000004,0.099418190000000004,0.099418190000000004,1691509906.7627954,1691509906.7664092,1691509906.7652819,1691509906.7559617,1691509906.6553483,1691509906.7559617,126912,3735,12390,12390,23230
747,normal,1691509906.7665231,0.099403480000000002,0.099403480000000002,0.099403480000000002,1691509906.8623276,1691509906.8659265,1691509906.8654156,1691509906.8554022,1691509906.7559617,1691509906.8554022,126884,3755,12658,12658,23190
748,normal,1691509906.8658504,0.10021512,0.10021512,0.10021512,1691509906.9624503,1691509906.9660656,1691509906.9652884,1691509906.9557924,1691509906.8554022,1691509906.9557924,126885,3782,12249,12249,22242
749,normal,1691509906.9662094,0.099672350000000007,0.099672350000000007,0.099672350000000007,1691509907.0617023,1691509907.0658817,1691509907.0654347,1691509907.0555561,1691509906.9557924,1691509907.0555561,126878,4447,12478,12478,21623
750,normal,1691509907.0660181,0.099610910000000011,0.099610910000000011,0.099610910000000011,1691509907.1617291,1691509907.1656289,1691509907.165446,1691509907.1554382,1691509907.0555561,1691509907.1554382,126889,4112,12224,12224,21276
751,normal,1691509907.1661263,0.099315580000000001,0.099315580000000001,0.099315580000000001,1691509907.2621539,1691509907.2654419,1691509907.266856,1691509907.2553213,1691509907.1554382,1691509907.2553213,126903,3454,12202,12202,21079
752,normal,1691509907.2651088,0.099203570000000005,0.099203570000000005,0.099203570000000005,1691509907.3607128,1691509907.3643124,1691509907.3662496,1691509907.3554566,1691509907.2553213,1691509907.3554566,126942,3775,10559,10559,20806
753,normal,1691509907.3644605,0.099891640000000004,0.099891640000000004,0.099891640000000004,1691509907.4607327,1691509907.4643521,1691509907.4662249,1691509907.4555228,1691509907.3554566,1691509907.4555228,127007,3780,10400,10400,20382
754,normal,1691509907.4645345,0.10089208000000001,0.10089208000000001,0.10089208000000001,1691509907.5620627,1691509907.5654266,1691509907.5674238,1691509907.5553288,1691509907.4555228,1691509907.5553288,127069,3439,11795,11795,19781
755,normal,1691509907.5656564,0.10132265,0.10132265,0.10132265,1691509907.6633387,1691509907.6669791,1691509907.6658175,1691509907.6553702,1691509907.5553288,1691509907.6553702,127070,3764,13582,13582,19422
756,normal,1691509907.6670024,0.10061050000000001,0.10061050000000001,0.10061050000000001,1691509907.7642806,1691509907.7676129,1691509907.7654719,1691509907.7556987,1691509907.6553702,1691509907.7556987,127039,3428,14064,14064,19094
757,normal,1691509907.7678013,0.09998209000000001,0.09998209000000001,0.09998209000000001,1691509907.8641906,1691509907.8677833,1691509907.8655531,1691509907.8556976,1691509907.7556987,1691509907.8556976,126975,3752,14322,14322,18719
758,normal,1691509907.8679147,0.099691930000000012,0.099691930000000012,0.099691930000000012,1691509907.9637148,1691509907.9676065,1691509907.9655747,1691509907.9555345,1691509907.8556976,1691509907.9555345,126984,4068,14257,14257,18360
759,normal,1691509907.9675899,0.099908110000000008,0.099908110000000008,0.099908110000000008,1691509908.0635858,1691509908.067498,1691509908.0655417,1691509908.0554788,1691509907.9555345,1691509908.0554788,124745,4079,13994,13994,17885
760,normal,1691509908.0676165,0.099918570000000012,0.099918570000000012,0.099918570000000012,1691509908.1630361,1691509908.1675351,1691509908.1655257,1691509908.1554878,1691509908.0554788,1691509908.1554878,120522,4765,14135,14135,17588
761,normal,1691509908.1676028,0.099827920000000001,0.099827920000000001,0.099827920000000001,1691509908.2632298,1691509908.2674308,1691509908.2656839,1691509908.2554948,1691509908.1554878,1691509908.2554948,117267,4421,14042,14042,17405
762,normal,1691509908.2676346,0.099600940000000013,0.099600940000000013,0.099600940000000013,1691509908.3633547,1691509908.3672357,1691509908.3660691,1691509908.3554392,1691509908.2554948,1691509908.3554392,114761,4074,13950,13950,17247
763,normal,1691509908.3672433,0.099401650000000008,0.099401650000000008,0.099401650000000008,1691509908.4627645,1691509908.466645,1691509908.4655638,1691509908.4562426,1691509908.3554392,1691509908.4562426,112570,4085,12357,12357,17035
764,normal,1691509908.4666874,0.099133370000000012,0.099133370000000012,0.099133370000000012,1691509908.5619481,1691509908.5658207,1691509908.5656025,1691509908.5555322,1691509908.4562426,1691509908.5555322,109619,4069,12205,12205,16890
765,normal,1691509908.5658381,0.099389630000000007,0.099389630000000007,0.099389630000000007,1691509908.6610487,1691509908.6652277,1691509908.6671495,1691509908.6556225,1691509908.5555322,1691509908.6556225,105960,4404,11205,11205,16782
766,normal,1691509908.6654966,0.099718430000000011,0.099718430000000011,0.099718430000000011,1691509908.761312,1691509908.7652149,1691509908.767077,1691509908.7556283,1691509908.6556225,1691509908.7556283,101710,4059,11159,11159,16733
767,normal,1691509908.7653913,0.099894690000000008,0.099894690000000008,0.099894690000000008,1691509908.8610935,1691509908.8652861,1691509908.8670037,1691509908.8556614,1691509908.7556283,1691509908.8556614,98117,4397,11133,11133,16646
768,normal,1691509908.8653619,0.099798170000000005,0.099798170000000005,0.099798170000000005,1691509908.9606819,1691509908.9651601,1691509908.9670644,1691509908.9562223,1691509908.8556614,1691509908.9562223,94959,4734,10273,10273,16528
769,normal,1691509908.9652386,0.099908560000000007,0.099908560000000007,0.099908560000000007,1691509909.0615392,1691509909.0651472,1691509909.0671859,1691509909.0562365,1691509908.9562223,1691509909.0562365,92747,3722,10235,10235,16339
770,normal,1691509909.065316,0.10030152000000001,0.10030152000000001,0.10030152000000001,1691509909.1617012,1691509909.1656175,1691509909.1674767,1691509909.155637,1691509909.0562365,1691509909.155637,91554,4056,11377,11377,16288
771,normal,1691509909.1657612,0.10049713,0.10049713,0.10049713,1691509909.2623324,1691509909.2662585,1691509909.2656434,1691509909.2557209,1691509909.155637,1691509909.2557209,91015,4057,12062,12062,16289
772,normal,1691509909.2663002,0.10043614000000001,0.10043614000000001,0.10043614000000001,1691509909.3625157,1691509909.3667364,1691509909.3657269,1691509909.3562775,1691509909.2557209,1691509909.3562775,91216,4395,11948,11948,16339
773,normal,1691509909.3668818,0.10024754000000001,0.10024754000000001,0.10024754000000001,1691509909.4629445,1691509909.4671295,1691509909.4660015,1691509909.4557078,1691509909.3562775,1691509909.4557078,92139,4402,13270,13270,16326
774,normal,1691509909.4671319,0.099836510000000003,0.099836510000000003,0.099836510000000003,1691509909.5627947,1691509909.5669684,1691509909.5659237,1691509909.5557415,1691509909.4557078,1691509909.5557415,93526,4389,12983,12983,16283
775,normal,1691509909.567101,0.099600680000000011,0.099600680000000011,0.099600680000000011,1691509909.6633925,1691509909.6667018,1691509909.6656833,1691509909.6562705,1691509909.5557415,1691509909.6562705,95389,3409,12070,12070,16278
776,normal,1691509909.6668129,0.099538100000000004,0.099538100000000004,0.099538100000000004,1691509909.7621849,1691509909.766351,1691509909.7657144,1691509909.75597,1691509909.6562705,1691509909.75597,97618,4391,11915,11915,16337
777,normal,1691509909.7663555,0.099685920000000011,0.099685920000000011,0.099685920000000011,1691509909.8618343,1691509909.8660414,1691509909.8657284,1691509909.8556688,1691509909.75597,1691509909.8556688,100631,4404,11821,11821,16541
778,normal,1691509909.8661978,0.099872930000000013,0.099872930000000013,0.099872930000000013,1691509909.9615812,1691509909.9660707,1691509909.965703,1691509909.955653,1691509909.8556688,1691509909.955653,104211,4748,11925,11925,16725
779,normal,1691509909.9661653,0.099601020000000012,0.099601020000000012,0.099601020000000012,1691509910.0615835,1691509910.0657663,1691509910.067699,1691509910.0556498,1691509909.955653,1691509910.0556498,107967,4409,11600,11600,16942
780,normal,1691509910.0659454,0.09980116,0.09980116,0.09980116,1691509910.1615577,1691509910.1657465,1691509910.1676917,1691509910.155756,1691509910.0556498,1691509910.155756,111296,4413,11491,11491,17047
781,normal,1691509910.1659327,0.099826190000000009,0.099826190000000009,0.099826190000000009,1691509910.2627444,1691509910.2657588,1691509910.2679756,1691509910.2558417,1691509910.155756,1691509910.2558417,115000,3118,11365,11365,17008
782,normal,1691509910.2658992,0.10000919000000001,0.10000919000000001,0.10000919000000001,1691509910.3620021,1691509910.3659084,1691509910.3679187,1691509910.3558486,1691509910.2558417,1691509910.3558486,119980,4083,11509,11509,17155
783,normal,1691509910.3660636,0.10018194000000001,0.10018194000000001,0.10018194000000001,1691509910.4626293,1691509910.4662457,1691509910.4658911,1691509910.4558418,1691509910.3558486,1691509910.4558418,126164,3768,12004,12004,17481
784,normal,1691509910.4666054,0.099780650000000012,0.099780650000000012,0.099780650000000012,1691509910.562505,1691509910.566386,1691509910.5678473,1691509910.5558424,1691509910.4558418,1691509910.5558424,127103,4092,12216,12216,17963
785,normal,1691509910.5661862,0.099651240000000002,0.099651240000000002,0.099651240000000002,1691509910.6619458,1691509910.6658375,1691509910.6677382,1691509910.6557508,1691509910.5558424,1691509910.6557508,127124,4085,11580,11580,18543
786,normal,1691509910.6659095,0.099463910000000003,0.099463910000000003,0.099463910000000003,1691509910.7617717,1691509910.7653735,1691509910.7671826,1691509910.7564838,1691509910.6557508,1691509910.7564838,127136,3729,10031,10031,18977
787,normal,1691509910.765517,0.09971816,0.09971816,0.09971816,1691509910.8616242,1691509910.8652351,1691509910.8670013,1691509910.8562958,1691509910.7564838,1691509910.8562958,127106,3658,9881,9881,19378
788,normal,1691509910.8653364,0.10058044000000001,0.10058044000000001,0.10058044000000001,1691509910.9623053,1691509910.9659169,1691509910.9682825,1691509910.9559548,1691509910.8562958,1691509910.9559548,127035,3602,11075,11075,19989
789,normal,1691509910.9660408,0.10004432000000001,0.10004432000000001,0.10004432000000001,1691509911.0624635,1691509911.0660851,1691509911.067915,1691509911.0558987,1691509910.9559548,1691509911.0558987,126926,3468,11263,11263,20818
790,normal,1691509911.0662358,0.10011141000000001,0.10011141000000001,0.10011141000000001,1691509911.1624379,1691509911.1663473,1691509911.1659708,1691509911.1559491,1691509911.0558987,1691509911.1559491,126884,3638,11665,11665,21844
791,normal,1691509911.1664407,0.099415740000000002,0.099415740000000002,0.099415740000000002,1691509911.2625546,1691509911.2658565,1691509911.2676513,1691509911.2559934,1691509911.1559491,1691509911.2559934,126951,2899,11092,11092,22790
792,normal,1691509911.2659326,0.10008956000000001,0.10008956000000001,0.10008956000000001,1691509911.3623929,1691509911.3660221,1691509911.3680129,1691509911.3560116,1691509911.2559934,1691509911.3560116,126902,3253,11271,11271,23640
793,normal,1691509911.3662343,0.10035592,0.10035592,0.10035592,1691509911.4629784,1691509911.4665902,1691509911.4660013,1691509911.4560156,1691509911.3560116,1691509911.4560156,126744,3388,12356,12356,23788
794,normal,1691509911.4665663,0.10071557,0.10071557,0.10071557,1691509911.5636425,1691509911.567282,1691509911.5663354,1691509911.5560367,1691509911.4560156,1691509911.5560367,126707,3531,13281,13281,23415
795,normal,1691509911.5673449,0.10041201000000001,0.10041201000000001,0.10041201000000001,1691509911.6643999,1691509911.6677568,1691509911.6661701,1691509911.6560073,1691509911.5560367,1691509911.6560073,126730,3322,13924,13924,23332
796,normal,1691509911.6681585,0.10131368,0.10131368,0.10131368,1691509911.7658391,1691509911.7694721,1691509911.7666109,1691509911.756031,1691509911.6560073,1691509911.756031,126639,3572,16153,16153,23413
797,normal,1691509911.7694302,0.10045987000000001,0.10045987000000001,0.10045987000000001,1691509911.8662369,1691509911.86989,1691509911.8767252,1691509911.8659647,1691509911.756031,1691509911.8659647,126569,3505,3836,3836,23333
798,normal,1691509911.870069,0.10115544000000001,0.10115544000000001,0.10115544000000001,1691509911.96699,1691509911.9712245,1691509911.976419,1691509911.9660883,1691509911.8659647,1691509911.9660883,126373,3988,5169,5169,23145
799,normal,1691509911.971379,0.10081258000000001,0.10081258000000001,0.10081258000000001,1691509912.0685606,1691509912.0721917,1691509912.0760505,1691509912.0662079,1691509911.9660883,1691509912.0662079,126233,3170,5886,5886,23041
800,normal,1691509912.0722101,0.10059405,0.10059405,0.10059405,1691509912.1688921,1691509912.1728041,1691509912.1763608,1691509912.1661105,1691509912.0662079,1691509912.1661105,126421,3663,6858,6858,23460
801,normal,1691509912.1728706,0.10049172000000001,0.10049172000000001,0.10049172000000001,1691509912.2691722,1691509912.2733624,1691509912.2761841,1691509912.26599,1691509912.1661105,1691509912.26599,126954,4424,8215,8215,23542
802,normal,1691509912.2733259,0.09943906000000001,0.09943906000000001,0.09943906000000001,1691509912.3692124,1691509912.3727651,1691509912.3769965,1691509912.3660438,1691509912.26599,1691509912.3660438,127078,3803,7829,7829,23317
803,normal,1691509912.3727458,0.097815360000000004,0.097815360000000004,0.097815360000000004,1691509912.4670248,1691509912.470561,1691509912.4761622,1691509912.4663479,1691509912.3660438,1691509912.4663479,126919,3806,4720,4720,23180
804,normal,1691509912.4705763,0.097902130000000004,0.097902130000000004,0.097902130000000004,1691509912.5643811,1691509912.5684783,1691509912.5660203,1691509912.5567019,1691509912.4663479,1691509912.5567019,126730,4476,14743,14743,23300
805,normal,1691509912.568656,0.097035060000000006,0.097035060000000006,0.097035060000000006,1691509912.6621969,1691509912.6656911,1691509912.6674993,1691509912.6561596,1691509912.5567019,1691509912.6561596,126675,3789,11784,11784,23575
806,normal,1691509912.6656685,0.097239030000000004,0.097239030000000004,0.097239030000000004,1691509912.7588389,1691509912.7629075,1691509912.7664602,1691509912.7561438,1691509912.6561596,1691509912.7561438,126695,4477,8081,8081,23563
807,normal,1691509912.763339,0.09695672000000001,0.09695672000000001,0.09695672000000001,1691509912.8565016,1691509912.8602958,1691509912.8665309,1691509912.856097,1691509912.7561438,1691509912.856097,126642,4130,4701,4701,23251
808,normal,1691509912.8601124,0.09772639000000001,0.09772639000000001,0.09772639000000001,1691509912.9545841,1691509912.9578388,1691509912.95626,1691509912.9460638,1691509912.856097,1691509912.9460638,126622,3446,14575,14575,23039
809,normal,1691509912.9581411,0.098725570000000012,0.098725570000000012,0.098725570000000012,1691509913.0532951,1691509913.0568666,1691509913.056303,1691509913.0465147,1691509912.9460638,1691509913.0465147,126589,3760,12627,12627,23239
810,normal,1691509913.0569291,0.098777160000000003,0.098777160000000003,0.098777160000000003,1691509913.1518476,1691509913.1557062,1691509913.1576087,1691509913.1461384,1691509913.0465147,1691509913.1461384,126620,4073,11465,11465,23614
811,normal,1691509913.1558869,0.099261120000000008,0.099261120000000008,0.099261120000000008,1691509913.2518508,1691509913.2551479,1691509913.2570772,1691509913.2461739,1691509913.1461384,1691509913.2461739,126801,3397,10101,10101,23853
812,normal,1691509913.2553213,0.10088100000000001,0.10088100000000001,0.10088100000000001,1691509913.3525066,1691509913.3562024,1691509913.3563285,1691509913.3462019,1691509913.2461739,1691509913.3462019,126887,3426,10933,10933,24093
813,normal,1691509913.356416,0.10292793,0.10292793,0.10292793,1691509913.4553115,1691509913.4593439,1691509913.4567614,1691509913.4461851,1691509913.3462019,1691509913.4461851,127199,3856,15269,15269,24000
814,normal,1691509913.4597631,0.10312379000000001,0.10312379000000001,0.10312379000000001,1691509913.5588536,1691509913.562887,1691509913.5665481,1691509913.5567851,1691509913.4461851,1691509913.5567851,127017,3965,6503,6503,23958
815,normal,1691509913.5629499,0.10354834,0.10354834,0.10354834,1691509913.6630626,1691509913.6664982,1691509913.6662543,1691509913.6561801,1691509913.5567851,1691509913.6561801,126761,3412,11855,11855,24091
816,normal,1691509913.6668584,0.10413182,0.10413182,0.10413182,1691509913.7672658,1691509913.7709904,1691509913.7761691,1691509913.7663357,1691509913.6561801,1691509913.7663357,126534,3717,4863,4863,24084
817,normal,1691509913.7708278,0.10403953000000001,0.10403953000000001,0.10403953000000001,1691509913.8711658,1691509913.8748672,1691509913.8778944,1691509913.8661942,1691509913.7663357,1691509913.8661942,126485,3635,9818,9818,23541
818,normal,1691509913.8749678,0.10178805,0.10178805,0.10178805,1691509913.9730399,1691509913.9767559,1691509913.9762869,1691509913.9661345,1691509913.8661942,1691509913.9661345,126485,3486,12068,12068,23552
819,normal,1691509913.9767311,0.10121182000000001,0.10121182000000001,0.10121182000000001,1691509914.0737121,1691509914.0779428,1691509914.0766568,1691509914.0661924,1691509913.9661345,1691509914.0661924,126371,3888,13468,13468,23562
820,normal,1691509914.0783091,0.099557800000000002,0.099557800000000002,0.099557800000000002,1691509914.1734436,1691509914.1778669,1691509914.1761806,1691509914.1668749,1691509914.0661924,1691509914.1668749,126652,4430,12667,12667,23841
821,normal,1691509914.1772819,0.098152510000000012,0.098152510000000012,0.098152510000000012,1691509914.2716336,1691509914.2754343,1691509914.2772107,1691509914.2666488,1691509914.1668749,1691509914.2666488,127130,4098,10229,10229,24350
822,normal,1691509914.2754176,0.097298750000000003,0.097298750000000003,0.097298750000000003,1691509914.369204,1691509914.3727164,1691509914.3762836,1691509914.3662179,1691509914.2666488,1691509914.3662179,127139,3788,7657,7657,23918
823,normal,1691509914.3728588,0.097202130000000012,0.097202130000000012,0.097202130000000012,1691509914.4665647,1691509914.4700608,1691509914.4764671,1691509914.4662657,1691509914.3662179,1691509914.4662657,126911,3770,4219,4219,23444
824,normal,1691509914.4700885,0.096793420000000005,0.096793420000000005,0.096793420000000005,1691509914.5636683,1691509914.5668819,1691509914.5664003,1691509914.5568612,1691509914.4662657,1691509914.5568612,126826,3459,12398,12398,23249
825,normal,1691509914.5669498,0.095964810000000011,0.095964810000000011,0.095964810000000011,1691509914.6591916,1691509914.6629148,1691509914.6664424,1691509914.6563823,1691509914.5568612,1691509914.6563823,126801,4121,7933,7933,23133
826,normal,1691509914.6630621,0.09568132,0.09568132,0.09568132,1691509914.7549915,1691509914.7587435,1691509914.7562771,1691509914.7463634,1691509914.6563823,1691509914.7463634,126672,4102,15589,15589,23078
827,normal,1691509914.7589207,0.097183100000000008,0.097183100000000008,0.097183100000000008,1691509914.8522782,1691509914.8561037,1691509914.8578699,1691509914.8463452,1691509914.7463634,1691509914.8463452,126681,4103,11791,11791,23349
828,normal,1691509914.8563302,0.09757629000000001,0.09757629000000001,0.09757629000000001,1691509914.950084,1691509914.9539065,1691509914.9575253,1691509914.9467406,1691509914.8463452,1691509914.9467406,126707,4091,8331,8331,23762
829,normal,1691509914.9540358,0.09851362000000001,0.09851362000000001,0.09851362000000001,1691509915.0486615,1691509915.0525494,1691509915.0562673,1691509915.0470095,1691509914.9467406,1691509915.0470095,126694,3876,5795,5795,24225
830,normal,1691509915.0532196,0.10089095000000001,0.10089095000000001,0.10089095000000001,1691509915.1504395,1691509915.1541104,1691509915.1575096,1691509915.1464865,1691509915.0470095,1691509915.1464865,126907,3420,7940,7940,24762
831,normal,1691509915.1540976,0.10279208000000001,0.10279208000000001,0.10279208000000001,1691509915.2531724,1691509915.2568896,1691509915.2564287,1691509915.2463846,1691509915.1464865,1691509915.2463846,127199,3546,11962,11962,24485
832,normal,1691509915.257071,0.10339566,0.10339566,0.10339566,1691509915.3570316,1691509915.3604667,1691509915.3664405,1691509915.356338,1691509915.2463846,1691509915.356338,126968,3304,4080,4080,23672
833,normal,1691509915.3606019,0.10363675,0.10363675,0.10363675,1691509915.460484,1691509915.4642386,1691509915.4664211,1691509915.4566555,1691509915.356338,1691509915.4566555,126724,3698,8374,8374,23591
834,normal,1691509915.4643586,0.10368509000000001,0.10368509000000001,0.10368509000000001,1691509915.5646055,1691509915.5680437,1691509915.5667732,1691509915.5564728,1691509915.4566555,1691509915.5564728,126468,3415,13544,13544,23986
835,normal,1691509915.5681098,0.10382662000000001,0.10382662000000001,0.10382662000000001,1691509915.6678834,1691509915.6719363,1691509915.6765244,1691509915.666389,1691509915.5564728,1691509915.666389,126377,4067,5851,5851,23961
836,normal,1691509915.6720989,0.10291525,0.10291525,0.10291525,1691509915.7710063,1691509915.7750142,1691509915.7769334,1691509915.7664943,1691509915.666389,1691509915.7664943,126331,4027,9756,9756,23879
837,normal,1691509915.7750404,0.10121028,0.10121028,0.10121028,1691509915.872278,1691509915.8762507,1691509915.8780205,1691509915.8669975,1691509915.7664943,1691509915.8669975,126428,3924,10672,10672,23881
838,normal,1691509915.8763382,0.10103568,0.10103568,0.10103568,1691509915.9731421,1691509915.9773738,1691509915.9764566,1691509915.966634,1691509915.8669975,1691509915.966634,126163,3944,12329,12329,23782
839,normal,1691509915.9772789,0.099050400000000011,0.099050400000000011,0.099050400000000011,1691509916.0693088,1691509916.0763292,1691509916.07828,1691509916.0665197,1691509915.966634,1691509916.0665197,126224,7302,11083,11083,23658
840,normal,1691509916.076616,0.098314270000000009,0.098314270000000009,0.098314270000000009,1691509916.1685302,1691509916.1749303,1691509916.1780045,1691509916.1664624,1691509916.0665197,1691509916.1664624,126634,6757,9345,9345,23662
841,normal,1691509916.1744843,0.098322930000000003,0.098322930000000003,0.098322930000000003,1691509916.2692759,1691509916.2728071,1691509916.2764254,1691509916.2669642,1691509916.1664624,1691509916.2669642,126998,3771,6650,6650,23827
842,normal,1691509916.2729373,0.097595080000000001,0.097595080000000001,0.097595080000000001,1691509916.3670218,1691509916.3705323,1691509916.3770056,1691509916.3663659,1691509916.2669642,1691509916.3663659,127120,3760,4551,4551,24156
843,normal,1691509916.3705616,0.097335660000000004,0.097335660000000004,0.097335660000000004,1691509916.4643817,1691509916.4678972,1691509916.4667501,1691509916.4565659,1691509916.3663659,1691509916.4565659,126979,3769,13988,13988,23994
844,normal,1691509916.4681265,0.096781980000000004,0.096781980000000004,0.096781980000000004,1691509916.5613987,1691509916.5649085,1691509916.5680113,1691509916.5564528,1691509916.4565659,1691509916.5564528,126898,3765,10287,10287,23297
845,normal,1691509916.5649517,0.097186150000000013,0.097186150000000013,0.097186150000000013,1691509916.6586292,1691509916.6621377,1691509916.6670885,1691509916.6564481,1691509916.5564528,1691509916.6564481,126824,3755,6496,6496,22956
846,normal,1691509916.6627059,0.097010610000000011,0.097010610000000011,0.097010610000000011,1691509916.756201,1691509916.7597165,1691509916.7565923,1691509916.7465053,1691509916.6564481,1691509916.7465053,126846,3732,16497,16497,23023
847,normal,1691509916.7593617,0.09761278000000001,0.09761278000000001,0.09761278000000001,1691509916.8531618,1691509916.8569746,1691509916.8565435,1691509916.8466623,1691509916.7465053,1691509916.8466623,126878,4058,12620,12620,23122
848,normal,1691509916.8570392,0.099129010000000004,0.099129010000000004,0.099129010000000004,1691509916.9525619,1691509916.9561682,1691509916.958477,1691509916.9465182,1691509916.8466623,1691509916.9465182,126895,3726,11335,11335,23127
849,normal,1691509916.9565592,0.10046623,0.10046623,0.10046623,1691509917.0530879,1691509917.0570254,1691509917.0565751,1691509917.0464921,1691509916.9465182,1691509917.0464921,126878,4029,11814,11814,23125
850,normal,1691509917.0571668,0.10054177,0.10054177,0.10054177,1691509917.1537728,1691509917.1577086,1691509917.1567776,1691509917.1472263,1691509917.0464921,1691509917.1472263,126797,3815,11641,11641,23170
851,normal,1691509917.1579978,0.10217623000000001,0.10217623000000001,0.10217623000000001,1691509917.2561588,1691509917.260174,1691509917.2566547,1691509917.2465992,1691509917.1472263,1691509917.2465992,127214,3943,15944,15944,23229
852,normal,1691509917.2605066,0.10307147000000001,0.10307147000000001,0.10307147000000001,1691509917.3598809,1691509917.3635781,1691509917.3671517,1691509917.35671,1691509917.2465992,1691509917.35671,127039,3641,7524,7524,23143
853,normal,1691509917.3635247,0.10328714,0.10328714,0.10328714,1691509917.4633863,1691509917.4668119,1691509917.4667115,1691509917.4567816,1691509917.35671,1691509917.4567816,126898,3419,11638,11638,23147
854,normal,1691509917.4668481,0.10357163000000001,0.10357163000000001,0.10357163000000001,1691509917.5669997,1691509917.5704198,1691509917.5769203,1691509917.5667276,1691509917.4567816,1691509917.5667276,126591,3414,3745,3745,23386
855,normal,1691509917.5707743,0.10227045000000001,0.10227045000000001,0.10227045000000001,1691509917.6696694,1691509917.6730447,1691509917.6767929,1691509917.6669276,1691509917.5667276,1691509917.6669276,126499,3382,6712,6712,23764
856,normal,1691509917.6729641,0.10178176000000001,0.10178176000000001,0.10178176000000001,1691509917.77104,1691509917.7747459,1691509917.7785339,1691509917.7672875,1691509917.6669276,1691509917.7672875,126569,3646,8302,8302,23950
857,normal,1691509917.7749686,0.10147962000000001,0.10147962000000001,0.10147962000000001,1691509917.8722203,1691509917.8764482,1691509917.8781192,1691509917.8672862,1691509917.7672875,1691509917.8672862,126491,4135,10496,10496,23744
858,normal,1691509917.8763771,0.099777150000000009,0.099777150000000009,0.099777150000000009,1691509917.9713864,1691509917.9761543,1691509917.978014,1691509917.9670935,1691509917.8672862,1691509917.9670935,126328,4602,10198,10198,23373
859,normal,1691509917.9761903,0.098917160000000004,0.098917160000000004,0.098917160000000004,1691509918.0669336,1691509918.0751076,1691509918.0769727,1691509918.0668101,1691509917.9670935,1691509918.0668101,126319,8820,9073,9073,23375
860,normal,1691509918.0751135,0.098178020000000005,0.098178020000000005,0.098178020000000005,1691509918.1643004,1691509918.1732914,1691509918.1769526,1691509918.1567988,1691509918.0668101,1691509918.1567988,126680,9949,19998,19998,23635
861,normal,1691509918.1733801,0.09783828,0.09783828,0.09783828,1691509918.2619116,1691509918.2712183,1691509918.2669325,1691509918.2568505,1691509918.1567988,1691509918.2568505,126800,10438,16968,16968,23553
862,normal,1691509918.27127,0.097529050000000006,0.097529050000000006,0.097529050000000006,1691509918.3621335,1691509918.368799,1691509918.3668973,1691509918.3570006,1691509918.2568505,1691509918.3570006,126942,7645,13983,13983,23333
863,normal,1691509918.3689475,0.097446420000000006,0.097446420000000006,0.097446420000000006,1691509918.4600308,1691509918.4663939,1691509918.4682035,1691509918.4569321,1691509918.3570006,1691509918.4569321,127017,7361,11455,11455,23291
864,normal,1691509918.4664116,0.09751775,0.09751775,0.09751775,1691509918.5606959,1691509918.5639293,1691509918.5674818,1691509918.5568755,1691509918.4569321,1691509918.5568755,126846,3435,8415,8415,23537
865,normal,1691509918.564008,0.098003840000000009,0.098003840000000009,0.098003840000000009,1691509918.6584804,1691509918.6620119,1691509918.6672935,1691509918.6569519,1691509918.5568755,1691509918.6569519,126783,3770,5637,5637,23535
866,normal,1691509918.6621878,0.097376760000000007,0.097376760000000007,0.097376760000000007,1691509918.7557518,1691509918.7595646,1691509918.7569594,1691509918.7469206,1691509918.6569519,1691509918.7469206,126731,4092,15444,15444,23416
867,normal,1691509918.7596838,0.098519370000000009,0.098519370000000009,0.098519370000000009,1691509918.8543508,1691509918.8582032,1691509918.857172,1691509918.8469596,1691509918.7469206,1691509918.8469596,126818,4091,13425,13425,23570
868,normal,1691509918.8583491,0.099575759999999999,0.099575759999999999,0.099575759999999999,1691509918.9540448,1691509918.9579248,1691509918.9569383,1691509918.9475651,1691509918.8469596,1691509918.9475651,126750,4080,12090,12090,23875
869,normal,1691509918.9580903,0.099800100000000003,0.099800100000000003,0.099800100000000003,1691509919.0542626,1691509919.0578904,1691509919.0570681,1691509919.0475724,1691509918.9475651,1691509919.0475724,126738,3706,11631,11631,23925
870,normal,1691509919.0581362,0.10016727,0.10016727,0.10016727,1691509919.15466,1691509919.1583035,1691509919.1573255,1691509919.1470857,1691509919.0475724,1691509919.1470857,126800,3575,12541,12541,23403
871,normal,1691509919.1585639,0.10101296000000001,0.10101296000000001,0.10101296000000001,1691509919.2553148,1691509919.2595768,1691509919.2570307,1691509919.2474723,1691509919.1470857,1691509919.2474723,127258,4390,14380,14380,22681
872,normal,1691509919.2597725,0.10166157000000001,0.10166157000000001,0.10166157000000001,1691509919.3580337,1691509919.3614342,1691509919.3669357,1691509919.3572154,1691509919.2474723,1691509919.3572154,127125,3422,4445,4445,22148
873,normal,1691509919.3617065,0.10246002000000001,0.10246002000000001,0.10246002000000001,1691509919.4607384,1691509919.4641664,1691509919.467767,1691509919.4570403,1691509919.3572154,1691509919.4570403,126827,3435,7954,7954,22116
874,normal,1691509919.4642286,0.10290735000000001,0.10290735000000001,0.10290735000000001,1691509919.5634191,1691509919.567136,1691509919.5690241,1691509919.5570509,1691509919.4570403,1691509919.5570509,126554,3798,11810,11810,22571
875,normal,1691509919.5672257,0.10306184,0.10306184,0.10306184,1691509919.6665583,1691509919.6702876,1691509919.6674955,1691509919.6571064,1691509919.5570509,1691509919.6571064,126315,3778,15619,15619,23226
876,normal,1691509919.670378,0.10274798,0.10274798,0.10274798,1691509919.7691004,1691509919.7731259,1691509919.777061,1691509919.7670918,1691509919.6571064,1691509919.7670918,126326,4057,6469,6469,23662
877,normal,1691509919.7733052,0.10170687,0.10170687,0.10170687,1691509919.8710246,1691509919.8750122,1691509919.8783724,1691509919.867388,1691509919.7670918,1691509919.867388,126454,3950,8521,8521,23807
878,normal,1691509919.8750033,0.10159127000000001,0.10159127000000001,0.10159127000000001,1691509919.9706051,1691509919.9765947,1691509919.9782488,1691509919.9674294,1691509919.867388,1691509919.9674294,126336,6120,10296,10296,23580
879,normal,1691509919.976495,0.099922770000000008,0.099922770000000008,0.099922770000000008,1691509920.0713687,1691509920.0764177,1691509920.0782144,1691509920.0674405,1691509919.9674294,1691509920.0674405,126429,4836,9796,9796,23588
880,normal,1691509920.0764186,0.098478889999999999,0.098478889999999999,0.098478889999999999,1691509920.1690719,1691509920.1748974,1691509920.1770625,1691509920.1675971,1691509920.0674405,1691509920.1675971,126646,6020,7800,7800,23961
881,normal,1691509920.174947,0.097319890000000006,0.097319890000000006,0.097319890000000006,1691509920.2645028,1691509920.2722669,1691509920.2672319,1691509920.2574272,1691509920.1675971,1691509920.2574272,126762,8584,17745,17745,24297
882,normal,1691509920.2722821,0.098481010000000008,0.098481010000000008,0.098481010000000008,1691509920.3625956,1691509920.3707631,1691509920.3672004,1691509920.3573949,1691509920.2574272,1691509920.3573949,126864,9330,15635,15635,24243
883,normal,1691509920.3709652,0.097830200000000006,0.097830200000000006,0.097830200000000006,1691509920.4601262,1691509920.4687955,1691509920.4676185,1691509920.4571621,1691509920.3573949,1691509920.4571621,126757,10189,13851,13851,24214
884,normal,1691509920.46876,0.097809400000000005,0.097809400000000005,0.097809400000000005,1691509920.5586972,1691509920.5665693,1691509920.5685935,1691509920.5572212,1691509920.4571621,1691509920.5572212,126461,9115,11083,11083,23805
885,normal,1691509920.566813,0.097716190000000008,0.097716190000000008,0.097716190000000008,1691509920.6572533,1691509920.6645291,1691509920.6685143,1691509920.647454,1691509920.5572212,1691509920.647454,126776,8489,20874,20874,23674
886,normal,1691509920.6647315,0.096591670000000004,0.096591670000000004,0.096591670000000004,1691509920.7547092,1691509920.7613232,1691509920.7572346,1691509920.7478886,1691509920.647454,1691509920.7478886,126707,7720,16626,16626,23934
887,normal,1691509920.7612419,0.09716733000000001,0.09716733000000001,0.09716733000000001,1691509920.8525538,1691509920.8584092,1691509920.857532,1691509920.8473024,1691509920.7478886,1691509920.8473024,126686,6591,13235,13235,24001
888,normal,1691509920.8586371,0.098328830000000006,0.098328830000000006,0.098328830000000006,1691509920.952534,1691509920.9569659,1691509920.9589281,1691509920.9472101,1691509920.8473024,1691509920.9472101,126734,4747,11345,11345,24103
889,normal,1691509920.9571397,0.098885170000000008,0.098885170000000008,0.098885170000000008,1691509921.0524414,1691509921.0560248,1691509921.0578995,1691509921.0471938,1691509920.9472101,1691509921.0471938,126761,3639,9822,9822,24230
890,normal,1691509921.0561304,0.10091762,0.10091762,0.10091762,1691509921.1533985,1691509921.157048,1691509921.159147,1691509921.1473408,1691509921.0471938,1691509921.1473408,126766,3426,10647,10647,24535
891,normal,1691509921.1573486,0.10171905000000001,0.10171905000000001,0.10171905000000001,1691509921.2553952,1691509921.2590678,1691509921.25793,1691509921.2473621,1691509921.1473408,1691509921.2473621,127035,3507,13540,13540,25037
892,normal,1691509921.2593548,0.10250937,0.10250937,0.10250937,1691509921.3581476,1691509921.3618641,1691509921.3673954,1691509921.3576198,1691509921.2473621,1691509921.3576198,126939,3595,4264,4264,24838
893,normal,1691509921.3625207,0.10287685000000001,0.10287685000000001,0.10287685000000001,1691509921.4613683,1691509921.4653976,1691509921.4687366,1691509921.4573624,1691509921.3576198,1691509921.4573624,126716,3996,8951,8951,24534
894,normal,1691509921.4651091,0.10406546000000001,0.10406546000000001,0.10406546000000001,1691509921.5654318,1691509921.5691745,1691509921.5679746,1691509921.5573926,1691509921.4573624,1691509921.5573926,126578,3660,13688,13688,24405
895,normal,1691509921.5692706,0.10305527,0.10305527,0.10305527,1691509921.6686261,1691509921.6723258,1691509921.6774693,1691509921.6677833,1691509921.5573926,1691509921.6677833,126512,3642,4666,4666,24556
896,normal,1691509921.6722507,0.10246727000000001,0.10246727000000001,0.10246727000000001,1691509921.7704315,1691509921.774718,1691509921.7775183,1691509921.7672579,1691509921.6677833,1691509921.7672579,126481,4232,8184,8184,24377
897,normal,1691509921.7747674,0.10126589000000001,0.10126589000000001,0.10126589000000001,1691509921.8688526,1691509921.8760333,1691509921.8778741,1691509921.8673236,1691509921.7672579,1691509921.8673236,126649,7741,9776,9776,24140
898,normal,1691509921.8760026,0.099535709999999999,0.099535709999999999,0.099535709999999999,1691509921.9690044,1691509921.9755383,1691509921.9775436,1691509921.9673734,1691509921.8673236,1691509921.9673734,126633,6810,8947,8947,23937
899,normal,1691509921.9756021,0.098914770000000013,0.098914770000000013,0.098914770000000013,1691509922.0671368,1691509922.074517,1691509922.0781562,1691509922.0579,1691509921.9673734,1691509922.0579,126540,7750,19894,19894,24056
900,normal,1691509922.0746493,0.098561370000000009,0.098561370000000009,0.098561370000000009,1691509922.1693721,1691509922.1732106,1691509922.1781399,1691509922.1674387,1691509922.0579,1691509922.1674387,126804,4042,6344,6344,24208
901,normal,1691509922.1732459,0.097912570000000004,0.097912570000000004,0.097912570000000004,1691509922.263344,1691509922.2711585,1691509922.2674549,1691509922.2577336,1691509922.1674387,1691509922.2577336,126881,9013,16020,16020,24002
902,normal,1691509922.2710731,0.097656130000000008,0.097656130000000008,0.097656130000000008,1691509922.3617868,1691509922.3687291,1691509922.3676903,1691509922.3574805,1691509922.2577336,1691509922.3574805,126822,8117,13473,13473,23568
903,normal,1691509922.3688569,0.097430200000000008,0.097430200000000008,0.097430200000000008,1691509922.4601872,1691509922.4662871,1691509922.4682896,1691509922.4576101,1691509922.3574805,1691509922.4576101,126821,7001,10479,10479,23008
904,normal,1691509922.4664607,0.097976500000000008,0.097976500000000008,0.097976500000000008,1691509922.5608687,1691509922.5644372,1691509922.5680726,1691509922.5575039,1691509922.4576101,1691509922.5575039,126782,3793,8063,8063,22673
905,normal,1691509922.5646267,0.098440720000000009,0.098440720000000009,0.098440720000000009,1691509922.659215,1691509922.6630673,1691509922.668205,1691509922.6575537,1691509922.5575039,1691509922.6575537,126812,4113,6266,6266,22715
906,normal,1691509922.6631784,0.098717860000000004,0.098717860000000004,0.098717860000000004,1691509922.756289,1691509922.7618964,1691509922.757797,1691509922.7474244,1691509922.6575537,1691509922.7474244,126868,6237,17282,17282,22992
907,normal,1691509922.7620666,0.099706590000000012,0.099706590000000012,0.099706590000000012,1691509922.857862,1691509922.8617733,1691509922.867461,1691509922.857548,1691509922.7474244,1691509922.857548,126878,4098,4552,4552,23126
908,normal,1691509922.8619168,0.099567790000000003,0.099567790000000003,0.099567790000000003,1691509922.9569931,1691509922.9614847,1691509922.95753,1691509922.9478381,1691509922.857548,1691509922.9478381,126890,4761,15937,15937,23302
909,normal,1691509922.9615839,0.099991130000000011,0.099991130000000011,0.099991130000000011,1691509923.0576389,1691509923.0615749,1691509923.0677621,1691509923.0575795,1691509922.9478381,1691509923.0575795,126925,4033,4143,4143,23446
910,normal,1691509923.0618503,0.10079848000000001,0.10079848000000001,0.10079848000000001,1691509923.1586964,1691509923.1626487,1691509923.1679485,1691509923.1576736,1691509923.0575795,1691509923.1576736,126914,3869,5007,5007,23563
911,normal,1691509923.1628702,0.10142397,0.10142397,0.10142397,1691509923.2600174,1691509923.2642941,1691509923.2677886,1691509923.2576115,1691509923.1576736,1691509923.2576115,126969,4044,6831,6831,23891
912,normal,1691509923.2644587,0.10115021,0.10115021,0.10115021,1691509923.3616593,1691509923.3656089,1691509923.3687491,1691509923.358079,1691509923.2576115,1691509923.358079,127101,3703,8099,8099,24269
913,normal,1691509923.3657017,0.1015027,0.1015027,0.1015027,1691509923.4629157,1691509923.4672043,1691509923.4690151,1691509923.4579673,1691509923.358079,1691509923.4579673,127055,4072,10320,10320,24925
914,normal,1691509923.4674144,0.10187684000000001,0.10187684000000001,0.10187684000000001,1691509923.5659215,1691509923.5692911,1691509923.5679972,1691509923.5578134,1691509923.4579673,1691509923.5578134,126971,3174,13385,13385,25325
915,normal,1691509923.5692437,0.10112779000000001,0.10112779000000001,0.10112779000000001,1691509923.6667385,1691509923.6703715,1691509923.6676464,1691509923.6582234,1691509923.5578134,1691509923.6582234,126909,3561,14482,14482,25165
916,normal,1691509923.670392,0.10110129000000001,0.10110129000000001,0.10110129000000001,1691509923.767556,1691509923.7714934,1691509923.7676284,1691509923.7577262,1691509923.6582234,1691509923.7577262,126820,3964,16599,16599,25297
917,normal,1691509923.7715311,0.10138043000000001,0.10138043000000001,0.10138043000000001,1691509923.8692613,1691509923.8729115,1691509923.8784022,1691509923.8677564,1691509923.7577262,1691509923.8677564,126745,3568,5433,5433,25428
918,normal,1691509923.8732071,0.10094769000000001,0.10094769000000001,0.10094769000000001,1691509923.9702358,1691509923.9741547,1691509923.9778206,1691509923.9681485,1691509923.8677564,1691509923.9681485,126750,3817,6454,6454,25495
919,normal,1691509923.9741306,0.10040797000000001,0.10040797000000001,0.10040797000000001,1691509924.0697265,1691509924.0745387,1691509924.0788789,1691509924.0677638,1691509923.9681485,1691509924.0677638,126630,4700,7120,7120,25381
920,normal,1691509924.0746214,0.099749990000000011,0.099749990000000011,0.099749990000000011,1691509924.168699,1691509924.1743715,1691509924.1781964,1691509924.1677718,1691509924.0677638,1691509924.1677718,126617,5595,6785,6785,24842
921,normal,1691509924.1744831,0.099927420000000003,0.099927420000000003,0.099927420000000003,1691509924.2679286,1691509924.2744105,1691509924.2780411,1691509924.2678189,1691509924.1677718,1691509924.2678189,126894,6858,7089,7089,25045
922,normal,1691509924.2744336,0.098418480000000003,0.098418480000000003,0.098418480000000003,1691509924.3661501,1691509924.3728521,1691509924.3777046,1691509924.3578441,1691509924.2678189,1691509924.3578441,126941,7404,17965,17965,25179
923,normal,1691509924.3728213,0.098170220000000002,0.098170220000000002,0.098170220000000002,1691509924.4631593,1691509924.4709916,1691509924.4683483,1691509924.4577165,1691509924.3578441,1691509924.4577165,126923,8945,15609,15609,25073
924,normal,1691509924.4710174,0.098188030000000009,0.098188030000000009,0.098188030000000009,1691509924.5633419,1691509924.5692053,1691509924.5682478,1691509924.5577796,1691509924.4577165,1691509924.5577796,127039,6581,13589,13589,24805
925,normal,1691509924.5694935,0.098290270000000013,0.098290270000000013,0.098290270000000013,1691509924.6617177,1691509924.6677837,1691509924.6692312,1691509924.6577489,1691509924.5577796,1691509924.6577489,126977,6931,12149,12149,24690
926,normal,1691509924.6675959,0.097693220000000011,0.097693220000000011,0.097693220000000011,1691509924.7594488,1691509924.7652891,1691509924.7688825,1691509924.7581952,1691509924.6577489,1691509924.7581952,126876,6558,8311,8311,24739
927,normal,1691509924.7655244,0.097993930000000007,0.097993930000000007,0.097993930000000007,1691509924.8576701,1691509924.8635182,1691509924.8677714,1691509924.8477614,1691509924.7581952,1691509924.8477614,126653,6552,19043,19043,24663
928,normal,1691509924.8636186,0.097927449999999999,0.097927449999999999,0.097927449999999999,1691509924.9566245,1691509924.9615459,1691509924.9577656,1691509924.9482479,1691509924.8477614,1691509924.9482479,126684,5479,16189,16189,24657
929,normal,1691509924.9615531,0.097538730000000004,0.097538730000000004,0.097538730000000004,1691509925.0555508,1691509925.0590918,1691509925.0581293,1691509925.0477796,1691509924.9482479,1691509925.0477796,126751,3729,13327,13327,24474
930,normal,1691509925.0592511,0.099002450000000006,0.099002450000000006,0.099002450000000006,1691509925.154644,1691509925.1582534,1691509925.1578157,1691509925.1479785,1691509925.0477796,1691509925.1479785,126765,3602,11469,11469,24482
931,normal,1691509925.1585753,0.10009530000000001,0.10009530000000001,0.10009530000000001,1691509925.254729,1691509925.2586706,1691509925.2578034,1691509925.248148,1691509925.1479785,1691509925.248148,126910,3719,11711,11711,25105
932,normal,1691509925.2588611,0.10199921000000001,0.10199921000000001,0.10199921000000001,1691509925.3568416,1691509925.3608603,1691509925.3583865,1691509925.3478587,1691509925.248148,1691509925.3478587,127033,3674,14894,14894,25619
933,normal,1691509925.3612468,0.10344368000000001,0.10344368000000001,0.10344368000000001,1691509925.4582167,1691509925.4646904,1691509925.4686012,1691509925.4578645,1691509925.3478587,1691509925.4578645,126769,6446,6943,6943,26102
934,normal,1691509925.4648528,0.10369257000000001,0.10369257000000001,0.10369257000000001,1691509925.5632977,1691509925.5685453,1691509925.5678537,1691509925.5578339,1691509925.4578645,1691509925.5578339,126770,5066,11992,11992,26026
935,normal,1691509925.5686226,0.10342987000000001,0.10342987000000001,0.10342987000000001,1691509925.6657164,1691509925.6720524,1691509925.6678665,1691509925.6579907,1691509925.5578339,1691509925.6579907,126591,6423,16329,16329,25678
936,normal,1691509925.671967,0.10205529000000001,0.10205529000000001,0.10205529000000001,1691509925.7676823,1691509925.7740223,1691509925.7778826,1691509925.7579217,1691509925.6579907,1691509925.7579217,126563,6411,19008,19008,25146
937,normal,1691509925.7741253,0.10255926000000001,0.10255926000000001,0.10255926000000001,1691509925.8691602,1691509925.8766847,1691509925.8801899,1691509925.8678913,1691509925.7579217,1691509925.8678913,126391,7673,9283,9283,24499
938,normal,1691509925.876693,0.10219550000000001,0.10219550000000001,0.10219550000000001,1691509925.9722564,1691509925.9788885,1691509925.9778876,1691509925.9683414,1691509925.8678913,1691509925.9683414,126658,6711,11488,11488,24454
939,normal,1691509925.9789553,0.099365680000000012,0.099365680000000012,0.099365680000000012,1691509926.0723958,1691509926.078321,1691509926.0779524,1691509926.067889,1691509925.9683414,1691509926.067889,126938,6318,11738,11738,24979
940,normal,1691509926.0786107,0.098689410000000005,0.098689410000000005,0.098689410000000005,1691509926.1714013,1691509926.1773,1691509926.1787965,1691509926.1681564,1691509926.067889,1691509926.1681564,126965,6456,10377,10377,25510
941,normal,1691509926.1771436,0.098439620000000005,0.098439620000000005,0.098439620000000005,1691509926.2695138,1691509926.2755833,1691509926.2784371,1691509926.2681792,1691509926.1681564,1691509926.2681792,126942,6924,8785,8785,25630
942,normal,1691509926.2754307,0.095577910000000002,0.095577910000000002,0.095577910000000002,1691509926.3658776,1691509926.3710086,1691509926.3682733,1691509926.3578193,1691509926.2681792,1691509926.3578193,126784,5777,16118,16118,25499
943,normal,1691509926.3709104,0.095982190000000009,0.095982190000000009,0.095982190000000009,1691509926.4625702,1691509926.4668925,1691509926.4689143,1691509926.4584157,1691509926.3578193,1691509926.4584157,126774,4734,10210,10210,25366
944,normal,1691509926.4671474,0.096368970000000012,0.096368970000000012,0.096368970000000012,1691509926.5597465,1691509926.5635164,1691509926.5685551,1691509926.5578873,1691509926.4584157,1691509926.5578873,126826,4096,6471,6471,24918
945,normal,1691509926.563632,0.097160760000000013,0.097160760000000013,0.097160760000000013,1691509926.6573017,1691509926.6607928,1691509926.6582317,1691509926.6479068,1691509926.5578873,1691509926.6479068,126849,3755,15532,15532,24668
946,normal,1691509926.6608787,0.097560160000000007,0.097560160000000007,0.097560160000000007,1691509926.7545764,1691509926.7584388,1691509926.7579429,1691509926.7483017,1691509926.6479068,1691509926.7483017,126818,3951,11411,11411,24695
947,normal,1691509926.758687,0.099721560000000001,0.099721560000000001,0.099721560000000001,1691509926.8544617,1691509926.8584087,1691509926.8579199,1691509926.8480861,1691509926.7483017,1691509926.8480861,126797,3762,11384,11384,24669
948,normal,1691509926.8587532,0.10095312000000001,0.10095312000000001,0.10095312000000001,1691509926.9557564,1691509926.9597063,1691509926.9579749,1691509926.9479444,1691509926.8480861,1691509926.9479444,126894,3684,13457,13457,24456
949,normal,1691509926.9599292,0.10184341000000001,0.10184341000000001,0.10184341000000001,1691509927.0580323,1691509927.0617726,1691509927.0580842,1691509927.0479577,1691509926.9479444,1691509927.0479577,126939,3368,15978,15978,24860
950,normal,1691509927.0622752,0.10380239000000001,0.10380239000000001,0.10380239000000001,1691509927.1604736,1691509927.1660776,1691509927.16872,1691509927.1584241,1691509927.0479577,1691509927.1584241,126742,5437,8058,8058,25526
951,normal,1691509927.166683,0.10443844000000001,0.10443844000000001,0.10443844000000001,1691509927.2670486,1691509927.2711215,1691509927.2680988,1691509927.2581286,1691509927.1584241,1691509927.2581286,126786,3749,14773,14773,25713
952,normal,1691509927.2708173,0.10524516,0.10524516,0.10524516,1691509927.3679421,1691509927.3760624,1691509927.3792026,1691509927.3584912,1691509927.2581286,1691509927.3584912,126440,8221,19940,19940,24988
953,normal,1691509927.3761337,0.10400655,0.10400655,0.10400655,1691509927.4713037,1691509927.4801402,1691509927.478673,1691509927.4681158,1691509927.3584912,1691509927.4681158,126368,9104,13124,13124,24341
954,normal,1691509927.4800577,0.10166836000000001,0.10166836000000001,0.10166836000000001,1691509927.5747786,1691509927.5817261,1691509927.5781596,1691509927.5681534,1691509927.4681158,1691509927.5681534,126638,7071,15299,15299,24161
955,normal,1691509927.5817358,0.099452350000000009,0.099452350000000009,0.099452350000000009,1691509927.6744769,1691509927.6811881,1691509927.6781857,1691509927.6681492,1691509927.5681534,1691509927.6681492,126902,7458,15482,15482,24339
956,normal,1691509927.6809065,0.097279450000000003,0.097279450000000003,0.097279450000000003,1691509927.7724147,1691509927.7781861,1691509927.7799697,1691509927.7680042,1691509927.6681492,1691509927.7680042,126960,6521,12035,12035,23913
957,normal,1691509927.778208,0.096174690000000007,0.096174690000000007,0.096174690000000007,1691509927.8697712,1691509927.8743827,1691509927.8781512,1691509927.8687665,1691509927.7680042,1691509927.8687665,126883,5108,6425,6425,23378
958,normal,1691509927.8743908,0.097068810000000005,0.097068810000000005,0.097068810000000005,1691509927.9681978,1691509927.9714596,1691509927.9682429,1691509927.9580064,1691509927.8687665,1691509927.9580064,127056,3453,16197,16197,23162
959,normal,1691509927.9717202,0.096776890000000004,0.096776890000000004,0.096776890000000004,1691509928.0639026,1691509928.0684972,1691509928.0701773,1691509928.0582047,1691509927.9580064,1691509928.0582047,126993,5118,12410,12410,23319
960,normal,1691509928.0684211,0.096494850000000007,0.096494850000000007,0.096494850000000007,1691509928.1605532,1691509928.164916,1691509928.1685624,1691509928.1582074,1691509928.0582047,1691509928.1582074,126939,4731,7635,7635,23510
961,normal,1691509928.1651685,0.097629630000000009,0.097629630000000009,0.097629630000000009,1691509928.2589362,1691509928.2627981,1691509928.2681713,1691509928.2586911,1691509928.1582074,1691509928.2586911,126852,3978,4296,4296,23392
962,normal,1691509928.2630832,0.09820746000000001,0.09820746000000001,0.09820746000000001,1691509928.3574252,1691509928.3612907,1691509928.3587363,1691509928.3482261,1691509928.2586911,1691509928.3482261,126789,3833,15365,15365,23150
963,normal,1691509928.3613958,0.099500400000000003,0.099500400000000003,0.099500400000000003,1691509928.4572732,1691509928.4608963,1691509928.4583471,1691509928.4489565,1691509928.3482261,1691509928.4489565,126880,3470,13733,13733,23302
964,normal,1691509928.4612248,0.10076755000000001,0.10076755000000001,0.10076755000000001,1691509928.5577617,1691509928.5619924,1691509928.5583472,1691509928.5483375,1691509928.4489565,1691509928.5483375,127098,4184,16231,16231,23414
965,normal,1691509928.562191,0.10180605000000001,0.10180605000000001,0.10180605000000001,1691509928.6605849,1691509928.6639972,1691509928.6683593,1691509928.6583087,1691509928.5483375,1691509928.6583087,127022,3226,5889,5889,23857
966,normal,1691509928.664326,0.10299380000000001,0.10299380000000001,0.10299380000000001,1691509928.7636023,1691509928.7673197,1691509928.7690856,1691509928.7584388,1691509928.6583087,1691509928.7584388,126886,3531,9937,9937,24770
967,normal,1691509928.7674086,0.10293283,0.10293283,0.10293283,1691509928.8645053,1691509928.8703415,1691509928.8685172,1691509928.8584347,1691509928.7584388,1691509928.8584347,126697,5928,13640,13640,25814
968,normal,1691509928.8704722,0.10333170000000001,0.10333170000000001,0.10333170000000001,1691509928.9692068,1691509928.973804,1691509928.978857,1691509928.968462,1691509928.8584347,1691509928.968462,126617,4433,5371,5371,26101
969,normal,1691509928.9738631,0.10253692,0.10253692,0.10253692,1691509929.0688903,1691509929.0764,1691509929.0794218,1691509929.0686629,1691509928.968462,1691509929.0686629,126363,7797,8166,8166,26147
970,normal,1691509929.0762169,0.10080216,0.10080216,0.10080216,1691509929.1687288,1691509929.1770191,1691509929.1801562,1691509929.1683788,1691509929.0686629,1691509929.1683788,126179,8666,9156,9156,25803
971,normal,1691509929.1771235,0.10092768000000001,0.10092768000000001,0.10092768000000001,1691509929.2688913,1691509929.2780511,1691509929.2798064,1691509929.2583416,1691509929.1683788,1691509929.2583416,126176,9669,23428,23428,24518
972,normal,1691509929.2781212,0.10049097000000001,0.10049097000000001,0.10049097000000001,1691509929.3706841,1691509929.3786123,1691509929.3803401,1691509929.3683703,1691509929.2583416,1691509929.3683703,126446,8163,11063,11063,23694
973,normal,1691509929.3785927,0.099337100000000012,0.099337100000000012,0.099337100000000012,1691509929.4694183,1691509929.4779298,1691509929.4795916,1691509929.4690347,1691509929.3683703,1691509929.4690347,126607,9007,9458,9458,23519
974,normal,1691509929.4780951,0.098698400000000006,0.098698400000000006,0.098698400000000006,1691509929.5688751,1691509929.5767934,1691509929.5805113,1691509929.5684907,1691509929.4690347,1691509929.5684907,126710,8603,9150,9150,23755
975,normal,1691509929.5768881,0.098635490000000006,0.098635490000000006,0.098635490000000006,1691509929.6686008,1691509929.6755235,1691509929.6788788,1691509929.6684861,1691509929.5684907,1691509929.6684861,126913,7964,8202,8202,24103
976,normal,1691509929.6755023,0.09621246,0.09621246,0.09621246,1691509929.7660291,1691509929.7717147,1691509929.7784944,1691509929.758379,1691509929.6684861,1691509929.758379,126935,6519,16324,16324,24184
977,normal,1691509929.771657,0.096594040000000006,0.096594040000000006,0.096594040000000006,1691509929.8636484,1691509929.8682511,1691509929.8699956,1691509929.8585274,1691509929.758379,1691509929.8585274,127009,5090,11530,11530,24364
978,normal,1691509929.8683178,0.096470150000000005,0.096470150000000005,0.096470150000000005,1691509929.9609904,1691509929.964788,1691509929.9685755,1691509929.9584966,1691509929.8585274,1691509929.9584966,127006,4036,7101,7101,24116
979,normal,1691509929.9650552,0.097995310000000002,0.097995310000000002,0.097995310000000002,1691509930.059253,1691509930.0630505,1691509930.0684078,1691509930.0587895,1691509929.9584966,1691509930.0587895,126939,3957,4479,4479,24274
980,normal,1691509930.0630472,0.098515060000000002,0.098515060000000002,0.098515060000000002,1691509930.1579735,1691509930.1615622,1691509930.1590228,1691509930.148366,1691509930.0587895,1691509930.148366,126939,3459,15507,15507,24528
981,normal,1691509930.1618378,0.10099971000000001,0.10099971000000001,0.10099971000000001,1691509930.2591538,1691509930.2628374,1691509930.2683556,1691509930.2588003,1691509930.148366,1691509930.2588003,127091,3438,3839,3839,24857
982,normal,1691509930.2632322,0.10157593000000001,0.10157593000000001,0.10157593000000001,1691509930.3608527,1691509930.3648081,1691509930.3683934,1691509930.3588531,1691509930.2588003,1691509930.3588531,127161,3766,6134,6134,24835
983,normal,1691509930.3648171,0.10093586,0.10093586,0.10093586,1691509930.4620941,1691509930.4657531,1691509930.4694967,1691509930.4583671,1691509930.3588531,1691509930.4583671,127171,3574,8203,8203,24757
984,normal,1691509930.465848,0.10154014,0.10154014,0.10154014,1691509930.5640004,1691509930.5673881,1691509930.5694532,1691509930.5584431,1691509930.4583671,1691509930.5584431,126999,3314,10224,10224,24413
985,normal,1691509930.5676312,0.10254175,0.10254175,0.10254175,1691509930.666728,1691509930.6701729,1691509930.6684847,1691509930.6584661,1691509930.5584431,1691509930.6584661,126762,3374,13617,13617,24490
986,normal,1691509930.6704705,0.10337165000000001,0.10337165000000001,0.10337165000000001,1691509930.7701497,1691509930.7738421,1691509930.778914,1691509930.7685883,1691509930.6584661,1691509930.7685883,126707,3642,5503,5503,24964
987,normal,1691509930.7738123,0.10158846000000001,0.10158846000000001,0.10158846000000001,1691509930.8714075,1691509930.8754008,1691509930.8790092,1691509930.8685849,1691509930.7685883,1691509930.8685849,126748,3930,7465,7465,25638
988,normal,1691509930.8755457,0.10242865000000001,0.10242865000000001,0.10242865000000001,1691509930.9736493,1691509930.9779744,1691509930.9800546,1691509930.9688563,1691509930.8685849,1691509930.9688563,126683,4125,10122,10122,25561
989,normal,1691509930.9781594,0.10077462000000001,0.10077462000000001,0.10077462000000001,1691509931.074162,1691509931.078934,1691509931.0804572,1691509931.0686529,1691509930.9688563,1691509931.0686529,126700,4626,11759,11759,25089
990,normal,1691509931.0787718,0.098269780000000001,0.098269780000000001,0.098269780000000001,1691509931.1729119,1691509931.1770415,1691509931.1800525,1691509931.1685965,1691509931.0686529,1691509931.1685965,126896,4002,9373,9373,24625
991,normal,1691509931.176971,0.097446500000000005,0.097446500000000005,0.097446500000000005,1691509931.2708647,1691509931.2744174,1691509931.2786806,1691509931.2686718,1691509931.1685965,1691509931.2686718,127107,3440,5917,5917,23883
992,normal,1691509931.2745755,0.097920980000000005,0.097920980000000005,0.097920980000000005,1691509931.3692467,1691509931.3724964,1691509931.3789523,1691509931.3686326,1691509931.2686718,1691509931.3686326,127198,3309,4015,4015,23447
993,normal,1691509931.3724225,0.097548840000000012,0.097548840000000012,0.097548840000000012,1691509931.4664683,1691509931.4699712,1691509931.4688678,1691509931.4586442,1691509931.3686326,1691509931.4586442,127349,3671,13522,13522,23424
994,normal,1691509931.4700716,0.097233600000000003,0.097233600000000003,0.097233600000000003,1691509931.5635312,1691509931.5673051,1691509931.5695679,1691509931.5586925,1691509931.4586442,1691509931.5586925,127326,3971,9984,9984,23284
995,normal,1691509931.5678101,0.098875950000000004,0.098875950000000004,0.098875950000000004,1691509931.66309,1691509931.6666861,1691509931.6695609,1691509931.6591687,1691509931.5586925,1691509931.6591687,127355,3710,8382,8382,23002
996,normal,1691509931.6666408,0.098892710000000009,0.098892710000000009,0.098892710000000009,1691509931.7619958,1691509931.7655334,1691509931.7700922,1691509931.7585859,1691509931.6591687,1691509931.7585859,127425,3732,7871,7871,22803
997,normal,1691509931.7654402,0.098615903000000005,0.098615903000000005,0.098615903000000005,1691509931.8601911,1691509931.8640561,1691509931.8692148,1691509931.8586693,1691509931.7585859,1691509931.8586693,123731,3977,5737,5737,21788
998,normal,1691509931.8643,0.099778060000000002,0.099778060000000002,0.099778060000000002,1691509931.9601684,1691509931.9640782,1691509931.9692998,1691509931.9586816,1691509931.8586693,1691509931.9586816,127302,3921,5653,5653,22487
999,normal,1691509931.9643178,0.10026064000000001,0.10026064000000001,0.10026064000000001,1691509932.060914,1691509932.0645785,1691509932.0687387,1691509932.0587835,1691509931.9586816,1691509932.0587835,127248,3496,5856,5856,22258
1000,normal,1691509932.0648861,0.10153263000000001,0.10153263000000001,0.10153263000000001,1691509932.1627831,1691509932.1664188,1691509932.1694162,1691509932.1587806,1691509932.0587835,1691509932.1587806,127222,3503,8083,8083,22213
1001,normal,1691509932.1664708,0.10079729000000001,0.10079729000000001,0.10079729000000001,1691509932.2633405,1691509932.2672679,1691509932.2705333,1691509932.2588079,1691509932.1587806,1691509932.2588079,125142,3629,9142,9142,21764
1002,normal,1691509932.2673366,0.10084768000000001,0.10084768000000001,0.10084768000000001,1691509932.3645182,1691509932.3681843,1691509932.3700535,1691509932.359062,1691509932.2588079,1691509932.359062,127170,3296,9972,9972,22290
1003,normal,1691509932.3683984,0.10141268000000001,0.10141268000000001,0.10141268000000001,1691509932.4661367,1691509932.4698112,1691509932.4687936,1691509932.4589839,1691509932.359062,1691509932.4589839,127105,3242,12065,12065,22037
1004,normal,1691509932.469903,0.10133313000000001,0.10133313000000001,0.10133313000000001,1691509932.5672812,1691509932.5712361,1691509932.5688181,1691509932.5588617,1691509932.4589839,1691509932.5588617,127069,3573,14278,14278,22044
1005,normal,1691509932.5712533,0.10095609000000001,0.10095609000000001,0.10095609000000001,1691509932.6682887,1691509932.6722095,1691509932.6693873,1691509932.6588833,1691509932.5588617,1691509932.6588833,127049,3563,15532,15532,22008
1006,normal,1691509932.6723287,0.10040872000000001,0.10040872000000001,0.10040872000000001,1691509932.7688231,1691509932.7727375,1691509932.7793849,1691509932.7687643,1691509932.6588833,1691509932.7687643,127119,3591,3694,3694,21739
1007,normal,1691509932.7727594,0.10051719000000001,0.10051719000000001,0.10051719000000001,1691509932.8696551,1691509932.8732767,1691509932.8787801,1691509932.8689468,1691509932.7687643,1691509932.8689468,127020,3269,4094,4094,21522
1008,normal,1691509932.8732607,0.099212230000000012,0.099212230000000012,0.099212230000000012,1691509932.9691985,1691509932.9724729,1691509932.9789741,1691509932.9687238,1691509932.8689468,1691509932.9687238,127174,3001,3495,3495,21478
1009,normal,1691509932.9724495,0.098760630000000002,0.098760630000000002,0.098760630000000002,1691509933.0673616,1691509933.0712101,1691509933.0687571,1691509933.059303,1691509932.9687238,1691509933.059303,127117,3580,14001,14001,21607
1010,normal,1691509933.0712729,0.09907943000000001,0.09907943000000001,0.09907943000000001,1691509933.1667771,1691509933.1703522,1691509933.169302,1691509933.1587601,1691509933.059303,1691509933.1587601,127109,3286,13522,13522,21641
1011,normal,1691509933.1705339,0.098861970000000007,0.098861970000000007,0.098861970000000007,1691509933.2655246,1691509933.2693958,1691509933.2687571,1691509933.259089,1691509933.1587601,1691509933.259089,127196,3603,11931,11931,21462
1012,normal,1691509933.2694845,0.09983562,0.09983562,0.09983562,1691509933.365417,1691509933.3693202,1691509933.3688545,1691509933.3589139,1691509933.259089,1691509933.3589139,127116,3609,11912,11912,21490
1013,normal,1691509933.3694863,0.099590300000000007,0.099590300000000007,0.099590300000000007,1691509933.4651892,1691509933.4690766,1691509933.468883,1691509933.4587677,1691509933.3589139,1691509933.4587677,127180,3598,11786,11786,21847
1014,normal,1691509933.4696321,0.10019485,0.10019485,0.10019485,1691509933.566175,1691509933.5698271,1691509933.5689728,1691509933.5589209,1691509933.4587677,1691509933.5589209,127116,3290,12396,12396,22363
1015,normal,1691509933.5696964,0.10026492000000001,0.10026492000000001,0.10026492000000001,1691509933.666055,1691509933.6699615,1691509933.6688776,1691509933.6594148,1691509933.5589209,1691509933.6594148,127132,3572,11969,11969,22436
1016,normal,1691509933.6699758,0.10000311000000001,0.10000311000000001,0.10000311000000001,1691509933.7660875,1691509933.7699788,1691509933.768908,1691509933.7594914,1691509933.6594148,1691509933.7594914,127112,3596,11969,11969,22446
1017,normal,1691509933.7700543,0.099749070000000009,0.099749070000000009,0.099749070000000009,1691509933.8659108,1691509933.8698034,1691509933.8689034,1691509933.8593609,1691509933.7594914,1691509933.8593609,127074,3582,11970,11970,22503
1018,normal,1691509933.8699384,0.09945770000000001,0.09945770000000001,0.09945770000000001,1691509933.9660985,1691509933.9693961,1691509933.9689646,1691509933.9588721,1691509933.8593609,1691509933.9588721,127182,3009,12179,12179,22606
1019,normal,1691509933.9694459,0.09969929000000001,0.09969929000000001,0.09969929000000001,1691509934.0652213,1691509934.0691452,1691509934.0689595,1691509934.0588639,1691509933.9588721,1691509934.0588639,127118,3624,11708,11708,22680
1020,normal,1691509934.0696621,0.099914430000000012,0.099914430000000012,0.099914430000000012,1691509934.1659698,1691509934.1695764,1691509934.1690748,1691509934.1588428,1691509934.0588639,1691509934.1588428,127128,3325,12382,12382,22466
1021,normal,1691509934.1691573,0.10009560000000001,0.10009560000000001,0.10009560000000001,1691509934.2653339,1691509934.2692528,1691509934.2690244,1691509934.2589588,1691509934.1588428,1691509934.2589588,127054,3624,11729,11729,22203
1022,normal,1691509934.2696249,0.10017768000000001,0.10017768000000001,0.10017768000000001,1691509934.3659043,1691509934.3698027,1691509934.3689344,1691509934.3593676,1691509934.2589588,1691509934.3593676,127039,3654,12037,12037,22147
1023,normal,1691509934.3698606,0.10013485000000001,0.10013485000000001,0.10013485000000001,1691509934.4660776,1691509934.4699955,1691509934.4690154,1691509934.4596903,1691509934.3593676,1691509934.4596903,126995,3692,11944,11944,22380
1024,normal,1691509934.4702144,0.10074345000000001,0.10074345000000001,0.10074345000000001,1691509934.567353,1691509934.5709579,1691509934.5697517,1691509934.559067,1691509934.4596903,1691509934.559067,127006,3368,13970,13970,22437
1025,normal,1691509934.5709126,0.0999496,0.0999496,0.0999496,1691509934.6672606,1691509934.6708622,1691509934.6691101,1691509934.6589258,1691509934.559067,1691509934.6589258,126996,3317,14046,14046,22254
1026,normal,1691509934.6709647,0.099682270000000003,0.099682270000000003,0.099682270000000003,1691509934.7670496,1691509934.770647,1691509934.7695079,1691509934.758966,1691509934.6589258,1691509934.758966,126816,3299,13776,13776,22148
1027,normal,1691509934.7707431,0.099660030000000011,0.099660030000000011,0.099660030000000011,1691509934.8667874,1691509934.8704031,1691509934.8693674,1691509934.8589973,1691509934.758966,1691509934.8589973,126865,3370,13349,13349,22274
1028,normal,1691509934.8705478,0.099395350000000007,0.099395350000000007,0.099395350000000007,1691509934.9663563,1691509934.969943,1691509934.9690049,1691509934.9594672,1691509934.8589973,1691509934.9594672,126808,3401,12383,12383,22490
1029,normal,1691509934.9699543,0.099737320000000004,0.099737320000000004,0.099737320000000004,1691509935.0660923,1691509935.0696917,1691509935.069036,1691509935.059334,1691509934.9594672,1691509935.059334,126830,3466,12194,12194,22639
1030,normal,1691509935.0698328,0.10019409,0.10019409,0.10019409,1691509935.166409,1691509935.1700268,1691509935.1690044,1691509935.1596112,1691509935.059334,1691509935.1596112,126666,3470,12196,12196,22639
1031,normal,1691509935.1701822,0.09997853000000001,0.09997853000000001,0.09997853000000001,1691509935.2665644,1691509935.2701607,1691509935.2690375,1691509935.2597191,1691509935.1596112,1691509935.2597191,126560,3446,12296,12296,22777
1032,normal,1691509935.2702253,0.099833490000000011,0.099833490000000011,0.099833490000000011,1691509935.3661425,1691509935.3700588,1691509935.3690314,1691509935.3595884,1691509935.2597191,1691509935.3595884,126521,3798,12195,12195,23170
1033,normal,1691509935.3702679,0.10005938,0.10005938,0.10005938,1691509935.4667051,1691509935.4703271,1691509935.4691687,1691509935.4607611,1691509935.3595884,1691509935.4607611,126491,3426,11000,11000,23487
1034,normal,1691509935.4703159,0.09991462000000001,0.09991462000000001,0.09991462000000001,1691509935.5663295,1691509935.5702305,1691509935.5692906,1691509935.5597954,1691509935.4607611,1691509935.5597954,126421,3740,12146,12146,23376
1035,normal,1691509935.5708954,0.099647620000000006,0.099647620000000006,0.099647620000000006,1691509935.6666384,1691509935.670543,1691509935.6691859,1691509935.6596625,1691509935.5597954,1691509935.6596625,126322,3767,12804,12804,23376
1036,normal,1691509935.6701736,0.099939320000000012,0.099939320000000012,0.099939320000000012,1691509935.7662213,1691509935.770113,1691509935.7691741,1691509935.7597511,1691509935.6596625,1691509935.7597511,126179,3777,12178,12178,23555
1037,normal,1691509935.7701437,0.099567510000000012,0.099567510000000012,0.099567510000000012,1691509935.8661187,1691509935.8697112,1691509935.8692567,1691509935.8593543,1691509935.7597511,1691509935.8593543,126199,3493,12223,12223,23984
1038,normal,1691509935.8702874,0.099897160000000013,0.099897160000000013,0.099897160000000013,1691509935.966583,1691509935.9701846,1691509935.969209,1691509935.959265,1691509935.8593543,1691509935.959265,126067,3493,12988,12988,24235
1039,normal,1691509935.9698298,0.099940950000000001,0.099940950000000001,0.099940950000000001,1691509936.0658722,1691509936.0697708,1691509936.0692797,1691509936.0593903,1691509935.959265,1691509936.0593903,125998,3818,12210,12210,24439
1040,normal,1691509936.0699856,0.10021012,0.10021012,0.10021012,1691509936.1662714,1691509936.1701958,1691509936.1692038,1691509936.1596956,1691509936.0593903,1691509936.1596956,125826,3815,12209,12209,24464
1041,normal,1691509936.1703498,0.10012251000000001,0.10012251000000001,0.10012251000000001,1691509936.2665393,1691509936.2704723,1691509936.2693479,1691509936.2599738,1691509936.1596956,1691509936.2599738,125770,3802,12201,12201,24313
1042,normal,1691509936.2706704,0.10029261,0.10029261,0.10029261,1691509936.367064,1691509936.3709631,1691509936.3697019,1691509936.3591411,1691509936.2599738,1691509936.3591411,125703,3757,14069,14069,24220
1043,normal,1691509936.3709097,0.099743460000000006,0.099743460000000006,0.099743460000000006,1691509936.4670496,1691509936.4706531,1691509936.4695668,1691509936.4592783,1691509936.3591411,1691509936.4592783,125838,3408,13420,13420,23767
1044,normal,1691509936.4707389,0.099531910000000001,0.099531910000000001,0.099531910000000001,1691509936.5663869,1691509936.5702708,1691509936.5692239,1691509936.5598938,1691509936.4592783,1691509936.5598938,125862,3780,12176,12176,23454
1045,normal,1691509936.5702341,0.099737070000000011,0.099737070000000011,0.099737070000000011,1691509936.6660771,1691509936.6699712,1691509936.6692879,1691509936.6596944,1691509936.5598938,1691509936.6596944,125791,3746,12018,12018,23556
1046,normal,1691509936.6702039,0.099336690000000005,0.099336690000000005,0.099336690000000005,1691509936.7656705,1691509936.7695405,1691509936.7713385,1691509936.7592852,1691509936.6596944,1691509936.7592852,126036,3806,12086,12086,23760
1047,normal,1691509936.7695978,0.099649510000000011,0.099649510000000011,0.099649510000000011,1691509936.8653541,1691509936.8692472,1691509936.8711209,1691509936.8593335,1691509936.7592852,1691509936.8593335,126015,3834,11603,11603,23776
1048,normal,1691509936.8694205,0.10004609,0.10004609,0.10004609,1691509936.9661536,1691509936.9694667,1691509936.9714034,1691509936.9593017,1691509936.8593335,1691509936.9593017,126071,3155,11949,11949,23813
1049,normal,1691509936.969645,0.10012439000000001,0.10012439000000001,0.10012439000000001,1691509937.0661626,1691509937.0697694,1691509937.069447,1691509937.0593367,1691509936.9593017,1691509937.0593367,126026,3456,12182,12182,23968
1050,normal,1691509937.0699334,0.099822480000000005,0.099822480000000005,0.099822480000000005,1691509937.1658547,1691509937.1697559,1691509937.1693532,1691509937.1592832,1691509937.0593367,1691509937.1592832,126066,3799,12334,12334,24258
1051,normal,1691509937.170047,0.10046238,0.10046238,0.10046238,1691509937.2668791,1691509937.2705095,1691509937.2693667,1691509937.2597251,1691509937.1592832,1691509937.2597251,126107,3401,12516,12516,23842
1052,normal,1691509937.2703099,0.10017196,0.10017196,0.10017196,1691509937.3671594,1691509937.370482,1691509937.3694174,1691509937.3600585,1691509937.2597251,1691509937.3600585,126123,3035,12072,12072,23167
1053,normal,1691509937.3706415,0.099894430000000006,0.099894430000000006,0.099894430000000006,1691509937.4666378,1691509937.470536,1691509937.4693935,1691509937.4600444,1691509937.3600585,1691509937.4600444,126230,3692,12205,12205,22637
1054,normal,1691509937.4709818,0.099813499999999999,0.099813499999999999,0.099813499999999999,1691509937.5672095,1691509937.5707953,1691509937.5694299,1691509937.5600331,1691509937.4600444,1691509937.5600331,126188,3340,12565,12565,22418
1055,normal,1691509937.5704212,0.099613430000000003,0.099613430000000003,0.099613430000000003,1691509937.6661558,1691509937.6700346,1691509937.6694977,1691509937.6598601,1691509937.5600331,1691509937.6598601,126145,3628,11765,11765,21982
1056,normal,1691509937.6702571,0.099828940000000005,0.099828940000000005,0.099828940000000005,1691509937.7664723,1691509937.7700861,1691509937.769536,1691509937.7597876,1691509937.6598601,1691509937.7597876,126070,3283,11860,11860,21614
1057,normal,1691509937.7703073,0.099681110000000003,0.099681110000000003,0.099681110000000003,1691509937.8660958,1691509937.8699884,1691509937.8695257,1691509937.8594005,1691509937.7597876,1691509937.8594005,126113,3618,12230,12230,21259
1058,normal,1691509937.8699806,0.099946000000000007,0.099946000000000007,0.099946000000000007,1691509937.9660113,1691509937.9699266,1691509937.9693975,1691509937.9595082,1691509937.8594005,1691509937.9595082,126246,3637,12008,12008,20748
1059,normal,1691509937.9700725,0.099890140000000002,0.099890140000000002,0.099890140000000002,1691509938.0654843,1691509938.0699627,1691509938.0694921,1691509938.0594599,1691509937.9595082,1691509938.0594599,126145,4303,12100,12100,20620
1060,normal,1691509938.0700314,0.10022241000000001,0.10022241000000001,0.10022241000000001,1691509938.1666405,1691509938.1702538,1691509938.1695011,1691509938.1598911,1691509938.0594599,1691509938.1598911,126136,3305,11824,11824,20657
1061,normal,1691509938.170383,0.099951350000000008,0.099951350000000008,0.099951350000000008,1691509938.2664304,1691509938.2703342,1691509938.2695217,1691509938.2599266,1691509938.1598911,1691509938.2599266,126134,3592,11920,11920,20230
1062,normal,1691509938.270422,0.10010377000000001,0.10010377000000001,0.10010377000000001,1691509938.366329,1691509938.3705258,1691509938.3695054,1691509938.3602002,1691509938.2599266,1691509938.3602002,126147,3921,11802,11802,19817
1063,normal,1691509938.3706901,0.099869940000000004,0.099869940000000004,0.099869940000000004,1691509938.4663846,1691509938.4705601,1691509938.4695301,1691509938.460202,1691509938.3602002,1691509938.460202,126149,3921,11928,11928,19688
1064,normal,1691509938.4706619,0.09960896000000001,0.09960896000000001,0.09960896000000001,1691509938.5658152,1691509938.5702708,1691509938.569634,1691509938.5598536,1691509938.460202,1691509938.5598536,125207,4256,12032,12032,19664
1065,normal,1691509938.5702455,0.099777340000000006,0.099777340000000006,0.099777340000000006,1691509938.6655302,1691509938.6700227,1691509938.6695688,1691509938.6598039,1691509938.5598536,1691509938.6598039,122705,4283,11677,11677,19437
1066,normal,1691509938.6701796,0.099897160000000013,0.099897160000000013,0.099897160000000013,1691509938.7658753,1691509938.7700768,1691509938.769635,1691509938.759819,1691509938.6598039,1691509938.759819,117811,3944,11698,11698,19211
1067,normal,1691509938.770256,0.10031683000000001,0.10031683000000001,0.10031683000000001,1691509938.8663712,1691509938.8705728,1691509938.8695524,1691509938.8601673,1691509938.759819,1691509938.8601673,113664,3930,11946,11946,18850
1068,normal,1691509938.8705876,0.09985266000000001,0.09985266000000001,0.09985266000000001,1691509938.9662457,1691509938.9704401,1691509938.9695926,1691509938.9602056,1691509938.8601673,1691509938.9602056,110279,3918,11664,11664,18873
1069,normal,1691509938.9706075,0.10023943,0.10023943,0.10023943,1691509939.0666134,1691509939.070847,1691509939.0699356,1691509939.0595937,1691509938.9602056,1691509939.0595937,108972,3925,12906,12906,18974
1070,normal,1691509939.0710042,0.099854540000000006,0.099854540000000006,0.099854540000000006,1691509939.1663704,1691509939.1708586,1691509939.1696117,1691509939.1596053,1691509939.0595937,1691509939.1596053,107072,4216,13010,13010,18897
1071,normal,1691509939.1707954,0.099802830000000009,0.099802830000000009,0.099802830000000009,1691509939.2669952,1691509939.2705982,1691509939.2696083,1691509939.2602339,1691509939.1596053,1691509939.2602339,106311,3255,11867,11867,18764
1072,normal,1691509939.2707555,0.099774990000000008,0.099774990000000008,0.099774990000000008,1691509939.3663428,1691509939.3705306,1691509939.369628,1691509939.3602149,1691509939.2602339,1691509939.3602149,106474,3908,11748,11748,18686
1073,normal,1691509939.3706889,0.099713920000000011,0.099713920000000011,0.099713920000000011,1691509939.4662087,1691509939.4704027,1691509939.469552,1691509939.4600904,1691509939.3602149,1691509939.4600904,106664,3936,11754,11754,18883
1074,normal,1691509939.4705431,0.09981131,0.09981131,0.09981131,1691509939.5661392,1691509939.5703545,1691509939.5695708,1691509939.5598698,1691509939.4600904,1691509939.5598698,106600,3937,11858,11858,18868
1075,normal,1691509939.5703959,0.10012757000000001,0.10012757000000001,0.10012757000000001,1691509939.6663122,1691509939.6705234,1691509939.6695485,1691509939.6600835,1691509939.5598698,1691509939.6600835,107009,3929,11878,11878,18730
1076,normal,1691509939.6705725,0.10012814,0.10012814,0.10012814,1691509939.7667868,1691509939.7707007,1691509939.7696888,1691509939.7602417,1691509939.6600835,1691509939.7602417,106836,3620,11888,11888,18547
1077,normal,1691509939.7708497,0.099832250000000011,0.099832250000000011,0.099832250000000011,1691509939.8659151,1691509939.870682,1691509939.8696368,1691509939.8601747,1691509939.7602417,1691509939.8601747,106148,4604,11999,11999,18631
1078,normal,1691509939.8707027,0.099755640000000007,0.099755640000000007,0.099755640000000007,1691509939.9662669,1691509939.9704583,1691509939.9696469,1691509939.9601932,1691509939.8601747,1691509939.9601932,105641,3929,11728,11728,18934
1079,normal,1691509939.9706564,0.099986100000000008,0.099986100000000008,0.099986100000000008,1691509940.0664499,1691509940.0706425,1691509940.0696149,1691509940.0601363,1691509939.9601932,1691509940.0601363,105740,3925,11969,11969,19152
1080,normal,1691509940.0707893,0.099831310000000006,0.099831310000000006,0.099831310000000006,1691509940.1667302,1691509940.1706207,1691509940.1695817,1691509940.1601684,1691509940.0601363,1691509940.1601684,106916,3649,12009,12009,19177
1081,normal,1691509940.1706183,0.099675980000000011,0.099675980000000011,0.099675980000000011,1691509940.2658181,1691509940.2702942,1691509940.2695849,1691509940.259923,1691509940.1601684,1691509940.259923,108820,4255,11893,11893,19152
1082,normal,1691509940.2704382,0.099884280000000006,0.099884280000000006,0.099884280000000006,1691509940.3661556,1691509940.3703225,1691509940.3696184,1691509940.3599041,1691509940.259923,1691509940.3599041,110129,3967,12007,12007,19445
1083,normal,1691509940.3707588,0.099809530000000007,0.099809530000000007,0.099809530000000007,1691509940.466398,1691509940.4705684,1691509940.4696472,1691509940.4598246,1691509940.3599041,1691509940.4598246,111407,4000,12421,12421,19700
1084,normal,1691509940.4703424,0.099543370000000006,0.099543370000000006,0.099543370000000006,1691509940.5654299,1691509940.5698857,1691509940.5718346,1691509940.5596342,1691509940.4598246,1691509940.5596342,114443,4358,11804,11804,19835
1085,normal,1691509940.5699446,0.099694520000000009,0.099694520000000009,0.099694520000000009,1691509940.6651556,1691509940.6696391,1691509940.6717174,1691509940.6596937,1691509940.5596342,1691509940.6596937,119365,4344,11289,11289,19914
1086,normal,1691509940.6698406,0.10007358000000001,0.10007358000000001,0.10007358000000001,1691509940.7654145,1691509940.7699142,1691509940.7717493,1691509940.7597287,1691509940.6596937,1691509940.7597287,120199,4361,11715,11715,20017
1087,normal,1691509940.7700598,0.09992529,0.09992529,0.09992529,1691509940.8654895,1691509940.8699851,1691509940.8699267,1691509940.8597286,1691509940.7597287,1691509940.8597286,120783,4361,11693,11693,20350
1088,normal,1691509940.8699956,0.10031815000000001,0.10031815000000001,0.10031815000000001,1691509940.9655111,1691509940.9703138,1691509940.9698455,1691509940.9600096,1691509940.8597286,1691509940.9600096,123247,4751,11867,11867,20534
1089,normal,1691509940.9706507,0.10041622,0.10041622,0.10041622,1691509941.0665448,1691509941.0710669,1691509941.0699008,1691509941.0603759,1691509940.9600096,1691509941.0603759,125725,4439,12268,12268,20582
1090,normal,1691509941.0710526,0.10020032000000001,0.10020032000000001,0.10020032000000001,1691509941.1670566,1691509941.171253,1691509941.1700764,1691509941.1597421,1691509941.0603759,1691509941.1597421,126794,4134,13443,13443,20629
1091,normal,1691509941.1712763,0.099953780000000006,0.099953780000000006,0.099953780000000006,1691509941.2667487,1691509941.2712302,1691509941.2702017,1691509941.2597594,1691509941.1597421,1691509941.2597594,126760,4486,13449,13449,20973
1092,normal,1691509941.2713456,0.099483990000000008,0.099483990000000008,0.099483990000000008,1691509941.3663404,1691509941.3708296,1691509941.370044,1691509941.3606148,1691509941.2597594,1691509941.3606148,126757,4494,11760,11760,21404
1093,normal,1691509941.3712564,0.099558810000000011,0.099558810000000011,0.099558810000000011,1691509941.4669285,1691509941.4708152,1691509941.4697599,1691509941.460238,1691509941.3606148,1691509941.460238,126708,3827,12218,12218,21681
1094,normal,1691509941.4706967,0.099728460000000005,0.099728460000000005,0.099728460000000005,1691509941.5662405,1691509941.570425,1691509941.5699532,1691509941.5600116,1691509941.460238,1691509941.5600116,126877,4194,12042,12042,21722
1095,normal,1691509941.5704591,0.099735710000000005,0.099735710000000005,0.099735710000000005,1691509941.6659923,1691509941.6701949,1691509941.6699951,1691509941.6599169,1691509941.5600116,1691509941.6599169,126880,4195,11951,11951,21796
1096,normal,1691509941.6703386,0.099861200000000011,0.099861200000000011,0.099861200000000011,1691509941.7660117,1691509941.7701998,1691509941.7699969,1691509941.7599268,1691509941.6599169,1691509941.7599268,126801,4222,11949,11949,22176
1097,normal,1691509941.7703521,0.099930230000000009,0.099930230000000009,0.099930230000000009,1691509941.8660851,1691509941.8702824,1691509941.8700113,1691509941.859906,1691509941.7599268,1691509941.859906,126873,4238,12074,12074,22721
1098,normal,1691509941.8704648,0.10024897000000001,0.10024897000000001,0.10024897000000001,1691509941.9665024,1691509941.9707139,1691509941.9699454,1691509941.9602869,1691509941.859906,1691509941.9602869,126767,4245,12056,12056,22954
1099,normal,1691509941.9708383,0.10016561,0.10016561,0.10016561,1691509942.0673897,1691509942.0710039,1691509942.069849,1691509942.0604239,1691509941.9602869,1691509942.0604239,126821,3666,12363,12363,23205
1100,normal,1691509942.071003,0.0999052,0.0999052,0.0999052,1691509942.1667016,1691509942.1709082,1691509942.1698613,1691509942.1604831,1691509942.0604239,1691509942.1604831,126784,4295,12103,12103,23617
1101,normal,1691509942.1710374,0.099755820000000009,0.099755820000000009,0.099755820000000009,1691509942.266603,1691509942.2707932,1691509942.2699201,1691509942.2603164,1691509942.1604831,1691509942.2603164,126694,4294,12199,12199,24334
1102,normal,1691509942.2708182,0.099375910000000012,0.099375910000000012,0.099375910000000012,1691509942.3662927,1691509942.3701942,1691509942.3700643,1691509942.3599598,1691509942.2603164,1691509942.3599598,126693,3953,11771,11771,25067
1103,normal,1691509942.3707347,0.099745790000000001,0.099745790000000001,0.099745790000000001,1691509942.4665792,1691509942.4704804,1691509942.4720094,1691509942.4599671,1691509942.3599598,1691509942.4599671,126842,3943,12191,12191,25632
1104,normal,1691509942.4702399,0.099987010000000001,0.099987010000000001,0.099987010000000001,1691509942.5663202,1691509942.5702269,1691509942.5700433,1691509942.5599461,1691509942.4599671,1691509942.5599461,126813,3937,11953,11953,26126
1105,normal,1691509942.5706573,0.10041563000000001,0.10041563000000001,0.10041563000000001,1691509942.6668861,1691509942.671073,1691509942.6697206,1691509942.6602936,1691509942.5599461,1691509942.6602936,126748,4278,12571,12571,26787
1106,normal,1691509942.6707559,0.10008551,0.10008551,0.10008551,1691509942.7669244,1691509942.7708414,1691509942.7699814,1691509942.7604847,1691509942.6602936,1691509942.7604847,126725,3982,11911,11911,27748
1107,normal,1691509942.7711074,0.10023979000000001,0.10023979000000001,0.10023979000000001,1691509942.8671613,1691509942.8713472,1691509942.8701987,1691509942.8600764,1691509942.7604847,1691509942.8600764,126527,4343,13197,13197,28618
1108,normal,1691509942.8713439,0.099979600000000002,0.099979600000000002,0.099979600000000002,1691509942.967139,1691509942.9713235,1691509942.9702761,1691509942.9600976,1691509942.8600764,1691509942.9600976,126708,4373,13197,13197,29220
1109,normal,1691509942.9714055,0.099532080000000009,0.099532080000000009,0.099532080000000009,1691509943.0667691,1691509943.0709376,1691509943.0699892,1691509943.0605445,1691509942.9600976,1691509943.0605445,126490,4388,12245,12245,29594
1110,normal,1691509943.0710216,0.099509680000000003,0.099509680000000003,0.099509680000000003,1691509943.1663747,1691509943.1705313,1691509943.1701007,1691509943.1602557,1691509943.0605445,1691509943.1602557,126351,4393,12062,12062,30056
1111,normal,1691509943.170532,0.099567280000000008,0.099567280000000008,0.099567280000000008,1691509943.2659147,1691509943.2700992,1691509943.2722349,1691509943.2600956,1691509943.1602557,1691509943.2600956,126358,4406,11590,11590,30683
1112,normal,1691509943.2703662,0.099072770000000004,0.099072770000000004,0.099072770000000004,1691509943.3652458,1691509943.3694389,1691509943.3714819,1691509943.3607006,1691509943.2600956,1691509943.3607006,126428,4381,9944,9944,30743
1113,normal,1691509943.3697567,0.099690590000000009,0.099690590000000009,0.099690590000000009,1691509943.4652421,1691509943.4694474,1691509943.4714732,1691509943.4604783,1691509943.3607006,1691509943.4604783,126308,4365,10202,10202,30477
1114,normal,1691509943.4695258,0.10072137,0.10072137,0.10072137,1691509943.5666165,1691509943.5702472,1691509943.5721142,1691509943.5601642,1691509943.4604783,1691509943.5601642,126479,3764,11634,11634,30238
1115,normal,1691509943.5704215,0.10010867000000001,0.10010867000000001,0.10010867000000001,1691509943.6663492,1691509943.6705301,1691509943.672298,1691509943.660208,1691509943.5601642,1691509943.660208,126142,4391,12032,12032,30309
1116,normal,1691509943.6704741,0.10014240000000001,0.10014240000000001,0.10014240000000001,1691509943.7643514,1691509943.7706165,1691509943.7701268,1691509943.7601247,1691509943.660208,1691509943.7601247,126133,6845,12134,12134,30615
1117,normal,1691509943.7706106,0.09998804,0.09998804,0.09998804,1691509943.8657844,1691509943.8705986,1691509943.8701522,1691509943.8601978,1691509943.7601247,1691509943.8601978,125984,5056,11861,11861,30479
1118,normal,1691509943.8708708,0.10016422000000001,0.10016422000000001,0.10016422000000001,1691509943.9662576,1691509943.971035,1691509943.9702029,1691509943.9605291,1691509943.8601978,1691509943.9605291,125955,5067,12161,12161,30085
1119,normal,1691509943.971061,0.10015699,0.10015699,0.10015699,1691509944.067019,1691509944.071218,1691509944.0701826,1691509944.060796,1691509943.9605291,1691509944.060796,125783,4390,12092,12092,29999
1120,normal,1691509944.0713673,0.10000581,0.10000581,0.10000581,1691509944.166883,1691509944.1713731,1691509944.1702898,1691509944.1608441,1691509944.060796,1691509944.1608441,125631,4721,12193,12193,30223
1121,normal,1691509944.1714535,0.099738930000000003,0.099738930000000003,0.099738930000000003,1691509944.2667062,1691509944.2711923,1691509944.2701688,1691509944.260783,1691509944.1608441,1691509944.260783,125625,4715,12021,12021,30313
1122,normal,1691509944.2712719,0.10003835000000001,0.10003835000000001,0.10003835000000001,1691509944.3670931,1691509944.3713102,1691509944.3703754,1691509944.3608615,1691509944.260783,1691509944.3608615,125514,4385,12073,12073,30074
1123,normal,1691509944.3715091,0.10091226,0.10091226,0.10091226,1691509944.4681759,1691509944.4724214,1691509944.4702842,1691509944.4604573,1691509944.3608615,1691509944.4604573,125277,4403,13922,13922,29649
1124,normal,1691509944.4726949,0.10069876000000001,0.10069876000000001,0.10069876000000001,1691509944.5686147,1691509944.5733936,1691509944.5705438,1691509944.5603786,1691509944.4604573,1691509944.5603786,124878,5125,15527,15527,29489
1125,normal,1691509944.5733304,0.099546760000000012,0.099546760000000012,0.099546760000000012,1691509944.6681271,1691509944.6728771,1691509944.6702049,1691509944.6607623,1691509944.5603786,1691509944.6607623,124572,5121,14624,14624,29743
1126,normal,1691509944.6729658,0.099591010000000008,0.099591010000000008,0.099591010000000008,1691509944.7683821,1691509944.7725568,1691509944.770299,1691509944.7605712,1691509944.6607623,1691509944.7605712,124749,4418,14467,14467,30066
1127,normal,1691509944.7726302,0.099636180000000005,0.099636180000000005,0.099636180000000005,1691509944.8674736,1691509944.8722663,1691509944.8702903,1691509944.8603413,1691509944.7605712,1691509944.8603413,124812,5128,14313,14313,29771
1128,normal,1691509944.872416,0.099604720000000008,0.099604720000000008,0.099604720000000008,1691509944.968447,1691509944.9720206,1691509944.9707797,1691509944.9603004,1691509944.8603413,1691509944.9603004,124980,3780,14369,14369,29488
1129,normal,1691509944.9720197,0.099269070000000001,0.099269070000000001,0.099269070000000001,1691509945.0653851,1691509945.0712888,1691509945.0703681,1691509945.0610051,1691509944.9603004,1691509945.0610051,124714,6573,12400,12400,29450
1130,normal,1691509945.0714076,0.098868690000000009,0.098868690000000009,0.098868690000000009,1691509945.1661239,1691509945.1702762,1691509945.1724668,1691509945.1604564,1691509945.0610051,1691509945.1604564,124698,4416,11741,11741,29101
1131,normal,1691509945.170398,0.098871690000000012,0.098871690000000012,0.098871690000000012,1691509945.2654417,1691509945.2692697,1691509945.2709701,1691509945.2604458,1691509945.1604564,1691509945.2604458,124749,4067,10594,10594,28476
1132,normal,1691509945.269346,0.099587700000000001,0.099587700000000001,0.099587700000000001,1691509945.3647418,1691509945.3689337,1691509945.3709519,1691509945.3603864,1691509945.2604458,1691509945.3603864,124884,4428,10009,10009,27467
1133,normal,1691509945.3692918,0.10088657000000001,0.10088657000000001,0.10088657000000001,1691509945.4656117,1691509945.4701784,1691509945.4720716,1691509945.4604125,1691509945.3603864,1691509945.4604125,125248,4771,11411,11411,26689
1134,normal,1691509945.4704287,0.10093095000000001,0.10093095000000001,0.10093095000000001,1691509945.567136,1691509945.5713596,1691509945.5704942,1691509945.5605266,1691509945.4604125,1691509945.5605266,125320,4427,12953,12953,26227
1135,normal,1691509945.571089,0.10044058,0.10044058,0.10044058,1691509945.6681929,1691509945.6715295,1691509945.6705821,1691509945.6604683,1691509945.5605266,1691509945.6604683,125225,3429,13181,13181,26158
1136,normal,1691509945.6718051,0.099555710000000006,0.099555710000000006,0.099555710000000006,1691509945.7671802,1691509945.7713609,1691509945.7704108,1691509945.7607601,1691509945.6604683,1691509945.7607601,125521,4384,12772,12772,25884
1137,normal,1691509945.771333,0.10082459000000001,0.10082459000000001,0.10082459000000001,1691509945.8679473,1691509945.8721576,1691509945.8709073,1691509945.8604331,1691509945.7607601,1691509945.8604331,125874,4375,14041,14041,25363
1138,normal,1691509945.8724079,0.10003297000000001,0.10003297000000001,0.10003297000000001,1691509945.9682293,1691509945.972441,1691509945.9704154,1691509945.9603782,1691509945.8604331,1691509945.9603782,126152,4368,14531,14531,24872
1139,normal,1691509945.9725761,0.099580760000000004,0.099580760000000004,0.099580760000000004,1691509946.0679905,1691509946.0721569,1691509946.0707674,1691509946.0604572,1691509945.9603782,1691509946.0604572,126265,4331,14121,14121,24606
1140,normal,1691509946.0720806,0.099480200000000005,0.099480200000000005,0.099480200000000005,1691509946.1676857,1691509946.1715608,1691509946.1705596,1691509946.1605966,1691509946.0604572,1691509946.1605966,126634,3974,13084,13084,24458
1141,normal,1691509946.171844,0.098888650000000008,0.098888650000000008,0.098888650000000008,1691509946.2668433,1691509946.2707326,1691509946.2725492,1691509946.2605443,1691509946.1605966,1691509946.2605443,126975,3959,12069,12069,24426
1142,normal,1691509946.2708185,0.10005760000000001,0.10005760000000001,0.10005760000000001,1691509946.3666463,1691509946.3708761,1691509946.3705499,1691509946.3604722,1691509946.2605443,1691509946.3604722,126781,4318,12048,12048,23883
1143,normal,1691509946.370918,0.10026574000000001,0.10026574000000001,0.10026574000000001,1691509946.4669995,1691509946.4711838,1691509946.4704354,1691509946.4608409,1691509946.3604722,1691509946.4608409,126478,4370,11987,11987,23586
1144,normal,1691509946.4711802,0.10049011000000001,0.10049011000000001,0.10049011000000001,1691509946.56744,1691509946.5716703,1691509946.5708489,1691509946.560534,1691509946.4608409,1691509946.560534,126378,4426,12921,12921,23577
1145,normal,1691509946.5719223,0.098730410000000005,0.098730410000000005,0.098730410000000005,1691509946.6670964,1691509946.6706526,1691509946.6723926,1691509946.660502,1691509946.560534,1691509946.660502,125720,3731,12288,12288,23638
1146,normal,1691509946.6706438,0.098626840000000007,0.098626840000000007,0.098626840000000007,1691509946.7651105,1691509946.7692707,1691509946.7711482,1691509946.7605374,1691509946.660502,1691509946.7605374,125542,4413,10402,10402,23649
1147,normal,1691509946.7694907,0.099993890000000002,0.099993890000000002,0.099993890000000002,1691509946.8652816,1691509946.8694847,1691509946.8712838,1691509946.8606339,1691509946.7605374,1691509946.8606339,125422,4361,10355,10355,23683
1148,normal,1691509946.8695819,0.099284610000000009,0.099284610000000009,0.099284610000000009,1691509946.9646797,1691509946.9688666,1691509946.9727626,1691509946.9605982,1691509946.8606339,1691509946.9605982,126431,4310,9538,9538,23947
1149,normal,1691509946.9689827,0.09933823,0.09933823,0.09933823,1691509947.0641854,1691509947.068321,1691509947.0718706,1691509947.060915,1691509946.9605982,1691509947.060915,126624,4205,8410,8410,24000
1150,normal,1691509947.0682735,0.099222150000000009,0.099222150000000009,0.099222150000000009,1691509947.1633184,1691509947.1674957,1691509947.1711726,1691509947.1605034,1691509947.060915,1691509947.1605034,126821,4205,7779,7779,24198
1151,normal,1691509947.167767,0.099740780000000001,0.099740780000000001,0.099740780000000001,1691509947.2633049,1691509947.2675078,1691509947.2711735,1691509947.2605879,1691509947.1605034,1691509947.2605879,126797,4208,7633,7633,24407
1152,normal,1691509947.267617,0.10040061,0.10040061,0.10040061,1691509947.3641031,1691509947.3680177,1691509947.3717556,1691509947.3606994,1691509947.2605879,1691509947.3606994,126762,3874,8128,8128,24518
1153,normal,1691509947.3681288,0.10034501000000001,0.10034501000000001,0.10034501000000001,1691509947.4648345,1691509947.4684737,1691509947.4723077,1691509947.4611557,1691509947.3606994,1691509947.4611557,126763,3540,8118,8118,24612
1154,normal,1691509947.4686732,0.10105629000000001,0.10105629000000001,0.10105629000000001,1691509947.5657883,1691509947.5697296,1691509947.5716112,1691509947.5606787,1691509947.4611557,1691509947.5606787,126833,3853,10281,10281,24602
1155,normal,1691509947.5698717,0.10103303000000001,0.10103303000000001,0.10103303000000001,1691509947.6666782,1691509947.6709046,1691509947.6726325,1691509947.6606441,1691509947.5606787,1691509947.6606441,126882,4132,11853,11853,24522
1156,normal,1691509947.6709306,0.10063923000000001,0.10063923000000001,0.10063923000000001,1691509947.7679186,1691509947.77157,1691509947.7706451,1691509947.7610958,1691509947.6606441,1691509947.7610958,126961,3499,12152,12152,24392
1157,normal,1691509947.771692,0.10043344000000001,0.10043344000000001,0.10043344000000001,1691509947.8682165,1691509947.8721254,1691509947.8709438,1691509947.8606539,1691509947.7610958,1691509947.8606539,126897,3785,13481,13481,24327
1158,normal,1691509947.8721387,0.10011112000000001,0.10011112000000001,0.10011112000000001,1691509947.9683402,1691509947.9722497,1691509947.9710898,1691509947.9606395,1691509947.8606539,1691509947.9606395,126980,3798,13612,13612,24275
1159,normal,1691509947.9723206,0.099966170000000007,0.099966170000000007,0.099966170000000007,1691509948.0681002,1691509948.0722868,1691509948.0710731,1691509948.0606391,1691509947.9606395,1691509948.0606391,126944,4119,13753,13753,24225
1160,normal,1691509948.0723884,0.099742270000000008,0.099742270000000008,0.099742270000000008,1691509948.167937,1691509948.1721306,1691509948.1710324,1691509948.1606538,1691509948.0606391,1691509948.1606538,126969,4117,13494,13494,24136
1161,normal,1691509948.1722236,0.099643400000000007,0.099643400000000007,0.099643400000000007,1691509948.2679794,1691509948.271867,1691509948.2707067,1691509948.2606437,1691509948.1606538,1691509948.2606437,127006,3768,13228,13228,24135
1162,normal,1691509948.2719059,0.099644850000000007,0.099644850000000007,0.099644850000000007,1691509948.3673749,1691509948.3715508,1691509948.3706822,1691509948.3611717,1691509948.2606437,1691509948.3611717,127042,4088,12054,12054,24144
1163,normal,1691509948.371681,0.099577560000000009,0.099577560000000009,0.099577560000000009,1691509948.4670851,1691509948.4712586,1691509948.4706748,1691509948.4608495,1691509948.3611717,1691509948.4608495,127068,4109,12211,12211,24202
1164,normal,1691509948.4712813,0.099633940000000004,0.099633940000000004,0.099633940000000004,1691509948.5673146,1691509948.5709152,1691509948.5707753,1691509948.5606971,1691509948.4608495,1691509948.5606971,127025,3479,11859,11859,24261
1165,normal,1691509948.5711968,0.0997894,0.0997894,0.0997894,1691509948.6667931,1691509948.6709862,1691509948.6728623,1691509948.6606767,1691509948.5606971,1691509948.6606767,127024,4117,11983,11983,24323
1166,normal,1691509948.6709845,0.099841380000000007,0.099841380000000007,0.099841380000000007,1691509948.7666309,1691509948.7708259,1691509948.7728288,1691509948.7607512,1691509948.6606767,1691509948.7607512,126971,4107,11725,11725,24389
1167,normal,1691509948.7709887,0.099965730000000003,0.099965730000000003,0.099965730000000003,1691509948.8667624,1691509948.8709545,1691509948.8729482,1691509948.8607514,1691509948.7607512,1691509948.8607514,126999,4131,11874,11874,24456
1168,normal,1691509948.8710451,0.10010432000000001,0.10010432000000001,0.10010432000000001,1691509948.9675326,1691509948.9711494,1691509948.9708076,1691509948.9607327,1691509948.8607514,1691509948.9607327,126960,3476,12127,12127,24475
1169,normal,1691509948.9711967,0.10000432000000001,0.10000432000000001,0.10000432000000001,1691509949.067291,1691509949.0712011,1691509949.0707705,1691509949.0608218,1691509948.9607327,1691509949.0608218,126949,3811,12130,12130,24490
1170,normal,1691509949.0712996,0.10007662000000001,0.10007662000000001,0.10007662000000001,1691509949.1674724,1691509949.1713762,1691509949.1707013,1691509949.1609793,1691509949.0608218,1691509949.1609793,126952,3804,12147,12147,24483
1171,normal,1691509949.1714327,0.10002877,0.10002877,0.10002877,1691509949.267262,1691509949.2714615,1691509949.2707787,1691509949.2612293,1691509949.1609793,1691509949.2612293,126968,4147,11912,11912,24493
1172,normal,1691509949.2718029,0.10012675,0.10012675,0.10012675,1691509949.3680272,1691509949.3719296,1691509949.3706803,1691509949.3614407,1691509949.2612293,1691509949.3614407,126964,3812,12287,12287,24455
1173,normal,1691509949.37237,0.10000535000000001,0.10000535000000001,0.10000535000000001,1691509949.4681811,1691509949.4723754,1691509949.4707603,1691509949.4614379,1691509949.3614407,1691509949.4614379,127041,4148,12803,12803,24512
1174,normal,1691509949.4721041,0.099897380000000008,0.099897380000000008,0.099897380000000008,1691509949.5678084,1691509949.5720015,1691509949.5709019,1691509949.561446,1691509949.4614379,1691509949.561446,126985,4143,12416,12416,24497
1175,normal,1691509949.5721776,0.099801030000000013,0.099801030000000013,0.099801030000000013,1691509949.6680794,1691509949.6719787,1691509949.670819,1691509949.6615496,1691509949.561446,1691509949.6615496,126924,3831,12183,12183,24503
1176,normal,1691509949.6720843,0.099903550000000008,0.099903550000000008,0.099903550000000008,1691509949.7680914,1691509949.7719879,1691509949.7707174,1691509949.7615671,1691509949.6615496,1691509949.7615671,126970,3846,12200,12200,24515
1177,normal,1691509949.7721219,0.099667280000000011,0.099667280000000011,0.099667280000000011,1691509949.8681912,1691509949.8717892,1691509949.8708744,1691509949.8611615,1691509949.7615671,1691509949.8611615,126933,3534,12596,12596,24529
1178,normal,1691509949.8717268,0.099742350000000007,0.099742350000000007,0.099742350000000007,1691509949.9675705,1691509949.9714692,1691509949.970948,1691509949.9611313,1691509949.8611615,1691509949.9611313,126912,3849,12076,12076,24518
1179,normal,1691509949.9716101,0.09984577,0.09984577,0.09984577,1691509950.0675573,1691509950.071456,1691509950.070941,1691509950.0610721,1691509949.9611313,1691509950.0610721,126919,3847,12191,12191,24521
1180,normal,1691509950.0715444,0.099850950000000008,0.099850950000000008,0.099850950000000008,1691509950.1674993,1691509950.1713953,1691509950.1709263,1691509950.1610775,1691509950.0610721,1691509950.1610775,126930,3847,12077,12077,24508
1181,normal,1691509950.1715314,0.09982023000000001,0.09982023000000001,0.09982023000000001,1691509950.2674561,1691509950.2713516,1691509950.2709444,1691509950.261055,1691509950.1610775,1691509950.261055,127019,3849,12085,12085,24487
1182,normal,1691509950.271337,0.099741430000000006,0.099741430000000006,0.099741430000000006,1691509950.3674753,1691509950.3710785,1691509950.3710377,1691509950.3609476,1691509950.261055,1691509950.3609476,126984,3532,11827,11827,24487
1183,normal,1691509950.3716857,0.09975755,0.09975755,0.09975755,1691509950.4675453,1691509950.4714432,1691509950.4729095,1691509950.4609947,1691509950.3609476,1691509950.4609947,126986,3857,12328,12328,24466
1184,normal,1691509950.4712594,0.099821590000000002,0.099821590000000002,0.099821590000000002,1691509950.5674763,1691509950.5710809,1691509950.5728667,1691509950.5610116,1691509950.4609947,1691509950.5610116,127023,3555,11854,11854,24426
1185,normal,1691509950.5711854,0.099899940000000007,0.099899940000000007,0.099899940000000007,1691509950.6674771,1691509950.6710854,1691509950.6728206,1691509950.6609149,1691509950.5610116,1691509950.6609149,127038,3545,11964,11964,24378
1186,normal,1691509950.6711564,0.099926730000000005,0.099926730000000005,0.099926730000000005,1691509950.7668896,1691509950.7710831,1691509950.7728744,1691509950.7610095,1691509950.6609149,1691509950.7610095,127074,4212,11838,11838,24368
1187,normal,1691509950.7711966,0.09999065,0.09999065,0.09999065,1691509950.8672841,1691509950.8711872,1691509950.8729434,1691509950.8610208,1691509950.7610095,1691509950.8610208,127052,3873,11967,11967,24340
1188,normal,1691509950.8712835,0.099980570000000005,0.099980570000000005,0.099980570000000005,1691509950.9670663,1691509950.9712641,1691509950.9731152,1691509950.9610465,1691509950.8610208,1691509950.9610465,127058,4216,11976,11976,24344
