frame,phase,ros_message_stamp,max_t_all_raw_offset_s,max_t_valid_raw_offset_s,max_t_geometry_after_filter_rate_offset_s,current_lidar_end_time,proposed_full_scan_end_time,imu_last_available_to_sync,imu_last_consumed,propagated_history_first,propagated_history_last,raw_coin_points,raw_coin_points_after_current_end,raw_coin_points_after_history_back,current_motion_fallback_points,geometry_points,imu_bracket_span_s,imu_support_issue
0,initialization,1691509831.9570169,0.099927330000000009,0.099927330000000009,0.099927330000000009,1691509832.0569444,1691509832.0569444,1691509832.0588865,1691509832.0569444,nan,nan,126500,0,,,22547,0.010914802551269531,
1,initialization,1691509832.0571203,0.099881330000000004,0.099881330000000004,0.099881330000000004,1691509832.1570017,1691509832.1570017,1691509832.1587722,1691509832.1570017,nan,nan,126683,0,,,22819,0.010842323303222656,
2,initialization,1691509832.1570239,0.099891270000000004,0.099891270000000004,0.099891270000000004,1691509832.2569151,1691509832.2569151,1691509832.2587566,1691509832.2569151,nan,nan,126945,0,,,23049,0.010830163955688477,
3,initialization,1691509832.2570605,0.099887890000000007,0.099887890000000007,0.099887890000000007,1691509832.3569484,1691509832.3569484,1691509832.3587072,1691509832.3569484,nan,nan,126886,0,,,23037,0.010767698287963867,
4,initialization,1691509832.3570576,0.099884190000000012,0.099884190000000012,0.099884190000000012,1691509832.4569418,1691509832.4569418,1691509832.4587073,1691509832.4569418,nan,nan,126743,0,,,22979,0.010698318481445312,
5,initialization,1691509832.4570427,0.09987942000000001,0.09987942000000001,0.09987942000000001,1691509832.5569222,1691509832.5569222,1691509832.5586543,1691509832.5569222,nan,nan,126788,0,,,22990,0.010600566864013672,
6,initialization,1691509832.5570366,0.099978200000000003,0.099978200000000003,0.099978200000000003,1691509832.6570148,1691509832.6570148,1691509832.6587887,1691509832.6570148,nan,nan,126792,0,,,22970,0.010761260986328125,
7,initialization,1691509832.6571169,0.10002453,0.10002453,0.10002453,1691509832.7571414,1691509832.7571414,1691509832.7589784,1691509832.7571414,nan,nan,126833,0,,,22966,0.011528730392456055,
8,initialization,1691509832.7572386,0.10000502,0.10000502,0.10000502,1691509832.8572435,1691509832.8572435,1691509832.8589652,1691509832.8572435,nan,nan,126602,0,,,22883,0.011597871780395508,
9,normal,1691509832.8572559,0.099838280000000001,0.099838280000000001,0.099838280000000001,1691509832.9570942,1691509832.9570942,1691509832.9589231,1691509832.9570942,1691509832.4569418,1691509832.9570942,126459,0,0,0,22844,0.011540412902832031,
10,normal,1691509832.9572802,0.099817530000000002,0.099817530000000002,0.099817530000000002,1691509833.0570977,1691509833.0570977,1691509833.0588908,1691509833.0570977,1691509832.9570942,1691509833.0570977,126433,0,0,0,22863,0.010810136795043945,
11,normal,1691509833.0572281,0.099841330000000006,0.099841330000000006,0.099841330000000006,1691509833.1570694,1691509833.1570694,1691509833.158813,1691509833.1570694,1691509833.0570977,1691509833.1570694,126459,0,0,0,22841,0.010794878005981445,
12,normal,1691509833.1570303,0.099762690000000001,0.099762690000000001,0.099762690000000001,1691509833.256793,1691509833.256793,1691509833.2587018,1691509833.256793,1691509833.1480181,1691509833.256793,126547,0,0,0,22910,0.010817050933837891,
13,normal,1691509833.2568929,0.099810340000000011,0.099810340000000011,0.099810340000000011,1691509833.3567033,1691509833.3567033,1691509833.3587093,1691509833.3567033,1691509833.256793,1691509833.3567033,126674,0,0,0,22943,0.010888099670410156,
14,normal,1691509833.3568912,0.09996273,0.09996273,0.09996273,1691509833.4568539,1691509833.4568539,1691509833.4590864,1691509833.4568539,1691509833.3567033,1691509833.4568539,126771,0,0,0,22941,0.0111846923828125,
15,normal,1691509833.4573934,0.099979230000000002,0.099979230000000002,0.099979230000000002,1691509833.5573726,1691509833.5573726,1691509833.5589492,1691509833.5573726,1691509833.4568539,1691509833.5573726,126743,0,0,0,22922,0.01098942756652832,
16,normal,1691509833.5571563,0.099945920000000008,0.099945920000000008,0.099945920000000008,1691509833.6571023,1691509833.6571023,1691509833.6589484,1691509833.6571023,1691509833.5479598,1691509833.6571023,126866,0,0,0,22995,0.010866880416870117,
17,normal,1691509833.6571493,0.09987182,0.09987182,0.09987182,1691509833.7570212,1691509833.7570212,1691509833.7587662,1691509833.7570212,1691509833.6571023,1691509833.7570212,126940,0,0,0,22987,0.010798215866088867,
18,normal,1691509833.7570128,0.099883200000000005,0.099883200000000005,0.099883200000000005,1691509833.8568962,1691509833.8568962,1691509833.8592522,1691509833.8568962,1691509833.747968,1691509833.8568962,126949,0,0,0,22977,0.011229276657104492,
19,normal,1691509833.8571055,0.099832940000000009,0.099832940000000009,0.099832940000000009,1691509833.9569385,1691509833.9569385,1691509833.9585865,1691509833.9569385,1691509833.8568962,1691509833.9569385,126924,0,0,0,22945,0.010642528533935547,
20,normal,1691509833.9569173,0.099828050000000002,0.099828050000000002,0.099828050000000002,1691509834.0567453,1691509834.0567453,1691509834.0586498,1691509834.0567453,1691509833.9479439,1691509834.0567453,126930,0,0,0,22972,0.0098178386688232422,
21,normal,1691509834.0569115,0.099947530000000007,0.099947530000000007,0.099947530000000007,1691509834.1568589,1691509834.1568589,1691509834.1586783,1691509834.1568589,1691509834.0567453,1691509834.1568589,126969,0,0,0,22962,0.010738372802734375,
22,normal,1691509834.1569171,0.099916210000000005,0.099916210000000005,0.099916210000000005,1691509834.2568333,1691509834.2568333,1691509834.2589445,1691509834.2568333,1691509834.1568589,1691509834.2568333,126903,0,0,0,22931,0.010865211486816406,
23,normal,1691509834.2570779,0.09984353,0.09984353,0.09984353,1691509834.3569214,1691509834.3569214,1691509834.358779,1691509834.3569214,1691509834.2568333,1691509834.3569214,126966,0,0,0,22983,0.010784387588500977,
24,normal,1691509834.3570666,0.099999680000000007,0.099999680000000007,0.099999680000000007,1691509834.4570663,1691509834.4570663,1691509834.4589586,1691509834.4570663,1691509834.3569214,1691509834.4570663,126967,0,0,0,22957,0.010851860046386719,
25,normal,1691509834.4571242,0.099933440000000012,0.099933440000000012,0.099933440000000012,1691509834.5570576,1691509834.5570576,1691509834.5588794,1691509834.5570576,1691509834.4570663,1691509834.5570576,126931,0,0,0,22937,0.010766506195068359,
26,normal,1691509834.5571737,0.09980079,0.09980079,0.09980079,1691509834.6569746,1691509834.6569746,1691509834.6587429,1691509834.6569746,1691509834.5570576,1691509834.6569746,126889,0,0,0,22913,0.010586023330688477,
27,normal,1691509834.6571336,0.099605970000000002,0.099605970000000002,0.099605970000000002,1691509834.7567396,1691509834.7567396,1691509834.7584362,1691509834.7567396,1691509834.6569746,1691509834.7567396,126893,0,0,0,22884,0.010608911514282227,
28,normal,1691509834.7568338,0.099791110000000002,0.099791110000000002,0.099791110000000002,1691509834.8566248,1691509834.8566248,1691509834.8583293,1691509834.8566248,1691509834.7567396,1691509834.8566248,126887,0,0,0,22892,0.010661840438842773,
29,normal,1691509834.8567126,0.09998180000000001,0.09998180000000001,0.09998180000000001,1691509834.9566944,1691509834.9566944,1691509834.9585395,1691509834.9566944,1691509834.8566248,1691509834.9566944,126903,0,0,0,22900,0.010694026947021484,
30,normal,1691509834.9568937,0.10021705,0.10021705,0.10021705,1691509835.0571108,1691509835.0571108,1691509835.0588191,1691509835.0571108,1691509834.9566944,1691509835.0571108,127000,0,0,0,22889,0.010641336441040039,
31,normal,1691509835.0571973,0.09995024000000001,0.09995024000000001,0.09995024000000001,1691509835.1571476,1691509835.1571476,1691509835.1587834,1691509835.1571476,1691509835.0571108,1691509835.1571476,126993,0,0,0,22894,0.010667562484741211,
32,normal,1691509835.1571286,0.10002458,0.10002458,0.10002458,1691509835.257153,1691509835.257153,1691509835.2591,1691509835.257153,1691509835.1481159,1691509835.257153,127038,0,0,0,22887,0.010785341262817383,
33,normal,1691509835.2574062,0.099787980000000012,0.099787980000000012,0.099787980000000012,1691509835.3571942,1691509835.3571942,1691509835.3588431,1691509835.3571942,1691509835.257153,1691509835.3571942,127062,0,0,0,22891,0.010703802108764648,
34,normal,1691509835.3572271,0.099863740000000006,0.099863740000000006,0.099863740000000006,1691509835.4570909,1691509835.4570909,1691509835.4588695,1691509835.4570909,1691509835.3571942,1691509835.4570909,127042,0,0,0,22871,0.010622501373291016,
35,normal,1691509835.4572113,0.099785610000000011,0.099785610000000011,0.099785610000000011,1691509835.5569968,1691509835.5569968,1691509835.5588446,1691509835.5569968,1691509835.4570909,1691509835.5569968,127046,0,0,0,22862,0.010794639587402344,
36,normal,1691509835.5570955,0.099870500000000001,0.099870500000000001,0.099870500000000001,1691509835.656966,1691509835.656966,1691509835.6587157,1691509835.656966,1691509835.5569968,1691509835.656966,126988,0,0,0,22849,0.010609626770019531,
37,normal,1691509835.6570425,0.10010141,0.10010141,0.10010141,1691509835.757144,1691509835.757144,1691509835.7590411,1691509835.757144,1691509835.656966,1691509835.757144,126945,0,0,0,22843,0.010828018188476562,
38,normal,1691509835.7572882,0.099993030000000011,0.099993030000000011,0.099993030000000011,1691509835.8572812,1691509835.8572812,1691509835.8591027,1691509835.8572812,1691509835.757144,1691509835.8572812,126945,0,0,0,22832,0.010794401168823242,
39,normal,1691509835.8574364,0.09997323000000001,0.09997323000000001,0.09997323000000001,1691509835.9574096,1691509835.9574096,1691509835.9592898,1691509835.9574096,1691509835.8572812,1691509835.9574096,127007,0,0,0,22846,0.010734081268310547,
40,normal,1691509835.9576488,0.10007421000000001,0.10007421000000001,0.10007421000000001,1691509836.057723,1691509836.057723,1691509836.0592222,1691509836.057723,1691509835.9574096,1691509836.057723,126962,0,0,0,22818,0.011441469192504883,
41,normal,1691509836.0574977,0.099908240000000009,0.099908240000000009,0.099908240000000009,1691509836.1574061,1691509836.1574061,1691509836.1593401,1691509836.1574061,1691509836.0477808,1691509836.1574061,126902,0,0,0,22793,0.011533498764038086,
42,normal,1691509836.1575406,0.09992572000000001,0.09992572000000001,0.09992572000000001,1691509836.2574663,1691509836.2574663,1691509836.2594094,1691509836.2574663,1691509836.1574061,1691509836.2574663,126935,0,0,0,22797,0.011560916900634766,
43,normal,1691509836.2576053,0.099853400000000009,0.099853400000000009,0.099853400000000009,1691509836.3574588,1691509836.3574588,1691509836.3593714,1691509836.3574588,1691509836.2574663,1691509836.3574588,126901,0,0,0,22788,0.011506319046020508,
44,normal,1691509836.3576891,0.099839990000000003,0.099839990000000003,0.099839990000000003,1691509836.4575291,1691509836.4575291,1691509836.4592376,1691509836.4575291,1691509836.3574588,1691509836.4575291,126956,0,0,0,22795,0.010647773742675781,
45,normal,1691509836.4575257,0.09983974000000001,0.09983974000000001,0.09983974000000001,1691509836.5573654,1691509836.5573654,1691509836.5592153,1691509836.5573654,1691509836.4485898,1691509836.5573654,127005,0,0,0,22778,0.010646581649780273,
46,normal,1691509836.5575292,0.09987443,0.09987443,0.09987443,1691509836.6574037,1691509836.6574037,1691509836.6591251,1691509836.6574037,1691509836.5573654,1691509836.6574037,126985,0,0,0,22745,0.010713577270507812,
47,normal,1691509836.6574194,0.09981079000000001,0.09981079000000001,0.09981079000000001,1691509836.7572303,1691509836.7572303,1691509836.7591183,1691509836.7572303,1691509836.6574037,1691509836.7572303,126972,0,0,0,22665,0.010794162750244141,
48,normal,1691509836.7573237,0.099605100000000002,0.099605100000000002,0.099605100000000002,1691509836.8569288,1691509836.8569288,1691509836.8587067,1691509836.8569288,1691509836.7572303,1691509836.8569288,126950,0,0,0,22546,0.010587692260742188,
49,normal,1691509836.8569984,0.099654380000000001,0.099654380000000001,0.099654380000000001,1691509836.9566529,1691509836.9566529,1691509836.9586086,1691509836.9566529,1691509836.8569288,1691509836.9566529,126956,0,0,0,22457,0.010664701461791992,
50,normal,1691509836.9568799,0.099641450000000006,0.099641450000000006,0.099641450000000006,1691509837.0565214,1691509837.0565214,1691509837.0598533,1691509837.0565214,1691509836.9566529,1691509837.0565214,126983,0,0,0,22387,0.011915683746337891,
51,normal,1691509837.0566494,0.09957748000000001,0.09957748000000001,0.09957748000000001,1691509837.1562269,1691509837.1562269,1691509837.1598053,1691509837.1562269,1691509837.0565214,1691509837.1562269,127023,0,0,0,22273,0.01178741455078125,
52,normal,1691509837.1563063,0.099744010000000008,0.099744010000000008,0.099744010000000008,1691509837.2560503,1691509837.2560503,1691509837.2594366,1691509837.2560503,1691509837.1562269,1691509837.2560503,126965,0,0,0,22269,0.011437416076660156,
53,normal,1691509837.2561941,0.099718250000000008,0.099718250000000008,0.099718250000000008,1691509837.3559124,1691509837.3559124,1691509837.3588905,1691509837.3559124,1691509837.2560503,1691509837.3559124,126972,0,0,0,22409,0.010402202606201172,
54,normal,1691509837.3558531,0.10012981,0.10012981,0.10012981,1691509837.4559829,1691509837.4559829,1691509837.4600015,1691509837.4559829,1691509837.3484883,1691509837.4559829,127003,0,0,0,22579,0.011916875839233398,
55,normal,1691509837.4563215,0.10025083000000001,0.10025083000000001,0.10025083000000001,1691509837.5565722,1691509837.5565722,1691509837.5586865,1691509837.5565722,1691509837.4559829,1691509837.5565722,126994,0,0,0,22796,0.010631084442138672,
56,normal,1691509837.5566525,0.10023430000000001,0.10023430000000001,0.10023430000000001,1691509837.6568868,1691509837.6568868,1691509837.6585841,1691509837.6568868,1691509837.5565722,1691509837.6568868,126994,0,0,0,23089,0.010519504547119141,
57,normal,1691509837.6569691,0.10021334000000001,0.10021334000000001,0.10021334000000001,1691509837.7571824,1691509837.7571824,1691509837.75896,1691509837.7571824,1691509837.6568868,1691509837.7571824,127031,0,0,0,23325,0.010764837265014648,
58,normal,1691509837.757314,0.10024966,0.10024966,0.10024966,1691509837.8575637,1691509837.8575637,1691509837.8594747,1691509837.8575637,1691509837.7571824,1691509837.8575637,127114,0,0,0,23606,0.010987520217895508,
59,normal,1691509837.8576288,0.10012782000000001,0.10012782000000001,0.10012782000000001,1691509837.9577568,1691509837.9577568,1691509837.9595518,1691509837.9577568,1691509837.8575637,1691509837.9577568,125795,0,0,0,23840,0.011498928070068359,
60,normal,1691509837.9577868,0.10009966000000001,0.10009966000000001,0.10009966000000001,1691509838.0578864,1691509838.0578864,1691509838.0597849,1691509838.0578864,1691509837.9577568,1691509838.0578864,126773,0,0,0,23895,0.011741399765014648,
61,normal,1691509838.058115,0.10010653000000001,0.10010653000000001,0.10010653000000001,1691509838.1582215,1691509838.1582215,1691509838.1600504,1691509838.1582215,1691509838.0578864,1691509838.1582215,126647,0,0,0,23774,0.011968374252319336,
62,normal,1691509838.1582694,0.099458440000000009,0.099458440000000009,0.099458440000000009,1691509838.2577279,1691509838.2577279,1691509838.2595491,1691509838.2577279,1691509838.1582215,1691509838.2577279,126604,0,0,0,23633,0.011366128921508789,
63,normal,1691509838.2578425,0.099476090000000003,0.099476090000000003,0.099476090000000003,1691509838.3573186,1691509838.3573186,1691509838.3592243,1691509838.3573186,1691509838.2577279,1691509838.3573186,126274,0,0,0,23726,0.010855674743652344,
64,normal,1691509838.3574314,0.099419400000000005,0.099419400000000005,0.099419400000000005,1691509838.4568508,1691509838.4568508,1691509838.4597344,1691509838.4568508,1691509838.3573186,1691509838.4568508,125639,0,0,0,24016,0.011689901351928711,
65,normal,1691509838.4568584,0.099506710000000012,0.099506710000000012,0.099506710000000012,1691509838.556365,1691509838.556365,1691509838.5597119,1691509838.556365,1691509838.4568508,1691509838.556365,125429,0,0,0,24358,0.01161956787109375,
66,normal,1691509838.5564787,0.099765990000000013,0.099765990000000013,0.099765990000000013,1691509838.6562448,1691509838.6562448,1691509838.6585212,1691509838.6562448,1691509838.556365,1691509838.6562448,125317,0,0,0,24439,0.010280370712280273,
67,normal,1691509838.6565151,0.099897040000000006,0.099897040000000006,0.099897040000000006,1691509838.7564123,1691509838.7564123,1691509838.759727,1691509838.7564123,1691509838.6562448,1691509838.7564123,125398,0,0,0,24598,0.011512517929077148,
68,normal,1691509838.7565255,0.099979470000000001,0.099979470000000001,0.099979470000000001,1691509838.8565049,1691509838.8565049,1691509838.8598025,1691509838.8565049,1691509838.7564123,1691509838.8565049,125338,0,0,0,24620,0.011577844619750977,
69,normal,1691509838.8565855,0.10007181000000001,0.10007181000000001,0.10007181000000001,1691509838.9566574,1691509838.9566574,1691509838.958775,1691509838.9566574,1691509838.8565049,1691509838.9566574,125310,0,0,0,24935,0.010543107986450195,
70,normal,1691509838.9568369,0.10007924,0.10007924,0.10007924,1691509839.0569162,1691509839.0569162,1691509839.0604708,1691509839.0569162,1691509838.9566574,1691509839.0569162,125143,0,0,0,25228,0.012383222579956055,
71,normal,1691509839.0568838,0.10038848,0.10038848,0.10038848,1691509839.1572723,1691509839.1572723,1691509839.1593354,1691509839.1572723,1691509839.0480876,1691509839.1572723,125218,0,0,0,25223,0.011026859283447266,
72,normal,1691509839.1574786,0.10024483000000001,0.10024483000000001,0.10024483000000001,1691509839.2577233,1691509839.2577233,1691509839.2596629,1691509839.2577233,1691509839.1572723,1691509839.2577233,125303,0,0,0,25036,0.011063337326049805,
73,normal,1691509839.2577658,0.099935330000000003,0.099935330000000003,0.099935330000000003,1691509839.3577011,1691509839.3577011,1691509839.3595614,1691509839.3577011,1691509839.2577233,1691509839.3577011,125368,0,0,0,24985,0.010880231857299805,
74,normal,1691509839.3577545,0.099959270000000003,0.099959270000000003,0.099959270000000003,1691509839.4577138,1691509839.4577138,1691509839.4597123,1691509839.4577138,1691509839.3577011,1691509839.4577138,125347,0,0,0,25130,0.010999917984008789,
75,normal,1691509839.4578457,0.099641590000000002,0.099641590000000002,0.099641590000000002,1691509839.5574872,1691509839.5574872,1691509839.5594594,1691509839.5574872,1691509839.4577138,1691509839.5574872,125159,0,0,0,25337,0.010848760604858398,
76,normal,1691509839.5576098,0.099702060000000009,0.099702060000000009,0.099702060000000009,1691509839.6573119,1691509839.6573119,1691509839.6593068,1691509839.6573119,1691509839.5574872,1691509839.6573119,125331,0,0,0,25548,0.010995388031005859,
77,normal,1691509839.6574841,0.10005722,0.10005722,0.10005722,1691509839.7575412,1691509839.7575412,1691509839.7592762,1691509839.7575412,1691509839.6573119,1691509839.7575412,125302,0,0,0,25537,0.010780811309814453,
78,normal,1691509839.7575145,0.10021243000000001,0.10021243000000001,0.10021243000000001,1691509839.8577268,1691509839.8577268,1691509839.8595667,1691509839.8577268,1691509839.7484953,1691509839.8577268,125438,0,0,0,25548,0.01068568229675293,
79,normal,1691509839.8577986,0.099967460000000008,0.099967460000000008,0.099967460000000008,1691509839.9577661,1691509839.9577661,1691509839.959497,1691509839.9577661,1691509839.8577268,1691509839.9577661,125457,0,0,0,25635,0.010614395141601562,
80,normal,1691509839.957875,0.099689520000000004,0.099689520000000004,0.099689520000000004,1691509840.0575645,1691509840.0575645,1691509840.0594823,1691509840.0575645,1691509839.9577661,1691509840.0575645,125480,0,0,0,26077,0.01075291633605957,
81,normal,1691509840.0577388,0.099865610000000007,0.099865610000000007,0.099865610000000007,1691509840.1576045,1691509840.1576045,1691509840.1594541,1691509840.1576045,1691509840.0575645,1691509840.1576045,125400,0,0,0,26234,0.010709047317504883,
82,normal,1691509840.1577222,0.10008224,0.10008224,0.10008224,1691509840.2578044,1691509840.2578044,1691509840.2597589,1691509840.2578044,1691509840.1576045,1691509840.2578044,125536,0,0,0,26322,0.010835409164428711,
83,normal,1691509840.2579882,0.099979280000000004,0.099979280000000004,0.099979280000000004,1691509840.3579674,1691509840.3579674,1691509840.3597713,1691509840.3579674,1691509840.2578044,1691509840.3579674,125608,0,0,0,26436,0.010819435119628906,
84,normal,1691509840.357991,0.099516300000000002,0.099516300000000002,0.099516300000000002,1691509840.4575074,1691509840.4575074,1691509840.4593644,1691509840.4575074,1691509840.3579674,1691509840.4575074,125597,0,0,0,26894,0.010794401168823242,
85,normal,1691509840.4575562,0.099188210000000013,0.099188210000000013,0.099188210000000013,1691509840.5567446,1691509840.5567446,1691509840.5605168,1691509840.5567446,1691509840.4575074,1691509840.5567446,125616,0,0,0,27532,0.012196063995361328,
86,normal,1691509840.5568497,0.099691000000000002,0.099691000000000002,0.099691000000000002,1691509840.6565406,1691509840.6565406,1691509840.6597381,1691509840.6565406,1691509840.5567446,1691509840.6565406,125614,0,0,0,28085,0.011342048645019531,
87,normal,1691509840.6567149,0.10008117000000001,0.10008117000000001,0.10008117000000001,1691509840.7567961,1691509840.7567961,1691509840.7600782,1691509840.7567961,1691509840.6565406,1691509840.7567961,125705,0,0,0,28665,0.011686801910400391,
88,normal,1691509840.7569237,0.10003001,0.10003001,0.10003001,1691509840.8569536,1691509840.8569536,1691509840.8607976,1691509840.8569536,1691509840.7567961,1691509840.8569536,125744,0,0,0,29081,0.012426614761352539,
89,normal,1691509840.8570509,0.099809380000000003,0.099809380000000003,0.099809380000000003,1691509840.9568603,1691509840.9568603,1691509840.9599376,1691509840.9568603,1691509840.8569536,1691509840.9568603,125827,0,0,0,29834,0.011566162109375,
90,normal,1691509840.9569345,0.099726980000000007,0.099726980000000007,0.099726980000000007,1691509841.0566614,1691509841.0566614,1691509841.0599244,1691509841.0566614,1691509840.9568603,1691509841.0566614,125872,0,0,0,30881,0.011516809463500977,
91,normal,1691509841.0567467,0.10008444000000001,0.10008444000000001,0.10008444000000001,1691509841.1568313,1691509841.1568313,1691509841.1602259,1691509841.1568313,1691509841.0566614,1691509841.1568313,125961,0,0,0,31086,0.011775493621826172,
92,normal,1691509841.1570909,0.10031512000000001,0.10031512000000001,0.10031512000000001,1691509841.257406,1691509841.257406,1691509841.2604406,1691509841.257406,1691509841.1568313,1691509841.257406,126083,0,0,0,30832,0.012021064758300781,
93,normal,1691509841.2574883,0.10009697000000001,0.10009697000000001,0.10009697000000001,1691509841.3575852,1691509841.3575852,1691509841.3594606,1691509841.3575852,1691509841.257406,1691509841.3575852,126066,0,0,0,30628,0.010847091674804688,
94,normal,1691509841.3576672,0.099773310000000004,0.099773310000000004,0.099773310000000004,1691509841.4574406,1691509841.4574406,1691509841.459285,1691509841.4574406,1691509841.3575852,1691509841.4574406,126076,0,0,0,30658,0.010805845260620117,
95,normal,1691509841.4574766,0.099430050000000006,0.099430050000000006,0.099430050000000006,1691509841.5569067,1691509841.5569067,1691509841.5601652,1691509841.5569067,1691509841.4574406,1691509841.5569067,126016,0,0,0,30951,0.011704683303833008,
96,normal,1691509841.5569468,0.099645090000000006,0.099645090000000006,0.099645090000000006,1691509841.6565919,1691509841.6565919,1691509841.6596618,1691509841.6565919,1691509841.5569067,1691509841.6565919,126140,0,0,0,31050,0.011188268661499023,
97,normal,1691509841.6567645,0.099963730000000001,0.099963730000000001,0.099963730000000001,1691509841.7567282,1691509841.7567282,1691509841.7598209,1691509841.7567282,1691509841.6565919,1691509841.7567282,126170,0,0,0,30944,0.011323451995849609,
98,normal,1691509841.7568374,0.10018840000000001,0.10018840000000001,0.10018840000000001,1691509841.8570259,1691509841.8570259,1691509841.8604321,1691509841.8570259,1691509841.7567282,1691509841.8570259,126243,0,0,0,30268,0.011966705322265625,
99,normal,1691509841.8571784,0.10008844,0.10008844,0.10008844,1691509841.9572668,1691509841.9572668,1691509841.9603007,1691509841.9572668,1691509841.8570259,1691509841.9572668,126254,0,0,0,29816,0.011832475662231445,
100,normal,1691509841.9573812,0.10005682,0.10005682,0.10005682,1691509842.0574381,1691509842.0574381,1691509842.0593326,1691509842.0574381,1691509841.9572668,1691509842.0574381,126321,0,0,0,29322,0.010890960693359375,
101,normal,1691509842.0575101,0.10008687000000001,0.10008687000000001,0.10008687000000001,1691509842.1575971,1691509842.1575971,1691509842.1596384,1691509842.1575971,1691509842.0574381,1691509842.1575971,126457,0,0,0,28578,0.010915279388427734,
102,normal,1691509842.1577818,0.10004883000000001,0.10004883000000001,0.10004883000000001,1691509842.2578306,1691509842.2578306,1691509842.259603,1691509842.2578306,1691509842.1575971,1691509842.2578306,126433,0,0,0,27539,0.010761499404907227,
103,normal,1691509842.2578201,0.099851550000000011,0.099851550000000011,0.099851550000000011,1691509842.3576717,1691509842.3576717,1691509842.3595691,1691509842.3576717,1691509842.2488415,1691509842.3576717,126466,0,0,0,26546,0.010714292526245117,
104,normal,1691509842.357866,0.099827290000000013,0.099827290000000013,0.099827290000000013,1691509842.4576933,1691509842.4576933,1691509842.4595447,1691509842.4576933,1691509842.3576717,1691509842.4576933,126468,0,0,0,25821,0.010701894760131836,
105,normal,1691509842.4577661,0.099406760000000011,0.099406760000000011,0.099406760000000011,1691509842.5571728,1691509842.5571728,1691509842.5598743,1691509842.5571728,1691509842.4576933,1691509842.5571728,126310,0,0,0,25235,0.011410236358642578,
106,normal,1691509842.557142,0.09953192000000001,0.09953192000000001,0.09953192000000001,1691509842.6566739,1691509842.6566739,1691509842.6597292,1691509842.6566739,1691509842.5484641,1691509842.6566739,126460,0,0,0,24561,0.011200666427612305,
107,normal,1691509842.656903,0.10008385,0.10008385,0.10008385,1691509842.7569869,1691509842.7569869,1691509842.7598891,1691509842.7569869,1691509842.6566739,1691509842.7569869,126544,0,0,0,23694,0.011377811431884766,
108,normal,1691509842.7570515,0.10040229000000001,0.10040229000000001,0.10040229000000001,1691509842.8574538,1691509842.8574538,1691509842.8592236,1691509842.8574538,1691509842.7569869,1691509842.8574538,126573,0,0,0,22901,0.010737895965576172,
109,normal,1691509842.8574679,0.09991301000000001,0.09991301000000001,0.09991301000000001,1691509842.957381,1691509842.957381,1691509842.9593694,1691509842.957381,1691509842.8574538,1691509842.957381,126558,0,0,0,22555,0.010720968246459961,
110,normal,1691509842.9575582,0.099867250000000005,0.099867250000000005,0.099867250000000005,1691509843.0574255,1691509843.0574255,1691509843.0593472,1691509843.0574255,1691509842.957381,1691509843.0574255,126553,0,0,0,22502,0.011045932769775391,
111,normal,1691509843.0575156,0.099984220000000013,0.099984220000000013,0.099984220000000013,1691509843.1574998,1691509843.1574998,1691509843.1593482,1691509843.1574998,1691509843.0574255,1691509843.1574998,126557,0,0,0,22150,0.010801315307617188,
112,normal,1691509843.1575072,0.09983728,0.09983728,0.09983728,1691509843.2573445,1691509843.2573445,1691509843.259306,1691509843.2573445,1691509843.1574998,1691509843.2573445,126619,0,0,0,21541,0.010861873626708984,
113,normal,1691509843.2574658,0.09977343000000001,0.09977343000000001,0.09977343000000001,1691509843.3572392,1691509843.3572392,1691509843.3590341,1691509843.3572392,1691509843.2573445,1691509843.3572392,126637,0,0,0,21052,0.010634183883666992,
114,normal,1691509843.3572793,0.099696080000000006,0.099696080000000006,0.099696080000000006,1691509843.4569755,1691509843.4569755,1691509843.4606524,1691509843.4569755,1691509843.3572392,1691509843.4569755,126660,0,0,0,20782,0.012201547622680664,
115,normal,1691509843.4570806,0.099545820000000007,0.099545820000000007,0.099545820000000007,1691509843.5566263,1691509843.5566263,1691509843.5586884,1691509843.5566263,1691509843.4569755,1691509843.5566263,126556,0,0,0,20694,0.010141372680664062,
116,normal,1691509843.5567772,0.099716100000000002,0.099716100000000002,0.099716100000000002,1691509843.6564934,1691509843.6564934,1691509843.6598761,1691509843.6564934,1691509843.5566263,1691509843.6564934,126421,0,0,0,20537,0.010777950286865234,
117,normal,1691509843.6567016,0.099767240000000007,0.099767240000000007,0.099767240000000007,1691509843.7564688,1691509843.7564688,1691509843.7604537,1691509843.7564688,1691509843.6564934,1691509843.7564688,126477,0,0,0,20193,0.011371612548828125,
118,normal,1691509843.7565913,0.10020754000000001,0.10020754000000001,0.10020754000000001,1691509843.8567989,1691509843.8567989,1691509843.8607037,1691509843.8567989,1691509843.7564688,1691509843.8567989,124949,0,0,0,19968,0.012112855911254883,
119,normal,1691509843.8568521,0.10006668000000001,0.10006668000000001,0.10006668000000001,1691509843.9569187,1691509843.9569187,1691509843.9607656,1691509843.9569187,1691509843.8567989,1691509843.9569187,124896,0,0,0,19994,0.012314796447753906,
120,normal,1691509843.9570625,0.10005598,0.10005598,0.10005598,1691509844.0571184,1691509844.0571184,1691509844.060662,1691509844.0571184,1691509843.9569187,1691509844.0571184,125485,0,0,0,20070,0.012094259262084961,
121,normal,1691509844.0572531,0.10020219000000001,0.10020219000000001,0.10020219000000001,1691509844.1574552,1691509844.1574552,1691509844.1591992,1691509844.1574552,1691509844.0571184,1691509844.1574552,126078,0,0,0,19970,0.010710954666137695,
122,normal,1691509844.1575434,0.099936940000000002,0.099936940000000002,0.099936940000000002,1691509844.2574804,1691509844.2574804,1691509844.2591703,1691509844.2574804,1691509844.1574552,1691509844.2574804,124729,0,0,0,19666,0.010610580444335938,
123,normal,1691509844.2575374,0.099912120000000007,0.099912120000000007,0.099912120000000007,1691509844.3574495,1691509844.3574495,1691509844.3591776,1691509844.3574495,1691509844.2574804,1691509844.3574495,123184,0,0,0,19423,0.010777950286865234,
124,normal,1691509844.3575127,0.099599710000000008,0.099599710000000008,0.099599710000000008,1691509844.4571123,1691509844.4571123,1691509844.460499,1691509844.4571123,1691509844.3574495,1691509844.4571123,122967,0,0,0,19379,0.01189112663269043,
125,normal,1691509844.4572475,0.099399560000000012,0.099399560000000012,0.099399560000000012,1691509844.5566471,1691509844.5566471,1691509844.5602696,1691509844.5566471,1691509844.4571123,1691509844.5566471,123726,0,0,0,19562,0.010961532592773438,
126,normal,1691509844.5566158,0.099750050000000007,0.099750050000000007,0.099750050000000007,1691509844.6563659,1691509844.6563659,1691509844.6598258,1691509844.6563659,1691509844.5493081,1691509844.6563659,125091,0,0,0,19593,0.010568857192993164,
127,normal,1691509844.6565561,0.099857710000000002,0.099857710000000002,0.099857710000000002,1691509844.7564139,1691509844.7564139,1691509844.7603164,1691509844.7564139,1691509844.6563659,1691509844.7564139,126267,0,0,0,19431,0.011317253112792969,
128,normal,1691509844.756597,0.099900660000000002,0.099900660000000002,0.099900660000000002,1691509844.8564978,1691509844.8564978,1691509844.8600683,1691509844.8564978,1691509844.7564139,1691509844.8564978,126202,0,0,0,19386,0.010969877243041992,
129,normal,1691509844.8564701,0.09996729,0.09996729,0.09996729,1691509844.9564373,1691509844.9564373,1691509844.9596338,1691509844.9564373,1691509844.8490984,1691509844.9564373,126212,0,0,0,19625,0.010403156280517578,
130,normal,1691509844.9566908,0.10024544000000001,0.10024544000000001,0.10024544000000001,1691509845.0569363,1691509845.0569363,1691509845.0592928,1691509845.0569363,1691509844.9564373,1691509845.0569363,126130,0,0,0,19929,0.010559558868408203,
131,normal,1691509845.0571375,0.10029757,0.10029757,0.10029757,1691509845.1574349,1691509845.1574349,1691509845.1607234,1691509845.1574349,1691509845.0569363,1691509845.1574349,126114,0,0,0,19972,0.012012958526611328,
132,normal,1691509845.1574178,0.099896510000000008,0.099896510000000008,0.099896510000000008,1691509845.2573142,1691509845.2573142,1691509845.2604973,1691509845.2573142,1691509845.1487105,1691509845.2573142,126151,0,0,0,19812,0.011796236038208008,
133,normal,1691509845.2574632,0.099923540000000005,0.099923540000000005,0.099923540000000005,1691509845.3573868,1691509845.3573868,1691509845.3608515,1691509845.3573868,1691509845.2573142,1691509845.3573868,126135,0,0,0,19736,0.012241125106811523,
134,normal,1691509845.357491,0.099767760000000011,0.099767760000000011,0.099767760000000011,1691509845.4572587,1691509845.4572587,1691509845.4606421,1691509845.4572587,1691509845.3573868,1691509845.4572587,126149,0,0,0,19849,0.01190948486328125,
135,normal,1691509845.4573817,0.09973891,0.09973891,0.09973891,1691509845.5571206,1691509845.5571206,1691509845.5603333,1691509845.5571206,1691509845.4572587,1691509845.5571206,126185,0,0,0,20103,0.011692285537719727,
136,normal,1691509845.5571392,0.099964870000000011,0.099964870000000011,0.099964870000000011,1691509845.657104,1691509845.657104,1691509845.6605997,1691509845.657104,1691509845.5571206,1691509845.657104,126127,0,0,0,20226,0.0118408203125,
137,normal,1691509845.6572049,0.10039820000000001,0.10039820000000001,0.10039820000000001,1691509845.7576032,1691509845.7576032,1691509845.7594194,1691509845.7576032,1691509845.657104,1691509845.7576032,126155,0,0,0,20339,0.010663509368896484,
138,normal,1691509845.7577817,0.10041823000000001,0.10041823000000001,0.10041823000000001,1691509845.8582001,1691509845.8582001,1691509845.8599925,1691509845.8582001,1691509845.7576032,1691509845.8582001,126056,0,0,0,20462,0.010796785354614258,
139,normal,1691509845.8583207,0.099841780000000005,0.099841780000000005,0.099841780000000005,1691509845.9581625,1691509845.9581625,1691509845.9598546,1691509845.9581625,1691509845.8582001,1691509845.9581625,126085,0,0,0,20852,0.010608196258544922,
140,normal,1691509845.9582245,0.099909890000000001,0.099909890000000001,0.099909890000000001,1691509846.0581343,1691509846.0581343,1691509846.0599833,1691509846.0581343,1691509845.9581625,1691509846.0581343,126106,0,0,0,21303,0.010756731033325195,
141,normal,1691509846.0582404,0.099873310000000007,0.099873310000000007,0.099873310000000007,1691509846.1581137,1691509846.1581137,1691509846.1599245,1691509846.1581137,1691509846.0581343,1691509846.1581137,126122,0,0,0,21327,0.010730743408203125,
142,normal,1691509846.1581941,0.09950233,0.09950233,0.09950233,1691509846.2576964,1691509846.2576964,1691509846.2594419,1691509846.2576964,1691509846.1581137,1691509846.2576964,126131,0,0,0,21178,0.010740995407104492,
143,normal,1691509846.2576594,0.099387980000000001,0.099387980000000001,0.099387980000000001,1691509846.3570473,1691509846.3570473,1691509846.3591187,1691509846.3570473,1691509846.2487009,1691509846.3570473,126255,0,0,0,21183,0.010408639907836914,
144,normal,1691509846.3570924,0.099295960000000003,0.099295960000000003,0.099295960000000003,1691509846.4563882,1691509846.4563882,1691509846.4598176,1691509846.4563882,1691509846.3570473,1691509846.4563882,126323,0,0,0,21304,0.010671377182006836,
145,normal,1691509846.4565961,0.09936600000000001,0.09936600000000001,0.09936600000000001,1691509846.5559621,1691509846.5559621,1691509846.5588167,1691509846.5559621,1691509846.4563882,1691509846.5559621,126240,0,0,0,21472,0.010130643844604492,
146,normal,1691509846.5560546,0.099861050000000007,0.099861050000000007,0.099861050000000007,1691509846.6559157,1691509846.6559157,1691509846.6590788,1691509846.6559157,1691509846.5559621,1691509846.6559157,126247,0,0,0,21523,0.010308742523193359,
147,normal,1691509846.65608,0.10001451,0.10001451,0.10001451,1691509846.7560945,1691509846.7560945,1691509846.7601786,1691509846.7560945,1691509846.6559157,1691509846.7560945,126338,0,0,0,21535,0.011361122131347656,
148,normal,1691509846.7564838,0.10014799000000001,0.10014799000000001,0.10014799000000001,1691509846.8566318,1691509846.8566318,1691509846.8594465,1691509846.8566318,1691509846.7560945,1691509846.8566318,126300,0,0,0,21585,0.010256290435791016,
149,normal,1691509846.8566203,0.10005461,0.10005461,0.10005461,1691509846.9566748,1691509846.9566748,1691509846.9603152,1691509846.9566748,1691509846.8491902,1691509846.9566748,126297,0,0,0,22004,0.011098861694335938,
150,normal,1691509846.9566376,0.10006683000000001,0.10006683000000001,0.10006683000000001,1691509847.0567045,1691509847.0567045,1691509847.0587621,1691509847.0567045,1691509846.9492164,1691509847.0567045,126292,0,0,0,22545,0.0092947483062744141,
151,normal,1691509847.0569429,0.10008242000000001,0.10008242000000001,0.10008242000000001,1691509847.1570253,1691509847.1570253,1691509847.1592209,1691509847.1570253,1691509847.0567045,1691509847.1570253,126376,0,0,0,22774,0.0097320079803466797,
152,normal,1691509847.1574273,0.099659450000000011,0.099659450000000011,0.099659450000000011,1691509847.2570868,1691509847.2570868,1691509847.2598901,1691509847.2570868,1691509847.1570253,1691509847.2570868,126332,0,0,0,22799,0.010614395141601562,
153,normal,1691509847.256701,0.099440650000000005,0.099440650000000005,0.099440650000000005,1691509847.3561416,1691509847.3561416,1691509847.3599787,1691509847.3561416,1691509847.2492757,1691509847.3561416,126369,0,0,0,23055,0.011214971542358398,
154,normal,1691509847.3563097,0.099269840000000012,0.099269840000000012,0.099269840000000012,1691509847.4555795,1691509847.4555795,1691509847.4592674,1691509847.4555795,1691509847.3561416,1691509847.4555795,126436,0,0,0,23558,0.010303258895874023,
155,normal,1691509847.4555981,0.099484230000000007,0.099484230000000007,0.099484230000000007,1691509847.5550823,1691509847.5550823,1691509847.5589783,1691509847.5550823,1691509847.4555795,1691509847.5550823,126499,0,0,0,24073,0.0095360279083251953,
156,normal,1691509847.5552793,0.10021537000000001,0.10021537000000001,0.10021537000000001,1691509847.6554947,1691509847.6554947,1691509847.6594911,1691509847.6554947,1691509847.5550823,1691509847.6554947,126430,0,0,0,24245,0.010560035705566406,
157,normal,1691509847.6555846,0.10043323000000001,0.10043323000000001,0.10043323000000001,1691509847.7560177,1691509847.7560177,1691509847.760011,1691509847.7560177,1691509847.6554947,1691509847.7560177,126474,0,0,0,24015,0.011204242706298828,
158,normal,1691509847.7562876,0.10072264,0.10072264,0.10072264,1691509847.8570101,1691509847.8570101,1691509847.8599265,1691509847.8570101,1691509847.7560177,1691509847.8570101,126500,0,0,0,23754,0.010320186614990234,
159,normal,1691509847.8570781,0.10049638000000001,0.10049638000000001,0.10049638000000001,1691509847.9575744,1691509847.9575744,1691509847.9611101,1691509847.9575744,1691509847.8570101,1691509847.9575744,126417,0,0,0,23922,0.012195825576782227,
160,normal,1691509847.9576735,0.10064711000000001,0.10064711000000001,0.10064711000000001,1691509848.0583208,1691509848.0583208,1691509848.0601315,1691509848.0583208,1691509847.9575744,1691509848.0583208,126323,0,0,0,24121,0.010776042938232422,
161,normal,1691509848.0584636,0.10114712000000001,0.10114712000000001,0.10114712000000001,1691509848.1596107,1691509848.1596107,1691509848.1694913,1691509848.1596107,1691509848.0583208,1691509848.1596107,126305,0,0,0,23869,0.010556936264038086,
162,normal,1691509848.159615,0.10031609000000001,0.10031609000000001,0.10031609000000001,1691509848.2599311,1691509848.2599311,1691509848.2689235,1691509848.2599311,1691509848.1596107,1691509848.2599311,126442,0,0,0,23545,0.010061979293823242,
163,normal,1691509848.2599962,0.099645430000000007,0.099645430000000007,0.099645430000000007,1691509848.3596416,1691509848.3596416,1691509848.369288,1691509848.3596416,1691509848.2599311,1691509848.3596416,126486,0,0,0,23499,0.010294914245605469,
164,normal,1691509848.3595419,0.099146880000000007,0.099146880000000007,0.099146880000000007,1691509848.4586887,1691509848.4586887,1691509848.460686,1691509848.4586887,1691509848.3589931,1691509848.4586887,126542,0,0,0,23681,0.011771917343139648,
165,normal,1691509848.4588621,0.099146130000000013,0.099146130000000013,0.099146130000000013,1691509848.5580082,1691509848.5580082,1691509848.5598359,1691509848.5580082,1691509848.4586887,1691509848.5580082,126766,0,0,0,23838,0.01062774658203125,
166,normal,1691509848.5580518,0.098805860000000009,0.098805860000000009,0.098805860000000009,1691509848.6568577,1691509848.6568577,1691509848.6601586,1691509848.6568577,1691509848.5580082,1691509848.6568577,126854,0,0,0,23718,0.010568380355834961,
167,normal,1691509848.6570768,0.098788960000000009,0.098788960000000009,0.098788960000000009,1691509848.7558658,1691509848.7558658,1691509848.7594411,1691509848.7558658,1691509848.6568577,1691509848.7558658,126957,0,0,0,23550,0.010414361953735352,
168,normal,1691509848.7559829,0.09865626000000001,0.09865626000000001,0.09865626000000001,1691509848.8546391,1691509848.8546391,1691509848.8596764,1691509848.8546391,1691509848.7558658,1691509848.8546391,127012,0,0,0,23601,0.010623931884765625,
169,normal,1691509848.8546021,0.09836170000000001,0.09836170000000001,0.09836170000000001,1691509848.9529638,1691509848.9529638,1691509848.9596548,1691509848.9529638,1691509848.8490524,1691509848.9529638,126934,0,0,0,23869,0.010647058486938477,
170,normal,1691509848.9532475,0.09905303,0.09905303,0.09905303,1691509849.0523007,1691509849.0523007,1691509849.05896,1691509849.0523007,1691509848.9529638,1691509849.0523007,126886,0,0,0,24124,0.0093436241149902344,
171,normal,1691509849.0523903,0.099871400000000013,0.099871400000000013,0.099871400000000013,1691509849.1522617,1691509849.1522617,1691509849.1589448,1691509849.1522617,1691509849.0523007,1691509849.1522617,126802,0,0,0,23953,0.0092527866363525391,
172,normal,1691509849.1525421,0.10017543000000001,0.10017543000000001,0.10017543000000001,1691509849.2527175,1691509849.2527175,1691509849.2595401,1691509849.2527175,1691509849.1522617,1691509849.2527175,126719,0,0,0,23785,0.010387182235717773,
173,normal,1691509849.2528124,0.10055346000000001,0.10055346000000001,0.10055346000000001,1691509849.3533659,1691509849.3533659,1691509849.359252,1691509849.3533659,1691509849.2527175,1691509849.3533659,126690,0,0,0,23768,0.010255575180053711,
174,normal,1691509849.353472,0.10078926000000001,0.10078926000000001,0.10078926000000001,1691509849.4542613,1691509849.4542613,1691509849.4597728,1691509849.4542613,1691509849.3533659,1691509849.4542613,126678,0,0,0,23988,0.010637283325195312,
175,normal,1691509849.4544241,0.10119383000000001,0.10119383000000001,0.10119383000000001,1691509849.555618,1691509849.555618,1691509849.5593548,1691509849.555618,1691509849.4542613,1691509849.555618,126755,0,0,0,24129,0.0096304416656494141,
176,normal,1691509849.55583,0.10133784000000001,0.10133784000000001,0.10133784000000001,1691509849.6571679,1691509849.6571679,1691509849.6607563,1691509849.6571679,1691509849.555618,1691509849.6571679,126742,0,0,0,24002,0.011209487915039062,
177,normal,1691509849.6570854,0.10121199,0.10121199,0.10121199,1691509849.7582974,1691509849.7582974,1691509849.7604225,1691509849.7582974,1691509849.6495469,1691509849.7582974,126714,0,0,0,23857,0.011159181594848633,
178,normal,1691509849.758491,0.10150897,0.10150897,0.10150897,1691509849.8599999,1691509849.8599999,1691509849.8690724,1691509849.8599999,1691509849.7582974,1691509849.8599999,126721,0,0,0,23828,0.010095596313476562,
179,normal,1691509849.8599284,0.10086849000000001,0.10086849000000001,0.10086849000000001,1691509849.9607968,1691509849.9607968,1691509849.9692917,1691509849.9607968,1691509849.8589768,1691509849.9607968,126733,0,0,0,24017,0.0096089839935302734,
180,normal,1691509849.9609962,0.10114881000000001,0.10114881000000001,0.10114881000000001,1691509850.062145,1691509850.062145,1691509850.0691524,1691509850.062145,1691509849.9607968,1691509850.062145,126793,0,0,0,24028,0.0096869468688964844,
181,normal,1691509850.0622981,0.10072801000000001,0.10072801000000001,0.10072801000000001,1691509850.1630261,1691509850.1630261,1691509850.1696622,1691509850.1630261,1691509850.062145,1691509850.1630261,127097,0,0,0,23763,0.010558843612670898,
182,normal,1691509850.1629939,0.099139490000000011,0.099139490000000011,0.099139490000000011,1691509850.2621334,1691509850.2621334,1691509850.2691917,1691509850.2621334,1691509850.1591034,1691509850.2621334,127319,0,0,0,23708,0.0095732212066650391,
183,normal,1691509850.2621012,0.097949220000000004,0.097949220000000004,0.097949220000000004,1691509850.3600504,1691509850.3600504,1691509850.3695495,1691509850.3600504,1691509850.2596185,1691509850.3600504,127416,0,0,0,23906,0.010471820831298828,
184,normal,1691509850.3600411,0.097455530000000012,0.097455530000000012,0.097455530000000012,1691509850.4574966,1691509850.4574966,1691509850.4614677,1691509850.4574966,1691509850.3590777,1691509850.4574966,127484,0,0,0,24186,0.012519121170043945,
185,normal,1691509850.4576216,0.096927030000000011,0.096927030000000011,0.096927030000000011,1691509850.5545485,1691509850.5545485,1691509850.5595694,1691509850.5545485,1691509850.4574966,1691509850.5545485,127415,0,0,0,24154,0.010256052017211914,
186,normal,1691509850.5546,0.097151080000000001,0.097151080000000001,0.097151080000000001,1691509850.651751,1691509850.651751,1691509850.6598792,1691509850.651751,1691509850.5545485,1691509850.651751,127335,0,0,0,24000,0.010717868804931641,
187,normal,1691509850.651881,0.098074910000000001,0.098074910000000001,0.098074910000000001,1691509850.7499559,1691509850.7499559,1691509850.7596953,1691509850.7499559,1691509850.651751,1691509850.7499559,127300,0,0,0,24009,0.010545969009399414,
188,normal,1691509850.7500544,0.098724860000000011,0.098724860000000011,0.098724860000000011,1691509850.8487792,1691509850.8487792,1691509850.8508501,1691509850.8487792,1691509850.7499559,1691509850.8487792,127094,0,0,0,24201,0.011649131774902344,
189,normal,1691509850.8490961,0.099425200000000005,0.099425200000000005,0.099425200000000005,1691509850.9485214,1691509850.9485214,1691509850.9503694,1691509850.9485214,1691509850.8487792,1691509850.9485214,126932,0,0,0,24594,0.010693550109863281,
190,normal,1691509850.9486225,0.10019297000000001,0.10019297000000001,0.10019297000000001,1691509851.0488155,1691509851.0488155,1691509851.050755,1691509851.0488155,1691509850.9485214,1691509851.0488155,127017,0,0,0,25007,0.011553287506103516,
191,normal,1691509851.0490234,0.10152875,0.10152875,0.10152875,1691509851.150552,1691509851.150552,1691509851.1591783,1691509851.150552,1691509851.0488155,1691509851.150552,127114,0,0,0,25212,0.0096313953399658203,
192,normal,1691509851.150861,0.10299190000000001,0.10299190000000001,0.10299190000000001,1691509851.2538528,1691509851.2538528,1691509851.2593067,1691509851.2538528,1691509851.150552,1691509851.2538528,126880,0,0,0,24990,0.0096709728240966797,
193,normal,1691509851.254163,0.10389803,0.10389803,0.10389803,1691509851.3580611,1691509851.3580611,1691509851.3599157,1691509851.3580611,1691509851.2538528,1691509851.3580611,126680,0,0,0,24633,0.010690450668334961,
194,normal,1691509851.3581378,0.10424889000000001,0.10424889000000001,0.10424889000000001,1691509851.4623868,1691509851.4623868,1691509851.4694762,1691509851.4623868,1691509851.3580611,1691509851.4623868,126496,0,0,0,24218,0.0098531246185302734,
195,normal,1691509851.4625447,0.10401111,0.10401111,0.10401111,1691509851.5665557,1691509851.5665557,1691509851.569881,1691509851.5665557,1691509851.4623868,1691509851.5665557,126367,0,0,0,23958,0.010559797286987305,
196,normal,1691509851.5665824,0.10237734000000001,0.10237734000000001,0.10237734000000001,1691509851.6689599,1691509851.6689599,1691509851.6727557,1691509851.6689599,1691509851.5665557,1691509851.6689599,126223,0,0,0,23523,0.012955427169799805,
197,normal,1691509851.6689651,0.10052516,0.10052516,0.10052516,1691509851.7694902,1691509851.7694902,1691509851.7707837,1691509851.7694902,1691509851.6689599,1691509851.7694902,126292,0,0,0,23296,0.0114898681640625,
198,normal,1691509851.7693117,0.098940520000000004,0.098940520000000004,0.098940520000000004,1691509851.8682523,1691509851.8682523,1691509851.869926,1691509851.8682523,1691509851.7592938,1691509851.8682523,126611,0,0,0,23413,0.010510683059692383,
199,normal,1691509851.8681514,0.09715886,0.09715886,0.09715886,1691509851.9653103,1691509851.9653103,1691509851.9693463,1691509851.9653103,1691509851.8594153,1691509851.9653103,126778,0,0,0,23395,0.0095431804656982422,
200,normal,1691509851.9653366,0.095366210000000007,0.095366210000000007,0.095366210000000007,1691509852.0607028,1691509852.0607028,1691509852.0698416,1691509852.0607028,1691509851.9653103,1691509852.0607028,126500,0,0,0,22835,0.010355949401855469,
201,normal,1691509852.0605581,0.094705650000000002,0.094705650000000002,0.094705650000000002,1691509852.1552637,1691509852.1552637,1691509852.1594529,1691509852.1552637,1691509852.0594857,1691509852.1552637,125968,0,0,0,22165,0.009674072265625,
202,normal,1691509852.1553607,0.094671370000000005,0.094671370000000005,0.094671370000000005,1691509852.2500322,1691509852.2500322,1691509852.2595,1691509852.2500322,1691509852.1552637,1691509852.2500322,125498,0,0,0,21757,0.010150432586669922,
203,normal,1691509852.2501228,0.095495790000000011,0.095495790000000011,0.095495790000000011,1691509852.3456185,1691509852.3456185,1691509852.3494983,1691509852.3456185,1691509852.2500322,1691509852.3456185,125883,0,0,0,21474,0.010133981704711914,
204,normal,1691509852.3460016,0.09742851000000001,0.09742851000000001,0.09742851000000001,1691509852.4434302,1691509852.4434302,1691509852.4494615,1691509852.4434302,1691509852.3456185,1691509852.4434302,126199,0,0,0,21011,0.01002955436706543,
205,normal,1691509852.443763,0.099797250000000004,0.099797250000000004,0.099797250000000004,1691509852.5435603,1691509852.5435603,1691509852.5496922,1691509852.5435603,1691509852.4434302,1691509852.5435603,126016,0,0,0,20669,0.010185956954956055,
206,normal,1691509852.543988,0.10219155000000001,0.10219155000000001,0.10219155000000001,1691509852.6461794,1691509852.6461794,1691509852.6523197,1691509852.6461794,1691509852.5435603,1691509852.6461794,125983,0,0,0,20414,0.012843847274780273,
207,normal,1691509852.646462,0.10403579,0.10403579,0.10403579,1691509852.7504978,1691509852.7504978,1691509852.7594869,1691509852.7504978,1691509852.6461794,1691509852.7504978,126124,0,0,0,20506,0.010045528411865234,
208,normal,1691509852.750715,0.10540728000000001,0.10540728000000001,0.10540728000000001,1691509852.8561223,1691509852.8561223,1691509852.8602214,1691509852.8561223,1691509852.7504978,1691509852.8561223,126508,0,0,0,21160,0.010133266448974609,
209,normal,1691509852.8563571,0.10544829,0.10544829,0.10544829,1691509852.9618053,1691509852.9618053,1691509852.9694121,1691509852.9618053,1691509852.8561223,1691509852.9618053,126473,0,0,0,21920,0.010027647018432617,
210,normal,1691509852.9618018,0.10413131,0.10413131,0.10413131,1691509853.065933,1691509853.065933,1691509853.069406,1691509853.065933,1691509852.9593844,1691509853.065933,126489,0,0,0,22509,0.0096879005432128906,
211,normal,1691509853.0657208,0.10165835000000001,0.10165835000000001,0.10165835000000001,1691509853.1673791,1691509853.1673791,1691509853.170336,1691509853.1673791,1691509853.0597181,1691509853.1673791,126614,0,0,0,23029,0.010461568832397461,
212,normal,1691509853.167269,0.099598910000000013,0.099598910000000013,0.099598910000000013,1691509853.2668679,1691509853.2668679,1691509853.2699215,1691509853.2668679,1691509853.1598744,1691509853.2668679,127135,0,0,0,24031,0.010426521301269531,
213,normal,1691509853.2667837,0.098269980000000007,0.098269980000000007,0.098269980000000007,1691509853.3650537,1691509853.3650537,1691509853.3701913,1691509853.3650537,1691509853.259495,1691509853.3650537,127301,0,0,0,24920,0.010749340057373047,
214,normal,1691509853.3651643,0.097527970000000005,0.097527970000000005,0.097527970000000005,1691509853.4626923,1691509853.4626923,1691509853.4695544,1691509853.4626923,1691509853.3650537,1691509853.4626923,127395,0,0,0,24745,0.0094776153564453125,
215,normal,1691509853.4626834,0.097007660000000009,0.097007660000000009,0.097007660000000009,1691509853.5596912,1691509853.5596912,1691509853.5636001,1691509853.5596912,1691509853.4600768,1691509853.5596912,127287,0,0,0,23978,0.013950347900390625,
216,normal,1691509853.5599651,0.095939320000000008,0.095939320000000008,0.095939320000000008,1691509853.6559045,1691509853.6559045,1691509853.6605034,1691509853.6559045,1691509853.5596912,1691509853.6559045,127263,0,0,0,23727,0.010218620300292969,
217,normal,1691509853.655839,0.095989500000000005,0.095989500000000005,0.095989500000000005,1691509853.7518284,1691509853.7518284,1691509853.7598405,1691509853.7518284,1691509853.6502848,1691509853.7518284,127262,0,0,0,23977,0.010193347930908203,
218,normal,1691509853.7519867,0.096239000000000005,0.096239000000000005,0.096239000000000005,1691509853.8482258,1691509853.8482258,1691509853.850358,1691509853.8482258,1691509853.7518284,1691509853.8482258,127284,0,0,0,24649,0.010722875595092773,
219,normal,1691509853.8484051,0.097292210000000004,0.097292210000000004,0.097292210000000004,1691509853.9456973,1691509853.9456973,1691509853.9495938,1691509853.9456973,1691509853.8482258,1691509853.9456973,127302,0,0,0,25249,0.0094983577728271484,
220,normal,1691509853.9457846,0.098119690000000009,0.098119690000000009,0.098119690000000009,1691509854.0439043,1691509854.0439043,1691509854.0496061,1691509854.0439043,1691509853.9456973,1691509854.0439043,127073,0,0,0,24390,0.0097649097442626953,
221,normal,1691509854.0441318,0.10028045000000001,0.10028045000000001,0.10028045000000001,1691509854.1444123,1691509854.1444123,1691509854.1499832,1691509854.1444123,1691509854.0439043,1691509854.1444123,127203,0,0,0,23801,0.010360002517700195,
222,normal,1691509854.144865,0.081955620000000007,0.081955620000000007,0.081955620000000007,1691509854.2268207,1691509854.2268207,1691509854.3801358,1691509854.2195973,1691509854.1444123,1691509854.2195973,101888,0,9215,9215,18089,0.1605384349822998,imu_bracket_gap_or_order_invalid
223,normal,1691509854.3561337,0.152634513,0.152634513,0.152634513,1691509854.5087683,1691509854.5087683,1691509854.5097823,1691509854.5087683,1691509854.2195973,1691509854.5087683,108170,0,0,0,20912,0.0099825859069824219,
224,normal,1691509854.4617214,0.10655597,0.10655597,0.10655597,1691509854.5682774,1691509854.5682774,1691509854.572263,1691509854.5682774,1691509854.4603682,1691509854.5682774,126668,0,0,0,24885,0.011895418167114258,
225,normal,1691509854.5680912,0.10382930000000001,0.10382930000000001,0.10382930000000001,1691509854.6719205,1691509854.6719205,1691509854.6802673,1691509854.6719205,1691509854.5603676,1691509854.6719205,126957,0,0,0,25019,0.010479450225830078,
226,normal,1691509854.6720777,0.10102136,0.10102136,0.10102136,1691509854.7730989,1691509854.7730989,1691509854.7798722,1691509854.7730989,1691509854.6719205,1691509854.7730989,127379,0,0,0,24917,0.01002192497253418,
227,normal,1691509854.7726705,0.098720020000000006,0.098720020000000006,0.098720020000000006,1691509854.8713906,1691509854.8713906,1691509854.879739,1691509854.8713906,1691509854.7698503,1691509854.8713906,127463,0,0,0,24966,0.0096654891967773438,
228,normal,1691509854.8718336,0.09644678000000001,0.09644678000000001,0.09644678000000001,1691509854.9682803,1691509854.9682803,1691509854.9707468,1691509854.9682803,1691509854.8713906,1691509854.9682803,127358,0,0,0,24861,0.010874032974243164,
229,normal,1691509854.967732,0.09540266,0.09540266,0.09540266,1691509855.0631347,1691509855.0631347,1691509855.0697687,1691509855.0631347,1691509854.9598727,1691509855.0631347,127219,0,0,0,24171,0.0093512535095214844,
230,normal,1691509855.0630512,0.094646240000000006,0.094646240000000006,0.094646240000000006,1691509855.1576974,1691509855.1576974,1691509855.1599951,1691509855.1576974,1691509855.0604174,1691509855.1576974,126339,0,0,0,23727,0.010184288024902344,
231,normal,1691509855.1580889,0.094136870000000011,0.094136870000000011,0.094136870000000011,1691509855.2522259,1691509855.2522259,1691509855.2598233,1691509855.2522259,1691509855.1576974,1691509855.2522259,125969,0,0,0,24069,0.010012149810791016,
232,normal,1691509855.2519298,0.094573160000000003,0.094573160000000003,0.094573160000000003,1691509855.346503,1691509855.346503,1691509855.3504829,1691509855.346503,1691509855.2498112,1691509855.346503,126929,0,0,0,24618,0.010693550109863281,
233,normal,1691509855.3468044,0.095528890000000005,0.095528890000000005,0.095528890000000005,1691509855.4423332,1691509855.4423332,1691509855.4504025,1691509855.4423332,1691509855.346503,1691509855.4423332,127314,0,0,0,24861,0.010493993759155273,
234,normal,1691509855.4425173,0.097787660000000012,0.097787660000000012,0.097787660000000012,1691509855.5403049,1691509855.5403049,1691509855.5503554,1691509855.5403049,1691509855.4423332,1691509855.5403049,127276,0,0,0,24562,0.010445594787597656,
235,normal,1691509855.5407166,0.10009236000000001,0.10009236000000001,0.10009236000000001,1691509855.6408091,1691509855.6408091,1691509855.6498168,1691509855.6408091,1691509855.5403049,1691509855.6408091,127387,0,0,0,24048,0.0098493099212646484,
236,normal,1691509855.6411204,0.10224437,0.10224437,0.10224437,1691509855.7433648,1691509855.7433648,1691509855.7504289,1691509855.7433648,1691509855.6408091,1691509855.7433648,127237,0,0,0,23700,0.010551214218139648,
237,normal,1691509855.7437356,0.10569643000000001,0.10569643000000001,0.10569643000000001,1691509855.849432,1691509855.849432,1691509855.8518934,1691509855.849432,1691509855.7433648,1691509855.849432,126894,0,0,0,23662,0.011621952056884766,
238,normal,1691509855.8500049,0.10808331,0.10808331,0.10808331,1691509855.9580882,1691509855.9580882,1691509855.961309,1691509855.9580882,1691509855.849432,1691509855.9580882,126870,0,0,0,23910,0.011278152465820312,
239,normal,1691509855.9583673,0.10727445000000001,0.10727445000000001,0.10727445000000001,1691509856.0656419,1691509856.0656419,1691509856.0698738,1691509856.0656419,1691509855.9580882,1691509856.0656419,126714,0,0,0,24336,0.0099225044250488281,
240,normal,1691509856.0654178,0.10512329000000001,0.10512329000000001,0.10512329000000001,1691509856.170541,1691509856.170541,1691509856.1803751,1691509856.170541,1691509856.0599513,1691509856.170541,126725,0,0,0,24790,0.010458230972290039,
241,normal,1691509856.1705368,0.1023387,0.1023387,0.1023387,1691509856.2728755,1691509856.2728755,1691509856.279916,1691509856.2728755,1691509856.1699169,1691509856.2728755,126908,0,0,0,24564,0.010057687759399414,
242,normal,1691509856.2725093,0.10010712000000001,0.10010712000000001,0.10010712000000001,1691509856.3726165,1691509856.3726165,1691509856.3799427,1691509856.3726165,1691509856.2698584,1691509856.3726165,127269,0,0,0,24266,0.010000944137573242,
243,normal,1691509856.3725691,0.098678630000000003,0.098678630000000003,0.098678630000000003,1691509856.4712477,1691509856.4712477,1691509856.4806342,1691509856.4712477,1691509856.3699417,1691509856.4712477,127469,0,0,0,23845,0.010636568069458008,
244,normal,1691509856.4711688,0.096864749999999999,0.096864749999999999,0.096864749999999999,1691509856.5680335,1691509856.5680335,1691509856.5699739,1691509856.5680335,1691509856.4699976,1691509856.5680335,127385,0,0,0,23580,0.0099766254425048828,
245,normal,1691509856.5680304,0.095436000000000007,0.095436000000000007,0.095436000000000007,1691509856.6634665,1691509856.6634665,1691509856.6699259,1691509856.6634665,1691509856.5599973,1691509856.6634665,127194,0,0,0,23523,0.0099873542785644531,
246,normal,1691509856.6633124,0.094768680000000008,0.094768680000000008,0.094768680000000008,1691509856.7580812,1691509856.7580812,1691509856.7602682,1691509856.7580812,1691509856.6599386,1691509856.7580812,126868,0,0,0,23572,0.01037287712097168,
247,normal,1691509856.7582576,0.094641650000000008,0.094641650000000008,0.094641650000000008,1691509856.8528993,1691509856.8528993,1691509856.8605757,1691509856.8528993,1691509856.7580812,1691509856.8528993,126858,0,0,0,23847,0.010304927825927734,
248,normal,1691509856.8528631,0.058951630000000005,0.058951630000000005,0.058951630000000005,1691509856.9118147,1691509856.9118147,1691509857.0456431,1691509856.9098902,1691509856.8502707,1691509856.9098902,79186,0,2681,2681,15928,0.13575291633605957,imu_bracket_gap_or_order_invalid
249,normal,1691509856.9449618,0.095992179000000011,0.095992179000000011,0.095992179000000011,1691509857.0409539,1691509857.0409539,1691509857.0532017,-1,1691509856.9098902,1691509856.9098902,4852,0,4852,4852,771,0.19274377822875977,imu_bracket_gap_or_order_invalid
250,normal,1691509857.0464249,0.098301020000000003,0.098301020000000003,0.098301020000000003,1691509857.1447258,1691509857.1447258,1691509857.1507463,1691509857.1447258,1691509856.9098902,1691509857.1447258,127201,0,0,0,24543,0.010334491729736328,
251,normal,1691509857.1430855,0.10033175000000001,0.10033175000000001,0.10033175000000001,1691509857.2434173,1691509857.2434173,1691509857.2510731,1691509857.2434173,1691509857.1404119,1691509857.2434173,127339,0,0,0,24949,0.010654926300048828,
252,normal,1691509857.2439435,0.10299352000000001,0.10299352000000001,0.10299352000000001,1691509857.3469369,1691509857.3469369,1691509857.3506427,1691509857.3469369,1691509857.2434173,1691509857.3469369,127120,0,0,0,24977,0.01054692268371582,
253,normal,1691509857.3471408,0.10568233,0.10568233,0.10568233,1691509857.4528232,1691509857.4528232,1691509857.4602804,1691509857.4528232,1691509857.3469369,1691509857.4528232,126829,0,0,0,24963,0.010011196136474609,
254,normal,1691509857.4536514,0.10705835000000001,0.10705835000000001,0.10705835000000001,1691509857.5607097,1691509857.5607097,1691509857.5644748,1691509857.5607097,1691509857.4528232,1691509857.5607097,126820,0,0,0,24633,0.013599395751953125,
255,normal,1691509857.5604572,0.10631861000000001,0.10631861000000001,0.10631861000000001,1691509857.6667759,1691509857.6667759,1691509857.6737559,1691509857.6667759,1691509857.5508754,1691509857.6667759,126692,0,0,0,24143,0.013218164443969727,
256,normal,1691509857.6665821,0.10470114000000001,0.10470114000000001,0.10470114000000001,1691509857.7712831,1691509857.7712831,1691509857.7800424,1691509857.7712831,1691509857.6605377,1691509857.7712831,126623,0,0,0,23597,0.010004997253417969,
257,normal,1691509857.7714891,0.012983440000000001,0.012983440000000001,0.012983440000000001,1691509857.7844725,1691509857.7844725,1691509857.9224236,1691509857.7800424,1691509857.7712831,1691509857.7800424,15008,0,5632,5632,2600,0.14238119125366211,imu_bracket_gap_or_order_invalid
258,normal,1691509857.8732917,0.099661251000000006,0.099661251000000006,0.099661251000000006,1691509857.9729531,1691509857.9729531,1691509857.98015,1691509857.9729531,1691509857.7800424,1691509857.9729531,71721,0,0,0,14285,0.0099000930786132812,
259,normal,1691509857.9721823,0.096258490000000002,0.096258490000000002,0.096258490000000002,1691509858.0684407,1691509858.0684407,1691509858.0699811,1691509858.0684407,1691509857.9702499,1691509858.0684407,127306,0,0,0,23661,0.009857177734375,
260,normal,1691509858.0682242,0.094888980000000012,0.094888980000000012,0.094888980000000012,1691509858.1631131,1691509858.1631131,1691509858.1702089,1691509858.1631131,1691509858.0601239,1691509858.1631131,126976,0,0,0,23933,0.0096628665924072266,
261,normal,1691509858.1632516,0.094715800000000003,0.094715800000000003,0.094715800000000003,1691509858.2579675,1691509858.2579675,1691509858.2618272,1691509858.2579675,1691509858.1631131,1691509858.2579675,126818,0,0,0,23909,0.011594295501708984,
262,normal,1691509858.2580013,0.094871230000000001,0.094871230000000001,0.094871230000000001,1691509858.3528726,1691509858.3528726,1691509858.3607609,1691509858.3528726,1691509858.2579675,1691509858.3528726,126882,0,0,0,23936,0.01031041145324707,
263,normal,1691509858.352905,0.095769170000000001,0.095769170000000001,0.095769170000000001,1691509858.4486742,1691509858.4486742,1691509858.4520483,1691509858.4486742,1691509858.3528726,1691509858.4486742,127085,0,0,0,23984,0.011826038360595703,
264,normal,1691509858.4489262,0.096946680000000007,0.096946680000000007,0.096946680000000007,1691509858.5458729,1691509858.5458729,1691509858.5501711,1691509858.5458729,1691509858.4486742,1691509858.5458729,127074,0,0,0,24043,0.0098364353179931641,
265,normal,1691509858.5460536,0.098026700000000008,0.098026700000000008,0.098026700000000008,1691509858.6440804,1691509858.6440804,1691509858.6502275,1691509858.6440804,1691509858.5458729,1691509858.6440804,127312,0,0,0,23852,0.010137081146240234,
266,normal,1691509858.6447644,0.099388020000000007,0.099388020000000007,0.099388020000000007,1691509858.7441525,1691509858.7441525,1691509858.7508335,1691509858.7441525,1691509858.6440804,1691509858.7441525,127312,0,0,0,24000,0.010720729827880859,
267,normal,1691509858.7440386,0.10310494000000001,0.10310494000000001,0.10310494000000001,1691509858.8471434,1691509858.8471434,1691509858.8508661,1691509858.8471434,1691509858.7401128,1691509858.8471434,126756,0,0,0,23748,0.010757207870483398,
268,normal,1691509858.8476467,0.10602484000000001,0.10602484000000001,0.10602484000000001,1691509858.9536715,1691509858.9536715,1691509858.9602897,1691509858.9536715,1691509858.8471434,1691509858.9536715,126378,0,0,0,23322,0.010113954544067383,
269,normal,1691509858.9540348,0.10668738000000001,0.10668738000000001,0.10668738000000001,1691509859.0607221,1691509859.0607221,1691509859.0702698,1691509859.0607221,1691509858.9536715,1691509859.0607221,126286,0,0,0,22848,0.010055065155029297,
270,normal,1691509859.0608659,0.10736096000000001,0.10736096000000001,0.10736096000000001,1691509859.168227,1691509859.168227,1691509859.1715133,1691509859.168227,1691509859.0607221,1691509859.168227,126182,0,0,0,22258,0.011131525039672852,
271,normal,1691509859.1683369,0.10600292,0.10600292,0.10600292,1691509859.2743397,1691509859.2743397,1691509859.2809446,1691509859.2743397,1691509859.168227,1691509859.2743397,126486,0,0,0,22455,0.010716676712036133,
272,normal,1691509859.2740252,0.10172994,0.10172994,0.10172994,1691509859.3757551,1691509859.3757551,1691509859.3806448,1691509859.3757551,1691509859.2702279,1691509859.3757551,126848,0,0,0,23195,0.010367155075073242,
273,normal,1691509859.3755305,0.098402770000000001,0.098402770000000001,0.098402770000000001,1691509859.4739332,1691509859.4739332,1691509859.4802232,1691509859.4739332,1691509859.3702776,1691509859.4739332,127179,0,0,0,23872,0.0099587440490722656,
274,normal,1691509859.4736915,0.095840640000000005,0.095840640000000005,0.095840640000000005,1691509859.5695322,1691509859.5695322,1691509859.5725811,1691509859.5695322,1691509859.4702644,1691509859.5695322,127340,0,0,0,24577,0.012020111083984375,
275,normal,1691509859.5694611,0.094640290000000002,0.094640290000000002,0.094640290000000002,1691509859.6641014,1691509859.6641014,1691509859.6703372,1691509859.6641014,1691509859.5605609,1691509859.6641014,127119,0,0,0,24492,0.010087013244628906,
276,normal,1691509859.6641746,0.093810610000000003,0.093810610000000003,0.093810610000000003,1691509859.7579851,1691509859.7579851,1691509859.7620471,1691509859.7579851,1691509859.6641014,1691509859.7579851,125661,0,0,0,23999,0.011730194091796875,
277,normal,1691509859.7580519,0.095013330000000007,0.095013330000000007,0.095013330000000007,1691509859.8530653,1691509859.8530653,1691509859.8604727,1691509859.8530653,1691509859.7579851,1691509859.8530653,126430,0,0,0,24070,0.0097815990447998047,
278,normal,1691509859.8534744,0.096109530000000012,0.096109530000000012,0.096109530000000012,1691509859.949584,1691509859.949584,1691509859.9514482,1691509859.949584,1691509859.8530653,1691509859.949584,127056,0,0,0,24158,0.010456085205078125,
279,normal,1691509859.9497035,0.097357360000000004,0.097357360000000004,0.097357360000000004,1691509860.0470607,1691509860.0470607,1691509860.0507069,1691509860.0470607,1691509859.949584,1691509860.0470607,127211,0,0,0,24240,0.010374546051025391,
280,normal,1691509860.047389,0.09989052000000001,0.09989052000000001,0.09989052000000001,1691509860.1472795,1691509860.1472795,1691509860.150862,1691509860.1472795,1691509860.0470607,1691509860.1472795,127192,0,0,0,24123,0.010532379150390625,
281,normal,1691509860.1475151,0.10153861,0.10153861,0.10153861,1691509860.2490537,1691509860.2490537,1691509860.2512207,1691509860.2490537,1691509860.1472795,1691509860.2490537,127075,0,0,0,24209,0.010987281799316406,
282,normal,1691509860.2494223,0.10377698,0.10377698,0.10377698,1691509860.3531992,1691509860.3531992,1691509860.360317,1691509860.3531992,1691509860.2490537,1691509860.3531992,127052,0,0,0,24378,0.0098159313201904297,
283,normal,1691509860.3533351,0.10383649,0.10383649,0.10383649,1691509860.4571717,1691509860.4571717,1691509860.4609866,1691509860.4571717,1691509860.3531992,1691509860.4571717,127006,0,0,0,24576,0.010718822479248047,
284,normal,1691509860.4571934,0.10336568,0.10336568,0.10336568,1691509860.560559,1691509860.560559,1691509860.5707426,1691509860.560559,1691509860.4571717,1691509860.560559,127001,0,0,0,24774,0.010358810424804688,
285,normal,1691509860.5609577,0.10244813000000001,0.10244813000000001,0.10244813000000001,1691509860.6634059,1691509860.6634059,1691509860.670315,1691509860.6634059,1691509860.560559,1691509860.6634059,127067,0,0,0,24648,0.010100364685058594,
286,normal,1691509860.6631446,0.10141022000000001,0.10141022000000001,0.10141022000000001,1691509860.7645547,1691509860.7645547,1691509860.77035,1691509860.7645547,1691509860.6602147,1691509860.7645547,127088,0,0,0,24617,0.010098934173583984,
287,normal,1691509860.7645125,0.10018664000000001,0.10018664000000001,0.10018664000000001,1691509860.8646991,1691509860.8646991,1691509860.8703294,1691509860.8646991,1691509860.760251,1691509860.8646991,127085,0,0,0,24747,0.010072946548461914,
288,normal,1691509860.8646452,0.09919275000000001,0.09919275000000001,0.09919275000000001,1691509860.9638381,1691509860.9638381,1691509860.9703677,1691509860.9638381,1691509860.8602564,1691509860.9638381,127058,0,0,0,24771,0.0099902153015136719,
289,normal,1691509860.9638598,0.099573270000000005,0.099573270000000005,0.099573270000000005,1691509861.0634332,1691509861.0634332,1691509861.0702443,1691509861.0634332,1691509860.9638381,1691509861.0634332,127005,0,0,0,24698,0.0094287395477294922,
290,normal,1691509861.0636115,0.09934823000000001,0.09934823000000001,0.09934823000000001,1691509861.1629598,1691509861.1629598,1691509861.1702862,1691509861.1629598,1691509861.0634332,1691509861.1629598,126948,0,0,0,24688,0.010079145431518555,
291,normal,1691509861.1628957,0.098620980000000011,0.098620980000000011,0.098620980000000011,1691509861.2615166,1691509861.2615166,1691509861.2702491,1691509861.2615166,1691509861.160207,1691509861.2615166,126973,0,0,0,24835,0.0097959041595458984,
292,normal,1691509861.2619991,0.09808443,0.09808443,0.09808443,1691509861.3600836,1691509861.3600836,1691509861.3615544,1691509861.3600836,1691509861.2615166,1691509861.3600836,127054,0,0,0,24780,0.010744333267211914,
293,normal,1691509861.3597627,0.098696920000000007,0.098696920000000007,0.098696920000000007,1691509861.4584596,1691509861.4584596,1691509861.4606314,1691509861.4584596,1691509861.3508101,1691509861.4584596,126990,0,0,0,24766,0.010366201400756836,
294,normal,1691509861.4586585,0.099139700000000011,0.099139700000000011,0.099139700000000011,1691509861.5577981,1691509861.5577981,1691509861.561779,1691509861.5577981,1691509861.4584596,1691509861.5577981,127047,0,0,0,24973,0.01123809814453125,
295,normal,1691509861.5579257,0.099472420000000006,0.099472420000000006,0.099472420000000006,1691509861.6573982,1691509861.6573982,1691509861.6614046,1691509861.6573982,1691509861.5577981,1691509861.6573982,127033,0,0,0,25168,0.011141300201416016,
296,normal,1691509861.6575103,0.10038605,0.10038605,0.10038605,1691509861.7578964,1691509861.7578964,1691509861.7622602,1691509861.7578964,1691509861.6573982,1691509861.7578964,126992,0,0,0,25116,0.011598587036132812,
297,normal,1691509861.7581353,0.10061696000000001,0.10061696000000001,0.10061696000000001,1691509861.8587523,1691509861.8587523,1691509861.8608627,1691509861.8587523,1691509861.7578964,1691509861.8587523,126984,0,0,0,25147,0.010541915893554688,
298,normal,1691509861.8589087,0.10014493000000001,0.10014493000000001,0.10014493000000001,1691509861.9590535,1691509861.9590535,1691509861.9633205,1691509861.9590535,1691509861.8587523,1691509861.9590535,127015,0,0,0,25358,0.013171672821044922,
299,normal,1691509861.9592118,0.10008475,0.10008475,0.10008475,1691509862.0592966,1691509862.0592966,1691509862.0609682,1691509862.0592966,1691509861.9590535,1691509862.0592966,126944,0,0,0,25162,0.010622739791870117,
300,normal,1691509862.0593517,0.10061211,0.10061211,0.10061211,1691509862.1599638,1691509862.1599638,1691509862.1619022,1691509862.1599638,1691509862.0592966,1691509862.1599638,126948,0,0,0,25099,0.01104283332824707,
301,normal,1691509862.1601248,0.10020854000000001,0.10020854000000001,0.10020854000000001,1691509862.2603333,1691509862.2603333,1691509862.2620292,1691509862.2603333,1691509862.1599638,1691509862.2603333,126950,0,0,0,25243,0.011597394943237305,
302,normal,1691509862.2603362,0.10028981000000001,0.10028981000000001,0.10028981000000001,1691509862.360626,1691509862.360626,1691509862.3706892,1691509862.360626,1691509862.2603333,1691509862.360626,126972,0,0,0,25131,0.01020050048828125,
303,normal,1691509862.3610594,0.10137712,0.10137712,0.10137712,1691509862.4624364,1691509862.4624364,1691509862.4703724,1691509862.4624364,1691509862.360626,1691509862.4624364,126911,0,0,0,24799,0.0093977451324462891,
304,normal,1691509862.4621637,0.10027847000000001,0.10027847000000001,0.10027847000000001,1691509862.5624421,1691509862.5624421,1691509862.5706558,1691509862.5624421,1691509862.4609747,1691509862.5624421,127000,0,0,0,24896,0.010248661041259766,
305,normal,1691509862.5624933,0.099450240000000009,0.099450240000000009,0.099450240000000009,1691509862.6619437,1691509862.6619437,1691509862.6703992,1691509862.6619437,1691509862.5624421,1691509862.6619437,127039,0,0,0,25030,0.0097253322601318359,
306,normal,1691509862.6619794,0.099328250000000007,0.099328250000000007,0.099328250000000007,1691509862.7613077,1691509862.7613077,1691509862.7708969,1691509862.7613077,1691509862.6619437,1691509862.7613077,127016,0,0,0,24896,0.01056218147277832,
307,normal,1691509862.7613029,0.10004091000000001,0.10004091000000001,0.10004091000000001,1691509862.8613439,1691509862.8613439,1691509862.8704464,1691509862.8613439,1691509862.7603347,1691509862.8613439,127024,0,0,0,24865,0.00994110107421875,
308,normal,1691509862.8616443,0.099192650000000007,0.099192650000000007,0.099192650000000007,1691509862.9608369,1691509862.9608369,1691509862.9705138,1691509862.9608369,1691509862.8613439,1691509862.9608369,126944,0,0,0,24866,0.010061502456665039,
309,normal,1691509862.9610434,0.099792610000000004,0.099792610000000004,0.099792610000000004,1691509863.0608361,1691509863.0608361,1691509863.0707071,1691509863.0608361,1691509862.9608369,1691509863.0608361,126990,0,0,0,24741,0.010345220565795898,
310,normal,1691509863.0608668,0.10021305000000001,0.10021305000000001,0.10021305000000001,1691509863.1610799,1691509863.1610799,1691509863.1706669,1691509863.1610799,1691509863.0608361,1691509863.1610799,127001,0,0,0,24716,0.010322093963623047,
311,normal,1691509863.1609468,0.099209450000000005,0.099209450000000005,0.099209450000000005,1691509863.2601564,1691509863.2601564,1691509863.2620268,1691509863.2601564,1691509863.1603448,1691509863.2601564,127029,0,0,0,24740,0.011652231216430664,
312,normal,1691509863.2602999,0.099385000000000001,0.099385000000000001,0.099385000000000001,1691509863.3596849,1691509863.3596849,1691509863.3615453,1691509863.3596849,1691509863.2601564,1691509863.3596849,127073,0,0,0,24528,0.010749340057373047,
313,normal,1691509863.3599117,0.099690760000000003,0.099690760000000003,0.099690760000000003,1691509863.4596024,1691509863.4596024,1691509863.4613841,1691509863.4596024,1691509863.3596849,1691509863.4596024,127088,0,0,0,24482,0.01072382926940918,
314,normal,1691509863.4596791,0.099935040000000003,0.099935040000000003,0.099935040000000003,1691509863.5596142,1691509863.5596142,1691509863.5620093,1691509863.5596142,1691509863.4596024,1691509863.5596142,127045,0,0,0,24721,0.011298418045043945,
315,normal,1691509863.5601485,0.099584980000000003,0.099584980000000003,0.099584980000000003,1691509863.6597335,1691509863.6597335,1691509863.6609945,1691509863.6597335,1691509863.5596142,1691509863.6597335,127046,0,0,0,24747,0.010576963424682617,
316,normal,1691509863.65938,0.10071631,0.10071631,0.10071631,1691509863.7600963,1691509863.7600963,1691509863.7619817,1691509863.7600963,1691509863.6504176,1691509863.7600963,126970,0,0,0,24547,0.011533498764038086,
317,normal,1691509863.7603109,0.099831130000000004,0.099831130000000004,0.099831130000000004,1691509863.860142,1691509863.860142,1691509863.8618772,1691509863.860142,1691509863.7600963,1691509863.860142,127022,0,0,0,24767,0.011510848999023438,
318,normal,1691509863.8599946,0.099425920000000001,0.099425920000000001,0.099425920000000001,1691509863.9594207,1691509863.9594207,1691509863.9613736,1691509863.9594207,1691509863.8503664,1691509863.9594207,127024,0,0,0,24725,0.010707378387451172,
319,normal,1691509863.9596689,0.099567670000000011,0.099567670000000011,0.099567670000000011,1691509864.0592365,1691509864.0592365,1691509864.0608978,1691509864.0592365,1691509863.9594207,1691509864.0592365,126998,0,0,0,24721,0.010547637939453125,
320,normal,1691509864.0592942,0.1000732,0.1000732,0.1000732,1691509864.1593673,1691509864.1593673,1691509864.1611764,1691509864.1593673,1691509864.0592365,1691509864.1593673,126980,0,0,0,24580,0.01064753532409668,
321,normal,1691509864.1594353,0.10013359000000001,0.10013359000000001,0.10013359000000001,1691509864.2595689,1691509864.2595689,1691509864.2614365,1691509864.2595689,1691509864.1593673,1691509864.2595689,126983,0,0,0,24720,0.010758638381958008,
322,normal,1691509864.2598288,0.10049672000000001,0.10049672000000001,0.10049672000000001,1691509864.3603256,1691509864.3603256,1691509864.3621798,1691509864.3603256,1691509864.2595689,1691509864.3603256,126895,0,0,0,24755,0.011652231216430664,
323,normal,1691509864.3605239,0.10129258000000001,0.10129258000000001,0.10129258000000001,1691509864.4618165,1691509864.4618165,1691509864.4705493,1691509864.4618165,1691509864.3603256,1691509864.4618165,126811,0,0,0,24769,0.0098140239715576172,
324,normal,1691509864.4620936,0.10137063,0.10137063,0.10137063,1691509864.5634642,1691509864.5634642,1691509864.5705147,1691509864.5634642,1691509864.4618165,1691509864.5634642,126807,0,0,0,24770,0.0098841190338134766,
325,normal,1691509864.5633678,0.1013318,0.1013318,0.1013318,1691509864.6646996,1691509864.6646996,1691509864.6705115,1691509864.6646996,1691509864.5606306,1691509864.6646996,126622,0,0,0,24298,0.0099506378173828125,
326,normal,1691509864.6649418,0.10158913,0.10158913,0.10158913,1691509864.766531,1691509864.766531,1691509864.770396,1691509864.766531,1691509864.6646996,1691509864.766531,126627,0,0,0,23769,0.0097916126251220703,
327,normal,1691509864.7665527,0.10111187000000001,0.10111187000000001,0.10111187000000001,1691509864.8676646,1691509864.8676646,1691509864.8716791,1691509864.8676646,1691509864.766531,1691509864.8676646,127159,0,0,0,23513,0.011230707168579102,
328,normal,1691509864.8676624,0.099483820000000001,0.099483820000000001,0.099483820000000001,1691509864.9671462,1691509864.9671462,1691509864.9704914,1691509864.9671462,1691509864.8604484,1691509864.9671462,127288,0,0,0,23711,0.0092630386352539062,
329,normal,1691509864.9669778,0.097000930000000013,0.097000930000000013,0.097000930000000013,1691509865.0639787,1691509865.0639787,1691509865.0705152,1691509865.0639787,1691509864.9612284,1691509865.0639787,127186,0,0,0,23678,0.0099778175354003906,
330,normal,1691509865.0639665,0.096312820000000007,0.096312820000000007,0.096312820000000007,1691509865.1602793,1691509865.1602793,1691509865.161979,1691509865.1602793,1691509865.0605373,1691509865.1602793,127069,0,0,0,23493,0.011483430862426758,
331,normal,1691509865.160217,0.09551134,0.09551134,0.09551134,1691509865.2557285,1691509865.2557285,1691509865.260771,1691509865.2557285,1691509865.1504955,1691509865.2557285,127020,0,0,0,23366,0.010270118713378906,
332,normal,1691509865.2558451,0.09644788,0.09644788,0.09644788,1691509865.352293,1691509865.352293,1691509865.3605499,1691509865.352293,1691509865.2557285,1691509865.352293,127036,0,0,0,23510,0.010006904602050781,
333,normal,1691509865.3525536,0.09686887000000001,0.09686887000000001,0.09686887000000001,1691509865.4494224,1691509865.4494224,1691509865.4519196,1691509865.4494224,1691509865.352293,1691509865.4494224,126918,0,0,0,24112,0.011039972305297852,
334,normal,1691509865.4501605,0.098411190000000009,0.098411190000000009,0.098411190000000009,1691509865.5485716,1691509865.5485716,1691509865.5521636,1691509865.5485716,1691509865.4494224,1691509865.5485716,126834,0,0,0,24811,0.011191606521606445,
335,normal,1691509865.5484426,0.099707570000000009,0.099707570000000009,0.099707570000000009,1691509865.6481502,1691509865.6481502,1691509865.6514909,1691509865.6481502,1691509865.540972,1691509865.6481502,127046,0,0,0,25320,0.010793924331665039,
336,normal,1691509865.6482682,0.10241307000000001,0.10241307000000001,0.10241307000000001,1691509865.7506814,1691509865.7506814,1691509865.7611761,1691509865.7506814,1691509865.6481502,1691509865.7506814,126803,0,0,0,24675,0.010618448257446289,
337,normal,1691509865.7510345,0.10433322,0.10433322,0.10433322,1691509865.8553677,1691509865.8553677,1691509865.8610377,1691509865.8553677,1691509865.7506814,1691509865.8553677,126538,0,0,0,24152,0.0099527835845947266,
338,normal,1691509865.8558064,0.10584386000000001,0.10584386000000001,0.10584386000000001,1691509865.9616501,1691509865.9616501,1691509865.9706097,1691509865.9616501,1691509865.8553677,1691509865.9616501,126504,0,0,0,23772,0.010048389434814453,
339,normal,1691509865.9616842,0.10561493000000001,0.10561493000000001,0.10561493000000001,1691509866.0672991,1691509866.0672991,1691509866.070992,1691509866.0672991,1691509865.9616501,1691509866.0672991,126498,0,0,0,23763,0.009838104248046875,
340,normal,1691509866.0672855,0.10441313000000001,0.10441313000000001,0.10441313000000001,1691509866.1716986,1691509866.1716986,1691509866.1806223,1691509866.1716986,1691509866.0611539,1691509866.1716986,126468,0,0,0,23746,0.010038852691650391,
341,normal,1691509866.1716173,0.10181537,0.10181537,0.10181537,1691509866.2734327,1691509866.2734327,1691509866.2806706,1691509866.2734327,1691509866.1705835,1691509866.2734327,127012,0,0,0,23677,0.010066509246826172,
342,normal,1691509866.2732701,0.098328200000000004,0.098328200000000004,0.098328200000000004,1691509866.3715982,1691509866.3715982,1691509866.3808351,1691509866.3715982,1691509866.2706041,1691509866.3715982,127324,0,0,0,23635,0.010215520858764648,
343,normal,1691509866.3716946,0.095927040000000005,0.095927040000000005,0.095927040000000005,1691509866.4676216,1691509866.4676216,1691509866.4710836,1691509866.4676216,1691509866.3715982,1691509866.4676216,127255,0,0,0,23608,0.010434389114379883,
344,normal,1691509866.4672799,0.095263260000000002,0.095263260000000002,0.095263260000000002,1691509866.5625432,1691509866.5625432,1691509866.5706227,1691509866.5625432,1691509866.4606493,1691509866.5625432,127109,0,0,0,23635,0.0099084377288818359,
345,normal,1691509866.5625873,0.095363440000000008,0.095363440000000008,0.095363440000000008,1691509866.6579506,1691509866.6579506,1691509866.6612616,1691509866.6579506,1691509866.5625432,1691509866.6579506,126978,0,0,0,23526,0.010385990142822266,
346,normal,1691509866.6581402,0.094942800000000008,0.094942800000000008,0.094942800000000008,1691509866.753083,1691509866.753083,1691509866.7609301,1691509866.753083,1691509866.6579506,1691509866.753083,126988,0,0,0,23789,0.010165929794311523,
347,normal,1691509866.7531412,0.095867279999999999,0.095867279999999999,0.095867279999999999,1691509866.8490086,1691509866.8490086,1691509866.8531306,1691509866.8490086,1691509866.753083,1691509866.8490086,127052,0,0,0,23880,0.012301921844482422,
348,normal,1691509866.8492548,0.097498410000000008,0.097498410000000008,0.097498410000000008,1691509866.9467533,1691509866.9467533,1691509866.9511142,1691509866.9467533,1691509866.8490086,1691509866.9467533,127143,0,0,0,23903,0.0097131729125976562,
349,normal,1691509866.9471219,0.099504300000000004,0.099504300000000004,0.099504300000000004,1691509867.0466261,1691509867.0466261,1691509867.0509777,1691509867.0466261,1691509866.9467533,1691509867.0466261,126990,0,0,0,23677,0.010049581527709961,
350,normal,1691509867.0468655,0.10147918,0.10147918,0.10147918,1691509867.1483448,1691509867.1483448,1691509867.1508262,1691509867.1483448,1691509867.0466261,1691509867.1483448,126996,0,0,0,23403,0.009746551513671875,
351,normal,1691509867.1487827,0.10430755000000001,0.10430755000000001,0.10430755000000001,1691509867.2530904,1691509867.2530904,1691509867.2608368,1691509867.2530904,1691509867.1483448,1691509867.2530904,126797,0,0,0,23051,0.010026693344116211,
352,normal,1691509867.2534506,0.10528777,0.10528777,0.10528777,1691509867.3587384,1691509867.3587384,1691509867.3622799,1691509867.3587384,1691509867.2530904,1691509867.3587384,126664,0,0,0,22957,0.011254549026489258,
353,normal,1691509867.3587813,0.10524379,0.10524379,0.10524379,1691509867.464025,1691509867.464025,1691509867.4708385,1691509867.464025,1691509867.3587384,1691509867.464025,126567,0,0,0,22856,0.0096871852874755859,
354,normal,1691509867.4640372,0.10385183000000001,0.10385183000000001,0.10385183000000001,1691509867.567889,1691509867.567889,1691509867.5716853,1691509867.567889,1691509867.464025,1691509867.567889,126507,0,0,0,22515,0.010911703109741211,
355,normal,1691509867.5682003,0.10208828,0.10208828,0.10208828,1691509867.6702886,1691509867.6702886,1691509867.6715324,1691509867.6702886,1691509867.567889,1691509867.6702886,126529,0,0,0,22211,0.010779857635498047,
356,normal,1691509867.6698186,0.10080267000000001,0.10080267000000001,0.10080267000000001,1691509867.7706213,1691509867.7706213,1691509867.7722523,1691509867.7706213,1691509867.6607525,1691509867.7706213,126600,0,0,0,22104,0.011413335800170898,
357,normal,1691509867.7705579,0.09903851000000001,0.09903851000000001,0.09903851000000001,1691509867.8695965,1691509867.8695965,1691509867.8714173,1691509867.8695965,1691509867.760839,1691509867.8695965,126956,0,0,0,22250,0.010627269744873047,
358,normal,1691509867.8696301,0.098087890000000011,0.098087890000000011,0.098087890000000011,1691509867.9677179,1691509867.9677179,1691509867.9712656,1691509867.9677179,1691509867.8695965,1691509867.9677179,127179,0,0,0,22255,0.010493755340576172,
359,normal,1691509867.9677958,0.097750590000000012,0.097750590000000012,0.097750590000000012,1691509868.0655465,1691509868.0655465,1691509868.070786,1691509868.0655465,1691509867.9677179,1691509868.0655465,127248,0,0,0,22141,0.0094449520111083984,
360,normal,1691509868.0655677,0.097293180000000007,0.097293180000000007,0.097293180000000007,1691509868.1628609,1691509868.1628609,1691509868.170923,1691509868.1628609,1691509868.0655465,1691509868.1628609,127236,0,0,0,21834,0.010065078735351562,
361,normal,1691509868.1629562,0.097707710000000003,0.097707710000000003,0.097707710000000003,1691509868.260664,1691509868.260664,1691509868.2624674,1691509868.260664,1691509868.1628609,1691509868.260664,127184,0,0,0,21831,0.011651515960693359,
362,normal,1691509868.2607236,0.097152520000000006,0.097152520000000006,0.097152520000000006,1691509868.3578761,1691509868.3578761,1691509868.3616145,1691509868.3578761,1691509868.260664,1691509868.3578761,127116,0,0,0,22214,0.010907411575317383,
363,normal,1691509868.3580399,0.097405060000000002,0.097405060000000002,0.097405060000000002,1691509868.4554448,1691509868.4554448,1691509868.460794,1691509868.4554448,1691509868.3578761,1691509868.4554448,127062,0,0,0,22395,0.0095086097717285156,
364,normal,1691509868.4555035,0.097557170000000012,0.097557170000000012,0.097557170000000012,1691509868.5530605,1691509868.5530605,1691509868.561264,1691509868.5530605,1691509868.4554448,1691509868.5530605,127134,0,0,0,22395,0.01041412353515625,
365,normal,1691509868.5532007,0.098244220000000007,0.098244220000000007,0.098244220000000007,1691509868.6514449,1691509868.6514449,1691509868.6613746,1691509868.6514449,1691509868.5530605,1691509868.6514449,127127,0,0,0,22186,0.010516166687011719,
366,normal,1691509868.6515937,0.10000985000000001,0.10000985000000001,0.10000985000000001,1691509868.7516036,1691509868.7516036,1691509868.7609217,1691509868.7516036,1691509868.6514449,1691509868.7516036,127163,0,0,0,22029,0.010066509246826172,
367,normal,1691509868.7519069,0.10125248000000001,0.10125248000000001,0.10125248000000001,1691509868.8531594,1691509868.8531594,1691509868.8608313,1691509868.8531594,1691509868.7516036,1691509868.8531594,127027,0,0,0,21884,0.010000944137573242,
368,normal,1691509868.8534424,0.10272329000000001,0.10272329000000001,0.10272329000000001,1691509868.9561658,1691509868.9561658,1691509868.9615633,1691509868.9561658,1691509868.8531594,1691509868.9561658,126967,0,0,0,21523,0.010722160339355469,
369,normal,1691509868.9563477,0.10344467,0.10344467,0.10344467,1691509869.0597923,1691509869.0597923,1691509869.061774,1691509869.0597923,1691509868.9561658,1691509869.0597923,126938,0,0,0,21079,0.010935783386230469,
370,normal,1691509869.0600269,0.10313535,0.10313535,0.10313535,1691509869.1631622,1691509869.1631622,1691509869.1715639,1691509869.1631622,1691509869.0597923,1691509869.1631622,126923,0,0,0,20693,0.010622262954711914,
371,normal,1691509869.1632302,0.10230793000000001,0.10230793000000001,0.10230793000000001,1691509869.2655382,1691509869.2655382,1691509869.2708676,1691509869.2655382,1691509869.1631622,1691509869.2655382,126955,0,0,0,20562,0.0096373558044433594,
372,normal,1691509869.2656181,0.10193379000000001,0.10193379000000001,0.10193379000000001,1691509869.3675518,1691509869.3675518,1691509869.3711312,1691509869.3675518,1691509869.2655382,1691509869.3675518,126841,0,0,0,20632,0.0096032619476318359,
373,normal,1691509869.3675334,0.10079988000000001,0.10079988000000001,0.10079988000000001,1691509869.4683332,1691509869.4683332,1691509869.4723296,1691509869.4683332,1691509869.3615279,1691509869.4683332,126967,0,0,0,20566,0.0112762451171875,
374,normal,1691509869.4683094,0.099601890000000012,0.099601890000000012,0.099601890000000012,1691509869.5679114,1691509869.5679114,1691509869.5714853,1691509869.5679114,1691509869.4610534,1691509869.5679114,126980,0,0,0,20269,0.010463953018188477,
375,normal,1691509869.56795,0.098729020000000001,0.098729020000000001,0.098729020000000001,1691509869.6666791,1691509869.6666791,1691509869.671663,1691509869.6666791,1691509869.5679114,1691509869.6666791,127094,0,0,0,20221,0.01066136360168457,
376,normal,1691509869.6667194,0.097919400000000004,0.097919400000000004,0.097919400000000004,1691509869.7646389,1691509869.7646389,1691509869.7711177,1691509869.7646389,1691509869.6666791,1691509869.7646389,127152,0,0,0,20467,0.010050058364868164,
377,normal,1691509869.7647288,0.097630100000000011,0.097630100000000011,0.097630100000000011,1691509869.8623588,1691509869.8623588,1691509869.8710639,1691509869.8623588,1691509869.7646389,1691509869.8623588,127179,0,0,0,20798,0.0098617076873779297,
378,normal,1691509869.8624568,0.098258370000000012,0.098258370000000012,0.098258370000000012,1691509869.9607151,1691509869.9607151,1691509869.9625394,1691509869.9607151,1691509869.8623588,1691509869.9607151,127101,0,0,0,20704,0.011426925659179688,
379,normal,1691509869.9608576,0.098839880000000005,0.098839880000000005,0.098839880000000005,1691509870.0596976,1691509870.0596976,1691509870.0615849,1691509870.0596976,1691509869.9607151,1691509870.0596976,127080,0,0,0,20460,0.010617494583129883,
380,normal,1691509870.0599148,0.099507510000000007,0.099507510000000007,0.099507510000000007,1691509870.1594224,1691509870.1594224,1691509870.1623955,1691509870.1594224,1691509870.0596976,1691509870.1594224,127146,0,0,0,20215,0.011407136917114258,
381,normal,1691509870.1594441,0.099701350000000008,0.099701350000000008,0.099701350000000008,1691509870.2591455,1691509870.2591455,1691509870.2613273,1691509870.2591455,1691509870.1594224,1691509870.2591455,126975,0,0,0,20130,0.010284662246704102,
382,normal,1691509870.2593455,0.10000856000000001,0.10000856000000001,0.10000856000000001,1691509870.359354,1691509870.359354,1691509870.3614955,1691509870.359354,1691509870.2591455,1691509870.359354,126859,0,0,0,20095,0.010377407073974609,
383,normal,1691509870.3595264,0.10094753000000001,0.10094753000000001,0.1002625,1691509870.460474,1691509870.460474,1691509870.4624906,1691509870.460474,1691509870.359354,1691509870.460474,126812,0,0,0,19892,0.010979175567626953,
384,normal,1691509870.4606264,0.10095892000000001,0.10095892000000001,0.09908618000000001,1691509870.5615852,1691509870.5615852,1691509870.5714905,1691509870.5615852,1691509870.460474,1691509870.5615852,126556,0,0,0,20051,0.010389089584350586,
385,normal,1691509870.561687,0.10058466000000001,0.10058466000000001,0.098137950000000002,1691509870.6622717,1691509870.6622717,1691509870.6711435,1691509870.6622717,1691509870.5615852,1691509870.6622717,126493,0,0,0,20602,0.010071277618408203,
386,normal,1691509870.6623361,0.10070681000000001,0.10070681000000001,0.097667800000000013,1691509870.7630429,1691509870.7630429,1691509870.7713108,1691509870.7630429,1691509870.6622717,1691509870.7630429,126453,0,0,0,20769,0.010075807571411133,
387,normal,1691509870.7631147,0.10073593,0.10073593,0.09738701000000001,1691509870.8638506,1691509870.8638506,1691509870.8711343,1691509870.8638506,1691509870.7630429,1691509870.8638506,126549,0,0,0,20996,0.009899139404296875,
388,normal,1691509870.8640168,0.10052936000000001,0.10052936000000001,0.096013790000000002,1691509870.9645462,1691509870.9645462,1691509870.9712384,1691509870.9645462,1691509870.8638506,1691509870.9645462,126705,0,0,0,21434,0.0094730854034423828,
389,normal,1691509870.9646399,0.10027754000000001,0.10027754000000001,0.094020570000000012,1691509871.0649173,1691509871.0649173,1691509871.0715504,1691509871.0649173,1691509870.9645462,1691509871.0649173,126907,0,0,0,21951,0.010382652282714844,
390,normal,1691509871.064944,0.099958030000000003,0.099958030000000003,0.091677220000000004,1691509871.164902,1691509871.164902,1691509871.1715932,1691509871.164902,1691509871.0649173,1691509871.164902,127201,0,0,0,22418,0.010433197021484375,
391,normal,1691509871.1650147,0.099329770000000012,0.099329770000000012,0.099133610000000011,1691509871.2643445,1691509871.2643445,1691509871.2711949,1691509871.2643445,1691509871.164902,1691509871.2643445,127282,0,0,0,22777,0.0095517635345458984,
392,normal,1691509871.264411,0.099177060000000011,0.099177060000000011,0.099177060000000011,1691509871.3635881,1691509871.3635881,1691509871.3717625,1691509871.3635881,1691509871.2643445,1691509871.3635881,127267,0,0,0,22757,0.010492324829101562,
393,normal,1691509871.3637497,0.098909210000000011,0.098909210000000011,0.098909210000000011,1691509871.4626589,1691509871.4626589,1691509871.4713147,1691509871.4626589,1691509871.3635881,1691509871.4626589,127157,0,0,0,22879,0.0097200870513916016,
394,normal,1691509871.4628098,0.099050940000000004,0.099050940000000004,0.099050940000000004,1691509871.5618608,1691509871.5618608,1691509871.5715573,1691509871.5618608,1691509871.4626589,1691509871.5618608,127011,0,0,0,23263,0.009983062744140625,
395,normal,1691509871.5618997,0.098804380000000011,0.098804380000000011,0.098804380000000011,1691509871.6607041,1691509871.6607041,1691509871.6626284,1691509871.6607041,1691509871.5618608,1691509871.6607041,126836,0,0,0,23517,0.010694265365600586,
396,normal,1691509871.6608851,0.099448840000000011,0.099448840000000011,0.099448840000000011,1691509871.760334,1691509871.760334,1691509871.7622011,1691509871.760334,1691509871.6607041,1691509871.760334,126808,0,0,0,23746,0.01077723503112793,
397,normal,1691509871.7604492,0.099437170000000005,0.099437170000000005,0.099437170000000005,1691509871.8598864,1691509871.8598864,1691509871.8620694,1691509871.8598864,1691509871.760334,1691509871.8598864,126596,0,0,0,23716,0.010781049728393555,
398,normal,1691509871.86008,0.10021932,0.10021932,0.10021932,1691509871.9602993,1691509871.9602993,1691509871.9620507,1691509871.9602993,1691509871.8598864,1691509871.9602993,126454,0,0,0,23690,0.010813236236572266,
399,normal,1691509871.9604068,0.10024936000000001,0.10024936000000001,0.10024936000000001,1691509872.0606561,1691509872.0606561,1691509872.0625863,1691509872.0606561,1691509871.9602993,1691509872.0606561,126692,0,0,0,23717,0.010850429534912109,
400,normal,1691509872.060801,0.10014607,0.10014607,0.10014607,1691509872.1609471,1691509872.1609471,1691509872.1628075,1691509872.1609471,1691509872.0606561,1691509872.1609471,127023,0,0,0,23855,0.010837554931640625,
401,normal,1691509872.1609514,0.10013286,0.10013286,0.10013286,1691509872.2610843,1691509872.2610843,1691509872.2631745,1691509872.2610843,1691509872.1609471,1691509872.2610843,127181,0,0,0,23866,0.011814117431640625,
402,normal,1691509872.2612817,0.099984860000000009,0.099984860000000009,0.099984860000000009,1691509872.3612666,1691509872.3612666,1691509872.3630867,1691509872.3612666,1691509872.2610843,1691509872.3612666,127227,0,0,0,23878,0.011667490005493164,
403,normal,1691509872.3614025,0.099699940000000001,0.099699940000000001,0.099699940000000001,1691509872.4611025,1691509872.4611025,1691509872.4628489,1691509872.4611025,1691509872.3612666,1691509872.4611025,127181,0,0,0,23935,0.010715484619140625,
404,normal,1691509872.4612007,0.10004368000000001,0.10004368000000001,0.10004368000000001,1691509872.5612445,1691509872.5612445,1691509872.5632207,1691509872.5612445,1691509872.4611025,1691509872.5612445,127124,0,0,0,23838,0.011700153350830078,
405,normal,1691509872.5613801,0.10012106000000001,0.10012106000000001,0.10012106000000001,1691509872.6615012,1691509872.6615012,1691509872.663445,1691509872.6615012,1691509872.5612445,1691509872.6615012,127027,0,0,0,23857,0.011995315551757812,
406,normal,1691509872.6616354,0.10016259000000001,0.10016259000000001,0.10016259000000001,1691509872.7617979,1691509872.7617979,1691509872.7633967,1691509872.7617979,1691509872.6615012,1691509872.7617979,126888,0,0,0,23844,0.012041807174682617,
407,normal,1691509872.7617102,0.099736820000000004,0.099736820000000004,0.099736820000000004,1691509872.8614471,1691509872.8614471,1691509872.8633046,1691509872.8614471,1691509872.7513549,1691509872.8614471,126837,0,0,0,23837,0.011852025985717773,
408,normal,1691509872.8615925,0.099805100000000008,0.099805100000000008,0.099805100000000008,1691509872.9613976,1691509872.9613976,1691509872.9633203,1691509872.9613976,1691509872.8614471,1691509872.9613976,126892,0,0,0,23533,0.011888504028320312,
409,normal,1691509872.9616055,0.10068283,0.10068283,0.10068283,1691509873.0622883,1691509873.0622883,1691509873.072288,1691509873.0622883,1691509872.9613976,1691509873.0622883,126957,0,0,0,23199,0.010658025741577148,
410,normal,1691509873.0623112,0.10023856,0.10023856,0.10023856,1691509873.1625497,1691509873.1625497,1691509873.1715932,1691509873.1625497,1691509873.0622883,1691509873.1625497,126998,0,0,0,23148,0.0099012851715087891,
411,normal,1691509873.1627326,0.10021345000000001,0.10021345000000001,0.10021345000000001,1691509873.2629461,1691509873.2629461,1691509873.2717135,1691509873.2629461,1691509873.1625497,1691509873.2629461,127059,0,0,0,23154,0.0098350048065185547,
412,normal,1691509873.2630453,0.10062333000000001,0.10062333000000001,0.10062333000000001,1691509873.3636687,1691509873.3636687,1691509873.3720839,1691509873.3636687,1691509873.2629461,1691509873.3636687,127167,0,0,0,22973,0.010482072830200195,
413,normal,1691509873.3638618,0.10042638000000001,0.10042638000000001,0.10042638000000001,1691509873.4642882,1691509873.4642882,1691509873.4716518,1691509873.4642882,1691509873.3636687,1691509873.4642882,127205,0,0,0,22872,0.010211467742919922,
414,normal,1691509873.4643366,0.099894250000000004,0.099894250000000004,0.099894250000000004,1691509873.5642309,1691509873.5642309,1691509873.5720117,1691509873.5642309,1691509873.4642882,1691509873.5642309,127312,0,0,0,22821,0.010394573211669922,
415,normal,1691509873.5642533,0.099167410000000011,0.099167410000000011,0.099167410000000011,1691509873.6634207,1691509873.6634207,1691509873.6716745,1691509873.6634207,1691509873.5642309,1691509873.6634207,127263,0,0,0,22989,0.0093872547149658203,
416,normal,1691509873.6634278,0.099046530000000008,0.099046530000000008,0.099046530000000008,1691509873.7624743,1691509873.7624743,1691509873.7724259,1691509873.7624743,1691509873.6634207,1691509873.7624743,127119,0,0,0,23205,0.010824918746948242,
417,normal,1691509873.7626514,0.099891150000000012,0.099891150000000012,0.099891150000000012,1691509873.8625426,1691509873.8625426,1691509873.8716605,1691509873.8625426,1691509873.7624743,1691509873.8625426,127075,0,0,0,23200,0.010186910629272461,
418,normal,1691509873.8626466,0.099492850000000008,0.099492850000000008,0.099492850000000008,1691509873.9621394,1691509873.9621394,1691509873.9718657,1691509873.9621394,1691509873.8625426,1691509873.9621394,126883,0,0,0,23043,0.010291337966918945,
419,normal,1691509873.9620659,0.099375420000000006,0.099375420000000006,0.099375420000000006,1691509874.0614414,1691509874.0614414,1691509874.0637171,1691509874.0614414,1691509873.9615743,1691509874.0614414,126862,0,0,0,22903,0.01204228401184082,
420,normal,1691509874.061758,0.099217590000000008,0.099217590000000008,0.099217590000000008,1691509874.1609757,1691509874.1609757,1691509874.1631837,1691509874.1609757,1691509874.0614414,1691509874.1609757,126765,0,0,0,22937,0.011033773422241211,
421,normal,1691509874.1610506,0.09930158,0.09930158,0.09930158,1691509874.2603521,1691509874.2603521,1691509874.2627017,1691509874.2603521,1691509874.1609757,1691509874.2603521,126864,0,0,0,23084,0.010986566543579102,
422,normal,1691509874.2606297,0.10028596000000001,0.10028596000000001,0.10028596000000001,1691509874.3609157,1691509874.3609157,1691509874.3633571,1691509874.3609157,1691509874.2603521,1691509874.3609157,126731,0,0,0,23088,0.011444568634033203,
423,normal,1691509874.3610189,0.10045301000000001,0.10045301000000001,0.10045301000000001,1691509874.4614718,1691509874.4614718,1691509874.4632635,1691509874.4614718,1691509874.3609157,1691509874.4614718,126687,0,0,0,22864,0.011579751968383789,
424,normal,1691509874.4615488,0.10079639,0.10079639,0.10079639,1691509874.5623453,1691509874.5623453,1691509874.5723004,1691509874.5623453,1691509874.4614718,1691509874.5623453,126578,0,0,0,22892,0.010625839233398438,
425,normal,1691509874.5623448,0.10056846000000001,0.10056846000000001,0.10056846000000001,1691509874.6629133,1691509874.6629133,1691509874.6717541,1691509874.6629133,1691509874.5616746,1691509874.6629133,126627,0,0,0,23044,0.0098714828491210938,
426,normal,1691509874.6629877,0.10045836000000001,0.10045836000000001,0.10045836000000001,1691509874.7634461,1691509874.7634461,1691509874.7719183,1691509874.7634461,1691509874.6629133,1691509874.7634461,126937,0,0,0,23220,0.01018071174621582,
427,normal,1691509874.7636588,0.10005165000000001,0.10005165000000001,0.10005165000000001,1691509874.8637104,1691509874.8637104,1691509874.8719709,1691509874.8637104,1691509874.7634461,1691509874.8637104,127160,0,0,0,23079,0.010186672210693359,
428,normal,1691509874.8637872,0.09920501000000001,0.09920501000000001,0.09920501000000001,1691509874.9629922,1691509874.9629922,1691509874.9723957,1691509874.9629922,1691509874.8637104,1691509874.9629922,127199,0,0,0,23042,0.010725259780883789,
429,normal,1691509874.9628508,0.097812180000000012,0.097812180000000012,0.097812180000000012,1691509875.060663,1691509875.060663,1691509875.0624192,1691509875.060663,1691509874.9616704,1691509875.060663,127082,0,0,0,23183,0.010326862335205078,
430,normal,1691509875.0608475,0.097804130000000003,0.097804130000000003,0.097804130000000003,1691509875.1586516,1691509875.1586516,1691509875.1631746,1691509875.1586516,1691509875.060663,1691509875.1586516,127102,0,0,0,23227,0.011336326599121094,
431,normal,1691509875.1587379,0.097872239999999999,0.097872239999999999,0.097872239999999999,1691509875.2566102,1691509875.2566102,1691509875.2617371,1691509875.2566102,1691509875.1586516,1691509875.2566102,127132,0,0,0,23145,0.0092816352844238281,
432,normal,1691509875.2568555,0.098778700000000011,0.098778700000000011,0.098778700000000011,1691509875.3556342,1691509875.3556342,1691509875.3625867,1691509875.3556342,1691509875.2566102,1691509875.3556342,127045,0,0,0,22932,0.010776281356811523,
433,normal,1691509875.3557141,0.09966448,0.09966448,0.09966448,1691509875.4553785,1691509875.4553785,1691509875.4621191,1691509875.4553785,1691509875.3556342,1691509875.4553785,127094,0,0,0,23129,0.010376453399658203,
434,normal,1691509875.455483,0.10009799000000001,0.10009799000000001,0.10009799000000001,1691509875.5555809,1691509875.5555809,1691509875.5624919,1691509875.5555809,1691509875.4553785,1691509875.5555809,127158,0,0,0,23820,0.01073765754699707,
435,normal,1691509875.5557854,0.10064503000000001,0.10064503000000001,0.10064503000000001,1691509875.6564305,1691509875.6564305,1691509875.6617875,1691509875.6564305,1691509875.5555809,1691509875.6564305,126825,0,0,0,24363,0.0096030235290527344,
436,normal,1691509875.6566451,0.10172835000000001,0.10172835000000001,0.10172835000000001,1691509875.7583735,1691509875.7583735,1691509875.7623458,1691509875.7583735,1691509875.6564305,1691509875.7583735,126680,0,0,0,23545,0.0097789764404296875,
437,normal,1691509875.7586181,0.10308021000000001,0.10308021000000001,0.10308021000000001,1691509875.8616984,1691509875.8616984,1691509875.8635499,1691509875.8616984,1691509875.7583735,1691509875.8616984,126729,0,0,0,22828,0.011107921600341797,
438,normal,1691509875.8618987,0.10381376,0.10381376,0.10381376,1691509875.9657123,1691509875.9657123,1691509875.9720123,1691509875.9657123,1691509875.8616984,1691509875.9657123,126823,0,0,0,22431,0.01017451286315918,
439,normal,1691509875.9662204,0.10357455,0.10357455,0.10357455,1691509876.0697949,1691509876.0697949,1691509876.0727098,1691509876.0697949,1691509875.9657123,1691509876.0697949,126835,0,0,0,22382,0.010929584503173828,
440,normal,1691509876.0694516,0.10239998,0.10239998,0.10239998,1691509876.1718516,1691509876.1718516,1691509876.1735177,1691509876.1718516,1691509876.0617802,1691509876.1718516,126810,0,0,0,22638,0.01157379150390625,
441,normal,1691509876.171885,0.1004197,0.1004197,0.1004197,1691509876.2723048,1691509876.2723048,1691509876.2739022,1691509876.2723048,1691509876.1718516,1691509876.2723048,126591,0,0,0,22794,0.012106180191040039,
442,normal,1691509876.2722018,0.099519420000000011,0.099519420000000011,0.099519420000000011,1691509876.3717213,1691509876.3717213,1691509876.3734806,1691509876.3717213,1691509876.261796,1691509876.3717213,126465,0,0,0,23253,0.011553525924682617,
443,normal,1691509876.3717999,0.098487810000000009,0.098487810000000009,0.098487810000000009,1691509876.4702878,1691509876.4702878,1691509876.4737506,1691509876.4702878,1691509876.3717213,1691509876.4702878,126896,0,0,0,24059,0.011898279190063477,
444,normal,1691509876.4702871,0.09865633,0.09865633,0.09865633,1691509876.5689435,1691509876.5689435,1691509876.5726008,1691509876.5689435,1691509876.4618523,1691509876.5689435,127197,0,0,0,23923,0.010709285736083984,
445,normal,1691509876.5690501,0.097585830000000012,0.097585830000000012,0.097585830000000012,1691509876.666636,1691509876.666636,1691509876.6719589,1691509876.666636,1691509876.5689435,1691509876.666636,127024,0,0,0,22910,0.0095314979553222656,
446,normal,1691509876.6665425,0.09652759000000001,0.09652759000000001,0.09652759000000001,1691509876.7630701,1691509876.7630701,1691509876.7724807,1691509876.7630701,1691509876.6624274,1691509876.7630701,126848,0,0,0,22657,0.01052093505859375,
447,normal,1691509876.7630718,0.096896860000000001,0.096896860000000001,0.096896860000000001,1691509876.8599687,1691509876.8599687,1691509876.8634501,1691509876.8599687,1691509876.7630701,1691509876.8599687,126907,0,0,0,22559,0.011556863784790039,
448,normal,1691509876.8599989,0.096423729999999999,0.096423729999999999,0.096234820000000013,1691509876.9564226,1691509876.9564226,1691509876.9618385,1691509876.9564226,1691509876.8599687,1691509876.9564226,126868,0,0,0,22589,0.0094027519226074219,
449,normal,1691509876.9566398,0.096876690000000001,0.096876690000000001,0.096876690000000001,1691509877.0535164,1691509877.0535164,1691509877.0619209,1691509877.0535164,1691509876.9564226,1691509877.0535164,126826,0,0,0,22305,0.00933074951171875,
450,normal,1691509877.0538008,0.097755250000000002,0.097755250000000002,0.097755250000000002,1691509877.151556,1691509877.151556,1691509877.1535077,1691509877.151556,1691509877.0535164,1691509877.151556,126801,0,0,0,22157,0.011515140533447266,
451,normal,1691509877.1517453,0.098463740000000008,0.098463740000000008,0.098463740000000008,1691509877.2502091,1691509877.2502091,1691509877.2521904,1691509877.2502091,1691509877.151556,1691509877.2502091,126675,0,0,0,22098,0.010247468948364258,
452,normal,1691509877.2503479,0.09911534000000001,0.09911534000000001,0.09911534000000001,1691509877.3494632,1691509877.3494632,1691509877.3531229,1691509877.3494632,1691509877.2502091,1691509877.3494632,126648,0,0,0,22348,0.010971546173095703,
453,normal,1691509877.349612,0.10078118000000001,0.10078118000000001,0.10078118000000001,1691509877.4503932,1691509877.4503932,1691509877.4543073,1691509877.4503932,1691509877.3494632,1691509877.4503932,126778,0,0,0,22645,0.012256383895874023,
454,normal,1691509877.4505413,0.10186387000000001,0.10186387000000001,0.10186387000000001,1691509877.5524051,1691509877.5524051,1691509877.5621352,1691509877.5524051,1691509877.4503932,1691509877.5524051,126869,0,0,0,22912,0.010061025619506836,
455,normal,1691509877.5528066,0.10309044000000001,0.10309044000000001,0.10309044000000001,1691509877.6558971,1691509877.6558971,1691509877.66222,1691509877.6558971,1691509877.5524051,1691509877.6558971,126837,0,0,0,23087,0.010150671005249023,
456,normal,1691509877.6561811,0.10406768000000001,0.10406768000000001,0.10406768000000001,1691509877.7602487,1691509877.7602487,1691509877.762445,1691509877.7602487,1691509877.6558971,1691509877.7602487,126990,0,0,0,23271,0.0099115371704101562,
457,normal,1691509877.7606997,0.10377339000000001,0.10377339000000001,0.10377339000000001,1691509877.8644731,1691509877.8644731,1691509877.8725154,1691509877.8644731,1691509877.7602487,1691509877.8644731,126895,0,0,0,23329,0.010384559631347656,
458,normal,1691509877.8641291,0.10348688,0.10348688,0.10348688,1691509877.9676158,1691509877.9676158,1691509877.9726708,1691509877.9676158,1691509877.8621309,1691509877.9676158,126691,0,0,0,23219,0.010643243789672852,
459,normal,1691509877.9676149,0.1028453,0.1028453,0.1028453,1691509878.0704601,1691509878.0704601,1691509878.0739374,1691509878.0704601,1691509877.9620275,1691509878.0704601,126679,0,0,0,23374,0.011838912963867188,
460,normal,1691509878.0706067,0.10181188000000001,0.10181188000000001,0.10181188000000001,1691509878.1724186,1691509878.1724186,1691509878.1741118,1691509878.1724186,1691509878.0704601,1691509878.1724186,126654,0,0,0,23547,0.012074470520019531,
461,normal,1691509878.1723864,0.1009753,0.1009753,0.1009753,1691509878.2733617,1691509878.2733617,1691509878.2819016,1691509878.2733617,1691509878.1620374,1691509878.2733617,126625,0,0,0,23578,0.0096108913421630859,
462,normal,1691509878.2735159,0.10075396,0.10075396,0.10075396,1691509878.37427,1691509878.37427,1691509878.3823273,1691509878.37427,1691509878.2733617,1691509878.37427,126702,0,0,0,23480,0.010130882263183594,
463,normal,1691509878.3742235,0.10025996000000001,0.10025996000000001,0.10025996000000001,1691509878.4744835,1691509878.4744835,1691509878.4825678,1691509878.4744835,1691509878.3721964,1691509878.4744835,126262,0,0,0,23323,0.010402202606201172,
464,normal,1691509878.4749541,0.098154060000000001,0.098154060000000001,0.098154060000000001,1691509878.5731082,1691509878.5731082,1691509878.5822263,1691509878.5731082,1691509878.4744835,1691509878.5731082,126383,0,0,0,23605,0.0100555419921875,
465,normal,1691509878.5726812,0.097858890000000004,0.097858890000000004,0.097858890000000004,1691509878.6705401,1691509878.6705401,1691509878.6740639,1691509878.6705401,1691509878.5721707,1691509878.6705401,126935,0,0,0,24157,0.011901378631591797,
466,normal,1691509878.6706491,0.096930120000000008,0.096930120000000008,0.096930120000000008,1691509878.7675791,1691509878.7675791,1691509878.7724769,1691509878.7675791,1691509878.6705401,1691509878.7675791,127108,0,0,0,23884,0.010285377502441406,
467,normal,1691509878.7675784,0.097384200000000004,0.097384200000000004,0.097384200000000004,1691509878.8649626,1691509878.8649626,1691509878.8723311,1691509878.8649626,1691509878.7621915,1691509878.8649626,126988,0,0,0,23045,0.0098671913146972656,
468,normal,1691509878.8655405,0.097748330000000008,0.097748330000000008,0.097748330000000008,1691509878.9632888,1691509878.9632888,1691509878.9722707,1691509878.9632888,1691509878.8649626,1691509878.9632888,126729,0,0,0,22264,0.0100860595703125,
469,normal,1691509878.9628508,0.097218940000000004,0.097218940000000004,0.097218940000000004,1691509879.0600698,1691509879.0600698,1691509879.0639358,1691509879.0600698,1691509878.9621847,1691509879.0600698,126743,0,0,0,21987,0.011620044708251953,
470,normal,1691509879.0602407,0.096368190000000006,0.096368190000000006,0.096368190000000006,1691509879.1566088,1691509879.1566088,1691509879.162282,1691509879.1566088,1691509879.0600698,1691509879.1566088,126702,0,0,0,21761,0.0098724365234375,
471,normal,1691509879.1570239,0.097498550000000003,0.097498550000000003,0.097498550000000003,1691509879.2545226,1691509879.2545226,1691509879.2624784,1691509879.2545226,1691509879.1566088,1691509879.2545226,126767,0,0,0,21709,0.010167598724365234,
472,normal,1691509879.2544754,0.098139150000000008,0.098139150000000008,0.098139150000000008,1691509879.3526144,1691509879.3526144,1691509879.3623216,1691509879.3526144,1691509879.2523108,1691509879.3526144,126762,0,0,0,21666,0.0099749565124511719,
473,normal,1691509879.3529706,0.098769170000000003,0.098769170000000003,0.098769170000000003,1691509879.4517398,1691509879.4517398,1691509879.4532151,1691509879.4517398,1691509879.3526144,1691509879.4517398,126833,0,0,0,21992,0.010529518127441406,
474,normal,1691509879.4515939,0.09992297,0.09992297,0.09992297,1691509879.5515168,1691509879.5515168,1691509879.5535161,1691509879.5515168,1691509879.4426856,1691509879.5515168,126892,0,0,0,22652,0.010825157165527344,
475,normal,1691509879.5518589,0.10107970000000001,0.10107970000000001,0.10107970000000001,1691509879.6529386,1691509879.6529386,1691509879.6627493,1691509879.6529386,1691509879.5515168,1691509879.6529386,126791,0,0,0,23273,0.010526895523071289,
476,normal,1691509879.653101,0.10248626000000001,0.10248626000000001,0.10248626000000001,1691509879.7555873,1691509879.7555873,1691509879.7625804,1691509879.7555873,1691509879.6529386,1691509879.7555873,126891,0,0,0,23946,0.0097196102142333984,
477,normal,1691509879.7557943,0.10324566,0.10324566,0.10324566,1691509879.85904,1691509879.85904,1691509879.8624694,1691509879.85904,1691509879.7555873,1691509879.85904,126810,0,0,0,24762,0.010166168212890625,
478,normal,1691509879.8590729,0.10272400000000001,0.10272400000000001,0.10272400000000001,1691509879.961797,1691509879.961797,1691509879.9636538,1691509879.961797,1691509879.85904,1691509879.961797,126618,0,0,0,24551,0.010973453521728516,
479,normal,1691509879.9618585,0.10249460000000001,0.10249460000000001,0.10249460000000001,1691509880.0643532,1691509880.0643532,1691509880.0724261,1691509880.0643532,1691509879.961797,1691509880.0643532,126576,0,0,0,24250,0.010238170623779297,
480,normal,1691509880.0646956,0.10283453000000001,0.10283453000000001,0.10283453000000001,1691509880.1675301,1691509880.1675301,1691509880.1731448,1691509880.1675301,1691509880.0643532,1691509880.1675301,126577,0,0,0,24037,0.010798454284667969,
481,normal,1691509880.1675758,0.10219146000000001,0.10219146000000001,0.10219146000000001,1691509880.2697673,1691509880.2697673,1691509880.2726576,1691509880.2697673,1691509880.1675301,1691509880.2697673,126649,0,0,0,23996,0.010298013687133789,
482,normal,1691509880.2697008,0.10085106000000001,0.10085106000000001,0.10085106000000001,1691509880.3705518,1691509880.3705518,1691509880.3728302,1691509880.3705518,1691509880.2623596,1691509880.3705518,126592,0,0,0,24085,0.0099995136260986328,
483,normal,1691509880.370661,0.10047659,0.10047659,0.10047659,1691509880.4711375,1691509880.4711375,1691509880.4732144,1691509880.4711375,1691509880.3705518,1691509880.4711375,126634,0,0,0,24201,0.010827541351318359,
484,normal,1691509880.4710944,0.099637280000000009,0.099637280000000009,0.099637280000000009,1691509880.5707316,1691509880.5707316,1691509880.5741925,1691509880.5707316,1691509880.4623868,1691509880.5707316,126700,0,0,0,24227,0.011864185333251953,
485,normal,1691509880.5707779,0.099937880000000007,0.099937880000000007,0.099937880000000007,1691509880.6707158,1691509880.6707158,1691509880.6743584,1691509880.6707158,1691509880.5707316,1691509880.6707158,126493,0,0,0,24190,0.012018442153930664,
486,normal,1691509880.670774,0.098327410000000004,0.098327410000000004,0.098327410000000004,1691509880.7691014,1691509880.7691014,1691509880.7726898,1691509880.7691014,1691509880.6707158,1691509880.7691014,126350,0,0,0,24334,0.010289430618286133,
487,normal,1691509880.7691374,0.097121520000000003,0.097121520000000003,0.097121520000000003,1691509880.8662589,1691509880.8662589,1691509880.873039,1691509880.8662589,1691509880.7691014,1691509880.8662589,126545,0,0,0,23958,0.010652065277099609,
488,normal,1691509880.8663852,0.097906480000000004,0.097906480000000004,0.097906480000000004,1691509880.9642918,1691509880.9642918,1691509880.972441,1691509880.9642918,1691509880.8662589,1691509880.9642918,126721,0,0,0,23667,0.0094752311706542969,
489,normal,1691509880.9643686,0.097926890000000003,0.097926890000000003,0.097926890000000003,1691509881.0622954,1691509881.0622954,1691509881.0640655,1691509881.0622954,1691509880.9642918,1691509881.0622954,127011,0,0,0,23670,0.011651039123535156,
490,normal,1691509881.0623727,0.098095180000000004,0.098095180000000004,0.098095180000000004,1691509881.1604679,1691509881.1604679,1691509881.1625042,1691509881.1604679,1691509881.0622954,1691509881.1604679,127086,0,0,0,23734,0.0099992752075195312,
491,normal,1691509881.1607022,0.09833973,0.09833973,0.09833973,1691509881.259042,1691509881.259042,1691509881.2624865,1691509881.259042,1691509881.1604679,1691509881.259042,127149,0,0,0,23729,0.0099978446960449219,
492,normal,1691509881.2590947,0.098542730000000009,0.098542730000000009,0.098542730000000009,1691509881.3576374,1691509881.3576374,1691509881.3626513,1691509881.3576374,1691509881.259042,1691509881.3576374,127079,0,0,0,23486,0.010143041610717773,
493,normal,1691509881.3576517,0.098894950000000009,0.098894950000000009,0.098894950000000009,1691509881.4565465,1691509881.4565465,1691509881.4625275,1691509881.4565465,1691509881.3576374,1691509881.4565465,127036,0,0,0,23048,0.010065555572509766,
494,normal,1691509881.4568624,0.099564110000000011,0.099564110000000011,0.099564110000000011,1691509881.5564265,1691509881.5564265,1691509881.5629511,1691509881.5564265,1691509881.4565465,1691509881.5564265,126971,0,0,0,22858,0.010497331619262695,
495,normal,1691509881.5564847,0.099953050000000002,0.099953050000000002,0.099953050000000002,1691509881.6564376,1691509881.6564376,1691509881.6625016,1691509881.6564376,1691509881.5564265,1691509881.6564376,126895,0,0,0,22582,0.010037422180175781,
496,normal,1691509881.6567523,0.10154018000000001,0.10154018000000001,0.10154018000000001,1691509881.7582924,1691509881.7582924,1691509881.7625065,1691509881.7582924,1691509881.6564376,1691509881.7582924,126847,0,0,0,22140,0.010125875473022461,
497,normal,1691509881.7584946,0.10278895,0.10278895,0.10278895,1691509881.8612835,1691509881.8612835,1691509881.8633273,1691509881.8612835,1691509881.7582924,1691509881.8612835,126685,0,0,0,21604,0.010834217071533203,
498,normal,1691509881.8614674,0.10332876000000001,0.10332876000000001,0.10332876000000001,1691509881.9647961,1691509881.9647961,1691509881.9726329,1691509881.9647961,1691509881.8612835,1691509881.9647961,126560,0,0,0,21615,0.010116100311279297,
499,normal,1691509881.9648826,0.10298280000000001,0.10298280000000001,0.10298280000000001,1691509882.0678654,1691509882.0678654,1691509882.0732298,1691509882.0678654,1691509881.9647961,1691509882.0678654,126498,0,0,0,21980,0.010697126388549805,
500,normal,1691509882.0679834,0.10305542000000001,0.10305542000000001,0.10305542000000001,1691509882.1710389,1691509882.1710389,1691509882.1748171,1691509882.1710389,1691509882.0678654,1691509882.1710389,126514,0,0,0,22306,0.012334823608398438,
501,normal,1691509882.1709654,0.10126462,0.10126462,0.10126462,1691509882.2722301,1691509882.2722301,1691509882.2738729,1691509882.2722301,1691509882.1624823,1691509882.2722301,126831,0,0,0,22620,0.010841131210327148,
502,normal,1691509882.2720501,0.099154770000000003,0.099154770000000003,0.099154770000000003,1691509882.3712049,1691509882.3712049,1691509882.3733087,1691509882.3712049,1691509882.2630317,1691509882.3712049,126980,0,0,0,22865,0.010813236236572266,
503,normal,1691509882.371237,0.098184530000000006,0.098184530000000006,0.098184530000000006,1691509882.4694216,1691509882.4694216,1691509882.4731143,1691509882.4694216,1691509882.3712049,1691509882.4694216,126960,0,0,0,23585,0.010573625564575195,
504,normal,1691509882.4695954,0.098157360000000013,0.098157360000000013,0.098157360000000013,1691509882.5677528,1691509882.5677528,1691509882.5727248,1691509882.5677528,1691509882.4694216,1691509882.5677528,126903,0,0,0,24273,0.010149240493774414,
505,normal,1691509882.5677757,0.097328910000000005,0.097328910000000005,0.097328910000000005,1691509882.6651046,1691509882.6651046,1691509882.673079,1691509882.6651046,1691509882.5677528,1691509882.6651046,126767,0,0,0,24766,0.010497808456420898,
506,normal,1691509882.6651616,0.097557040000000012,0.097557040000000012,0.097273870000000012,1691509882.7627187,1691509882.7627187,1691509882.7645209,1691509882.7627187,1691509882.6651046,1691509882.7627187,126677,0,0,0,24152,0.012024164199829102,
507,normal,1691509882.7628636,0.096907610000000005,0.096907610000000005,0.096907610000000005,1691509882.8597713,1691509882.8597713,1691509882.8629532,1691509882.8597713,1691509882.7627187,1691509882.8597713,126651,0,0,0,23971,0.010398387908935547,
508,normal,1691509882.859616,0.09627811,0.09627811,0.09627811,1691509882.9558942,1691509882.9558942,1691509882.9625704,1691509882.9558942,1691509882.8525548,1691509882.9558942,126624,0,0,0,23818,0.00997161865234375,
509,normal,1691509882.9560704,0.097537530000000011,0.097537530000000011,0.097537530000000011,1691509883.0536079,1691509883.0536079,1691509883.0626326,1691509883.0536079,1691509882.9558942,1691509883.0536079,126698,0,0,0,23237,0.009853363037109375,
510,normal,1691509883.0539434,0.098932740000000005,0.098932740000000005,0.098932740000000005,1691509883.1528761,1691509883.1528761,1691509883.1629703,1691509883.1528761,1691509883.0536079,1691509883.1528761,126829,0,0,0,22890,0.010247468948364258,
511,normal,1691509883.1532402,0.10073194000000001,0.10073194000000001,0.10073194000000001,1691509883.2539721,1691509883.2539721,1691509883.2626023,1691509883.2539721,1691509883.1528761,1691509883.2539721,126924,0,0,0,22947,0.0097355842590332031,
512,normal,1691509883.2540545,0.10090244000000001,0.10090244000000001,0.10090244000000001,1691509883.3549571,1691509883.3549571,1691509883.3633964,1691509883.3549571,1691509883.2539721,1691509883.3549571,126814,0,0,0,23257,0.010707378387451172,
513,normal,1691509883.3550766,0.10193770000000001,0.10193770000000001,0.10193770000000001,1691509883.4570143,1691509883.4570143,1691509883.4626906,1691509883.4570143,1691509883.3549571,1691509883.4570143,126856,0,0,0,23616,0.0098512172698974609,
514,normal,1691509883.457206,0.10256863000000001,0.10256863000000001,0.10256863000000001,1691509883.5597746,1691509883.5597746,1691509883.5638449,1691509883.5597746,1691509883.4570143,1691509883.5597746,127081,0,0,0,23650,0.011243820190429688,
515,normal,1691509883.5601306,0.10271108000000001,0.10271108000000001,0.10271108000000001,1691509883.6628416,1691509883.6628416,1691509883.6646364,1691509883.6628416,1691509883.5597746,1691509883.6628416,126925,0,0,0,23682,0.011844158172607422,
516,normal,1691509883.6628668,0.10336297000000001,0.10336297000000001,0.10336297000000001,1691509883.7662299,1691509883.7662299,1691509883.7732735,1691509883.7662299,1691509883.6628416,1691509883.7662299,126551,0,0,0,23662,0.010437726974487305,
517,normal,1691509883.7664623,0.10347075,0.10347075,0.10347075,1691509883.8699331,1691509883.8699331,1691509883.8732197,1691509883.8699331,1691509883.7662299,1691509883.8699331,126471,0,0,0,23709,0.010533809661865234,
518,normal,1691509883.8698847,0.10269268000000001,0.10269268000000001,0.10269268000000001,1691509883.9725773,1691509883.9725773,1691509883.9744501,1691509883.9725773,1691509883.8626859,1691509883.9725773,126480,0,0,0,23693,0.011206626892089844,
519,normal,1691509883.9727139,0.10097962000000001,0.10097962000000001,0.10097962000000001,1691509884.0736935,1691509884.0736935,1691509884.0831659,1691509884.0736935,1691509883.9725773,1691509884.0736935,126453,0,0,0,23391,0.010512113571166992,
520,normal,1691509884.0733371,0.099958130000000006,0.099958130000000006,0.099958130000000006,1691509884.1732953,1691509884.1732953,1691509884.1831272,1691509884.1732953,1691509884.0726538,1691509884.1732953,126584,0,0,0,23462,0.010472297668457031,
521,normal,1691509884.1733124,0.097980000000000012,0.097980000000000012,0.097980000000000012,1691509884.2712924,1691509884.2712924,1691509884.2748191,1691509884.2712924,1691509884.1732953,1691509884.2712924,127027,0,0,0,23665,0.012163162231445312,
522,normal,1691509884.2714124,0.097917810000000008,0.097917810000000008,0.097917810000000008,1691509884.3693302,1691509884.3693302,1691509884.3726914,1691509884.3693302,1691509884.2712924,1691509884.3693302,127170,0,0,0,23700,0.00998687744140625,
523,normal,1691509884.3692729,0.097590970000000013,0.097590970000000013,0.097590970000000013,1691509884.4668639,1691509884.4668639,1691509884.4728079,1691509884.4668639,1691509884.3627045,1691509884.4668639,127129,0,0,0,23626,0.00988006591796875,
524,normal,1691509884.467072,0.097129710000000008,0.097129710000000008,0.097129710000000008,1691509884.5642018,1691509884.5642018,1691509884.5729432,1691509884.5642018,1691509884.4668639,1691509884.5642018,126801,0,0,0,23706,0.0097746849060058594,
525,normal,1691509884.564405,0.09590833,0.09590833,0.09590833,1691509884.6603134,1691509884.6603134,1691509884.6646042,1691509884.6603134,1691509884.5642018,1691509884.6603134,126666,0,0,0,23661,0.011442184448242188,
526,normal,1691509884.6604028,0.096681980000000001,0.096681980000000001,0.096681980000000001,1691509884.7570848,1691509884.7570848,1691509884.7634845,1691509884.7570848,1691509884.6603134,1691509884.7570848,126808,0,0,0,23129,0.010629177093505859,
527,normal,1691509884.7571704,0.097886870000000001,0.097886870000000001,0.097886870000000001,1691509884.8550572,1691509884.8550572,1691509884.8633361,1691509884.8550572,1691509884.7570848,1691509884.8550572,126868,0,0,0,22747,0.010457992553710938,
528,normal,1691509884.8552608,0.098441850000000011,0.098441850000000011,0.098441850000000011,1691509884.9537027,1691509884.9537027,1691509884.9635808,1691509884.9537027,1691509884.8550572,1691509884.9537027,126911,0,0,0,22680,0.010750293731689453,
529,normal,1691509884.9538908,0.099261600000000005,0.099261600000000005,0.099261600000000005,1691509885.0531523,1691509885.0531523,1691509885.0630002,1691509885.0531523,1691509884.9537027,1691509885.0531523,126919,0,0,0,23240,0.010011196136474609,
530,normal,1691509885.0533841,0.1010554,0.1010554,0.1010554,1691509885.1544394,1691509885.1544394,1691509885.1627741,1691509885.1544394,1691509885.0531523,1691509885.1544394,126851,0,0,0,24016,0.0094523429870605469,
531,normal,1691509885.1544948,0.10118384000000001,0.10118384000000001,0.10118384000000001,1691509885.2556787,1691509885.2556787,1691509885.2627163,1691509885.2556787,1691509885.1544394,1691509885.2556787,127114,0,0,0,24472,0.0096225738525390625,
532,normal,1691509885.2558951,0.10144948000000001,0.10144948000000001,0.10144948000000001,1691509885.3573446,1691509885.3573446,1691509885.3629253,1691509885.3573446,1691509885.2556787,1691509885.3573446,127101,0,0,0,24855,0.0098574161529541016,
533,normal,1691509885.3574324,0.10165655000000001,0.10165655000000001,0.10165655000000001,1691509885.4590888,1691509885.4590888,1691509885.4628353,1691509885.4590888,1691509885.3573446,1691509885.4590888,126575,0,0,0,24622,0.0095994472503662109,
534,normal,1691509885.4593322,0.10243788000000001,0.10243788000000001,0.10243788000000001,1691509885.5617702,1691509885.5617702,1691509885.5638635,1691509885.5617702,1691509885.4590888,1691509885.5617702,126370,0,0,0,24204,0.011003494262695312,
535,normal,1691509885.5618961,0.10242798,0.10242798,0.10242798,1691509885.664324,1691509885.664324,1691509885.672787,1691509885.664324,1691509885.5617702,1691509885.664324,126590,0,0,0,24061,0.0097043514251708984,
536,normal,1691509885.6643276,0.10312869000000001,0.10312869000000001,0.10312869000000001,1691509885.7674563,1691509885.7674563,1691509885.7728791,1691509885.7674563,1691509885.664324,1691509885.7674563,126806,0,0,0,23843,0.0096800327301025391,
537,normal,1691509885.7676558,0.10375378,0.10375378,0.10375378,1691509885.8714097,1691509885.8714097,1691509885.8745046,1691509885.8714097,1691509885.7674563,1691509885.8714097,126794,0,0,0,23288,0.011666059494018555,
538,normal,1691509885.871506,0.10271287000000001,0.10271287000000001,0.10271287000000001,1691509885.9742188,1691509885.9742188,1691509885.9829314,1691509885.9742188,1691509885.8714097,1691509885.9742188,126800,0,0,0,23189,0.0098073482513427734,
539,normal,1691509885.9742365,0.10116575000000001,0.10116575000000001,0.10116575000000001,1691509886.0754023,1691509886.0754023,1691509886.0835049,1691509886.0754023,1691509885.9742188,1691509886.0754023,126716,0,0,0,23228,0.010616064071655273,
540,normal,1691509886.0753665,0.10002343000000001,0.10002343000000001,0.10002343000000001,1691509886.17539,1691509886.17539,1691509886.1835454,1691509886.17539,1691509886.0728889,1691509886.17539,126574,0,0,0,23149,0.01062321662902832,
541,normal,1691509886.1753802,0.09900384000000001,0.09900384000000001,0.09900384000000001,1691509886.274384,1691509886.274384,1691509886.2829778,1691509886.274384,1691509886.1729221,1691509886.274384,126347,0,0,0,22915,0.0096635818481445312,
542,normal,1691509886.2745564,0.098888810000000008,0.098888810000000008,0.098888810000000008,1691509886.3734453,1691509886.3734453,1691509886.3829606,1691509886.3734453,1691509886.274384,1691509886.3734453,126119,0,0,0,22086,0.0099506378173828125,
543,normal,1691509886.3734694,0.097861139999999999,0.097861139999999999,0.097861139999999999,1691509886.4713304,1691509886.4713304,1691509886.4744444,1691509886.4713304,1691509886.3734453,1691509886.4713304,126846,0,0,0,21847,0.011346578598022461,
544,normal,1691509886.4714093,0.097447930000000002,0.097447930000000002,0.097447930000000002,1691509886.5688572,1691509886.5688572,1691509886.5731113,1691509886.5688572,1691509886.4713304,1691509886.5688572,126419,0,0,0,21687,0.0099694728851318359,
545,normal,1691509886.5689633,0.09756985,0.09756985,0.09756985,1691509886.6665332,1691509886.6665332,1691509886.6729746,1691509886.6665332,1691509886.5688572,1691509886.6665332,126305,0,0,0,22238,0.0099401473999023438,
546,normal,1691509886.6665611,0.09725578,0.09725578,0.09725578,1691509886.7638168,1691509886.7638168,1691509886.7733939,1691509886.7638168,1691509886.6665332,1691509886.7638168,126358,0,0,0,22931,0.010465621948242188,
547,normal,1691509886.7637155,0.09718141000000001,0.09718141000000001,0.09718141000000001,1691509886.8608968,1691509886.8608968,1691509886.8631084,1691509886.8608968,1691509886.7629282,1691509886.8608968,126692,0,0,0,23313,0.0099952220916748047,
548,normal,1691509886.8612964,0.097371090000000007,0.097371090000000007,0.097371090000000007,1691509886.9586675,1691509886.9586675,1691509886.9636998,1691509886.9586675,1691509886.8608968,1691509886.9586675,126713,0,0,0,23432,0.010680198669433594,
549,normal,1691509886.9586537,0.097343860000000004,0.097343860000000004,0.097343860000000004,1691509887.0559976,1691509887.0559976,1691509887.0630968,1691509887.0559976,1691509886.9530196,1691509887.0559976,126633,0,0,0,23349,0.0097510814666748047,
550,normal,1691509887.0560989,0.097794780000000012,0.097794780000000012,0.097794780000000012,1691509887.1538937,1691509887.1538937,1691509887.1635132,1691509887.1538937,1691509887.0559976,1691509887.1538937,126520,0,0,0,23239,0.010380983352661133,
551,normal,1691509887.1540682,0.099051180000000003,0.099051180000000003,0.099051180000000003,1691509887.2531195,1691509887.2531195,1691509887.255064,1691509887.2531195,1691509887.1538937,1691509887.2531195,126489,0,0,0,23487,0.012060642242431641,
552,normal,1691509887.2534313,0.09963037000000001,0.09963037000000001,0.09963037000000001,1691509887.3530617,1691509887.3530617,1691509887.3553708,1691509887.3530617,1691509887.2531195,1691509887.3530617,126662,0,0,0,23503,0.012195587158203125,
553,normal,1691509887.3537393,0.10134988,0.10134988,0.10134988,1691509887.4550891,1691509887.4550891,1691509887.4630814,1691509887.4550891,1691509887.3530617,1691509887.4550891,126730,0,0,0,23475,0.0095605850219726562,
554,normal,1691509887.4549334,0.10258600000000001,0.10258600000000001,0.10258600000000001,1691509887.5575194,1691509887.5575194,1691509887.5630023,1691509887.5575194,1691509887.4535208,1691509887.5575194,127048,0,0,0,23490,0.0099275112152099609,
555,normal,1691509887.5576081,0.10296856,0.10296856,0.10296856,1691509887.6605766,1691509887.6605766,1691509887.664048,1691509887.6605766,1691509887.5575194,1691509887.6605766,126560,0,0,0,23623,0.010900020599365234,
556,normal,1691509887.6607051,0.10342286000000001,0.10342286000000001,0.10342286000000001,1691509887.764128,1691509887.764128,1691509887.7733037,1691509887.764128,1691509887.6605766,1691509887.764128,126489,0,0,0,24072,0.010171890258789062,
557,normal,1691509887.764425,0.10334406,0.10334406,0.10334406,1691509887.867769,1691509887.867769,1691509887.8731599,1691509887.867769,1691509887.764128,1691509887.867769,126796,0,0,0,24417,0.010030984878540039,
558,normal,1691509887.8677301,0.10242190000000001,0.10242190000000001,0.10242190000000001,1691509887.9701521,1691509887.9701521,1691509887.9737604,1691509887.9701521,1691509887.8631289,1691509887.9701521,126752,0,0,0,25124,0.010583162307739258,
559,normal,1691509887.9701824,0.10169109000000001,0.10169109000000001,0.10169109000000001,1691509888.0718734,1691509888.0718734,1691509888.0758822,1691509888.0718734,1691509887.9701521,1691509888.0718734,126595,0,0,0,25511,0.0128173828125,
560,normal,1691509888.0719626,0.10078028,0.10078028,0.10078028,1691509888.1727428,1691509888.1727428,1691509888.1743741,1691509888.1727428,1691509888.0718734,1691509888.1727428,126471,0,0,0,24941,0.010769367218017578,
561,normal,1691509888.1726701,0.10036174,0.10036174,0.10036174,1691509888.2730319,1691509888.2730319,1691509888.2752609,1691509888.2730319,1691509888.1636047,1691509888.2730319,126488,0,0,0,24038,0.012012481689453125,
562,normal,1691509888.2735667,0.10043311000000001,0.10043311000000001,0.10043311000000001,1691509888.3739998,1691509888.3739998,1691509888.3832536,1691509888.3739998,1691509888.2730319,1691509888.3739998,126444,0,0,0,23195,0.0099673271179199219,
563,normal,1691509888.3739386,0.099199590000000004,0.099199590000000004,0.099199590000000004,1691509888.4731381,1691509888.4731381,1691509888.4744692,1691509888.4731381,1691509888.3732862,1691509888.4731381,126586,0,0,0,22770,0.010631322860717773,
564,normal,1691509888.4727068,0.097758990000000004,0.097758990000000004,0.097758990000000004,1691509888.5704658,1691509888.5704658,1691509888.5738699,1691509888.5704658,1691509888.4638379,1691509888.5704658,126819,0,0,0,22634,0.010651588439941406,
565,normal,1691509888.5705683,0.097488160000000004,0.097488160000000004,0.097488160000000004,1691509888.6680565,1691509888.6680565,1691509888.67328,1691509888.6680565,1691509888.5704658,1691509888.6680565,127085,0,0,0,22810,0.0093948841094970703,
566,normal,1691509888.6681857,0.097834310000000008,0.097834310000000008,0.097834310000000008,1691509888.7660201,1691509888.7660201,1691509888.773308,1691509888.7660201,1691509888.6680565,1691509888.7660201,127154,0,0,0,23200,0.0098891258239746094,
567,normal,1691509888.766192,0.09784292,0.09784292,0.09784292,1691509888.8640349,1691509888.8640349,1691509888.8734093,1691509888.8640349,1691509888.7660201,1691509888.8640349,126957,0,0,0,23508,0.010127544403076172,
568,normal,1691509888.8639133,0.097902680000000006,0.097902680000000006,0.097902680000000006,1691509888.9618161,1691509888.9618161,1691509888.964114,1691509888.9618161,1691509888.8632817,1691509888.9618161,127044,0,0,0,23914,0.010748624801635742,
569,normal,1691509888.9623349,0.099888790000000005,0.099888790000000005,0.099888790000000005,1691509889.0622237,1691509889.0622237,1691509889.0641041,1691509889.0622237,1691509888.9618161,1691509889.0622237,127007,0,0,0,23959,0.010741949081420898,
570,normal,1691509889.0624249,0.10033032,0.10033032,0.10033032,1691509889.1627553,1691509889.1627553,1691509889.1646433,1691509889.1627553,1691509889.0622237,1691509889.1627553,126718,0,0,0,23543,0.010915279388427734,
571,normal,1691509889.1629095,0.10107621,0.10107621,0.10107621,1691509889.2639856,1691509889.2639856,1691509889.2741423,1691509889.2639856,1691509889.1627553,1691509889.2639856,126494,0,0,0,22995,0.010761737823486328,
572,normal,1691509889.2641513,0.10173626000000001,0.10173626000000001,0.10173626000000001,1691509889.3658876,1691509889.3658876,1691509889.3734357,1691509889.3658876,1691509889.2639856,1691509889.3658876,126555,0,0,0,22800,0.010213375091552734,
573,normal,1691509889.3661454,0.10288140000000001,0.10288140000000001,0.10288140000000001,1691509889.4690268,1691509889.4690268,1691509889.4734161,1691509889.4690268,1691509889.3658876,1691509889.4690268,126658,0,0,0,23084,0.010120153427124023,
574,normal,1691509889.469322,0.10330383000000001,0.10330383000000001,0.10330383000000001,1691509889.5726259,1691509889.5726259,1691509889.5741866,1691509889.5726259,1691509889.4690268,1691509889.5726259,126441,0,0,0,23728,0.010840415954589844,
575,normal,1691509889.5725734,0.10238034,0.10238034,0.10238034,1691509889.6749537,1691509889.6749537,1691509889.6833425,1691509889.6749537,1691509889.5633461,1691509889.6749537,126073,0,0,0,24390,0.0097591876983642578,
576,normal,1691509889.6748567,0.10099593000000001,0.10099593000000001,0.10099593000000001,1691509889.7758527,1691509889.7758527,1691509889.7839184,1691509889.7758527,1691509889.6735833,1691509889.7758527,125857,0,0,0,24124,0.010434627532958984,
577,normal,1691509889.7758372,0.099556120000000012,0.099556120000000012,0.099556120000000012,1691509889.8753934,1691509889.8753934,1691509889.8833668,1691509889.8753934,1691509889.7734838,1691509889.8753934,126333,0,0,0,23412,0.0098268985748291016,
578,normal,1691509889.8753443,0.097843370000000013,0.097843370000000013,0.097843370000000013,1691509889.9731877,1691509889.9731877,1691509889.974931,1691509889.9731877,1691509889.8735399,1691509889.9731877,126895,0,0,0,23215,0.01143336296081543,
579,normal,1691509889.9732916,0.097071950000000004,0.097071950000000004,0.097071950000000004,1691509890.0703635,1691509890.0703635,1691509890.0738297,1691509890.0703635,1691509889.9731877,1691509890.0703635,126976,0,0,0,23034,0.010441064834594727,
580,normal,1691509890.0702512,0.09799542,0.09799542,0.09799542,1691509890.1682467,1691509890.1682467,1691509890.1734476,1691509890.1682467,1691509890.0633886,1691509890.1682467,126873,0,0,0,23122,0.0099623203277587891,
581,normal,1691509890.1685321,0.097005030000000006,0.097005030000000006,0.097005030000000006,1691509890.2655373,1691509890.2655373,1691509890.2735465,1691509890.2655373,1691509890.1682467,1691509890.2655373,126695,0,0,0,23198,0.010005950927734375,
582,normal,1691509890.2655463,0.096545060000000002,0.096545060000000002,0.096545060000000002,1691509890.3620913,1691509890.3620913,1691509890.3642268,1691509890.3620913,1691509890.2655373,1691509890.3620913,126591,0,0,0,23247,0.010761737823486328,
583,normal,1691509890.3625116,0.096841969999999999,0.096841969999999999,0.096841969999999999,1691509890.4593537,1691509890.4593537,1691509890.4641674,1691509890.4593537,1691509890.3620913,1691509890.4593537,126585,0,0,0,23541,0.010642051696777344,
584,normal,1691509890.4592605,0.097049560000000007,0.097049560000000007,0.097049560000000007,1691509890.5563099,1691509890.5563099,1691509890.5643146,1691509890.5563099,1691509890.4535253,1691509890.5563099,126671,0,0,0,24049,0.011017322540283203,
585,normal,1691509890.5562282,0.097596780000000008,0.097596780000000008,0.097596780000000008,1691509890.653825,1691509890.653825,1691509890.663799,1691509890.653825,1691509890.5532973,1691509890.653825,126693,0,0,0,24315,0.010195255279541016,
586,normal,1691509890.6540465,0.09907871,0.09907871,0.09907871,1691509890.7531252,1691509890.7531252,1691509890.7553408,1691509890.7531252,1691509890.653825,1691509890.7531252,126648,0,0,0,24363,0.011759042739868164,
587,normal,1691509890.7536211,0.10036811000000001,0.10036811000000001,0.10036811000000001,1691509890.8539891,1691509890.8539891,1691509890.8639269,1691509890.8539891,1691509890.7531252,1691509890.8539891,127122,0,0,0,24127,0.010244607925415039,
588,normal,1691509890.8542333,0.1018068,0.1018068,0.1018068,1691509890.9560401,1691509890.9560401,1691509890.9635267,1691509890.9560401,1691509890.8539891,1691509890.9560401,126718,0,0,0,23763,0.010046720504760742,
589,normal,1691509890.9561138,0.10337144000000001,0.10337144000000001,0.10337144000000001,1691509891.0594852,1691509891.0594852,1691509891.0634918,1691509891.0594852,1691509890.9560401,1691509891.0594852,126322,0,0,0,23712,0.0099604129791259766,
590,normal,1691509891.0596685,0.10385967,0.10385967,0.10385967,1691509891.1635282,1691509891.1635282,1691509891.1656299,1691509891.1635282,1691509891.0594852,1691509891.1635282,125934,0,0,0,23700,0.011917591094970703,
591,normal,1691509891.1638834,0.10530343,0.10530343,0.10530343,1691509891.269187,1691509891.269187,1691509891.2737429,1691509891.269187,1691509891.1635282,1691509891.269187,126148,0,0,0,23534,0.010092735290527344,
592,normal,1691509891.2693179,0.10419951000000001,0.10419951000000001,0.10419951000000001,1691509891.3735173,1691509891.3735173,1691509891.3751655,1691509891.3735173,1691509891.269187,1691509891.3735173,126061,0,0,0,23216,0.011050224304199219,
593,normal,1691509891.3733969,0.10292892000000001,0.10292892000000001,0.10292892000000001,1691509891.4763258,1691509891.4763258,1691509891.4836092,1691509891.4763258,1691509891.3641152,1691509891.4763258,126001,0,0,0,22557,0.0098721981048583984,
594,normal,1691509891.4763224,0.10166599000000001,0.10166599000000001,0.10166599000000001,1691509891.5779884,1691509891.5779884,1691509891.5838642,1691509891.5779884,1691509891.473737,1691509891.5779884,126044,0,0,0,22180,0.010304689407348633,
595,normal,1691509891.5779901,0.099182280000000012,0.099182280000000012,0.099182280000000012,1691509891.6771724,1691509891.6771724,1691509891.6837554,1691509891.6771724,1691509891.5779884,1691509891.6771724,126221,0,0,0,22283,0.0095174312591552734,
596,normal,1691509891.6770403,0.098188420000000012,0.098188420000000012,0.098188420000000012,1691509891.7752287,1691509891.7752287,1691509891.7838132,1691509891.7752287,1691509891.674238,1691509891.7752287,126412,0,0,0,22696,0.0097355842590332031,
597,normal,1691509891.7752366,0.09755815000000001,0.09755815000000001,0.09755815000000001,1691509891.8727949,1691509891.8727949,1691509891.8745704,1691509891.8727949,1691509891.7752287,1691509891.8727949,126904,0,0,0,23547,0.010417699813842773,
598,normal,1691509891.8728752,0.096990930000000003,0.096990930000000003,0.096990930000000003,1691509891.969866,1691509891.969866,1691509891.9737661,1691509891.969866,1691509891.8727949,1691509891.969866,126939,0,0,0,24196,0.0096063613891601562,
599,normal,1691509891.9698458,0.096907640000000003,0.096907640000000003,0.096907640000000003,1691509892.0667534,1691509892.0667534,1691509892.0736053,1691509892.0667534,1691509891.9641597,1691509892.0667534,126887,0,0,0,24421,0.0092837810516357422,
600,normal,1691509892.0668817,0.09671368000000001,0.09671368000000001,0.09671368000000001,1691509892.1635954,1691509892.1635954,1691509892.1654117,1691509892.1635954,1691509892.0667534,1691509892.1635954,126860,0,0,0,24123,0.011742353439331055,
601,normal,1691509892.1637037,0.095648210000000011,0.095648210000000011,0.095648210000000011,1691509892.259352,1691509892.259352,1691509892.2643602,1691509892.259352,1691509892.1635954,1691509892.259352,126788,0,0,0,23800,0.010565280914306641,
602,normal,1691509892.2595406,0.097303390000000003,0.097303390000000003,0.097303390000000003,1691509892.3568439,1691509892.3568439,1691509892.3638847,1691509892.3568439,1691509892.259352,1691509892.3568439,127029,0,0,0,23699,0.0096545219421386719,
603,normal,1691509892.3570516,0.097962570000000013,0.097962570000000013,0.097962570000000013,1691509892.4550142,1691509892.4550142,1691509892.4638824,1691509892.4550142,1691509892.3568439,1691509892.4550142,127037,0,0,0,23510,0.0099585056304931641,
604,normal,1691509892.4551334,0.098735570000000009,0.098735570000000009,0.098735570000000009,1691509892.553869,1691509892.553869,1691509892.5558381,1691509892.553869,1691509892.4550142,1691509892.553869,126992,0,0,0,23349,0.012027502059936523,
605,normal,1691509892.554157,0.10014765,0.10014765,0.10014765,1691509892.6543047,1691509892.6543047,1691509892.6644602,1691509892.6543047,1691509892.553869,1691509892.6543047,127121,0,0,0,23484,0.010592222213745117,
606,normal,1691509892.6545374,0.10186988000000001,0.10186988000000001,0.10186988000000001,1691509892.7564073,1691509892.7564073,1691509892.763881,1691509892.7564073,1691509892.6543047,1691509892.7564073,127092,0,0,0,23863,0.010083436965942383,
607,normal,1691509892.7570093,0.10216819000000001,0.10216819000000001,0.10216819000000001,1691509892.8591774,1691509892.8591774,1691509892.864326,1691509892.8591774,1691509892.7564073,1691509892.8591774,126603,0,0,0,24049,0.0098443031311035156,
608,normal,1691509892.8589087,0.10359355000000001,0.10359355000000001,0.10359355000000001,1691509892.9625022,1691509892.9625022,1691509892.9646854,1691509892.9625022,1691509892.8544817,1691509892.9625022,126712,0,0,0,24141,0.010813713073730469,
609,normal,1691509892.9629467,0.10444353000000001,0.10444353000000001,0.10444353000000001,1691509893.0673902,1691509893.0673902,1691509893.0743887,1691509893.0673902,1691509892.9625022,1691509893.0673902,126901,0,0,0,24232,0.010003566741943359,
610,normal,1691509893.0674403,0.10476589,0.10476589,0.10476589,1691509893.1722062,1691509893.1722062,1691509893.1755028,1691509893.1722062,1691509893.0673902,1691509893.1722062,127071,0,0,0,24429,0.011147975921630859,
611,normal,1691509893.1723416,0.10343581,0.10343581,0.10343581,1691509893.2757773,1691509893.2757773,1691509893.2839592,1691509893.2757773,1691509893.1722062,1691509893.2757773,126980,0,0,0,24529,0.0095031261444091797,
612,normal,1691509893.2756417,0.10147814000000001,0.10147814000000001,0.10147814000000001,1691509893.3771198,1691509893.3771198,1691509893.3840203,1691509893.3771198,1691509893.274456,1691509893.3771198,126807,0,0,0,24260,0.0098626613616943359,
613,normal,1691509893.3770661,0.099270940000000002,0.099270940000000002,0.099270940000000002,1691509893.4763372,1691509893.4763372,1691509893.4842341,1691509893.4763372,1691509893.3741577,1691509893.4763372,126664,0,0,0,24079,0.010376214981079102,
614,normal,1691509893.4761331,0.097668540000000012,0.097668540000000012,0.097668540000000012,1691509893.5738018,1691509893.5738018,1691509893.5753567,1691509893.5738018,1691509893.4738579,1691509893.5738018,126618,0,0,0,23966,0.011466503143310547,
615,normal,1691509893.5736988,0.096654820000000002,0.096654820000000002,0.096654820000000002,1691509893.6703537,1691509893.6703537,1691509893.6739399,1691509893.6703537,1691509893.5638902,1691509893.6703537,126545,0,0,0,23798,0.010021686553955078,
616,normal,1691509893.6705317,0.097052460000000007,0.097052460000000007,0.097052460000000007,1691509893.7675843,1691509893.7675843,1691509893.7741957,1691509893.7675843,1691509893.6703537,1691509893.7675843,126405,0,0,0,23775,0.010142803192138672,
617,normal,1691509893.7676871,0.096547230000000012,0.096547230000000012,0.096547230000000012,1691509893.8642342,1691509893.8642342,1691509893.8739619,1691509893.8642342,1691509893.7675843,1691509893.8642342,126461,0,0,0,23867,0.010056972503662109,
618,normal,1691509893.8646207,0.097460620000000012,0.097460620000000012,0.097460620000000012,1691509893.9620812,1691509893.9620812,1691509893.9649918,1691509893.9620812,1691509893.8642342,1691509893.9620812,126442,0,0,0,23849,0.010421514511108398,
619,normal,1691509893.9618289,0.097070210000000004,0.097070210000000004,0.097070210000000004,1691509894.0588992,1691509894.0588992,1691509894.0641992,1691509894.0588992,1691509893.9545703,1691509894.0588992,126692,0,0,0,23937,0.010176181793212891,
620,normal,1691509894.0593002,0.09928112,0.09928112,0.09928112,1691509894.1585813,1691509894.1585813,1691509894.1640992,1691509894.1585813,1691509894.0588992,1691509894.1585813,126527,0,0,0,23908,0.0097177028656005859,
621,normal,1691509894.158864,0.10030464,0.10030464,0.10030464,1691509894.2591686,1691509894.2591686,1691509894.2643342,1691509894.2591686,1691509894.1585813,1691509894.2591686,126583,0,0,0,23971,0.010217189788818359,
622,normal,1691509894.259203,0.1004656,0.1004656,0.1004656,1691509894.3596685,1691509894.3596685,1691509894.3640594,1691509894.3596685,1691509894.2591686,1691509894.3596685,126585,0,0,0,24126,0.00998687744140625,
623,normal,1691509894.3599546,0.1019457,0.1019457,0.1019457,1691509894.4619002,1691509894.4619002,1691509894.4651895,1691509894.4619002,1691509894.3596685,1691509894.4619002,126656,0,0,0,24116,0.010870695114135742,
624,normal,1691509894.461812,0.10128996000000001,0.10128996000000001,0.10128996000000001,1691509894.563102,1691509894.563102,1691509894.5651362,1691509894.563102,1691509894.4543188,1691509894.563102,126691,0,0,0,24264,0.010914325714111328,
625,normal,1691509894.5634875,0.10212881,0.10212881,0.10212881,1691509894.6656163,1691509894.6656163,1691509894.6740015,1691509894.6656163,1691509894.563102,1691509894.6656163,126566,0,0,0,24312,0.0095462799072265625,
626,normal,1691509894.6656227,0.10114113000000001,0.10114113000000001,0.10114113000000001,1691509894.7667639,1691509894.7667639,1691509894.7741263,1691509894.7667639,1691509894.6656163,1691509894.7667639,126555,0,0,0,24378,0.010134458541870117,
627,normal,1691509894.7668955,0.10134451000000001,0.10134451000000001,0.10134451000000001,1691509894.8682401,1691509894.8682401,1691509894.8744736,1691509894.8682401,1691509894.7667639,1691509894.8682401,126515,0,0,0,24316,0.01045989990234375,
628,normal,1691509894.8679273,0.099554010000000012,0.099554010000000012,0.099554010000000012,1691509894.9674814,1691509894.9674814,1691509894.9745538,1691509894.9674814,1691509894.8640137,1691509894.9674814,126673,0,0,0,24344,0.010426759719848633,
629,normal,1691509894.9679658,0.10079572000000001,0.10079572000000001,0.10079572000000001,1691509895.0687616,1691509895.0687616,1691509895.0741546,1691509895.0687616,1691509894.9674814,1691509895.0687616,126529,0,0,0,24267,0.0098016262054443359,
630,normal,1691509895.0687668,0.099390160000000005,0.099390160000000005,0.099390160000000005,1691509895.1681571,1691509895.1681571,1691509895.1746788,1691509895.1681571,1691509895.0687616,1691509895.1681571,126591,0,0,0,24263,0.010521650314331055,
631,normal,1691509895.1680737,0.099182920000000008,0.099182920000000008,0.099182920000000008,1691509895.2672565,1691509895.2672565,1691509895.2739758,1691509895.2672565,1691509895.1641572,1691509895.2672565,126597,0,0,0,24202,0.0093038082122802734,
632,normal,1691509895.2673643,0.098642550000000009,0.098642550000000009,0.098642550000000009,1691509895.3660069,1691509895.3660069,1691509895.3742678,1691509895.3660069,1691509895.2672565,1691509895.3660069,126892,0,0,0,24142,0.010117053985595703,
633,normal,1691509895.3662348,0.099450350000000007,0.099450350000000007,0.099450350000000007,1691509895.4656851,1691509895.4656851,1691509895.4740567,1691509895.4656851,1691509895.3660069,1691509895.4656851,126871,0,0,0,24098,0.0094206333160400391,
634,normal,1691509895.4657328,0.099558080000000007,0.099558080000000007,0.099558080000000007,1691509895.5652909,1691509895.5652909,1691509895.5740769,1691509895.5652909,1691509895.4656851,1691509895.5652909,126928,0,0,0,24071,0.0098080635070800781,
635,normal,1691509895.5653903,0.099321150000000011,0.099321150000000011,0.099321150000000011,1691509895.6647115,1691509895.6647115,1691509895.6742709,1691509895.6647115,1691509895.5652909,1691509895.6647115,126872,0,0,0,24078,0.010140419006347656,
636,normal,1691509895.6646399,0.09867635000000001,0.09867635000000001,0.09867635000000001,1691509895.7633164,1691509895.7633164,1691509895.7654963,1691509895.7633164,1691509895.6641304,1691509895.7633164,126823,0,0,0,24209,0.010795831680297852,
637,normal,1691509895.7638311,0.10084771000000001,0.10084771000000001,0.10084771000000001,1691509895.8646789,1691509895.8646789,1691509895.8745918,1691509895.8646789,1691509895.7633164,1691509895.8646789,126665,0,0,0,23975,0.010305166244506836,
638,normal,1691509895.8645632,0.10081301000000001,0.10081301000000001,0.10081301000000001,1691509895.9653761,1691509895.9653761,1691509895.9741256,1691509895.9653761,1691509895.8642867,1691509895.9653761,126740,0,0,0,23984,0.0095796585083007812,
639,normal,1691509895.9657326,0.10006050000000001,0.10006050000000001,0.10006050000000001,1691509896.065793,1691509896.065793,1691509896.0742061,1691509896.065793,1691509895.9653761,1691509896.065793,126732,0,0,0,24133,0.0097138881683349609,
640,normal,1691509896.065712,0.099831210000000004,0.099831210000000004,0.099831210000000004,1691509896.1655431,1691509896.1655431,1691509896.1741362,1691509896.1655431,1691509896.0644922,1691509896.1655431,126851,0,0,0,24137,0.0097074508666992188,
641,normal,1691509896.1656451,0.10067239,0.10067239,0.10067239,1691509896.2663176,1691509896.2663176,1691509896.2746394,1691509896.2663176,1691509896.1655431,1691509896.2663176,126796,0,0,0,23740,0.010385036468505859,
642,normal,1691509896.2665503,0.10036328000000001,0.10036328000000001,0.10036328000000001,1691509896.3669136,1691509896.3669136,1691509896.3743412,1691509896.3669136,1691509896.2663176,1691509896.3669136,126795,0,0,0,23703,0.010074615478515625,
643,normal,1691509896.3670063,0.1007629,0.1007629,0.1007629,1691509896.4677691,1691509896.4677691,1691509896.4745078,1691509896.4677691,1691509896.3669136,1691509896.4677691,126914,0,0,0,23563,0.010144472122192383,
644,normal,1691509896.4680092,0.099375950000000005,0.099375950000000005,0.099375950000000005,1691509896.5673852,1691509896.5673852,1691509896.5743282,1691509896.5673852,1691509896.4677691,1691509896.5673852,126908,0,0,0,23738,0.0099098682403564453,
645,normal,1691509896.5672727,0.099488610000000005,0.099488610000000005,0.099488610000000005,1691509896.6667612,1691509896.6667612,1691509896.6742978,1691509896.6667612,1691509896.5644183,1691509896.6667612,126838,0,0,0,23529,0.010008096694946289,
646,normal,1691509896.6670947,0.10032262,0.10032262,0.10032262,1691509896.7674174,1691509896.7674174,1691509896.7743163,1691509896.7674174,1691509896.6667612,1691509896.7674174,126817,0,0,0,23171,0.0097954273223876953,
647,normal,1691509896.7672827,0.099381700000000003,0.099381700000000003,0.099381700000000003,1691509896.8666644,1691509896.8666644,1691509896.8743436,1691509896.8666644,1691509896.7645209,1691509896.8666644,126882,0,0,0,23350,0.010123729705810547,
648,normal,1691509896.8668077,0.099844220000000011,0.099844220000000011,0.099844220000000011,1691509896.9666519,1691509896.9666519,1691509896.9747548,1691509896.9666519,1691509896.8666644,1691509896.9666519,126806,0,0,0,23485,0.010498046875,
649,normal,1691509896.9665928,0.098985840000000005,0.098985840000000005,0.098985840000000005,1691509897.0655787,1691509897.0655787,1691509897.0743012,1691509897.0655787,1691509896.9642568,1691509897.0655787,126953,0,0,0,23692,0.0097064971923828125,
650,normal,1691509897.0657072,0.099894030000000009,0.099894030000000009,0.099894030000000009,1691509897.1656013,1691509897.1656013,1691509897.1742842,1691509897.1656013,1691509897.0655787,1691509897.1656013,126814,0,0,0,23408,0.0096268653869628906,
651,normal,1691509897.1658616,0.099927880000000011,0.099927880000000011,0.099927880000000011,1691509897.2657895,1691509897.2657895,1691509897.2744029,1691509897.2657895,1691509897.1656013,1691509897.2657895,126843,0,0,0,23316,0.0098171234130859375,
652,normal,1691509897.2658353,0.10042278,0.10042278,0.10042278,1691509897.3662581,1691509897.3662581,1691509897.3747509,1691509897.3662581,1691509897.2657895,1691509897.3662581,126700,0,0,0,23247,0.010372638702392578,
653,normal,1691509897.3665199,0.10054208000000001,0.10054208000000001,0.10054208000000001,1691509897.467062,1691509897.467062,1691509897.4743638,1691509897.467062,1691509897.3662581,1691509897.467062,126675,0,0,0,23116,0.010011911392211914,
654,normal,1691509897.467068,0.098220790000000002,0.098220790000000002,0.098220790000000002,1691509897.5652888,1691509897.5652888,1691509897.5748649,1691509897.5652888,1691509897.467062,1691509897.5652888,126740,0,0,0,23323,0.010444402694702148,
655,normal,1691509897.565361,0.099261640000000012,0.099261640000000012,0.099261640000000012,1691509897.6646225,1691509897.6646225,1691509897.6668282,1691509897.6646225,1691509897.5652888,1691509897.6646225,126730,0,0,0,23152,0.012414216995239258,
656,normal,1691509897.6651585,0.10010450000000001,0.10010450000000001,0.10010450000000001,1691509897.7652631,1691509897.7652631,1691509897.7747016,1691509897.7652631,1691509897.6646225,1691509897.7652631,126654,0,0,0,22806,0.010270118713378906,
657,normal,1691509897.7649536,0.10018640000000001,0.10018640000000001,0.10018640000000001,1691509897.86514,1691509897.86514,1691509897.8750484,1691509897.86514,1691509897.7644315,1691509897.86514,126708,0,0,0,22636,0.01056361198425293,
658,normal,1691509897.8652744,0.10006743000000001,0.10006743000000001,0.10006743000000001,1691509897.9653418,1691509897.9653418,1691509897.9749799,1691509897.9653418,1691509897.86514,1691509897.9653418,126679,0,0,0,22804,0.010613918304443359,
659,normal,1691509897.9657488,0.099973610000000004,0.099973610000000004,0.099973610000000004,1691509898.0657225,1691509898.0657225,1691509898.0744333,1691509898.0657225,1691509897.9653418,1691509898.0657225,126731,0,0,0,22934,0.010037422180175781,
660,normal,1691509898.0654125,0.099894830000000004,0.099894830000000004,0.099894830000000004,1691509898.1653073,1691509898.1653073,1691509898.1745079,1691509898.1653073,1691509898.0643959,1691509898.1653073,126781,0,0,0,23102,0.010072469711303711,
661,normal,1691509898.1655238,0.10013330000000001,0.10013330000000001,0.10013330000000001,1691509898.2656572,1691509898.2656572,1691509898.2744591,1691509898.2656572,1691509898.1653073,1691509898.2656572,126817,0,0,0,23285,0.0098950862884521484,
662,normal,1691509898.2657776,0.099967900000000012,0.099967900000000012,0.099967900000000012,1691509898.3657455,1691509898.3657455,1691509898.3744447,1691509898.3657455,1691509898.2656572,1691509898.3657455,126871,0,0,0,23695,0.0097827911376953125,
663,normal,1691509898.36573,0.10005171,0.10005171,0.10005171,1691509898.4657817,1691509898.4657817,1691509898.4744701,1691509898.4657817,1691509898.3646619,1691509898.4657817,126844,0,0,0,23833,0.0096421241760253906,
664,normal,1691509898.465903,0.09924065,0.09924065,0.09924065,1691509898.5651436,1691509898.5651436,1691509898.5748978,1691509898.5651436,1691509898.4657817,1691509898.5651436,126901,0,0,0,24123,0.010482072830200195,
665,normal,1691509898.5652089,0.098930030000000002,0.098930030000000002,0.098930030000000002,1691509898.664139,1691509898.664139,1691509898.666003,1691509898.664139,1691509898.5651436,1691509898.664139,126862,0,0,0,24368,0.011550426483154297,
666,normal,1691509898.6643584,0.098748010000000011,0.098748010000000011,0.098748010000000011,1691509898.7631063,1691509898.7631063,1691509898.7666447,1691509898.7631063,1691509898.664139,1691509898.7631063,126938,0,0,0,23776,0.012091398239135742,
667,normal,1691509898.7632391,0.10013504000000001,0.10013504000000001,0.10013504000000001,1691509898.8633742,1691509898.8633742,1691509898.8651557,1691509898.8633742,1691509898.7631063,1691509898.8633742,126859,0,0,0,22887,0.010643482208251953,
668,normal,1691509898.8635249,0.10002756,0.10002756,0.10002756,1691509898.9635525,1691509898.9635525,1691509898.9654679,1691509898.9635525,1691509898.8633742,1691509898.9635525,126764,0,0,0,22255,0.010859966278076172,
669,normal,1691509898.9637856,0.10093442000000001,0.10093442000000001,0.10093442000000001,1691509899.0647202,1691509899.0647202,1691509899.0664628,1691509899.0647202,1691509898.9635525,1691509899.0647202,126606,0,0,0,21751,0.011937379837036133,
670,normal,1691509899.0648246,0.10095282000000001,0.10095282000000001,0.10095282000000001,1691509899.1657774,1691509899.1657774,1691509899.1745269,1691509899.1657774,1691509899.0647202,1691509899.1657774,126582,0,0,0,21493,0.0099043846130371094,
671,normal,1691509899.1657987,0.10157486,0.10157486,0.10157486,1691509899.2673736,1691509899.2673736,1691509899.2744229,1691509899.2673736,1691509899.1657774,1691509899.2673736,126472,0,0,0,21305,0.0096983909606933594,
672,normal,1691509899.2676768,0.10165408000000001,0.10165408000000001,0.10165408000000001,1691509899.3693309,1691509899.3693309,1691509899.3745024,1691509899.3693309,1691509899.2673736,1691509899.3693309,126366,0,0,0,21225,0.0095913410186767578,
673,normal,1691509899.3693063,0.10183152000000001,0.10183152000000001,0.10183152000000001,1691509899.4711378,1691509899.4711378,1691509899.4746535,1691509899.4711378,1691509899.3649111,1691509899.4711378,126525,0,0,0,21187,0.0094139575958251953,
674,normal,1691509899.4712198,0.10043925000000001,0.10043925000000001,0.10043925000000001,1691509899.5716591,1691509899.5716591,1691509899.5751212,1691509899.5716591,1691509899.4711378,1691509899.5716591,126890,0,0,0,21249,0.010494470596313477,
675,normal,1691509899.5716052,0.09946141,0.09946141,0.09946141,1691509899.6710665,1691509899.6710665,1691509899.6746297,1691509899.6710665,1691509899.5646267,1691509899.6710665,126959,0,0,0,21442,0.0094058513641357422,
676,normal,1691509899.6711562,0.099441060000000012,0.099441060000000012,0.099441060000000012,1691509899.7705972,1691509899.7705972,1691509899.774632,1691509899.7705972,1691509899.6710665,1691509899.7705972,126914,0,0,0,21597,0.0098345279693603516,
677,normal,1691509899.770674,0.098723600000000009,0.098723600000000009,0.096898590000000007,1691509899.8693976,1691509899.8693976,1691509899.8746855,1691509899.8693976,1691509899.7705972,1691509899.8693976,126962,0,0,0,21597,0.0094721317291259766,
678,normal,1691509899.8694673,0.098363590000000001,0.098363590000000001,0.093955200000000003,1691509899.9678309,1691509899.9678309,1691509899.9747012,1691509899.9678309,1691509899.8693976,1691509899.9678309,126918,0,0,0,21574,0.009586334228515625,
679,normal,1691509899.9679556,0.097467740000000011,0.097467740000000011,0.091797400000000001,1691509900.0654233,1691509900.0654233,1691509900.0746212,1691509900.0654233,1691509899.9678309,1691509900.0654233,126912,0,0,0,21656,0.0099873542785644531,
680,normal,1691509900.0652096,0.096719860000000005,0.096719860000000005,0.091250850000000008,1691509900.1619294,1691509900.1619294,1691509900.166024,1691509900.1619294,1691509900.0646338,1691509900.1619294,126908,0,0,0,21759,0.011178970336914062,
681,normal,1691509900.1620915,0.096623620000000007,0.096623620000000007,0.09310649,1691509900.2587152,1691509900.2587152,1691509900.2646933,1691509900.2587152,1691509900.1619294,1691509900.2587152,126875,0,0,0,21760,0.010000467300415039,
682,normal,1691509900.2589698,0.097854240000000009,0.097854240000000009,0.095080620000000005,1691509900.3568239,1691509900.3568239,1691509900.3649788,1691509900.3568239,1691509900.2587152,1691509900.3568239,126929,0,0,0,21531,0.010321140289306641,
683,normal,1691509900.3569121,0.098416140000000013,0.098416140000000013,0.096579850000000009,1691509900.4553282,1691509900.4553282,1691509900.4652588,1691509900.4553282,1691509900.3568239,1691509900.4553282,126903,0,0,0,21583,0.010565519332885742,
684,normal,1691509900.4555106,0.099947160000000007,0.099947160000000007,0.099947160000000007,1691509900.5554578,1691509900.5554578,1691509900.5647063,1691509900.5554578,1691509900.4553282,1691509900.5554578,127082,0,0,0,21314,0.010020017623901367,
685,normal,1691509900.5558493,0.10082480000000001,0.10082480000000001,0.10082480000000001,1691509900.6566741,1691509900.6566741,1691509900.6650603,1691509900.6566741,1691509900.5554578,1691509900.6566741,127013,0,0,0,20737,0.01034092903137207,
686,normal,1691509900.6567702,0.10146329000000001,0.10146329000000001,0.10146329000000001,1691509900.7582335,1691509900.7582335,1691509900.765224,1691509900.7582335,1691509900.6566741,1691509900.7582335,126879,0,0,0,20077,0.010497093200683594,
687,normal,1691509900.7583811,0.10239232000000001,0.10239232000000001,0.10239232000000001,1691509900.8607736,1691509900.8607736,1691509900.8646622,1691509900.8607736,1691509900.7582335,1691509900.8607736,126823,0,0,0,19327,0.0097599029541015625,
688,normal,1691509900.8614724,0.10321576,0.10321576,0.10321576,1691509900.9646881,1691509900.9646881,1691509900.9661121,1691509900.9646881,1691509900.8607736,1691509900.9646881,126844,0,0,0,19111,0.011136531829833984,
689,normal,1691509900.9644799,0.10383962000000001,0.10383962000000001,0.10383962000000001,1691509901.0683196,1691509901.0683196,1691509901.0747859,1691509901.0683196,1691509900.9549756,1691509901.0683196,126701,0,0,0,18928,0.010042667388916016,
690,normal,1691509901.0687072,0.10512324000000001,0.10512324000000001,0.10512324000000001,1691509901.1738305,1691509901.1738305,1691509901.1756687,1691509901.1738305,1691509901.0683196,1691509901.1738305,126481,0,0,0,19305,0.010912418365478516,
691,normal,1691509901.1736088,0.10183197000000001,0.10183197000000001,0.10183197000000001,1691509901.2754407,1691509901.2754407,1691509901.2850983,1691509901.2754407,1691509901.1647563,1691509901.2754407,126848,0,0,0,19302,0.010301113128662109,
692,normal,1691509901.275286,0.099825510000000006,0.099825510000000006,0.099825510000000006,1691509901.3751116,1691509901.3751116,1691509901.3768482,1691509901.3751116,1691509901.2747972,1691509901.3751116,126950,0,0,0,19616,0.012084484100341797,
693,normal,1691509901.3749285,0.098348970000000008,0.098348970000000008,0.098348970000000008,1691509901.4732773,1691509901.4732773,1691509901.47663,1691509901.4732773,1691509901.3647637,1691509901.4732773,126971,0,0,0,19914,0.011842966079711914,
694,normal,1691509901.4733536,0.097930420000000004,0.097930420000000004,0.097548160000000009,1691509901.5712841,1691509901.5712841,1691509901.5747397,1691509901.5712841,1691509901.4732773,1691509901.5712841,127015,0,0,0,20319,0.0098588466644287109,
695,normal,1691509901.5713336,0.097830760000000003,0.097830760000000003,0.095164590000000007,1691509901.6691644,1691509901.6691644,1691509901.6748562,1691509901.6691644,1691509901.5712841,1691509901.6691644,127067,0,0,0,20615,0.0098092555999755859,
696,normal,1691509901.6692586,0.097632770000000008,0.097632770000000008,0.092972990000000005,1691509901.7668915,1691509901.7668915,1691509901.7748747,1691509901.7668915,1691509901.6691644,1691509901.7668915,127058,0,0,0,20832,0.010087490081787109,
697,normal,1691509901.7669771,0.097537510000000008,0.097537510000000008,0.091153830000000005,1691509901.8645146,1691509901.8645146,1691509901.8663347,1691509901.8645146,1691509901.7668915,1691509901.8645146,127022,0,0,0,20926,0.011527061462402344,
698,normal,1691509901.86464,0.097248940000000006,0.097248940000000006,0.090027740000000009,1691509901.961889,1691509901.961889,1691509901.965364,1691509901.961889,1691509901.8645146,1691509901.961889,127044,0,0,0,20984,0.010573148727416992,
699,normal,1691509901.9620004,0.09672217000000001,0.09672217000000001,0.090118240000000002,1691509902.0587225,1691509902.0587225,1691509902.0650632,1691509902.0587225,1691509901.961889,1691509902.0587225,127040,0,0,0,21093,0.010232925415039062,
700,normal,1691509902.058712,0.097303250000000008,0.097303250000000008,0.091772530000000005,1691509902.1560152,1691509902.1560152,1691509902.1649017,1691509902.1560152,1691509902.0548303,1691509902.1560152,127075,0,0,0,21097,0.0099017620086669922,
701,normal,1691509902.1562357,0.098296130000000009,0.098296130000000009,0.09444197,1691509902.2545319,1691509902.2545319,1691509902.2567255,1691509902.2545319,1691509902.1560152,1691509902.2545319,127045,0,0,0,21147,0.011858940124511719,
702,normal,1691509902.2548025,0.099311450000000009,0.099311450000000009,0.096589660000000008,1691509902.3541138,1691509902.3541138,1691509902.356611,1691509902.3541138,1691509902.2545319,1691509902.3541138,127077,0,0,0,21136,0.011337518692016602,
703,normal,1691509902.3547158,0.10035344,0.10035344,0.09907160000000001,1691509902.4550693,1691509902.4550693,1691509902.4567838,1691509902.4550693,1691509902.3541138,1691509902.4550693,127187,0,0,0,20748,0.011854410171508789,
704,normal,1691509902.4548838,0.10133887000000001,0.10133887000000001,0.10133887000000001,1691509902.5562227,1691509902.5562227,1691509902.5649288,1691509902.5562227,1691509902.4449294,1691509902.5562227,127199,0,0,0,20085,0.0098567008972167969,
705,normal,1691509902.5563769,0.10222624000000001,0.10222624000000001,0.10222624000000001,1691509902.6586032,1691509902.6586032,1691509902.6655965,1691509902.6586032,1691509902.5562227,1691509902.6586032,127074,0,0,0,19185,0.010694026947021484,
706,normal,1691509902.6587789,0.10258241000000001,0.10258241000000001,0.10258241000000001,1691509902.7613614,1691509902.7613614,1691509902.7651689,1691509902.7613614,1691509902.6586032,1691509902.7613614,126908,0,0,0,18414,0.0096914768218994141,
707,normal,1691509902.7615547,0.10222931,0.10222931,0.10222931,1691509902.8637841,1691509902.8637841,1691509902.8656757,1691509902.8637841,1691509902.7613614,1691509902.8637841,126847,0,0,0,18228,0.010825872421264648,
708,normal,1691509902.8637934,0.10251563000000001,0.10251563000000001,0.10251563000000001,1691509902.9663091,1691509902.9663091,1691509902.9748647,1691509902.9663091,1691509902.8637841,1691509902.9663091,126796,0,0,0,18492,0.0097284317016601562,
709,normal,1691509902.9663649,0.10308937,0.10308937,0.10308937,1691509903.0694542,1691509903.0694542,1691509903.0749054,1691509903.0694542,1691509902.9663091,1691509903.0694542,126566,0,0,0,18826,0.0097928047180175781,
710,normal,1691509903.069665,0.10227337,0.10227337,0.10227337,1691509903.1719384,1691509903.1719384,1691509903.1754427,1691509903.1719384,1691509903.0694542,1691509903.1719384,126438,0,0,0,19270,0.010488986968994141,
711,normal,1691509903.1719251,0.10118178000000001,0.10118178000000001,0.10118178000000001,1691509903.2731068,1691509903.2731068,1691509903.2759483,1691509903.2731068,1691509903.1649537,1691509903.2731068,126388,0,0,0,19819,0.010401725769042969,
712,normal,1691509903.2731285,0.10037744000000001,0.10037744000000001,0.10037744000000001,1691509903.3735058,1691509903.3735058,1691509903.3767591,1691509903.3735058,1691509903.2731068,1691509903.3735058,126437,0,0,0,20533,0.011727094650268555,
713,normal,1691509903.3736315,0.099417450000000004,0.099417450000000004,0.099417450000000004,1691509903.4730489,1691509903.4730489,1691509903.4762042,1691509903.4730489,1691509903.3735058,1691509903.4730489,126686,0,0,0,21123,0.010575294494628906,
714,normal,1691509903.4731679,0.098637760000000005,0.098637760000000005,0.098637760000000005,1691509903.5718057,1691509903.5718057,1691509903.5751278,1691509903.5718057,1691509903.4730489,1691509903.5718057,126815,0,0,0,21408,0.0099334716796875,
715,normal,1691509903.5717893,0.098356580000000013,0.098356580000000013,0.098356580000000013,1691509903.6701458,1691509903.6701458,1691509903.6749485,1691509903.6701458,1691509903.5651944,1691509903.6701458,127003,0,0,0,21376,0.0097844600677490234,
716,normal,1691509903.6702597,0.097698010000000002,0.097698010000000002,0.097698010000000002,1691509903.7679577,1691509903.7679577,1691509903.7751822,1691509903.7679577,1691509903.6701458,1691509903.7679577,127064,0,0,0,21191,0.010045051574707031,
717,normal,1691509903.7679212,0.097669610000000004,0.097669610000000004,0.097669610000000004,1691509903.8655908,1691509903.8655908,1691509903.8750455,1691509903.8655908,1691509903.7651372,1691509903.8655908,127094,0,0,0,20976,0.0099389553070068359,
718,normal,1691509903.865612,0.097587000000000007,0.097587000000000007,0.097491960000000003,1691509903.9631991,1691509903.9631991,1691509903.9664204,1691509903.9631991,1691509903.8655908,1691509903.9631991,127123,0,0,0,20984,0.01131439208984375,
719,normal,1691509903.9633186,0.097613900000000003,0.097613900000000003,0.097613900000000003,1691509904.0609324,1691509904.0609324,1691509904.0650468,1691509904.0609324,1691509903.9631991,1691509904.0609324,127146,0,0,0,21001,0.0097622871398925781,
720,normal,1691509904.0610132,0.098279280000000011,0.098279280000000011,0.098279280000000011,1691509904.1592925,1691509904.1592925,1691509904.1651297,1691509904.1592925,1691509904.0609324,1691509904.1592925,127174,0,0,0,20643,0.009857177734375,
721,normal,1691509904.1595347,0.099153340000000006,0.099153340000000006,0.099153340000000006,1691509904.258688,1691509904.258688,1691509904.2654431,1691509904.258688,1691509904.1592925,1691509904.258688,127219,0,0,0,20214,0.010350227355957031,
722,normal,1691509904.2588727,0.10008996000000001,0.10008996000000001,0.10008996000000001,1691509904.3589628,1691509904.3589628,1691509904.3651743,1691509904.3589628,1691509904.258688,1691509904.3589628,127010,0,0,0,19863,0.010085582733154297,
723,normal,1691509904.3592741,0.10101217000000001,0.10101217000000001,0.10101217000000001,1691509904.4602864,1691509904.4602864,1691509904.4655187,1691509904.4602864,1691509904.3589628,1691509904.4602864,127004,0,0,0,19786,0.010303735733032227,
724,normal,1691509904.4605095,0.10172930000000001,0.10172930000000001,0.10172930000000001,1691509904.5622389,1691509904.5622389,1691509904.5662539,1691509904.5622389,1691509904.4602864,1691509904.5622389,126833,0,0,0,19557,0.011102199554443359,
725,normal,1691509904.5624535,0.10222885000000001,0.10222885000000001,0.10222885000000001,1691509904.6646824,1691509904.6646824,1691509904.6664898,1691509904.6646824,1691509904.5622389,1691509904.6646824,126676,0,0,0,19332,0.010875463485717773,
726,normal,1691509904.6648147,0.10253134000000001,0.10253134000000001,0.10253134000000001,1691509904.7673461,1691509904.7673461,1691509904.7757678,1691509904.7673461,1691509904.6646824,1691509904.7673461,126535,0,0,0,19271,0.010467052459716797,
727,normal,1691509904.7673364,0.10204975000000001,0.10204975000000001,0.10204975000000001,1691509904.8693862,1691509904.8693862,1691509904.8753295,1691509904.8693862,1691509904.7653008,1691509904.8693862,126719,0,0,0,19423,0.010066986083984375,
728,normal,1691509904.8695114,0.10104055000000001,0.10104055000000001,0.10104055000000001,1691509904.970552,1691509904.970552,1691509904.9754667,1691509904.970552,1691509904.8693862,1691509904.970552,126772,0,0,0,19728,0.01013636589050293,
729,normal,1691509904.9706664,0.10010996000000001,0.10010996000000001,0.10010996000000001,1691509905.0707765,1691509905.0707765,1691509905.0757227,1691509905.0707765,1691509904.970552,1691509905.0707765,126812,0,0,0,20070,0.010527133941650391,
730,normal,1691509905.0705557,0.099391699999999999,0.099391699999999999,0.099391699999999999,1691509905.1699474,1691509905.1699474,1691509905.1751375,1691509905.1699474,1691509905.0651956,1691509905.1699474,126803,0,0,0,20289,0.0094127655029296875,
731,normal,1691509905.1700528,0.098794160000000006,0.098794160000000006,0.098794160000000006,1691509905.268847,1691509905.268847,1691509905.2753778,1691509905.268847,1691509905.1699474,1691509905.268847,126945,0,0,0,20400,0.010059833526611328,
732,normal,1691509905.268925,0.098333590000000012,0.098333590000000012,0.098333590000000012,1691509905.3672585,1691509905.3672585,1691509905.3753793,1691509905.3672585,1691509905.268847,1691509905.3672585,127017,0,0,0,20492,0.0099933147430419922,
733,normal,1691509905.3672631,0.098346430000000012,0.098346430000000012,0.098346430000000012,1691509905.4656096,1691509905.4656096,1691509905.4751489,1691509905.4656096,1691509905.3672585,1691509905.4656096,126982,0,0,0,20637,0.0097553730010986328,
734,normal,1691509905.4658408,0.098300500000000013,0.098300500000000013,0.098300500000000013,1691509905.5641413,1691509905.5641413,1691509905.5659034,1691509905.5641413,1691509905.4656096,1691509905.5641413,127053,0,0,0,20914,0.010487079620361328,
735,normal,1691509905.5642254,0.098546330000000001,0.098546330000000001,0.098546330000000001,1691509905.6627717,1691509905.6627717,1691509905.6657877,1691509905.6627717,1691509905.5641413,1691509905.6627717,127056,0,0,0,21332,0.01031184196472168,
736,normal,1691509905.6629577,0.099810080000000009,0.099810080000000009,0.099810080000000009,1691509905.7627678,1691509905.7627678,1691509905.7661726,1691509905.7627678,1691509905.6627717,1691509905.7627678,127044,0,0,0,21771,0.010720968246459961,
737,normal,1691509905.7628872,0.10036539000000001,0.10036539000000001,0.10036539000000001,1691509905.8632526,1691509905.8632526,1691509905.8668237,1691509905.8632526,1691509905.7627678,1691509905.8632526,127025,0,0,0,22188,0.010896205902099609,
738,normal,1691509905.8633411,0.10076673000000001,0.10076673000000001,0.10076673000000001,1691509905.9641078,1691509905.9641078,1691509905.9660189,1691509905.9641078,1691509905.8632526,1691509905.9641078,127119,0,0,0,22721,0.010882139205932617,
739,normal,1691509905.9643564,0.10047584000000001,0.10047584000000001,0.10047584000000001,1691509906.0648322,1691509906.0648322,1691509906.0665953,1691509906.0648322,1691509905.9641078,1691509906.0648322,127181,0,0,0,23339,0.010868310928344727,
740,normal,1691509906.0647752,0.10052666,0.10052666,0.10052666,1691509906.1653018,1691509906.1653018,1691509906.1673572,1691509906.1653018,1691509906.055727,1691509906.1653018,127124,0,0,0,23134,0.01196742057800293,
741,normal,1691509906.1656475,0.10097693000000001,0.10097693000000001,0.10097693000000001,1691509906.2666245,1691509906.2666245,1691509906.2753935,1691509906.2666245,1691509906.1653018,1691509906.2666245,127123,0,0,0,22876,0.0098497867584228516,
742,normal,1691509906.2666273,0.10077177000000001,0.10077177000000001,0.10077177000000001,1691509906.367399,1691509906.367399,1691509906.3755867,1691509906.367399,1691509906.2666245,1691509906.367399,127034,0,0,0,22791,0.010239124298095703,
743,normal,1691509906.3673689,0.10024902000000001,0.10024902000000001,0.10024902000000001,1691509906.467618,1691509906.467618,1691509906.4759848,1691509906.467618,1691509906.3653476,1691509906.467618,127025,0,0,0,22680,0.010572195053100586,
744,normal,1691509906.4679031,0.099836060000000004,0.099836060000000004,0.099836060000000004,1691509906.5677392,1691509906.5677392,1691509906.5757821,1691509906.5677392,1691509906.467618,1691509906.5677392,127005,0,0,0,22651,0.010354518890380859,
745,normal,1691509906.5677059,0.099190590000000009,0.099190590000000009,0.099190590000000009,1691509906.6668963,1691509906.6668963,1691509906.6752253,1691509906.6668963,1691509906.5654275,1691509906.6668963,126961,0,0,0,22813,0.0094237327575683594,
746,normal,1691509906.666991,0.099418190000000004,0.099418190000000004,0.099418190000000004,1691509906.7664092,1691509906.7664092,1691509906.7753162,1691509906.7664092,1691509906.6668963,1691509906.7664092,126912,0,0,0,23230,0.010034322738647461,
747,normal,1691509906.7665231,0.099403480000000002,0.099403480000000002,0.099403480000000002,1691509906.8659265,1691509906.8659265,1691509906.8757849,1691509906.8659265,1691509906.7664092,1691509906.8659265,126884,0,0,0,23190,0.010369300842285156,
748,normal,1691509906.8658504,0.10021512,0.10021512,0.10021512,1691509906.9660656,1691509906.9660656,1691509906.9759746,1691509906.9660656,1691509906.8654156,1691509906.9660656,126885,0,0,0,22242,0.010686159133911133,
749,normal,1691509906.9662094,0.099672350000000007,0.099672350000000007,0.099672350000000007,1691509907.0658817,1691509907.0658817,1691509907.0757358,1691509907.0658817,1691509906.9660656,1691509907.0658817,126878,0,0,0,21623,0.010301113128662109,
750,normal,1691509907.0660181,0.099610910000000011,0.099610910000000011,0.099610910000000011,1691509907.1656289,1691509907.1656289,1691509907.1755047,1691509907.1656289,1691509907.0658817,1691509907.1656289,126889,0,0,0,21276,0.01005864143371582,
751,normal,1691509907.1661263,0.099315580000000001,0.099315580000000001,0.099315580000000001,1691509907.2654419,1691509907.2654419,1691509907.266856,1691509907.2654419,1691509907.1656289,1691509907.2654419,126903,0,0,0,21079,0.011534690856933594,
752,normal,1691509907.2651088,0.099203570000000005,0.099203570000000005,0.099203570000000005,1691509907.3643124,1691509907.3643124,1691509907.3662496,1691509907.3643124,1691509907.2553213,1691509907.3643124,126942,0,0,0,20806,0.010792970657348633,
753,normal,1691509907.3644605,0.099891640000000004,0.099891640000000004,0.099891640000000004,1691509907.4643521,1691509907.4643521,1691509907.4662249,1691509907.4643521,1691509907.3643124,1691509907.4643521,127007,0,0,0,20382,0.010702133178710938,
754,normal,1691509907.4645345,0.10089208000000001,0.10089208000000001,0.10089208000000001,1691509907.5654266,1691509907.5654266,1691509907.5674238,1691509907.5654266,1691509907.4643521,1691509907.5654266,127069,0,0,0,19781,0.012094974517822266,
755,normal,1691509907.5656564,0.10132265,0.10132265,0.10132265,1691509907.6669791,1691509907.6669791,1691509907.6755433,1691509907.6669791,1691509907.5654266,1691509907.6669791,127070,0,0,0,19422,0.0097258090972900391,
756,normal,1691509907.6670024,0.10061050000000001,0.10061050000000001,0.10061050000000001,1691509907.7676129,1691509907.7676129,1691509907.7760015,1691509907.7676129,1691509907.6669791,1691509907.7676129,127039,0,0,0,19094,0.010529518127441406,
757,normal,1691509907.7678013,0.09998209000000001,0.09998209000000001,0.09998209000000001,1691509907.8677833,1691509907.8677833,1691509907.8758771,1691509907.8677833,1691509907.7676129,1691509907.8677833,126975,0,0,0,18719,0.010324001312255859,
758,normal,1691509907.8679147,0.099691930000000012,0.099691930000000012,0.099691930000000012,1691509907.9676065,1691509907.9676065,1691509907.9757826,1691509907.9676065,1691509907.8677833,1691509907.9676065,126984,0,0,0,18360,0.010207891464233398,
759,normal,1691509907.9675899,0.099908110000000008,0.099908110000000008,0.099908110000000008,1691509908.067498,1691509908.067498,1691509908.0758796,1691509908.067498,1691509907.9655747,1691509908.067498,124745,0,0,0,17885,0.01033782958984375,
760,normal,1691509908.0676165,0.099918570000000012,0.099918570000000012,0.099918570000000012,1691509908.1675351,1691509908.1675351,1691509908.1758161,1691509908.1675351,1691509908.067498,1691509908.1675351,120522,0,0,0,17588,0.010290384292602539,
761,normal,1691509908.1676028,0.099827920000000001,0.099827920000000001,0.099827920000000001,1691509908.2674308,1691509908.2674308,1691509908.2758305,1691509908.2674308,1691509908.1675351,1691509908.2674308,117267,0,0,0,17405,0.010146617889404297,
762,normal,1691509908.2676346,0.099600940000000013,0.099600940000000013,0.099600940000000013,1691509908.3672357,1691509908.3672357,1691509908.3755078,1691509908.3672357,1691509908.2674308,1691509908.3672357,114761,0,0,0,17247,0.0094387531280517578,
763,normal,1691509908.3672433,0.099401650000000008,0.099401650000000008,0.099401650000000008,1691509908.466645,1691509908.466645,1691509908.4756198,1691509908.466645,1691509908.3672357,1691509908.466645,112570,0,0,0,17035,0.010056018829345703,
764,normal,1691509908.4666874,0.099133370000000012,0.099133370000000012,0.099133370000000012,1691509908.5658207,1691509908.5658207,1691509908.5757444,1691509908.5658207,1691509908.466645,1691509908.5658207,109619,0,0,0,16890,0.010141849517822266,
765,normal,1691509908.5658381,0.099389630000000007,0.099389630000000007,0.099389630000000007,1691509908.6652277,1691509908.6652277,1691509908.6671495,1691509908.6652277,1691509908.5658207,1691509908.6652277,105960,0,0,0,16782,0.011527061462402344,
766,normal,1691509908.6654966,0.099718430000000011,0.099718430000000011,0.099718430000000011,1691509908.7652149,1691509908.7652149,1691509908.767077,1691509908.7652149,1691509908.6652277,1691509908.7652149,101710,0,0,0,16733,0.01144862174987793,
767,normal,1691509908.7653913,0.099894690000000008,0.099894690000000008,0.099894690000000008,1691509908.8652861,1691509908.8652861,1691509908.8670037,1691509908.8652861,1691509908.7652149,1691509908.8652861,98117,0,0,0,16646,0.011342287063598633,
768,normal,1691509908.8653619,0.099798170000000005,0.099798170000000005,0.099798170000000005,1691509908.9651601,1691509908.9651601,1691509908.9670644,1691509908.9651601,1691509908.8652861,1691509908.9651601,94959,0,0,0,16528,0.010842084884643555,
769,normal,1691509908.9652386,0.099908560000000007,0.099908560000000007,0.099908560000000007,1691509909.0651472,1691509909.0651472,1691509909.0671859,1691509909.0651472,1691509908.9651601,1691509909.0651472,92747,0,0,0,16339,0.010949373245239258,
770,normal,1691509909.065316,0.10030152000000001,0.10030152000000001,0.10030152000000001,1691509909.1656175,1691509909.1656175,1691509909.1674767,1691509909.1656175,1691509909.0651472,1691509909.1656175,91554,0,0,0,16288,0.011839628219604492,
771,normal,1691509909.1657612,0.10049713,0.10049713,0.10049713,1691509909.2662585,1691509909.2662585,1691509909.2761724,1691509909.2662585,1691509909.1656175,1691509909.2662585,91015,0,0,0,16289,0.010529041290283203,
772,normal,1691509909.2663002,0.10043614000000001,0.10043614000000001,0.10043614000000001,1691509909.3667364,1691509909.3667364,1691509909.3756981,1691509909.3667364,1691509909.2662585,1691509909.3667364,91216,0,0,0,16339,0.0099711418151855469,
773,normal,1691509909.3668818,0.10024754000000001,0.10024754000000001,0.10024754000000001,1691509909.4671295,1691509909.4671295,1691509909.4757097,1691509909.4671295,1691509909.3667364,1691509909.4671295,92139,0,0,0,16326,0.0097081661224365234,
774,normal,1691509909.4671319,0.099836510000000003,0.099836510000000003,0.099836510000000003,1691509909.5669684,1691509909.5669684,1691509909.575722,1691509909.5669684,1691509909.4671295,1691509909.5669684,93526,0,0,0,16283,0.0097982883453369141,
775,normal,1691509909.567101,0.099600680000000011,0.099600680000000011,0.099600680000000011,1691509909.6667018,1691509909.6667018,1691509909.6757596,1691509909.6667018,1691509909.5669684,1691509909.6667018,95389,0,0,0,16278,0.010076284408569336,
776,normal,1691509909.6668129,0.099538100000000004,0.099538100000000004,0.099538100000000004,1691509909.766351,1691509909.766351,1691509909.7760315,1691509909.766351,1691509909.6667018,1691509909.766351,97618,0,0,0,16337,0.010317087173461914,
777,normal,1691509909.7663555,0.099685920000000011,0.099685920000000011,0.099685920000000011,1691509909.8660414,1691509909.8660414,1691509909.8759522,1691509909.8660414,1691509909.766351,1691509909.8660414,100631,0,0,0,16541,0.010223865509033203,
778,normal,1691509909.8661978,0.099872930000000013,0.099872930000000013,0.099872930000000013,1691509909.9660707,1691509909.9660707,1691509909.9759417,1691509909.9660707,1691509909.8660414,1691509909.9660707,104211,0,0,0,16725,0.0102386474609375,
779,normal,1691509909.9661653,0.099601020000000012,0.099601020000000012,0.099601020000000012,1691509910.0657663,1691509910.0657663,1691509910.067699,1691509910.0657663,1691509909.9660707,1691509910.0657663,107967,0,0,0,16942,0.012049198150634766,
780,normal,1691509910.0659454,0.09980116,0.09980116,0.09980116,1691509910.1657465,1691509910.1657465,1691509910.1676917,1691509910.1657465,1691509910.0657663,1691509910.1657465,111296,0,0,0,17047,0.011935710906982422,
781,normal,1691509910.1659327,0.099826190000000009,0.099826190000000009,0.099826190000000009,1691509910.2657588,1691509910.2657588,1691509910.2679756,1691509910.2657588,1691509910.1657465,1691509910.2657588,115000,0,0,0,17008,0.01213383674621582,
782,normal,1691509910.2658992,0.10000919000000001,0.10000919000000001,0.10000919000000001,1691509910.3659084,1691509910.3659084,1691509910.3679187,1691509910.3659084,1691509910.2657588,1691509910.3659084,119980,0,0,0,17155,0.012070178985595703,
783,normal,1691509910.3660636,0.10018194000000001,0.10018194000000001,0.10018194000000001,1691509910.4662457,1691509910.4662457,1691509910.4760656,1691509910.4662457,1691509910.3659084,1691509910.4662457,126164,0,0,0,17481,0.01017451286315918,
784,normal,1691509910.4666054,0.099780650000000012,0.099780650000000012,0.099780650000000012,1691509910.566386,1691509910.566386,1691509910.5678473,1691509910.566386,1691509910.4662457,1691509910.566386,127103,0,0,0,17963,0.012004852294921875,
785,normal,1691509910.5661862,0.099651240000000002,0.099651240000000002,0.099651240000000002,1691509910.6658375,1691509910.6658375,1691509910.6677382,1691509910.6658375,1691509910.5558424,1691509910.6658375,127124,0,0,0,18543,0.011987447738647461,
786,normal,1691509910.6659095,0.099463910000000003,0.099463910000000003,0.099463910000000003,1691509910.7653735,1691509910.7653735,1691509910.7671826,1691509910.7653735,1691509910.6658375,1691509910.7653735,127136,0,0,0,18977,0.010698795318603516,
787,normal,1691509910.765517,0.09971816,0.09971816,0.09971816,1691509910.8652351,1691509910.8652351,1691509910.8670013,1691509910.8652351,1691509910.7653735,1691509910.8652351,127106,0,0,0,19378,0.010705471038818359,
788,normal,1691509910.8653364,0.10058044000000001,0.10058044000000001,0.10058044000000001,1691509910.9659169,1691509910.9659169,1691509910.9682825,1691509910.9659169,1691509910.8652351,1691509910.9659169,127035,0,0,0,19989,0.012327671051025391,
789,normal,1691509910.9660408,0.10004432000000001,0.10004432000000001,0.10004432000000001,1691509911.0660851,1691509911.0660851,1691509911.067915,1691509911.0660851,1691509910.9659169,1691509911.0660851,126926,0,0,0,20818,0.01201629638671875,
790,normal,1691509911.0662358,0.10011141000000001,0.10011141000000001,0.10011141000000001,1691509911.1663473,1691509911.1663473,1691509911.1761682,1691509911.1663473,1691509911.0660851,1691509911.1663473,126884,0,0,0,21844,0.01019740104675293,
791,normal,1691509911.1664407,0.099415740000000002,0.099415740000000002,0.099415740000000002,1691509911.2658565,1691509911.2658565,1691509911.2676513,1691509911.2658565,1691509911.1663473,1691509911.2658565,126951,0,0,0,22790,0.011657953262329102,
792,normal,1691509911.2659326,0.10008956000000001,0.10008956000000001,0.10008956000000001,1691509911.3660221,1691509911.3660221,1691509911.3680129,1691509911.3660221,1691509911.2658565,1691509911.3660221,126902,0,0,0,23640,0.012001276016235352,
793,normal,1691509911.3662343,0.10035592,0.10035592,0.10035592,1691509911.4665902,1691509911.4665902,1691509911.4764643,1691509911.4665902,1691509911.3660221,1691509911.4665902,126744,0,0,0,23788,0.01046299934387207,
794,normal,1691509911.4665663,0.10071557,0.10071557,0.10071557,1691509911.567282,1691509911.567282,1691509911.5760477,1691509911.567282,1691509911.4660013,1691509911.567282,126707,0,0,0,23415,0.00971221923828125,
795,normal,1691509911.5673449,0.10041201000000001,0.10041201000000001,0.10041201000000001,1691509911.6677568,1691509911.6677568,1691509911.6763489,1691509911.6677568,1691509911.567282,1691509911.6677568,126730,0,0,0,23332,0.010178804397583008,
796,normal,1691509911.6681585,0.10131368,0.10131368,0.10131368,1691509911.7694721,1691509911.7694721,1691509911.7760062,1691509911.7694721,1691509911.6677568,1691509911.7694721,126639,0,0,0,23413,0.0093953609466552734,
797,normal,1691509911.7694302,0.10045987000000001,0.10045987000000001,0.10045987000000001,1691509911.86989,1691509911.86989,1691509911.8767252,1691509911.86989,1691509911.7666109,1691509911.86989,126569,0,0,0,23333,0.01076054573059082,
798,normal,1691509911.870069,0.10115544000000001,0.10115544000000001,0.10115544000000001,1691509911.9712245,1691509911.9712245,1691509911.976419,1691509911.9712245,1691509911.86989,1691509911.9712245,126373,0,0,0,23145,0.010330677032470703,
799,normal,1691509911.971379,0.10081258000000001,0.10081258000000001,0.10081258000000001,1691509912.0721917,1691509912.0721917,1691509912.0760505,1691509912.0721917,1691509911.9712245,1691509912.0721917,126233,0,0,0,23041,0.0098426342010498047,
800,normal,1691509912.0722101,0.10059405,0.10059405,0.10059405,1691509912.1728041,1691509912.1728041,1691509912.1763608,1691509912.1728041,1691509912.0721917,1691509912.1728041,126421,0,0,0,23460,0.010250329971313477,
801,normal,1691509912.1728706,0.10049172000000001,0.10049172000000001,0.10049172000000001,1691509912.2733624,1691509912.2733624,1691509912.2761841,1691509912.2733624,1691509912.1728041,1691509912.2733624,126954,0,0,0,23542,0.010194063186645508,
802,normal,1691509912.2733259,0.09943906000000001,0.09943906000000001,0.09943906000000001,1691509912.3727651,1691509912.3727651,1691509912.3769965,1691509912.3727651,1691509912.26599,1691509912.3727651,127078,0,0,0,23317,0.01095271110534668,
803,normal,1691509912.3727458,0.097815360000000004,0.097815360000000004,0.097815360000000004,1691509912.470561,1691509912.470561,1691509912.4761622,1691509912.470561,1691509912.3660438,1691509912.470561,126919,0,0,0,23180,0.0098142623901367188,
804,normal,1691509912.4705763,0.097902130000000004,0.097902130000000004,0.097902130000000004,1691509912.5684783,1691509912.5684783,1691509912.576606,1691509912.5684783,1691509912.470561,1691509912.5684783,126730,0,0,0,23300,0.010585784912109375,
805,normal,1691509912.568656,0.097035060000000006,0.097035060000000006,0.097035060000000006,1691509912.6656911,1691509912.6656911,1691509912.6674993,1691509912.6656911,1691509912.5684783,1691509912.6656911,126675,0,0,0,23575,0.011339664459228516,
806,normal,1691509912.6656685,0.097239030000000004,0.097239030000000004,0.097239030000000004,1691509912.7629075,1691509912.7629075,1691509912.7664602,1691509912.7629075,1691509912.6561596,1691509912.7629075,126695,0,0,0,23563,0.010316371917724609,
807,normal,1691509912.763339,0.09695672000000001,0.09695672000000001,0.09695672000000001,1691509912.8602958,1691509912.8602958,1691509912.8665309,1691509912.8602958,1691509912.7629075,1691509912.8602958,126642,0,0,0,23251,0.01043391227722168,
808,normal,1691509912.8601124,0.09772639000000001,0.09772639000000001,0.09772639000000001,1691509912.9578388,1691509912.9578388,1691509912.9661326,1691509912.9578388,1691509912.856097,1691509912.9578388,126622,0,0,0,23039,0.0098726749420166016,
809,normal,1691509912.9581411,0.098725570000000012,0.098725570000000012,0.098725570000000012,1691509913.0568666,1691509913.0568666,1691509913.066654,1691509913.0568666,1691509912.9578388,1691509913.0568666,126589,0,0,0,23239,0.010350942611694336,
810,normal,1691509913.0569291,0.098777160000000003,0.098777160000000003,0.098777160000000003,1691509913.1557062,1691509913.1557062,1691509913.1576087,1691509913.1557062,1691509913.0568666,1691509913.1557062,126620,0,0,0,23614,0.011470317840576172,
811,normal,1691509913.1558869,0.099261120000000008,0.099261120000000008,0.099261120000000008,1691509913.2551479,1691509913.2551479,1691509913.2570772,1691509913.2551479,1691509913.1557062,1691509913.2551479,126801,0,0,0,23853,0.010903358459472656,
812,normal,1691509913.2553213,0.10088100000000001,0.10088100000000001,0.10088100000000001,1691509913.3562024,1691509913.3562024,1691509913.3563285,1691509913.3562024,1691509913.2551479,1691509913.3562024,126887,0,0,0,24093,0.010126590728759766,
813,normal,1691509913.356416,0.10292793,0.10292793,0.10292793,1691509913.4593439,1691509913.4593439,1691509913.4665458,1691509913.4593439,1691509913.3562024,1691509913.4593439,127199,0,0,0,24000,0.0097844600677490234,
814,normal,1691509913.4597631,0.10312379000000001,0.10312379000000001,0.10312379000000001,1691509913.562887,1691509913.562887,1691509913.5665481,1691509913.562887,1691509913.4593439,1691509913.562887,127017,0,0,0,23958,0.0097630023956298828,
815,normal,1691509913.5629499,0.10354834,0.10354834,0.10354834,1691509913.6664982,1691509913.6664982,1691509913.6767337,1691509913.6664982,1691509913.562887,1691509913.6664982,126761,0,0,0,24091,0.010479450225830078,
816,normal,1691509913.6668584,0.10413182,0.10413182,0.10413182,1691509913.7709904,1691509913.7709904,1691509913.7761691,1691509913.7709904,1691509913.6664982,1691509913.7709904,126534,0,0,0,24084,0.0098333358764648438,
817,normal,1691509913.7708278,0.10403953000000001,0.10403953000000001,0.10403953000000001,1691509913.8748672,1691509913.8748672,1691509913.8778944,1691509913.8748672,1691509913.7663357,1691509913.8748672,126485,0,0,0,23541,0.011700153350830078,
818,normal,1691509913.8749678,0.10178805,0.10178805,0.10178805,1691509913.9767559,1691509913.9767559,1691509913.9867861,1691509913.9767559,1691509913.8748672,1691509913.9767559,126485,0,0,0,23552,0.010499238967895508,
819,normal,1691509913.9767311,0.10121182000000001,0.10121182000000001,0.10121182000000001,1691509914.0779428,1691509914.0779428,1691509914.0862312,1691509914.0779428,1691509913.9762869,1691509914.0779428,126371,0,0,0,23562,0.0095744132995605469,
820,normal,1691509914.0783091,0.099557800000000002,0.099557800000000002,0.099557800000000002,1691509914.1778669,1691509914.1778669,1691509914.1869001,1691509914.1778669,1691509914.0779428,1691509914.1778669,126652,0,0,0,23841,0.010719537734985352,
821,normal,1691509914.1772819,0.098152510000000012,0.098152510000000012,0.098152510000000012,1691509914.2754343,1691509914.2754343,1691509914.2772107,1691509914.2754343,1691509914.1761806,1691509914.2754343,127130,0,0,0,24350,0.010561943054199219,
822,normal,1691509914.2754176,0.097298750000000003,0.097298750000000003,0.097298750000000003,1691509914.3727164,1691509914.3727164,1691509914.3762836,1691509914.3727164,1691509914.2666488,1691509914.3727164,127139,0,0,0,23918,0.010065793991088867,
823,normal,1691509914.3728588,0.097202130000000012,0.097202130000000012,0.097202130000000012,1691509914.4700608,1691509914.4700608,1691509914.4764671,1691509914.4700608,1691509914.3727164,1691509914.4700608,126911,0,0,0,23444,0.010201454162597656,
824,normal,1691509914.4700885,0.096793420000000005,0.096793420000000005,0.096793420000000005,1691509914.5668819,1691509914.5668819,1691509914.5765009,1691509914.5668819,1691509914.4700608,1691509914.5668819,126826,0,0,0,23249,0.010100603103637695,
825,normal,1691509914.5669498,0.095964810000000011,0.095964810000000011,0.095964810000000011,1691509914.6629148,1691509914.6629148,1691509914.6664424,1691509914.6629148,1691509914.5668819,1691509914.6629148,126801,0,0,0,23133,0.01006007194519043,
826,normal,1691509914.6630621,0.09568132,0.09568132,0.09568132,1691509914.7587435,1691509914.7587435,1691509914.7666733,1691509914.7587435,1691509914.6629148,1691509914.7587435,126672,0,0,0,23078,0.010396242141723633,
827,normal,1691509914.7589207,0.097183100000000008,0.097183100000000008,0.097183100000000008,1691509914.8561037,1691509914.8561037,1691509914.8578699,1691509914.8561037,1691509914.7587435,1691509914.8561037,126681,0,0,0,23349,0.011524677276611328,
828,normal,1691509914.8563302,0.09757629000000001,0.09757629000000001,0.09757629000000001,1691509914.9539065,1691509914.9539065,1691509914.9575253,1691509914.9539065,1691509914.8561037,1691509914.9539065,126707,0,0,0,23762,0.010784626007080078,
829,normal,1691509914.9540358,0.09851362000000001,0.09851362000000001,0.09851362000000001,1691509915.0525494,1691509915.0525494,1691509915.0562673,1691509915.0525494,1691509914.9539065,1691509915.0525494,126694,0,0,0,24225,0.0092577934265136719,
830,normal,1691509915.0532196,0.10089095000000001,0.10089095000000001,0.10089095000000001,1691509915.1541104,1691509915.1541104,1691509915.1575096,1691509915.1541104,1691509915.0525494,1691509915.1541104,126907,0,0,0,24762,0.011023044586181641,
831,normal,1691509915.1540976,0.10279208000000001,0.10279208000000001,0.10279208000000001,1691509915.2568896,1691509915.2568896,1691509915.2668748,1691509915.2568896,1691509915.1464865,1691509915.2568896,127199,0,0,0,24485,0.010446071624755859,
832,normal,1691509915.257071,0.10339566,0.10339566,0.10339566,1691509915.3604667,1691509915.3604667,1691509915.3664405,1691509915.3604667,1691509915.2568896,1691509915.3604667,126968,0,0,0,23672,0.010102510452270508,
833,normal,1691509915.3606019,0.10363675,0.10363675,0.10363675,1691509915.4642386,1691509915.4642386,1691509915.4664211,1691509915.4642386,1691509915.3604667,1691509915.4642386,126724,0,0,0,23591,0.009765625,
834,normal,1691509915.4643586,0.10368509000000001,0.10368509000000001,0.10368509000000001,1691509915.5680437,1691509915.5680437,1691509915.5764954,1691509915.5680437,1691509915.4642386,1691509915.5680437,126468,0,0,0,23986,0.0097222328186035156,
835,normal,1691509915.5681098,0.10382662000000001,0.10382662000000001,0.10382662000000001,1691509915.6719363,1691509915.6719363,1691509915.6765244,1691509915.6719363,1691509915.5680437,1691509915.6719363,126377,0,0,0,23961,0.010135412216186523,
836,normal,1691509915.6720989,0.10291525,0.10291525,0.10291525,1691509915.7750142,1691509915.7750142,1691509915.7769334,1691509915.7750142,1691509915.6719363,1691509915.7750142,126331,0,0,0,23879,0.010439157485961914,
837,normal,1691509915.7750404,0.10121028,0.10121028,0.10121028,1691509915.8762507,1691509915.8762507,1691509915.8780205,1691509915.8762507,1691509915.7750142,1691509915.8762507,126428,0,0,0,23881,0.011023044586181641,
838,normal,1691509915.8763382,0.10103568,0.10103568,0.10103568,1691509915.9773738,1691509915.9773738,1691509915.9869809,1691509915.9773738,1691509915.8762507,1691509915.9773738,126163,0,0,0,23782,0.010524272918701172,
839,normal,1691509915.9772789,0.099050400000000011,0.099050400000000011,0.099050400000000011,1691509916.0763292,1691509916.0763292,1691509916.07828,1691509916.0763292,1691509915.9764566,1691509916.0763292,126224,0,0,0,23658,0.011760234832763672,
840,normal,1691509916.076616,0.098314270000000009,0.098314270000000009,0.098314270000000009,1691509916.1749303,1691509916.1749303,1691509916.1780045,1691509916.1749303,1691509916.0763292,1691509916.1749303,126634,0,0,0,23662,0.011542081832885742,
841,normal,1691509916.1744843,0.098322930000000003,0.098322930000000003,0.098322930000000003,1691509916.2728071,1691509916.2728071,1691509916.2764254,1691509916.2728071,1691509916.1664624,1691509916.2728071,126998,0,0,0,23827,0.0094611644744873047,
842,normal,1691509916.2729373,0.097595080000000001,0.097595080000000001,0.097595080000000001,1691509916.3705323,1691509916.3705323,1691509916.3770056,1691509916.3705323,1691509916.2728071,1691509916.3705323,127120,0,0,0,24156,0.010639667510986328,
843,normal,1691509916.3705616,0.097335660000000004,0.097335660000000004,0.097335660000000004,1691509916.4678972,1691509916.4678972,1691509916.4766066,1691509916.4678972,1691509916.3705323,1691509916.4678972,126979,0,0,0,23994,0.0098564624786376953,
844,normal,1691509916.4681265,0.096781980000000004,0.096781980000000004,0.096781980000000004,1691509916.5649085,1691509916.5649085,1691509916.5680113,1691509916.5649085,1691509916.4678972,1691509916.5649085,126898,0,0,0,23297,0.01155853271484375,
845,normal,1691509916.5649517,0.097186150000000013,0.097186150000000013,0.097186150000000013,1691509916.6621377,1691509916.6621377,1691509916.6670885,1691509916.6621377,1691509916.5649085,1691509916.6621377,126824,0,0,0,22956,0.010640382766723633,
846,normal,1691509916.6627059,0.097010610000000011,0.097010610000000011,0.097010610000000011,1691509916.7597165,1691509916.7597165,1691509916.7665443,1691509916.7597165,1691509916.6621377,1691509916.7597165,126846,0,0,0,23023,0.0099520683288574219,
847,normal,1691509916.7593617,0.09761278000000001,0.09761278000000001,0.09761278000000001,1691509916.8569746,1691509916.8569746,1691509916.8667374,1691509916.8569746,1691509916.7565923,1691509916.8569746,126878,0,0,0,23122,0.010193824768066406,
848,normal,1691509916.8570392,0.099129010000000004,0.099129010000000004,0.099129010000000004,1691509916.9561682,1691509916.9561682,1691509916.958477,1691509916.9561682,1691509916.8569746,1691509916.9561682,126895,0,0,0,23127,0.011958837509155273,
849,normal,1691509916.9565592,0.10046623,0.10046623,0.10046623,1691509917.0570254,1691509917.0570254,1691509917.0669909,1691509917.0570254,1691509916.9561682,1691509917.0570254,126878,0,0,0,23125,0.010415792465209961,
850,normal,1691509917.0571668,0.10054177,0.10054177,0.10054177,1691509917.1577086,1691509917.1577086,1691509917.1666093,1691509917.1577086,1691509917.0570254,1691509917.1577086,126797,0,0,0,23170,0.0098316669464111328,
851,normal,1691509917.1579978,0.10217623000000001,0.10217623000000001,0.10217623000000001,1691509917.260174,1691509917.260174,1691509917.2673392,1691509917.260174,1691509917.1577086,1691509917.260174,127214,0,0,0,23229,0.010684490203857422,
852,normal,1691509917.2605066,0.10307147000000001,0.10307147000000001,0.10307147000000001,1691509917.3635781,1691509917.3635781,1691509917.3671517,1691509917.3635781,1691509917.260174,1691509917.3635781,127039,0,0,0,23143,0.010441780090332031,
853,normal,1691509917.3635247,0.10328714,0.10328714,0.10328714,1691509917.4668119,1691509917.4668119,1691509917.4770606,1691509917.4668119,1691509917.35671,1691509917.4668119,126898,0,0,0,23147,0.010349035263061523,
854,normal,1691509917.4668481,0.10357163000000001,0.10357163000000001,0.10357163000000001,1691509917.5704198,1691509917.5704198,1691509917.5769203,1691509917.5704198,1691509917.4668119,1691509917.5704198,126591,0,0,0,23386,0.010192632675170898,
855,normal,1691509917.5707743,0.10227045000000001,0.10227045000000001,0.10227045000000001,1691509917.6730447,1691509917.6730447,1691509917.6767929,1691509917.6730447,1691509917.5704198,1691509917.6730447,126499,0,0,0,23764,0.0098652839660644531,
856,normal,1691509917.6729641,0.10178176000000001,0.10178176000000001,0.10178176000000001,1691509917.7747459,1691509917.7747459,1691509917.7785339,1691509917.7747459,1691509917.6669276,1691509917.7747459,126569,0,0,0,23950,0.011246442794799805,
857,normal,1691509917.7749686,0.10147962000000001,0.10147962000000001,0.10147962000000001,1691509917.8764482,1691509917.8764482,1691509917.8781192,1691509917.8764482,1691509917.7747459,1691509917.8764482,126491,0,0,0,23744,0.010833024978637695,
858,normal,1691509917.8763771,0.099777150000000009,0.099777150000000009,0.099777150000000009,1691509917.9761543,1691509917.9761543,1691509917.978014,1691509917.9761543,1691509917.8672862,1691509917.9761543,126328,0,0,0,23373,0.010920524597167969,
859,normal,1691509917.9761903,0.098917160000000004,0.098917160000000004,0.098917160000000004,1691509918.0751076,1691509918.0751076,1691509918.0769727,1691509918.0751076,1691509917.9761543,1691509918.0751076,126319,0,0,0,23375,0.010162591934204102,
860,normal,1691509918.0751135,0.098178020000000005,0.098178020000000005,0.098178020000000005,1691509918.1732914,1691509918.1732914,1691509918.1769526,1691509918.1732914,1691509918.0751076,1691509918.1732914,126680,0,0,0,23635,0.010042905807495117,
861,normal,1691509918.1733801,0.09783828,0.09783828,0.09783828,1691509918.2712183,1691509918.2712183,1691509918.2768536,1691509918.2712183,1691509918.1732914,1691509918.2712183,126800,0,0,0,23553,0.0099210739135742188,
862,normal,1691509918.27127,0.097529050000000006,0.097529050000000006,0.097529050000000006,1691509918.368799,1691509918.368799,1691509918.37696,1691509918.368799,1691509918.2712183,1691509918.368799,126942,0,0,0,23333,0.010062694549560547,
863,normal,1691509918.3689475,0.097446420000000006,0.097446420000000006,0.097446420000000006,1691509918.4663939,1691509918.4663939,1691509918.4682035,1691509918.4663939,1691509918.368799,1691509918.4663939,127017,0,0,0,23291,0.011271476745605469,
864,normal,1691509918.4664116,0.09751775,0.09751775,0.09751775,1691509918.5639293,1691509918.5639293,1691509918.5674818,1691509918.5639293,1691509918.4663939,1691509918.5639293,126846,0,0,0,23537,0.010606288909912109,
865,normal,1691509918.564008,0.098003840000000009,0.098003840000000009,0.098003840000000009,1691509918.6620119,1691509918.6620119,1691509918.6672935,1691509918.6620119,1691509918.5639293,1691509918.6620119,126783,0,0,0,23535,0.010341644287109375,
866,normal,1691509918.6621878,0.097376760000000007,0.097376760000000007,0.097376760000000007,1691509918.7595646,1691509918.7595646,1691509918.7669318,1691509918.7595646,1691509918.6620119,1691509918.7595646,126731,0,0,0,23416,0.0099723339080810547,
867,normal,1691509918.7596838,0.098519370000000009,0.098519370000000009,0.098519370000000009,1691509918.8582032,1691509918.8582032,1691509918.8669653,1691509918.8582032,1691509918.7595646,1691509918.8582032,126818,0,0,0,23570,0.0097932815551757812,
868,normal,1691509918.8583491,0.099575759999999999,0.099575759999999999,0.099575759999999999,1691509918.9579248,1691509918.9579248,1691509918.9669833,1691509918.9579248,1691509918.8582032,1691509918.9579248,126750,0,0,0,23875,0.010045051574707031,
869,normal,1691509918.9580903,0.099800100000000003,0.099800100000000003,0.099800100000000003,1691509919.0578904,1691509919.0578904,1691509919.0669353,1691509919.0578904,1691509918.9579248,1691509919.0578904,126738,0,0,0,23925,0.0098671913146972656,
870,normal,1691509919.0581362,0.10016727,0.10016727,0.10016727,1691509919.1583035,1691509919.1583035,1691509919.1670189,1691509919.1583035,1691509919.0578904,1691509919.1583035,126800,0,0,0,23403,0.0096933841705322266,
871,normal,1691509919.1585639,0.10101296000000001,0.10101296000000001,0.10101296000000001,1691509919.2595768,1691509919.2595768,1691509919.2671325,1691509919.2595768,1691509919.1583035,1691509919.2595768,127258,0,0,0,22681,0.010101795196533203,
872,normal,1691509919.2597725,0.10166157000000001,0.10166157000000001,0.10166157000000001,1691509919.3614342,1691509919.3614342,1691509919.3669357,1691509919.3614342,1691509919.2595768,1691509919.3614342,127125,0,0,0,22148,0.0097203254699707031,
873,normal,1691509919.3617065,0.10246002000000001,0.10246002000000001,0.10246002000000001,1691509919.4641664,1691509919.4641664,1691509919.467767,1691509919.4641664,1691509919.3614342,1691509919.4641664,126827,0,0,0,22116,0.010726690292358398,
874,normal,1691509919.4642286,0.10290735000000001,0.10290735000000001,0.10290735000000001,1691509919.567136,1691509919.567136,1691509919.5690241,1691509919.567136,1691509919.4641664,1691509919.567136,126554,0,0,0,22571,0.011973142623901367,
875,normal,1691509919.5672257,0.10306184,0.10306184,0.10306184,1691509919.6702876,1691509919.6702876,1691509919.677218,1691509919.6702876,1691509919.567136,1691509919.6702876,126315,0,0,0,23226,0.0097224712371826172,
876,normal,1691509919.670378,0.10274798,0.10274798,0.10274798,1691509919.7731259,1691509919.7731259,1691509919.777061,1691509919.7731259,1691509919.6702876,1691509919.7731259,126326,0,0,0,23662,0.0099692344665527344,
877,normal,1691509919.7733052,0.10170687,0.10170687,0.10170687,1691509919.8750122,1691509919.8750122,1691509919.8783724,1691509919.8750122,1691509919.7731259,1691509919.8750122,126454,0,0,0,23807,0.010984420776367188,
878,normal,1691509919.8750033,0.10159127000000001,0.10159127000000001,0.10159127000000001,1691509919.9765947,1691509919.9765947,1691509919.9782488,1691509919.9765947,1691509919.867388,1691509919.9765947,126336,0,0,0,23580,0.010819435119628906,
879,normal,1691509919.976495,0.099922770000000008,0.099922770000000008,0.099922770000000008,1691509920.0764177,1691509920.0764177,1691509920.0782144,1691509920.0764177,1691509919.9674294,1691509920.0764177,126429,0,0,0,23588,0.010773897171020508,
880,normal,1691509920.0764186,0.098478889999999999,0.098478889999999999,0.098478889999999999,1691509920.1748974,1691509920.1748974,1691509920.1770625,1691509920.1748974,1691509920.0764177,1691509920.1748974,126646,0,0,0,23961,0.0094654560089111328,
881,normal,1691509920.174947,0.097319890000000006,0.097319890000000006,0.097319890000000006,1691509920.2722669,1691509920.2722669,1691509920.2772663,1691509920.2722669,1691509920.1748974,1691509920.2722669,126762,0,0,0,24297,0.010034322738647461,
882,normal,1691509920.2722821,0.098481010000000008,0.098481010000000008,0.098481010000000008,1691509920.3707631,1691509920.3707631,1691509920.37747,1691509920.3707631,1691509920.2722669,1691509920.3707631,126864,0,0,0,24243,0.010269641876220703,
883,normal,1691509920.3709652,0.097830200000000006,0.097830200000000006,0.097830200000000006,1691509920.4687955,1691509920.4687955,1691509920.4771595,1691509920.4687955,1691509920.3707631,1691509920.4687955,126757,0,0,0,24214,0.0095410346984863281,
884,normal,1691509920.46876,0.097809400000000005,0.097809400000000005,0.097809400000000005,1691509920.5665693,1691509920.5665693,1691509920.5685935,1691509920.5665693,1691509920.4676185,1691509920.5665693,126461,0,0,0,23805,0.01137232780456543,
885,normal,1691509920.566813,0.097716190000000008,0.097716190000000008,0.097716190000000008,1691509920.6645291,1691509920.6645291,1691509920.6685143,1691509920.6645291,1691509920.5665693,1691509920.6645291,126776,0,0,0,23674,0.011077642440795898,
886,normal,1691509920.6647315,0.096591670000000004,0.096591670000000004,0.096591670000000004,1691509920.7613232,1691509920.7613232,1691509920.7678301,1691509920.7613232,1691509920.6645291,1691509920.7613232,126707,0,0,0,23934,0.010595560073852539,
887,normal,1691509920.7612419,0.09716733000000001,0.09716733000000001,0.09716733000000001,1691509920.8584092,1691509920.8584092,1691509920.8673816,1691509920.8584092,1691509920.7572346,1691509920.8584092,126686,0,0,0,24001,0.00984954833984375,
888,normal,1691509920.8586371,0.098328830000000006,0.098328830000000006,0.098328830000000006,1691509920.9569659,1691509920.9569659,1691509920.9589281,1691509920.9569659,1691509920.8584092,1691509920.9569659,126734,0,0,0,24103,0.011718034744262695,
889,normal,1691509920.9571397,0.098885170000000008,0.098885170000000008,0.098885170000000008,1691509921.0560248,1691509921.0560248,1691509921.0578995,1691509921.0560248,1691509920.9569659,1691509921.0560248,126761,0,0,0,24230,0.010705709457397461,
890,normal,1691509921.0561304,0.10091762,0.10091762,0.10091762,1691509921.157048,1691509921.157048,1691509921.159147,1691509921.157048,1691509921.0560248,1691509921.157048,126766,0,0,0,24535,0.011806249618530273,
891,normal,1691509921.1573486,0.10171905000000001,0.10171905000000001,0.10171905000000001,1691509921.2590678,1691509921.2590678,1691509921.2677827,1691509921.2590678,1691509921.157048,1691509921.2590678,127035,0,0,0,25037,0.0098526477813720703,
892,normal,1691509921.2593548,0.10250937,0.10250937,0.10250937,1691509921.3618641,1691509921.3618641,1691509921.3673954,1691509921.3618641,1691509921.2590678,1691509921.3618641,126939,0,0,0,24838,0.0097756385803222656,
893,normal,1691509921.3625207,0.10287685000000001,0.10287685000000001,0.10287685000000001,1691509921.4653976,1691509921.4653976,1691509921.4687366,1691509921.4653976,1691509921.3618641,1691509921.4653976,126716,0,0,0,24534,0.011374235153198242,
894,normal,1691509921.4651091,0.10406546000000001,0.10406546000000001,0.10406546000000001,1691509921.5691745,1691509921.5691745,1691509921.5776701,1691509921.5691745,1691509921.4573624,1691509921.5691745,126578,0,0,0,24405,0.0096955299377441406,
895,normal,1691509921.5692706,0.10305527,0.10305527,0.10305527,1691509921.6723258,1691509921.6723258,1691509921.6774693,1691509921.6723258,1691509921.5691745,1691509921.6723258,126512,0,0,0,24556,0.0096859931945800781,
896,normal,1691509921.6722507,0.10246727000000001,0.10246727000000001,0.10246727000000001,1691509921.774718,1691509921.774718,1691509921.7775183,1691509921.774718,1691509921.6677833,1691509921.774718,126481,0,0,0,24377,0.010260343551635742,
897,normal,1691509921.7747674,0.10126589000000001,0.10126589000000001,0.10126589000000001,1691509921.8760333,1691509921.8760333,1691509921.8778741,1691509921.8760333,1691509921.774718,1691509921.8760333,126649,0,0,0,24140,0.010550498962402344,
898,normal,1691509921.8760026,0.099535709999999999,0.099535709999999999,0.099535709999999999,1691509921.9755383,1691509921.9755383,1691509921.9775436,1691509921.9755383,1691509921.8673236,1691509921.9755383,126633,0,0,0,23937,0.010170221328735352,
899,normal,1691509921.9756021,0.098914770000000013,0.098914770000000013,0.098914770000000013,1691509922.074517,1691509922.074517,1691509922.0781562,1691509922.074517,1691509921.9755383,1691509922.074517,126540,0,0,0,24056,0.010684490203857422,
900,normal,1691509922.0746493,0.098561370000000009,0.098561370000000009,0.098561370000000009,1691509922.1732106,1691509922.1732106,1691509922.1781399,1691509922.1732106,1691509922.074517,1691509922.1732106,126804,0,0,0,24208,0.010701179504394531,
901,normal,1691509922.1732459,0.097912570000000004,0.097912570000000004,0.097912570000000004,1691509922.2711585,1691509922.2711585,1691509922.2774858,1691509922.2711585,1691509922.1732106,1691509922.2711585,126881,0,0,0,24002,0.010030984878540039,
902,normal,1691509922.2710731,0.097656130000000008,0.097656130000000008,0.097656130000000008,1691509922.3687291,1691509922.3687291,1691509922.3774974,1691509922.3687291,1691509922.2674549,1691509922.3687291,126822,0,0,0,23568,0.0098071098327636719,
903,normal,1691509922.3688569,0.097430200000000008,0.097430200000000008,0.097430200000000008,1691509922.4662871,1691509922.4662871,1691509922.4682896,1691509922.4662871,1691509922.3687291,1691509922.4662871,126821,0,0,0,23008,0.010679483413696289,
904,normal,1691509922.4664607,0.097976500000000008,0.097976500000000008,0.097976500000000008,1691509922.5644372,1691509922.5644372,1691509922.5680726,1691509922.5644372,1691509922.4662871,1691509922.5644372,126782,0,0,0,22673,0.010568618774414062,
905,normal,1691509922.5646267,0.098440720000000009,0.098440720000000009,0.098440720000000009,1691509922.6630673,1691509922.6630673,1691509922.668205,1691509922.6630673,1691509922.5644372,1691509922.6630673,126812,0,0,0,22715,0.010651350021362305,
906,normal,1691509922.6631784,0.098717860000000004,0.098717860000000004,0.098717860000000004,1691509922.7618964,1691509922.7618964,1691509922.767524,1691509922.7618964,1691509922.6630673,1691509922.7618964,126868,0,0,0,22992,0.0097270011901855469,
907,normal,1691509922.7620666,0.099706590000000012,0.099706590000000012,0.099706590000000012,1691509922.8617733,1691509922.8617733,1691509922.867461,1691509922.8617733,1691509922.7618964,1691509922.8617733,126878,0,0,0,23126,0.0099129676818847656,
908,normal,1691509922.8619168,0.099567790000000003,0.099567790000000003,0.099567790000000003,1691509922.9614847,1691509922.9614847,1691509922.9680452,1691509922.9614847,1691509922.8617733,1691509922.9614847,126890,0,0,0,23302,0.010515213012695312,
909,normal,1691509922.9615839,0.099991130000000011,0.099991130000000011,0.099991130000000011,1691509923.0615749,1691509923.0615749,1691509923.0677621,1691509923.0615749,1691509922.9614847,1691509923.0615749,126925,0,0,0,23446,0.010182619094848633,
910,normal,1691509923.0618503,0.10079848000000001,0.10079848000000001,0.10079848000000001,1691509923.1626487,1691509923.1626487,1691509923.1679485,1691509923.1626487,1691509923.0615749,1691509923.1626487,126914,0,0,0,23563,0.010274887084960938,
911,normal,1691509923.1628702,0.10142397,0.10142397,0.10142397,1691509923.2642941,1691509923.2642941,1691509923.2677886,1691509923.2642941,1691509923.1626487,1691509923.2642941,126969,0,0,0,23891,0.010177135467529297,
912,normal,1691509923.2644587,0.10115021,0.10115021,0.10115021,1691509923.3656089,1691509923.3656089,1691509923.3687491,1691509923.3656089,1691509923.2642941,1691509923.3656089,127101,0,0,0,24269,0.010670185089111328,
913,normal,1691509923.3657017,0.1015027,0.1015027,0.1015027,1691509923.4672043,1691509923.4672043,1691509923.4690151,1691509923.4672043,1691509923.3656089,1691509923.4672043,127055,0,0,0,24925,0.011047840118408203,
914,normal,1691509923.4674144,0.10187684000000001,0.10187684000000001,0.10187684000000001,1691509923.5692911,1691509923.5692911,1691509923.577533,1691509923.5692911,1691509923.4672043,1691509923.5692911,126971,0,0,0,25325,0.0095357894897460938,
915,normal,1691509923.5692437,0.10112779000000001,0.10112779000000001,0.10112779000000001,1691509923.6703715,1691509923.6703715,1691509923.67786,1691509923.6703715,1691509923.5679972,1691509923.6703715,126909,0,0,0,25165,0.010213613510131836,
916,normal,1691509923.670392,0.10110129000000001,0.10110129000000001,0.10110129000000001,1691509923.7714934,1691509923.7714934,1691509923.778264,1691509923.7714934,1691509923.6703715,1691509923.7714934,126820,0,0,0,25297,0.010635614395141602,
917,normal,1691509923.7715311,0.10138043000000001,0.10138043000000001,0.10138043000000001,1691509923.8729115,1691509923.8729115,1691509923.8784022,1691509923.8729115,1691509923.7714934,1691509923.8729115,126745,0,0,0,25428,0.010645866394042969,
918,normal,1691509923.8732071,0.10094769000000001,0.10094769000000001,0.10094769000000001,1691509923.9741547,1691509923.9741547,1691509923.9778206,1691509923.9741547,1691509923.8729115,1691509923.9741547,126750,0,0,0,25495,0.0096721649169921875,
919,normal,1691509923.9741306,0.10040797000000001,0.10040797000000001,0.10040797000000001,1691509924.0745387,1691509924.0745387,1691509924.0788789,1691509924.0745387,1691509923.9681485,1691509924.0745387,126630,0,0,0,25381,0.011115074157714844,
920,normal,1691509924.0746214,0.099749990000000011,0.099749990000000011,0.099749990000000011,1691509924.1743715,1691509924.1743715,1691509924.1781964,1691509924.1743715,1691509924.0745387,1691509924.1743715,126617,0,0,0,24842,0.010424613952636719,
921,normal,1691509924.1744831,0.099927420000000003,0.099927420000000003,0.099927420000000003,1691509924.2744105,1691509924.2744105,1691509924.2780411,1691509924.2744105,1691509924.1743715,1691509924.2744105,126894,0,0,0,25045,0.010222196578979492,
922,normal,1691509924.2744336,0.098418480000000003,0.098418480000000003,0.098418480000000003,1691509924.3728521,1691509924.3728521,1691509924.3777046,1691509924.3728521,1691509924.2744105,1691509924.3728521,126941,0,0,0,25179,0.0099656581878662109,
923,normal,1691509924.3728213,0.098170220000000002,0.098170220000000002,0.098170220000000002,1691509924.4709916,1691509924.4709916,1691509924.4777188,1691509924.4709916,1691509924.367739,1691509924.4709916,126923,0,0,0,25073,0.0093705654144287109,
924,normal,1691509924.4710174,0.098188030000000009,0.098188030000000009,0.098188030000000009,1691509924.5692053,1691509924.5692053,1691509924.577781,1691509924.5692053,1691509924.4709916,1691509924.5692053,127039,0,0,0,24805,0.0095331668853759766,
925,normal,1691509924.5694935,0.098290270000000013,0.098290270000000013,0.098290270000000013,1691509924.6677837,1691509924.6677837,1691509924.6692312,1691509924.6677837,1691509924.5692053,1691509924.6677837,126977,0,0,0,24690,0.01148223876953125,
926,normal,1691509924.6675959,0.097693220000000011,0.097693220000000011,0.097693220000000011,1691509924.7652891,1691509924.7652891,1691509924.7688825,1691509924.7652891,1691509924.6577489,1691509924.7652891,126876,0,0,0,24739,0.010687351226806641,
927,normal,1691509924.7655244,0.097993930000000007,0.097993930000000007,0.097993930000000007,1691509924.8635182,1691509924.8635182,1691509924.8677714,1691509924.8635182,1691509924.7652891,1691509924.8635182,126653,0,0,0,24663,0.0099656581878662109,
928,normal,1691509924.8636186,0.097927449999999999,0.097927449999999999,0.097927449999999999,1691509924.9615459,1691509924.9615459,1691509924.9680476,1691509924.9615459,1691509924.8635182,1691509924.9615459,126684,0,0,0,24657,0.010282039642333984,
929,normal,1691509924.9615531,0.097538730000000004,0.097538730000000004,0.097538730000000004,1691509925.0590918,1691509925.0590918,1691509925.0678575,1691509925.0590918,1691509924.9615459,1691509925.0590918,126751,0,0,0,24474,0.0097281932830810547,
930,normal,1691509925.0592511,0.099002450000000006,0.099002450000000006,0.099002450000000006,1691509925.1582534,1691509925.1582534,1691509925.1682425,1691509925.1582534,1691509925.0590918,1691509925.1582534,126765,0,0,0,24482,0.010426759719848633,
931,normal,1691509925.1585753,0.10009530000000001,0.10009530000000001,0.10009530000000001,1691509925.2586706,1691509925.2586706,1691509925.267828,1691509925.2586706,1691509925.1582534,1691509925.2586706,126910,0,0,0,25105,0.010024547576904297,
932,normal,1691509925.2588611,0.10199921000000001,0.10199921000000001,0.10199921000000001,1691509925.3608603,1691509925.3608603,1691509925.3680317,1691509925.3608603,1691509925.2586706,1691509925.3608603,127033,0,0,0,25619,0.0096452236175537109,
933,normal,1691509925.3612468,0.10344368000000001,0.10344368000000001,0.10344368000000001,1691509925.4646904,1691509925.4646904,1691509925.4686012,1691509925.4646904,1691509925.3608603,1691509925.4646904,126769,0,0,0,26102,0.010736703872680664,
934,normal,1691509925.4648528,0.10369257000000001,0.10369257000000001,0.10369257000000001,1691509925.5685453,1691509925.5685453,1691509925.5778174,1691509925.5685453,1691509925.4646904,1691509925.5685453,126770,0,0,0,26026,0.0099637508392333984,
935,normal,1691509925.5686226,0.10342987000000001,0.10342987000000001,0.10342987000000001,1691509925.6720524,1691509925.6720524,1691509925.6779625,1691509925.6720524,1691509925.5685453,1691509925.6720524,126591,0,0,0,25678,0.010096073150634766,
936,normal,1691509925.671967,0.10205529000000001,0.10205529000000001,0.10205529000000001,1691509925.7740223,1691509925.7740223,1691509925.7778826,1691509925.7740223,1691509925.6678665,1691509925.7740223,126563,0,0,0,25146,0.0098049640655517578,
937,normal,1691509925.7741253,0.10255926000000001,0.10255926000000001,0.10255926000000001,1691509925.8766847,1691509925.8766847,1691509925.8801899,1691509925.8766847,1691509925.7740223,1691509925.8766847,126391,0,0,0,24499,0.012298583984375,
938,normal,1691509925.876693,0.10219550000000001,0.10219550000000001,0.10219550000000001,1691509925.9788885,1691509925.9788885,1691509925.9880345,1691509925.9788885,1691509925.8766847,1691509925.9788885,126658,0,0,0,24454,0.010146856307983398,
939,normal,1691509925.9789553,0.099365680000000012,0.099365680000000012,0.099365680000000012,1691509926.078321,1691509926.078321,1691509926.0879235,1691509926.078321,1691509925.9788885,1691509926.078321,126938,0,0,0,24979,0.0099711418151855469,
940,normal,1691509926.0786107,0.098689410000000005,0.098689410000000005,0.098689410000000005,1691509926.1773,1691509926.1773,1691509926.1787965,1691509926.1773,1691509926.078321,1691509926.1773,126965,0,0,0,25510,0.010640144348144531,
941,normal,1691509926.1771436,0.098439620000000005,0.098439620000000005,0.098439620000000005,1691509926.2755833,1691509926.2755833,1691509926.2784371,1691509926.2755833,1691509926.1681564,1691509926.2755833,126942,0,0,0,25630,0.010257959365844727,
942,normal,1691509926.2754307,0.095577910000000002,0.095577910000000002,0.095577910000000002,1691509926.3710086,1691509926.3710086,1691509926.377907,1691509926.3710086,1691509926.2681792,1691509926.3710086,126784,0,0,0,25499,0.0096337795257568359,
943,normal,1691509926.3709104,0.095982190000000009,0.095982190000000009,0.095982190000000009,1691509926.4668925,1691509926.4668925,1691509926.4689143,1691509926.4668925,1691509926.3682733,1691509926.4668925,126774,0,0,0,25366,0.010498523712158203,
944,normal,1691509926.4671474,0.096368970000000012,0.096368970000000012,0.096368970000000012,1691509926.5635164,1691509926.5635164,1691509926.5685551,1691509926.5635164,1691509926.4668925,1691509926.5635164,126826,0,0,0,24918,0.010667800903320312,
945,normal,1691509926.563632,0.097160760000000013,0.097160760000000013,0.097160760000000013,1691509926.6607928,1691509926.6607928,1691509926.6679358,1691509926.6607928,1691509926.5635164,1691509926.6607928,126849,0,0,0,24668,0.0097041130065917969,
946,normal,1691509926.6608787,0.097560160000000007,0.097560160000000007,0.097560160000000007,1691509926.7584388,1691509926.7584388,1691509926.768338,1691509926.7584388,1691509926.6607928,1691509926.7584388,126818,0,0,0,24695,0.010395050048828125,
947,normal,1691509926.758687,0.099721560000000001,0.099721560000000001,0.099721560000000001,1691509926.8584087,1691509926.8584087,1691509926.8686309,1691509926.8584087,1691509926.7584388,1691509926.8584087,126797,0,0,0,24669,0.010710954666137695,
948,normal,1691509926.8587532,0.10095312000000001,0.10095312000000001,0.10095312000000001,1691509926.9597063,1691509926.9597063,1691509926.9683166,1691509926.9597063,1691509926.8584087,1691509926.9597063,126894,0,0,0,24456,0.010341644287109375,
949,normal,1691509926.9599292,0.10184341000000001,0.10184341000000001,0.10184341000000001,1691509927.0617726,1691509927.0617726,1691509927.0682213,1691509927.0617726,1691509926.9597063,1691509927.0617726,126939,0,0,0,24860,0.010137081146240234,
950,normal,1691509927.0622752,0.10380239000000001,0.10380239000000001,0.10380239000000001,1691509927.1660776,1691509927.1660776,1691509927.16872,1691509927.1660776,1691509927.0617726,1691509927.1660776,126742,0,0,0,25526,0.010295867919921875,
951,normal,1691509927.166683,0.10443844000000001,0.10443844000000001,0.10443844000000001,1691509927.2711215,1691509927.2711215,1691509927.278132,1691509927.2711215,1691509927.1660776,1691509927.2711215,126786,0,0,0,25713,0.010033130645751953,
952,normal,1691509927.2708173,0.10524516,0.10524516,0.10524516,1691509927.3760624,1691509927.3760624,1691509927.3792026,1691509927.3760624,1691509927.2680988,1691509927.3760624,126440,0,0,0,24988,0.010917901992797852,
953,normal,1691509927.3761337,0.10400655,0.10400655,0.10400655,1691509927.4801402,1691509927.4801402,1691509927.4882171,1691509927.4801402,1691509927.3760624,1691509927.4801402,126368,0,0,0,24341,0.0095441341400146484,
954,normal,1691509927.4800577,0.10166836000000001,0.10166836000000001,0.10166836000000001,1691509927.5817261,1691509927.5817261,1691509927.5883272,1691509927.5817261,1691509927.478673,1691509927.5817261,126638,0,0,0,24161,0.010167598724365234,
955,normal,1691509927.5817358,0.099452350000000009,0.099452350000000009,0.099452350000000009,1691509927.6811881,1691509927.6811881,1691509927.6882036,1691509927.6811881,1691509927.5817261,1691509927.6811881,126902,0,0,0,24339,0.010017871856689453,
956,normal,1691509927.6809065,0.097279450000000003,0.097279450000000003,0.097279450000000003,1691509927.7781861,1691509927.7781861,1691509927.7799697,1691509927.7781861,1691509927.6781857,1691509927.7781861,126960,0,0,0,23913,0.011965513229370117,
957,normal,1691509927.778208,0.096174690000000007,0.096174690000000007,0.096174690000000007,1691509927.8743827,1691509927.8743827,1691509927.8781512,1691509927.8743827,1691509927.7781861,1691509927.8743827,126883,0,0,0,23378,0.0093846321105957031,
958,normal,1691509927.8743908,0.097068810000000005,0.097068810000000005,0.097068810000000005,1691509927.9714596,1691509927.9714596,1691509927.9782224,1691509927.9714596,1691509927.8743827,1691509927.9714596,127056,0,0,0,23162,0.0099794864654541016,
959,normal,1691509927.9717202,0.096776890000000004,0.096776890000000004,0.096776890000000004,1691509928.0684972,1691509928.0684972,1691509928.0701773,1691509928.0684972,1691509927.9714596,1691509928.0684972,126993,0,0,0,23319,0.011972665786743164,
960,normal,1691509928.0684211,0.096494850000000007,0.096494850000000007,0.096494850000000007,1691509928.164916,1691509928.164916,1691509928.1685624,1691509928.164916,1691509928.0582047,1691509928.164916,126939,0,0,0,23510,0.010354995727539062,
961,normal,1691509928.1651685,0.097629630000000009,0.097629630000000009,0.097629630000000009,1691509928.2627981,1691509928.2627981,1691509928.2681713,1691509928.2627981,1691509928.164916,1691509928.2627981,126852,0,0,0,23392,0.0094802379608154297,
962,normal,1691509928.2630832,0.09820746000000001,0.09820746000000001,0.09820746000000001,1691509928.3612907,1691509928.3612907,1691509928.3681908,1691509928.3612907,1691509928.2627981,1691509928.3612907,126789,0,0,0,23150,0.0094544887542724609,
963,normal,1691509928.3613958,0.099500400000000003,0.099500400000000003,0.099500400000000003,1691509928.4608963,1691509928.4608963,1691509928.4683824,1691509928.4608963,1691509928.3612907,1691509928.4608963,126880,0,0,0,23302,0.010035276412963867,
964,normal,1691509928.4612248,0.10076755000000001,0.10076755000000001,0.10076755000000001,1691509928.5619924,1691509928.5619924,1691509928.5689003,1691509928.5619924,1691509928.4608963,1691509928.5619924,127098,0,0,0,23414,0.010553121566772461,
965,normal,1691509928.562191,0.10180605000000001,0.10180605000000001,0.10180605000000001,1691509928.6639972,1691509928.6639972,1691509928.6683593,1691509928.6639972,1691509928.5619924,1691509928.6639972,127022,0,0,0,23857,0.010050535202026367,
966,normal,1691509928.664326,0.10299380000000001,0.10299380000000001,0.10299380000000001,1691509928.7673197,1691509928.7673197,1691509928.7690856,1691509928.7673197,1691509928.6639972,1691509928.7673197,126886,0,0,0,24770,0.010646820068359375,
967,normal,1691509928.7674086,0.10293283,0.10293283,0.10293283,1691509928.8703415,1691509928.8703415,1691509928.8788006,1691509928.8703415,1691509928.7673197,1691509928.8703415,126697,0,0,0,25814,0.010283470153808594,
968,normal,1691509928.8704722,0.10333170000000001,0.10333170000000001,0.10333170000000001,1691509928.973804,1691509928.973804,1691509928.978857,1691509928.973804,1691509928.8703415,1691509928.973804,126617,0,0,0,26101,0.010395050048828125,
969,normal,1691509928.9738631,0.10253692,0.10253692,0.10253692,1691509929.0764,1691509929.0764,1691509929.0794218,1691509929.0764,1691509928.973804,1691509929.0764,126363,0,0,0,26147,0.010758876800537109,
970,normal,1691509929.0762169,0.10080216,0.10080216,0.10080216,1691509929.1770191,1691509929.1770191,1691509929.1801562,1691509929.1770191,1691509929.0686629,1691509929.1770191,126179,0,0,0,25803,0.011777400970458984,
971,normal,1691509929.1771235,0.10092768000000001,0.10092768000000001,0.10092768000000001,1691509929.2780511,1691509929.2780511,1691509929.2798064,1691509929.2780511,1691509929.1770191,1691509929.2780511,126176,0,0,0,24518,0.010763883590698242,
972,normal,1691509929.2781212,0.10049097000000001,0.10049097000000001,0.10049097000000001,1691509929.3786123,1691509929.3786123,1691509929.3803401,1691509929.3786123,1691509929.2780511,1691509929.3786123,126446,0,0,0,23694,0.011969804763793945,
973,normal,1691509929.3785927,0.099337100000000012,0.099337100000000012,0.099337100000000012,1691509929.4779298,1691509929.4779298,1691509929.4795916,1691509929.4779298,1691509929.3683703,1691509929.4779298,126607,0,0,0,23519,0.010556936264038086,
974,normal,1691509929.4780951,0.098698400000000006,0.098698400000000006,0.098698400000000006,1691509929.5767934,1691509929.5767934,1691509929.5805113,1691509929.5767934,1691509929.4779298,1691509929.5767934,126710,0,0,0,23755,0.012020587921142578,
975,normal,1691509929.5768881,0.098635490000000006,0.098635490000000006,0.098635490000000006,1691509929.6755235,1691509929.6755235,1691509929.6788788,1691509929.6755235,1691509929.5767934,1691509929.6755235,126913,0,0,0,24103,0.010392665863037109,
976,normal,1691509929.6755023,0.09621246,0.09621246,0.09621246,1691509929.7717147,1691509929.7717147,1691509929.7784944,1691509929.7717147,1691509929.6684861,1691509929.7717147,126935,0,0,0,24184,0.0095357894897460938,
977,normal,1691509929.771657,0.096594040000000006,0.096594040000000006,0.096594040000000006,1691509929.8682511,1691509929.8682511,1691509929.8699956,1691509929.8682511,1691509929.7689586,1691509929.8682511,127009,0,0,0,24364,0.011468172073364258,
978,normal,1691509929.8683178,0.096470150000000005,0.096470150000000005,0.096470150000000005,1691509929.964788,1691509929.964788,1691509929.9685755,1691509929.964788,1691509929.8682511,1691509929.964788,127006,0,0,0,24116,0.010078907012939453,
979,normal,1691509929.9650552,0.097995310000000002,0.097995310000000002,0.097995310000000002,1691509930.0630505,1691509930.0630505,1691509930.0684078,1691509930.0630505,1691509929.964788,1691509930.0630505,126939,0,0,0,24274,0.0096182823181152344,
980,normal,1691509930.0630472,0.098515060000000002,0.098515060000000002,0.098515060000000002,1691509930.1615622,1691509930.1615622,1691509930.1684885,1691509930.1615622,1691509930.0587895,1691509930.1615622,126939,0,0,0,24528,0.0094656944274902344,
981,normal,1691509930.1618378,0.10099971000000001,0.10099971000000001,0.10099971000000001,1691509930.2628374,1691509930.2628374,1691509930.2683556,1691509930.2628374,1691509930.1615622,1691509930.2628374,127091,0,0,0,24857,0.0095553398132324219,
982,normal,1691509930.2632322,0.10157593000000001,0.10157593000000001,0.10157593000000001,1691509930.3648081,1691509930.3648081,1691509930.3683934,1691509930.3648081,1691509930.2628374,1691509930.3648081,127161,0,0,0,24835,0.0095403194427490234,
983,normal,1691509930.3648171,0.10093586,0.10093586,0.10093586,1691509930.4657531,1691509930.4657531,1691509930.4694967,1691509930.4657531,1691509930.3648081,1691509930.4657531,127171,0,0,0,24757,0.011129617691040039,
984,normal,1691509930.465848,0.10154014,0.10154014,0.10154014,1691509930.5673881,1691509930.5673881,1691509930.5694532,1691509930.5673881,1691509930.4657531,1691509930.5673881,126999,0,0,0,24413,0.011010169982910156,
985,normal,1691509930.5676312,0.10254175,0.10254175,0.10254175,1691509930.6701729,1691509930.6701729,1691509930.6789298,1691509930.6701729,1691509930.5673881,1691509930.6701729,126762,0,0,0,24490,0.010445117950439453,
986,normal,1691509930.6704705,0.10337165000000001,0.10337165000000001,0.10337165000000001,1691509930.7738421,1691509930.7738421,1691509930.778914,1691509930.7738421,1691509930.6701729,1691509930.7738421,126707,0,0,0,24964,0.01032567024230957,
987,normal,1691509930.7738123,0.10158846000000001,0.10158846000000001,0.10158846000000001,1691509930.8754008,1691509930.8754008,1691509930.8790092,1691509930.8754008,1691509930.7685883,1691509930.8754008,126748,0,0,0,25638,0.010424375534057617,
988,normal,1691509930.8755457,0.10242865000000001,0.10242865000000001,0.10242865000000001,1691509930.9779744,1691509930.9779744,1691509930.9800546,1691509930.9779744,1691509930.8754008,1691509930.9779744,126683,0,0,0,25561,0.011198282241821289,
989,normal,1691509930.9781594,0.10077462000000001,0.10077462000000001,0.10077462000000001,1691509931.078934,1691509931.078934,1691509931.0804572,1691509931.078934,1691509930.9779744,1691509931.078934,126700,0,0,0,25089,0.011804342269897461,
990,normal,1691509931.0787718,0.098269780000000001,0.098269780000000001,0.098269780000000001,1691509931.1770415,1691509931.1770415,1691509931.1800525,1691509931.1770415,1691509931.0686529,1691509931.1770415,126896,0,0,0,24625,0.011456012725830078,
991,normal,1691509931.176971,0.097446500000000005,0.097446500000000005,0.097446500000000005,1691509931.2744174,1691509931.2744174,1691509931.2786806,1691509931.2744174,1691509931.1685965,1691509931.2744174,127107,0,0,0,23883,0.010008811950683594,
992,normal,1691509931.2745755,0.097920980000000005,0.097920980000000005,0.097920980000000005,1691509931.3724964,1691509931.3724964,1691509931.3789523,1691509931.3724964,1691509931.2744174,1691509931.3724964,127198,0,0,0,23447,0.010319709777832031,
993,normal,1691509931.3724225,0.097548840000000012,0.097548840000000012,0.097548840000000012,1691509931.4699712,1691509931.4699712,1691509931.4787285,1691509931.4699712,1691509931.3686326,1691509931.4699712,127349,0,0,0,23424,0.0098607540130615234,
994,normal,1691509931.4700716,0.097233600000000003,0.097233600000000003,0.097233600000000003,1691509931.5673051,1691509931.5673051,1691509931.5695679,1691509931.5673051,1691509931.4699712,1691509931.5673051,127326,0,0,0,23284,0.010875463485717773,
995,normal,1691509931.5678101,0.098875950000000004,0.098875950000000004,0.098875950000000004,1691509931.6666861,1691509931.6666861,1691509931.6695609,1691509931.6666861,1691509931.5673051,1691509931.6666861,127355,0,0,0,23002,0.010392189025878906,
996,normal,1691509931.6666408,0.098892710000000009,0.098892710000000009,0.098892710000000009,1691509931.7655334,1691509931.7655334,1691509931.7700922,1691509931.7655334,1691509931.6591687,1691509931.7655334,127425,0,0,0,22803,0.011506319046020508,
997,normal,1691509931.7654402,0.098615903000000005,0.098615903000000005,0.098615903000000005,1691509931.8640561,1691509931.8640561,1691509931.8692148,1691509931.8640561,1691509931.7585859,1691509931.8640561,123731,0,0,0,21788,0.010545492172241211,
998,normal,1691509931.8643,0.099778060000000002,0.099778060000000002,0.099778060000000002,1691509931.9640782,1691509931.9640782,1691509931.9692998,1691509931.9640782,1691509931.8640561,1691509931.9640782,127302,0,0,0,22487,0.010618209838867188,
999,normal,1691509931.9643178,0.10026064000000001,0.10026064000000001,0.10026064000000001,1691509932.0645785,1691509932.0645785,1691509932.0687387,1691509932.0645785,1691509931.9640782,1691509932.0645785,127248,0,0,0,22258,0.0099551677703857422,
1000,normal,1691509932.0648861,0.10153263000000001,0.10153263000000001,0.10153263000000001,1691509932.1664188,1691509932.1664188,1691509932.1694162,1691509932.1664188,1691509932.0645785,1691509932.1664188,127222,0,0,0,22213,0.010635614395141602,
1001,normal,1691509932.1664708,0.10079729000000001,0.10079729000000001,0.10079729000000001,1691509932.2672679,1691509932.2672679,1691509932.2705333,1691509932.2672679,1691509932.1664188,1691509932.2672679,125142,0,0,0,21764,0.011725425720214844,
1002,normal,1691509932.2673366,0.10084768000000001,0.10084768000000001,0.10084768000000001,1691509932.3681843,1691509932.3681843,1691509932.3700535,1691509932.3681843,1691509932.2672679,1691509932.3681843,127170,0,0,0,22290,0.010991573333740234,
1003,normal,1691509932.3683984,0.10141268000000001,0.10141268000000001,0.10141268000000001,1691509932.4698112,1691509932.4698112,1691509932.4786739,1691509932.4698112,1691509932.3681843,1691509932.4698112,127105,0,0,0,22037,0.0098803043365478516,
1004,normal,1691509932.469903,0.10133313000000001,0.10133313000000001,0.10133313000000001,1691509932.5712361,1691509932.5712361,1691509932.5788713,1691509932.5712361,1691509932.4698112,1691509932.5712361,127069,0,0,0,22044,0.010053157806396484,
1005,normal,1691509932.5712533,0.10095609000000001,0.10095609000000001,0.10095609000000001,1691509932.6722095,1691509932.6722095,1691509932.6787629,1691509932.6722095,1691509932.5712361,1691509932.6722095,127049,0,0,0,22008,0.0093755722045898438,
1006,normal,1691509932.6723287,0.10040872000000001,0.10040872000000001,0.10040872000000001,1691509932.7727375,1691509932.7727375,1691509932.7793849,1691509932.7727375,1691509932.6722095,1691509932.7727375,127119,0,0,0,21739,0.010620594024658203,
1007,normal,1691509932.7727594,0.10051719000000001,0.10051719000000001,0.10051719000000001,1691509932.8732767,1691509932.8732767,1691509932.8787801,1691509932.8732767,1691509932.7727375,1691509932.8732767,127020,0,0,0,21522,0.0098333358764648438,
1008,normal,1691509932.8732607,0.099212230000000012,0.099212230000000012,0.099212230000000012,1691509932.9724729,1691509932.9724729,1691509932.9789741,1691509932.9724729,1691509932.8689468,1691509932.9724729,127174,0,0,0,21478,0.010250329971313477,
1009,normal,1691509932.9724495,0.098760630000000002,0.098760630000000002,0.098760630000000002,1691509933.0712101,1691509933.0712101,1691509933.0793619,1691509933.0712101,1691509932.9687238,1691509933.0712101,127117,0,0,0,21607,0.0106048583984375,
1010,normal,1691509933.0712729,0.09907943000000001,0.09907943000000001,0.09907943000000001,1691509933.1703522,1691509933.1703522,1691509933.1786764,1691509933.1703522,1691509933.0712101,1691509933.1703522,127109,0,0,0,21641,0.0093743801116943359,
1011,normal,1691509933.1705339,0.098861970000000007,0.098861970000000007,0.098861970000000007,1691509933.2693958,1691509933.2693958,1691509933.2792609,1691509933.2693958,1691509933.1703522,1691509933.2693958,127196,0,0,0,21462,0.010503768920898438,
1012,normal,1691509933.2694845,0.09983562,0.09983562,0.09983562,1691509933.3693202,1691509933.3693202,1691509933.3793793,1691509933.3693202,1691509933.2693958,1691509933.3693202,127116,0,0,0,21490,0.010524749755859375,
1013,normal,1691509933.3694863,0.099590300000000007,0.099590300000000007,0.099590300000000007,1691509933.4690766,1691509933.4690766,1691509933.4788983,1691509933.4690766,1691509933.3693202,1691509933.4690766,127180,0,0,0,21847,0.010015249252319336,
1014,normal,1691509933.4696321,0.10019485,0.10019485,0.10019485,1691509933.5698271,1691509933.5698271,1691509933.5795517,1691509933.5698271,1691509933.4690766,1691509933.5698271,127116,0,0,0,22363,0.01057887077331543,
1015,normal,1691509933.5696964,0.10026492000000001,0.10026492000000001,0.10026492000000001,1691509933.6699615,1691509933.6699615,1691509933.6789448,1691509933.6699615,1691509933.5689728,1691509933.6699615,127132,0,0,0,22436,0.010067224502563477,
1016,normal,1691509933.6699758,0.10000311000000001,0.10000311000000001,0.10000311000000001,1691509933.7699788,1691509933.7699788,1691509933.7789216,1691509933.7699788,1691509933.6699615,1691509933.7699788,127112,0,0,0,22446,0.010013580322265625,
1017,normal,1691509933.7700543,0.099749070000000009,0.099749070000000009,0.099749070000000009,1691509933.8698034,1691509933.8698034,1691509933.8795264,1691509933.8698034,1691509933.7699788,1691509933.8698034,127074,0,0,0,22503,0.010622978210449219,
1018,normal,1691509933.8699384,0.09945770000000001,0.09945770000000001,0.09945770000000001,1691509933.9693961,1691509933.9693961,1691509933.9790909,1691509933.9693961,1691509933.8698034,1691509933.9693961,127182,0,0,0,22606,0.010126352310180664,
1019,normal,1691509933.9694459,0.09969929000000001,0.09969929000000001,0.09969929000000001,1691509934.0691452,1691509934.0691452,1691509934.0790331,1691509934.0691452,1691509933.9693961,1691509934.0691452,127118,0,0,0,22680,0.010073661804199219,
1020,normal,1691509934.0696621,0.099914430000000012,0.099914430000000012,0.099914430000000012,1691509934.1695764,1691509934.1695764,1691509934.1789727,1691509934.1695764,1691509934.0691452,1691509934.1695764,127128,0,0,0,22466,0.0098979473114013672,
1021,normal,1691509934.1691573,0.10009560000000001,0.10009560000000001,0.10009560000000001,1691509934.2692528,1691509934.2692528,1691509934.279485,1691509934.2692528,1691509934.1690748,1691509934.2692528,127054,0,0,0,22203,0.010460615158081055,
1022,normal,1691509934.2696249,0.10017768000000001,0.10017768000000001,0.10017768000000001,1691509934.3698027,1691509934.3698027,1691509934.3796005,1691509934.3698027,1691509934.2692528,1691509934.3698027,127039,0,0,0,22147,0.010666131973266602,
1023,normal,1691509934.3698606,0.10013485000000001,0.10013485000000001,0.10013485000000001,1691509934.4699955,1691509934.4699955,1691509934.479033,1691509934.4699955,1691509934.3698027,1691509934.4699955,126995,0,0,0,22380,0.010017633438110352,
1024,normal,1691509934.4702144,0.10074345000000001,0.10074345000000001,0.10074345000000001,1691509934.5709579,1691509934.5709579,1691509934.5790215,1691509934.5709579,1691509934.4699955,1691509934.5709579,127006,0,0,0,22437,0.00926971435546875,
1025,normal,1691509934.5709126,0.0999496,0.0999496,0.0999496,1691509934.6708622,1691509934.6708622,1691509934.6790683,1691509934.6708622,1691509934.5697517,1691509934.6708622,126996,0,0,0,22254,0.0099582672119140625,
1026,normal,1691509934.6709647,0.099682270000000003,0.099682270000000003,0.099682270000000003,1691509934.770647,1691509934.770647,1691509934.7789772,1691509934.770647,1691509934.6708622,1691509934.770647,126816,0,0,0,22148,0.0094692707061767578,
1027,normal,1691509934.7707431,0.099660030000000011,0.099660030000000011,0.099660030000000011,1691509934.8704031,1691509934.8704031,1691509934.8789845,1691509934.8704031,1691509934.770647,1691509934.8704031,126865,0,0,0,22274,0.0096170902252197266,
1028,normal,1691509934.8705478,0.099395350000000007,0.099395350000000007,0.099395350000000007,1691509934.969943,1691509934.969943,1691509934.9796708,1691509934.969943,1691509934.8704031,1691509934.969943,126808,0,0,0,22490,0.0106658935546875,
1029,normal,1691509934.9699543,0.099737320000000004,0.099737320000000004,0.099737320000000004,1691509935.0696917,1691509935.0696917,1691509935.0795667,1691509935.0696917,1691509934.969943,1691509935.0696917,126830,0,0,0,22639,0.010530710220336914,
1030,normal,1691509935.0698328,0.10019409,0.10019409,0.10019409,1691509935.1700268,1691509935.1700268,1691509935.1791136,1691509935.1700268,1691509935.0696917,1691509935.1700268,126666,0,0,0,22639,0.010109186172485352,
1031,normal,1691509935.1701822,0.09997853000000001,0.09997853000000001,0.09997853000000001,1691509935.2701607,1691509935.2701607,1691509935.2791374,1691509935.2701607,1691509935.1700268,1691509935.2701607,126560,0,0,0,22777,0.010099887847900391,
1032,normal,1691509935.2702253,0.099833490000000011,0.099833490000000011,0.099833490000000011,1691509935.3700588,1691509935.3700588,1691509935.3791366,1691509935.3700588,1691509935.2701607,1691509935.3700588,126521,0,0,0,23170,0.010105133056640625,
1033,normal,1691509935.3702679,0.10005938,0.10005938,0.10005938,1691509935.4703271,1691509935.4703271,1691509935.4791396,1691509935.4703271,1691509935.3700588,1691509935.4703271,126491,0,0,0,23487,0.0099709033966064453,
1034,normal,1691509935.4703159,0.09991462000000001,0.09991462000000001,0.09991462000000001,1691509935.5702305,1691509935.5702305,1691509935.5791326,1691509935.5702305,1691509935.4691687,1691509935.5702305,126421,0,0,0,23376,0.0098419189453125,
1035,normal,1691509935.5708954,0.099647620000000006,0.099647620000000006,0.099647620000000006,1691509935.670543,1691509935.670543,1691509935.6793005,1691509935.670543,1691509935.5702305,1691509935.670543,126322,0,0,0,23376,0.010114669799804688,
1036,normal,1691509935.6701736,0.099939320000000012,0.099939320000000012,0.099939320000000012,1691509935.770113,1691509935.770113,1691509935.7798891,1691509935.770113,1691509935.6691859,1691509935.770113,126179,0,0,0,23555,0.010715007781982422,
1037,normal,1691509935.7701437,0.099567510000000012,0.099567510000000012,0.099567510000000012,1691509935.8697112,1691509935.8697112,1691509935.8796079,1691509935.8697112,1691509935.770113,1691509935.8697112,126199,0,0,0,23984,0.010351181030273438,
1038,normal,1691509935.8702874,0.099897160000000013,0.099897160000000013,0.099897160000000013,1691509935.9701846,1691509935.9701846,1691509935.9796324,1691509935.9701846,1691509935.8697112,1691509935.9701846,126067,0,0,0,24235,0.010423421859741211,
1039,normal,1691509935.9698298,0.099940950000000001,0.099940950000000001,0.099940950000000001,1691509936.0697708,1691509936.0697708,1691509936.0797377,1691509936.0697708,1691509935.969209,1691509936.0697708,125998,0,0,0,24439,0.010457992553710938,
1040,normal,1691509936.0699856,0.10021012,0.10021012,0.10021012,1691509936.1701958,1691509936.1701958,1691509936.179414,1691509936.1701958,1691509936.0697708,1691509936.1701958,125826,0,0,0,24464,0.010210275650024414,
1041,normal,1691509936.1703498,0.10012251000000001,0.10012251000000001,0.10012251000000001,1691509936.2704723,1691509936.2704723,1691509936.2791798,1691509936.2704723,1691509936.1701958,1691509936.2704723,125770,0,0,0,24313,0.0098319053649902344,
1042,normal,1691509936.2706704,0.10029261,0.10029261,0.10029261,1691509936.3709631,1691509936.3709631,1691509936.3792403,1691509936.3709631,1691509936.2704723,1691509936.3709631,125703,0,0,0,24220,0.0095384120941162109,
1043,normal,1691509936.3709097,0.099743460000000006,0.099743460000000006,0.099743460000000006,1691509936.4706531,1691509936.4706531,1691509936.479012,1691509936.4706531,1691509936.3697019,1691509936.4706531,125838,0,0,0,23767,0.0094451904296875,
1044,normal,1691509936.4707389,0.099531910000000001,0.099531910000000001,0.099531910000000001,1691509936.5702708,1691509936.5702708,1691509936.5792613,1691509936.5702708,1691509936.4706531,1691509936.5702708,125862,0,0,0,23454,0.010037422180175781,
1045,normal,1691509936.5702341,0.099737070000000011,0.099737070000000011,0.099737070000000011,1691509936.6699712,1691509936.6699712,1691509936.6799827,1691509936.6699712,1691509936.5692239,1691509936.6699712,125791,0,0,0,23556,0.010694742202758789,
1046,normal,1691509936.6702039,0.099336690000000005,0.099336690000000005,0.099336690000000005,1691509936.7695405,1691509936.7695405,1691509936.7713385,1691509936.7695405,1691509936.6699712,1691509936.7695405,126036,0,0,0,23760,0.012053251266479492,
1047,normal,1691509936.7695978,0.099649510000000011,0.099649510000000011,0.099649510000000011,1691509936.8692472,1691509936.8692472,1691509936.8711209,1691509936.8692472,1691509936.7695405,1691509936.8692472,126015,0,0,0,23776,0.01178741455078125,
1048,normal,1691509936.8694205,0.10004609,0.10004609,0.10004609,1691509936.9694667,1691509936.9694667,1691509936.9714034,1691509936.9694667,1691509936.8692472,1691509936.9694667,126071,0,0,0,23813,0.012101650238037109,
1049,normal,1691509936.969645,0.10012439000000001,0.10012439000000001,0.10012439000000001,1691509937.0697694,1691509937.0697694,1691509937.0796218,1691509937.0697694,1691509936.9694667,1691509937.0697694,126026,0,0,0,23968,0.010174751281738281,
1050,normal,1691509937.0699334,0.099822480000000005,0.099822480000000005,0.099822480000000005,1691509937.1697559,1691509937.1697559,1691509937.1795053,1691509937.1697559,1691509937.0697694,1691509937.1697559,126066,0,0,0,24258,0.010152101516723633,
1051,normal,1691509937.170047,0.10046238,0.10046238,0.10046238,1691509937.2705095,1691509937.2705095,1691509937.2800572,1691509937.2705095,1691509937.1697559,1691509937.2705095,126107,0,0,0,23842,0.010690450668334961,
1052,normal,1691509937.2703099,0.10017196,0.10017196,0.10017196,1691509937.370482,1691509937.370482,1691509937.3794184,1691509937.370482,1691509937.2693667,1691509937.370482,126123,0,0,0,23167,0.010000944137573242,
1053,normal,1691509937.3706415,0.099894430000000006,0.099894430000000006,0.099894430000000006,1691509937.470536,1691509937.470536,1691509937.4794385,1691509937.470536,1691509937.370482,1691509937.470536,126230,0,0,0,22637,0.010045051574707031,
1054,normal,1691509937.4709818,0.099813499999999999,0.099813499999999999,0.099813499999999999,1691509937.5707953,1691509937.5707953,1691509937.5793233,1691509937.5707953,1691509937.470536,1691509937.5707953,126188,0,0,0,22418,0.0098934173583984375,
1055,normal,1691509937.5704212,0.099613430000000003,0.099613430000000003,0.099613430000000003,1691509937.6700346,1691509937.6700346,1691509937.6800663,1691509937.6700346,1691509937.5694299,1691509937.6700346,126145,0,0,0,21982,0.010568618774414062,
1056,normal,1691509937.6702571,0.099828940000000005,0.099828940000000005,0.099828940000000005,1691509937.7700861,1691509937.7700861,1691509937.7800219,1691509937.7700861,1691509937.6700346,1691509937.7700861,126070,0,0,0,21614,0.01048588752746582,
1057,normal,1691509937.7703073,0.099681110000000003,0.099681110000000003,0.099681110000000003,1691509937.8699884,1691509937.8699884,1691509937.8797696,1691509937.8699884,1691509937.7700861,1691509937.8699884,126113,0,0,0,21259,0.010243892669677734,
1058,normal,1691509937.8699806,0.099946000000000007,0.099946000000000007,0.099946000000000007,1691509937.9699266,1691509937.9699266,1691509937.9799597,1691509937.9699266,1691509937.8695257,1691509937.9699266,126246,0,0,0,20748,0.01056218147277832,
1059,normal,1691509937.9700725,0.099890140000000002,0.099890140000000002,0.099890140000000002,1691509938.0699627,1691509938.0699627,1691509938.0798583,1691509938.0699627,1691509937.9699266,1691509938.0699627,126145,0,0,0,20620,0.010366201400756836,
1060,normal,1691509938.0700314,0.10022241000000001,0.10022241000000001,0.10022241000000001,1691509938.1702538,1691509938.1702538,1691509938.1801317,1691509938.1702538,1691509938.0699627,1691509938.1702538,126136,0,0,0,20657,0.010630607604980469,
1061,normal,1691509938.170383,0.099951350000000008,0.099951350000000008,0.099951350000000008,1691509938.2703342,1691509938.2703342,1691509938.2802615,1691509938.2703342,1691509938.1702538,1691509938.2703342,126134,0,0,0,20230,0.010739803314208984,
1062,normal,1691509938.270422,0.10010377000000001,0.10010377000000001,0.10010377000000001,1691509938.3705258,1691509938.3705258,1691509938.3794105,1691509938.3705258,1691509938.2703342,1691509938.3705258,126147,0,0,0,19817,0.0099050998687744141,
1063,normal,1691509938.3706901,0.099869940000000004,0.099869940000000004,0.099869940000000004,1691509938.4705601,1691509938.4705601,1691509938.4794939,1691509938.4705601,1691509938.3705258,1691509938.4705601,126149,0,0,0,19688,0.0099637508392333984,
1064,normal,1691509938.4706619,0.09960896000000001,0.09960896000000001,0.09960896000000001,1691509938.5702708,1691509938.5702708,1691509938.5799539,1691509938.5702708,1691509938.4705601,1691509938.5702708,125207,0,0,0,19664,0.010319948196411133,
1065,normal,1691509938.5702455,0.099777340000000006,0.099777340000000006,0.099777340000000006,1691509938.6700227,1691509938.6700227,1691509938.6800389,1691509938.6700227,1691509938.569634,1691509938.6700227,122705,0,0,0,19437,0.010470151901245117,
1066,normal,1691509938.6701796,0.099897160000000013,0.099897160000000013,0.099897160000000013,1691509938.7700768,1691509938.7700768,1691509938.7800887,1691509938.7700768,1691509938.6700227,1691509938.7700768,117811,0,0,0,19211,0.010453701019287109,
1067,normal,1691509938.770256,0.10031683000000001,0.10031683000000001,0.10031683000000001,1691509938.8705728,1691509938.8705728,1691509938.8796,1691509938.8705728,1691509938.7700768,1691509938.8705728,113664,0,0,0,18850,0.010047674179077148,
1068,normal,1691509938.8705876,0.09985266000000001,0.09985266000000001,0.09985266000000001,1691509938.9704401,1691509938.9704401,1691509938.9795756,1691509938.9704401,1691509938.8705728,1691509938.9704401,110279,0,0,0,18873,0.009983062744140625,
1069,normal,1691509938.9706075,0.10023943,0.10023943,0.10023943,1691509939.070847,1691509939.070847,1691509939.0794885,1691509939.070847,1691509938.9704401,1691509939.070847,108972,0,0,0,18974,0.0095529556274414062,
1070,normal,1691509939.0710042,0.099854540000000006,0.099854540000000006,0.099854540000000006,1691509939.1708586,1691509939.1708586,1691509939.1795185,1691509939.1708586,1691509939.070847,1691509939.1708586,107072,0,0,0,18897,0.009906768798828125,
1071,normal,1691509939.1707954,0.099802830000000009,0.099802830000000009,0.099802830000000009,1691509939.2705982,1691509939.2705982,1691509939.279633,1691509939.2705982,1691509939.1696117,1691509939.2705982,106311,0,0,0,18764,0.010024785995483398,
1072,normal,1691509939.2707555,0.099774990000000008,0.099774990000000008,0.099774990000000008,1691509939.3705306,1691509939.3705306,1691509939.3796499,1691509939.3705306,1691509939.2705982,1691509939.3705306,106474,0,0,0,18686,0.01002192497253418,
1073,normal,1691509939.3706889,0.099713920000000011,0.099713920000000011,0.099713920000000011,1691509939.4704027,1691509939.4704027,1691509939.4802432,1691509939.4704027,1691509939.3705306,1691509939.4704027,106664,0,0,0,18883,0.010691165924072266,
1074,normal,1691509939.4705431,0.09981131,0.09981131,0.09981131,1691509939.5703545,1691509939.5703545,1691509939.5802057,1691509939.5703545,1691509939.4704027,1691509939.5703545,106600,0,0,0,18868,0.010634899139404297,
1075,normal,1691509939.5703959,0.10012757000000001,0.10012757000000001,0.10012757000000001,1691509939.6705234,1691509939.6705234,1691509939.6795993,1691509939.6705234,1691509939.5703545,1691509939.6705234,107009,0,0,0,18730,0.010050773620605469,
1076,normal,1691509939.6705725,0.10012814,0.10012814,0.10012814,1691509939.7707007,1691509939.7707007,1691509939.7795825,1691509939.7707007,1691509939.6705234,1691509939.7707007,106836,0,0,0,18547,0.0098936557769775391,
1077,normal,1691509939.7708497,0.099832250000000011,0.099832250000000011,0.099832250000000011,1691509939.870682,1691509939.870682,1691509939.87972,1691509939.870682,1691509939.7707007,1691509939.870682,106148,0,0,0,18631,0.010083198547363281,
1078,normal,1691509939.8707027,0.099755640000000007,0.099755640000000007,0.099755640000000007,1691509939.9704583,1691509939.9704583,1691509939.9795895,1691509939.9704583,1691509939.870682,1691509939.9704583,105641,0,0,0,18934,0.0099425315856933594,
1079,normal,1691509939.9706564,0.099986100000000008,0.099986100000000008,0.099986100000000008,1691509940.0706425,1691509940.0706425,1691509940.0796623,1691509940.0706425,1691509939.9704583,1691509940.0706425,105740,0,0,0,19152,0.010047435760498047,
1080,normal,1691509940.0707893,0.099831310000000006,0.099831310000000006,0.099831310000000006,1691509940.1706207,1691509940.1706207,1691509940.1796312,1691509940.1706207,1691509940.0706425,1691509940.1706207,106916,0,0,0,19177,0.010049581527709961,
1081,normal,1691509940.1706183,0.099675980000000011,0.099675980000000011,0.099675980000000011,1691509940.2702942,1691509940.2702942,1691509940.2802489,1691509940.2702942,1691509940.1695817,1691509940.2702942,108820,0,0,0,19152,0.010663986206054688,
1082,normal,1691509940.2704382,0.099884280000000006,0.099884280000000006,0.099884280000000006,1691509940.3703225,1691509940.3703225,1691509940.3801312,1691509940.3703225,1691509940.2702942,1691509940.3703225,110129,0,0,0,19445,0.010512828826904297,
1083,normal,1691509940.3707588,0.099809530000000007,0.099809530000000007,0.099809530000000007,1691509940.4705684,1691509940.4705684,1691509940.4799943,1691509940.4705684,1691509940.3703225,1691509940.4705684,111407,0,0,0,19700,0.010347127914428711,
1084,normal,1691509940.4703424,0.099543370000000006,0.099543370000000006,0.099543370000000006,1691509940.5698857,1691509940.5698857,1691509940.5718346,1691509940.5698857,1691509940.4696472,1691509940.5698857,114443,0,0,0,19835,0.012200355529785156,
1085,normal,1691509940.5699446,0.099694520000000009,0.099694520000000009,0.099694520000000009,1691509940.6696391,1691509940.6696391,1691509940.6717174,1691509940.6696391,1691509940.5698857,1691509940.6696391,119365,0,0,0,19914,0.012023687362670898,
1086,normal,1691509940.6698406,0.10007358000000001,0.10007358000000001,0.10007358000000001,1691509940.7699142,1691509940.7699142,1691509940.7717493,1691509940.7699142,1691509940.6696391,1691509940.7699142,120199,0,0,0,20017,0.012020587921142578,
1087,normal,1691509940.7700598,0.09992529,0.09992529,0.09992529,1691509940.8699851,1691509940.8699851,1691509940.8800271,1691509940.8699851,1691509940.7699142,1691509940.8699851,120783,0,0,0,20350,0.010100364685058594,
1088,normal,1691509940.8699956,0.10031815000000001,0.10031815000000001,0.10031815000000001,1691509940.9703138,1691509940.9703138,1691509940.9802339,1691509940.9703138,1691509940.8699851,1691509940.9703138,123247,0,0,0,20534,0.010388374328613281,
1089,normal,1691509940.9706507,0.10041622,0.10041622,0.10041622,1691509941.0710669,1691509941.0710669,1691509941.0797348,1691509941.0710669,1691509940.9703138,1691509941.0710669,125725,0,0,0,20582,0.0098340511322021484,
1090,normal,1691509941.0710526,0.10020032000000001,0.10020032000000001,0.10020032000000001,1691509941.171253,1691509941.171253,1691509941.1797192,1691509941.171253,1691509941.0699008,1691509941.171253,126794,0,0,0,20629,0.0096428394317626953,
1091,normal,1691509941.1712763,0.099953780000000006,0.099953780000000006,0.099953780000000006,1691509941.2712302,1691509941.2712302,1691509941.2797575,1691509941.2712302,1691509941.171253,1691509941.2712302,126760,0,0,0,20973,0.009555816650390625,
1092,normal,1691509941.2713456,0.099483990000000008,0.099483990000000008,0.099483990000000008,1691509941.3708296,1691509941.3708296,1691509941.3799672,1691509941.3708296,1691509941.2712302,1691509941.3708296,126757,0,0,0,21404,0.0099232196807861328,
1093,normal,1691509941.3712564,0.099558810000000011,0.099558810000000011,0.099558810000000011,1691509941.4708152,1691509941.4708152,1691509941.4806328,1691509941.4708152,1691509941.3708296,1691509941.4708152,126708,0,0,0,21681,0.010872840881347656,
1094,normal,1691509941.4706967,0.099728460000000005,0.099728460000000005,0.099728460000000005,1691509941.570425,1691509941.570425,1691509941.580291,1691509941.570425,1691509941.4697599,1691509941.570425,126877,0,0,0,21722,0.01033782958984375,
1095,normal,1691509941.5704591,0.099735710000000005,0.099735710000000005,0.099735710000000005,1691509941.6701949,1691509941.6701949,1691509941.6802685,1691509941.6701949,1691509941.570425,1691509941.6701949,126880,0,0,0,21796,0.010273456573486328,
1096,normal,1691509941.6703386,0.099861200000000011,0.099861200000000011,0.099861200000000011,1691509941.7701998,1691509941.7701998,1691509941.7801807,1691509941.7701998,1691509941.6701949,1691509941.7701998,126801,0,0,0,22176,0.010183811187744141,
1097,normal,1691509941.7703521,0.099930230000000009,0.099930230000000009,0.099930230000000009,1691509941.8702824,1691509941.8702824,1691509941.8802609,1691509941.8702824,1691509941.7701998,1691509941.8702824,126873,0,0,0,22721,0.010249614715576172,
1098,normal,1691509941.8704648,0.10024897000000001,0.10024897000000001,0.10024897000000001,1691509941.9707139,1691509941.9707139,1691509941.9806633,1691509941.9707139,1691509941.8702824,1691509941.9707139,126767,0,0,0,22954,0.010717868804931641,
1099,normal,1691509941.9708383,0.10016561,0.10016561,0.10016561,1691509942.0710039,1691509942.0710039,1691509942.0799596,1691509942.0710039,1691509941.9707139,1691509942.0710039,126821,0,0,0,23205,0.010110616683959961,
1100,normal,1691509942.071003,0.0999052,0.0999052,0.0999052,1691509942.1709082,1691509942.1709082,1691509942.17996,1691509942.1709082,1691509942.069849,1691509942.1709082,126784,0,0,0,23617,0.010098695755004883,
1101,normal,1691509942.1710374,0.099755820000000009,0.099755820000000009,0.099755820000000009,1691509942.2707932,1691509942.2707932,1691509942.2805538,1691509942.2707932,1691509942.1709082,1691509942.2707932,126694,0,0,0,24334,0.010633707046508789,
1102,normal,1691509942.2708182,0.099375910000000012,0.099375910000000012,0.099375910000000012,1691509942.3701942,1691509942.3701942,1691509942.3802118,1691509942.3701942,1691509942.2707932,1691509942.3701942,126693,0,0,0,25067,0.010147571563720703,
1103,normal,1691509942.3707347,0.099745790000000001,0.099745790000000001,0.099745790000000001,1691509942.4704804,1691509942.4704804,1691509942.4720094,1691509942.4704804,1691509942.3701942,1691509942.4704804,126842,0,0,0,25632,0.01204228401184082,
1104,normal,1691509942.4702399,0.099987010000000001,0.099987010000000001,0.099987010000000001,1691509942.5702269,1691509942.5702269,1691509942.5801384,1691509942.5702269,1691509942.4599671,1691509942.5702269,126813,0,0,0,26126,0.010095119476318359,
1105,normal,1691509942.5706573,0.10041563000000001,0.10041563000000001,0.10041563000000001,1691509942.671073,1691509942.671073,1691509942.6806154,1691509942.671073,1691509942.5702269,1691509942.671073,126748,0,0,0,26787,0.010894775390625,
1106,normal,1691509942.6707559,0.10008551,0.10008551,0.10008551,1691509942.7708414,1691509942.7708414,1691509942.7801027,1691509942.7708414,1691509942.6697206,1691509942.7708414,126725,0,0,0,27748,0.010121345520019531,
1107,normal,1691509942.7711074,0.10023979000000001,0.10023979000000001,0.10023979000000001,1691509942.8713472,1691509942.8713472,1691509942.8800502,1691509942.8713472,1691509942.7708414,1691509942.8713472,126527,0,0,0,28618,0.0098514556884765625,
1108,normal,1691509942.8713439,0.099979600000000002,0.099979600000000002,0.099979600000000002,1691509942.9713235,1691509942.9713235,1691509942.9800353,1691509942.9713235,1691509942.8701987,1691509942.9713235,126708,0,0,0,29220,0.0097591876983642578,
1109,normal,1691509942.9714055,0.099532080000000009,0.099532080000000009,0.099532080000000009,1691509943.0709376,1691509943.0709376,1691509943.0806434,1691509943.0709376,1691509942.9713235,1691509943.0709376,126490,0,0,0,29594,0.010654211044311523,
1110,normal,1691509943.0710216,0.099509680000000003,0.099509680000000003,0.099509680000000003,1691509943.1705313,1691509943.1705313,1691509943.1803701,1691509943.1705313,1691509943.0709376,1691509943.1705313,126351,0,0,0,30056,0.010269403457641602,
1111,normal,1691509943.170532,0.099567280000000008,0.099567280000000008,0.099567280000000008,1691509943.2700992,1691509943.2700992,1691509943.2722349,1691509943.2700992,1691509943.1705313,1691509943.2700992,126358,0,0,0,30683,0.012139320373535156,
1112,normal,1691509943.2703662,0.099072770000000004,0.099072770000000004,0.099072770000000004,1691509943.3694389,1691509943.3694389,1691509943.3714819,1691509943.3694389,1691509943.2700992,1691509943.3694389,126428,0,0,0,30743,0.010781288146972656,
1113,normal,1691509943.3697567,0.099690590000000009,0.099690590000000009,0.099690590000000009,1691509943.4694474,1691509943.4694474,1691509943.4714732,1691509943.4694474,1691509943.3694389,1691509943.4694474,126308,0,0,0,30477,0.010994911193847656,
1114,normal,1691509943.4695258,0.10072137,0.10072137,0.10072137,1691509943.5702472,1691509943.5702472,1691509943.5721142,1691509943.5702472,1691509943.4694474,1691509943.5702472,126479,0,0,0,30238,0.011950016021728516,
1115,normal,1691509943.5704215,0.10010867000000001,0.10010867000000001,0.10010867000000001,1691509943.6705301,1691509943.6705301,1691509943.672298,1691509943.6705301,1691509943.5702472,1691509943.6705301,126142,0,0,0,30309,0.012089967727661133,
1116,normal,1691509943.6704741,0.10014240000000001,0.10014240000000001,0.10014240000000001,1691509943.7706165,1691509943.7706165,1691509943.7804108,1691509943.7706165,1691509943.660208,1691509943.7706165,126133,0,0,0,30615,0.010283946990966797,
1117,normal,1691509943.7706106,0.09998804,0.09998804,0.09998804,1691509943.8705986,1691509943.8705986,1691509943.8806534,1691509943.8705986,1691509943.7701268,1691509943.8705986,125984,0,0,0,30479,0.01050114631652832,
1118,normal,1691509943.8708708,0.10016422000000001,0.10016422000000001,0.10016422000000001,1691509943.971035,1691509943.971035,1691509943.980813,1691509943.971035,1691509943.8705986,1691509943.971035,125955,0,0,0,30085,0.010610103607177734,
1119,normal,1691509943.971061,0.10015699,0.10015699,0.10015699,1691509944.071218,1691509944.071218,1691509944.0802555,1691509944.071218,1691509943.971035,1691509944.071218,125783,0,0,0,29999,0.010072946548461914,
1120,normal,1691509944.0713673,0.10000581,0.10000581,0.10000581,1691509944.1713731,1691509944.1713731,1691509944.1802893,1691509944.1713731,1691509944.071218,1691509944.1713731,125631,0,0,0,30223,0.0099995136260986328,
1121,normal,1691509944.1714535,0.099738930000000003,0.099738930000000003,0.099738930000000003,1691509944.2711923,1691509944.2711923,1691509944.2803097,1691509944.2711923,1691509944.1713731,1691509944.2711923,125625,0,0,0,30313,0.010140895843505859,
1122,normal,1691509944.2712719,0.10003835000000001,0.10003835000000001,0.10003835000000001,1691509944.3713102,1691509944.3713102,1691509944.380255,1691509944.3713102,1691509944.2711923,1691509944.3713102,125514,0,0,0,30074,0.0098795890808105469,
1123,normal,1691509944.3715091,0.10091226,0.10091226,0.10091226,1691509944.4724214,1691509944.4724214,1691509944.4808438,1691509944.4724214,1691509944.3713102,1691509944.4724214,125277,0,0,0,29649,0.010559558868408203,
1124,normal,1691509944.4726949,0.10069876000000001,0.10069876000000001,0.10069876000000001,1691509944.5733936,1691509944.5733936,1691509944.5802948,1691509944.5733936,1691509944.4724214,1691509944.5733936,124878,0,0,0,29489,0.0097510814666748047,
1125,normal,1691509944.5733304,0.099546760000000012,0.099546760000000012,0.099546760000000012,1691509944.6728771,1691509944.6728771,1691509944.6802926,1691509944.6728771,1691509944.5705438,1691509944.6728771,124572,0,0,0,29743,0.010087728500366211,
1126,normal,1691509944.6729658,0.099591010000000008,0.099591010000000008,0.099591010000000008,1691509944.7725568,1691509944.7725568,1691509944.7807314,1691509944.7725568,1691509944.6728771,1691509944.7725568,124749,0,0,0,30066,0.01043248176574707,
1127,normal,1691509944.7726302,0.099636180000000005,0.099636180000000005,0.099636180000000005,1691509944.8722663,1691509944.8722663,1691509944.880676,1691509944.8722663,1691509944.7725568,1691509944.8722663,124812,0,0,0,29771,0.010385751724243164,
1128,normal,1691509944.872416,0.099604720000000008,0.099604720000000008,0.099604720000000008,1691509944.9720206,1691509944.9720206,1691509944.9803183,1691509944.9720206,1691509944.8722663,1691509944.9720206,124980,0,0,0,29488,0.0095386505126953125,
1129,normal,1691509944.9720197,0.099269070000000001,0.099269070000000001,0.099269070000000001,1691509945.0712888,1691509945.0712888,1691509945.0810447,1691509945.0712888,1691509944.9707797,1691509945.0712888,124714,0,0,0,29450,0.01067662239074707,
1130,normal,1691509945.0714076,0.098868690000000009,0.098868690000000009,0.098868690000000009,1691509945.1702762,1691509945.1702762,1691509945.1724668,1691509945.1702762,1691509945.0712888,1691509945.1702762,124698,0,0,0,29101,0.012010335922241211,
1131,normal,1691509945.170398,0.098871690000000012,0.098871690000000012,0.098871690000000012,1691509945.2692697,1691509945.2692697,1691509945.2709701,1691509945.2692697,1691509945.1702762,1691509945.2692697,124749,0,0,0,28476,0.010524272918701172,
1132,normal,1691509945.269346,0.099587700000000001,0.099587700000000001,0.099587700000000001,1691509945.3689337,1691509945.3689337,1691509945.3709519,1691509945.3689337,1691509945.2692697,1691509945.3689337,124884,0,0,0,27467,0.010565519332885742,
1133,normal,1691509945.3692918,0.10088657000000001,0.10088657000000001,0.10088657000000001,1691509945.4701784,1691509945.4701784,1691509945.4720716,1691509945.4701784,1691509945.3689337,1691509945.4701784,125248,0,0,0,26689,0.011659145355224609,
1134,normal,1691509945.4704287,0.10093095000000001,0.10093095000000001,0.10093095000000001,1691509945.5713596,1691509945.5713596,1691509945.5810091,1691509945.5713596,1691509945.4701784,1691509945.5713596,125320,0,0,0,26227,0.010514974594116211,
1135,normal,1691509945.571089,0.10044058,0.10044058,0.10044058,1691509945.6715295,1691509945.6715295,1691509945.6803808,1691509945.6715295,1691509945.5704942,1691509945.6715295,125225,0,0,0,26158,0.0097987651824951172,
1136,normal,1691509945.6718051,0.099555710000000006,0.099555710000000006,0.099555710000000006,1691509945.7713609,1691509945.7713609,1691509945.780463,1691509945.7713609,1691509945.6715295,1691509945.7713609,125521,0,0,0,25884,0.010052204132080078,
1137,normal,1691509945.771333,0.10082459000000001,0.10082459000000001,0.10082459000000001,1691509945.8721576,1691509945.8721576,1691509945.8805127,1691509945.8721576,1691509945.7704108,1691509945.8721576,125874,0,0,0,25363,0.00960540771484375,
1138,normal,1691509945.8724079,0.10003297000000001,0.10003297000000001,0.10003297000000001,1691509945.972441,1691509945.972441,1691509945.980716,1691509945.972441,1691509945.8721576,1691509945.972441,126152,0,0,0,24872,0.010300636291503906,
1139,normal,1691509945.9725761,0.099580760000000004,0.099580760000000004,0.099580760000000004,1691509946.0721569,1691509946.0721569,1691509946.0805054,1691509946.0721569,1691509945.972441,1691509946.0721569,126265,0,0,0,24606,0.0097379684448242188,
1140,normal,1691509946.0720806,0.099480200000000005,0.099480200000000005,0.099480200000000005,1691509946.1715608,1691509946.1715608,1691509946.1803844,1691509946.1715608,1691509946.0707674,1691509946.1715608,126634,0,0,0,24458,0.0098247528076171875,
1141,normal,1691509946.171844,0.098888650000000008,0.098888650000000008,0.098888650000000008,1691509946.2707326,1691509946.2707326,1691509946.2725492,1691509946.2707326,1691509946.1715608,1691509946.2707326,126975,0,0,0,24426,0.012004852294921875,
1142,normal,1691509946.2708185,0.10005760000000001,0.10005760000000001,0.10005760000000001,1691509946.3708761,1691509946.3708761,1691509946.3809366,1691509946.3708761,1691509946.2707326,1691509946.3708761,126781,0,0,0,23883,0.01038670539855957,
1143,normal,1691509946.370918,0.10026574000000001,0.10026574000000001,0.10026574000000001,1691509946.4711838,1691509946.4711838,1691509946.4810319,1691509946.4711838,1691509946.3708761,1691509946.4711838,126478,0,0,0,23586,0.010596513748168945,
1144,normal,1691509946.4711802,0.10049011000000001,0.10049011000000001,0.10049011000000001,1691509946.5716703,1691509946.5716703,1691509946.5804644,1691509946.5716703,1691509946.4704354,1691509946.5716703,126378,0,0,0,23577,0.0096154212951660156,
1145,normal,1691509946.5719223,0.098730410000000005,0.098730410000000005,0.098730410000000005,1691509946.6706526,1691509946.6706526,1691509946.6723926,1691509946.6706526,1691509946.5716703,1691509946.6706526,125720,0,0,0,23638,0.011890649795532227,
1146,normal,1691509946.6706438,0.098626840000000007,0.098626840000000007,0.098626840000000007,1691509946.7692707,1691509946.7692707,1691509946.7711482,1691509946.7692707,1691509946.660502,1691509946.7692707,125542,0,0,0,23649,0.010610818862915039,
1147,normal,1691509946.7694907,0.099993890000000002,0.099993890000000002,0.099993890000000002,1691509946.8694847,1691509946.8694847,1691509946.8712838,1691509946.8694847,1691509946.7692707,1691509946.8694847,125422,0,0,0,23683,0.010649919509887695,
1148,normal,1691509946.8695819,0.099284610000000009,0.099284610000000009,0.099284610000000009,1691509946.9688666,1691509946.9688666,1691509946.9727626,1691509946.9688666,1691509946.8694847,1691509946.9688666,126431,0,0,0,23947,0.01216435432434082,
1149,normal,1691509946.9689827,0.09933823,0.09933823,0.09933823,1691509947.068321,1691509947.068321,1691509947.0718706,1691509947.068321,1691509946.9688666,1691509947.068321,126624,0,0,0,24000,0.010955572128295898,
1150,normal,1691509947.0682735,0.099222150000000009,0.099222150000000009,0.099222150000000009,1691509947.1674957,1691509947.1674957,1691509947.1711726,1691509947.1674957,1691509947.060915,1691509947.1674957,126821,0,0,0,24198,0.010669231414794922,
1151,normal,1691509947.167767,0.099740780000000001,0.099740780000000001,0.099740780000000001,1691509947.2675078,1691509947.2675078,1691509947.2711735,1691509947.2675078,1691509947.1674957,1691509947.2675078,126797,0,0,0,24407,0.010585546493530273,
1152,normal,1691509947.267617,0.10040061,0.10040061,0.10040061,1691509947.3680177,1691509947.3680177,1691509947.3717556,1691509947.3680177,1691509947.2675078,1691509947.3680177,126762,0,0,0,24518,0.011056184768676758,
1153,normal,1691509947.3681288,0.10034501000000001,0.10034501000000001,0.10034501000000001,1691509947.4684737,1691509947.4684737,1691509947.4723077,1691509947.4684737,1691509947.3680177,1691509947.4684737,126763,0,0,0,24612,0.011152029037475586,
1154,normal,1691509947.4686732,0.10105629000000001,0.10105629000000001,0.10105629000000001,1691509947.5697296,1691509947.5697296,1691509947.5716112,1691509947.5697296,1691509947.4684737,1691509947.5697296,126833,0,0,0,24602,0.010932445526123047,
1155,normal,1691509947.5698717,0.10103303000000001,0.10103303000000001,0.10103303000000001,1691509947.6709046,1691509947.6709046,1691509947.6726325,1691509947.6709046,1691509947.5697296,1691509947.6709046,126882,0,0,0,24522,0.011988401412963867,
1156,normal,1691509947.6709306,0.10063923000000001,0.10063923000000001,0.10063923000000001,1691509947.77157,1691509947.77157,1691509947.7807367,1691509947.77157,1691509947.6709046,1691509947.77157,126961,0,0,0,24392,0.010091543197631836,
1157,normal,1691509947.771692,0.10043344000000001,0.10043344000000001,0.10043344000000001,1691509947.8721254,1691509947.8721254,1691509947.8807364,1691509947.8721254,1691509947.77157,1691509947.8721254,126897,0,0,0,24327,0.0097925662994384766,
1158,normal,1691509947.8721387,0.10011112000000001,0.10011112000000001,0.10011112000000001,1691509947.9722497,1691509947.9722497,1691509947.9805996,1691509947.9722497,1691509947.8721254,1691509947.9722497,126980,0,0,0,24275,0.0095098018646240234,
1159,normal,1691509947.9723206,0.099966170000000007,0.099966170000000007,0.099966170000000007,1691509948.0722868,1691509948.0722868,1691509948.0806096,1691509948.0722868,1691509947.9722497,1691509948.0722868,126944,0,0,0,24225,0.0095365047454833984,
1160,normal,1691509948.0723884,0.099742270000000008,0.099742270000000008,0.099742270000000008,1691509948.1721306,1691509948.1721306,1691509948.1806467,1691509948.1721306,1691509948.0722868,1691509948.1721306,126969,0,0,0,24136,0.0096142292022705078,
1161,normal,1691509948.1722236,0.099643400000000007,0.099643400000000007,0.099643400000000007,1691509948.271867,1691509948.271867,1691509948.2807131,1691509948.271867,1691509948.1721306,1691509948.271867,127006,0,0,0,24135,0.010006427764892578,
1162,normal,1691509948.2719059,0.099644850000000007,0.099644850000000007,0.099644850000000007,1691509948.3715508,1691509948.3715508,1691509948.381351,1691509948.3715508,1691509948.271867,1691509948.3715508,127042,0,0,0,24144,0.010668754577636719,
1163,normal,1691509948.371681,0.099577560000000009,0.099577560000000009,0.099577560000000009,1691509948.4712586,1691509948.4712586,1691509948.4811068,1691509948.4712586,1691509948.3715508,1691509948.4712586,127068,0,0,0,24202,0.010432004928588867,
1164,normal,1691509948.4712813,0.099633940000000004,0.099633940000000004,0.099633940000000004,1691509948.5709152,1691509948.5709152,1691509948.5808151,1691509948.5709152,1691509948.4712586,1691509948.5709152,127025,0,0,0,24261,0.010039806365966797,
1165,normal,1691509948.5711968,0.0997894,0.0997894,0.0997894,1691509948.6709862,1691509948.6709862,1691509948.6728623,1691509948.6709862,1691509948.5709152,1691509948.6709862,127024,0,0,0,24323,0.012185573577880859,
1166,normal,1691509948.6709845,0.099841380000000007,0.099841380000000007,0.099841380000000007,1691509948.7708259,1691509948.7708259,1691509948.7728288,1691509948.7708259,1691509948.6606767,1691509948.7708259,126971,0,0,0,24389,0.012077569961547852,
1167,normal,1691509948.7709887,0.099965730000000003,0.099965730000000003,0.099965730000000003,1691509948.8709545,1691509948.8709545,1691509948.8729482,1691509948.8709545,1691509948.7708259,1691509948.8709545,126999,0,0,0,24456,0.012196779251098633,
1168,normal,1691509948.8710451,0.10010432000000001,0.10010432000000001,0.10010432000000001,1691509948.9711494,1691509948.9711494,1691509948.9810779,1691509948.9711494,1691509948.8709545,1691509948.9711494,126960,0,0,0,24475,0.010270357131958008,
1169,normal,1691509948.9711967,0.10000432000000001,0.10000432000000001,0.10000432000000001,1691509949.0712011,1691509949.0712011,1691509949.0811815,1691509949.0712011,1691509948.9711494,1691509949.0712011,126949,0,0,0,24490,0.01041102409362793,
1170,normal,1691509949.0712996,0.10007662000000001,0.10007662000000001,0.10007662000000001,1691509949.1713762,1691509949.1713762,1691509949.1814599,1691509949.1713762,1691509949.0712011,1691509949.1713762,126952,0,0,0,24483,0.010758638381958008,
1171,normal,1691509949.1714327,0.10002877,0.10002877,0.10002877,1691509949.2714615,1691509949.2714615,1691509949.2815187,1691509949.2714615,1691509949.1713762,1691509949.2714615,126968,0,0,0,24493,0.010740041732788086,
1172,normal,1691509949.2718029,0.10012675,0.10012675,0.10012675,1691509949.3719296,1691509949.3719296,1691509949.3809464,1691509949.3719296,1691509949.2714615,1691509949.3719296,126964,0,0,0,24455,0.01026606559753418,
1173,normal,1691509949.37237,0.10000535000000001,0.10000535000000001,0.10000535000000001,1691509949.4723754,1691509949.4723754,1691509949.4809837,1691509949.4723754,1691509949.3719296,1691509949.4723754,127041,0,0,0,24512,0.010223388671875,
1174,normal,1691509949.4721041,0.099897380000000008,0.099897380000000008,0.099897380000000008,1691509949.5720015,1691509949.5720015,1691509949.5808797,1691509949.5720015,1691509949.4707603,1691509949.5720015,126985,0,0,0,24497,0.0099778175354003906,
1175,normal,1691509949.5721776,0.099801030000000013,0.099801030000000013,0.099801030000000013,1691509949.6719787,1691509949.6719787,1691509949.6810005,1691509949.6719787,1691509949.5720015,1691509949.6719787,126924,0,0,0,24503,0.010181427001953125,
1176,normal,1691509949.6720843,0.099903550000000008,0.099903550000000008,0.099903550000000008,1691509949.7719879,1691509949.7719879,1691509949.7810624,1691509949.7719879,1691509949.6719787,1691509949.7719879,126970,0,0,0,24515,0.010344982147216797,
1177,normal,1691509949.7721219,0.099667280000000011,0.099667280000000011,0.099667280000000011,1691509949.8717892,1691509949.8717892,1691509949.8815901,1691509949.8717892,1691509949.7719879,1691509949.8717892,126933,0,0,0,24529,0.010715723037719727,
1178,normal,1691509949.8717268,0.099742350000000007,0.099742350000000007,0.099742350000000007,1691509949.9714692,1691509949.9714692,1691509949.9813366,1691509949.9714692,1691509949.8708744,1691509949.9714692,126912,0,0,0,24518,0.010388612747192383,
1179,normal,1691509949.9716101,0.09984577,0.09984577,0.09984577,1691509950.071456,1691509950.071456,1691509950.0813785,1691509950.071456,1691509949.9714692,1691509950.071456,126919,0,0,0,24521,0.010437488555908203,
1180,normal,1691509950.0715444,0.099850950000000008,0.099850950000000008,0.099850950000000008,1691509950.1713953,1691509950.1713953,1691509950.1813245,1691509950.1713953,1691509950.071456,1691509950.1713953,126930,0,0,0,24508,0.010398149490356445,
1181,normal,1691509950.1715314,0.09982023000000001,0.09982023000000001,0.09982023000000001,1691509950.2713516,1691509950.2713516,1691509950.2813106,1691509950.2713516,1691509950.1713953,1691509950.2713516,127019,0,0,0,24487,0.010366201400756836,
1182,normal,1691509950.271337,0.099741430000000006,0.099741430000000006,0.099741430000000006,1691509950.3710785,1691509950.3710785,1691509950.3811653,1691509950.3710785,1691509950.2709444,1691509950.3710785,126984,0,0,0,24487,0.010127544403076172,
1183,normal,1691509950.3716857,0.09975755,0.09975755,0.09975755,1691509950.4714432,1691509950.4714432,1691509950.4729095,1691509950.4714432,1691509950.3710785,1691509950.4714432,126986,0,0,0,24466,0.011914730072021484,
1184,normal,1691509950.4712594,0.099821590000000002,0.099821590000000002,0.099821590000000002,1691509950.5710809,1691509950.5710809,1691509950.5728667,1691509950.5710809,1691509950.4609947,1691509950.5710809,127023,0,0,0,24426,0.011855125427246094,
1185,normal,1691509950.5711854,0.099899940000000007,0.099899940000000007,0.099899940000000007,1691509950.6710854,1691509950.6710854,1691509950.6728206,1691509950.6710854,1691509950.5710809,1691509950.6710854,127038,0,0,0,24378,0.011905670166015625,
1186,normal,1691509950.6711564,0.099926730000000005,0.099926730000000005,0.099926730000000005,1691509950.7710831,1691509950.7710831,1691509950.7728744,1691509950.7710831,1691509950.6710854,1691509950.7710831,127074,0,0,0,24368,0.011864900588989258,
1187,normal,1691509950.7711966,0.09999065,0.09999065,0.09999065,1691509950.8711872,1691509950.8711872,1691509950.8729434,1691509950.8711872,1691509950.7710831,1691509950.8711872,127052,0,0,0,24340,0.011922597885131836,
1188,normal,1691509950.8712835,0.099980570000000005,0.099980570000000005,0.099980570000000005,1691509950.9712641,1691509950.9712641,1691509950.9731152,1691509950.9712641,1691509950.8711872,1691509950.9712641,127058,0,0,0,24344,0.012068748474121094,
