frame,timestamp,effective_point_count,N_geo_rows,finite_rows,nonzero_finite_rows,row_norm_min,row_norm_mean,row_norm_median,row_norm_p95,row_norm_max,lambda1,lambda2,lambda3,lambda1_over_lambda2,lambda1_over_lambda3,lambda2_over_lambda3,condition_proxy,contribution1,contribution2,contribution3,contribution_per_row1,contribution_per_row2,contribution_per_row3,above_half_count1,above_half_count2,above_half_count3,above_half_fraction1,above_half_fraction2,above_half_fraction3,weak_original_count,fallback_original_xyz,weakest_eigenvector_x,weakest_eigenvector_y,weakest_eigenvector_z,abs_nx_mean,abs_ny_mean,abs_nz_mean,abs_nx_median,abs_ny_median,abs_nz_median,occupied_10deg_bins,angular_entropy_nats,angular_effective_bins,dominant_angular_bins,residual_rms,residual_median_abs,rejected_or_unrepresented_effective_points
0,1691509832.2570605,1162,1162,1162,1162,0.9999998916548173,1.0000000007737306,1.0000000020609159,1.000000062598702,1.000000107096217,68.15309386432855,479.4443440079933,614.4025639258286,0.14215016761818824,0.11092579664520422,0.7803423555795453,9.015035548480185,24.647451996803284,495.9613387584686,618.8251315355301,0.021211232355252397,0.4268169868833637,0.5325517483094063,31,526,640,0.02667814113597246,0.45266781411359724,0.5507745266781411,1,False,0.9766354037579873,-0.21486027249671794,-0.00428385680311322,0.2036785561378842,0.4619063881870141,0.5724246183266029,0.10621914650721122,0.22852149577176045,0.9094053467438116,129,3.332295918047417,28.00255953740112,17:33=209;8:6=148;17:32=133;9:8=75;8:27=60,nan,nan,0
1,1691509832.3570576,1175,1175,1175,1175,0.9999998866173371,0.999999999004096,1.0000000008582433,1.000000058963277,1.0000001071882179,67.62078203251235,491.98421359154645,615.3950020355674,0.13744502397520475,0.10988191618202993,0.7994608535399054,9.10067857156226,25.431158423423767,506.948988199234,617.1370854973793,0.021643539083764908,0.4314459474036034,0.5252230514871313,32,536,636,0.02723404255319149,0.45617021276595743,0.5412765957446809,0,True,0.9740960623011142,-0.22613259744170539,0.0009538258389782577,0.20428081586119162,0.46511422354375487,0.5662345655932189,0.10614052863618004,0.23293610288598807,0.9154092095751065,124,3.3734293555609853,29.17841885060765,17:33=215;8:6=140;17:32=130;9:8=71;9:6=60,nan,nan,0
2,1691509832.4570427,1188,1188,1188,1188,0.9999998946378666,0.9999999978618332,0.9999999982684961,1.00000005921412,1.000000123145433,72.43757176318752,500.83272197303444,614.729701183494,0.14463426326822085,0.11783645986801806,0.8147202274573979,8.486337769481901,30.141181230545044,516.0496159791946,616.1966086626053,0.025371364672175965,0.4343851986356857,0.518684014025762,39,548,639,0.03282828282828283,0.4612794612794613,0.5378787878787878,0,True,0.9732569849578856,-0.22949118362765572,-0.010229265265107514,0.21093807163896358,0.469648935719175,0.5623122475836759,0.10651510513346134,0.24607654801997908,0.8933423369796352,141,3.4531832707787116,31.60082635667735,17:33=217;8:6=141;17:32=113;9:8=68;8:27=66,nan,nan,0
3,1691509832.5570366,1216,1216,1216,1216,0.9999998772349115,1.0000000009906505,1.000000000960187,1.0000000622719263,1.0000001125076345,70.4510658734735,511.02488453286713,634.5240520029213,0.13786229987190057,0.1110297799604122,0.805367240090868,9.0065926488961,31.053201019763947,523.5914384126663,638.2663117647171,0.025537171891253246,0.4305850644841006,0.5248900590170371,44,556,664,0.03618421052631579,0.45723684210526316,0.5460526315789473,0,True,0.9777976314332514,-0.20946724901154173,-0.005938312475806778,0.20412544083145112,0.47042224575518976,0.5657172208481531,0.10770870933045928,0.2389923860782678,0.8957785991237932,142,3.444109003495866,31.315369128317055,17:33=217;8:6=146;17:32=118;8:27=70;9:8=68,nan,nan,0
4,1691509832.657117,1173,1173,1173,1173,0.9999998785352698,0.9999999999598999,0.9999999991730278,1.000000062717693,1.0000001004633303,66.35508257337149,495.05326984269595,611.5916474898575,0.1340362474415247,0.10849573051841248,0.8094506716606293,9.216952549393573,24.151413142681122,510.85973072052,613.7910514473915,0.020589440019335995,0.43551554196122766,0.5232660285144003,33,540,633,0.028132992327365727,0.46035805626598464,0.5396419437340153,1,False,0.9777656470181585,-0.20968157177286703,0.0028245300533232117,0.20352326790132347,0.47103965834773137,0.565427285965841,0.10872873811882544,0.2584966831563641,0.8984840606135036,131,3.4178192950926483,30.50282478091966,17:33=216;8:6=137;17:32=116;9:8=67;8:27=64,nan,nan,0
5,1691509832.7572386,1145,1145,1145,1145,0.9999998671694321,1.0000000010503312,1.0000000017998256,1.0000000640301698,1.000000124574661,62.70071529839397,476.414830743005,605.8844563638595,0.13160949502895924,0.10348625821280273,0.7863130102431569,9.663118729673865,25.44155514240265,491.8553782105446,608.4632475376129,0.022219698814325457,0.42956801590440574,0.5314089498145091,35,519,627,0.03056768558951965,0.45327510917030567,0.5475982532751091,0,True,0.9772812021252202,-0.21186024462449307,0.006057121456142607,0.19885031838133388,0.46414792230121166,0.5733991058938325,0.1049967272468691,0.22256093932449197,0.9120245791418412,123,3.394543593660607,29.801048982909666,17:33=209;8:6=127;17:32=111;17:34=64;9:8=64,nan,nan,0
6,1691509832.857256,1127,1127,1127,1127,0.9999998785352698,0.9999999993011911,0.9999999985819025,1.0000000622899083,1.0000001076305738,62.18554718187902,471.8127115818881,593.0017396611181,0.13180133908089092,0.10486570784331276,0.7956346162686037,9.536005817022382,25.933536887168884,485.7824665904045,594.2663786411285,0.023011124123486142,0.43104034302609096,0.5272993599300164,36,513,612,0.03194321206743567,0.4551907719609583,0.5430346051464063,0,True,0.9773193120504092,-0.21169719212152524,0.005591166352088602,0.1996003775717332,0.4674269386060894,0.5712501948713367,0.10655488018821176,0.2314750546968843,0.9149060171584708,133,3.464246791581929,31.952383902661694,17:33=209;8:6=127;17:32=100;9:8=66;17:34=65,nan,nan,0
7,1691509832.9572802,1141,1141,1141,1141,0.999999892937916,0.9999999998539195,0.9999999999474589,1.0000000591312166,1.0000001073423055,65.15212570230544,472.7334408684594,603.1144330958798,0.13782000609606623,0.1080261425147289,0.783820474071306,9.257018502383849,28.92884135246277,486.7220405936241,603.2640780806541,0.02535393632994108,0.4265749698454199,0.528715230570249,39,514,620,0.03418054338299737,0.4504820333041192,0.5433829973707275,0,True,0.977413722195254,-0.21125955011975092,0.00564075771676491,0.19969166699975566,0.4641089342126638,0.573852336306653,0.10597258169175708,0.2525661571662629,0.9106105822546177,137,3.4941240759329566,32.921438639519096,17:33=212;8:6=127;17:32=95;17:34=69;9:8=67,nan,nan,0
8,1691509833.057228,1143,1143,1143,1143,0.9999999072817176,0.9999999993696013,0.9999999997092448,1.0000000611292987,1.0000001073423055,65.77098156073026,467.85514975385576,609.3738672443226,0.14057979610854593,0.1079320678094652,0.7677637242134536,9.265087015337476,28.61330020427704,481.65007078647614,610.9622785449028,0.025033508490181135,0.4213911380459109,0.53452517807953,40,510,631,0.03499562554680665,0.4461942257217848,0.5520559930008749,0,True,0.9779445436184387,-0.20877708375714205,-0.0060497028676396135,0.19962602851083505,0.46098865394759736,0.5803513254573289,0.10590683405756816,0.23784694915771937,0.9098697503738682,130,3.4847421133752112,32.614015306932,17:33=224;8:6=123;17:32=99;9:8=67;17:34=57,nan,nan,0
9,1691509833.1570303,1137,1137,1137,1137,0.9999998821375264,0.9999999990008737,0.999999999833029,1.000000059767353,1.0000001025521372,59.639514052064456,479.45505867150666,597.9054250044159,0.12439020711829804,0.09974740411767294,0.801891132979711,10.025323554488605,23.916269183158875,493.1116788983345,597.5302408337593,0.02103453754015732,0.4336954080020532,0.525532313837959,35,521,617,0.030782761653474055,0.45822339489885666,0.5426561125769569,1,False,0.9786742205808685,-0.20541812364051826,-0.00040552489233237725,0.19471471889309294,0.47096106565115314,0.5729044972550577,0.10561892738626233,0.25377133458427686,0.9014772973226876,136,3.4868070172413725,32.68142969138827,17:33=222;8:6=130;17:32=94;9:8=67;17:34=62,nan,nan,0
10,1691509833.256893,1147,1147,1147,1147,0.9999998787527198,1.0000000009591195,1.0000000004074154,1.0000000616292104,1.0000001124828157,62.60274819121679,484.74115709097464,599.6560969180284,0.12914675652240462,0.10439775149951395,0.8083652606591234,9.578750362306947,26.263082146644592,497.31520915031433,600.1577307581902,0.02289719454807724,0.4335790838276498,0.5232412648284134,38,528,624,0.03312990409764603,0.46033129904097647,0.5440278988666085,0,True,0.9761065486671909,-0.2172769800697856,-0.002592215419106542,0.2020220573477895,0.4717401896235509,0.5688251593277,0.1076056997300793,0.2684497348665494,0.8964626268184144,135,3.430289715512977,30.885589488012137,17:33=225;8:6=144;17:32=100;9:8=67;17:34=58,nan,nan,0
11,1691509833.3568912,1119,1119,1119,1119,0.9999999053560122,1.0000000000625673,0.9999999998870336,1.0000000585876099,1.0000001073423055,61.04609158221963,471.89816078306956,586.0557477747362,0.1293628512578212,0.10416430828297937,0.8052103619406089,9.60021735356161,28.185053944587708,485.33060723543167,586.1808485388756,0.025187715768174895,0.4337181476634778,0.5238434750124,41,515,607,0.03663985701519214,0.46023235031277926,0.5424486148346738,0,True,0.976527583865913,-0.21525722822745438,-0.007629131329033229,0.1992624484452906,0.470608661207299,0.5699205972395721,0.10622432098472255,0.2539525003921814,0.8967070886598346,136,3.4814899011439433,32.50811989794914,17:33=205;8:6=124;17:32=113;9:8=68;17:34=56,nan,nan,0
12,1691509833.4573934,1137,1137,1137,1137,0.9999998910778195,1.0000000003635072,1.0000000011911276,1.000000061359776,1.000000107891856,64.26378416698324,484.3919718505719,588.3442448090593,0.1326689703825391,0.10922820225400412,0.8233138611014645,9.155144727865753,26.28159248828888,497.9037479162216,587.3401877880096,0.02311485706973516,0.4379100685278994,0.5165700860052855,37,528,607,0.032541776605101144,0.46437994722955145,0.5338610378188214,0,True,0.9756585842329657,-0.21927636152101554,-0.00286431329119504,0.2041380509352821,0.4752172581551853,0.5637316740659438,0.10745011596482995,0.27468835354685295,0.887050201200364,128,3.484490666081838,32.60581563199328,17:33=211;8:6=129;17:32=101;9:8=66;17:34=55,nan,nan,0
13,1691509833.5571563,1159,1159,1159,1159,0.9999998854143026,1.000000000441651,1.0000000010976846,1.0000000598315015,1.0000001137342351,69.01083933168029,492.55552017143293,597.4336415206342,0.14010773710882624,0.11551214149244857,0.8244522670630711,8.65709861387492,32.99943959712982,508.5985811948776,599.7938633561134,0.02847233787500416,0.4388253504701274,0.5175098044487605,46,540,621,0.03968938740293356,0.4659188955996549,0.5358067299396031,0,True,0.9757758706538848,-0.21873635837573718,-0.003981930960525765,0.20634196627943258,0.4749619059879452,0.5617857486548296,0.10763530950051678,0.2667208860562321,0.869662605742428,142,3.526445863815027,34.00290165657219,17:33=204;8:6=131;17:32=109;9:8=72;9:6=55,nan,nan,0
14,1691509833.6571493,1138,1138,1138,1138,0.999999896693051,1.0000000022582638,1.0000000016978419,1.0000000608494497,1.0000001137342351,63.50811570679588,481.0414761666677,593.4504132663446,0.13202212044765982,0.10701503324809886,0.8105841118536267,9.344481514869456,25.949479460716248,495.728124499321,593.9575509428978,0.022802706028748898,0.43561346616812036,0.5219310640974497,37,525,613,0.03251318101933216,0.46133567662565905,0.538664323374341,0,True,0.9735404319525313,-0.2284908385864758,-0.003311198533495286,0.20508299871746966,0.47137087117244864,0.5673627395647829,0.10706536615842556,0.26056527524411155,0.8849777051477912,137,3.4937491519539194,32.909097916309825,17:33=210;8:6=127;17:32=105;9:8=71;9:6=54,nan,nan,0
15,1691509833.7570128,1126,1126,1126,1126,0.999999888706696,1.0000000010526344,1.0000000016675425,1.0000000631384023,1.0000001110929542,63.70367250884461,479.93687173550245,582.3594581261862,0.13273344112629937,0.10938892057118654,0.8241247996207685,9.141693644826072,29.481692612171173,496.11535209417343,584.1794820427895,0.02618267549926392,0.4405997798349675,0.5188094867165093,43,526,604,0.03818827708703375,0.46714031971580816,0.5364120781527532,0,True,0.9727946832741273,-0.23154438500001503,-0.007596181182321591,0.20775129146042054,0.47400892287922275,0.5641199045654268,0.10854892842628752,0.2798471799539264,0.8783195199159818,131,3.482910924256367,32.55434752514993,17:33=212;8:6=135;17:32=101;9:8=65;9:6=55,nan,nan,0
16,1691509833.8571055,1116,1116,1116,1116,0.9999998948925598,1.0000000009502044,1.0000000014354873,1.0000000632319295,1.0000001128126366,61.12229176568019,476.504396618579,578.3733137365973,0.12827225141976165,0.10567965415070395,0.8238699561363036,9.462559354840005,25.1767196059227,489.1688113808632,576.363080739975,0.022559784593120698,0.4383233076889455,0.5164543734229167,36,521,598,0.03225806451612903,0.4668458781362007,0.53584229390681,0,True,0.9768024307201515,-0.21414238554068224,-0.00022372784691607629,0.20108798459105284,0.4765912138928985,0.564133458806877,0.10706536615842556,0.2825766580914534,0.8766778064829578,125,3.4551667058295856,31.663566743482452,17:33=203;8:6=122;17:32=105;9:8=72;17:34=59,nan,nan,0
17,1691509833.9569173,1102,1102,1102,1102,0.9999998987608376,1.0000000016737027,1.0000000018380697,1.0000000611559148,1.0000001137342351,62.50864179182495,468.1889500548369,571.3024118421797,0.1335115700285186,0.10941427954113511,0.8195115937724633,9.139574872620193,27.42469048500061,481.85893630981445,569.3595309853554,0.02488628900635264,0.4372585628945685,0.5166601914567653,39,514,590,0.03539019963702359,0.4664246823956443,0.5353901996370236,0,True,0.9758751876390266,-0.21830523414639177,0.0032315468097367586,0.2026618649786795,0.4741962141027088,0.5639914004880683,0.10611136858491656,0.2848732441005649,0.8801657512109871,127,3.447864555234186,31.433196732626794,17:33=211;8:6=129;17:32=99;9:8=71;8:27=54,nan,nan,0
18,1691509834.0569115,1126,1126,1126,1126,0.9999998987608376,1.0000000011851278,1.0000000006249754,1.0000000615558595,1.0000001137342351,63.445936431110766,479.86301784063784,582.6910483971596,0.13221676618593084,0.10888435064453968,0.8235290711271839,9.184056240226546,30.87151801586151,493.80915558338165,584.4114131331444,0.027416978699699387,0.4385516479426125,0.5190154645942667,48,525,606,0.04262877442273535,0.46625222024866786,0.5381882770870338,0,True,0.9756235244513606,-0.21944962544818822,0.0007748727348655124,0.20633926753466017,0.47549295155362903,0.5622022137755756,0.11071111054934633,0.27640655230702915,0.8872451223433795,130,3.4894780370234106,32.76883912078936,17:33=193;8:6=134;17:32=106;17:34=70;9:8=70,nan,nan,0
19,1691509834.156917,1105,1105,1105,1105,0.9999998875586061,1.0000000021638022,1.0000000022611746,1.000000063800126,1.0000001137342351,63.65046770398218,458.34789951160656,583.0016375664147,0.13886933434582127,0.10917716795732192,0.7861862985923298,9.159424252430753,29.281728088855743,472.67896950244904,583.6657881736755,0.0264993014378785,0.42776377330538373,0.5282043331888466,43,502,602,0.03891402714932127,0.45429864253393665,0.5447963800904977,0,True,0.9778001478675477,-0.20951771901525582,-0.0030325317551564406,0.20201992888817297,0.46429425685246245,0.5730323184447504,0.10763980837751565,0.24083647361545185,0.8986048608578165,133,3.4932753856952026,32.893510388826115,17:33=193;8:6=127;17:32=109;9:8=71;17:34=68,nan,nan,0
20,1691509834.257078,1117,1117,1117,1117,0.9999998875586061,0.9999999992727752,0.9999999999224625,1.000000061206028,1.0000001156285765,63.51275322269607,461.0221448638607,592.4651002888234,0.13776508120114558,0.10720083460061017,0.778142281526988,9.328285584022012,27.45826494693756,475.2816581130028,595.2603516578674,0.024582153041125838,0.4254983510411842,0.5329098940535967,38,507,617,0.03401969561324977,0.4538943598925694,0.5523724261414503,0,True,0.9783802086726971,-0.20680490104166843,0.0019748880259675746,0.20109203941828194,0.46468481376416343,0.5760690120684504,0.10695180703917329,0.2419329434966848,0.9044014266353194,139,3.5501508381296243,34.81856905935654,17:33=204;8:6=118;17:32=101;9:8=72;17:34=62,nan,nan,0
21,1691509834.3570666,1116,1116,1116,1116,0.9999998875586061,1.000000002135539,1.0000000038398955,1.000000062021132,1.0000001325193928,63.90773246277486,456.1910021513349,595.9012701524136,0.14008985745311647,0.10724550468977719,0.7655479607127786,9.324400149849094,30.0714168548584,471.0749084353447,599.7890595197678,0.026945714027650895,0.4221101330065813,0.5374453938349173,43,501,620,0.03853046594982079,0.4489247311827957,0.5555555555555556,0,True,0.9762712110226327,-0.21651848405138127,-0.0037773790508277253,0.2027651707350135,0.45891123943797213,0.5788819646209338,0.10627278016970242,0.21695297632873706,0.9099715431601283,136,3.4900829086535667,32.788666057697995,17:33=210;8:6=126;17:32=108;9:8=69;17:34=61,nan,nan,0
22,1691509834.4571242,1090,1090,1090,1090,0.9999998794971806,1.00000000181689,1.0000000016244024,1.0000000619418812,1.0000001146013322,61.24393620692662,462.6134706110153,566.1425971428779,0.13238684149433919,0.10817758019976446,0.8171324202518278,9.244059611551352,28.646497666835785,474.5549229979515,568.5369217991829,0.02628119052003283,0.43537148898894634,0.5215935062377824,42,503,591,0.03853211009174312,0.4614678899082569,0.5422018348623853,0,True,0.9759079441757099,-0.2181160887144306,-0.005390393182145568,0.20303991466024207,0.47264382155922435,0.5656452959280139,0.1073042900314165,0.26830461676704476,0.8727094180557804,140,3.493496957102453,32.900799457707166,17:33=186;8:6=125;17:32=110;17:34=69;9:8=67,nan,nan,0
23,1691509834.5571737,1082,1082,1082,1082,0.9999998901917969,1.0000000000881255,0.9999999999895729,1.0000000602540648,1.0000001146013322,62.09754041598008,453.2593039729405,566.6431558017832,0.13700224103880126,0.10958844165004324,0.7999025477182232,9.125049913506142,28.124859929084778,466.78261971473694,569.0157308578491,0.02599340104351643,0.43140722709310253,0.5258925423824853,42,497,591,0.038817005545286505,0.45933456561922364,0.5462107208872459,0,True,0.9772011573768778,-0.2120429081653492,-0.01075653838703642,0.20235791293256275,0.4695672882705731,0.5702867138152521,0.10596358877192975,0.2604776903286351,0.8836983668116856,134,3.5076514565804704,33.369805247147866,17:33=197;8:6=116;17:32=105;9:8=69;17:34=58,nan,nan,0
24,1691509834.6571336,1090,1090,1090,1090,0.999999891872564,1.0000000011968964,1.0000000015157702,1.0000000602624357,1.0000001137342351,64.66382474579989,465.0790390348036,560.2571388286306,0.13903835545888976,0.1154181183322307,0.8301171137366985,8.664150953505438,32.22493988275528,480.8649979233742,563.1394468545914,0.029564165030050715,0.4411605485535543,0.5166416943620105,46,512,585,0.04220183486238532,0.46972477064220186,0.536697247706422,0,True,0.9760663256735783,-0.21738446112193063,-0.006206766372915999,0.20565463585102475,0.4753662756808889,0.5597900688347743,0.10699742163559847,0.2882425539734879,0.8653939757570603,132,3.5025711656980016,33.20070682807263,17:33=202;8:6=119;17:32=96;9:8=66;17:34=57,nan,nan,0
25,1691509834.7568338,1088,1088,1088,1088,0.9999998789152887,0.9999999998578983,0.9999999983584715,1.0000000632430257,1.0000001137342351,64.18624883331815,449.93348961390564,573.8802612435632,0.14265719337406355,0.11184606470734941,0.7840198034323876,8.940859945466547,30.843334317207336,465.6798256635666,576.994153380394,0.028348652865080273,0.42801454564666047,0.5303255086216856,43,495,597,0.03952205882352941,0.45496323529411764,0.5487132352941176,0,True,0.9761460949383588,-0.2171133175189806,0.0007801874740893345,0.2033959758538655,0.4638549863195693,0.5744347239352361,0.10593806148790327,0.24155369493626971,0.9064438646742314,144,3.5380473685527294,34.39968366501864,17:33=208;8:6=114;17:32=102;9:8=66;17:34=51,nan,nan,0
26,1691509834.8567126,1091,1091,1091,1091,0.9999998786978935,0.9999999982048331,0.9999999969288417,1.0000000614092257,1.0000001137342351,73.02345853305377,448.67746342190145,569.2990741279915,0.1627526775606917,0.12826906252202408,0.7881225946294591,7.7961121749704665,43.48874282836914,463.9824916124344,570.7812063097954,0.039861359146076206,0.4252818438244128,0.5231725080749728,60,495,591,0.054995417048579284,0.4537121906507791,0.541704857928506,0,True,0.9746472658958806,-0.2236904668888338,-0.005028131336847168,0.2121474889074515,0.46133505879632936,0.5683322500984582,0.10741581624149762,0.24336650778566152,0.8812126734021615,137,3.5260367141934235,33.98899222793876,17:33=208;8:6=116;17:32=92;9:8=65;17:34=55,nan,nan,0
27,1691509834.9568937,1062,1062,1062,1062,0.9999998785352698,1.0000000010939987,1.000000001470243,1.000000058041682,1.0000000999222574,63.291086212950624,448.62438779043276,550.0845283202694,0.14107812222307445,0.11505701933885583,0.8155553641189401,8.691342829374781,33.13065093755722,460.45684748888016,549.3832477927208,0.031196469809375914,0.43357518595939754,0.5173100261701702,49,492,573,0.046139359698681735,0.4632768361581921,0.53954802259887,0,True,0.9776088066759242,-0.21038487385314525,-0.004384742121442822,0.2056300141712901,0.47477933619165824,0.5647297326970646,0.1067647685193304,0.28353401545994633,0.8648646344938771,140,3.516306091404883,33.65986208321977,17:33=197;8:6=126;17:32=93;9:8=59;17:34=50,nan,nan,0
28,1691509835.0571973,1063,1063,1063,1063,0.9999998785352698,1.0000000009129157,0.9999999995890932,1.0000000613478925,1.0000001137342351,61.912253339389096,447.75474503782453,553.3330035636452,0.1382726906314728,0.1118896811515922,0.8091958046133844,8.937374650707635,29.981892585754395,461.260281085968,554.861426115036,0.02820497891416218,0.43392312425773094,0.5219768825164968,42,489,575,0.03951081843838194,0.46001881467544686,0.5409219190968956,0,True,0.976533402488073,-0.21533506170400588,-0.0036503460109569025,0.2036125538330412,0.47020069095515354,0.5675641318101216,0.10550371180019733,0.25157744140953414,0.9047778122896549,138,3.5037138729176016,33.23866720012584,17:33=207;8:6=121;17:32=86;9:8=60;9:6=53,nan,nan,0
29,1691509835.1571286,1055,1055,1055,1055,0.9999998785352698,1.0000000012856256,0.9999999984538026,1.000000060346347,1.0000001146013322,60.9318732340127,446.53902873792515,547.5291007407325,0.13645363408933683,0.11128517763088784,0.8155530512146634,8.98592266543181,28.74102073907852,458.39403915405273,548.2624236345291,0.027242673686330352,0.4344967195773012,0.5196800224023973,42,488,570,0.03981042654028436,0.46255924170616114,0.5402843601895735,0,True,0.9778823652012752,-0.20894631959985535,-0.009354964138622681,0.20316151578122238,0.47426430514615625,0.5649245697782703,0.10704303623202364,0.26968029459388176,0.8787510970531011,137,3.5133619320753784,33.560907826265584,17:33=199;8:6=117;17:32=97;9:8=65;9:6=53,nan,nan,0
30,1691509835.2574062,1083,1083,1083,1083,0.9999998785352698,1.0000000004334488,0.9999999997333977,1.0000000624439156,1.0000001137342351,66.8009594196871,457.1838397157825,559.0152018033805,0.14611399970133515,0.11949757216653056,0.8178379375747019,8.368370853647223,35.36458086967468,470.49188190698624,557.1643633842468,0.032654275964611894,0.4344338706435699,0.5144638627740045,50,504,579,0.046168051708217916,0.46537396121883656,0.5346260387811634,0,True,0.9769970446803934,-0.2130336623504577,-0.0096660949368709,0.2064182585759576,0.4737474182345872,0.5638058384725578,0.10671900078037881,0.2786509343581055,0.8661800860463064,140,3.5455887738896963,34.66008628972092,17:33=206;8:6=122;17:32=93;9:8=64;9:6=52,nan,nan,0
31,1691509835.357227,1080,1080,1080,1080,0.9999998785352698,1.0000000007129104,1.0000000002883618,1.0000000591390859,1.0000001137342351,63.93312997203192,451.1917548010214,564.8751167668338,0.14169835616838092,0.11318099890461612,0.7987460261721211,8.835405321371613,31.002109706401825,465.30652099847794,566.6519269943237,0.028705657135557245,0.430839371294887,0.5246777101799294,44,496,587,0.040740740740740744,0.45925925925925926,0.5435185185185185,0,True,0.9780966572553806,-0.20808619569955808,-0.0052023288184942715,0.20317809906599354,0.4691501610787716,0.5693877695753764,0.10722942623676063,0.2675625152903579,0.8914724596517183,149,3.568780149225642,35.47329462221136,17:33=192;8:6=119;17:32=101;9:8=65;17:34=53,nan,nan,0
32,1691509835.4572113,1109,1109,1109,1109,0.9999998789152887,1.0000000000903624,0.9999999995533712,1.0000000604419845,1.0000001156285765,67.25542285233573,459.6039701087903,582.1406072392979,0.14633342448372688,0.11553123423442843,0.7895068036713387,8.655667937995585,36.03279024362564,473.07169222831726,584.1615423560143,0.03249124458397262,0.42657501553500204,0.526746205911645,51,502,604,0.045987376014427414,0.4526600541027953,0.5446348061316502,0,True,0.9758002559019109,-0.2186637908299668,-8.462643827705958e-05,0.20471102961098142,0.46445163106472476,0.57156874173552,0.10671900078037881,0.23783017573560397,0.8963646437228782,148,3.6020588958424753,36.67366402059134,17:33=189;8:6=116;17:32=103;9:8=73;17:34=60,nan,nan,0
33,1691509835.5570955,1102,1102,1102,1102,0.9999998789152887,1.000000000004812,0.9999999982800529,1.0000000623149998,1.0000001137342351,65.39089644278162,450.9964430376004,585.6126605302239,0.14499204473178043,0.11166236806351755,0.7701275492050673,8.955568624795456,32.8425350189209,464.124095082283,587.3365732431412,0.02980266335655254,0.4211652405465363,0.5329732969538487,46,493,607,0.041742286751361164,0.4473684210526316,0.5508166969147006,0,True,0.9765690427536305,-0.21519526134667863,-0.0019759122430868773,0.2013404863620487,0.459435526984565,0.5776764264903852,0.10523622910178441,0.22193791073478691,0.9055156318004247,147,3.5631980799754497,35.27583187320376,17:33=201;8:6=123;17:32=95;9:8=65;17:34=54,nan,nan,0
34,1691509835.6570425,1077,1077,1077,1077,0.9999998789152887,0.9999999994288593,0.9999999975455595,1.0000000626034784,1.0000001137342351,63.71966398143474,449.43678937528034,563.8435454130477,0.14177669805359155,0.11300947665323799,0.7970948555348668,8.848815423404119,32.1480068564415,464.3895021677017,565.290306031704,0.029849588538942894,0.43118802429684466,0.5248749359625849,46,495,585,0.04271123491179202,0.4596100278551532,0.5431754874651811,0,True,0.976100869697519,-0.2172401990253503,-0.0058127534932704795,0.20362644758077345,0.4677712941123097,0.5698850249613122,0.10651198905345438,0.24618490386183073,0.8893402850480004,136,3.536181370552434,34.335553775819506,17:33=206;8:6=120;17:32=93;9:8=66;8:27=49,nan,nan,0
35,1691509835.7572882,1094,1094,1094,1094,0.9999998789152887,0.9999999999311208,0.9999999997619382,1.0000000559540345,1.0000001137342351,68.90605234475167,460.79578618966394,564.2981613148764,0.14953707132293498,0.12210929800691364,0.8165821152348952,8.189384562209026,37.564348220825195,475.3951495885849,565.4529841542244,0.03433669855651297,0.43454766872813977,0.5168674443822893,53,507,586,0.048446069469835464,0.463436928702011,0.5356489945155393,0,True,0.9765605597413484,-0.21515475251391436,-0.006156754692268933,0.20894089380569275,0.47382551684151847,0.5627549148881628,0.10891708807512579,0.2818053665039083,0.8665085740085432,151,3.577684273104,35.79056363702804,17:33=195;8:6=132;17:32=98;9:8=64;8:27=53,nan,nan,0
36,1691509835.8574364,1087,1087,1087,1087,0.999999891444008,1.0000000012407562,0.9999999996078904,1.0000000604773929,1.0000001137342351,65.57514818373085,462.007904919459,559.4169495942141,0.14193512164074865,0.1172205243893616,0.8258739840732159,8.530929248178277,33.552595257759094,477.39758318662643,561.8208376765251,0.030867152951020327,0.43918820900333616,0.5168544964825438,48,507,582,0.04415823367065318,0.46642134314627415,0.5354185832566697,0,True,0.9757050265950968,-0.21906269925123084,-0.0033518463309298715,0.2078722206410939,0.4747931830154241,0.5614719340933629,0.10850959071339265,0.2789504238604381,0.8661800860463064,141,3.5430477058742413,34.57212445886567,17:33=193;8:6=138;17:32=92;9:8=59;17:34=55,nan,nan,0
37,1691509835.9576488,1063,1063,1063,1063,0.9999998785352698,1.0000000013576424,1.0000000000643978,1.0000000609707396,1.000000107322632,69.00341441292058,454.6271582946546,539.3694301787725,0.1517802294780591,0.12793349150330893,0.8428864018933547,7.816561466816025,36.63031405210495,469.0008920431137,540.0141689777374,0.03445937352032451,0.4412049784036818,0.5080095663007878,51,499,560,0.04797742238946378,0.46942615239887114,0.5268109125117592,0,True,0.9766760062939699,-0.21458794602057674,-0.007482790410755222,0.2119782656811765,0.47810428622725387,0.5555449983620089,0.10939096738109864,0.28466025200794665,0.8388836612556155,137,3.545888003969009,34.67045918195366,17:33=202;8:6=118;17:32=86;9:8=64;17:34=53,nan,nan,0
38,1691509836.0574977,1055,1055,1055,1055,0.9999998785352698,1.0000000007604073,1.0000000001914673,1.0000000587603832,1.0000001083137153,60.6937533248008,447.90864578181146,546.3976024978479,0.13550475950037005,0.11107983096437518,0.8197485562422022,9.002534405374758,28.719948649406433,463.08055436611176,547.2808376550674,0.027222700141617474,0.4389389140911012,0.5187496091517227,41,493,566,0.03886255924170616,0.46729857819905213,0.5364928909952607,0,True,0.9781815560557261,-0.2077361889413136,0.002553271731931331,0.20224105770135295,0.47616824298847915,0.5658108633090637,0.10771147691579323,0.26968029459388176,0.8846226247454408,139,3.562264252885248,35.24290572182995,17:33=192;8:6=118;17:32=93;9:8=66;17:34=50,nan,nan,0
39,1691509836.1575406,1055,1055,1055,1055,0.9999998809665157,1.0000000019520283,1.0000000011424408,1.0000000617507467,1.0000001325193928,62.10098405716212,443.103716502146,549.7953035594712,0.1401499959137927,0.11295291839546366,0.8059430730553987,8.853246239276995,27.874463498592377,456.2895632982254,551.1344860196114,0.02642129241572737,0.43250195573291506,0.5224023564166932,38,485,571,0.03601895734597156,0.4597156398104265,0.5412322274881517,0,True,0.9793869478160926,-0.20198677564763193,-0.0015965309115409322,0.20082003298423579,0.47182294944380626,0.5680021923743215,0.1064844257036558,0.24529154949349222,0.8826127387434365,137,3.5459047807502455,34.67104084554194,17:33=199;8:6=114;17:32=86;9:8=66;17:34=52,nan,nan,0
40,1691509836.2576053,1056,1056,1056,1056,0.9999998921386697,1.000000001457755,1.00000000151035,1.0000000594962606,1.0000000999619398,63.75617966758928,449.56641190545184,542.6774115057377,0.14181704411004312,0.11748449136787995,0.8284229311444237,8.511761751333575,27.06063485145569,463.6354295015335,543.6935545802116,0.025625601185090614,0.4390487021794825,0.5148613206252004,36,493,564,0.03409090909090909,0.4668560606060606,0.5340909090909091,0,True,0.9790968484151231,-0.20339456934276065,0.00010288559739713658,0.20297309863471993,0.4775840761888,0.5619876689310573,0.10636143334610985,0.26639625324762284,0.8722978540531734,138,3.5720931341807254,35.59101200388835,17:33=187;8:6=123;17:32=89;9:8=63;17:34=53,nan,nan,0
41,1691509836.3576891,1052,1052,1052,1052,0.9999998809665157,1.0000000001674696,1.0000000011021637,1.0000000598512615,1.000000150152486,56.85106886801887,440.9391529576424,554.2097785266949,0.1289317777445817,0.10258041462052712,0.7956177787584877,9.748449581718617,20.964001178741455,455.3562850356102,557.4889270067215,0.019927757774469063,0.4328481796916447,0.5299324401204577,29,484,578,0.027566539923954372,0.4600760456273764,0.5494296577946768,1,False,0.9795053852517942,-0.2013588727802734,0.004878997375696428,0.19508942327529052,0.4704876784628013,0.5725315030958193,0.10562385163202365,0.25594571596550125,0.8929591904279015,129,3.529009084614023,34.09017039807083,17:33=185;8:6=114;17:32=96;9:8=61;17:34=58,nan,nan,0
42,1691509836.4575257,1067,1067,1067,1067,0.999999900003779,0.9999999994704778,0.9999999979821824,1.0000000598916696,1.000000150152486,60.44774711017137,449.0000714782578,557.5521802815704,0.1346274776998526,0.10841630478360707,0.8053059199795569,9.223704884573815,25.339159727096558,463.96368032693863,560.2623220086098,0.023748040981346353,0.4348300659109078,0.5250818388084441,35,493,580,0.03280224929709466,0.4620431115276476,0.5435801312089972,0,True,0.9776619516025745,-0.21017110670230962,0.0022834833416441862,0.19984827710482,0.4714066735874177,0.5689372460293799,0.10622880773595562,0.24754493858674012,0.8851497838969529,138,3.557217229874447,35.06548207292136,17:33=189;8:6=121;17:32=88;9:8=64;17:34=59,nan,nan,0
43,1691509836.5575292,1041,1041,1041,1041,0.999999879083894,0.9999999990700286,0.9999999980677653,1.0000000607642456,1.0000001004070143,62.68713626479254,419.7048522438223,558.6080095551841,0.14936004654140914,0.11222026034805677,0.7513405555678131,8.911046872449324,30.765896320343018,431.3154104948044,561.3283839225769,0.029554175139618652,0.41432796397195426,0.539220349589411,42,460,584,0.040345821325648415,0.44188280499519694,0.5609990393852066,0,True,0.9797933936435014,-0.19998962490012714,0.003009269821246125,0.1985488880898462,0.45695370248225825,0.5822601789631512,0.10445969385501393,0.23530474170133964,0.9134384381943067,140,3.5834994695646847,35.99929912673132,17:33=182;8:6=112;17:32=89;9:8=63;17:34=57,nan,nan,0
44,1691509836.6574194,1034,1034,1034,1034,0.9999998854486291,0.9999999994079941,0.9999999995861543,1.0000000610546587,1.0000001167666674,59.106697101651505,432.05972877736554,542.8335728967149,0.13680214369645263,0.10888548544674806,0.7959340585214202,9.183960524188173,28.219644486904144,445.2088985443115,546.711577475071,0.02729172580938505,0.4305695343755431,0.5287346010397205,41,476,571,0.039651837524177946,0.46034816247582205,0.5522243713733076,0,True,0.9803853045420359,-0.19708391117977372,0.001608288563231643,0.19774862660010237,0.469525876322065,0.5697173837030076,0.10490705652514073,0.2605197384515112,0.8829897782834291,138,3.4996940723588126,33.1053225760958,17:33=179;8:6=118;17:32=106;9:8=64;8:27=58,nan,nan,0
45,1691509836.7573237,1056,1056,1056,1056,0.999999884164006,0.9999999983152339,0.9999999983333887,1.0000000597170922,1.0000001167666674,64.85084252594768,447.29658514071576,543.8525687751104,0.14498398753825978,0.11924342413608106,0.8224592671284748,8.386206679697457,32.75960177183151,458.93209832906723,545.2328559160233,0.031022350162719235,0.434594790084344,0.516318992344719,46,493,572,0.043560606060606064,0.4668560606060606,0.5416666666666666,0,True,0.9798042840978811,-0.19995666796788206,0.0009464663864084686,0.20215519951177352,0.47701861162484477,0.5624492706342764,0.10543750310350064,0.29948902979243214,0.8550804685746454,136,3.5465580770357685,34.69369870808441,17:33=181;8:6=115;17:32=92;9:8=63;17:34=62,nan,nan,0
46,1691509836.8569984,1054,1054,1054,1054,0.9999998874470072,0.9999999993195862,0.9999999995005867,1.000000060712689,1.0000001334759157,60.63255743287551,438.2719179957168,555.095523137096,0.13834460968924792,0.10922905140760907,0.7895432402676279,9.155073555187338,27.610245287418365,450.997789144516,557.0337077975273,0.026195678640814388,0.42789164055456924,0.5284949789350354,39,481,579,0.03700189753320683,0.45635673624288425,0.5493358633776091,0,True,0.9785736944145413,-0.205806419980285,-0.0061026301521945004,0.19915227750867392,0.4676189773364849,0.5737404684358248,0.10758017513765622,0.24838639968212056,0.8865200498461269,142,3.566237777554303,35.3832228693273,17:33=186;8:6=117;17:32=91;9:8=60;17:34=58,nan,nan,0
47,1691509836.9568799,1043,1043,1043,1043,0.9999998822303173,0.9999999994350298,1.0000000000614597,1.0000000602716719,1.0000001204656799,60.76943549610489,435.94566370031407,546.2848996250539,0.1393968114748359,0.11124128735356657,0.7980188798912952,8.989468063432462,27.0291628241539,447.55318969488144,545.3524652123451,0.025914825334759254,0.42910181178799756,0.5228690941633223,38,481,570,0.0364333652924257,0.46116970278044106,0.5465004793863855,0,True,0.9791482464945185,-0.20305637018010142,-0.00606810645848236,0.20147776447912027,0.4724582404801167,0.5715798412656665,0.11021854489002417,0.2875574336678806,0.8755501946331556,147,3.581039579963166,35.91085365279738,17:33=182;8:6=106;17:32=88;9:8=67;17:34=62,nan,nan,0
48,1691509837.0566494,1058,1058,1058,1058,0.9999998860747351,0.9999999985860237,0.9999999990321082,1.000000061645037,1.0000001204656799,58.98956532914917,437.44656269217074,561.563868986707,0.1348497630570248,0.10504515797213003,0.7789791809104544,9.519715323435603,25.253993272781372,452.49415588378906,565.256502866745,0.0238695588589616,0.427688238075415,0.5342689063012712,37,484,587,0.03497164461247637,0.45746691871455575,0.554820415879017,0,True,0.97854190836637,-0.20602322618287516,0.0031880784028375823,0.1983072593059053,0.4667714092049732,0.5785623866765562,0.10891375706345019,0.26701702957684587,0.8936246709426774,136,3.579546138145223,35.85726290952338,17:33=191;8:6=109;17:32=89;9:8=55;17:34=54,nan,nan,0
49,1691509837.1563063,1030,1030,1030,1030,0.9999998784871609,0.9999999981551682,0.9999999976539485,1.000000060352275,1.0000001098780875,57.836121554097076,424.65721788880796,547.5066567567414,0.13619483931447235,0.10563546733239776,0.7756201913677996,9.466517498837305,21.46023601293564,440.57909947633743,549.5341387987137,0.020835180595083144,0.42774669852071595,0.5335282900958386,30,472,570,0.02912621359223301,0.458252427184466,0.5533980582524272,1,False,0.9777723079714066,-0.20966780015526104,0.0008528436682219828,0.19813717301942588,0.46423486779658213,0.5798119389754155,0.10596767695618031,0.2359188478540955,0.8998272067302955,134,3.571924995868506,35.58502829425936,17:33=184;8:6=103;17:32=94;9:8=63;17:34=50,nan,nan,0
50,1691509837.256194,1042,1042,1042,1042,0.9999998820760128,0.9999999980216537,0.9999999981751628,1.000000060653043,1.0000001006914006,60.50933024892678,435.4316283789189,546.0590372492809,0.13896402168624894,0.11081096753518928,0.79740760371326,9.024377480346777,24.583711981773376,450.287900865078,549.6716668009758,0.023592813802085773,0.43213810063827063,0.5275159950105334,33,480,570,0.03166986564299424,0.46065259117082535,0.5470249520153551,1,False,0.9776494122092548,-0.21022664869717012,0.0025264568975914004,0.20058514567508764,0.46859923832224015,0.5717972788875028,0.10645671128967778,0.2635650714712998,0.8833964723586332,138,3.5517549287157566,34.874466018114184,17:33=189;8:6=111;17:32=90;9:8=66;17:34=54,nan,nan,0
51,1691509837.355853,1028,1028,1028,1028,0.9999998914266666,0.9999999990317168,0.9999999990331865,1.0000000589592648,1.0000001231478124,63.40875103271977,425.7515989500993,538.839648026391,0.1489336767943687,0.11767647622992687,0.7901267111830031,8.497875123708754,31.20670634508133,440.50497364997864,541.607886493206,0.030356718234514912,0.4285067837062049,0.5268559207132354,42,470,561,0.04085603112840467,0.4571984435797665,0.5457198443579766,0,True,0.9783853716145806,-0.20674577493684573,-0.0042719031312032545,0.20268340612501107,0.46561496975081673,0.5715949000554765,0.10701297919246709,0.2458530765978083,0.8967366964997963,142,3.575393067238206,35.70865395948256,17:33=184;8:6=103;17:32=91;9:8=62;17:34=58,nan,nan,0
52,1691509837.4563215,1063,1063,1063,1063,0.9999998914266666,0.9999999984404317,0.9999999984344304,1.000000059109034,1.0000001231478124,60.95975730571884,456.9632555369327,545.0769838417069,0.1334018798384369,0.11183696819497677,0.8383462686614505,8.941587170501602,24.858592212200165,474.3891829252243,547.0373582243919,0.02338531722690514,0.44627392561168794,0.5146165176146679,36,508,568,0.03386641580432737,0.477892756349953,0.5343367826904986,1,False,0.977201554479761,-0.21230195037971056,-0.0022369146853998987,0.20319736419344478,0.4798524359390752,0.5624809127025299,0.10818579954495855,0.3063751894948956,0.8559749653572883,146,3.6108165738326976,36.99625065395385,17:33=183;8:6=117;17:32=83;9:8=64;17:34=58,nan,nan,0
53,1691509837.5566525,1074,1074,1074,1074,0.9999998831834611,0.9999999997750123,0.9999999998485234,1.0000000610146451,1.0000001231478124,64.42877498503984,449.63989180763826,559.9313327240483,0.1432897217504965,0.11506549324824507,0.8030268454886322,8.690702762144129,29.877360105514526,466.45447981357574,560.8633858561516,0.027818771047965107,0.43431515811319904,0.5222191674638282,42,502,583,0.03910614525139665,0.46741154562383613,0.542830540037244,0,True,0.9801245073337187,-0.1983825446647268,-0.0005622243169893454,0.2006846292668945,0.47296094432267,0.569813021076414,0.10672289599933243,0.2803143163500329,0.8846731228380074,148,3.6492107321108365,38.4443112111985,17:33=174;8:6=104;17:32=100;9:8=61;17:34=59,nan,nan,0
54,1691509837.656969,1074,1074,1074,1074,0.9999998890105997,0.999999998455396,0.9999999981160879,1.0000000603147334,1.0000001079546696,68.20746172384855,436.67639701972803,569.1161379386144,0.1561968134512365,0.1198480541614961,0.7672887270450737,8.343898505456691,36.164887726306915,451.6656752228737,571.6035032868385,0.03367307981965262,0.4205453214365677,0.5322192768033879,51,484,593,0.04748603351955307,0.4506517690875233,0.5521415270018621,0,True,0.9742247849986473,-0.2255521947618735,-0.003503674134557222,0.20831370655860695,0.4598985794443157,0.5777908544168376,0.106006998683204,0.24338050338172898,0.8936635279517544,136,3.5939063759000187,36.375896669655766,17:33=197;8:6=108;17:32=91;9:8=63;17:34=59,nan,nan,0
55,1691509837.757314,1059,1059,1059,1059,0.9999998697825062,0.999999999110631,0.999999999771231,1.000000062426456,1.0000001079546696,62.54687193356398,431.0605232203127,565.39260296244,0.14509997683456763,0.11062555754327594,0.7624092019628859,9.039502464055895,33.073777973651886,444.73311853408813,568.5033884644508,0.031231140673892245,0.4199557304382324,0.5368303951505674,49,477,592,0.04627006610009443,0.45042492917847027,0.559017941454202,0,True,0.9760822007146541,-0.21738711098131996,-0.0025261486956816214,0.20131884157875599,0.4601242143735776,0.5809403307091008,0.10228153085959762,0.23646714987815118,0.9015642493142487,144,3.5941729171935237,36.38559364047066,17:33=194;8:6=104;17:32=97;9:8=67;17:34=52,nan,nan,0
56,1691509837.8576288,1051,1051,1051,1051,0.9999998920619044,0.9999999981731134,0.9999999983965858,1.000000060990215,1.0000001054962266,62.916137035450056,426.07552680401807,562.0083323204158,0.147664282685707,0.11194876199732197,0.7581302665831317,8.9326579602901,30.802509129047394,439.05338990688324,565.1427580714226,0.029307810779302945,0.4177482301682999,0.5377190847492127,42,466,584,0.039961941008563276,0.4433872502378687,0.5556612749762131,0,True,0.9784623805164745,-0.2063813550888661,0.004255136392312962,0.19851986433834706,0.45707030053139086,0.5818153599402713,0.10407421027292849,0.23728263105680278,0.9069679074459055,145,3.5852284455458996,36.06159488868139,17:33=192;8:6=106;17:32=98;9:8=65;17:34=56,nan,nan,0
57,1691509837.9577868,1031,1031,1031,1031,0.9999998747332176,1.0000000028959444,1.000000003460526,1.0000000622385505,1.0000001049628762,59.44914645563125,430.32090125840614,541.2299582573995,0.13815072956433566,0.10984082744983284,0.7950796046913445,9.104082909942807,29.400947213172913,445.7896035313606,545.7346227765083,0.02851692261219487,0.4323856484300297,0.5293255313060217,42,476,567,0.040737148399612025,0.46168768186226966,0.5499515033947624,0,True,0.9804942968865653,-0.1961375962925578,0.012687674865693018,0.195023762866308,0.46944727653664925,0.5715772968946451,0.10334565887235862,0.26253258551080727,0.8880484919691657,143,3.6028460491812027,36.70254318234166,17:33=183;8:6=99;17:32=80;9:8=65;17:34=62,nan,nan,0
58,1691509838.058115,1073,1073,1073,1073,0.9999998884760475,1.0000000004738592,1.0000000011246368,1.0000000626712904,1.0000001009302595,68.68661019813128,443.2663838068339,561.0470070119371,0.15495560391528235,0.12242576707421926,0.7900699553993036,8.168215106169285,37.759417116642,457.9790292978287,565.0372149348259,0.03519050989435415,0.4268210897463455,0.5265957268730903,54,490,588,0.05032618825722274,0.45666356011183595,0.5479962721342032,0,True,0.9789522056814566,-0.2040011248829018,0.006009994835449787,0.20373401288435164,0.46782281556097827,0.5720163255622451,0.10528775520055614,0.2836642626177854,0.878498562869764,151,3.642230586858699,38.17689870962555,17:33=197;8:6=106;17:32=83;9:8=72;17:34=59,nan,nan,0
59,1691509838.1582694,1031,1031,1031,1031,0.9999998980178889,1.0000000017263386,1.0000000005766279,1.0000000658436428,1.0000001060578831,56.77732754916748,422.053184311541,552.169491699002,0.13452647595061615,0.10282590473165415,0.7643544068559479,9.725175796991143,25.904153883457184,435.1343227624893,554.6742669343948,0.025125270498018607,0.4220507495271477,0.5379963791798203,37,463,575,0.03588748787584869,0.44907856450048494,0.5577109602327837,0,True,0.9800043934455367,-0.1984583169558136,0.014341731363804787,0.19286272391911105,0.46146759578668606,0.5813978674936144,0.10405546478085866,0.2311990513662829,0.9053318505826567,137,3.5633153169304492,35.27996774675152,17:33=175;8:6=110;17:32=89;9:8=68;17:34=67,nan,nan,0
60,1691509838.2578425,1046,1046,1046,1046,0.9999998942005587,1.0000000005068903,1.0000000005688117,1.000000061424569,1.0000001083137153,63.89797464394587,429.76355589402266,552.338470522446,0.14868169663902997,0.11568626495182574,0.7780800701561089,8.64406851078148,33.346986413002014,442.22336226701736,555.5951769351959,0.031880484142449345,0.42277568094361123,0.5311617370317361,46,468,573,0.04397705544933078,0.4474187380497132,0.5478011472275335,0,True,0.9804800174156548,-0.19645906943246524,0.007922719629453118,0.19768176659857048,0.46322944324422816,0.5749131520332159,0.1046055680523358,0.23241199954501396,0.8921731285570036,138,3.583057173642769,35.98338030421041,17:33=188;8:6=101;17:32=87;9:8=66;17:34=59,nan,nan,0
61,1691509838.3574314,1054,1054,1054,1054,0.9999998910778195,1.0000000004261596,1.0000000009038412,1.0000000615803444,1.0000001015353828,61.47534862425047,448.6330849022149,543.8915673718793,0.13702812095913475,0.11302868496620291,0.8248575852536935,8.847311638625305,29.76896244287491,464.17899829149246,545.5574320554733,0.028243797384131793,0.4403975315858562,0.5176066717793865,42,494,564,0.03984819734345351,0.4686907020872865,0.5351043643263758,0,True,0.9790010213964433,-0.2035637009239961,0.010900448194754948,0.19896834105406294,0.47609086283217705,0.5636851457596538,0.10522347866551054,0.29197972108398756,0.851663309006087,133,3.543210722184269,34.577760738415044,17:33=181;8:6=115;17:32=95;9:8=71;17:34=64,nan,nan,0
62,1691509838.4568584,1026,1026,1026,1026,0.9999998747332176,1.0000000011172474,0.9999999999626554,1.000000062377753,1.0000001116398662,60.0540659380923,429.8951196153106,536.0508167391883,0.13969469109542665,0.11203054647580393,0.8019671012356147,8.9261369461942,28.41799396276474,446.9551115036011,537.4184810519218,0.027697849866242436,0.435628763648734,0.5237996891344268,41,477,555,0.03996101364522417,0.4649122807017544,0.5409356725146199,0,True,0.9808327746881546,-0.19469502731329194,0.007804770144734202,0.1975063019933002,0.4720057694005342,0.5713987435468613,0.10368404665906415,0.2833267954406196,0.8806208217438307,143,3.5796198626204117,35.85990656486294,17:33=192;8:6=107;17:32=77;17:34=67;9:8=66,nan,nan,0
63,1691509838.5564787,1009,1009,1009,1009,0.9999999059708546,1.0000000003353822,1.000000001489599,1.0000000597433383,1.0000001039540667,56.831141877577465,419.06733687798294,533.1015219212408,0.13561338924900418,0.10660472638075412,0.7860929291060906,9.380447133538489,27.648445665836334,433.1339193582535,538.2002699971199,0.02740182920300925,0.42927048499331366,0.533399672940654,40,462,560,0.03964321110009911,0.4578790882061447,0.5550049554013875,0,True,0.9800914137017682,-0.19837907151159442,0.008158723813650029,0.19575669061075848,0.46707020242877806,0.5749521416861282,0.10716796711701551,0.26088192578332287,0.8919066129807686,134,3.496105205398607,32.98672492059365,17:33=193;8:6=97;17:32=88;9:8=69;17:34=56,nan,nan,0
64,1691509838.6565151,1033,1033,1033,1033,0.9999998995432148,0.999999999144377,0.9999999989982877,1.0000000614674127,1.0000001020101883,67.20060473740385,430.1651803441628,535.6342131507165,0.15622046555148553,0.12545988117920126,0.8030950409493786,7.970675490849899,36.4733384847641,444.72363686561584,536.6164681911469,0.03530816891071065,0.4305165894149234,0.5194738317436078,50,474,555,0.0484027105517909,0.45885769603097776,0.537270087124879,0,True,0.9784568780973472,-0.20635763568367171,0.0062180301573472535,0.20697585107385078,0.4685188650593567,0.5665459801434364,0.10956539011449136,0.2558423004617836,0.8846582529884797,144,3.5922450464161306,36.31551449125022,17:33=187;8:6=95;17:32=85;9:8=69;17:34=58,nan,nan,0
65,1691509838.7565255,1013,1013,1013,1013,0.9999998747332176,1.000000000407389,0.9999999988758254,1.0000000610458575,1.0000001079932828,56.63585331165846,426.9400620639583,529.4240854497531,0.13265527961434093,0.10697634442442398,0.806423571948501,9.347861018998215,26.917512834072113,442.02992790937424,528.9668169617653,0.026572075848047494,0.4363572832274178,0.5221784965071721,39,473,548,0.0384995064165844,0.46692991115498517,0.5409674234945706,0,True,0.9781520811123472,-0.2075267814475422,0.012293949634202543,0.19648925393751332,0.47178925165253266,0.5704130937056782,0.10334541782292209,0.2676030389036035,0.8836842838463825,130,3.5487841090486336,34.771014013299364,17:33=185;8:6=95;17:32=78;9:8=66;17:34=61,nan,nan,0
66,1691509838.8565855,1009,1009,1009,1009,0.9999998847182935,0.9999999997039762,0.9999999989431263,1.0000000603816563,1.0000001124897486,57.46916455036981,422.5924862227104,528.9383486295438,0.13599192229859713,0.10865002452416224,0.7989446923590038,9.203863546092565,27.590661704540253,436.2916343808174,529.2044448256493,0.027344560658612738,0.43240003407415006,0.5244840880333491,39,467,551,0.03865213082259663,0.4628344895936571,0.5460852329038652,0,True,0.980016067536963,-0.1983712863488855,0.014742459824431118,0.19476922019092924,0.4703413412060802,0.5716903057785405,0.10366618017043953,0.25841333716721304,0.8843673941967106,137,3.585797420623082,36.08211887568135,17:33=188;8:6=95;17:32=74;9:8=68;17:34=66,nan,nan,0
67,1691509838.956837,1031,1031,1031,1031,0.9999998996904302,1.0000000000835125,0.9999999995853445,1.000000065184667,1.0000001160786607,59.04209745918687,430.7691161700551,541.188786542961,0.13706204842196434,0.10909704511126257,0.795968295872774,9.166151099510994,27.553314566612244,446.5323226451874,544.6465076208115,0.02672484439050654,0.4331060355433437,0.5282701334828434,41,477,565,0.03976721629485936,0.4626576139670223,0.5480116391852571,0,True,0.9791224655344724,-0.20298206242176745,0.010838810852753256,0.1974424226171536,0.46897894291109826,0.5722668827139203,0.10695057526455562,0.2558790440161997,0.8718166394286833,137,3.6143417530836177,37.126899213620625,17:33=180;8:6=91;17:32=87;9:8=70;17:34=57,nan,nan,0
68,1691509839.0568838,1032,1032,1032,1032,0.9999998999209034,1.0000000021440354,1.0000000019216393,1.000000062192316,1.000000094359597,64.75685497886607,419.16956962528593,548.0735798211367,0.15448844494306938,0.1181535789409871,0.7648052835571485,8.4635608075779,33.26850235462189,433.38451904058456,549.5237043499947,0.03223692088626152,0.4199462393804114,0.5324842096414677,46,463,568,0.044573643410852716,0.4486434108527132,0.5503875968992248,0,True,0.9809562778503423,-0.19368970374788627,0.014459585334925478,0.1988224527451755,0.4600772547796981,0.5792396714470212,0.10647187550521008,0.25566175870358754,0.889780809644402,147,3.6222771033483108,37.422686197648424,17:33=183;8:6=96;17:32=93;17:34=72;9:8=68,nan,nan,0
69,1691509839.1574786,1006,1006,1006,1006,0.9999999014210622,1.0000000000869194,0.9999999994773647,1.0000000627172612,1.0000001050272178,56.21423948588929,414.8413496195962,534.9444110693963,0.13550780204875182,0.10508426356583961,0.7754849682236991,9.516172698621606,24.66284328699112,430.4647887945175,538.1450101137161,0.024515748794225765,0.42789740436830764,0.534935397727352,34,458,555,0.033797216699801194,0.4552683896620278,0.55168986083499,1,False,0.9813981538014744,-0.19048022583210988,0.023978058345202113,0.19140602855739527,0.4637688073269719,0.5787127223474635,0.10305491841986615,0.24334726328612571,0.9031865910058843,137,3.497332695654575,33.027240665263676,17:33=199;8:6=100;17:32=86;9:8=73;17:34=54,nan,nan,0
70,1691509839.2577658,1022,1022,1022,1022,0.9999998982258651,0.9999999997152091,1.0000000002703926,1.0000000638538458,1.0000001060578831,52.9627936131269,411.67763451042464,557.3595712943362,0.1286511317917752,0.09502446237737211,0.7386212702051574,10.523605974519326,20.864286303520203,426.99445527791977,558.4357119202614,0.02041515293886517,0.41780279381401153,0.5464145909200209,31,455,576,0.030332681017612523,0.4452054794520548,0.5636007827788649,1,False,0.9832778536988902,-0.18074705799754343,0.022252268435741247,0.18588739296385753,0.45685963938141483,0.5922789037172644,0.10071507511195485,0.22524791076170725,0.9211066095116627,134,3.5775631108035566,35.78622743270117,17:33=187;17:32=92;8:6=89;9:8=72;17:34=58,nan,nan,0
71,1691509839.3577545,1020,1020,1020,1020,0.9999998856422394,1.000000001168679,1.00000000241517,1.0000000617963134,1.0000001060578831,53.02423264157489,414.1823421570052,552.7934275855248,0.12802147084646803,0.09592051930351742,0.7492533765570603,10.425298020288448,19.04827731847763,428.93990284204483,555.4804980754852,0.01867478168478199,0.42052931651180864,0.5445887236034169,29,456,573,0.028431372549019607,0.4470588235294118,0.5617647058823529,1,False,0.9838177301730557,-0.17837006627888496,0.016934971296186877,0.18675344981381264,0.4584589845255857,0.5887095147711388,0.1024128566972752,0.2266586764555245,0.9054534774430019,127,3.51123975246719,33.48976107184176,17:33=204;8:6=89;17:32=83;9:8=67;17:34=61,nan,nan,0
72,1691509839.4578457,985,985,985,985,0.9999998945849653,1.000000001203925,1.00000000166755,1.0000000607779647,1.0000000954396024,51.32539730973982,392.85899961655656,540.8156054454357,0.1306458484082969,0.0949036913745607,0.7264194961478291,10.536997934603562,23.724825859069824,406.0628716945648,543.5671798586845,0.024086117623421142,0.41224657024828915,0.5518448526484107,35,431,560,0.03553299492385787,0.43756345177664974,0.5685279187817259,1,False,0.9824047336868872,-0.18488647184945997,0.026418398071332574,0.18484954314984417,0.45054431701303743,0.5944273485765149,0.09967209695453717,0.2056171246725875,0.927861347219962,127,3.5031229753585524,33.219032354473725,17:33=189;17:32=85;8:6=80;17:34=70;9:8=70,nan,nan,0
73,1691509839.5576098,995,995,995,995,0.9999999014473969,1.000000000708977,0.999999999940902,1.0000000630588937,1.0000000992454523,54.046706574496774,400.9978883751445,539.9554064612233,0.13478052663443105,0.10009475954451456,0.7426500106799875,9.990533016419064,22.93276971578598,413.7711572051048,543.1487523317337,0.023048009764609027,0.41585040925136163,0.5458781430469686,31,438,560,0.031155778894472363,0.4402010050251256,0.5628140703517588,1,False,0.9846267677365761,-0.1730387257963307,0.023827035724259107,0.18570652312542552,0.45563181398640124,0.5890872323873967,0.10223700611124183,0.21119298144124898,0.9171482457407263,137,3.554928071818642,34.98530344793905,17:33=180;17:32=100;8:6=88;9:8=66;8:27=52,nan,nan,0
74,1691509839.657484,1022,1022,1022,1022,0.9999999013732134,1.0000000000107432,1.0000000009586227,1.0000000599179255,1.0000001305567376,55.522771797961035,410.1887956544539,556.2884325695446,0.13535906486517937,0.09980932291095201,0.7373671132433155,10.01910413611543,23.8613321185112,423.19679564237595,557.6681444644928,0.023347683090519766,0.41408688419019174,0.5456635464427523,34,450,575,0.033268101761252444,0.44031311154598823,0.5626223091976517,1,False,0.9803216479254542,-0.19654736105550483,0.0184011268904717,0.19103665945319365,0.45368335812931837,0.5891897188988832,0.10122588068609364,0.2301773210298374,0.9162816139948838,135,3.5631624440273026,35.274574807886765,17:33=190;17:32=90;8:6=88;17:34=63;9:8=63,nan,nan,0
75,1691509839.7575145,1011,1011,1011,1011,0.9999998926235346,0.9999999985752568,0.9999999981788552,1.0000000598808083,1.0000000920872247,52.12931134245625,384.9490628242553,573.9216229524582,0.13541872516846565,0.09083001799842358,0.6707345522964261,11.00957615154668,23.151436865329742,397.70997005701065,575.9394983649254,0.022899541904381544,0.3933827597003073,0.5696730943273248,33,423,591,0.032640949554896145,0.41839762611275966,0.5845697329376854,1,False,0.9789357638190477,-0.20235146529188136,0.027178204691377713,0.18521069493184203,0.43145874489275776,0.6091699577726576,0.0990150394147691,0.16532141709731102,0.9549492280415238,136,3.567036967807457,35.411512098902215,17:33=189;17:32=99;8:6=82;17:34=67;9:8=61,nan,nan,0
76,1691509839.8577986,1010,1010,1010,1010,0.9999998950939226,1.0000000012899757,1.0000000015598305,1.0000000629205053,1.0000001326802943,51.1111414375274,397.0548339300636,561.8340272381597,0.1287256496328918,0.09097195783740158,0.7067119730748406,10.992398358484781,22.482717990875244,412.14262276887894,563.4331561326981,0.022260116822648758,0.4080620027414643,0.5578546100323744,34,440,581,0.033663366336633666,0.43564356435643564,0.5752475247524752,1,False,0.9821588525757415,-0.1850772333977636,0.033322754762065566,0.1816698081014403,0.4453313113820317,0.6018925270592185,0.09727946043709762,0.1741331846714123,0.9417285650287801,143,3.609947447764393,36.9641102171499,17:33=194;17:32=82;8:6=78;9:8=61;17:34=58,nan,nan,0
77,1691509839.957875,999,999,999,999,0.9999998931018176,0.999999999988213,0.9999999999715796,1.0000000612493578,1.000000093388185,49.398851327202884,393.49408843553704,556.1070602137097,0.12553899227204146,0.08882975035098296,0.7075869317039759,11.257489704167948,20.253876447677612,407.5772071480751,557.7310579419136,0.02027415059827589,0.4079851923404155,0.5582893472892028,31,434,574,0.031031031031031032,0.4344344344344344,0.5745745745745746,1,False,0.9812546724615229,-0.19082472142557796,0.026929416356097743,0.18156738593849933,0.4465259390729709,0.6016850068297155,0.09928018759967636,0.19516385871064026,0.9411295680703214,130,3.522801369158798,33.87920380817866,17:33=192;17:32=91;8:6=77;9:8=68;17:34=63,nan,nan,0
78,1691509840.0577388,1012,1012,1012,1012,0.9999998897768556,1.0000000010954744,1.0000000012964163,1.0000000636311297,1.000000119053651,51.09135973059276,393.4738244467878,567.4348180398599,0.12984690862835832,0.0900391694451922,0.6934255916935077,11.106277480810288,22.8934628367424,405.3521963953972,565.7784738540649,0.02262199885053597,0.40054564861205255,0.5590696381957163,32,429,579,0.03162055335968379,0.42391304347826086,0.5721343873517787,1,False,0.9787654848547767,-0.20133566584648135,0.038497731298716684,0.18184136529619757,0.4373332638468967,0.6023050601349893,0.09496476385943414,0.16542191517221763,0.9582694351625489,135,3.4842557087044783,32.59815555499675,17:33=204;17:32=96;8:6=83;9:8=67;17:34=62,nan,nan,0
79,1691509840.1577222,1034,1034,1034,1034,0.9999998920619044,0.9999999990760987,0.9999999986517152,1.0000000612744049,1.0000001069369187,56.5840231731748,389.98093026061656,587.4350446555809,0.14509433354949128,0.09632388072174104,0.6638707271699569,10.381641525519354,29.049212038517,402.6766496896744,589.8071385622025,0.028094015511138295,0.3894358314213485,0.570413093387043,41,428,606,0.039651837524177946,0.41392649903288203,0.586073500967118,0,True,0.9808861890098445,-0.19156020666750664,0.034160963558509394,0.18374595193896237,0.4290644119759581,0.6106612993557864,0.09848158478245654,0.15423227995946143,0.9569566978164493,142,3.5714165541187404,35.56693997902496,17:33=215;8:6=89;17:32=83;9:8=67;17:34=55,nan,nan,0
80,1691509840.2579882,1072,1072,1072,1072,0.9999999014678385,1.0000000006050829,0.9999999999802792,1.0000000593367682,1.0000001058529735,56.78799188951758,414.5830802214644,600.6289291863163,0.1369761444658625,0.09454754696289666,0.6902482715627902,10.57668900064039,28.153258681297302,430.0264351963997,602.0700100064278,0.02626236817285196,0.4011440626832087,0.5616324720209214,40,457,616,0.03731343283582089,0.42630597014925375,0.5746268656716418,0,True,0.9806434870540922,-0.19207337384093673,0.03802854664262312,0.18310453395495718,0.436735823251621,0.6026988875320535,0.09729273301366155,0.17413274260152078,0.955397257359612,141,3.5568951680729164,35.0541906389608,17:33=219;17:32=100;8:6=84;9:8=67;17:34=57,nan,nan,0
81,1691509840.357991,1093,1093,1093,1093,0.9999998747332176,0.999999999975722,0.9999999992686017,1.0000000658674717,1.0000001207555982,55.27946283930659,419.7582558157206,617.962281291901,0.1316935690326839,0.08945442871325467,0.6792619364052146,11.178876377440078,28.928537368774414,434.0836130976677,620.1833015680313,0.02646709731818336,0.39714877685056515,0.5674138166221695,42,460,635,0.0384263494967978,0.42086001829826164,0.5809698078682525,0,True,0.979976569803256,-0.19493745183466513,0.04056245195808276,0.18119493665658648,0.4329904278730357,0.6065032587452764,0.09720011845227428,0.14376746366711832,0.9653764399767989,140,3.533878869265127,34.25658706441453,17:33=219;17:32=105;8:6=85;9:8=70;17:34=64,nan,nan,0
82,1691509840.4575562,1076,1076,1076,1076,0.9999998938508201,1.0000000000094196,1.0000000022551525,1.0000000629620434,1.0000001030556482,50.16189688036108,417.8478771368377,607.9902260030722,0.12004822717798312,0.08250444618184966,0.687260846089204,12.120558906557358,22.950164437294006,432.4477279782295,608.6424040198326,0.021329149105291826,0.40190309291657017,0.5656527918399932,34,458,621,0.031598513011152414,0.4256505576208178,0.5771375464684015,1,False,0.982587445438472,-0.18152641411550474,0.039624147247151256,0.17452682995114802,0.4370261875037708,0.6054015807905094,0.09680282278281116,0.14906466754358358,0.9672322093041873,135,3.44823098158167,31.444716794593493,17:33=233;17:32=111;8:6=80;9:8=69;17:34=49,nan,nan,0
83,1691509840.5568497,1059,1059,1059,1059,0.9999998982406874,1.0000000001116942,0.9999999988455177,1.0000000640088855,1.0000001116073338,52.67819289790529,402.133209002125,604.188598336538,0.13099687297307228,0.08718832669623319,0.665575633352375,11.469425299146188,27.24370950460434,416.0394786596298,605.5648491978645,0.02572588244060844,0.3928606975067326,0.5718270530669165,41,442,620,0.03871576959395656,0.4173748819641171,0.5854579792256847,0,True,0.9781927174010431,-0.2034076176986518,0.04200415081539199,0.1813840753106033,0.4287506182676564,0.6108200747857186,0.0964108878559368,0.14496743134251464,0.970322389783507,136,3.478558584088943,32.41296782025417,17:33=231;17:32=96;8:6=73;9:8=70;17:34=60,nan,nan,0
84,1691509840.656715,1083,1083,1083,1083,0.9999998890105997,1.0000000019301898,1.000000001093996,1.0000000633923547,1.0000001050272178,49.87943355497027,437.6176087295104,595.5029618963106,0.11397949387772588,0.08376017710497184,0.7348705829035133,11.938847726488893,22.382169365882874,452.44190269708633,597.7218020558357,0.020666823052523427,0.4177672231736716,0.5519130212888603,35,477,612,0.032317636195752536,0.4404432132963989,0.5650969529085873,1,False,0.9819980090819004,-0.18425830651344877,0.041578680113487074,0.17748152851519994,0.4489357689008713,0.5899906048596527,0.09920260851007806,0.1503045268980695,0.958450768130238,132,3.4242495029315263,30.699596246643125,17:33=221;17:32=94;8:6=91;9:8=81;17:34=72,nan,nan,0
85,1691509840.7569237,1047,1047,1047,1047,0.9999998855399499,1.0000000000378406,0.9999999996129798,1.0000000633046044,1.000000125405968,51.36356262763036,409.8286810138693,585.807756437739,0.12532935103654233,0.08767989509044576,0.6995958597510082,11.405123135337412,22.277145743370056,425.0469369292259,586.3533408641815,0.021277121053839596,0.4059665109161661,0.560031844187375,31,453,602,0.029608404966571154,0.4326647564469914,0.5749761222540593,1,False,0.9806047864674787,-0.1918774669827528,0.03996611591527414,0.1794710382945552,0.4389655230491443,0.6026971978557999,0.09537283595468168,0.15619863251391258,0.9538930171422247,137,3.4492894994927608,31.478019213023444,17:33=229;17:32=100;8:6=75;9:8=66;17:34=64,nan,nan,0
86,1691509840.857051,1037,1037,1037,1037,0.999999894108473,0.9999999996630637,1.0000000003943874,1.0000000592002112,1.0000001129767342,52.95430212228067,400.0518778670734,583.9938193118408,0.1323685878056945,0.09067613452601313,0.6850275887140064,11.028260139531207,27.65470427274704,415.69769817590714,583.2917341589928,0.026667988691173615,0.40086566844349775,0.5624799750809959,39,443,597,0.037608486017357765,0.42719382835101255,0.5756991321118612,0,True,0.9787355568865501,-0.20114249271915716,0.04022943336288477,0.18265799959703913,0.43391486716184147,0.6055430288035403,0.09365900345451268,0.1523051698473285,0.9622203105822776,132,3.433632481763323,30.98900554573013,17:33=228;17:32=84;8:6=79;17:34=70;9:8=63,nan,nan,0
87,1691509840.9569345,1036,1036,1036,1036,0.9999998960484816,1.0000000012208965,1.0000000004196423,1.0000000624432412,1.0000001299466186,50.269514970803485,406.7436606402857,578.9868269186084,0.12359016214701532,0.08682324473311406,0.7025093520779949,11.517652940452752,23.303458392620087,420.97218066453934,579.1948594450951,0.022493685707162245,0.4063438037302503,0.5590683971477751,32,447,594,0.03088803088803089,0.4314671814671815,0.5733590733590733,1,False,0.9823630366481699,-0.1808810423263999,0.047380510279032485,0.17526500132241846,0.4403212603694837,0.6001665356424266,0.09286795360691846,0.15049042497072374,0.9605009714500226,132,3.4399271123519424,31.18468510711855,17:33=229;17:32=93;8:6=72;9:8=64;17:34=63,nan,nan,0
88,1691509841.0567467,1034,1034,1034,1034,0.9999998775947986,0.9999999978830284,0.9999999970133571,1.0000000605660577,1.0000001075783667,49.115349064849866,410.9755722586199,573.9090742986325,0.11950916886598413,0.08558036675909533,0.7160987526828501,11.684923048004134,23.522830724716187,428.01177555322647,575.5880073308945,0.022749352731833837,0.41393788738223064,0.5566615157939018,36,456,591,0.03481624758220503,0.4410058027079304,0.5715667311411993,1,False,0.9817655433470078,-0.1849986470886933,0.04372548995617857,0.17613784600029567,0.4445920006064833,0.5975249954048902,0.09601613148616772,0.16124158148469148,0.9503817772343004,131,3.4382844029702753,31.133499785143332,17:33=216;17:32=93;8:6=78;17:34=72;9:8=67,nan,nan,0
89,1691509841.157091,1056,1056,1056,1056,0.9999998806064567,1.000000001144926,0.9999999999240938,1.0000000625399996,1.000000097625598,52.16592262670723,427.82153595357056,576.0125438378061,0.12193383979708901,0.09056386563934993,0.742729547351727,11.041931491553965,29.42809373140335,444.7724504470825,578.0763009786606,0.02786751300322287,0.4211860326203433,0.5474207395631255,45,476,597,0.04261363636363636,0.45075757575757575,0.5653409090909091,0,True,0.9758970567310907,-0.2124684025055004,0.04982080489469076,0.18535600033045013,0.45099795783843233,0.5875832460300843,0.09463457678892481,0.18305451150993918,0.9386448159046843,133,3.447337194292418,31.416624462563146,17:33=232;17:32=92;8:6=87;9:8=62;17:34=60,nan,nan,0
90,1691509841.2574883,1036,1036,1036,1036,0.999999897439364,0.9999999994818823,0.9999999983156476,1.0000000594746954,1.0000001078934708,48.5591511489874,406.32274322831034,581.1181045491628,0.11950881893338246,0.08356158716937595,0.699208543061207,11.967221230169319,22.496719658374786,422.78379648923874,581.0364180207253,0.02171498036522663,0.4080924676537053,0.5608459633404684,33,451,595,0.03185328185328185,0.43532818532818535,0.5743243243243243,1,False,0.979438533910416,-0.19574033705457858,0.048845457733293005,0.17742165958087217,0.43840607136290016,0.6018062724938508,0.09409917188824146,0.14541621404468852,0.9692822304898963,134,3.4667425127421616,32.032227735816306,17:33=213;17:32=100;8:6=78;17:34=70;9:8=58,nan,nan,0
91,1691509841.3576672,1047,1047,1047,1047,0.9999998775947986,0.9999999983713499,0.9999999985900538,1.0000000632456951,1.0000000936022793,53.52792297002404,411.97893219240666,581.493141427176,0.12992878709881425,0.09205254397093808,0.7084845939563008,10.86336082483185,27.602424204349518,425.0862904191017,582.5395345687866,0.026363346900047296,0.4060040978214916,0.5563892402758229,39,450,597,0.03724928366762178,0.4297994269340974,0.5702005730659025,0,True,0.98224903375594,-0.18212107025566648,0.04493051807461024,0.1789709765389903,0.4412674926905323,0.5959693855064847,0.09537885306488961,0.15070817828162283,0.9596889084172602,132,3.445210633147078,31.34988607644345,17:33=228;17:32=92;8:6=82;9:8=67;17:34=65,nan,nan,0
92,1691509841.4574766,1068,1068,1068,1068,0.9999998855399499,0.9999999997516089,0.9999999977422882,1.0000000646587242,1.0000001134767178,52.33416995396791,427.19122760777736,588.4746019076915,0.12250759512790876,0.08893190935396916,0.7259297618332674,11.244557856278261,25.986092448234558,439.90427047014236,587.9310234189034,0.02433154723617468,0.4118953843353393,0.5504972129390481,36,467,603,0.033707865168539325,0.43726591760299627,0.5646067415730337,0,True,0.979858445310327,-0.1923217284444589,0.05375667328030106,0.17907585441208862,0.44740077306365844,0.5903915324888778,0.09576297441775525,0.1621606034681808,0.9628743845322978,136,3.4529323072430804,31.592896696635393,17:33=221;17:32=97;8:6=81;17:34=73;9:8=66,nan,nan,0
93,1691509841.5569468,1027,1027,1027,1027,0.9999998901379609,1.000000001408551,0.9999999998014067,1.0000000622671554,1.0000001058780108,50.98932056856261,411.8253256699568,564.1853566546448,0.12381297941211669,0.09037689469805708,0.7299468531262284,11.064774944314367,23.179350674152374,427.3650191426277,563.4044066667557,0.022569961708035418,0.41612952204734927,0.5485924115547767,32,455,577,0.0311587147030185,0.4430379746835443,0.5618305744888024,1,False,0.9763809889710703,-0.2099459902608555,0.05101809041176837,0.18540200095124526,0.44734292709014745,0.5904945537172135,0.09485223458931358,0.16456423380653842,0.9605011190150946,136,3.4701612422418493,32.141924662935686,17:33=213;17:32=88;8:6=88;17:34=75;9:8=62,nan,nan,0
94,1691509841.6567645,1022,1022,1022,1022,0.9999998845028961,0.9999999997858317,0.9999999996415544,1.0000000634158728,1.0000001276302382,47.537504148167336,425.2840098612096,549.1784855528633,0.11177825416874028,0.08656111883245184,0.7744003471532066,11.552530899416924,20.93037635087967,437.72574841976166,547.7662400007248,0.020479820304187542,0.42830308064555933,0.5359747945212572,29,462,560,0.02837573385518591,0.4520547945205479,0.547945205479452,1,False,0.9793931705839082,-0.19502391303266564,0.052485147985189426,0.1806189398024306,0.46063180996098146,0.5780505276140436,0.09906022172985035,0.19920824291008737,0.9317960047757818,124,3.440475555633364,31.20179282902755,17:33=208;8:6=100;17:32=80;17:34=60;9:8=55,nan,nan,0
95,1691509841.7568374,1016,1016,1016,1016,0.9999998962384186,0.9999999992761165,0.9999999984931536,1.000000061936043,1.0000001052575058,46.89329238142334,419.8048541165259,549.3018520311198,0.11170259686517844,0.08536889545889731,0.764251663387333,11.713868319655974,19.296656608581543,432.1414705514908,549.6195564866066,0.01899277225254089,0.4253360930624909,0.5409641304002033,29,458,565,0.028543307086614175,0.4507874015748031,0.5561023622047244,1,False,0.9821426536190838,-0.18254572049651435,0.045528758718782175,0.17870473989872282,0.4608294170406765,0.5822172030131173,0.09957056936476025,0.21911305560711436,0.9308942351019477,133,3.4849233481318764,32.619926635712964,17:33=194;8:6=85;17:32=80;17:34=65;9:8=65,nan,nan,0
96,1691509841.8571784,1027,1027,1027,1027,0.9999999010668896,1.0000000009113588,1.0000000006981218,1.0000000589673979,1.000000104386004,52.86391260472786,422.1528997449601,551.9831895222429,0.12522456350925248,0.09577087420086665,0.7647930367414728,10.441587887175732,27.427206933498383,433.4483337402344,550.5642767548561,0.026706141123172718,0.42205290529720974,0.5360898507836963,38,459,565,0.03700097370983447,0.4469328140214216,0.5501460564751705,0,True,0.9782674601221216,-0.20066338865849043,0.05222050285380965,0.1866534521407306,0.4582098967807345,0.5781268167454616,0.09747045863244706,0.21210567128760108,0.9399187793660253,128,3.4911355037615444,32.82319741776951,17:33=196;8:6=88;17:32=87;17:34=69;9:8=57,nan,nan,0
97,1691509841.9573812,1016,1016,1016,1016,0.9999998906077547,1.0000000016029433,1.00000000147782,1.0000000637308082,1.0000000976485393,46.633460234819765,426.26154742394965,543.1049955984114,0.10940104852676104,0.08586453929306515,0.784860295667655,11.646251272447753,19.575874745845795,440.93325728178024,541.6103521585464,0.019267593253785232,0.4339894264584451,0.5330810552741599,28,466,552,0.027559055118110236,0.45866141732283466,0.5433070866141733,1,False,0.9747469999416867,-0.21439828541194225,0.062463279749794993,0.18433605805135117,0.4606318951715017,0.5725078643522967,0.09797662918413355,0.2066965994052713,0.9331135144674395,128,3.3627362629287716,28.868073547638414,17:33=213;8:6=92;17:32=87;17:34=72;9:8=61,nan,nan,0
98,1691509842.0575101,1058,1058,1058,1058,0.9999998978489211,0.9999999978627979,0.9999999986059498,1.000000056722568,1.0000001160613965,53.4364743228727,440.8546077862273,563.708913368581,0.12121110538280758,0.0947944463101531,0.7820607361905852,10.549141209477094,24.683556973934174,456.19697523117065,561.2412521243095,0.023330394115249693,0.43118806732624826,0.5304737732743946,36,488,577,0.034026465028355386,0.4612476370510397,0.5453686200378072,1,False,0.9796715597077167,-0.1921334074324054,0.05769219053098451,0.18607060024221903,0.46453839681509335,0.5744232982288077,0.09866579151184868,0.24563023897382635,0.9149356807378055,139,3.4615651385727526,31.86681348258595,17:33=201;17:32=92;8:6=89;17:34=77;8:27=65,nan,nan,0
99,1691509842.1577818,1018,1018,1018,1018,0.9999998826522762,1.000000002061717,1.0000000027146632,1.00000006155737,1.0000001166305899,54.10799993089306,411.4717679841263,552.4202362826371,0.1314986935701028,0.09794717205690769,0.7448528148661144,10.209585218233723,30.229359924793243,428.8664807677269,552.4733688831329,0.02969485257838236,0.42128337992900483,0.5427046845610343,43,458,567,0.04223968565815324,0.449901768172888,0.5569744597249509,0,True,0.9749802581050618,-0.21385358723889214,0.06066415358714346,0.18918289921809595,0.4497486643121565,0.5855665610070611,0.09730107818272944,0.1868479618245365,0.9474496333506,140,3.5227416249376438,33.87717978199635,17:33=194;17:32=91;8:6=77;17:34=74;9:8=55,nan,nan,0
100,1691509842.2578201,1026,1026,1026,1026,0.9999998899582205,0.999999997929483,0.9999999969804683,1.00000005807701,1.0000001030578463,49.15171777940326,415.67043336270854,561.1778446091876,0.11824684614148182,0.08758670402184754,0.7407106986773284,11.417258032115935,23.033388257026672,429.8987206816673,558.6557241082191,0.022449696156946076,0.41900460105425663,0.5444987564407594,33,460,573,0.03216374269005848,0.44834307992202727,0.5584795321637427,1,False,0.9756666779238133,-0.21070331063331424,0.06065186293322638,0.18379486498290093,0.45186355651938004,0.5877787417054845,0.09448119364886837,0.1886147470871233,0.950421507092117,140,3.551055167340569,34.85007075024297,17:33=196;17:32=82;8:6=76;17:34=69;9:8=56,nan,nan,0
101,1691509842.357866,1015,1015,1015,1015,0.9999999024273881,0.9999999999368278,0.9999999990913391,1.0000000589382791,1.0000001150123723,50.51375183179933,425.7647886135103,538.7214594264508,0.11864238937253545,0.09376599158603918,0.7903245381514973,10.66484748985356,23.235227227211,441.1010313630104,538.2896348834038,0.022891849484936944,0.43458229690936984,0.5303346156486737,35,472,555,0.034482758620689655,0.46502463054187193,0.5467980295566502,1,False,0.9767031236859467,-0.20852815680879358,0.050665728061894316,0.18808902336869182,0.4661577744303054,0.5726272138224,0.09750914546578733,0.23756512134314556,0.8991839800347973,142,3.5564250700834203,35.037715607161076,17:33=195;8:6=84;17:34=73;17:32=67;9:8=55,nan,nan,0
102,1691509842.457766,985,985,985,985,0.9999998747332176,1.0000000007207708,1.000000000443466,1.0000000611153266,1.000000105922019,50.50635354654971,412.83439871468664,521.6592491586822,0.12234046800314012,0.09681866779512677,0.7913870968079156,10.328586653516561,27.35997575521469,426.64067274332047,519.5597926974297,0.027776625132197655,0.43313773882570605,0.5274718707588119,40,456,535,0.04060913705583756,0.46294416243654823,0.5431472081218274,0,True,0.9748533554886835,-0.21551771383525706,0.0566837747126894,0.1906220157833992,0.46383427853325565,0.5710481952047333,0.09927935425014894,0.2364189574368799,0.8911902768968024,139,3.4985029473933995,33.065913475128774,17:33=184;8:6=90;17:32=85;17:34=70;9:8=59,nan,nan,0
103,1691509842.557142,974,974,974,974,0.9999998862727024,0.9999999999029229,0.9999999982089769,1.0000000621988212,1.0000000930983954,51.24153948649416,401.21061351906735,521.5478468053325,0.1277173079671257,0.09824897140380688,0.7692690440131739,10.178223605924211,24.213617026805878,414.82055217027664,520.5160712599754,0.024859976413558395,0.4258937907292368,0.5344107507802622,31,442,534,0.03182751540041068,0.4537987679671458,0.5482546201232033,1,False,0.9704853613454306,-0.23335838934707895,0.06084427282469619,0.19497896039590723,0.45549094100572257,0.5763664379705735,0.10035939864073376,0.22027252051581048,0.9238316546621932,131,3.503920540866983,33.24553727720418,17:33=187;8:6=87;17:34=77;17:32=67;9:8=58,nan,nan,0
104,1691509842.656903,994,994,994,994,0.999999891685281,0.9999999987499709,0.9999999961947145,1.0000000658232622,1.000000109811764,46.51767574719878,407.9468603890665,539.5354613786769,0.1140287627237381,0.08621801360068529,0.7561075954982429,11.598504282776142,17.212336122989655,424.83185464143753,540.6756320595741,0.017316233524134462,0.42739623203363936,0.5439392676655675,25,452,554,0.025150905432595575,0.45472837022132795,0.5573440643863179,1,False,0.9718691500816443,-0.2263923143067813,0.0649374710194456,0.19047998714839956,0.4540836357323483,0.5835796062812344,0.10167919754676087,0.19249826211236215,0.9481287405101594,127,3.4997905770618343,33.10851754958195,17:33=187;8:6=92;17:32=86;17:34=72;9:8=44,nan,nan,0
105,1691509842.7570515,998,998,998,998,0.9999998942481183,1.0000000010108763,1.0000000015662776,1.000000060352923,1.000000110616085,53.29370405304454,424.42250167450277,520.2837962901621,0.12556757439292518,0.10243198891268693,0.8157519121310526,9.762575252272027,26.79209405183792,440.5951257944107,519.3633474111557,0.02684578562308409,0.4414780819583274,0.5204041557226009,37,467,530,0.03707414829659319,0.467935871743487,0.531062124248497,0,True,0.9705091023531008,-0.23292208103671572,0.06212396007422642,0.19796325332449036,0.4670713284944927,0.5625163241621188,0.10292891532548709,0.23475566519301672,0.8881700754316477,138,3.547460700056308,34.72502817642858,17:33=171;8:6=99;17:32=86;17:34=67;9:8=58,nan,nan,0
106,1691509842.857468,949,949,949,949,0.9999998862727024,0.9999999998734971,0.9999999993650328,1.0000000616231712,1.0000001097958853,40.55736864165477,393.0224898389589,515.4201412792845,0.10319350594484597,0.07868797781357643,0.762528388711136,12.708421639315084,17.81460416316986,408.79376196861267,513.2881247997284,0.018771974882160022,0.4307626575011725,0.5408726288722112,27,434,523,0.02845100105374078,0.45732349841938885,0.5511064278187566,1,False,0.9702437202389078,-0.23440717502394665,0.0606662973508138,0.1844532970363165,0.45389305420985826,0.5826772778315236,0.09623133535960318,0.19060348001596888,0.9596888352760667,125,3.422445112668753,30.6442521403038,17:33=178;8:6=91;17:32=82;17:34=64;9:8=57,nan,nan,0
107,1691509842.9575582,966,966,966,966,0.9999998867527208,1.0000000010524412,1.0000000003223697,1.0000000614425308,1.0000001048722023,45.14452792266825,390.12790331347924,530.7275707971695,0.11571724949495166,0.08506158414732393,0.7350812823375557,11.756188296094182,18.0338351726532,405.8896544575691,532.0174662470818,0.01866856643131801,0.4201756257324732,0.5507427186822792,25,431,544,0.025879917184265012,0.44616977225672877,0.5631469979296067,1,False,0.9709693419292512,-0.2309226629288839,0.062395999705991675,0.18775445386123799,0.44575186894965113,0.5904553613948913,0.09726862414450549,0.1651143825173082,0.9485951958530938,121,3.5242443374100856,33.92812571154084,17:33=161;17:34=82;17:32=80;8:6=74;9:8=46,nan,nan,0
108,1691509843.0575156,978,978,978,978,0.9999998904230382,1.0000000006898075,1.0000000011337016,1.0000000646185871,1.000000100430169,43.64564065745804,407.15330345823054,527.2010572335756,0.10719706873736713,0.08278746800411081,0.772292274212648,12.079122892734743,17.208082616329193,421.64239102602005,526.3509886264801,0.017595176499314105,0.43112718918815957,0.5381911949146013,25,445,537,0.02556237218813906,0.4550102249488753,0.549079754601227,1,False,0.9685351475627362,-0.24110855595624095,0.06169547941563727,0.1909163877585508,0.4552478767718916,0.5795212801589527,0.09933744176104459,0.19564164557361247,0.9529686494485763,119,3.516119323188181,33.65357607783533,17:33=167;17:32=78;8:6=78;17:34=75;9:8=52,nan,nan,0
109,1691509843.1575072,984,984,984,984,0.9999998851459997,0.9999999995022081,0.9999999992554378,1.0000000575754617,1.0000001036778796,48.82473285892268,404.3988110216601,530.7764551397629,0.12073411574968149,0.09198737507312049,0.7619004330461017,10.871057025000475,23.819737553596497,421.44508761167526,531.7892647981644,0.024207050359346033,0.42829785326389763,0.5404362447135816,35,448,545,0.03556910569105691,0.45528455284552843,0.5538617886178862,1,False,0.9694158328414535,-0.23762032026554433,0.061396469224305875,0.19429813549608985,0.4534980166302751,0.5817377632891626,0.1000049294899051,0.1947665463349188,0.9319163877098602,128,3.5128050665021844,33.54222411473268,17:33=167;17:32=88;8:6=84;17:34=81;9:8=58,nan,nan,0
110,1691509843.2574658,964,964,964,964,0.9999998933803589,0.9999999982621077,0.9999999999790044,1.0000000576110994,1.0000001127610678,45.16246589684816,395.2192160376841,523.6183147148115,0.11427193836784982,0.08625073766078233,0.7547849357655491,11.594103738949167,17.874789893627167,411.7749012708664,522.9382275342941,0.018542313167663037,0.4271523872104423,0.5424670410106786,26,437,533,0.026970954356846474,0.4533195020746888,0.5529045643153527,1,False,0.9683013771926355,-0.24093904222287643,0.06588490615890852,0.1911952530964692,0.4497832367972249,0.5838698523539233,0.09844000765289512,0.1661224457393639,0.9500141612412916,120,3.529904315677156,34.120702642226235,17:33=160;17:34=81;17:32=80;8:6=79;9:8=53,nan,nan,0
111,1691509843.3572793,955,955,955,955,0.9999999010471363,1.0000000024421958,1.0000000018999406,1.0000000645574925,1.0000001276302382,45.870500894618104,402.9200060156507,506.20949775432604,0.11384518070526473,0.09061564648255574,0.7959550498422219,11.035621758682792,20.13763427734375,420.901791036129,507.7902372479439,0.021086528039103405,0.4407348597236953,0.5317175259140774,28,449,520,0.02931937172774869,0.4701570680628272,0.5445026178010471,1,False,0.9691838219188909,-0.23684709345176674,0.0677212939491076,0.19132051591791763,0.46375074907969915,0.5720264332189751,0.09757108159352114,0.24862179870202203,0.913010617269007,125,3.5307532897748706,34.14968253481376,17:33=151;8:6=85;17:32=77;17:34=73;9:8=54,nan,nan,0
112,1691509843.4570806,938,938,938,938,0.9999998833498117,0.9999999995767087,0.9999999997081225,1.0000000625031207,1.000000110616085,49.03581474888364,390.6452105478108,498.3189739092117,0.12552519120897343,0.09840246371557473,0.7839260212856798,10.162347183607396,23.38528573513031,406.36250883340836,496.92031639814377,0.02493100824640758,0.43322229086717307,0.5297657957336287,31,431,507,0.03304904051172708,0.4594882729211087,0.5405117270788913,1,False,0.9694449394550958,-0.2375542315073799,0.06119229083669998,0.1966687371218841,0.4572748045406449,0.5719621146581935,0.0999877908947529,0.1964049255304796,0.9373030775781057,121,3.5467355700205823,34.69985714274564,17:33=147;8:6=86;17:32=83;17:34=67;9:8=61,nan,nan,0
113,1691509843.5567772,920,920,920,920,0.9999998929849501,1.0000000011868628,1.000000002064009,1.0000000601888392,1.0000001125493718,47.106765147095714,379.0845524962032,493.80868454052904,0.12426453369546765,0.09539476850417655,0.7676749404456658,10.482755141401892,25.744813799858093,392.02226227521896,493.53830206394196,0.02798349326071532,0.42611115464697713,0.5364546761564587,34,414,504,0.03695652173913044,0.45,0.5478260869565217,0,True,0.9660575174004448,-0.2490513154572755,0.06860258991532218,0.19668875758613877,0.4493792212279353,0.5759174132937908,0.10001278642450467,0.15379265612126003,0.949325818595987,127,3.4964468929972865,32.99799800124632,17:33=154;8:6=88;17:34=75;17:32=73;9:8=51,nan,nan,0
114,1691509843.6567016,917,917,917,917,0.9999998744175634,0.9999999999551109,0.9999999997375385,1.0000000622293854,1.000000136556217,50.007516770291986,380.19891892233284,486.7935642250489,0.13152987628696425,0.1027283851829501,0.7810270037723086,9.734407858344984,26.054656505584717,394.8020116686821,486.13995373249054,0.028412929668031318,0.4305365448949641,0.5301417161750169,35,420,497,0.03816793893129771,0.4580152671755725,0.5419847328244275,0,True,0.9698069336008993,-0.2360298326420486,0.06135494798781316,0.19800267135525235,0.4557644275460717,0.5714396594781562,0.09878921432510483,0.18990429740192563,0.9260336329080268,128,3.5232659994598894,33.89494877035479,17:33=159;8:6=86;17:34=69;17:32=60;9:8=51,nan,nan,0
115,1691509843.7565913,941,941,941,941,0.999999862849969,0.999999999086224,0.9999999987054462,1.0000000638947337,1.0000001165788253,44.929387259904864,389.498575657153,506.5720353632164,0.11535186536716094,0.08869298761762504,0.768890796306747,11.274848518027376,21.237337827682495,403.47334319353104,505.8206148147583,0.02256890311124601,0.42877082167219027,0.5375351910890099,29,427,517,0.030818278427205102,0.4537725823591923,0.5494155154091392,1,False,0.9671233530465828,-0.24616365600634194,0.06384257555523797,0.1943173925900768,0.45222835841506903,0.5781333120661268,0.10071739299023917,0.17908726125251406,0.9585724531305573,128,3.5587238211868435,35.11835123969081,17:33=155;8:6=85;17:32=68;17:34=63;9:8=60,nan,nan,0
116,1691509843.856852,929,929,929,929,0.9999998863658821,0.9999999991128263,0.9999999984510078,1.0000000611656776,1.0000001074016676,42.539266371827345,379.84022718790993,506.6205047918948,0.11199252561204592,0.08396672848703836,0.7497529681392139,11.909479123678928,20.15610373020172,394.22998028993607,507.3946370482445,0.021696559451239744,0.424359505156013,0.5461729139378304,28,416,518,0.030139935414424113,0.4477933261571582,0.5575888051668461,1,False,0.965727204461616,-0.25096864709678607,0.06622465354504384,0.19148821842679203,0.4444095240646181,0.5834633122127548,0.0995354918031037,0.14670550931082554,0.9609999153714278,119,3.459836094956593,31.811761979106986,17:33=169;8:6=88;17:32=72;17:34=60;9:8=56,nan,nan,0
117,1691509843.9570625,920,920,920,920,0.9999998907826085,1.0000000000445075,1.0000000027165439,1.0000000603010177,1.00000010394982,48.56534423657083,368.3542028093405,503.0804530359826,0.1318441431268484,0.09653593961659492,0.7321974061731119,10.358836346045116,23.941545844078064,383.0718187689781,503.26852732896805,0.026023419395737026,0.416382411705411,0.5470310079662696,30,406,513,0.03260869565217391,0.44130434782608696,0.5576086956521739,1,False,0.9652591232029966,-0.25439213720383946,0.059661257129274385,0.196142089647318,0.4384170083566549,0.5850731631342749,0.09765889437191808,0.13265665244701041,0.9667310121242696,129,3.577865997286142,35.79706823893722,17:33=155;8:6=78;17:34=69;17:32=64;9:8=55,nan,nan,0
118,1691509844.0572531,927,927,927,927,0.9999998843920826,0.9999999992415616,0.9999999998346204,1.0000000580420638,1.000000110616085,46.70327856477366,369.7613132526581,510.53540677642366,0.12630655747606911,0.09147901976018327,0.7242618403048114,10.93146824945817,22.432529091835022,383.97912007570267,511.35992753505707,0.024199060508991392,0.41421695801046676,0.5516288322924024,30,406,522,0.032362459546925564,0.43797195253505933,0.5631067961165048,1,False,0.9656698754727046,-0.25360954698567284,0.05624846026562109,0.19487333690011635,0.43711172745952526,0.5893561286135267,0.09802193673015662,0.13010348409734837,0.9700328471032759,128,3.508388133158329,33.394397058074546,17:33=177;8:6=85;17:32=67;17:34=61;9:8=54,nan,nan,0
119,1691509844.1575434,927,927,927,927,0.999999897439364,0.9999999996524656,0.9999999991663171,1.0000000613905629,1.0000001057162327,39.76447677643751,365.0667290928792,522.1687934863548,0.10892385859222123,0.07615253395543375,0.6991354781189524,13.131539399400989,17.67854642868042,378.99943602085114,523.7159675955772,0.019070708121553853,0.40884513055107996,0.5649578938463616,26,402,535,0.028047464940668825,0.4336569579288026,0.5771305285868392,1,False,0.9665319071635303,-0.2489855040063424,0.06182468139454006,0.18720631873502627,0.43289797382691736,0.6005891610759064,0.09496432565502795,0.11703330201382177,0.973835723156366,128,3.4742918179951015,32.274963892764006,17:33=154;8:6=97;17:34=82;17:32=77;9:8=56,nan,nan,0
120,1691509844.2575374,877,877,877,877,0.9999998980214636,1.0000000012955943,1.0000000005365435,1.000000061346969,1.000000110616085,38.65559656214602,345.9679334683469,492.37647224197997,0.11173173240254267,0.07850821219408025,0.7026491982710333,12.737520980963097,16.36481750011444,360.6217482686043,492.7767790555954,0.018659997149503352,0.4111992568627187,0.5618891437350004,23,382,502,0.026225769669327253,0.43557582668187,0.572405929304447,1,False,0.9654255863318351,-0.25328226558934813,0.06165655840021467,0.1886350681638856,0.432094475453963,0.5991592540345632,0.09611218588524811,0.11337279613711321,0.9763840169881992,112,3.4073541437022983,30.185272615667294,17:33=155;8:6=79;17:32=78;17:34=69;9:8=59,nan,nan,0
121,1691509844.3575127,880,880,880,880,0.9999998866419844,1.0000000007300192,1.0000000001171327,1.0000000623753311,1.0000001068830788,40.7498181699949,362.94921268127945,476.30097043355977,0.11227416053325065,0.08555476620780722,0.7620165299073394,11.688419527336,19.949849009513855,377.4034362435341,476.3788762688637,0.022670282965356652,0.4288675411858342,0.5413396321237087,27,398,486,0.03068181818181818,0.45227272727272727,0.5522727272727272,1,False,0.965462919888654,-0.253245292725534,0.06122231645758941,0.1931415353694621,0.44723214272450057,0.5791813735130775,0.09880050291864279,0.1370224682224088,0.9635922118144049,122,3.4225640696884083,30.64789770603649,17:33=161;8:6=87;17:32=75;17:34=67;9:8=51,nan,nan,0
122,1691509844.4572475,859,859,859,859,0.9999998995855339,0.9999999994772839,1.0000000002179752,1.0000000598886554,1.0000001262824283,36.36542179356,357.68181024965605,464.95276705875824,0.1016697543779974,0.07821315275442664,0.7692863352815666,12.785573331122404,13.897400915622711,372.32036870718,464.6529774069786,0.016178580809805252,0.43343465507238654,0.5409231401711043,20,394,474,0.023282887077997673,0.4586728754365541,0.5518044237485448,1,False,0.9614515041878997,-0.26599526511334654,0.06969593985380844,0.19516684748467086,0.4498361420419917,0.579013384742764,0.09734284132606573,0.1563379770541361,0.9593595078948225,121,3.4879496279770956,32.71879318571227,17:33=145;8:6=84;17:32=74;17:34=59;9:8=57,nan,nan,0
123,1691509844.5566158,869,869,869,869,0.9999998964613921,1.0000000039114965,1.0000000045663553,1.0000000630057293,1.0000001111416301,42.00675220296611,362.07327061663204,464.919983978583,0.1160172694643439,0.09035264916661702,0.7787862064309787,11.067744102952926,19.324468195438385,376.03592360019684,463.00291442871094,0.022237592860113217,0.43272258181840834,0.5327996713794142,25,398,471,0.028768699654775604,0.4579976985040276,0.5420023014959724,1,False,0.9622592581992369,-0.265514109707706,0.05966051923993769,0.19858690370457666,0.4512275405666365,0.5726763748185478,0.09537522011170861,0.15773882182941265,0.9595639922305943,116,3.4558128292598282,31.684031926645662,17:33=147;8:6=82;17:32=77;17:34=69;9:8=54,nan,nan,0
124,1691509844.6565561,842,842,842,842,0.9999998802816653,0.9999999994578718,0.9999999975371332,1.0000000644162084,1.0000000989579862,39.537344513505694,350.6966012614402,451.76605331211033,0.11273945732947399,0.08751729844161318,0.7762792239264499,11.426312486863909,19.12697172164917,364.11923283338547,452.1679809689522,0.02271611843426267,0.43244564469523217,0.5370166044761903,26,384,461,0.030878859857482184,0.45605700712589076,0.5475059382422803,1,False,0.95657972337928,-0.28537130370176333,0.05931653937289738,0.20322122913400928,0.44704264903853946,0.5741792280755954,0.10139012288152405,0.15295269295328234,0.9637544141324252,119,3.4888628736359593,32.74868712973201,17:33=129;8:6=86;17:32=73;17:34=66;9:8=53,nan,nan,0
125,1691509844.756597,838,838,838,838,0.999999890812351,0.9999999988342495,0.9999999995340466,1.0000000579414208,1.000000096031466,32.127828128610936,351.6730496982325,454.199120219359,0.09135709476793727,0.07073511748128124,0.7742706536472137,14.137249439991837,12.304737091064453,364.2841708660126,453.3297317624092,0.01468345714924159,0.43470664781147084,0.5409662670195814,19,384,462,0.022673031026252982,0.45823389021479716,0.5513126491646778,1,False,0.9605528581813118,-0.26984856573479166,0.06723063446516445,0.19040015084809372,0.4509905294850247,0.5781304877320261,0.0974232850530052,0.15498177663394358,0.9679899055586676,116,3.462999300816629,31.912548451158845,17:33=129;8:6=79;17:32=77;17:34=71;9:8=60,nan,nan,0
126,1691509844.85647,826,826,826,826,0.9999998932633783,0.9999999996121154,0.9999999989589659,1.0000000674396416,1.0000001144136736,35.81193296668676,348.71049598853216,441.47757040399597,0.10269817908740117,0.08111835202389846,0.7898713759555832,12.327666613658371,15.841914892196655,362.2370528578758,444.1101719737053,0.01917907371936641,0.4385436475276947,0.5376636464572704,22,383,454,0.026634382566585957,0.463680387409201,0.549636803874092,1,False,0.9582451453600653,-0.2799511367792242,0.05825463423528823,0.1983461790748763,0.45386380980477614,0.5701562516892843,0.09829623335686832,0.1633427759622348,0.948791703735121,118,3.4349256626819376,31.029105859280502,17:33=123;8:6=89;17:32=77;17:34=64;9:8=54,nan,nan,0
127,1691509844.9566908,867,867,867,867,0.9999998958170281,1.000000001010677,1.0000000003706482,1.000000064046088,1.0000001032085115,38.94877621557317,358.6551015605077,469.39612397643356,0.10859674390830386,0.0829763481760847,0.7640776803229724,12.051627023617536,16.799190759658813,372.01686120033264,470.21037542819977,0.019376229249894825,0.4290851916958854,0.542341840170934,22,393,481,0.025374855824682813,0.4532871972318339,0.5547866205305652,1,False,0.9557941063633002,-0.28723414598389024,0.06288220433545097,0.201230840893335,0.4435090035037208,0.5795902161155555,0.09890225237544352,0.13959760742956254,0.9610418552064355,122,3.485733406344667,32.64636138058041,17:33=136;8:6=81;17:32=76;17:34=67;9:8=51,nan,nan,0
128,1691509845.0571375,856,856,856,856,0.9999999039447075,1.0000000030638607,1.000000002733472,1.0000000619783531,1.0000001059121006,36.312974778842076,348.37041515318816,471.31661531330013,0.10423667797070038,0.07704581930493498,0.7391430809661029,12.979289584061148,15.99152547121048,361.9123677611351,473.1523617506027,0.018681688634591683,0.4227948221508588,0.5527480861572461,22,383,483,0.02570093457943925,0.44742990654205606,0.5642523364485982,1,False,0.9555838312643116,-0.2863245630982914,0.0698411482780194,0.19717818410569027,0.4377406414574815,0.5860773165684704,0.0970990538555089,0.12719541158456737,0.9741204470330806,120,3.450616067612452,31.51980465927513,17:33=145;8:6=86;17:32=75;17:34=68;9:8=55,nan,nan,0
129,1691509845.1574178,860,860,860,860,0.9999998975111761,0.9999999999114151,0.9999999994597267,1.0000000603499566,1.0000001071633613,35.59015055059172,351.91490844980245,472.49494084723983,0.10113282982914133,0.07532387645627345,0.7448014317757075,13.276002869827257,18.448816418647766,364.58328437805176,474.69273883104324,0.021452112114706705,0.4239340516023858,0.5519683009663293,27,385,485,0.031395348837209305,0.4476744186046512,0.563953488372093,1,False,0.9467368846308835,-0.31592988160222246,0.06227022715724641,0.20508213710734946,0.4363308060015456,0.5839520376363299,0.09701628084076636,0.14061240851769283,0.972293964050218,121,3.4802961116897446,32.46933520222563,17:33=130;8:6=105;17:34=78;17:32=76;9:8=49,nan,nan,0
130,1691509845.2574632,833,833,833,833,0.9999998858884205,0.9999999986601857,0.9999999969510185,1.0000000601500492,1.0000001144136736,37.18487861918001,351.4778106257117,444.33730852297833,0.10579580700409603,0.08368614992692436,0.7910157528613996,11.949408604329518,19.023110151290894,360.88912320137024,445.8828471302986,0.0228368669283204,0.43324024393921995,0.535273525966745,25,378,454,0.030012004801920768,0.453781512605042,0.5450180072028812,1,False,0.9473943852522059,-0.3114822754909069,0.07363878629908091,0.20933305456259285,0.44693397055792067,0.5657742199166748,0.10024365429873235,0.15929759298444846,0.9479561229466835,113,3.3678698752977607,29.01665209309802,17:33=126;8:6=94;17:34=77;17:32=77;9:8=53,nan,nan,0
131,1691509845.357491,853,853,853,853,0.9999998828646365,1.0000000018175468,1.0000000009089,1.000000061677952,1.0000001037083952,38.165103798221615,360.2868718821127,454.5480274204011,0.10592976535295294,0.08396275309962699,0.7926266316164025,11.910043002204064,19.49477642774582,373.97758120298386,456.064169883728,0.022854368614004476,0.438426238221552,0.5346590502740071,27,395,466,0.031652989449003514,0.4630715123094959,0.5463071512309496,1,False,0.9490212527285997,-0.30804900004489333,0.06681673024610221,0.21041628623895967,0.45026911874814934,0.5691063723766354,0.10208858817711786,0.1648478593014029,0.9535467012521149,118,3.4603489585486757,31.82808125805038,17:33=134;8:6=89;17:34=78;17:32=70;9:8=54,nan,nan,0
132,1691509845.4573817,847,847,847,847,0.9999998574058906,0.9999999988967032,0.9999999982868139,1.0000000606675197,1.0000001037397683,31.915900646772677,359.0206790447919,456.06341843945086,0.0888971095806735,0.06998127750737365,0.7872165679792561,14.289536224808614,12.989316582679749,370.18306332826614,457.70513159036636,0.015335674831971367,0.4370520228196767,0.540383862562416,18,387,466,0.021251475796930343,0.45690672963400236,0.5501770956316411,1,False,0.943601547058953,-0.3249148545925171,0.06361177291251958,0.20725066597011593,0.44490557806206693,0.5698907299114038,0.10149852700406448,0.12833580467709768,0.9672137440214347,100,3.3570698602574303,28.704957994219647,17:33=125;8:6=105;17:32=79;17:34=75;9:8=48,nan,nan,0
133,1691509845.5571392,852,852,852,852,0.9999998574058906,0.9999999965988267,0.9999999958427981,1.0000000624444818,1.0000001202600182,33.57974194854758,357.1390000214434,461.2812522344103,0.09402429291265131,0.07279667618375976,0.7742326363612004,13.736890918971522,17.473348557949066,368.0018272995949,463.08347338438034,0.020508625068015335,0.4319270273469423,0.5435252035027939,25,386,472,0.029342723004694836,0.45305164319248825,0.5539906103286385,1,False,0.9420776276670844,-0.32669810548397116,0.07588208828401177,0.2125991014695094,0.4434607190794775,0.5742338866214304,0.10525747306371226,0.13450257813068522,0.9626403829329511,121,3.4556992445173287,31.680433308415857,17:33=116;8:6=115;17:32=77;17:34=75;9:8=50,nan,nan,0
134,1691509845.6572049,847,847,847,847,0.9999998574058906,0.9999999994156774,0.9999999978678167,1.0000000608906716,1.0000001048332343,32.04456492208701,359.655111879389,455.3003222086821,0.08909803826959985,0.07038116021231307,0.7899294033764045,14.208347759306356,15.193062424659729,369.7686845064163,456.1905859708786,0.017937499911050446,0.4365627916250488,0.5385957331415332,21,386,463,0.024793388429752067,0.4557260920897285,0.5466351829988194,1,False,0.9413435155704187,-0.329037980672202,0.07487585037035949,0.2121925927702743,0.4448515458066143,0.5676769501477625,0.10672854077111986,0.14723876343327658,0.963097736371163,103,3.3507462376665478,28.524011395354268,17:33=130;8:6=117;17:32=74;17:34=69;9:8=54,nan,nan,0
135,1691509845.7577817,820,820,820,820,0.9999998767380283,1.000000000572728,1.0000000035025058,1.0000000574035521,1.0000000929312294,32.08662200431853,353.6947354179737,434.21864351698207,0.09071840429403231,0.07389508139132593,0.8145544662780949,13.532700433798881,17.941137969493866,362.64966946840286,434.7614313364029,0.02187943654816325,0.44225569447366203,0.5301968674834182,25,379,443,0.03048780487804878,0.46219512195121953,0.5402439024390244,1,False,0.9356099970279768,-0.3443576300647854,0.07779303360503056,0.2193205031885297,0.45195024598008054,0.5633860551671307,0.10939360186739451,0.20396511403543022,0.9551782666469845,120,3.476425407553389,32.34389893210926,17:33=120;8:6=113;17:34=74;17:32=56;9:8=54,nan,nan,0
136,1691509845.8583207,820,820,820,820,0.9999999013705644,1.000000001361012,0.9999999996760403,1.0000000612219293,1.000000136591791,29.69311486351765,353.7644782436073,436.54240912493515,0.0839346986190924,0.06801885508223258,0.810378260734715,14.701805827090629,16.110105454921722,361.69800090789795,438.7840059399605,0.01964647006697771,0.44109512305841214,0.5351024462682444,22,376,448,0.026829268292682926,0.4585365853658537,0.5463414634146342,1,False,0.9335872352612402,-0.35116818545230843,0.07138473004366452,0.21875048055711396,0.4481340465066058,0.5635494702392285,0.10753124725103422,0.1654230064119081,0.9551793903509891,121,3.37298796709878,29.165542675088297,8:6=133;17:33=129;17:32=61;17:34=59;9:8=49,nan,nan,0
137,1691509845.9582245,814,814,814,814,0.9999998923590689,1.0000000014100636,1.0000000024628872,1.0000000620145855,1.0000001184975074,27.470107275379853,356.52976957523094,430.00012544497315,0.07704856542023882,0.06388395177083543,0.829138757125446,15.653383553778902,12.791013598442078,362.7166291475296,430.79124534130096,0.015713775919462013,0.4455978245055646,0.5292275741293624,17,376,438,0.020884520884520884,0.4619164619164619,0.538083538083538,1,False,0.9312470323527471,-0.35686758172509436,0.07365116324868759,0.22189235321836845,0.45121214775068863,0.557726261152105,0.1111400084799819,0.18037729759414212,0.9549301224534121,102,3.321636710869282,27.7056596237292,8:6=123;17:33=115;17:32=73;17:34=67;9:8=53,nan,nan,0
138,1691509846.0582404,832,832,832,832,0.9999998858884205,0.9999999992570305,1.000000000302026,1.0000000624344707,1.0000001084990877,28.43839580821476,348.8486157005523,454.71298725493193,0.0815207357240195,0.06254141976435557,0.7671841919592512,15.989403562755914,17.000574469566345,352.22944235801697,457.55186927318573,0.020433382775921088,0.4233526951418473,0.5499421505687329,22,363,467,0.026442307692307692,0.4362980769230769,0.5612980769230769,1,False,0.9276230014954128,-0.36681005523119564,0.07046950033829369,0.22141164381890593,0.4344991315449616,0.5766591620023537,0.10833373560948571,0.120950530832788,0.9701033086699922,110,3.3284057328449523,27.893836009102355,8:6=130;17:33=120;17:34=77;17:32=65;9:8=47,nan,nan,0
139,1691509846.158194,805,805,805,805,0.9999998767380283,1.000000001530799,1.0000000014399488,1.0000000661484818,1.0000001080913399,27.01859382714604,333.0485519290307,444.9328567084103,0.08112509023280015,0.06072510361906775,0.7485366542558942,16.467654073891097,17.27869188785553,336.35312777757645,447.2682546377182,0.021464213525286373,0.4178299723945049,0.5556127386803953,23,347,456,0.02857142857142857,0.43105590062111804,0.5664596273291925,1,False,0.9180721526783214,-0.3895071538618591,0.07367292288912268,0.2282750546073953,0.42476433728857793,0.582416642086345,0.11036597371843293,0.10721951580656713,0.9700636627434854,114,3.3334660350149576,28.03534498511398,8:6=132;17:33=114;17:32=74;17:34=72;9:8=39,nan,nan,0
140,1691509846.2576594,806,806,806,806,0.9999998936701999,1.0000000011794155,1.0000000034270156,1.0000000604540729,1.0000000973438257,26.920309175810104,344.43249358875175,434.6471991366562,0.07815844810493584,0.061936000575368175,0.792441534819277,16.145698635854412,17.090333700180054,349.24766302108765,437.45445185899734,0.021203887965483937,0.43330975560928986,0.5427474588821307,23,360,446,0.028535980148883373,0.4466501240694789,0.5533498759305211,1,False,0.9170943074987266,-0.3935276421933316,0.06382809712962109,0.23301645261577064,0.4346639935517048,0.5714210377122325,0.10893940333980977,0.15104105231244336,0.9612056889158468,108,3.2595416646870303,26.03760045547097,8:6=134;17:33=122;17:34=75;17:32=65;9:6=45,nan,nan,0
141,1691509846.3570924,798,798,798,798,0.9999998959034337,0.9999999982358317,0.9999999976962894,1.0000000618094944,1.0000001011726465,22.27790648118353,345.31459870589225,430.4074919973122,0.0645148121877055,0.051760034142999185,0.8022969049712747,19.319925431989986,12.194084525108337,349.75591456890106,432.66370421648026,0.015280807675574357,0.43829061976052763,0.5421850930031081,16,361,441,0.020050125313283207,0.4523809523809524,0.5526315789473685,1,False,0.9168024176829124,-0.39104125146417407,0.08099423796850955,0.2314222894767831,0.4378348736711965,0.5687373818543251,0.12082493837011636,0.133076233523247,0.9612498190158932,102,3.2045294218424227,24.643900406160032,8:6=150;17:33=108;17:32=77;17:34=73;9:6=45,nan,nan,0
142,1691509846.4565961,780,780,780,780,0.9999998573831493,0.999999999317386,0.9999999989904436,1.0000000651774572,1.000000110707543,20.746989379134753,318.1185656763176,441.13444387967013,0.06521778864124707,0.04703098945679695,0.7211374448083042,21.262576261947626,9.905002355575562,323.1550337076187,443.0138584971428,0.012698720968686617,0.41430132526617786,0.5679664852527472,13,334,451,0.016666666666666666,0.4282051282051282,0.5782051282051283,1,False,0.9162203528330112,-0.39294277318366716,0.07833416915549454,0.223344595943042,0.4164702789207079,0.594978996902898,0.10956102896217958,0.10196960553461812,0.9763248974673788,106,3.2927244486223106,26.916095371530535,8:6=128;17:33=118;17:32=76;17:34=61;9:6=43,nan,nan,0
143,1691509846.5560546,783,783,783,783,0.9999998876122844,0.9999999988333877,0.999999998342499,1.0000000648465708,1.000000136591791,20.909634142963164,313.1417176098333,448.9486464202895,0.06677370968826339,0.04657466797079575,0.6975000818171113,21.47089917263697,10.207858443260193,317.2747748494148,450.15907722711563,0.013036856249374448,0.4052040547246677,0.5749158074420379,14,326,456,0.017879948914431672,0.4163473818646232,0.5823754789272031,1,False,0.911819192047531,-0.4046352088752817,0.06968578586946375,0.22439962125393997,0.4068310606518957,0.6012443492204701,0.11594614085481311,0.09630673981081998,0.9795441239636651,112,3.387671808429918,29.596964589804863,17:33=114;8:6=112;17:32=69;17:34=63;9:6=51,nan,nan,0
144,1691509846.65608,761,761,761,761,0.9999998951202669,1.000000000887243,1.0000000006264667,1.0000000642638154,1.0000001274411823,21.18596275889416,309.4507205376685,430.36331805382133,0.06846312305262595,0.04922808675865037,0.7190452986027227,20.31360684201849,11.51500803232193,314.2754796743393,431.33445513248444,0.015131416599634599,0.41297697723303456,0.5667995468232384,15,324,437,0.01971090670170828,0.42575558475689884,0.5742444152431012,1,False,0.9100824912918573,-0.407656778823523,0.07460435458628063,0.22826585917716263,0.41048784460576054,0.5940788562741101,0.10825948039044718,0.08978745753033349,0.981998251216932,98,3.2563364713920206,25.954278515866374,17:33=126;8:6=114;17:32=63;17:34=62;9:6=48,nan,nan,0
145,1691509846.7564838,762,762,762,762,0.9999998866873168,0.9999999995758423,1.0000000005166116,1.0000000655355796,1.0000001186261063,22.139839578085695,316.5559505216137,423.3042092538844,0.06993973590325556,0.05230243190141992,0.7478214097600752,19.119569848775075,10.860708773136139,320.183265209198,424.5183909535408,0.014252898652409631,0.42018801208556167,0.557110749282862,15,329,432,0.01968503937007874,0.431758530183727,0.5669291338582677,1,False,0.9156036974843051,-0.3956767171214882,0.07148289782200315,0.22734577786663385,0.4232643497707264,0.5873282985301042,0.11261499951511066,0.11812830403713981,0.9691445065154172,110,3.3936216294395805,29.773586143821213,8:6=110;17:33=108;17:34=66;17:32=62;9:6=44,nan,nan,0
146,1691509846.8566203,747,747,747,747,0.9999999023183929,1.0000000009655083,0.9999999995354054,1.0000000614431062,1.000000110707543,22.17126760481609,324.73265012213966,400.096083715514,0.06827544934726136,0.05541485784844833,0.8116366626398646,18.045701799594184,11.400610625743866,328.6687257885933,400.39631605148315,0.015261861614114948,0.43998490734751444,0.5360057778466977,15,337,405,0.020080321285140562,0.45113788487282463,0.5421686746987951,1,False,0.9191843583195913,-0.38692162102760413,0.07342870421008434,0.23059043476905322,0.4411985985617924,0.5647100175686148,0.1188793855222119,0.14075130515726073,0.9586964764392764,96,3.2944531269178245,26.96266488165289,17:33=114;8:6=112;17:32=56;17:34=54;9:6=53,nan,nan,0
147,1691509846.9566376,736,736,736,736,0.9999998976284322,0.9999999972383024,0.9999999971905826,1.0000000528591924,1.0000000936022793,20.572344644495082,314.23416686466663,401.1934844256194,0.06546819796764848,0.0512778632832188,0.7832484301547153,19.50159261661864,9.383029401302338,317.92131370306015,401.1755578517914,0.01274868125176948,0.4319583066617665,0.5450754862116731,13,328,408,0.017663043478260868,0.44565217391304346,0.5543478260869565,1,False,0.911284908612953,-0.40524328582543523,0.07305952797333398,0.23402321625102274,0.4329588471040875,0.573349854788647,0.11766169518110713,0.14194667862239674,0.9669256897736155,99,3.2994969994900254,27.09900467875682,8:6=117;17:33=110;17:32=73;17:34=52;9:6=45,nan,nan,0
148,1691509847.056943,760,760,760,760,0.9999998905287228,0.9999999998356756,1.0000000001511695,1.00000006174946,1.0000001139742138,23.904396117805756,320.8102703496097,415.2853332828115,0.07451256498663662,0.057561378170624525,0.7725056596957548,17.37275985706564,13.215519368648529,325.70063477754593,417.8352938890457,0.017388841274537537,0.42855346681256046,0.5497832814329549,19,336,426,0.025,0.4421052631578947,0.5605263157894737,1,False,0.9135249447800413,-0.4011650969873107,0.06737017310193061,0.23479255982938568,0.42823403907422847,0.5774511263147138,0.11921696535176869,0.13595309113176607,0.9570130838738256,108,3.3101977058780796,27.390540207425843,8:6=115;17:33=113;17:34=69;17:32=68;9:6=57,nan,nan,0
149,1691509847.1574273,761,761,761,761,0.9999998860572252,1.0000000017696116,1.0000000035235264,1.0000000605045114,1.0000001060381858,22.74128652204368,331.98770136479595,406.27101480650964,0.06850038850401574,0.05597565588791617,0.8171582250899887,17.864909024065163,12.721389412879944,335.22799867391586,405.45537120103836,0.016716674655558404,0.44050985371079615,0.532792866230011,17,345,412,0.022339027595269383,0.4533508541392904,0.5413929040735874,1,False,0.9218633121287837,-0.3798498833742096,0.07669484892447556,0.22852037768243663,0.4458625331038559,0.5629299657041045,0.10868384666775023,0.15043553408642327,0.9664543667801413,103,3.2488238817278106,25.760025257477484,8:6=119;17:33=113;17:32=71;17:34=61;9:6=57,nan,nan,0
150,1691509847.256701,726,726,726,726,0.9999998803215168,1.000000001695032,1.0000000029288043,1.0000000601175507,1.0000000869739978,19.965943828123166,319.69478838955416,386.33927024350953,0.06245314141247209,0.0516798196971761,0.8274975209950846,19.34991270982786,9.219216704368591,323.5058581829071,385.7093920111656,0.012698645598303845,0.445600355623839,0.5312801542853521,12,335,393,0.01652892561983471,0.46143250688705234,0.5413223140495868,1,False,0.9126193255406381,-0.40125896045205556,0.07821261603275213,0.23702429273064454,0.44706617164674023,0.5607502553146568,0.13211353924729302,0.21207640791343024,0.9530538835829055,104,3.302733515206498,27.186853118042983,8:6=121;17:33=107;17:34=58;17:32=58;9:6=44,nan,nan,0
151,1691509847.3563097,719,719,719,719,0.9999998803215168,1.0000000017713473,1.0000000030715794,1.000000061625668,1.0000000968694085,19.74423894159126,320.6097097035995,378.6460539020066,0.06158340918571872,0.05214431456005893,0.846726663066118,19.17754617041168,8.33192253112793,325.3693396449089,378.75856751203537,0.01158820936179128,0.4525303750276897,0.5267852121168781,11,338,386,0.015299026425591099,0.47009735744089015,0.5368567454798331,1,False,0.9128606884253505,-0.39991546377745263,0.08217654993524802,0.23883469530183504,0.4513925667207001,0.5556181435508968,0.135804657032816,0.23354975756630966,0.942793564056644,109,3.3492307069637945,28.480815121226655,8:6=110;17:33=97;17:32=71;9:6=60;17:34=46,nan,nan,0
152,1691509847.455598,679,679,679,679,0.9999998803215168,1.0000000008817178,1.0000000004868692,1.0000000609779482,1.0000001102392118,18.856009884532572,305.4205345976989,354.72345671514165,0.061737858947073676,0.05315692979298735,0.8610102569082847,18.812222675281813,9.850100755691528,309.12870532274246,354.55917447805405,0.014506775781578097,0.45527055275808903,0.5221784602033197,14,320,362,0.020618556701030927,0.47128129602356406,0.5331369661266568,1,False,0.9115833568107609,-0.40330269454853673,0.0797666606767194,0.24133739845638638,0.45330483861056814,0.551113838154105,0.12423947772354,0.22669350465356197,0.9182162465794789,104,3.2919710879486037,26.89582548001613,8:6=119;17:33=89;17:32=59;9:6=51;17:34=50,nan,nan,0
153,1691509847.5552793,708,708,708,708,0.999999871287228,1.0000000000377582,1.0000000005401852,1.0000000627812,1.0000001016043933,21.297507635016895,322.4982068941875,364.2042855242615,0.06603915054326073,0.05847681776824716,0.8854871282746185,17.100793753229826,10.33640307188034,319.1093852519989,356.6461880803108,0.014599439367062627,0.4507194706949137,0.5037375537857498,14,339,374,0.01977401129943503,0.4788135593220339,0.5282485875706214,1,False,0.9051320607801591,-0.41813806227674966,0.07678875844358625,0.25222517864301214,0.458084817226565,0.5429021470573153,0.14138836908955815,0.27023334089560946,0.8763022610187023,100,3.2917232131505423,26.889159508903827,8:6=126;17:33=96;17:32=60;9:6=57;17:34=43,nan,nan,0
154,1691509847.6555846,693,693,693,693,0.9999999041509949,1.0000000018844035,1.0000000012833161,1.0000000607205262,1.0000001214842982,20.44523993946292,315.34752535028275,357.2072373220378,0.06483399518278346,0.05723635414763629,0.8828139309674268,17.47141331575008,7.045404016971588,317.6531945466995,356.5208311676979,0.010166528163018164,0.4583740181049055,0.5144600738350619,9,331,367,0.012987012987012988,0.47763347763347763,0.5295815295815296,1,False,0.9099186784530215,-0.4071896675453157,0.07902261224891187,0.24752136828007307,0.4571042987728973,0.5449542871338281,0.13690611243583953,0.2349215223038258,0.89246029568956,100,3.312002421671399,27.440016980253574,8:6=123;17:33=87;17:32=61;17:34=48;9:6=46,nan,nan,0
155,1691509847.7562876,718,718,718,718,0.9999998951635792,1.0000000008481371,1.0000000016020656,1.000000057856605,1.000000110899904,21.46415129366804,334.6264556362923,361.9093942879654,0.06414361725481015,0.05930807995713248,0.9246138976155879,16.86110898755775,12.648110449314117,332.1958649754524,356.58868992328644,0.01761575271492217,0.46266833562040727,0.496641629419619,18,354,375,0.025069637883008356,0.49303621169916434,0.5222841225626741,1,False,0.9031319878691453,-0.4216889681877743,0.08081476719174603,0.2581150484255968,0.4657822993185644,0.5341163661017316,0.15397762517244953,0.40051618768132646,0.779406057452231,101,3.2413648507638158,25.568595260138153,8:6=140;17:33=95;17:32=58;9:6=58;17:34=53,nan,nan,0
156,1691509847.857078,688,688,688,688,0.999999892590665,0.9999999982299456,0.9999999977830785,1.0000000605140096,1.0000001071661782,16.093701019087135,322.2816343540618,349.6246621912564,0.049936761216143134,0.04603136666109481,0.9217931948340731,21.7243169720005,5.875868618488312,315.88811045885086,340.43372708559036,0.008540506712919059,0.45913969543437627,0.4948164637871953,9,340,362,0.01308139534883721,0.4941860465116279,0.5261627906976745,1,False,0.9001040752600524,-0.4283948478404087,0.07931272309055634,0.25574134132182214,0.4642797781163204,0.5338431372509231,0.15374833517322445,0.391644346368901,0.8458007543854591,94,3.2314749443127706,25.316970568215513,8:6=131;17:33=100;17:32=59;17:34=47;9:6=46,nan,nan,0
157,1691509847.9576735,743,743,743,743,0.9999999034927367,0.9999999987872925,0.9999999971341066,1.0000000609304136,1.0000001006663728,22.043150624741507,338.86152962054814,382.0953179526274,0.06505061418280524,0.05769018773340332,0.8868507770162224,17.333970286614058,11.619090735912323,339.67877674102783,381.7533867955208,0.01563807636058186,0.45717197407944526,0.5137999822281571,15,353,393,0.020188425302826378,0.47510094212651416,0.5289367429340511,1,False,0.9034249177367458,-0.4198020905359309,0.0871184411821965,0.2541406749463644,0.4556541564228921,0.544034161287921,0.15939432865048678,0.2524425908540155,0.8630587950396696,99,3.2867069253408245,26.754613488759386,8:6=137;17:33=95;17:32=69;17:34=53;9:6=48,nan,nan,0
158,1691509848.0584636,745,745,745,745,0.9999998879468172,0.9999999967575541,0.9999999979765162,1.000000055636526,1.0000000999818657,18.424584485855082,338.23181813910907,388.34359254379206,0.054473244377846675,0.047444028534544214,0.8709602131544578,21.077468142737825,7.239903748035431,342.77292960882187,388.5804533958435,0.00971799160810125,0.46009789209237834,0.5215845012024745,10,355,396,0.013422818791946308,0.47651006711409394,0.5315436241610738,1,False,0.9072862758049905,-0.41270826415000333,0.08064429575736555,0.24426611340947973,0.4544868331615593,0.548681323686712,0.13307463607345477,0.2463972834262487,0.9337569323734385,101,3.2321838563116283,25.334924435530127,8:6=137;17:33=117;9:6=62;17:32=60;17:34=43,nan,nan,0
159,1691509848.159615,754,754,754,754,0.9999998933986803,1.0000000000069975,1.0000000003360632,1.0000000601599968,1.000000108603321,19.037962826042765,343.6160486102341,391.34598857427585,0.05540475453065247,0.048647394842094925,0.8780364655380061,20.55608534117624,9.285854041576385,348.15029603242874,392.14297568798065,0.012315456288562846,0.46173779314645724,0.5200835221326003,13,360,401,0.017241379310344827,0.47745358090185674,0.5318302387267905,1,False,0.9051289002133679,-0.41776279938430594,0.0788410898524818,0.24800422675348546,0.4529865190644809,0.548294233690584,0.1329911235050128,0.22125057353867686,0.8988344505681423,98,3.2048022237250056,24.650624225678627,8:6=135;17:33=114;17:32=70;9:6=55;17:34=50,nan,nan,0
160,1691509848.2599962,759,759,759,759,0.9999998853571489,0.9999999990496399,0.999999998435209,1.0000000604710648,1.0000001148475066,18.886839491538858,329.8569423378402,410.25621672797445,0.05725766860530379,0.04603669297731085,0.8040266762284215,21.721803529477004,8.628294169902802,334.077290892601,410.8742209672928,0.011367976508435839,0.4401545334553373,0.5413362595089497,12,344,418,0.015810276679841896,0.45322793148880103,0.5507246376811594,1,False,0.8991097026614545,-0.4307016838225135,0.07808842508645192,0.2459206503646397,0.42900015074050907,0.5670247699590472,0.13455880000968617,0.13211163090910905,0.9644643017486864,106,3.283678343286151,26.67370752348608,8:6=127;17:33=116;17:32=62;17:34=56;9:6=56,nan,nan,0
161,1691509848.359542,793,793,793,793,0.9999999019608449,0.9999999988095752,0.9999999983962626,1.0000000597947345,1.0000000992964664,18.10429927502207,370.7745819934953,404.1211168434698,0.048828318213408925,0.044799191431598696,0.9174838100259661,22.32183144481173,6.183940589427948,368.803514957428,398.8201563358307,0.007798159633578749,0.46507378935362925,0.5029257961359782,8,386,413,0.01008827238335435,0.48675914249684743,0.5208070617906684,1,False,0.9066799409503796,-0.4143317743361689,0.07912436700320667,0.2501127706627093,0.46354403689710455,0.536588421700622,0.16036039142621084,0.29692784032775404,0.8612487498926603,101,3.1990926488932114,24.51028067427374,8:6=150;17:33=111;17:32=62;17:34=61;9:6=58,nan,nan,0
162,1691509848.458862,772,772,772,772,0.9999998850126415,1.0000000006886562,1.0000000011112984,1.0000000611871434,1.0000001014570714,19.91897781356677,347.0746372193724,405.00638603034616,0.05739104987085748,0.04918188576926362,0.8569609003482896,20.332689248466217,9.537848591804504,349.2834086418152,401.717766225338,0.012354726155187182,0.4524396484997606,0.5203598008100233,13,365,412,0.01683937823834197,0.4727979274611399,0.533678756476684,1,False,0.9046483317616841,-0.41902083679396096,0.07767196516949325,0.24674745901800763,0.44773882452303393,0.5484400176004127,0.1359392854956621,0.1741155183476597,0.9489861322555326,105,3.1699399063297293,23.806053720300298,8:6=154;17:33=120;17:32=68;17:34=60;9:6=53,nan,nan,0
163,1691509848.5580518,766,766,766,766,0.9999998980214636,0.9999999997878132,0.999999999963306,1.0000000638271556,1.000000104672779,19.14651744310761,360.98483419214983,385.86864803967245,0.053039672666459016,0.04961926173680504,0.9355122164655257,20.15346389682882,8.502689123153687,347.61116206645966,369.2574686408043,0.011100116348764604,0.4538004726716183,0.482059358538909,12,387,407,0.015665796344647518,0.5052219321148825,0.5313315926892951,1,False,0.9023332498571422,-0.4233597694965785,0.08100130723668693,0.25733832303514087,0.46772352485761853,0.5281574749287945,0.16489234806965508,0.37147195422324725,0.7408585277037194,101,3.1510585305415124,23.360779596512018,8:6=166;17:33=113;17:32=64;9:6=56;17:34=50,nan,nan,0
164,1691509848.6570768,800,800,800,800,0.9999998733825782,0.9999999996765115,0.9999999987517245,1.0000000622584653,1.0000001061080928,23.38802224313266,382.8886377097923,393.7233395294936,0.061083092940614876,0.05940217379818469,0.9724814337076156,16.834400764481106,12.118385434150696,362.40743070840836,401.4444559812546,0.01514798179268837,0.45300928838551047,0.5018055699765682,15,431,496,0.01875,0.53875,0.62,1,False,0.9010617774349529,-0.4277243300263879,0.0716907996136262,0.26364960611613397,0.4728904987158062,0.5190240862633445,0.1601470112557034,0.5451387610909626,0.4447835971313465,110,3.1723874287022804,23.864390931075384,8:6=159;17:33=113;17:32=71;9:6=64;17:34=56,nan,nan,0
165,1691509848.7559829,787,787,787,787,0.9999998827977172,1.0000000013720258,1.0000000024792552,1.0000000614594353,1.0000001148475066,17.89512944873069,371.29614031862894,397.8087323922095,0.04819637886182692,0.04498425497378835,0.9333534185784511,22.23000026526359,7.212879955768585,362.52644485235214,384.75507283210754,0.009165031709998203,0.4606435131541959,0.4888882755172904,10,390,409,0.012706480304955527,0.49555273189326554,0.5196950444726811,1,False,0.9042653257065606,-0.42084411264225946,0.0720725577398049,0.25326740477867093,0.46773822473249965,0.5310874705997743,0.15704033359842373,0.3843197818363666,0.7695558733333356,103,3.190949036910325,24.3114889986346,8:6=157;17:33=109;17:32=65;9:6=64;17:34=58,nan,nan,0
166,1691509848.854602,785,785,785,785,0.9999998827977172,0.9999999994236535,0.999999998669691,1.0000000620716416,1.0000001166600692,17.620785763142887,375.82151613332786,391.55769719866566,0.04688604831473159,0.04500176063248881,0.9598113351418713,22.22135280809557,7.253287851810455,367.90618258714676,376.78101390600204,0.009239857136064275,0.4686702962893589,0.47997581389299626,10,400,403,0.012738853503184714,0.5095541401273885,0.513375796178344,1,False,0.8965203422696368,-0.435869172455611,0.07917916644922579,0.2607934658450883,0.468240959574569,0.5267929933824511,0.15713132206535813,0.43580213142985263,0.641341546323368,101,3.2148087073507257,24.898528550092504,8:6=152;17:33=106;9:6=69;17:32=65;17:34=57,nan,nan,0
167,1691509848.9532475,745,745,745,745,0.9999998900630248,1.000000002018011,1.0000000032130747,1.0000000677148964,1.0000001022701177,15.75285382457602,348.63140409857334,380.61574508368784,0.045184838885374765,0.04138781442452509,0.9159668474091056,24.161701068405105,7.211903691291809,348.9692682027817,377.2224727869034,0.009680407639317865,0.4684151251044049,0.5063388896468501,11,363,388,0.01476510067114094,0.487248322147651,0.5208053691275167,1,False,0.8916680953660886,-0.44433158491619484,0.08658781872800492,0.2628760916890883,0.4563618631567519,0.5374961571959544,0.17624520295964757,0.2886888040769119,0.8417105349889134,97,3.132353876033678,22.927885473730615,8:6=154;17:33=106;17:32=75;9:6=61;17:34=46,nan,nan,0
168,1691509849.0523903,745,745,745,745,0.9999998811033468,0.9999999999953515,0.9999999997201412,1.000000064871336,1.0000001061080928,16.59689106343348,353.6493040050677,374.753804924573,0.04693036540853945,0.04428745177590378,0.9436843585250507,22.57975927493049,6.150384306907654,335.7524557709694,355.7662891149521,0.008255549405245173,0.450674437276469,0.47753864310731825,8,384,406,0.010738255033557046,0.5154362416107383,0.5449664429530201,1,False,0.9062158216788613,-0.4151347119245644,0.08022503034723491,0.25537388290967,0.4867269819485352,0.50928742038028,0.1512385776730635,0.7213506067388255,0.32257664856766527,94,3.1076649569392876,22.368751373599856,8:6=157;17:33=97;9:6=71;17:32=67;17:34=55,nan,nan,0
169,1691509849.152542,691,691,691,691,0.9999998937065161,0.9999999994332782,0.9999999993284192,1.000000057510635,1.0000001078340524,13.449925543136972,318.40925963809303,359.14081403556077,0.04224100002124399,0.03745028417128111,0.886586116627127,26.702067077153284,4.731605350971222,317.92125338315964,354.37658870220184,0.006847475182302781,0.4600886445487115,0.5128460039105671,6,330,363,0.008683068017366137,0.47756874095513746,0.5253256150506512,1,False,0.8992084943284299,-0.42988175172575965,0.08139879151922731,0.25112918856764493,0.45340807849157627,0.5444991183690314,0.1330601074783705,0.19913732838347867,0.9331045085143219,90,3.0643673630029924,21.420906041965946,8:6=143;17:33=103;17:32=74;9:6=60;17:34=41,nan,nan,0
170,1691509849.2528124,640,640,640,640,0.9999999060136785,1.0000000018896862,1.0000000009119183,1.0000000653349814,1.000000110899904,11.553526521940936,302.79244189497126,325.6540340018862,0.0381565882214077,0.035477916179825424,0.9297979152108936,28.186548356767688,3.470819652080536,294.8520951271057,313.39705872535706,0.005423155706375837,0.4607063986361027,0.4896829042583704,5,319,334,0.0078125,0.4984375,0.521875,1,False,0.9007822239931448,-0.4259459475729939,0.08462526031929213,0.25340379498450877,0.46549222206772695,0.5318516808495617,0.15777652000809445,0.2718313230234611,0.8846285312839768,80,3.0199225013585367,20.48970369845975,8:6=128;17:33=93;17:32=58;9:6=57;17:34=49,nan,nan,0
171,1691509849.353472,639,639,639,639,0.999999889205768,0.999999998299858,0.9999999979412364,1.0000000617799236,1.000000110899904,11.577523788593423,304.5480131065809,322.8744609320442,0.03801543037662736,0.03585766354877526,0.9432397106523688,27.88804124506756,2.4684876203536987,294.64237463474274,309.4788404107094,0.0038630479191763675,0.46109917783214827,0.48431743413256556,4,323,335,0.006259780907668232,0.5054773082942097,0.5242566510172144,1,False,0.8961793730933437,-0.43702866761627535,0.07660597185314282,0.25946886095718463,0.4663459324347935,0.5304769793075726,0.16981801675268957,0.3480466567543137,0.7982921536412607,86,3.1451447046889967,23.223035712317625,8:6=127;17:33=89;9:6=52;17:32=50;17:34=46,nan,nan,0
172,1691509849.4544241,663,663,663,663,0.9999998803215168,0.9999999997346747,1.0000000010603554,1.0000000575494767,1.000000110899904,13.708847740685682,316.2932839721993,332.99786793529387,0.043342203060785275,0.041167974514928436,0.9498357630135322,24.29072626921146,4.259151220321655,448.3368648290634,460.425695002079,0.006424059155839601,0.676224532170533,0.6944580618432564,6,644,645,0.00904977375565611,0.971342383107089,0.9728506787330317,1,False,0.9005446151262196,-0.42562218173045835,0.08868570677495602,0.2579329490350957,0.47901640933292244,0.5188584472821285,0.16421474591039706,0.5491761661110638,0.5069791218726393,93,3.0742048707141185,21.63267429841349,8:6=145;17:33=97;17:32=64;9:6=54;17:34=41,nan,nan,0
173,1691509849.55583,666,666,666,666,0.9999998964491909,1.0000000025833897,1.0000000014403954,1.0000000646731924,1.00000011566775,15.901106283424298,316.6940884954815,333.40480866216956,0.05020967192335569,0.0476930922119257,0.9498785868333992,20.967397030087074,7.901221573352814,369.59691125154495,437.2909173965454,0.011863696056085307,0.5549503171945119,0.656592969063882,12,502,619,0.018018018018018018,0.7537537537537538,0.9294294294294294,1,False,0.8955435164194857,-0.43764581947729875,0.08042354688190557,0.26728927931228974,0.47848467673574074,0.509966737692586,0.17390507534541638,0.63170180533439,0.2972455668290104,86,3.1075193686487284,22.3654949823774,8:6=142;17:33=91;17:32=60;9:6=55;17:34=42,nan,nan,0
174,1691509849.6570854,686,686,686,686,0.9999998827977172,0.999999999504453,0.9999999973165627,1.0000000630822439,1.0000000934387627,15.926557741273058,328.03912689204327,342.0343146867936,0.04855078688986525,0.0465642102484871,0.9590825037319254,21.47572126024602,6.381138920783997,312.139397084713,324.11197769641876,0.009301951779568508,0.4550136983742172,0.4724664397906979,9,351,365,0.013119533527696793,0.5116618075801749,0.532069970845481,1,False,0.8971007029210226,-0.43445112619166054,0.0803899730650835,0.2652942200914751,0.47941865425239844,0.5099596317110967,0.17373072724933514,0.6592321608924784,0.3259721308226484,89,3.0276349275616554,20.6483399751199,8:6=153;17:33=102;17:32=61;17:34=52;9:6=52,nan,nan,0
175,1691509849.758491,705,705,705,705,0.9999998933588261,0.999999996707683,0.9999999955106653,1.0000000570372292,1.0000001006627406,13.43182316840388,325.630457039772,365.93771514965727,0.041248669705252226,0.036705216796007696,0.8898521348273686,27.2440837376764,4.85930734872818,321.598680973053,355.659359395504,0.006892634537203092,0.4561683418057489,0.5044813608446865,7,345,374,0.009929078014184398,0.48936170212765956,0.5304964539007092,1,False,0.8968657766122912,-0.43320722849566784,0.08923718911269295,0.2524537391837683,0.4561493119098608,0.5431612252327305,0.1522995808930843,0.21921763530441402,0.9260333407504698,95,3.157283354121527,23.506649865516962,8:6=138;17:33=110;17:32=64;9:6=62;17:34=42,nan,nan,0
176,1691509849.8599284,707,707,707,707,0.9999998827977172,1.0000000017569213,1.0000000026549878,1.0000000663667947,1.000000130763103,15.747722195333898,325.55880934093295,365.6934709480201,0.048371359470240925,0.04306262880359789,0.8902505382361833,23.22199149895953,6.512416839599609,323.9317300915718,361.5841945409775,0.009211339235643011,0.45817783605597145,0.5114345043012412,9,340,376,0.01272984441301273,0.4809052333804809,0.5318246110325319,1,False,0.8962373945817346,-0.4351975309355641,0.08580000944599518,0.2546954439032611,0.4531315718504683,0.5417666317004179,0.13400637029071896,0.23765957667030108,0.927872025274257,99,3.144545529850588,23.209125221471567,8:6=146;17:33=114;17:32=59;9:6=52;17:34=47,nan,nan,0
177,1691509849.9609962,736,736,736,736,0.9999998803215168,1.000000002814058,1.0000000022371691,1.000000063119324,1.000000130763103,14.881436188609081,341.36549942360534,379.7530685300793,0.043593849447985646,0.0391871387536408,0.89891439388479,25.518576548462395,5.74826192855835,339.0622270703316,372.69976979494095,0.007810138489889062,0.46068237373686355,0.5063855567866046,9,359,389,0.012228260869565218,0.48777173913043476,0.5285326086956522,1,False,0.8921587319847928,-0.44391447119011074,0.08362259988359019,0.2582819746696278,0.45446457237985155,0.5417196115145448,0.14568249220990903,0.2525430630451107,0.915881421947355,88,3.092295711012882,22.027588952822548,8:6=152;17:33=116;17:32=72;9:6=57;17:34=42,nan,nan,0
178,1691509850.062298,765,765,765,765,0.9999999045308835,1.0000000007273646,1.0000000000363727,1.0000000577384687,1.0000001185252054,15.432537358215315,356.00399769197145,393.56346606268136,0.043349337249769165,0.039212321998804214,0.9045656632042977,25.502187807967484,6.048266768455505,352.72733956575394,385.0172029733658,0.007906231069876478,0.46108148962843654,0.5032904614030925,9,372,400,0.011764705882352941,0.48627450980392156,0.5228758169934641,1,False,0.8907544628401267,-0.44612907069678065,0.08674871301422432,0.2611336106989592,0.45503418784810107,0.5390350753062789,0.14947542009633913,0.23765956265843055,0.9085464581704311,93,3.1102890821468927,22.427526861333956,8:6=151;17:33=116;17:32=68;9:6=64;17:34=44,nan,nan,0
179,1691509850.162994,784,784,784,784,0.999999898014245,0.9999999990743144,0.9999999998129079,1.0000000571849919,1.0000000863680603,12.050865283980146,358.347423643324,413.6017096212209,0.03362899937010515,0.029136401043932836,0.8664070174456022,34.32132879047644,3.538662016391754,359.35033935308456,411.94625693559647,0.004513599510703768,0.45835502468505684,0.5254416542545873,5,368,419,0.006377551020408163,0.46938775510204084,0.5344387755102041,1,False,0.8955297079721461,-0.43778625713948777,0.07981062084159771,0.2525373289701225,0.44701516362653154,0.5519916778936041,0.15147374038309924,0.1908130270096557,0.9508599771167554,93,3.0554316621860296,21.230347887626777,8:6=171;17:33=123;9:6=71;17:32=69;17:34=57,nan,nan,0
180,1691509850.2621012,821,821,821,821,0.9999998803215168,1.0000000003820675,1.000000001771035,1.0000000605554336,1.0000001148475066,16.12781990016169,389.5556883038655,415.3164924233277,0.04140055038185321,0.0388326016288387,0.9379730769439214,25.75155817676039,7.5497448444366455,374.77154314517975,450.15406334400177,0.009195791527937449,0.4564817821500362,0.5482997117466526,11,456,577,0.013398294762484775,0.5554202192448234,0.702801461632156,1,False,0.890467122646351,-0.4472603204838065,0.08382427575977935,0.26797560435129913,0.4660685552915109,0.5267819295499884,0.19938302853500406,0.3350612277300404,0.7424848528771145,108,3.1121431330397074,22.469147208733453,8:6=193;17:33=102;17:32=76;9:6=67;17:34=53,nan,nan,0
181,1691509850.3600411,786,786,786,786,0.9999998827977172,1.0000000014444876,1.0000000015784878,1.000000057149096,1.000000106960955,14.473289576065763,376.139249773299,395.3874629213698,0.03847854108495427,0.03660533257460429,0.9513180994514775,27.318424111075302,4.893421530723572,466.73547887802124,525.2051643133163,0.006225727138325155,0.5938110418295436,0.6681999545970946,6,650,743,0.007633587786259542,0.8269720101781171,0.94529262086514,1,False,0.8852711463153273,-0.45666056178960807,0.08806888671685255,0.2771475194184205,0.47562185616951974,0.5122967112747597,0.24062287446694117,0.6320936757067986,0.3459858249170883,97,3.06810703167783,21.501163107160334,8:6=173;17:33=108;9:6=68;17:34=60;17:32=57,nan,nan,0
182,1691509850.4576216,807,807,807,807,0.9999998994609636,0.9999999973039602,0.9999999976236791,1.0000000575264005,1.0000001093878583,14.42411593809772,388.9724427474707,403.60343696302346,0.037082616537599214,0.03573833772733506,0.9637490841860864,27.981155912440027,5.919631063938141,548.0091443061829,558.1029234528542,0.007335354478238093,0.6790695716309577,0.6915773524818515,8,786,784,0.009913258983890954,0.9739776951672863,0.9714993804213135,1,False,0.8854057651747358,-0.45603173055135715,0.08995383107836429,0.27558582371822227,0.47106808817671675,0.517466382791679,0.2492752535449398,0.5886137581927049,0.46916785027980484,94,3.0821712854264165,21.80569742514464,8:6=182;17:33=107;9:6=71;17:32=63;17:34=53,nan,nan,0
183,1691509850.5546,780,780,780,780,0.99999989920616,0.9999999992047127,0.9999999994860256,1.000000061100845,1.0000001092571438,13.557857542872956,372.1900257913017,394.2521154251772,0.036427245770619496,0.034388801004280274,0.9440406562940498,29.079234250578637,4.222054421901703,388.3439137339592,441.000496506691,0.005412890284489363,0.4978768124794349,0.5653852519316551,6,493,580,0.007692307692307693,0.632051282051282,0.7435897435897436,1,False,0.8870370392960798,-0.45198122136257923,0.09422455334166537,0.27561946783835406,0.4781224958112415,0.5128890437369901,0.2555968021358503,0.6394877492366596,0.377412182584914,92,3.038827153035247,20.880738956710264,8:6=180;17:33=111;9:6=62;17:32=61;17:34=57,nan,nan,0
184,1691509850.651881,766,766,766,766,0.999999908767265,0.9999999984467495,0.9999999977290113,1.0000000624559204,1.0000001105507332,12.308224450431986,367.39553525528504,386.2962379147034,0.033501290215406695,0.031862139059065125,0.9510719991438494,31.38521234077312,2.5057878494262695,520.1719114780426,536.762164235115,0.003271263511000352,0.6790756024517527,0.7007338958682964,4,747,754,0.005221932114882507,0.9751958224543081,0.9843342036553525,1,False,0.8895007377489564,-0.4491402238242005,0.08403271319676116,0.2697484314814691,0.4717383515441226,0.5219163300272333,0.19405542997937736,0.6168701519658965,0.46829549736043424,89,3.0714673149576632,21.573534632360726,8:6=171;17:33=108;9:6=65;17:32=55;17:34=52,nan,nan,0
185,1691509850.7500544,750,750,750,750,0.999999877039238,0.9999999982635251,0.9999999976779654,1.000000060038092,1.000000097119242,15.737007264186776,357.53494244167575,376.72804768942535,0.04401529863547235,0.041772858062217776,0.9490531555442551,23.938989247768713,7.546690821647644,340.80484050512314,357.22052747011185,0.010062254428863526,0.45440645400683083,0.4762940366268158,11,388,404,0.014666666666666666,0.5173333333333333,0.5386666666666666,1,False,0.8930408755969909,-0.44185664168324246,0.08509231876830631,0.26776709195590737,0.4658075205370136,0.526844892476376,0.1975757274535812,0.3528508478596039,0.7625921322795438,99,3.0710931099968364,21.56546321895438,8:6=169;17:33=119;9:6=62;17:32=58;17:34=42,nan,nan,0
186,1691509850.849096,744,744,744,744,0.9999998887075403,1.0000000000500382,1.0000000014077508,1.0000000619550555,1.0000001048700549,13.904536406523217,340.20150939018185,389.89395427775173,0.04087147182693981,0.03566235447861789,0.8725488191279568,28.04077337629435,5.50708532333374,334.47768503427505,378.73991441726685,0.007401996402330296,0.4495667809600471,0.5090590247543909,9,355,396,0.012096774193548387,0.4771505376344086,0.532258064516129,1,False,0.8869382111512887,-0.45482494743558505,0.08046661910363213,0.26269417853672755,0.44741621263538345,0.5461386359037979,0.16609983672476566,0.2129168106535932,0.9307944991327664,96,3.11031309793927,22.42806548263028,8:6=159;17:33=111;17:32=65;9:6=53;17:34=45,nan,nan,0
187,1691509850.9486225,684,684,684,684,0.9999998726574311,1.0000000002750447,0.9999999996990067,1.0000000615135314,1.0000001280359496,12.761902872420546,318.76185516492063,352.47624233892014,0.040035853304398065,0.036206420006456665,0.9043499018535787,27.619411138181317,5.43045175075531,303.20944488048553,335.5109242796898,0.007939256945548699,0.443288662105973,0.4905130471925289,8,341,373,0.011695906432748537,0.49853801169590645,0.5453216374269005,1,False,0.880163250276328,-0.46851558300387547,0.07619580923875463,0.27394925793820235,0.45359747822130614,0.5366425236332091,0.20527829032340206,0.3204728041653073,0.8978154297765057,91,3.0922089955898517,22.025678903944712,8:6=147;17:33=100;17:32=60;9:6=58;17:34=41,nan,nan,0
188,1691509851.0490234,672,672,672,672,0.9999998806610513,1.000000002151518,1.0000000013827453,1.0000000591366034,1.0000001153807367,10.166636381013898,323.56655837276986,338.26680813785663,0.031420541208406545,0.030055081185708904,0.9565424410215978,33.272244177982685,3.4115294218063354,438.3574693799019,456.17606222629547,0.005076680687211808,0.6523176627677112,0.6788334259319873,5,629,642,0.00744047619047619,0.9360119047619048,0.9553571428571429,1,False,0.8871370648442031,-0.45302369538283527,0.08807587411596995,0.27494022097735565,0.47588743188732574,0.5145606069081023,0.24368369084031427,0.6188212972820416,0.32669465938414693,84,3.0076420604709084,20.239619816455953,8:6=154;17:33=96;9:6=64;17:32=61;17:34=36,nan,nan,0
189,1691509851.150861,697,697,697,697,0.9999998803215168,1.0000000013908021,1.0000000033229115,1.0000000608774702,1.000000104099512,12.831712417850794,333.7913494640944,350.37694005683335,0.03844231565153574,0.0366225939862635,0.9526635782878615,27.305548055254704,4.560176849365234,473.523230612278,488.10191041231155,0.006542577976133765,0.6793733581237847,0.7002896849531012,6,681,687,0.00860832137733142,0.9770444763271162,0.9856527977044476,1,False,0.8908104447979246,-0.4460596466102552,0.08653059057268767,0.2685859232705524,0.4712395312069594,0.5157860847517755,0.1874234336648478,0.6124418555602846,0.38234446972248604,82,2.9883163766772802,19.852230660776826,8:6=155;17:33=92;17:32=71;9:6=58;17:34=48,nan,nan,0
190,1691509851.254163,742,742,742,742,0.9999999081735126,1.0000000005176048,1.0000000004009535,1.0000000637986908,1.0000001074823874,12.665590484808325,355.91899800404155,373.41541227927615,0.03558559828454143,0.03391823172883869,0.9531449059147321,29.482669025748724,3.048562526702881,503.70414412021637,519.1252437233925,0.004108574833831376,0.6788465554180814,0.6996297085220923,4,723,730,0.005390835579514825,0.9743935309973046,0.9838274932614556,1,False,0.8908846533149798,-0.4463831763709804,0.08406303789896263,0.2685166168460388,0.4717026138341086,0.518415858314955,0.2092556580380652,0.5741235051402505,0.4285846735935811,92,3.0400421787408494,20.90612501052552,8:6=163;17:33=99;17:32=67;9:6=67;17:34=57,nan,nan,0
191,1691509851.3581378,722,722,722,722,0.999999877039238,0.9999999989171814,0.9999999999292584,1.000000060350668,1.0000001078323162,12.678366391196333,345.4361839933643,363.88544805184955,0.03670248508604379,0.03484164167342523,0.9492992529455136,28.701288227837157,5.057070791721344,333.04606181383133,349.007303416729,0.007004253174129285,0.46128263409117914,0.4833896169206772,8,360,375,0.0110803324099723,0.4986149584487535,0.5193905817174516,1,False,0.8871450597079932,-0.45280354484479013,0.08912122537136193,0.2787360108899249,0.4785102556160097,0.5086662503311868,0.25707580255483004,0.7050066788010524,0.2627845104187173,85,3.06359749041938,21.40442102018548,8:6=164;17:33=100;9:6=62;17:32=60;8:5=42,nan,nan,0
192,1691509851.4625447,731,731,731,731,0.9999998806610513,0.9999999996709487,0.9999999989810188,1.0000000624087,1.000000118222137,10.88268558835549,350.9280886036975,369.1892253268741,0.03101115568051689,0.029477256761001453,0.9505371894128045,33.924459392809055,2.3963605165481567,335.7124066352844,348.2252461910248,0.0032781949610781896,0.4592508982698829,0.47636832584271516,4,382,390,0.005471956224350205,0.5225718194254446,0.533515731874145,1,False,0.8824915742337273,-0.46159821576065657,0.09019816302484443,0.27420977800843505,0.46236894361163694,0.5267666239540966,0.22115194093015442,0.34883694744039523,0.8114335815798782,86,3.0027894932897046,20.14164361188905,8:6=163;17:33=100;17:32=76;9:6=67;17:34=50,nan,nan,0
193,1691509851.5665824,728,728,728,728,0.999999909067036,0.9999999997996389,1.0000000017491537,1.0000000553249722,1.000000095730989,13.611415564393122,337.1154900769547,377.2730940669268,0.040376120246761696,0.03607841581721306,0.893558261584251,27.71740325479864,6.263233542442322,337.0501666665077,372.85157853364944,0.008603342778080112,0.4629809981682798,0.5121587617220459,9,350,382,0.012362637362637362,0.4807692307692308,0.5247252747252747,1,False,0.8851669910042971,-0.4574010089934559,0.08522743107806957,0.2652978632554721,0.4470426024443884,0.5426171053709629,0.16769793181437137,0.18545863493541215,0.9383257620553906,91,3.0407089849210003,20.920069992668985,8:6=154;17:33=107;17:32=76;9:6=57;17:34=51,nan,nan,0
194,1691509851.668965,710,710,710,710,0.9999998675054064,0.9999999998855014,1.0000000002392535,1.0000000631543744,1.000000106100428,12.83744069653155,331.50030726632053,365.6622518745603,0.038725275407416784,0.03510737198253488,0.9065751402199455,28.484046043021316,3.2478914856910706,322.25407314300537,355.2759559750557,0.004574495050269113,0.45387897625775403,0.5003886703874024,5,343,375,0.007042253521126761,0.4830985915492958,0.528169014084507,1,False,0.8845108035944491,-0.45824593898550897,0.08747169672523437,0.27195019299064493,0.45485265220512644,0.5389917303072373,0.22125952067148752,0.24126723832930558,0.9088211640694646,95,3.1780497437891904,23.999901922790272,8:6=159;17:33=100;17:32=54;9:6=50;17:34=37,nan,nan,0
195,1691509851.7693117,728,728,728,728,0.9999998929735184,0.999999996097069,0.9999999941622031,1.0000000573669754,1.0000001194082497,12.177600602760057,344.8805467615554,370.94184695301726,0.03530961869873004,0.03282886711970905,0.9297428952663765,30.460996304062,4.585076689720154,328.55375623703003,351.31450444459915,0.006298182266099113,0.4513101047211951,0.48257486874258126,7,373,394,0.009615384615384616,0.5123626373626373,0.5412087912087912,1,False,0.8855105460726329,-0.45776164199704017,0.07953208101339596,0.27055084057201867,0.4601655225157085,0.5306206938687716,0.21563979060631255,0.3278209758834687,0.8611293680672254,91,3.0091227549214867,20.269610707393408,8:6=163;17:33=105;17:32=71;9:6=60;17:34=49,nan,nan,0
196,1691509851.8681514,750,750,750,750,0.9999998628626422,0.9999999998853737,0.9999999998325946,1.000000057006475,1.0000001056757766,12.129100631481387,357.97514632970535,379.8957528668738,0.03388252161034146,0.03192744467383337,0.942298363770205,31.321015828728864,3.2893598079681396,372.8176524043083,425.1906216740608,0.004385813077290853,0.49709020320574443,0.5669208288987477,5,475,559,0.006666666666666667,0.6333333333333333,0.7453333333333333,1,False,0.8875259646236311,-0.45231440625506236,0.08780284740840387,0.27869515053578064,0.4801317380383021,0.511779171283032,0.2605412358037589,0.7132099323175245,0.36965404368618604,90,3.0423980148525747,20.955434474484004,8:6=168;17:33=98;17:32=73;9:6=71;8:5=54,nan,nan,0
197,1691509851.9653366,775,775,775,775,0.9999998578359942,0.9999999985209601,0.999999999130989,1.0000000568586764,1.0000001043540743,14.892218956199153,368.8850071139805,391.222771637309,0.04037089789230078,0.038065828565841474,0.9429026985575442,26.270280660522754,6.562781453132629,353.70088326931,371.4256440997124,0.008468105100816296,0.45638823647652904,0.4792588956125321,10,417,433,0.012903225806451613,0.5380645161290323,0.5587096774193548,1,False,0.8872232099056686,-0.45283411892424585,0.08818297195481495,0.2798230325488507,0.47980518941550593,0.5105996003355782,0.2723962457769006,0.6585095402856407,0.3235114293758281,98,3.048565943655306,21.08508553056474,8:6=184;17:33=97;17:32=79;9:6=64;17:34=53,nan,nan,0
198,1691509852.060558,783,783,783,783,0.9999998991571304,1.000000000949586,1.000000001354518,1.00000006047973,1.0000001036489417,16.694964883138873,376.00093113541806,390.30410546849475,0.044401392392100544,0.04277424871844318,0.9633537691951558,23.378552048509157,7.255391716957092,531.1016594171524,541.7575083971024,0.009266145232384537,0.6782907527677553,0.691899755296427,10,760,762,0.01277139208173691,0.9706257982120051,0.9731800766283525,1,False,0.8896868810634578,-0.44941232246603063,0.08053457691740425,0.2748935320032049,0.47200408414100486,0.5189753704598334,0.2418887590732624,0.5126732576353499,0.4663755727178568,89,3.0709650914012316,21.562702615347593,8:6=179;17:33=107;17:32=67;9:6=66;17:34=51,nan,nan,0
199,1691509852.1553607,751,751,751,751,0.9999998977522481,0.9999999995623444,1.0000000005349354,1.0000000579668162,1.0000000952651402,12.815933084971032,343.72395800150287,394.4601082561678,0.03728553912705438,0.032489807756804115,0.8713782479070958,30.778883257337124,4.125950515270233,340.9260666370392,389.4620027542114,0.00549394209756356,0.4539628051092399,0.5185912153851018,6,353,400,0.007989347536617843,0.47003994673768307,0.5326231691078562,1,False,0.8859662161880194,-0.45474022612964854,0.09096807414164568,0.264875317912829,0.44525788909213504,0.549262974268701,0.19737643531477306,0.17471425699814755,0.9431289874405547,88,3.020278758714898,20.497004606555876,8:6=168;17:33=115;17:32=76;9:6=59;17:34=42,nan,nan,0
200,1691509852.2501228,714,714,714,714,0.9999999053316736,0.999999999660855,0.999999997802869,1.0000000581795876,1.000000111771394,12.382673436532388,341.0186944071858,360.5986316719828,0.0363108346832949,0.03433921359911382,0.945701576364805,29.12122600343435,5.575161993503571,328.04425144195557,342.2759722471237,0.007808350130957382,0.4594457303108621,0.4793781123909296,8,360,370,0.011204481792717087,0.5042016806722689,0.5182072829131653,1,False,0.8871045795400967,-0.4533885446580987,0.08651180573655685,0.2710276916009377,0.4617653069612279,0.526959789837146,0.21463222783310837,0.3089783551874131,0.8336073758666239,92,3.073873510523846,21.62550727883993,8:6=159;17:33=98;17:32=62;9:6=62;17:34=48,nan,nan,0
201,1691509852.3460016,653,653,653,653,0.9999998879758327,1.0000000012521466,1.0000000013194357,1.000000060697693,1.0000001125564597,10.713894326961231,308.55382031219835,333.7322869961441,0.03472293526011374,0.0321032598415778,0.9245548972484143,31.149484660896427,4.236862778663635,304.5114096403122,325.6456980705261,0.006488304408366976,0.46632681415055466,0.4986917275199481,6,322,340,0.009188361408882083,0.49310872894333846,0.5206738131699847,1,False,0.8845015101360872,-0.45942447169360023,0.08115561210438446,0.2703110333674072,0.45428282426511324,0.5338072400289825,0.20428547465773123,0.22875253451409547,0.9050989654611076,79,2.95510407281686,19.203721201197165,8:6=150;17:33=95;17:32=66;9:6=55;17:34=46,nan,nan,0
202,1691509852.443763,675,675,675,675,0.999999896152948,0.9999999985023629,0.9999999984020339,1.0000000596501641,1.0000000996438243,11.514709461138821,323.62064634633055,339.864642170721,0.03558088642099822,0.03388028065406917,0.9522045137716009,29.515694105677238,4.99351441860199,320.8393139243126,340.1446727514267,0.007397799138669614,0.4753175021100927,0.5039180337058173,7,328,350,0.01037037037037037,0.48592592592592593,0.5185185185185185,1,False,0.8811071927859783,-0.46655302267585647,0.07732006112797946,0.2850377148280112,0.47556770690406364,0.5089754794995779,0.28987229250977664,0.6730392079636954,0.29535775673758274,85,2.9983026787388107,20.051474230169674,8:6=159;17:33=93;17:32=71;9:6=53;8:5=44,nan,nan,0
203,1691509852.543988,711,711,711,711,0.9999998748779243,0.9999999990745916,0.999999999945407,1.0000000580897543,1.000000108114581,12.066434727641498,342.1541374855182,356.7794264709099,0.03526607866360293,0.03382043310904122,0.959007476608004,29.567924123735423,5.430960237979889,340.0258751511574,348.6383111476898,0.007638481347369746,0.4782361113237094,0.4903492421205201,8,357,361,0.011251758087201125,0.5021097046413502,0.5077355836849508,1,False,0.8809409240502515,-0.46559531800515813,0.08464093681643999,0.2779823603520318,0.45866844332967593,0.5279498330275515,0.2554557867559065,0.3217058382679814,0.7870794297105264,85,3.006311693589058,20.212711599419976,8:6=170;17:33=99;17:32=70;9:6=59;17:34=43,nan,nan,0
204,1691509852.646462,725,725,725,725,0.9999999039867463,0.9999999991662721,0.999999998961969,1.0000000626833507,1.0000001355062609,12.656277480706736,350.1932019617125,362.15051934867574,0.03614084285419818,0.034947561316407694,0.9669824651681616,28.614299891949983,5.222256600856781,332.16525572538376,340.94840717315674,0.0072031125529059045,0.45815897341432243,0.4702736650664231,7,388,396,0.009655172413793104,0.5351724137931034,0.5462068965517242,1,False,0.8883646231223005,-0.4507297788857013,0.08746978227033667,0.27507779769911944,0.4756256365084827,0.5117186156300191,0.25512131593901444,0.6124495036953129,0.3482907346669231,82,2.9719819183801586,19.530589297180914,8:6=162;17:33=110;9:6=71;17:32=68;17:34=46,nan,nan,0
205,1691509852.750715,695,695,695,695,0.9999998899176721,0.999999999134007,0.9999999981137135,1.0000000657688628,1.0000001444760103,9.11133366705145,330.1063061520164,355.78235897720214,0.02760121057140791,0.0256092901661695,0.9278321361997854,39.04832947384947,1.9384437203407288,329.59536159038544,351.7195454835892,0.0027891276551665163,0.4742379303458783,0.5060712884655959,3,342,362,0.004316546762589928,0.4920863309352518,0.520863309352518,1,False,0.882075686375951,-0.46228400104172507,0.09075233267111704,0.27330362651660267,0.45361962611512363,0.5387549201889562,0.26919846951963594,0.2137030130407238,0.9214136724120099,83,3.005531330012324,20.1969444883405,8:6=150;17:33=103;17:32=72;9:6=70;17:34=42,nan,nan,0
206,1691509852.856357,700,700,700,700,0.9999998866720128,0.9999999995203338,1.0000000005546885,1.0000000612228346,1.0000001355062609,10.576777937333055,330.2998585224404,359.1233628686941,0.03202174528516934,0.029451656536197652,0.9197392669861125,33.95394750617667,2.4312283396720886,328.986567735672,353.5797877907753,0.003473183342388698,0.46998081105096,0.5051139825582505,3,342,363,0.004285714285714286,0.48857142857142855,0.5185714285714286,1,False,0.8829209689414297,-0.46172888355892744,0.08518803138324792,0.2690971329792594,0.4520862867259937,0.536862311027449,0.17660002961131754,0.23514404129931643,0.9324582800160892,80,2.9948869472101523,19.983100616876424,8:6=153;17:33=102;17:32=65;17:34=56;9:6=53,nan,nan,0
207,1691509852.9618018,681,681,681,681,0.9999998989934769,0.9999999993409189,1.0000000006918415,1.0000000573502674,1.0000000889037348,11.978628463976067,312.7689668819701,356.2524037563856,0.03829864766761357,0.03362399337568359,0.8779420533983243,29.74066729156526,4.039631009101868,314.40206503868103,354.536179959774,0.005931910439209791,0.4616770411728062,0.5206111306310925,6,323,360,0.00881057268722467,0.47430249632892807,0.5286343612334802,1,False,0.883228331051397,-0.4591871618388556,0.09515705770220484,0.2683698620417844,0.4410412116796536,0.5475806141099343,0.19816273466985934,0.1773250274780911,0.9383562804852432,82,3.0121644398574756,20.331358337752363,8:6=156;17:33=94;17:34=63;17:32=58;9:6=49,nan,nan,0
208,1691509853.0657208,728,728,728,728,0.9999998822487989,0.9999999982029857,1.000000000772932,1.0000000581131963,1.0000001041934723,13.916072890789678,339.7663493861763,374.3175751065814,0.04095777264561523,0.037177182735347876,0.9076954222345366,26.89821891881025,5.924487769603729,339.3038714528084,369.7327537536621,0.008138032650554574,0.4660767465011104,0.5078746617495359,8,354,381,0.01098901098901099,0.48626373626373626,0.5233516483516484,1,False,0.8831964621614145,-0.45965391370918895,0.0931788003646034,0.27230246633724725,0.4500579314816472,0.5389285346187506,0.20494676119398458,0.2216526993120796,0.9265564228251431,84,3.050390308790892,21.123587535666555,8:6=168;17:33=98;17:32=67;9:6=54;17:34=50,nan,nan,0
209,1691509853.167269,760,760,760,760,0.9999998958570263,0.9999999982473112,0.999999998970627,1.0000000623351422,1.0000001086355157,11.636027079950328,345.1370985304056,403.22687172555743,0.033714217131385046,0.028857270920847732,0.8559377430711298,34.653311560295776,4.839602708816528,345.3388944864273,401.25876927375793,0.006367898301074379,0.4543932822189833,0.527972064833892,8,354,409,0.010526315789473684,0.46578947368421053,0.5381578947368421,1,False,0.882700653017756,-0.4603891754416673,0.09424099054110407,0.26483169127362627,0.43778038433980976,0.5540578845054033,0.17789498787776212,0.14841842008504508,0.9539469716658875,85,3.034042644592133,20.78107350010714,8:6=175;17:33=113;17:32=66;9:6=54;17:34=53,nan,nan,0
210,1691509853.2667837,777,777,777,777,0.9999998843422079,0.9999999997704089,1.0000000008909147,1.000000058369687,1.000000095661319,13.855763468408968,372.79016546123097,390.3540707135755,0.03716772799321586,0.03549537332371183,0.9550051951034164,28.172685799925762,3.6618692278862,491.40556555986404,497.99311488866806,0.004712830409119948,0.6324395953151404,0.6409177797794956,5,705,690,0.006435006435006435,0.9073359073359073,0.888030888030888,1,False,0.8850073116312512,-0.45636696289926076,0.09214799798872461,0.27524954450049904,0.46592995566426104,0.5243087298791822,0.23185135025052103,0.5170835723124316,0.49814018696986934,85,3.0192911611987503,20.476771808293137,8:6=182;17:33=107;17:32=67;9:6=56;17:34=55,nan,nan,0
211,1691509853.3651643,766,766,766,766,0.9999998907412722,1.0000000014727195,1.0000000028734894,1.0000000593136862,1.0000001273870591,14.79241836994156,369.76154494882223,381.44603893744255,0.040005291442594286,0.038779845272865786,0.969367897957025,25.786590765479378,5.727253079414368,523.9296773672104,529.5936976671219,0.007476831696363404,0.6839813020459665,0.6913755844218301,8,750,745,0.010443864229765013,0.97911227154047,0.9725848563968669,1,False,0.8804183678561258,-0.46519406859234036,0.09196725552097554,0.28405300237263953,0.46716313747638666,0.5199489432385144,0.2863832011495626,0.5448361438491744,0.44057916306619616,89,3.140149357546052,23.107317853290137,8:6=164;17:33=101;9:6=59;8:5=58;17:32=57,nan,nan,0
212,1691509853.4626834,744,744,744,744,0.9999999012538948,0.9999999994984388,0.9999999997731042,1.0000000604517993,1.0000001077313443,14.13875714538476,353.0354973161891,376.82574479210314,0.040049109092057306,0.03752067723818921,0.9368667141120115,26.651970955955516,5.494891047477722,349.67835783958435,374.37075012922287,0.007385606246609841,0.46999779279514026,0.5031864921091705,7,359,385,0.009408602150537635,0.4825268817204301,0.5174731182795699,1,False,0.8799020292699566,-0.46605938070237335,0.092526064143746,0.29084840162377207,0.4794331666828405,0.5029207462794159,0.3356683231078289,0.6985732357440401,0.24941669627653112,83,3.0497677150928837,21.110440216331288,8:6=171;17:33=92;9:6=73;17:32=59;17:34=53,nan,nan,0
213,1691509853.5599651,753,753,753,753,0.9999998879758327,0.9999999992680245,0.999999998189027,1.0000000633819,1.0000001155932439,15.508581977011639,360.3532481824282,377.13816873820537,0.043037164380326176,0.04112175129051203,0.955493975558256,24.318030449027322,7.928269803524017,478.85066705942154,507.36082750558853,0.01052891076165208,0.6359238606366819,0.6737859595027736,12,685,718,0.01593625498007968,0.9096945551128818,0.953519256308101,1,False,0.8782959556596237,-0.46803402941625544,0.09767477453432774,0.2886182381197936,0.4688995774072141,0.5123463144475504,0.30489086690827455,0.5170836422462499,0.3308126558094985,92,3.057509763857417,21.27451258252554,8:6=184;17:33=105;17:32=59;9:6=58;8:5=46,nan,nan,0
214,1691509853.655839,743,743,743,743,0.999999901697608,1.0000000003850482,0.9999999994157713,1.0000000580706108,1.0000001250084858,14.24929574702257,356.52831429932735,372.2223905258319,0.03996679976182597,0.03828167275722679,0.9578368292022041,26.12216050071168,6.133971989154816,340.7153359055519,354.08083486557007,0.008255682354178756,0.4585670738971089,0.4765556323897309,9,378,391,0.012113055181695828,0.5087483176312247,0.5262449528936743,1,False,0.8766305477486706,-0.4724183495412635,0.09132242753329717,0.2909004587924903,0.47144117427933957,0.5117190979811462,0.3025032740937244,0.6192216124632947,0.31018941955747387,89,3.074005432409131,21.62836034471717,8:6=179;17:33=100;9:6=56;17:34=54;8:5=50,nan,nan,0
215,1691509853.7519867,759,759,759,759,0.9999998933392055,1.000000001716671,1.0000000037432657,1.0000000605696309,1.000000111135025,15.244481766435467,364.21598826845093,379.53953257102035,0.041855608368294064,0.04016572835817276,0.9596259599131428,24.89684715991274,6.130220890045166,360.4990692138672,378.4535639286041,0.008076707365013393,0.4749658355913929,0.498621296348622,9,373,394,0.011857707509881422,0.4914361001317523,0.5191040843214756,1,False,0.8826313556870634,-0.4596425616819865,0.09844087285491623,0.2866593751185224,0.47654041852569606,0.5105696008524565,0.3007064793857025,0.6886636517366934,0.2966195845458513,91,3.077064822440941,21.694631257354388,8:6=179;17:33=89;17:32=62;9:6=61;17:34=55,nan,nan,0
216,1691509853.8484051,767,767,767,767,0.9999999031669102,1.000000001254826,1.0000000005705547,1.000000064966267,1.000000108493213,13.606037584495015,369.0911481407419,384.3028161996664,0.03686362475240603,0.03540447014946134,0.9604174952206929,28.245020919066476,5.03288733959198,513.3804848194122,527.2432604432106,0.006561782711332438,0.669335703806274,0.6874097267838469,8,737,743,0.010430247718383311,0.9608865710560626,0.9687092568448501,1,False,0.8847119690360385,-0.4577874729639048,0.08783713019957969,0.2802715018228346,0.4723363716218604,0.517588167861495,0.27797392686090766,0.5421358186192986,0.5191520241374188,99,3.1081566928534556,22.379753596877816,8:6=193;17:33=94;9:6=58;17:32=57;17:34=53,nan,nan,0
217,1691509853.9457846,694,694,694,694,0.9999998904996642,1.0000000010986136,1.000000000639369,1.000000059516139,1.0000001014675721,11.814098249473705,329.3270871628328,352.8588161125698,0.03587344834356832,0.03348109133173747,0.9333112058556875,29.867604675480752,4.307559788227081,310.7506031990051,336.8510655760765,0.006206858484477063,0.4477674397680189,0.4853761751816664,7,354,384,0.010086455331412104,0.5100864553314121,0.553314121037464,1,False,0.8886409651883885,-0.44915834888178785,0.0925959643766163,0.26895067240205517,0.46353054433474905,0.5307094140815247,0.22614813650093474,0.3765250030816194,0.8361416441629056,85,3.049904147438843,21.11332055969577,8:6=158;17:33=88;17:32=64;9:6=54;17:34=53,nan,nan,0
218,1691509854.0441318,625,625,625,625,0.9999998939535181,0.9999999998361456,0.9999999998042879,1.0000000604615493,1.0000001120148716,11.082581546600984,297.0991133186526,316.8183049299285,0.03730264093624002,0.03498087507618017,0.9377586733328517,28.587049289711416,5.074078738689423,285.6057366132736,302.9549532532692,0.008118525981903076,0.4569691785812378,0.4847279252052307,8,314,331,0.0128,0.5024,0.5296,1,False,0.8781104433855998,-0.47028238554318835,0.08807114774404581,0.2896670226428003,0.4737798646081831,0.5082626087129898,0.3196980081957184,0.6233441713306788,0.27907082637584657,80,3.064547848924801,21.4247725628547,8:6=148;17:33=71;9:6=51;17:32=46;8:5=42,nan,nan,0
219,1691509854.144865,532,532,532,532,0.9999998929735184,1.0000000008531567,1.00000000140113,1.0000000560629332,1.000000121644522,8.70450770933793,259.0897777796234,264.2057154187976,0.03359649224270751,0.032945947802606186,0.9806365368324268,30.352746443703616,3.436990439891815,366.41496205329895,366.0164033174515,0.006460508345661307,0.6887499286716146,0.6880007581155103,5,525,516,0.009398496240601503,0.9868421052631579,0.9699248120300752,1,False,0.891091918948147,-0.4463150733906071,0.0822073430396923,0.27087649483870524,0.46970269245616025,0.5189005652179073,0.22377228758614456,0.5333736308847155,0.3748554647448995,73,2.97092397606759,19.509937986247998,8:6=124;17:33=74;9:6=50;17:32=46;17:34=36,nan,nan,0
220,1691509854.3561337,499,499,499,499,0.9999998659029404,0.9999999988519996,0.9999999986640333,1.0000000551669006,1.0000001003946584,8.682273920056367,233.88237989909788,256.43534503514155,0.037122394272719884,0.033857555474135444,0.9120520412934767,29.535505029709626,4.192461371421814,227.91918963193893,250.23521155118942,0.008401726195234096,0.45675188302993774,0.5014733698420629,5,240,263,0.01002004008016032,0.48096192384769537,0.5270541082164328,1,False,0.8805715462695259,-0.4646812601652221,0.09308640261475983,0.276669321918154,0.4499012193425502,0.535546613978372,0.26764663848817266,0.20936359721861358,0.9083349568545769,72,2.9157215801798477,18.462129504218886,8:6=132;17:33=66;17:32=46;9:6=37;17:34=32,nan,nan,0
221,1691509854.4617214,657,657,657,657,0.999999881822346,0.9999999995104251,1.000000001029822,1.0000000569894476,1.0000001022422482,11.682814922057467,275.52506380423284,369.79212063040814,0.04240200423420784,0.031592925512152696,0.745080948005403,31.652655896502367,6.49129045009613,276.8516928553581,370.20219326019287,0.009880198554179803,0.42138766035823155,0.5634736579302784,10,283,375,0.015220700152207,0.4307458143074581,0.5707762557077626,1,False,0.8813112476442307,-0.4656730136801404,0.08024418424923412,0.25662575241510627,0.40927502636943486,0.5891686517739841,0.1588630461081843,0.10912840367202162,0.9757925934569049,96,3.202259133725133,24.588015113765582,8:6=136;17:33=78;17:32=58;9:6=50;17:34=47,nan,nan,0
222,1691509854.5680912,493,493,493,493,0.9999998748779243,0.999999996727157,0.9999999980581045,1.0000000545900523,1.0000001200262565,18.568937067681205,158.54701000006108,315.8840497052347,0.11711944026994928,0.0587840287757761,0.5019152127117791,17.0114233547069,12.90111094713211,159.33822566270828,317.57292675971985,0.026168582042864322,0.32320126909271457,0.6441641516424338,17,165,322,0.034482758620689655,0.33468559837728196,0.6531440162271805,1,False,0.8635878069212866,-0.49398465780693496,0.10097156821723825,0.24910875800874696,0.3303295605451316,0.666524263903507,0.14119954022424372,0.07437462852761603,0.9788240800219925,103,3.6004362396677427,36.61420352823249,17:33=63;8:6=62;17:32=48;17:34=37;8:5=23,nan,nan,0
223,1691509854.6720777,554,554,554,554,0.9999998916583135,1.00000000060559,1.0000000020779165,1.0000000592184992,1.000000123794061,23.561823659235948,198.12104715905474,332.3171298527034,0.11892640381776369,0.07090162240411596,0.5961806640749159,14.10404961257908,16.273047387599945,199.56325870752335,333.785551071167,0.0293737317465703,0.3602224886417389,0.6025009947132978,22,207,339,0.039711191335740074,0.37364620938628157,0.6119133574007221,1,False,0.8634697211482869,-0.4918963156001907,0.1116156591122302,0.2684703873705182,0.3621127331072038,0.6300993006461874,0.17181058777043784,0.09065851269347149,0.9673566849913167,108,3.681639244879347,39.711437517542706,17:33=65;8:6=55;17:32=45;8:5=39;17:34=35,nan,nan,0
224,1691509854.7726705,534,534,534,534,0.9999998748779243,1.0000000002505551,1.0000000000727085,1.0000000600525956,1.00000011076173,21.61706806705417,197.0137883849545,315.3691438155847,0.10972363023046675,0.06854528571030706,0.6247085114330662,14.588895350532201,14.806665241718292,201.52947294712067,316.11284679174423,0.027727837531307663,0.37739601675490764,0.5919716232055136,21,211,321,0.03932584269662921,0.3951310861423221,0.601123595505618,1,False,0.8674392370979306,-0.4857596352800587,0.1076417515443919,0.2683666331364843,0.3711629296170711,0.6223740782438676,0.19153154949873144,0.0908060993957495,0.9620190632116812,101,3.725951554923462,41.51071368169204,17:33=55;8:6=49;17:32=38;8:5=37;17:34=36,nan,nan,0
225,1691509854.8718336,526,526,526,526,0.9999998891797018,0.9999999991968513,0.9999999986186592,1.000000059120898,1.0000001016226032,17.689985228796992,198.39055761432604,309.9194563119648,0.08916747571820714,0.057079298729119675,0.6401358597332663,17.51948643843163,10.676027119159698,201.88635993003845,310.7324966788292,0.02029662950410589,0.3838143724905674,0.5907461914046183,15,210,315,0.028517110266159697,0.39923954372623577,0.5988593155893536,1,False,0.8661083134897933,-0.49052993368907033,0.09610813419717423,0.2650551613738406,0.37219875840721967,0.6199469826136941,0.16886010938195375,0.07922374321615697,0.9683706271805825,105,3.6399943267955943,38.09162062323608,17:33=63;8:6=54;8:5=41;17:32=37;17:34=32,nan,nan,0
226,1691509854.967732,483,483,483,483,0.999999899452234,1.0000000027629674,1.0000000036951389,1.0000000641119808,1.0000001180047893,18.149963206758787,162.77080871519794,302.0792307470701,0.11150625440779126,0.0600834528142575,0.538834822614751,16.643517527053724,11.449121952056885,165.5436378121376,304.4983370900154,0.023704186236142618,0.3427404509568066,0.6304313397308807,17,174,310,0.035196687370600416,0.36024844720496896,0.6418219461697723,1,False,0.8612516526737091,-0.500412675303659,0.08850279748256462,0.2556686281217089,0.34031952992737496,0.6584117486657737,0.16263353610342576,0.07532057044321729,0.9723867713959743,97,3.681885146437422,39.721203822627274,17:33=52;8:6=48;17:34=39;17:32=36;8:5=36,nan,nan,0
227,1691509855.0630512,465,465,465,465,0.9999999073318717,1.000000000262605,0.9999999989362287,1.0000000619801688,1.0000001050572533,13.712914680205888,171.94085193789007,279.34623362612706,0.0797536741597592,0.049089312936859045,0.615511616913415,20.371032719204006,6.941084027290344,173.92032474279404,280.64638048410416,0.01492706242428031,0.37402220374794415,0.6035406031916218,11,180,285,0.023655913978494623,0.3870967741935484,0.6129032258064516,1,False,0.8639356914215345,-0.49795755508726014,0.07518905784429816,0.25889660809068243,0.36482349924687524,0.6327590286736903,0.1563791688819656,0.08961262951182548,0.9706950289315015,97,3.6741444877265876,39.41492247923427,17:33=52;8:6=46;8:5=42;17:34=31;17:32=28,nan,nan,0
228,1691509855.158089,465,465,465,465,0.9999998748779243,1.0000000019704192,1.0000000022710565,1.0000000632445127,1.0000001200262565,15.078255761376477,167.6346003004502,282.2871457706633,0.08994715729540224,0.05341460278048369,0.593844256856954,18.721472180738076,7.456041932106018,168.77666467428207,284.7131263613701,0.01603449877872262,0.3629605691920045,0.6122862932502583,10,174,290,0.021505376344086023,0.3741935483870968,0.6236559139784946,1,False,0.8700918222487772,-0.48248926431038486,0.10071906811039272,0.2605760842405041,0.3640651754272847,0.637834506934254,0.19026629798736172,0.09054335396248352,0.965619293614059,95,3.5731832015086766,35.62982975638063,17:33=52;8:6=46;17:34=43;8:5=39;17:32=35,nan,nan,0
229,1691509855.2519298,503,503,503,503,0.9999998748779243,1.0000000000717735,1.0000000003787546,1.000000060003127,1.0000000935764704,19.03126933668507,194.1583370609486,289.8103936745705,0.09801932600355415,0.06566800139699398,0.669949530101981,15.228116871633251,10.935021340847015,197.89409643411636,291.29411071538925,0.021739605051385717,0.39342762710559914,0.5791135401896407,16,206,296,0.03180914512922465,0.4095427435387674,0.588469184890656,1,False,0.8645848049254263,-0.49089499824736765,0.1073089734727681,0.27656869255720995,0.3823927365985693,0.6104967884426457,0.21395520738669066,0.09516232090951011,0.9593890406534654,91,3.5861063288214567,36.093266659749084,17:33=58;8:6=56;17:34=42;17:32=37;8:5=32,nan,nan,0
230,1691509855.3468044,524,524,524,524,0.9999998926467694,1.0000000020100828,1.0000000030750131,1.000000065741537,1.0000001316968588,18.72555465319998,196.39911620934154,308.8753312440256,0.09534439367456438,0.06062496016687696,0.6358523855509112,16.49485619862493,9.308467745780945,199.32448995113373,310.14341390132904,0.01776425142324608,0.3803902479983468,0.5918767440865058,13,208,316,0.02480916030534351,0.3969465648854962,0.6030534351145038,1,False,0.8564526046482436,-0.5094571534681931,0.08332073434221192,0.27221901101214174,0.37078109611087257,0.6255362952555097,0.17936597662415,0.09023004254836711,0.9629005127024834,106,3.703178696634803,40.57607862906222,8:6=53;17:33=50;17:32=49;8:5=48;17:34=32,nan,nan,0
231,1691509855.4425173,488,488,488,488,0.9999998926467694,0.9999999998405938,0.9999999985786434,1.0000000656057069,1.0000000919201975,14.737069764973043,171.18565412587606,302.07727595357056,0.0860882288310012,0.0487857609231028,0.5666949080677866,20.497784211590393,6.752724230289459,173.2924064397812,305.774301469326,0.013837549652232498,0.35510739024545324,0.6265866833387829,10,180,313,0.020491803278688523,0.36885245901639346,0.6413934426229508,1,False,0.8739184317786489,-0.4781592351513656,0.08735170540411943,0.24825441339543788,0.3561946975798131,0.6506164756015511,0.14747835533982426,0.0846139573498275,0.9752258189308209,96,3.5813626032735804,35.922455569367976,17:33=65;8:6=44;8:5=43;17:34=39;17:32=38,nan,nan,0
232,1691509855.5407166,472,472,472,472,0.9999998748779243,0.9999999979372003,0.99999999923606,1.0000000582387036,1.0000001037709347,17.303714398602512,171.34398424436017,283.35229940975444,0.10098816410108118,0.06106784534534407,0.604702995533417,16.37522978492055,8.41424548625946,173.21054792404175,284.8677567243576,0.01782679128444801,0.3669714998390715,0.6035333828905881,11,180,290,0.023305084745762712,0.3813559322033898,0.614406779661017,1,False,0.867751613675293,-0.49053847646540344,0.07986951903527356,0.2605845057226371,0.3643010748211104,0.6352529306704869,0.16967323090507233,0.08931118732757626,0.9664797327653524,103,3.704884447620074,40.64535037854364,17:33=55;8:6=51;17:32=37;8:5=30;17:34=23,nan,nan,0
233,1691509855.6411204,409,409,409,409,0.9999998901608155,0.9999999961335055,0.9999999957610703,1.0000000580444215,1.0000001007882604,13.774098308302763,151.5510162674084,243.6748822614966,0.09088753508586622,0.0565265413507875,0.6219394254380857,17.690804639793665,8.606321632862091,154.19530767202377,246.7059764266014,0.02104235118059191,0.377005642229887,0.6031930963975585,13,161,253,0.03178484107579462,0.39364303178484106,0.6185819070904646,1,False,0.8653646587841879,-0.49508355526690667,0.07769350443637893,0.2630062246243793,0.3687697249517979,0.6310830845567039,0.1727737242493171,0.08393943970736006,0.9684664694575054,92,3.6124139130043345,37.055393437294185,17:33=54;8:6=40;8:5=34;17:34=26;17:32=23,nan,nan,0
234,1691509855.7437356,464,464,464,464,0.9999998903854317,0.9999999963347942,0.9999999953563816,1.0000000584746365,1.0000000990281104,15.401979720566663,162.691982487555,285.9060343905676,0.09466956813157541,0.05387077524752935,0.569040044343053,18.562940581514326,8.745561957359314,164.61810302734375,288.4414926171303,0.01884819387361921,0.3547803944554822,0.6216411478817463,12,171,294,0.02586206896551724,0.36853448275862066,0.6336206896551724,1,False,0.8587179780934369,-0.5039695329477117,0.09283395908602368,0.26217509390094734,0.350995222648998,0.6479176960487921,0.16274972984696248,0.07205431649029694,0.9734734885304329,95,3.6188682718361096,37.29533574710019,17:33=56;8:5=40;8:6=39;17:32=35;17:34=31,nan,nan,0
235,1691509855.850005,491,491,491,491,0.9999998891797018,1.0000000006332344,1.000000001066187,1.0000000603615877,1.0000001091121524,19.315507259270305,185.431393541193,286.25309982137287,0.10416524888478189,0.0674770239041028,0.6477882463348189,14.819859296420406,13.152605950832367,189.210883975029,288.2799578309059,0.026787384828579158,0.3853582158350896,0.5871282236881994,19,197,294,0.038696537678207736,0.40122199592668023,0.5987780040733197,1,False,0.8748331973305401,-0.4750990373904949,0.09459271387929066,0.2664257991097538,0.3814277203277876,0.6155539980010837,0.18962343608904075,0.10253600555611234,0.9633858401193924,100,3.656704533126362,38.73348739069571,17:33=63;8:6=45;8:5=45;17:34=33;17:32=31,nan,nan,0
236,1691509855.9583673,481,481,481,481,0.9999999018742345,1.000000000580539,1.000000001066187,1.0000000607627266,1.0000001052709144,20.465030805080023,180.06774175291613,280.46722800048246,0.11365184349988439,0.07296763672169505,0.6420277443345587,13.704705879595464,14.728217661380768,184.27213460206985,282.96859234571457,0.030619995138005753,0.38310215093985417,0.5882922917790324,20,193,289,0.04158004158004158,0.40124740124740127,0.6008316008316008,1,False,0.8606911048782446,-0.5020572584659595,0.08455371786687532,0.27305061934826735,0.3717457766083248,0.6176225016342486,0.16190726489711765,0.08491305813278684,0.9698315876717821,104,3.6777797931858967,39.558468520870306,17:33=63;8:6=46;17:34=35;17:32=33;8:5=33,nan,nan,0
237,1691509856.0654178,477,477,477,477,0.9999998881702942,1.000000000611945,0.9999999989052408,1.0000000656591983,1.0000001091121524,18.80235332404701,168.90302407897192,289.2946231807765,0.11132040664503333,0.06499378770789549,0.5838443252829714,15.386085890152225,12.28864723443985,171.01243203878403,292.800880253315,0.02576236317492631,0.35851662901212583,0.6138383233822117,17,179,300,0.03563941299790356,0.3752620545073375,0.6289308176100629,1,False,0.8652772791154281,-0.49317408387906125,0.08985851788589962,0.26198894192814526,0.358793266944525,0.6394122533637611,0.1619075088886052,0.09291493150345587,0.9680184799024206,106,3.7354063348867506,41.90504958771943,17:33=64;8:6=47;8:5=35;17:32=31;17:34=30,nan,nan,0
238,1691509856.1705368,528,528,528,528,0.9999998847174494,0.9999999942287001,0.9999999980418961,1.0000000520376624,1.0000001053357679,16.991430391957905,190.37245758085672,320.63610593269306,0.08925361687228917,0.05299287908494215,0.5937336876864988,18.870459904567603,9.787540316581726,194.32995826005936,322.8496906757355,0.018537008175344177,0.36804916337132454,0.6114577474919233,14,204,329,0.026515151515151516,0.38636363636363635,0.6231060606060606,1,False,0.8615561531248798,-0.5006452363207119,0.08411505431275369,0.2597620371239812,0.35841156144746167,0.6389472682564812,0.16422783432570465,0.07271572301952517,0.9749443024989166,104,3.593672158255024,36.36737779047808,17:33=76;8:6=54;17:34=43;17:32=36;8:5=35,nan,nan,0
239,1691509856.2725093,549,549,549,549,0.9999998968850062,0.9999999996987203,1.0000000003109237,1.0000000604256234,1.0000001085285128,16.940025549358673,207.67686995456748,324.38310416526923,0.08156914900087123,0.05222228079033345,0.6402209834232262,19.148914694378956,8.1698357462883,212.6939542889595,325.7864946126938,0.014881303727301093,0.38742068176495353,0.5934180229739413,12,222,332,0.02185792349726776,0.40437158469945356,0.604735883424408,1,False,0.8682708121467172,-0.48774542065153825,0.09061016172336521,0.26340504738373893,0.3777432560632032,0.6266549156158474,0.17026473871015183,0.09289990257143863,0.9708453006079188,100,3.594203776031465,36.38671647493281,17:33=77;8:6=58;8:5=44;17:32=35;17:34=34,nan,nan,0
240,1691509856.372569,560,560,560,560,0.9999999018742345,0.9999999974118716,0.9999999973244729,1.0000000626754404,1.0000000959956097,17.37418434094931,219.6262349471558,322.9995778131912,0.07910796424265847,0.053790114707201804,0.6799582724971176,18.590776491988272,8.35454910993576,224.48109740018845,324.2715207338333,0.014918837696313858,0.4008591025003365,0.5790562870247024,12,235,331,0.02142857142857143,0.41964285714285715,0.5910714285714286,1,False,0.8666543830086447,-0.49209731192450173,0.08216091533439007,0.26818236450350147,0.38578068841151414,0.6128550274752792,0.17441979134703647,0.09449726122377716,0.9653440000916962,101,3.6345011523117883,37.88295036058078,17:33=70;8:6=57;8:5=41;17:32=40;17:34=33,nan,nan,0
241,1691509856.4711688,554,554,554,554,0.9999999074741508,1.0000000023687456,1.0000000035627041,1.0000000577628534,1.0000001047994977,17.368358696000758,208.76214423599808,327.86949969257194,0.08319687824420147,0.05297338945002894,0.6367232829883374,18.877402605006495,8.81768786907196,212.39488750696182,329.7712222933769,0.015916404095797764,0.3833842734782704,0.595254913886962,13,220,335,0.023465703971119134,0.3971119133574007,0.6046931407942239,1,False,0.8644957490397273,-0.49388302772387954,0.09341656608190368,0.2659816120079307,0.3725448112169477,0.622238589179326,0.19557297727891498,0.10470418496533465,0.9671471770117074,103,3.6858693328592502,39.87977618472068,17:33=66;8:6=57;8:5=40;17:34=34;17:32=31,nan,nan,0
242,1691509856.5680304,526,526,526,526,0.9999998983728041,1.0000000005548393,0.9999999986857828,1.0000000633666102,1.0000001259274944,18.161561812390044,203.87787179782018,303.9605669734814,0.08908059345646076,0.05974973001670485,0.6707378981024444,16.7364772982308,8.902670443058014,208.50460690259933,305.4092525243759,0.016925228979197744,0.3963965910695805,0.580625955369536,13,218,311,0.024714828897338403,0.4144486692015209,0.591254752851711,1,False,0.8785432776795359,-0.46952051061309025,0.0878191286549874,0.26040198582149293,0.38909837570629074,0.611940033429715,0.1785331205542624,0.11199351682129904,0.963957433606049,99,3.6387736547125638,38.04515161282583,8:6=62;17:33=60;17:34=45;8:5=37;17:32=31,nan,nan,0
243,1691509856.6633124,541,541,541,541,0.9999998887719528,0.9999999993408016,1.0000000011899224,1.0000000585480266,1.0000001051046217,16.19783852481096,229.6032140744499,295.1989466874866,0.07054708963942787,0.054870922496748804,0.7777914408262443,18.224588807655852,8.563380777835846,234.05362927913666,296.7941636443138,0.01582879995903114,0.4326314774106038,0.5486028902852381,13,244,303,0.024029574861367836,0.4510166358595194,0.5600739371534196,1,False,0.8733551671629834,-0.47693809357856826,0.09889796197777748,0.2761184495230805,0.4149102919474919,0.5775279289182831,0.20200233666653536,0.1356289407232501,0.9473902547982489,99,3.5396211568189115,34.45386410661977,8:6=71;17:33=68;8:5=49;17:34=34;17:32=32,nan,nan,0
244,1691509856.7582576,536,536,536,536,0.9999998887719528,0.9999999981128426,0.9999999969159872,1.0000000647278593,1.0000000955531998,16.08786353585987,206.830523932007,313.0816105091008,0.07778283026130398,0.05138552695477533,0.6606281461107878,19.460732608232377,6.454994261264801,209.9819816350937,314.81159061193466,0.012042899741165673,0.3917574284236823,0.5873350571118184,9,218,320,0.016791044776119403,0.40671641791044777,0.5970149253731343,1,False,0.8722178235334861,-0.48084755998542206,0.08956390102365118,0.26193536304952286,0.38387980710521125,0.6164774662210791,0.1798592046581059,0.10003530112964881,0.9636683007349627,100,3.5741465292200054,35.664169496290796,17:33=71;8:6=65;8:5=44;17:34=39;17:32=30,nan,nan,0
245,1691509856.852863,336,336,336,336,0.9999999238164488,1.000000001192316,0.9999999978603917,1.0000000582582316,1.0000000798320807,12.153289895620723,154.63421862069433,169.21249228492138,0.07859379381889461,0.07182265169380588,0.9138463510147936,13.923184070997504,8.870526194572449,158.6969023346901,170.96442317962646,0.02640037557908467,0.4723122093294348,0.5088226880346026,13,166,175,0.03869047619047619,0.49404761904761907,0.5208333333333334,1,False,0.8904922345363193,-0.4457479927067623,0.09128147253635407,0.28311581816882236,0.4553966361905638,0.5381176801249918,0.2569617261370692,0.29718773796201264,0.8210379175737563,77,3.4342954538400403,31.00955720292686,8:6=49;8:5=35;17:33=29;17:34=25;9:6=20,nan,nan,0
246,1691509857.0464249,526,526,526,526,0.9999998916796798,0.9999999978622457,0.9999999977085349,1.0000000587462734,1.0000001250800112,21.224841754360497,205.437502665225,299.3376533314972,0.10331532207606653,0.07090602040250295,0.6863069192224747,14.103174798464652,12.146972596645355,208.8229924440384,302.1817988753319,0.023093103795903718,0.3970018867757384,0.5744901119302888,17,218,309,0.03231939163498099,0.4144486692015209,0.5874524714828897,1,False,0.8683008806312907,-0.4901395620230223,0.07626788599931661,0.2723856165578427,0.3903317701213425,0.6037238376886378,0.189729457094728,0.12280169087939427,0.9522356250871415,109,3.7429438329937352,42.22210221035043,8:6=60;17:33=51;17:34=38;17:32=33;8:5=32,nan,nan,0
247,1691509857.1430855,447,447,447,447,0.9999999065118925,0.9999999999255532,0.9999999994560744,1.0000000591346183,1.0000000961914661,14.401930130043649,173.14695583392918,259.4511139694718,0.0831774954441417,0.05550922449204918,0.6673586911417249,18.01502379380627,6.185748040676117,175.79210901260376,261.35136091709137,0.013838362507105408,0.3932709373883753,0.5846786597697794,8,183,266,0.017897091722595078,0.40939597315436244,0.5950782997762863,1,False,0.8838691295501379,-0.4613304157977088,0.07713371045265804,0.25394280083173765,0.3893242534810905,0.6123132570396794,0.16240237335291655,0.09352391635405784,0.9640656376889631,94,3.648819873449592,38.42928785538165,17:34=51;8:6=49;17:33=38;8:5=32;9:6=19,nan,nan,0
248,1691509857.2439435,455,455,455,455,0.9999999075652262,1.0000000032138219,1.00000000214218,1.0000000602852932,1.0000001130980427,12.792427067061157,181.74530472752664,260.4622711299903,0.07038656149186148,0.04911431898202551,0.6977797741647658,20.36066101956891,6.613436579704285,183.77490997314453,262.6463149189949,0.014535025449899527,0.4039009010398781,0.5772446481736152,10,190,268,0.02197802197802198,0.4175824175824176,0.589010989010989,1,False,0.8732172741298081,-0.4805422015870734,0.08106037660383761,0.2658408550153449,0.3937792167183463,0.6022810303780338,0.19299018394407103,0.116760255509252,0.9594622103460767,90,3.5171757613332795,33.68914778566911,8:6=62;17:33=51;17:34=42;8:5=41;9:5=20,nan,nan,0
249,1691509857.3471408,519,519,519,519,0.9999998945790642,0.9999999996025197,1.0000000001772609,1.0000000617216314,1.0000001139096544,15.130876184029226,205.19706769233392,298.67205571105285,0.07373826709217887,0.05066050169309255,0.6870313568633608,19.739243919417163,5.801026999950409,209.48100447654724,300.73323553800583,0.01117731599219732,0.40362428608197926,0.5794474673179303,8,218,307,0.015414258188824663,0.42003853564547206,0.5915221579961464,1,False,0.8804242826785404,-0.46553325893249065,0.09017686675457386,0.2583112011220517,0.3950191069064179,0.6081400536879551,0.1791731635323452,0.10692523300475254,0.9604743507329825,92,3.5070412828259876,33.34945007852022,8:6=66;17:33=65;8:5=44;17:34=43;17:32=23,nan,nan,0
250,1691509857.4536514,494,494,494,494,0.9999998733370918,1.0000000002047016,0.9999999997247382,1.0000000592483453,1.0000000988363333,14.26834616704547,192.43385586230494,287.2977981728949,0.07414675605344162,0.0496639593404013,0.6698062327177978,20.13532576301275,5.713088512420654,196.24347305297852,289.5533663034439,0.011564956502875819,0.39725399403436945,0.5861404176183075,8,204,295,0.016194331983805668,0.41295546558704455,0.597165991902834,1,False,0.8772077779840708,-0.4707925405533658,0.09413234302595831,0.26288313486077586,0.3878270171422651,0.6107621750611963,0.18225084045498102,0.10369505026475621,0.9639231155164241,88,3.443376531543268,31.292439897279777,17:33=70;8:6=68;17:34=44;17:32=31;8:5=30,nan,nan,0
251,1691509857.5604572,499,499,499,499,0.9999998991865756,1.0000000006678431,0.9999999989480342,1.0000000624291818,1.0000001078777958,13.003363477187005,193.7227511976813,292.27388599163936,0.06712357426680322,0.04449033629216868,0.6628123841458174,22.476791216703454,4.595715820789337,198.0359480381012,293.2920373082161,0.009209851344267208,0.3968656273308641,0.5877595938040403,7,206,298,0.014028056112224449,0.41282565130260523,0.5971943887775552,1,False,0.8718361760692468,-0.48193513900179036,0.08740825986300496,0.2600058043818083,0.38532318763196244,0.6207744904279399,0.1779442364716931,0.10687695999503684,0.968982344735521,92,3.567170459052472,35.41623954126922,17:33=63;8:6=59;8:5=38;17:32=36;17:34=34,nan,nan,0
252,1691509857.666582,541,541,541,541,0.9999998996072273,0.9999999976880527,0.9999999978638289,1.0000000565134388,1.0000001250800112,15.06597792720662,214.85669892239378,311.07732064887307,0.07012105278899612,0.048431617887734944,0.6906858348729067,20.64766868449474,6.4826871156692505,218.90682208538055,314.061402797699,0.01198278579606146,0.4046336822280602,0.5805201530456543,9,228,321,0.0166358595194085,0.4214417744916821,0.5933456561922366,1,False,0.8672951230317417,-0.4883324801712663,0.09659481546716522,0.2690400683784167,0.38997540784329093,0.6063323349655372,0.19820151100527192,0.10817167372566543,0.9553695164780377,99,3.5312059102407707,34.16514287860307,17:33=67;8:6=67;8:5=56;17:34=37;17:32=30,nan,nan,0
253,1691509857.7714891,88,88,88,88,0.9999999109356924,1.000000005972552,1.0000000105342708,1.0000000618414489,1.000000092025599,2.3731205908118436,23.41823005529501,62.20865040506233,0.10133646245717302,0.038147758798167515,0.37644652154982794,26.213859778520895,0.6969126462936401,24.024884283542633,62.07341331243515,0.007919461889700457,0.2730100486766208,0.7053796967322176,1,25,63,0.011363636363636364,0.2840909090909091,0.7159090909090909,2,False,0.8530685998213369,-0.5173473976709968,0.06801201454089731,0.21359721248883054,0.27549229740673714,0.7382716223710116,0.08511667748333289,0.046646445805286235,0.995591040774195,39,3.190925259633722,24.31091094450836,17:33=17;17:32=7;8:5=7;17:34=6;8:6=6,nan,nan,0
254,1691509857.8732917,389,389,389,389,0.999999881822346,1.0000000016598143,1.0000000012372212,1.000000063581779,1.0000000934680928,11.755657097655758,119.84573966528754,257.3986045283924,0.09808990399231271,0.04567102109661612,0.4656036884305172,21.895722407531032,4.532540321350098,121.52798300981522,259.3376861214638,0.011651774605013104,0.31241126737741703,0.6666778563533773,6,126,264,0.015424164524421594,0.32390745501285345,0.6786632390745502,1,False,0.8712520509238034,-0.4831583647806867,0.08647461074511406,0.23594612443519927,0.31993346713510645,0.6915488723973882,0.13822898567390615,0.07181554988748008,0.9824554863723092,90,3.5909090291814074,36.26702873411767,17:33=64;17:32=32;8:5=29;8:6=28;17:34=26,nan,nan,0
255,1691509857.9721823,556,556,556,556,0.9999998891797018,0.9999999994706109,0.9999999973265818,1.0000000629570094,1.0000001085285128,14.808900154471203,237.6930389904627,303.4980602663855,0.06230262449993499,0.048794052065681,0.7831781158068536,20.49430120404663,5.947238862514496,242.29526215791702,303.55506759881973,0.010696472774306647,0.4357828456077644,0.5459623517964384,9,252,309,0.01618705035971223,0.45323741007194246,0.5557553956834532,1,False,0.8651840203884008,-0.49028441448920745,0.10525114618634022,0.28191638686238807,0.4150636385492567,0.577188338611293,0.22122718609857808,0.14345941790723166,0.9474281808223328,97,3.5398698925785315,34.462435080589835,17:33=71;8:6=71;8:5=49;17:32=36;9:5=29,nan,nan,0
256,1691509858.0682242,536,536,536,536,0.9999998785972902,1.0000000027136424,1.0000000031379437,1.0000000627436032,1.0000001038636577,17.908299652359194,227.4173659581957,290.6743372984699,0.07874640345474379,0.06160949679562051,0.7823785480060431,16.231263879939444,10.632239401340485,230.98698365688324,291.0825758576393,0.019836267539814337,0.43094586503149857,0.5430645071970883,14,240,297,0.026119402985074626,0.44776119402985076,0.5541044776119403,1,False,0.8636415722703948,-0.49455492194707606,0.09766608328504849,0.28529666239696866,0.413417801905145,0.5745998046771482,0.23240943368635408,0.14739658485131074,0.9521879757424125,97,3.492240393410133,32.859483471180944,8:6=74;17:33=66;8:5=56;17:34=40;17:32=24,nan,nan,0
257,1691509858.1632516,552,552,552,552,0.9999998785972902,0.9999999977692315,0.9999999980170008,1.0000000607728103,1.0000000883223485,18.0736169798959,247.9863606846314,285.9400198727049,0.07288149610324914,0.06320772093371865,0.867267061095646,15.820852029273881,9.202552139759064,250.65139430761337,285.6051911711693,0.016671290108259174,0.4540786128761112,0.5174007086434226,13,263,296,0.02355072463768116,0.47644927536231885,0.5362318840579711,1,False,0.8746020879287919,-0.473633170201355,0.10364751745995657,0.2877016747642441,0.44046311104345337,0.5507776461905856,0.24929636139172134,0.19078714129222057,0.9141787799447865,98,3.5305384656430334,34.14234714684809,8:6=75;17:33=66;8:5=59;17:32=30;9:6=28,nan,nan,0
258,1691509858.2580013,548,548,548,548,0.9999998779005281,0.9999999995292687,1.0000000002883283,1.0000000630157453,1.0000001030984802,15.14336215323362,246.78429261156322,286.0723447192819,0.0613627471707414,0.052935428512300105,0.8626639280833965,18.89093992632249,6.998024880886078,244.24724155664444,279.92788457870483,0.012770118395777514,0.44570664517635844,0.5108173076253738,10,261,295,0.01824817518248175,0.4762773722627737,0.5383211678832117,1,False,0.8756511693615051,-0.4729468389343387,0.0977564173742329,0.28426901561689266,0.4452354643194083,0.5520198792152994,0.23348389956729915,0.2201851562488499,0.9023506961404021,100,3.489546063913842,32.771068358841,8:6=87;17:33=72;8:5=50;17:32=31;9:6=29,nan,nan,0
259,1691509858.352905,557,557,557,557,0.9999998916796798,0.9999999974098677,0.9999999971863329,1.0000000587924072,1.000000092025599,13.39408903250863,244.7023554607977,298.9035526212866,0.05473624889015184,0.044810738832131096,0.8186666010317973,22.316079271671367,6.157065689563751,246.60898178815842,301.0497124195099,0.011053977898678189,0.4427450301403203,0.5404842233743445,8,252,306,0.01436265709156194,0.4524236983842011,0.5493716337522442,1,False,0.875097957698852,-0.4710254248923447,0.1110793119184871,0.2784848071188075,0.42807350612894607,0.5628510821935827,0.22446530122322564,0.1556656110778102,0.9446222478428508,89,3.3904765386680276,29.680092612691897,8:6=91;17:33=61;8:5=49;17:32=41;17:34=30,nan,nan,0
260,1691509858.4489262,548,548,548,548,0.9999998972109159,1.0000000003088276,1.000000000853815,1.000000060382051,1.0000000988244224,15.297318976075648,226.7874867748868,305.91519458751304,0.06745221790503826,0.05000509699004032,0.7413410343369191,19.997961411797146,7.993647396564484,229.85100030899048,307.6770819425583,0.014586947803949788,0.41943613195071255,0.5614545290922597,12,237,314,0.021897810218978103,0.4324817518248175,0.572992700729927,1,False,0.8678949492242878,-0.4894320605637417,0.0849388909940593,0.27684695840169254,0.4041206878253669,0.5905629028476065,0.20939017009363203,0.1167817687733529,0.9610367621278507,104,3.5935380746888557,36.362501849670814,8:6=76;8:5=51;17:33=50;17:32=35;17:34=33,nan,nan,0
261,1691509858.5460536,523,523,523,523,0.9999999025547177,1.0000000008645573,1.000000000847608,1.0000000591594902,1.0000001003307555,13.961161240559562,208.11057130065964,300.92826836310803,0.06708530543789493,0.04639365160508502,0.6915620537501246,21.55467322366136,6.859319984912872,211.31255424022675,303.0135523080826,0.013115334579183312,0.4040393006505292,0.5793758170326627,10,218,309,0.019120458891013385,0.4168260038240918,0.5908221797323135,1,False,0.8667309365469391,-0.4892945030754911,0.09679035536960423,0.27192193650173246,0.39022815627495155,0.6058834022014992,0.21588507505962912,0.11509674994483349,0.9637878153887642,99,3.533337615757069,34.238050583412026,8:6=78;17:33=55;8:5=43;17:32=34;17:34=28,nan,nan,0
262,1691509858.6447644,441,441,441,441,0.9999998733370918,1.0000000006130925,1.000000001294831,1.0000000613383946,1.000000091190533,10.114356551919808,191.65892665250902,239.22671733631896,0.05277268702572795,0.04227937692135136,0.801160208134544,23.652193405314673,2.5513886213302612,192.79702579975128,239.93467032909393,0.005785461726372475,0.437181464398529,0.5440695472315055,4,197,244,0.009070294784580499,0.4467120181405896,0.5532879818594104,1,False,0.8732901020583156,-0.47916461414504274,0.08812304010988972,0.2744516756718908,0.4206886036691045,0.5702748385619953,0.2074764356275773,0.1549171120191398,0.9511285180707809,85,3.418060597037471,30.510186059971645,8:6=74;17:33=49;8:5=40;17:34=27;9:6=27,nan,nan,0
263,1691509858.7440386,480,480,480,480,0.9999998733370918,0.9999999979627724,0.9999999950311131,1.000000058981432,1.0000001025806997,15.204532472884964,198.0279470181361,266.7675185532406,0.07677973085027477,0.05699544140659872,0.7423240583864947,17.54526283718234,7.1408180594444275,202.1092123389244,268.86675095558167,0.014876704290509224,0.42106085903942586,0.5601390644907951,10,210,274,0.020833333333333332,0.4375,0.5708333333333333,1,False,0.8670879644384413,-0.49031430672297677,0.08803602983305807,0.27838117245819094,0.40254090665499187,0.5867278971582545,0.2104352252904736,0.1243017170499868,0.956089728824941,93,3.5922961667605757,36.317371000312,8:6=57;17:33=52;8:5=43;17:34=28;9:6=27,nan,nan,0
264,1691509858.8476467,464,464,464,464,0.9999998922015443,1.0000000008133505,1.000000002964383,1.0000000613534652,1.0000001000274001,13.507744477060013,181.02293760880215,269.46931866892743,0.07461896627846573,0.05012720759373633,0.6717756904681556,19.949246088165413,6.112882912158966,183.80809485912323,270.5175143480301,0.013174316621032255,0.39613813547224835,0.5830118843707545,8,191,276,0.017241379310344827,0.41163793103448276,0.5948275862068966,1,False,0.869065421737318,-0.48667619982352,0.08872186464381307,0.2672694554867942,0.38843509013008526,0.6115659979119479,0.19954937738551054,0.12164027592224445,0.9653375083320662,91,3.513928410419181,33.579924739573755,8:6=65;17:33=58;8:5=39;17:34=30;17:32=26,nan,nan,0
265,1691509858.9540348,484,484,484,484,0.9999999053420331,0.9999999988390036,0.9999999995095511,1.0000000601450507,1.0000001257777789,15.561903710577814,199.17907519784197,269.25901996773575,0.07813021370402679,0.057795292103649996,0.739730372715866,17.302447372471125,9.0140740275383,202.47578459978104,270.99280589818954,0.018624119891608056,0.4183383979334319,0.559902491525185,13,210,277,0.026859504132231406,0.43388429752066116,0.5723140495867769,1,False,0.8719267114600354,-0.47946850275473113,0.09926613072254077,0.2737882341658156,0.4045344319304773,0.5850477651009974,0.20702990889370593,0.10522165249833597,0.9589094753912544,88,3.438605715180314,31.143504966072857,8:6=63;17:33=60;8:5=39;9:5=32;17:32=30,nan,nan,0
266,1691509859.0608659,479,479,479,479,0.9999999103256036,0.9999999986198062,0.9999999980396415,1.0000000627616807,1.0000001092266386,13.463499760513184,193.65077916928158,271.8857197479798,0.06952463511000874,0.04951896617811691,0.7122506446781505,20.194282659356354,6.234887480735779,197.19998836517334,273.5294356942177,0.013016466556859663,0.4116909986746834,0.5710426632447133,10,204,278,0.020876826722338204,0.42588726513569936,0.5803757828810021,1,False,0.8751548226014546,-0.47504720609129486,0.09183783785712456,0.2648427514660601,0.3975809698576692,0.5960458046927011,0.19166971876290834,0.10132731583016835,0.9668792682127207,79,3.453752799224663,31.61882905224005,8:6=65;17:33=47;17:32=38;8:5=36;17:34=34,nan,nan,0
267,1691509859.1683369,465,465,465,465,0.9999999004607756,0.9999999988082865,0.9999999994943143,1.0000000601213235,1.0000001017646416,12.72797619051415,173.37554879269615,278.89647390849615,0.07341275213918945,0.0456369204391236,0.6216484072494204,21.912083251408884,6.335706055164337,175.37834131717682,281.28676277399063,0.01362517431218137,0.3771577232627458,0.6049177694064315,9,180,286,0.01935483870967742,0.3870967741935484,0.6150537634408603,1,False,0.8712666824942911,-0.4791802533632063,0.10621041739003421,0.2599594565381635,0.3700570491226508,0.6245543058234269,0.18573268974263787,0.09190847934845495,0.9749601215215632,80,3.4326905228184152,30.95982891851237,8:6=63;17:33=53;17:32=37;8:5=36;17:34=31,nan,nan,0
268,1691509859.2740252,521,521,521,521,0.9999999071532087,0.9999999999732551,1.0000000018584039,1.000000061634039,1.0000001092266386,11.845649687720133,208.4687734248912,300.6855768595209,0.05682217769649793,0.039395470216565705,0.6933115169747134,25.383628993454742,3.46651828289032,211.05385047197342,302.02596801519394,0.006653585955643608,0.4050937629020603,0.5797043531961495,5,217,307,0.009596928982725527,0.4165067178502879,0.5892514395393474,1,False,0.874366336561875,-0.47723002095246037,0.08794894308108436,0.2595331371405581,0.39371859361861483,0.605421033653277,0.17635530749632916,0.11443078372785163,0.9726469882633956,90,3.492786437528562,32.87743109851722,8:6=81;17:33=62;17:32=35;17:34=33;8:5=31,nan,nan,0
269,1691509859.3755305,538,538,538,538,0.9999998891797018,1.0000000004117702,1.0000000011701724,1.0000000637530326,1.0000001014337287,13.728222672993773,227.49513635650177,296.7766414135694,0.060345126022741113,0.04625776007035196,0.7665533758752892,21.617994439833048,6.526375353336334,230.4617874622345,299.2868845462799,0.01213080920694486,0.4283676346881682,0.5562953244354645,10,238,306,0.01858736059479554,0.4423791821561338,0.5687732342007435,1,False,0.8754646222398612,-0.4735603178156786,0.09644853859302568,0.27277807290907286,0.4154908254388627,0.5793809951933825,0.21087975472984447,0.14189508340404353,0.9605890642615171,99,3.5084749526156305,33.39729646736479,8:6=88;17:33=52;8:5=39;17:32=37;17:34=35,nan,nan,0
270,1691509859.4736915,569,569,569,569,0.9999998910376214,1.0000000015437203,1.0000000015991617,1.0000000613669504,1.000000096884248,17.891637601111242,247.1846646193713,303.9236995362713,0.07238166505459302,0.05886884645195625,0.8133115811518721,16.986913457122267,8.276521265506744,250.42513978481293,305.77723801136017,0.014545731573825561,0.44011448116838825,0.5373940914083658,11,259,312,0.019332161687170474,0.45518453427065025,0.5483304042179262,1,False,0.8678762265066778,-0.48749310709491195,0.09561028187113704,0.28685073626555996,0.4235401943770341,0.564921383492873,0.23559991212861667,0.18516078521616966,0.935803123263887,99,3.5293477800161805,34.101718537583906,8:6=85;17:33=62;8:5=45;17:34=34;17:32=31,nan,nan,0
271,1691509859.569461,523,523,523,523,0.9999999072928352,0.999999998232427,0.9999999965679459,1.0000000602680488,1.0000000931063378,13.780544888021797,223.56834368845136,285.6511095746456,0.06163907045456026,0.048242574336721425,0.7826622624409203,20.728578724266317,7.223015666007996,226.03987914323807,286.1860473752022,0.013810737411105153,0.4321986216887917,0.5472008554019162,10,235,294,0.019120458891013385,0.44933078393881454,0.5621414913957935,1,False,0.8653384170004702,-0.4932627282041524,0.088776714445382,0.2849843833583459,0.41755670628603697,0.5771797650030053,0.21514698446136116,0.16934448500261223,0.9582324162469589,89,3.417612468123804,30.496516626499748,8:6=81;17:33=56;8:5=52;17:34=34;17:32=31,nan,nan,0
272,1691509859.6641746,550,550,550,550,0.9999999039649411,0.999999999414117,1.0000000003010443,1.0000000561509428,1.000000117799096,14.960010097663963,242.67381034746407,292.3661789104011,0.06164657849252044,0.05116874377678488,0.8300337995723991,19.543180586225322,5.810877025127411,245.3650929927826,293.53352975845337,0.01056523095477711,0.44611835089596835,0.5336973268335515,8,253,300,0.014545454545454545,0.46,0.5454545454545454,1,False,0.8793096374339124,-0.46985424572305695,0.07779170451827533,0.27659496296090375,0.4326306682654413,0.5625044449998806,0.21851682049937562,0.17647305349394285,0.9367298734885845,104,3.5462288070335686,34.68227699435152,8:6=80;17:33=57;8:5=48;17:32=37;17:34=33,nan,nan,0
273,1691509859.7580519,555,555,555,555,0.9999999048654006,1.0000000017095203,1.0000000019239823,1.0000000638147095,1.0000001013978719,15.097292093896199,229.8694610253155,310.03324877835615,0.06567767648018949,0.04869571942165889,0.7414348684571247,20.53568592633257,6.566334843635559,232.67076909542084,313.0455410480499,0.011831233952496504,0.4192266109827402,0.5640460199063962,9,239,319,0.016216216216216217,0.4306306306306306,0.5747747747747748,1,False,0.868057824260674,-0.4862460617424818,0.10020170247930606,0.2778295074584095,0.4058162265299929,0.5847898551869907,0.2161814275713551,0.1392130166892174,0.9561393331344519,94,3.431464835991199,30.92190511013803,8:6=76;17:33=59;8:5=56;17:32=44;17:34=42,nan,nan,0
274,1691509859.8534744,505,505,505,505,0.9999998922251696,1.000000000528589,1.0000000003774885,1.000000060498793,1.0000000921020409,14.347420087012859,219.19912299174283,271.45345745511935,0.06545382066858599,0.052854070165545726,0.8075016802023383,18.92001877751083,6.7436376214027405,222.130814909935,271.2130272388458,0.013353737864163842,0.43986299982165344,0.537055499482863,9,232,278,0.01782178217821782,0.4594059405940594,0.5504950495049505,1,False,0.8755054636584553,-0.4741809198108664,0.09296579151232866,0.2793894686032603,0.42539422730224324,0.5664509965733245,0.23506684897853528,0.15200693365177478,0.9447130312405327,89,3.4838196863393813,32.58394512837091,8:6=82;17:33=56;8:5=38;17:32=32;17:34=25,nan,nan,0
275,1691509859.9497035,505,505,505,505,0.9999998960168767,0.9999999973858446,0.9999999990032304,1.0000000529617452,1.0000000951732335,13.087575544271502,224.70149737636083,267.21092443907065,0.0582442738347695,0.04897844491854122,0.8409143370468642,20.417144759560163,6.765829801559448,228.63981068134308,268.4718440771103,0.013397682775365244,0.4527521003590952,0.5316274140140798,11,238,275,0.02178217821782178,0.47128712871287126,0.5445544554455446,1,False,0.8810477709311685,-0.46478428799690474,0.08792264195546899,0.2748399084857681,0.43598029061054444,0.5585754852446502,0.20915475333694997,0.1916217165421814,0.9475235605134524,86,3.426482359051191,30.768220613651195,8:6=98;17:33=44;17:32=37;8:5=36;17:34=28,nan,nan,0
276,1691509860.047389,488,488,488,488,0.9999998743414197,1.000000000494901,1.00000000118282,1.0000000577484298,1.0000001020875935,11.1582056499605,215.24280784870143,261.59898698436166,0.05184008590802175,0.042653856494587784,0.8227967941694232,23.444538951053275,3.8379749059677124,218.03673285245895,262.1143371462822,0.007864702676163345,0.44679658371405523,0.5371195433325455,7,226,268,0.014344262295081968,0.46311475409836067,0.5491803278688525,1,False,0.8722250756561715,-0.48147969000598195,0.08602746949858324,0.27753677554090145,0.4261050579075533,0.5657316019434638,0.21551965844879162,0.150606839392877,0.9505098826887114,87,3.460469398454944,31.831914860028494,8:6=87;17:33=48;8:5=36;17:34=30;17:32=29,nan,nan,0
277,1691509860.147515,471,471,471,471,0.999999874208907,0.999999999262156,0.9999999981190305,1.0000000596995626,1.0000001027313132,14.025783928589624,204.53323791576616,252.44097746059532,0.06857459487521497,0.05556064657046011,0.8102220169373758,17.998350662313374,7.047290027141571,203.50649172067642,250.52837425470352,0.014962399208368516,0.43207323082946164,0.5319073763369502,9,214,260,0.01910828025477707,0.4543524416135881,0.5520169851380042,1,False,0.8792328335354453,-0.4670538631303433,0.09386326953742088,0.276582760885844,0.4302181164737512,0.5635309785643952,0.21319933312305805,0.179046379504262,0.95194199377905,88,3.401011940585402,29.99443728349141,8:6=92;17:33=46;8:5=35;17:34=33;17:32=33,nan,nan,0
278,1691509860.2494223,468,468,468,468,0.999999874208907,1.0000000016065664,1.0000000036827683,1.0000000608791997,1.0000001018713205,12.689121304511351,206.68959503572307,248.621285163512,0.06139216297907127,0.05103795234654199,0.8313431205207893,19.593262543334653,5.920572578907013,208.18320006132126,248.22150987386703,0.012650796108775668,0.44483589756692576,0.530387841610827,9,216,254,0.019230769230769232,0.46153846153846156,0.5427350427350427,1,False,0.875365956146071,-0.4758417261254712,0.08549324241369406,0.27780401726174414,0.4310452492237533,0.5597380440815556,0.21127476082731966,0.18952064402767285,0.9389430285107518,88,3.4965686295939395,33.002015309741125,8:6=84;17:33=46;8:5=37;17:32=24;9:6=24,nan,nan,0
279,1691509860.3533351,466,466,466,466,0.9999999104078273,1.0000000021768998,1.0000000013239974,1.0000000570188672,1.000000093259942,14.147378905767166,197.49873243418463,254.35389068891902,0.0716327580000125,0.05562084726696693,0.7764722289061832,17.978870318178295,6.3736021518707275,199.82929974794388,256.57232987880707,0.013677257836632463,0.42881823980245465,0.5505843988815602,8,206,262,0.017167381974248927,0.44206008583690987,0.5622317596566524,1,False,0.8718314506617911,-0.4750125282958042,0.11946974344571289,0.28626113889987687,0.418283597101125,0.5740653731916717,0.25388038331049956,0.16465773684304347,0.945871080672209,91,3.449895445019857,31.497098958026708,8:6=84;17:33=50;8:5=33;17:32=32;9:6=23,nan,nan,0
280,1691509860.4571934,473,473,473,473,0.9999998735922464,0.9999999999110647,1.0000000013659025,1.0000000635550703,1.000000127623195,13.265745973747919,217.82780251299573,241.90645142912382,0.06090015058089968,0.05483833066616105,0.9004629732945221,18.235420149597434,5.424471735954285,221.8619819879532,242.96699744462967,0.01146822777157354,0.46905281604218435,0.5136722990372721,9,229,248,0.019027484143763214,0.48414376321353064,0.5243128964059197,1,False,0.8751299957348851,-0.47342703535071373,0.10007163816034073,0.2884712675001093,0.4451617918777156,0.543121287479144,0.23641672229321992,0.20488876624602725,0.9036180087505279,88,3.4805230660797655,32.476705096674145,8:6=80;17:33=46;17:32=34;8:5=31;9:6=29,nan,nan,0
281,1691509860.5609577,469,469,469,469,0.9999998910376214,0.9999999982193193,1.0000000003918446,1.0000000561895812,1.0000000871915973,13.038851901814011,211.9963188475831,243.96482758032437,0.061505086374581935,0.05344562177726634,0.8689626326474632,18.710606533262574,6.822924435138702,214.6176929473877,245.92968732118607,0.014547813294538811,0.45760702120978186,0.5243703354396292,10,222,253,0.021321961620469083,0.47334754797441364,0.5394456289978679,1,False,0.8735593619097858,-0.47551006301822824,0.1038471048617548,0.2883685545486353,0.4397665775065764,0.5525206587778609,0.2560699545159045,0.22802502576066763,0.9080648190927645,92,3.494262891042924,32.926008949850846,8:6=92;17:33=44;8:5=34;17:32=25;17:34=21,nan,nan,0
282,1691509860.6631446,483,483,483,483,0.9999998910376214,0.999999998837094,1.0000000005384257,1.00000006095545,1.0000000903763693,10.610367755902141,224.25804915419644,248.13158196653438,0.04731320813642953,0.042761053114686406,0.9037868028602752,23.385766419689674,3.025535464286804,226.4724199771881,249.04156577587128,0.006264048580303942,0.46888699788237703,0.5156140078175389,5,233,255,0.010351966873706004,0.4824016563146998,0.5279503105590062,1,False,0.875078435188087,-0.4731797615818799,0.10167913010094072,0.2852151715548523,0.4477977265921034,0.5436380482346891,0.24678182577244412,0.22516238268315275,0.9169923430441405,83,3.392934871851718,29.75314592715937,8:6=82;17:33=60;8:5=49;17:32=28;9:6=22,nan,nan,0
283,1691509860.7645125,484,484,484,484,0.9999998973758677,0.9999999989765885,0.9999999993057296,1.0000000575302936,1.000000111205764,14.369525530924145,210.88430362986168,258.74616984855186,0.06813937919317666,0.05553522024822571,0.8150238658732437,18.006591052134144,7.782213866710663,212.9311592578888,261.167255461216,0.016078954270063353,0.4399404116898529,0.5396017674818512,11,219,267,0.022727272727272728,0.4524793388429752,0.5516528925619835,1,False,0.8695412725384455,-0.4836142648404671,0.10007606204800283,0.29018914154465963,0.42470680358602353,0.567258237243909,0.24646713072045806,0.16820855372860538,0.9359043384619606,92,3.4976279995479596,33.036995178221815,8:6=96;17:33=44;8:5=34;17:32=30;9:6=27,nan,nan,0
284,1691509860.8646452,515,515,515,515,0.9999998976151344,1.0000000014106682,1.0000000022831075,1.0000000633521613,1.0000000958760595,12.966364398535335,244.73291231334105,257.30072474111256,0.052981694517384714,0.050393812188370864,0.9511551611818551,19.843706133245565,4.800841212272644,246.50700533390045,256.90638983249664,0.009322021771403193,0.4786543792891271,0.4988473588980517,8,256,265,0.015533980582524271,0.4970873786407767,0.5145631067961165,1,False,0.8724862915638232,-0.4748753215917997,0.11515684945452641,0.29554143110016007,0.4597687851108017,0.5319811337830835,0.2725302951204438,0.32399972512832276,0.7494683204694007,96,3.475022695667434,32.29856156570424,8:6=100;8:5=46;17:33=45;17:32=31;9:6=26,nan,nan,0
285,1691509860.9638598,521,521,521,521,0.9999998858422516,1.0000000000984572,0.9999999989355182,1.0000000601685701,1.0000001068552336,13.420961668769754,237.9208301518834,269.65820828193955,0.056409359618500444,0.04977026938760027,0.882305165741985,20.09231640303597,5.855943381786346,239.98067265748978,272.4016580581665,0.011239814552373027,0.46061549454412626,0.5228438734321814,9,246,279,0.01727447216890595,0.472168905950096,0.5355086372360844,1,False,0.8725671998048001,-0.4783437169088366,0.09906447556338616,0.28998498316279964,0.44057725763151523,0.5512414040391133,0.25658223120763446,0.2157763441983108,0.9036175021100037,101,3.463566741059946,31.930662054124443,8:6=101;17:33=53;8:5=44;17:32=31;9:6=31,nan,nan,0
286,1691509861.0636115,523,523,523,523,0.9999998941753772,0.9999999988058135,0.9999999986303194,1.000000060457504,1.0000001034390038,13.322847047231221,235.78540668621974,273.89174501743,0.05650412056655015,0.04864274768990711,0.8608708037959112,20.558049195224434,4.9201884269714355,236.60488241910934,272.6406620144844,0.009407626055394714,0.4523993927707636,0.5213014570066623,7,248,283,0.01338432122370937,0.47418738049713194,0.5411089866156787,1,False,0.8740912207192528,-0.4783752805831703,0.08438974338448764,0.28603626747123645,0.4393917291748129,0.5544831777863728,0.2503169087244466,0.21563772383136637,0.9273545428754426,93,3.46078770686663,31.842048839068333,8:6=95;17:33=55;8:5=39;17:34=30;9:6=30,nan,nan,0
287,1691509861.1628957,535,535,535,535,0.9999998994776258,1.0000000007441776,1.0000000000436524,1.0000000579616393,1.0000001113227655,12.525322138039536,244.2082707258383,278.26640793239255,0.05128950833979393,0.04501198053730827,0.8776060054836766,22.216307482207945,4.064178109169006,246.18172150850296,280.7707708477974,0.007596594596577582,0.4601527504831831,0.5248051791547614,6,253,289,0.011214953271028037,0.47289719626168225,0.5401869158878505,1,False,0.8723682646306758,-0.4800388714003513,0.09239206031873162,0.28761028505192243,0.4429596013068259,0.5509147187098965,0.256580023092599,0.24234911257833547,0.9273545215860696,102,3.4515947402614535,31.550667329759413,8:6=109;17:33=48;8:5=46;17:34=33;17:32=33,nan,nan,0
288,1691509861.2619991,560,560,560,560,0.9999998994457442,0.9999999996130015,0.9999999985659485,1.0000000637605266,1.0000000937052316,16.564962564059535,257.36124076248984,286.07379624001265,0.06436463592956793,0.057904508493192154,0.8996323471254484,17.269812420868234,7.493382394313812,258.3314097523689,284.7584064602852,0.013381039989846093,0.4613060888435159,0.5084971543933664,10,272,296,0.017857142857142856,0.4857142857142857,0.5285714285714286,1,False,0.8788376712693133,-0.4672020053489217,0.09678137091339874,0.28720929539867934,0.45126696037374836,0.5418984992896128,0.247989772862502,0.22116893569952073,0.8948678371646539,95,3.4331194680018866,30.973111836626273,8:6=121;17:33=54;8:5=42;17:32=31;9:6=30,nan,nan,0
289,1691509861.3597627,540,540,540,540,0.999999874208907,0.9999999995609395,1.000000000377981,1.0000000626937904,1.0000000896275505,13.8734820934456,254.2461488636105,271.88036856875897,0.054567127783272676,0.0510278920338339,0.9351397829936046,19.59712541793717,4.942528009414673,244.8434403538704,262.2036741375923,0.009152829647064209,0.45341377843309333,0.48556235951405985,8,272,289,0.014814814814814815,0.5037037037037037,0.5351851851851852,1,False,0.8813151487120371,-0.4644431409112452,0.08704124028974586,0.28522179711373435,0.46068672105025416,0.533282624188112,0.24739435178210803,0.3368398889374637,0.774184931641799,101,3.517981444648278,33.71630150711785,8:6=100;8:5=45;17:33=43;17:32=33;9:6=33,nan,nan,0
290,1691509861.4586585,535,535,535,535,0.9999998910376214,1.00000000092163,1.0000000003283045,1.0000000591295481,1.000000092275455,15.395279361016804,252.4974160248642,267.10730560026354,0.06097202737116638,0.057637058359071756,0.945303294709342,17.349948600258596,8.739481449127197,342.516864836216,359.65224254131317,0.016335479344162986,0.6402184389461981,0.6722471823202115,12,492,506,0.022429906542056073,0.9196261682242991,0.9457943925233645,1,False,0.8778790748289078,-0.4669782532738428,0.10611145530456054,0.3009383647697875,0.47198665548203406,0.5143084711583129,0.29702293506963473,0.5800960729472588,0.38237822115438314,89,3.3283366962879075,27.891910381171638,8:6=118;8:5=47;17:33=45;17:32=33;17:34=30,nan,nan,0
291,1691509861.5579257,556,556,556,556,0.9999998858422516,0.999999998756547,0.9999999993899904,1.0000000583846418,1.000000096107953,11.882563274675892,263.4401007752202,280.6773345673847,0.045105370213985266,0.04233531465228853,0.9385870119554444,23.620941717648076,3.646206259727478,262.74451518058777,279.80300426483154,0.006557924927567406,0.4725620776629276,0.503242813425956,6,276,294,0.01079136690647482,0.49640287769784175,0.5287769784172662,1,False,0.8785861715654354,-0.4667664957859047,0.10107115090735953,0.2857048541566464,0.45969740158351274,0.5363597583997489,0.24417086876270094,0.34722611016923266,0.7675999861427502,94,3.3879651064670364,29.60564659456895,8:6=123;17:33=43;8:5=42;17:34=37;17:32=34,nan,nan,0
292,1691509861.6575103,544,544,544,544,0.9999998965872554,0.9999999967813459,0.9999999981817784,1.0000000545249492,1.0000001062419572,13.309122005031622,257.21163042254733,273.47924407052585,0.051743857706462934,0.048665930938435006,0.9405160939973076,20.54825584791655,5.347046494483948,249.93584793806076,263.86967343091965,0.009829129585448433,0.45944089694496465,0.48505454674801407,8,269,282,0.014705882352941176,0.4944852941176471,0.5183823529411765,1,False,0.8796151240769716,-0.46597042986696113,0.09564931774274839,0.29064898435940856,0.45844934044247815,0.530128385290043,0.2742837754368824,0.2874984197761382,0.8661628265535224,83,3.322653571062676,27.733846734879148,8:6=120;17:33=60;17:34=35;8:5=35;9:5=26,nan,nan,0
293,1691509861.7581353,554,554,554,554,0.9999998825724525,0.999999999681672,1.0000000007784169,1.0000000585640592,1.0000000882555145,12.471315709261209,266.0112859845221,275.5173979535093,0.046882656362132145,0.04526507509832687,0.9654972352396007,22.092087505162738,5.834401428699493,265.8891887664795,275.0970627069473,0.01053141052111822,0.47994438405501716,0.4965650951388941,9,275,284,0.016245487364620937,0.4963898916967509,0.5126353790613718,1,False,0.8821361445554504,-0.4602794401399988,0.09989324027808269,0.29333815732178603,0.4779390690317195,0.5133812691501254,0.2770180345035106,0.6862227519397621,0.44470465990538527,92,3.3319988547790342,27.994242240984647,8:6=123;17:33=48;8:5=48;17:34=34;9:6=30,nan,nan,0
294,1691509861.8589087,535,535,535,535,0.9999998926050422,1.000000001793316,1.000000001715159,1.000000062190839,1.0000001057886787,13.220424110946109,251.93243235720428,269.8471454506979,0.05247607061643192,0.04899226963792926,0.9336116264503279,20.411383416003474,7.443173408508301,248.17329877614975,265.46343636512756,0.013912473660763178,0.4638753248152332,0.49619333900023843,11,260,277,0.020560747663551402,0.48598130841121495,0.5177570093457944,1,False,0.8811883205317591,-0.46111250299220674,0.10431875834517718,0.29736947667793967,0.48309116243703587,0.5050940410682687,0.30384007306885613,0.6891601944779847,0.30249851595323324,91,3.263925986494485,26.152008292083313,8:6=123;17:33=49;8:5=47;17:34=41;9:6=28,nan,nan,0
295,1691509861.9592118,555,555,555,555,0.9999999064196015,0.99999999970608,1.00000000061235,1.0000000531513173,1.000000111681633,12.13481028971282,266.5326553327287,276.33253405130785,0.04552841855180637,0.04391379513589847,0.9645359213593013,22.77188744232502,4.292881369590759,263.4831591248512,270.48150277137756,0.007734921386650016,0.4747444308555878,0.48735405904752716,6,280,285,0.010810810810810811,0.5045045045045045,0.5135135135135135,1,False,0.881193371685938,-0.46317812065192165,0.09467983019694276,0.2897146581532594,0.4635712421686149,0.5269017952433259,0.26994865678594515,0.35849031383472657,0.8361650932107197,89,3.308423738127617,27.341993345445154,8:6=128;17:33=53;8:5=39;17:34=38;9:5=25,nan,nan,0
296,1691509862.0593517,534,534,534,534,0.9999998988875606,1.0000000003728162,0.9999999994005291,1.0000000605359871,1.0000000961508082,10.10389011005278,249.91951306183086,273.9765972262846,0.040428576329504314,0.03687866121538734,0.9121929230160328,27.115951800949805,3.072470486164093,250.75564074516296,275.4984818100929,0.005753690048996429,0.46957985158270216,0.5159147599439943,5,258,283,0.009363295880149813,0.48314606741573035,0.5299625468164794,1,False,0.883198722711299,-0.45681578783015203,0.10620429459418224,0.28147545327584084,0.4538239053837441,0.5397612425617834,0.26330327690201993,0.2464040459724396,0.910533584976808,92,3.308888949888426,27.35471612147648,8:6=118;17:33=42;17:34=37;9:6=37;8:5=37,nan,nan,0
297,1691509862.1601248,559,559,559,559,0.999999897558797,0.9999999989368838,0.9999999987161683,1.000000056487429,1.0000000908296385,10.348358330400712,261.36566078104266,287.28597969999305,0.039593412154743546,0.036021104619192675,0.909775203976127,27.761502890368956,1.8220826983451843,262.6187215447426,288.49297827482224,0.0032595397108142834,0.4698009329959617,0.5160876176651561,3,269,295,0.005366726296958855,0.481216457960644,0.5277280858676208,1,False,0.8851466337873842,-0.45450377025297845,0.09970837237007771,0.2767215121921595,0.4531552829782373,0.5417340143541082,0.228357607034601,0.24234914902110088,0.8936305464945703,86,3.264900595471981,26.177508698588387,8:6=126;17:33=57;17:34=44;9:6=39;8:5=35,nan,nan,0
298,1691509862.2603362,536,536,536,536,0.9999999109486906,0.9999999992586717,0.9999999990063378,1.000000061194065,1.0000000975232868,12.344804316450888,254.1197344469248,269.5354604419207,0.048578692022162535,0.04580029765364004,0.9428063158379205,21.833919236997,6.76203066110611,250.90281909704208,263.22660821676254,0.012615728845347219,0.46810227443478003,0.4910944183148555,10,265,275,0.018656716417910446,0.4944029850746269,0.5130597014925373,1,False,0.8802684564761369,-0.4661006550908761,0.0887559792745008,0.28509528949904417,0.45526714314290945,0.5297649043378093,0.23585242907819481,0.2881611469696439,0.8455561583785787,91,3.2573499369698613,25.980595617225507,8:6=121;17:33=56;8:5=47;17:34=38;17:32=30,nan,nan,0
299,1691509862.3610594,576,576,576,576,0.9999999021821323,1.0000000014749133,0.9999999997258338,1.000000063877125,1.000000127623195,11.869144873991042,276.74527310226443,287.3855837228448,0.042888338221426785,0.0413004184838919,0.962975489296492,24.212829717210315,4.430535852909088,265.0549128651619,269.73576855659485,0.007691902522411611,0.46016477927979493,0.4682912648551994,7,300,300,0.012152777777777778,0.5208333333333334,0.5208333333333334,1,False,0.8818991400619187,-0.456142871716859,0.11911165912682438,0.28855657703532905,0.4672299937149951,0.5228381962500784,0.26848715513042376,0.3673239717656826,0.6723734869729472,86,3.276701560576505,26.488258532924036,8:6=129;17:33=53;8:5=44;17:34=39;9:5=32,nan,nan,0
300,1691509862.4621637,576,576,576,576,0.9999998882286103,0.9999999990760029,0.9999999984900427,1.0000000572181555,1.000000097940214,10.585451202527247,275.50042339498407,289.9141243380443,0.03842263134148045,0.03651236802172649,0.9502828605678637,27.38797985945352,2.9147496223449707,260.68894296884537,276.2719107270241,0.0050603292054600185,0.4525849704320232,0.47963873390108347,4,296,314,0.006944444444444444,0.5138888888888888,0.5451388888888888,1,False,0.8745953738487803,-0.4738198023378713,0.1028480770593833,0.29255208089397017,0.4602846337708232,0.5292866892657406,0.27148640735782303,0.24929818978203383,0.8123089524239346,82,3.2343860746854456,25.390778950967963,8:6=131;8:5=55;17:33=45;17:34=40;17:32=35,nan,nan,0
301,1691509862.5624933,569,569,569,569,0.9999999136067996,0.9999999993183005,0.9999999976775715,1.0000000646397615,1.0000001017531277,12.04096768956423,273.49398764907676,283.46504388558543,0.044026443846415124,0.04247778676521507,0.9648243885742283,23.541716180441327,3.3195557594299316,376.29357635974884,387.571166574955,0.005834017151897947,0.6613243872754813,0.6811444052283919,5,540,547,0.008787346221441126,0.9490333919156415,0.961335676625659,1,False,0.8769860393952627,-0.47075745788348305,0.0963478206961201,0.29291689602266785,0.4633080589091924,0.5242457779057956,0.2734124615366139,0.42405506521532216,0.563897539404596,89,3.3142819663802694,27.502639073585932,8:6=125;8:5=54;17:33=50;17:34=43;9:6=28,nan,nan,0
302,1691509862.6619794,581,581,581,581,0.9999999110654276,1.0000000003480594,1.0000000003374157,1.0000000576692332,1.0000001325729095,12.024388906864838,269.19059681610406,299.7850146814766,0.04466868103524146,0.04011003992191146,0.8979454730321351,24.931413729501585,4.810041666030884,268.06782591342926,297.5822722911835,0.00827890131846968,0.46139040604721043,0.5121897974030697,7,279,308,0.012048192771084338,0.4802065404475043,0.5301204819277109,1,False,0.8767019161592426,-0.4665995922649667,0.11695542185328117,0.2902955743366792,0.4498607555783208,0.5443841670401525,0.27713325974112263,0.21852959059971871,0.9165710815838588,92,3.3570287722485888,28.70377858888166,8:6=125;17:33=48;9:6=40;8:5=39;17:32=36,nan,nan,0
303,1691509862.761303,576,576,576,576,0.9999998729503694,0.9999999970114057,0.9999999960480103,1.0000000569064051,1.000000108234299,13.06525563365398,274.9119301813942,288.02281074209156,0.047525240629001354,0.045361878109554284,0.9544797145513679,22.044942618664997,5.163064062595367,364.71560972929,380.253230035305,0.00896365288645029,0.633186822446684,0.6601618577001823,8,522,534,0.013888888888888888,0.90625,0.9270833333333334,1,False,0.883279210260149,-0.45692212967724366,0.10507142396207937,0.2898255540261011,0.46947581577315334,0.5247007472735987,0.27906663768663886,0.45556752072346696,0.6375596350490915,97,3.339966965838713,28.21819452562262,8:6=128;17:33=55;17:34=48;8:5=43;9:6=31,nan,nan,0
304,1691509862.8616443,579,579,579,579,0.9999998982550743,0.9999999994982676,0.999999999935417,1.0000000583624757,1.0000000916509741,10.60415876603012,279.5996509190395,288.7961897339244,0.03792622319510923,0.036718485710632166,0.9681556088972022,27.234238576195995,3.049202263355255,396.63665503263474,402.71960985660553,0.00526632515259975,0.6850374007472102,0.6955433676279889,5,568,567,0.008635578583765112,0.9810017271157168,0.9792746113989638,1,False,0.8794364451758939,-0.46399493851965806,0.10630256781717773,0.29174849061296776,0.47116427540437295,0.5184357493642315,0.2974105544730057,0.5223143833290317,0.49797773100513165,85,3.2519923320330806,25.84177405748327,8:6=134;17:33=52;17:34=47;8:5=47;9:6=32,nan,nan,0
305,1691509862.9610434,594,594,594,594,0.9999998760803219,0.9999999979663474,0.9999999968739637,1.000000061061016,1.000000103718125,11.821328540791527,279.0233999900433,303.1552690531862,0.04236679984980959,0.038994303406672995,0.920397659131865,25.644771482925698,5.341476559638977,279.22342509031296,302.6802940964699,0.008992384780536999,0.4700731062126481,0.5095627846741917,8,291,314,0.013468013468013467,0.4898989898989899,0.5286195286195287,1,False,0.8764803337526095,-0.4703003636410483,0.10295529371533994,0.288957889305999,0.45372036353725553,0.5390591843715655,0.27021514999573465,0.3268429235207765,0.8895587381768206,95,3.334520319915495,28.064917812366534,8:6=131;17:33=58;17:34=45;8:5=45;9:6=38,nan,nan,0
306,1691509863.0608668,606,606,606,606,0.9999998614051364,0.9999999999001805,0.9999999997012357,1.000000060980132,1.0000001074062053,11.877722312206092,287.89272446641326,306.2295531003997,0.04125745912551464,0.03878698901510623,0.9401206433267576,25.781841421372864,4.245736837387085,273.07856887578964,294.5978709459305,0.007006166398328523,0.45062470111516445,0.48613510057084236,6,320,345,0.009900990099009901,0.528052805280528,0.5693069306930693,1,False,0.8795014511127701,-0.46513493667295935,0.1006314472556862,0.2881631150531179,0.4639253058434015,0.528361441489648,0.26462806089118374,0.3931441822835788,0.8089280829673082,92,3.2739072569246344,26.41434561104105,8:6=140;17:33=54;17:34=51;8:5=50;9:6=36,nan,nan,0
307,1691509863.1609468,635,635,635,635,0.9999998941753772,0.9999999989093927,0.9999999990674777,1.0000000615286713,1.0000001068533535,13.117658414122708,299.4732243600345,322.40911584077156,0.04380244157772288,0.04068637569354936,0.9288609088458144,24.57825212872292,4.256491541862488,288.89702624082565,310.56163597106934,0.0067031362863976185,0.4549559468359459,0.48907344247412493,7,315,336,0.011023622047244094,0.49606299212598426,0.5291338582677165,1,False,0.878229561402331,-0.46741602808549454,0.10116864221610028,0.2889666606508403,0.4586244758286075,0.5356021517348291,0.25945748802696655,0.3259468405952993,0.8527507526210935,96,3.338726331377004,28.183207768422825,8:6=145;17:33=54;17:34=47;8:5=46;9:6=39,nan,nan,0
308,1691509863.2603,635,635,635,635,0.9999998641574276,0.999999998983408,0.9999999976043523,1.0000000601619772,1.0000001068533535,11.125370536866042,299.1562468408251,324.71838133123725,0.03718916336982134,0.034261597668896124,0.9212790653069409,29.187196979662012,2.6895898580551147,282.7929509282112,312.8287197947502,0.004235574579614354,0.4453432298082066,0.4926436532200791,4,327,361,0.006299212598425197,0.5149606299212598,0.568503937007874,1,False,0.8840508870852161,-0.45533480148039956,0.10547154879230505,0.2807393660934929,0.4608040215868247,0.5334547887400919,0.2552671974920208,0.25615510461047075,0.8815094824167599,95,3.257463720412414,25.983551947021912,8:6=153;17:34=61;17:33=59;8:5=41;9:6=36,nan,nan,0
309,1691509863.3599117,611,611,611,611,0.9999998768388612,0.9999999991347036,0.9999999997892318,1.0000000591657545,1.0000001119546305,10.714374093297618,285.51502957981944,314.77059526949114,0.03752648016136144,0.034038675322021414,0.9070575011473847,29.37834655842342,5.2964760065078735,272.649614572525,301.5373381972313,0.008668536835528434,0.4462350484002046,0.49351446513458475,8,298,327,0.01309328968903437,0.4877250409165303,0.5351882160392799,1,False,0.8794377363516946,-0.4630979222158895,0.11013438300518612,0.28284959345915883,0.45356957020085736,0.5364514357275937,0.2536247668139136,0.21290784237703253,0.9186131800996742,78,3.069317691563876,21.52720946629725,8:6=150;17:33=67;17:34=62;8:5=49;9:6=31,nan,nan,0
310,1691509863.4596791,650,650,650,650,0.9999999024749122,1.0000000022735247,1.0000000013248052,1.0000000602316124,1.000000117310573,10.712049582637105,310.06120211322946,329.22675125971625,0.03454817793915807,0.03253699628493044,0.9417861729851724,30.734244527149286,2.6030571460723877,429.5767003297806,446.2219532728195,0.004004703301649828,0.6608872312765856,0.6864953127274146,4,621,627,0.006153846153846154,0.9553846153846154,0.9646153846153847,1,False,0.8771948875566561,-0.46759633537510487,0.10900824000155998,0.2904326974132017,0.46680290674676644,0.5254057465027829,0.30563906145213915,0.4211470365426646,0.6722221198794356,89,3.2121904833790884,24.83342389226361,8:6=139;17:33=68;8:5=61;17:34=53;9:6=40,nan,nan,0
311,1691509863.5601485,618,618,618,618,0.999999892073868,0.9999999993149259,0.9999999990113371,1.0000000581105863,1.000000127623195,11.729906420782282,295.33993215049543,310.93016058197094,0.03971662868401118,0.03772521262918754,0.9498593883517278,26.507471537120296,5.439855575561523,279.5947881937027,294.7123181819916,0.008802355300261364,0.4524187511224963,0.47688077375726795,8,316,331,0.012944983818770227,0.511326860841424,0.5355987055016181,1,False,0.8815067271816698,-0.46011912137936656,0.10600133996578162,0.2867314006964308,0.46359363996530684,0.5289462943620554,0.2694491502423123,0.38975689860421997,0.7255379233848651,87,3.158323995101008,23.53112458114465,8:6=145;17:33=69;17:34=51;8:5=51;9:6=33,nan,nan,0
312,1691509863.65938,608,608,608,608,0.9999998863790305,1.0000000014473296,1.0000000002024536,1.0000000592244587,1.0000001011897943,10.101917062591847,283.2200976397671,314.677987057594,0.035668079867130977,0.03210239507710764,0.900031490248254,31.150323756158134,1.1379493474960327,279.69576781988144,307.06932932138443,0.0018716272162763697,0.4600259339142787,0.5050482390154349,2,296,322,0.003289473684210526,0.4868421052631579,0.5296052631578947,1,False,0.877600554052272,-0.4668710771845095,0.10885157240812461,0.28551661341706236,0.4505658865775667,0.543279796138242,0.2608064998598856,0.2098083107749421,0.9114526662387619,81,3.2746259936951128,26.43333739672962,8:6=136;17:34=60;17:33=55;8:5=44;9:6=27,nan,nan,0
313,1691509863.760311,594,594,594,594,0.9999998904467446,0.9999999972630322,0.9999999974168763,1.0000000569730345,1.0000001123990911,11.087009170806544,280.58994121018526,302.3230463674912,0.03951320964318336,0.03667272245374784,0.9281129724695613,27.26822371208503,3.1713728308677673,275.7782741189003,295.2689717411995,0.005339011499777386,0.4642731887523574,0.49708581101212035,4,291,309,0.006734006734006734,0.4898989898989899,0.5202020202020202,1,False,0.8786663578515733,-0.46463036798854546,0.10983648174755006,0.28759384756206247,0.4575948732584465,0.5329707831592767,0.2589572773695181,0.2513473082527641,0.9042304711604185,83,3.1355329577606437,23.000891079385273,8:6=149;17:33=64;17:34=55;8:5=43;9:6=29,nan,nan,0
314,1691509863.8599946,591,591,591,591,0.9999998970781359,1.0000000006207832,1.0000000002059917,1.0000000609760442,1.000000117310573,10.306369433041441,282.9586501720913,297.7349811286329,0.03642358848818814,0.03461591712862485,0.950370860351953,28.888444477268308,2.5614230036735535,373.90544360876083,394.8774548768997,0.004334049075589769,0.6326657252263297,0.6681513618898473,4,533,557,0.00676818950930626,0.9018612521150592,0.9424703891708968,1,False,0.8782691786405139,-0.46639191301445587,0.10546010300029586,0.2946991321705167,0.4744530740276288,0.5182468869863281,0.27621481205434106,0.6461855508365031,0.4346047349791014,93,3.219006044923294,25.00325571335231,8:6=145;17:33=65;8:5=50;17:34=36;9:5=28,nan,nan,0
315,1691509863.9596689,567,567,567,567,0.9999998964193147,1.0000000000273832,0.9999999973954422,1.000000066888524,1.0000001322607865,10.916050347525156,273.2845811670054,282.7993685165225,0.03994389402033007,0.03859998133937625,0.9663549908211297,25.90674827554617,4.011620938777924,260.6106573343277,267.7128572463989,0.0070751692041938685,0.45963078894943155,0.4721567147202803,6,298,305,0.010582010582010581,0.5255731922398589,0.5379188712522046,1,False,0.8751213931253469,-0.47309629627299504,0.1016977961763519,0.2949595927270642,0.46439237200084654,0.5287778815574333,0.296059813234731,0.41431586428547995,0.7224160577020048,90,3.206142310287637,24.683680340044344,8:6=138;17:34=52;17:33=51;8:5=41;17:32=30,nan,nan,0
316,1691509864.0592942,585,585,585,585,0.9999998977855494,0.9999999994335464,0.9999999980108554,1.000000054402957,1.0000001216290262,8.3164249425751,284.42182734910017,292.26174704557417,0.029239756386093028,0.02845540008791595,0.9731750057072933,35.142714455266656,1.7129590511322021,281.86752182245255,290.1818923354149,0.0029281351301405165,0.481824823628124,0.496037422795581,3,343,353,0.005128205128205128,0.5863247863247864,0.6034188034188034,1,False,0.8748643770453238,-0.46866369857891416,0.12233829903766823,0.2980772124663044,0.47309388740340313,0.5164593961888438,0.314157412518303,0.49934009061609347,0.48829961049457854,79,3.1482348852493205,23.2949100810207,8:6=151;17:34=45;17:33=45;8:5=43;9:6=32,nan,nan,0
317,1691509864.1594353,588,588,588,588,0.9999999070443655,0.9999999996547164,0.9999999986845041,1.000000057510981,1.0000001119546305,10.817216693528483,282.42591962180904,294.75686327860916,0.03830107628936325,0.03669877801387738,0.9581657114964455,27.24886369845495,1.6822887063026428,276.19271808862686,283.51472783088684,0.0028610352148004128,0.46971550695344705,0.48216790447429736,2,296,301,0.003401360544217687,0.5034013605442177,0.5119047619047619,1,False,0.8786932841539419,-0.4650729370486711,0.10772778475250816,0.29033243396904557,0.4641776035933846,0.5283728995451185,0.266020508234703,0.3387061765124509,0.813201177216261,87,3.2549452875305764,25.918196446675257,8:6=140;17:33=55;17:34=47;8:5=47;9:6=26,nan,nan,0
318,1691509864.2598288,637,637,637,637,0.999999905289028,0.999999999179206,0.9999999998966752,1.000000058140346,1.0000001061276624,13.002250603127004,307.3886139359993,316.6091344151823,0.04229906383531231,0.04106719986820288,0.9708772758681946,24.350333190704593,6.051526486873627,432.7745949625969,439.8789212703705,0.009500041580649335,0.6793949685441082,0.690547757096343,9,620,621,0.0141287284144427,0.9733124018838305,0.9748822605965463,1,False,0.8744804381640364,-0.46934832056904124,0.12245863484236459,0.3011756137263096,0.4687115136907743,0.5157508644330978,0.30460648525241835,0.41552342723876273,0.5738803798655869,83,3.191046927169119,24.3138689730706,8:6=148;8:5=63;17:33=57;17:34=52;9:6=30,nan,nan,0
319,1691509864.360524,613,613,613,613,0.9999999044050241,0.9999999982288741,0.9999999976692648,1.0000000596182834,1.0000001119546305,9.707529850114778,291.3680190649953,311.92444891348987,0.0333170739920819,0.031121413803658255,0.9340980486778201,32.13221630318261,2.3002253770828247,290.0287402868271,309.18007630109787,0.0037524068141644774,0.47313008203397566,0.5043720657440423,4,299,318,0.0065252854812398045,0.48776508972267535,0.5187601957585645,1,False,0.8762145462856297,-0.4657973601695208,0.12361588949877848,0.2915794041001262,0.45596410721017966,0.5344154913118803,0.28172019284819905,0.3062273382869521,0.8998071314548186,84,3.0753588684649618,21.657652765674097,8:6=150;17:34=72;17:33=58;8:5=49;9:6=40,nan,nan,0
320,1691509864.4620936,641,641,641,641,0.9999998970781359,0.9999999999626371,0.9999999995914207,1.0000000603996853,1.0000000925104575,11.123226430364165,300.6025918340381,329.2741816876988,0.03700309555715763,0.03378104646210624,0.912924877053208,29.602398526100906,2.9382194876670837,298.7041434645653,326.75464963912964,0.00458380575299077,0.4659971036888694,0.509757643742792,4,309,337,0.0062402496099844,0.48205928237129486,0.5257410296411856,1,False,0.8772638334227886,-0.467464625102508,0.1090183050965541,0.28833542838144627,0.451246610952727,0.5392558168703789,0.2728903143914913,0.21680992579709504,0.9175043247213207,92,3.2128088051818535,24.84878368785239,8:6=155;17:34=56;17:33=55;8:5=45;17:32=34,nan,nan,0
321,1691509864.5633678,687,687,687,687,0.9999998973467791,0.9999999990832596,0.9999999986222887,1.0000000599734131,1.0000001222738562,11.330472237082299,325.2423157509423,350.4272107523741,0.034837017473946186,0.03233331171045637,0.9281308807402275,30.92785573451194,2.126480996608734,313.7319039106369,334.270576775074,0.003095314405544009,0.4566694380067495,0.48656561393751674,4,343,361,0.005822416302765648,0.4992721979621543,0.5254730713245997,1,False,0.8787572093605548,-0.4631084281521122,0.1153964937566567,0.2972318513656137,0.4836266835834178,0.5067726645426167,0.31782909329986475,0.6916563048992231,0.298539901518415,92,3.108290715589063,22.38275319367968,8:6=194;17:34=61;17:33=54;8:5=52;17:32=37,nan,nan,0
322,1691509864.6649418,696,696,696,696,0.999999901182735,0.9999999981140405,0.9999999985077543,1.0000000584212128,1.0000001008683483,10.168483434029335,328.51359721213953,357.31791672857594,0.03095300626921381,0.028457804543155524,0.9193874189680877,35.13974517899039,2.9697763323783875,321.17396116256714,346.7148483991623,0.0042669200177850395,0.46145684075081483,0.49815351781488837,5,340,364,0.007183908045977011,0.4885057471264368,0.5229885057471264,1,False,0.8708422714370251,-0.47964760077518226,0.10757284670870326,0.2919191473279746,0.45028505516136463,0.5365572074436132,0.3042521175237513,0.22455277997527656,0.9123946088019079,82,3.0950665182167905,22.088707790132453,8:6=178;17:33=72;17:34=66;8:5=54;17:32=35,nan,nan,0
323,1691509864.7665527,751,751,751,751,0.9999998923656529,1.0000000003183265,0.999999998802644,1.0000000620070824,1.000000106307663,13.952800338056624,361.9493179227601,375.09788221730946,0.03854904443012143,0.0371977582373371,0.9649463115685312,26.883340485724595,4.852068781852722,372.6727591753006,425.804724752903,0.00646081062829923,0.49623536508029376,0.566983654797474,8,471,564,0.010652463382157125,0.6271637816245007,0.7509986684420772,1,False,0.8785728564047264,-0.4642950130625699,0.11198159149640659,0.29291997398704633,0.4685571489334797,0.524260316643514,0.30547324500170847,0.3395551385650508,0.7232164526820387,101,3.1207980591842626,22.66446000808095,8:6=211;17:33=87;8:5=57;17:34=55;17:32=38,nan,nan,0
324,1691509864.8676624,738,738,738,738,0.9999998923656529,0.9999999989681114,0.9999999981878557,1.0000000566338478,1.0000001001548673,12.481426130530213,352.29275930592763,373.22581304047503,0.03542913046274523,0.03344202274984835,0.9439131673020771,29.90249744999455,2.8704514503479004,337.07031190395355,361.323575258255,0.003889500610227507,0.45673483997825687,0.4895983404583401,5,397,427,0.006775067750677507,0.537940379403794,0.5785907859078591,1,False,0.8775614047521368,-0.46546765331496076,0.11500367214536857,0.2970569845854631,0.4782147933660942,0.5124596371376688,0.3173698963324603,0.6445855698690466,0.349475885390782,95,3.18725128018336,24.221757032383383,8:6=194;17:33=65;8:5=60;17:34=55;17:32=36,nan,nan,0
325,1691509864.9669778,740,740,740,740,0.9999998979425607,1.0000000017828898,1.0000000034218712,1.0000000611928528,1.000000106468551,14.43286433587408,355.3473601388681,370.21977816393496,0.040616213752745434,0.038984584798392764,0.9598281374949091,25.65116456085041,5.9663145542144775,346.6345225572586,356.5104768872261,0.008062587235424969,0.4684250304827819,0.4817709147124677,10,374,382,0.013513513513513514,0.5054054054054054,0.5162162162162162,1,False,0.8737878592193251,-0.47208633013391293,0.11674448158950847,0.301858137031556,0.4768484087024675,0.5129882685326058,0.32055840085604037,0.5831653024074226,0.3431024552988483,101,3.2501278352073206,25.793637041383032,8:6=183;8:5=68;17:34=61;17:33=61;17:32=35,nan,nan,0
326,1691509865.0639665,673,673,673,673,0.9999999157714871,1.00000000029779,0.9999999997338487,1.0000000580343185,1.0000001082413665,15.030712412653212,324.34203939543096,333.62724859274164,0.04634216532852248,0.04505241246347112,0.9721689123521049,22.196369635273324,7.935958802700043,309.9728363752365,315.85636019706726,0.01179191501144137,0.46058370932427417,0.46932594382922327,12,343,347,0.017830609212481426,0.5096582466567607,0.5156017830609212,1,False,0.879916735201656,-0.46005735092679756,0.1187171974495525,0.3000288254842117,0.4765552448807594,0.5122045553137425,0.31160623761035433,0.6037470707718386,0.3528960628582296,98,3.1480229587385633,23.289973795092227,8:6=180;17:33=68;17:34=52;8:5=43;17:32=40,nan,nan,0
327,1691509865.160217,681,681,681,681,0.9999999035155577,1.0000000003640306,1.000000000660503,1.0000000591036595,1.00000011598569,11.69783168617672,318.3971207779885,350.90504803164475,0.036739753354532896,0.03333617385043092,0.9073597617475008,29.997443752444124,2.8809604048728943,314.7040396928787,346.44599759578705,0.004230485176024808,0.46212046944622426,0.5087312740026242,5,330,362,0.007342143906020558,0.4845814977973568,0.5315712187958884,1,False,0.877852158260595,-0.4640674210438127,0.11839348361696214,0.300942569440779,0.49030696780123456,0.5006381574710711,0.3187764087921771,0.741423209689054,0.30180478036378544,90,3.1631323203326307,23.644542337408154,8:6=176;17:33=65;8:5=58;17:34=51;9:6=35,nan,nan,0
328,1691509865.255845,710,710,710,710,0.999999890050227,0.9999999981541453,0.9999999981494284,1.0000000601905308,1.000000103651472,11.11740465959934,335.7156172556371,363.16697546365026,0.03311554210817002,0.030612377806120455,0.9244111935757198,32.666524839506785,3.709567129611969,323.6756173968315,348.8689543604851,0.005224742436073196,0.455881151263143,0.49136472445138746,6,349,374,0.008450704225352112,0.4915492957746479,0.5267605633802817,1,False,0.8794350161709763,-0.46508069528434587,0.10145934755449673,0.2958162280707991,0.48155681186724253,0.5053433016470866,0.331827861135204,0.7190871720915606,0.26158285859537767,86,3.057628248593283,21.277033436867992,8:6=203;17:34=65;17:33=58;8:5=56;9:6=32,nan,nan,0
329,1691509865.3525536,738,738,738,738,0.999999908567011,1.000000001738939,1.0000000014131625,1.0000000643247098,1.0000001126619198,14.439320798934263,354.68983168374155,368.8708500839981,0.040709711723027495,0.039144651293660605,0.9615556002947175,25.54627431722576,6.754170715808868,501.1229864358902,512.8755297660828,0.009151992839849415,0.6790284369050003,0.6949532923659658,10,721,724,0.013550135501355014,0.9769647696476965,0.981029810298103,1,False,0.8750356062929442,-0.4706592617765605,0.11310414237985582,0.2965741745539643,0.4650496815307215,0.5184147666492479,0.30472517011303113,0.3775625857384003,0.5557663153728247,91,3.0774135318767226,21.70219769914778,8:6=212;17:33=67;8:5=60;17:34=59;17:32=42,nan,nan,0
330,1691509865.4501605,675,675,675,675,0.9999999118902109,1.0000000012587125,1.0000000010068728,1.0000000584903408,1.000000101893365,11.292848138353337,318.9509224184342,344.75623114247463,0.035406225047808965,0.032756037797867774,0.9251491158302629,30.528722862357128,4.55086874961853,298.99157935380936,327.5335758924484,0.006742027777212637,0.44295048793156944,0.48523492724807177,7,344,376,0.01037037037037037,0.5096296296296297,0.557037037037037,1,False,0.8755075493187222,-0.4707095899108134,0.10917423254559422,0.2900961935191064,0.45689215307767217,0.5312463120139318,0.2833911581405775,0.25624008470052423,0.8962241397572319,89,3.131627717559682,22.911242238947374,8:6=175;17:33=67;17:34=60;8:5=57;17:32=32,nan,nan,0
331,1691509865.5484426,611,611,611,611,0.9999999022385903,0.9999999985705925,0.9999999971734449,1.0000000558414621,1.0000001082765129,10.537956302069961,288.5402328082172,311.9218091429767,0.036521618491498826,0.033783967626449744,0.9250402644207477,29.599838925286317,3.4924420714378357,289.35146099328995,312.2378196120262,0.005715944470438356,0.4735703125913092,0.5110275280065896,6,296,319,0.009819967266775777,0.4844517184942717,0.5220949263502455,1,False,0.8765216010155215,-0.46934958574324354,0.10686837378678832,0.30254029672445154,0.4834881508538377,0.500469859496503,0.3370727974856613,0.7228877949070569,0.23495968252801033,85,3.1150561671329213,22.534696027216782,8:6=166;17:33=59;8:5=45;17:34=38;9:6=36,nan,nan,0
332,1691509865.6482682,621,621,621,621,0.9999999012402545,1.0000000006038472,1.0000000010204069,1.0000000596894527,1.000000090834598,9.762785460139096,304.3113172194067,306.9258980704323,0.032081572086588496,0.031808281808460376,0.9914813938235163,31.438353257233143,0.8779457807540894,421.95299142599106,425.1859908103943,0.0014137613216652003,0.6794734161449132,0.684679534316255,1,602,603,0.001610305958132045,0.9694041867954911,0.9710144927536232,1,False,0.8758107786541857,-0.4697450965182426,0.11088293056289589,0.2975893194249216,0.4685006089053798,0.5200652016659951,0.3397616036874889,0.4173928598157702,0.6643025699600904,83,3.151218734352097,23.364522382217867,8:6=164;17:33=56;17:34=51;8:5=46;9:6=29,nan,nan,0
333,1691509865.7510345,652,652,652,652,0.9999998904399974,1.0000000003599443,1.0000000007158836,1.0000000583254536,1.0000001222738562,11.802149774140332,312.91868684941386,327.27916384581295,0.03771634699406716,0.036061415078964626,0.9561216277026283,27.73047030490273,4.785194218158722,302.7956132888794,310.849293589592,0.007339254935826261,0.46441044982956964,0.47676272022943555,8,334,339,0.012269938650306749,0.5122699386503068,0.5199386503067485,1,False,0.8705660833788412,-0.4822113795216795,0.09791261374421097,0.2952943943159938,0.45894502388382036,0.5291736424191547,0.31618494724243806,0.34462494727070947,0.8451451141163384,104,3.272654823446898,26.38128410829338,8:6=166;17:34=59;17:33=49;8:5=48;17:35=29,nan,nan,0
334,1691509865.8558064,622,622,622,622,0.9999998880044344,0.9999999986093097,0.9999999985015035,1.000000058344005,1.000000094954529,12.525921376189853,298.3762491129407,311.09782778085076,0.041980289696076215,0.040263609249671754,0.9591074654597985,24.836322888965856,4.384520947933197,300.7371808886528,313.0297968387604,0.007049069048124111,0.4835002908177698,0.5032633389690682,7,307,319,0.011254019292604502,0.49356913183279744,0.5128617363344051,1,False,0.8696169577230594,-0.4780819786226236,0.12330437363195076,0.2985997897586369,0.45681803249312164,0.527862452832088,0.30538634018241395,0.3231938035660156,0.8051304761733883,87,3.246391435149282,25.69744151883552,8:6=143;17:33=55;8:5=55;17:34=48;9:6=35,nan,nan,0
335,1691509865.9616842,632,632,632,632,0.9999998910376214,1.0000000001173404,1.0000000029055256,1.0000000562247364,1.000000111533691,13.711824394266868,305.4331193849688,312.8550563690826,0.04489305030796102,0.04382804150076034,0.9762767555357712,22.816442755778894,4.376605153083801,417.3062588572502,426.787957072258,0.0069250081536136095,0.6602947133817251,0.675297400430788,7,598,605,0.011075949367088608,0.9462025316455697,0.9572784810126582,1,False,0.8750316289658614,-0.4706800499721212,0.11304839170723564,0.299784629186059,0.46954110450468284,0.5164376436937572,0.30757127683458607,0.47808719454234705,0.5004596537980037,95,3.2714847136555543,26.350433162466917,8:6=150;8:5=58;17:33=52;17:34=47;9:6=30,nan,nan,0
336,1691509866.0672855,629,629,629,629,0.999999897788629,1.0000000013116435,1.0000000025179632,1.000000055735044,1.000000097576204,11.390760383925576,295.7750817143836,321.8341595517386,0.03851156195411049,0.035393260926034106,0.9190294843976445,28.253966258995742,3.0374961495399475,292.5467346906662,316.3423180580139,0.004829087678123923,0.46509814736194943,0.5029289635262543,4,308,331,0.006359300476947536,0.48966613672496023,0.5262321144674086,1,False,0.8761035432005692,-0.47120356566320093,0.10202833575871909,0.2858956231844157,0.4516059597739414,0.5388443813064417,0.2730635553599152,0.28540855870384363,0.907184960553007,91,3.2000514612103537,24.5337927032911,8:6=152;17:33=61;17:34=56;8:5=56;17:32=27,nan,nan,0
337,1691509866.1716173,703,703,703,703,0.999999876907445,0.9999999974924976,0.9999999974754039,1.0000000582187045,1.0000001119546305,17.825072613626908,330.9242512065185,354.25067265430636,0.05386450992527257,0.05031768177056197,0.9341527814950662,19.87372956806296,7.884563088417053,438.1077429652214,473.49186515808105,0.011215594720365651,0.6231973584142552,0.6735303914055207,10,627,668,0.01422475106685633,0.8918918918918919,0.9502133712660028,1,False,0.8735229839736585,-0.47329300300053284,0.11380390933747964,0.30497605112349785,0.47394993958721976,0.5129315357732082,0.33077163259871356,0.5943278340251954,0.4068520960066793,98,3.2764418110603524,26.481379114087922,8:6=163;17:33=63;8:5=59;17:34=57;17:32=39,nan,nan,0
338,1691509866.2732701,728,728,728,728,0.9999998977997768,1.0000000002634886,1.00000000083857,1.0000000601124326,1.0000000885767812,13.296979882356531,342.85354106897034,371.84947943231265,0.038783265416767666,0.03575903858372072,0.9220223774210758,27.964957661228887,3.780769467353821,339.5391551852226,366.75375390052795,0.005193364652958545,0.4663999384412399,0.5037826289842416,5,352,378,0.006868131868131868,0.4835164835164835,0.5192307692307693,1,False,0.8796207744412227,-0.4637784992163681,0.10572037096055144,0.29842353206539135,0.48408989804309477,0.5019739227528892,0.3282194218613068,0.7235602957413869,0.2659658618819023,94,3.2029352692055233,24.604645564761796,8:6=192;17:34=65;17:33=60;8:5=53;9:6=36,nan,nan,0
339,1691509866.3716946,697,697,697,697,0.9999998875385328,1.000000001693477,1.0000000015215822,1.0000000623946292,1.0000001222738562,11.67784617962085,330.390757552269,354.9313986288172,0.03534555950092936,0.03290169938397982,0.930858072372987,30.393566858948034,3.90685111284256,311.4996075630188,337.04491424560547,0.00560523832545561,0.4469147884691805,0.48356515673688016,5,345,373,0.007173601147776184,0.4949784791965567,0.5351506456241033,1,False,0.8763100000332515,-0.4683003232102859,0.1130291604979203,0.29991075530808836,0.478771092738028,0.5064187462496089,0.3322771525866465,0.6961063235055936,0.33793444982849236,93,3.0554866261778506,21.231514824363888,8:6=186;17:34=66;17:33=62;8:5=56;9:6=40,nan,nan,0
340,1691509866.46728,713,713,713,713,0.9999998769914004,1.0000000030457303,1.0000000015659865,1.000000069013779,1.0000001182417468,14.726683538711404,337.45685799783456,360.8164628066657,0.043640196338240976,0.040814888057373155,0.9352590382735729,24.50086347399283,7.115614354610443,326.31219589710236,357.21330285072327,0.009979823779257284,0.45766086381080273,0.5010004247555726,11,393,433,0.015427769985974754,0.5511921458625526,0.6072931276297335,1,False,0.8760976589079621,-0.46917325288706135,0.11103760998581415,0.3005384544376673,0.4764891689380776,0.511979283950437,0.32218234883257196,0.6811105852959582,0.4068511568826467,95,3.1162542260407387,22.561710099520912,8:6=191;17:34=68;17:33=64;8:5=59;17:32=34,nan,nan,0
341,1691509866.5625873,725,725,725,725,0.999999900659385,0.9999999992705441,1.000000000423769,1.0000000611381483,1.0000001079413687,13.5375596361513,350.4684941546641,360.99394515147355,0.03862703741403096,0.03750079417667496,0.9708431370160711,26.666101930768917,4.192144513130188,490.67484110593796,496.29514211416245,0.005782268293972673,0.6767928842840524,0.6845450236057413,6,703,699,0.008275862068965517,0.9696551724137931,0.9641379310344828,1,False,0.8766134401692925,-0.47000348614873705,0.10317751461724736,0.296336393488323,0.470168514332938,0.5191644878567333,0.30344422428705375,0.5167470473227846,0.5206192500578618,96,3.138114115777838,23.060336700063548,8:6=193;17:33=82;17:34=55;8:5=52;17:32=34,nan,nan,0
342,1691509866.6581402,720,720,720,720,0.9999998930031335,1.000000002459706,1.000000003075077,1.0000000634686508,1.0000001018267066,13.864125285364397,342.35201154601896,363.78386671059377,0.040496695850436915,0.03811088548463289,0.9410862956668037,26.239222397580367,6.610196948051453,324.57839477062225,345.24049377441406,0.009180829094515907,0.4508033260703087,0.4795006857977973,10,362,382,0.013888888888888888,0.5027777777777778,0.5305555555555556,1,False,0.8753434980951792,-0.4685989836596647,0.1191165515603276,0.30077132256268835,0.47836262234348026,0.5078897957426345,0.3060952436148923,0.6432171985940336,0.32443386221110737,93,3.138919726331623,23.078921835868574,8:6=187;17:33=65;8:5=62;17:34=59;9:6=35,nan,nan,0
343,1691509866.7531412,761,761,761,761,0.9999998915477147,0.9999999975529119,0.9999999964349817,1.0000000606107369,1.000000095626845,12.313689432085377,365.2646101046865,383.4216967387599,0.03371169582663981,0.03211526509016304,0.9526446030871212,31.13784043795116,4.239459872245789,507.3011422753334,523.1185121536255,0.005570906533831523,0.6666243656706089,0.6874093457997706,7,733,737,0.009198423127463863,0.9632063074901446,0.9684625492772667,1,False,0.8786214873845214,-0.46449429302692424,0.11076702420679571,0.28927365017426176,0.4663133319117654,0.5239393800988811,0.268919625419792,0.37418401183861466,0.6204941264979942,92,3.1187747113754876,22.618648284740736,8:6=189;17:33=82;17:34=70;8:5=68;17:32=34,nan,nan,0
344,1691509866.8492548,718,718,718,718,0.9999998920123161,1.0000000008028467,1.0000000012615125,1.0000000619620268,1.0000001174590658,12.33855896043601,333.25185118694685,372.409591005505,0.03702472744409259,0.03313168956557196,0.894853030737387,30.18258389813984,3.951305866241455,333.1773378252983,370.3831527233124,0.005503211512871108,0.4640352894502762,0.5158539731522457,6,342,378,0.008356545961002786,0.4763231197771588,0.5264623955431755,1,False,0.8761228888920918,-0.4662476117013986,0.12256364935052141,0.2866185792512668,0.44723114648974843,0.5418485680398896,0.2675266622570406,0.18943022413482752,0.9201019033116122,83,3.0770497854433954,21.694305037690103,8:6=169;17:33=83;17:34=62;8:5=59;17:32=48,nan,nan,0
345,1691509866.9471219,676,676,676,676,0.9999998816327628,1.0000000006177032,1.0000000015994057,1.0000000602684516,1.0000001059949124,13.009237844330066,297.6743186779081,365.316444312897,0.04370292305399185,0.035610873933688926,0.8148396364630858,28.081310272309008,5.471658647060394,297.86733931303024,365.50973629951477,0.008094169596243187,0.44063215874708617,0.5406948761827142,8,304,371,0.011834319526627219,0.44970414201183434,0.5488165680473372,1,False,0.8806677980486537,-0.46079077262986734,0.10998224101783831,0.27355735055364044,0.42849604980577594,0.5648490614730425,0.22553153828630387,0.1387258070607857,0.9576400048655742,90,3.196660777072191,24.4507472315676,8:6=153;17:33=73;17:34=59;8:5=49;17:32=47,nan,nan,0
346,1691509867.0468655,613,613,613,613,0.9999998898913958,1.0000000007331424,1.0000000002484315,1.0000000617068554,1.0000001448936204,13.112959990010161,270.50356815430337,329.3834727545191,0.04847610728199391,0.03981061915569427,0.8212420796106628,25.118926085754335,5.532054245471954,271.41062092781067,330.8477740287781,0.00902455831235229,0.4427579460486308,0.5397190440926233,7,277,336,0.011419249592169658,0.45187601957585644,0.5481239804241436,1,False,0.8763400397365054,-0.4688832818007652,0.1103476452053416,0.2775533113658265,0.4266666035925891,0.5615446470300159,0.2065470515330782,0.12893890647328882,0.9561781428732967,91,3.1863014168175754,24.198760596188556,8:6=143;17:33=70;17:34=53;8:5=42;17:32=36,nan,nan,0
347,1691509867.1487827,664,664,664,664,0.9999998920123161,0.9999999987684389,0.9999999991594646,1.0000000608609103,1.0000000924054222,10.407549096221445,301.15297612717615,352.4394731410895,0.03455901127082457,0.029530032500233217,0.8544814048300935,33.86382998366501,3.123366355895996,299.69369423389435,347.8767683506012,0.004703864993819271,0.4513459250510457,0.5239107957087368,5,312,358,0.007530120481927711,0.46987951807228917,0.5391566265060241,1,False,0.8801708012091236,-0.4630547858818318,0.10430544554729827,0.27682311783265645,0.43966109301885237,0.5541566628320037,0.2280592466140275,0.1531022891126016,0.9445197720131,81,3.0815705394415547,21.792601673973188,8:6=165;17:33=74;17:34=59;8:5=55;17:32=36,nan,nan,0
348,1691509867.2534506,658,658,658,658,0.9999998915477147,0.9999999998691815,1.0000000014121122,1.0000000568062553,1.0000001019885472,11.662744950155721,303.89825089424966,342.439003983438,0.03837713746570432,0.034057875459536695,0.8874522100553348,29.361784506731045,3.796400487422943,302.51822566986084,339.7344395518303,0.005769605603986236,0.4597541423554116,0.5163137379207148,5,313,349,0.007598784194528876,0.4756838905775076,0.5303951367781155,1,False,0.8781375513277847,-0.46721672934045927,0.10287355720711794,0.2820974800159321,0.4457369309610743,0.5442225856443959,0.23186451161215127,0.18740096516314675,0.9353786800951273,85,3.1510688386265047,23.361020402654706,8:6=156;17:33=68;8:5=62;17:34=53;17:32=40,nan,nan,0
349,1691509867.3587813,653,653,653,653,0.9999999027429802,1.0000000002425642,1.0000000001819656,1.000000062569154,1.0000001122732478,9.792855087844707,296.64970299876046,346.5574422301837,0.03301151151965127,0.028257523557495227,0.8559899942986234,35.38880531994648,2.867147147655487,297.6005890965462,346.4772762656212,0.004390730700850669,0.45574362801921314,0.5305930723822683,4,305,353,0.006125574272588055,0.4670750382848392,0.5405819295558959,1,False,0.8782585447835788,-0.46299525280120396,0.11957141965444647,0.28009909525399923,0.4392917566846024,0.5529597636630561,0.23180855782710852,0.17136928227253836,0.9466858166369255,80,3.106099562083577,22.333762837852724,8:6=159;17:33=67;8:5=53;17:34=49;17:32=40,nan,nan,0
350,1691509867.4640372,676,676,676,676,0.9999998816327628,0.9999999998954441,1.0000000002698965,1.0000000593694254,1.0000001035012531,12.760888271605575,305.11612419364417,358.1229873933907,0.04182305443650295,0.03563269804177078,0.8519869847351642,28.064111194379393,5.948309242725372,307.99108362197876,358.3985634446144,0.008799274027700255,0.4556081118668325,0.5301753897109681,9,315,364,0.013313609467455622,0.46597633136094674,0.5384615384615384,1,False,0.8716254698211484,-0.47458427638436357,0.12263280543065375,0.28773080274337426,0.4361683604288149,0.5563294177958347,0.23273071734245332,0.17871230037119784,0.9502112746744382,89,3.1298746843868783,22.871113255268934,8:6=165;17:33=80;8:5=55;17:34=53;17:32=46,nan,nan,0
351,1691509867.5682003,672,672,672,672,0.9999998816327628,0.9999999993093338,1.000000000187138,1.0000000594806802,1.0000000978854047,12.282178939001563,315.7424234535142,343.9753966792293,0.0388993623494178,0.0357065623226977,0.9179215330564953,28.00605644874211,3.9020734429359436,315.9908109307289,341.7949471473694,0.005806656909130868,0.47022442102787043,0.5086234332550139,6,326,351,0.008928571428571428,0.4851190476190476,0.5223214285714286,1,False,0.8752785704044739,-0.46899877862615186,0.11801512546228352,0.29211980783033586,0.45210454967978625,0.5390223787609534,0.2698883909927221,0.23094313246213433,0.9064598784257205,99,3.191169094843395,24.31683952334461,8:6=169;17:33=79;17:34=60;8:5=45;17:32=30,nan,nan,0
352,1691509867.6698186,673,673,673,673,0.9999998859395601,0.9999999996215945,0.9999999983792989,1.0000000633891213,1.0000001170721131,9.44535544676609,308.74313976648045,354.81150427742,0.030592924117796225,0.026620769994484046,0.8701610180178385,37.56465347197714,1.749358594417572,307.9931915998459,352.52484941482544,0.00259934412246296,0.4576421866268141,0.5238110689670512,3,316,360,0.004457652303120356,0.46953937592867756,0.5349182763744428,1,False,0.8787450277030494,-0.463176346001701,0.1152165300279408,0.2805245517921212,0.44195950706762827,0.5501423406397786,0.25412505873518226,0.17133530354085577,0.9450115194284904,84,3.1233290165403953,22.7218954425191,8:6=162;17:33=76;17:34=64;8:5=47;17:32=33,nan,nan,0
353,1691509867.7705579,687,687,687,687,0.9999998816327628,0.999999998031051,0.9999999979966366,1.0000000557360953,1.0000001070113484,11.425730567891126,328.2279759180342,347.346290808739,0.03481034953201059,0.03289435030755095,0.9449589202573865,30.400357223971326,2.846286177635193,313.3537878394127,334.51561826467514,0.004143065760749917,0.4561190507123911,0.4869222973284937,4,365,391,0.005822416302765648,0.5312954876273653,0.5691411935953421,1,False,0.8785097450150777,-0.4644403843950768,0.11187384527447138,0.2918948063394091,0.46300605951750334,0.5294662329626293,0.26791768448641884,0.30800297209174027,0.8913196568931,91,3.0879254242761816,21.93153212380909,8:6=170;17:33=77;8:5=75;17:34=59;17:32=37,nan,nan,0
354,1691509867.86963,700,700,700,700,0.9999999058028926,1.0000000024410858,1.0000000020629582,1.0000000610274158,1.0000001170721131,10.344169085638699,336.11305119349186,353.54278313838967,0.030775862612022822,0.02925860625357359,0.9506997942648565,34.177977971109335,2.5302935242652893,333.48768961429596,348.8872957229614,0.003614705034664699,0.47641098516327995,0.49841042246137346,3,348,362,0.004285714285714286,0.49714285714285716,0.5171428571428571,1,False,0.8735667301362003,-0.4729414323849197,0.11492419037281446,0.2973906678704362,0.4565739798108895,0.5312846003424389,0.32072825428678853,0.23997656499662826,0.851515436377531,88,2.976468824183086,19.6184181040749,8:6=195;17:33=75;17:34=62;8:5=59;17:32=43,nan,nan,0
355,1691509867.9677958,715,715,715,715,0.9999998990414631,0.9999999996740632,1.0000000003749971,1.0000000565769416,1.0000001065262685,13.840725834304864,345.65240292049754,355.5068707791077,0.04004232494078257,0.03893237226040766,0.9722805136311045,25.68556555740508,6.375498294830322,489.20038962364197,494.8560634255409,0.00891678083193052,0.6841963491239748,0.692106382413344,9,700,696,0.012587412587412588,0.9790209790209791,0.9734265734265735,1,False,0.8756728625697505,-0.46715943691716877,0.12230739249175603,0.3012494319524869,0.4710895146788818,0.5185523432311663,0.3113573886839035,0.566637548545116,0.5553866626631845,87,3.0159669652351018,20.408816017859113,8:6=185;17:34=74;17:33=70;8:5=66;9:6=36,nan,nan,0
356,1691509868.0655677,713,713,713,713,0.9999998990216415,0.9999999993731614,1.0000000014694572,1.0000000618159393,1.0000001122732478,12.64663957048784,331.48770900159184,368.86565053404826,0.03815115682140453,0.034285218892509725,0.8986678714097119,29.167088101002896,5.063154757022858,332.45262533426285,370.58417695760727,0.007101198817703868,0.4662729668082228,0.5197534038676119,8,340,379,0.011220196353436185,0.47685834502103785,0.5315568022440392,1,False,0.8790761642944368,-0.46052498332815067,0.12305217226845867,0.3045755974544056,0.494388156083226,0.4944352856907865,0.3361734131757234,0.7664055967463982,0.19908330831705695,88,3.0198803178750473,20.48883938961199,8:6=203;17:33=79;8:5=54;17:34=48;17:32=36,nan,nan,0
357,1691509868.1629562,696,696,696,696,0.9999998995468926,1.0000000035707075,1.000000002219291,1.0000000660254775,1.0000001065262685,11.402990906277905,328.190039652317,356.4069744118299,0.03474508525108861,0.03199429788122411,0.9208294540080799,31.255569467797294,2.5670705437660217,325.7367232441902,350.3178024291992,0.003688319746790261,0.468012533396825,0.5033301759040218,4,339,362,0.005747126436781609,0.4870689655172414,0.5201149425287356,1,False,0.8759849952977339,-0.4654638229886695,0.12646627021463647,0.304191242167133,0.4854311756765921,0.5011007440423173,0.3232898537362048,0.7293460713749058,0.2355355322174392,90,3.060631145085348,21.341022193659487,8:6=187;17:33=83;17:34=52;8:5=52;9:6=38,nan,nan,0
358,1691509868.2607236,684,684,684,684,0.9999998903035247,1.0000000003994318,0.9999999993147983,1.0000000648547545,1.0000001239312006,10.2010022729873,307.9685432878483,365.8304549855871,0.033123520227365394,0.0278845080664189,0.8418340766625939,35.8622069866921,1.7617828249931335,308.8256142735481,366.3654493689537,0.0025757058844928854,0.45149943607243875,0.5356220020013943,3,315,373,0.0043859649122807015,0.4605263157894737,0.5453216374269005,1,False,0.8772707018408774,-0.46489898945536506,0.11943636504429753,0.31072194984648754,0.5064371063077432,0.4798509468757993,0.35669490389846714,0.7954066103172075,0.14068129382322675,84,3.006261894563334,20.211705051137855,8:6=192;17:33=71;8:5=61;17:34=48;9:6=40,nan,nan,0
359,1691509868.3580399,694,694,694,694,0.9999998938524719,1.0000000011449064,1.0000000005898972,1.0000000592664091,1.0000000964905733,12.20097245823172,319.53513925816236,362.2638898727357,0.03818350772487083,0.03367979199505077,0.88205075965594,29.69139477307192,6.18510890007019,318.3755114078522,359.07030713558197,0.008912260662925347,0.45875433920439795,0.5173923733942103,10,330,370,0.01440922190201729,0.4755043227665706,0.5331412103746398,1,False,0.8772512956854585,-0.4635441894728453,0.12472749746606362,0.30650612569646873,0.4965716557890094,0.49129400886023133,0.3406902872832728,0.7889445199848315,0.19620689030317734,89,3.0245552002704414,20.584846540396903,8:6=195;17:33=71;8:5=55;17:34=53;17:32=39,nan,nan,0
360,1691509868.4555035,689,689,689,689,0.9999998903035247,1.000000001753907,1.0000000026614597,1.0000000600280068,1.000000089239762,12.667161548742333,321.2727092845803,355.0601315835613,0.03942806588505432,0.03567610222033952,0.9048402811425497,28.029967899068414,5.129139244556427,314.72717332839966,346.1389506459236,0.007444324012418617,0.4567883502589255,0.5023787382379152,7,332,363,0.010159651669085631,0.4818577648766328,0.5268505079825835,1,False,0.8762785596613816,-0.4631514922961243,0.13276513496263848,0.30513152294517626,0.4909509418809976,0.4971440343674955,0.3361734131757234,0.7559526782811704,0.23565689784575758,81,3.03713509960679,20.845437505163375,8:6=180;17:33=75;8:5=65;17:34=51;17:32=32,nan,nan,0
361,1691509868.5532007,726,726,726,726,0.9999998950960068,0.9999999980164992,0.9999999980405164,1.0000000578156467,1.000000115844,11.325574307437439,348.49627979430966,366.17814301820977,0.032498408057962766,0.030929137971171115,0.9517124012969261,32.33197126063115,1.9877339005470276,453.9882021546364,481.3193721175194,0.0027379254828471455,0.6253281021413725,0.6629743417596685,3,648,678,0.004132231404958678,0.8925619834710744,0.9338842975206612,1,False,0.8765228853489171,-0.46616404233144615,0.11999465445100066,0.2941191361616563,0.46594207231291657,0.5236581528667076,0.28874894985043525,0.3599290576939159,0.7833848288580366,85,3.0734781482976463,21.61695906007222,8:6=183;17:33=91;8:5=63;17:34=55;17:32=33,nan,nan,0
362,1691509868.6515937,717,717,717,717,0.9999998893308134,1.000000002290845,1.0000000038138765,1.0000000626420924,1.0000001126577884,13.51721532726574,332.0479426536014,371.4348453042047,0.04070862544499229,0.03639188810138466,0.8939601301586406,27.478651209689538,4.161840379238129,332.08164751529694,368.3550429344177,0.0058045193573753534,0.46315432010501667,0.5137448297551154,7,346,381,0.009762900976290097,0.4825662482566248,0.5313807531380753,1,False,0.8751272939549875,-0.46788462879837994,0.12343497684701576,0.29171191882208664,0.44949950261131694,0.5441891161815366,0.2741139652286048,0.22278341087162426,0.8957881098253866,101,3.1659176233550386,23.710491354006063,8:6=182;17:33=84;17:34=62;8:5=59;17:32=40,nan,nan,0
363,1691509868.7519069,703,703,703,703,0.9999999010486599,0.9999999996274174,1.0000000001385778,1.0000000596680563,1.000000115844,11.860494030410969,329.48423371299555,361.6552717327421,0.035997151963096094,0.03279502597483412,0.9110450184629951,30.49242896673931,3.4818320274353027,327.364674448967,356.1611251235008,0.0049528193846874865,0.4656681002119018,0.506630334457327,6,341,368,0.008534850640113799,0.4850640113798009,0.5234708392603129,1,False,0.8784921522751655,-0.4625993848235271,0.1193873843914922,0.28765502979924545,0.4544870457397783,0.5385108114240201,0.24169469895575932,0.24500004896516966,0.9217092854789666,89,3.1322089784329696,22.924563518813613,8:6=163;17:33=87;17:34=57;8:5=53;17:32=40,nan,nan,0
364,1691509868.8534424,668,668,668,668,0.9999999006420329,1.000000002263408,1.000000002308684,1.0000000611171938,1.0000001122732478,12.553538165727264,310.0460525307127,345.40041232747313,0.040489269459361134,0.03634488471260217,0.8976423926117347,27.51418825255653,3.854898452758789,310.5464178323746,345.363567173481,0.0057708060670041755,0.46488984705445296,0.5170113281040134,6,318,353,0.008982035928143712,0.47604790419161674,0.5284431137724551,1,False,0.8778500426391415,-0.4635420712761383,0.1204493702577356,0.2899843436670754,0.4501987678805139,0.5431224838479828,0.2636449955287367,0.21298839418971682,0.916407940759465,93,3.1590506127663467,23.54822892535737,8:6=160;17:33=78;8:5=58;17:34=56;17:32=36,nan,nan,0
365,1691509868.9563477,663,663,663,663,0.999999897327233,1.0000000014638684,1.000000001143779,1.0000000600461398,1.0000001214625094,10.535993576622342,304.8861866221307,347.57782174233637,0.03455713652806588,0.030312617542188298,0.8771738803523158,32.98956279866714,1.3608863949775696,306.5408347249031,348.39410454034805,0.002052618996949577,0.4623542001883908,0.5254813039824254,2,316,357,0.0030165912518853697,0.4766214177978884,0.5384615384615384,1,False,0.8784749711323401,-0.46082051440494204,0.12619896432855077,0.28270226508776863,0.44634758514702694,0.5494578630787014,0.24257710265129784,0.1810723056928017,0.9200583846330744,93,3.1358361339347463,23.007865458723074,8:6=152;17:33=88;17:34=60;8:5=58;17:32=32,nan,nan,0
366,1691509869.060027,619,619,619,619,0.9999999082736291,1.0000000017146977,1.0000000031806318,1.0000000631564037,1.0000001058877366,9.922551629114134,280.3037346079984,328.77371588568354,0.03539928443333339,0.030180489344726877,0.8525734298828852,33.13398893496469,1.256509780883789,280.88915342092514,329.7851417660713,0.002029902715482696,0.4537789231355818,0.5327708267626354,2,286,335,0.0032310177705977385,0.4620355411954766,0.5411954765751211,1,False,0.8790134295061474,-0.4625869434907365,0.1155366195616764,0.28195515352003175,0.44108765411888734,0.5552936170663821,0.23420007605254983,0.17925383081094295,0.9376896345373449,85,3.1087403122356174,22.392818666988187,8:6=138;17:33=75;17:34=70;8:5=63;17:32=26,nan,nan,0
367,1691509869.1632302,628,628,628,628,0.9999998907791199,1.0000000029161786,1.0000000050417737,1.000000062323053,1.0000001015246112,9.191961081417915,280.63691360502725,338.1711289762756,0.03275392735524032,0.02718138922516587,0.8298665662399445,36.78987824044515,1.753432273864746,279.0881552696228,336.0389557480812,0.0027920896080648825,0.4444078905567242,0.5350938785797471,3,288,345,0.004777070063694267,0.4585987261146497,0.5493630573248408,1,False,0.8736683277950233,-0.47553096789061494,0.10282972131082867,0.280235985111099,0.4314444777415244,0.5616313345252595,0.21655484367026762,0.14026829725913775,0.9592995069508301,84,3.1271815978590327,22.80960223271424,8:6=132;17:33=86;17:34=58;8:5=58;17:32=30,nan,nan,0
368,1691509869.265618,653,653,653,653,0.9999998975557303,0.9999999985895655,0.9999999984227195,1.0000000571745542,1.0000001193836257,14.932286401582722,298.5793230748317,339.48838868155815,0.05001112015328773,0.04398467487967397,0.8794978945654033,22.73519135325282,6.620747268199921,297.8677961230278,338.9955189228058,0.01013896978284827,0.4561528271409308,0.519135557309044,9,308,350,0.013782542113323124,0.47166921898928027,0.5359877488514548,1,False,0.8791188670686759,-0.46377853777286887,0.10981568861117978,0.28530124180389,0.4475281841337572,0.5465780048092389,0.24139121285651666,0.21380248636060512,0.9280502629478469,91,3.1986075980195112,24.498394824072093,8:6=131;17:33=87;8:5=66;17:34=56;9:6=27,nan,nan,0
369,1691509869.3675334,668,668,668,668,0.9999998974491241,0.9999999999349517,1.0000000008700374,1.0000000590021436,1.0000001221720656,10.02479543897511,305.0872684614834,352.887936012637,0.032858780012449844,0.028407872346806775,0.8645443420614928,35.20150991217779,0.8001192808151245,302.8651012778282,348.32654625177383,0.0011977833545136595,0.45339087017638957,0.5214469255266075,1,314,358,0.0014970059880239522,0.47005988023952094,0.5359281437125748,1,False,0.8763616683776706,-0.4690559333228294,0.10943837358511589,0.28203748813725027,0.4432208631767641,0.5537724957058102,0.22660124687912103,0.18603996264298556,0.9401772057702622,88,3.130942425321525,22.895546721097016,8:6=140;17:33=90;17:34=64;8:5=60;17:32=32,nan,nan,0
370,1691509869.4683094,665,665,665,665,0.9999998816327628,0.9999999990553559,0.9999999971555998,1.0000000605191923,1.0000001134401986,12.18350373155295,315.3796327228522,337.4368622892184,0.03863123191046237,0.03610602483942736,0.9346330172206826,27.696208719936724,4.100047767162323,305.747882604599,323.65447610616684,0.0061654853641538694,0.459771252036991,0.48669846031002534,6,333,349,0.009022556390977444,0.5007518796992482,0.524812030075188,1,False,0.8776736298563327,-0.4631152958901809,0.12334189137255448,0.291421222814939,0.46184546514377744,0.5317731952695592,0.26739832778230643,0.3385286621509577,0.8724828854760966,87,3.1351135861206716,22.99124718030272,8:6=144;17:33=76;8:5=65;17:34=63;17:32=30,nan,nan,0
371,1691509869.56795,686,686,686,686,0.999999894296222,1.0000000011804426,1.0000000024748257,1.0000000628071164,1.0000000981832908,11.937791505999927,325.63327457897657,348.428935534591,0.036660232347062026,0.034261768436894866,0.9345758671832485,29.18705150441527,1.6219729781150818,311.3708093762398,330.6848028898239,0.00236439209637767,0.45389330812862944,0.48204781762365,2,351,370,0.0029154518950437317,0.5116618075801749,0.5393586005830904,1,False,0.8776002166667779,-0.4655862995300384,0.11422459190712878,0.2919852871440835,0.4612321187040067,0.5307434725418351,0.25836885173518354,0.28529589854924664,0.889933728588963,84,3.0775537626515517,21.70524122853988,8:6=156;17:33=84;8:5=64;17:34=63;17:32=30,nan,nan,0
372,1691509869.6667194,666,666,666,666,0.9999999110952623,1.000000000152456,1.0000000013313912,1.000000060456008,1.0000000945550758,12.931573412637366,317.51972582840307,335.54870096203143,0.040726834778214586,0.03853858881158542,0.94627016858674,25.948018099183262,4.316286027431488,302.5091179013252,345.96904784440994,0.00648090995109833,0.4542178947467346,0.5194730448114263,6,363,430,0.009009009009009009,0.545045045045045,0.6456456456456456,1,False,0.8769033779023121,-0.4671560021671097,0.11316242955485736,0.2924893154804416,0.46382087063695693,0.5268584176250154,0.2548240963005002,0.3746191095834971,0.7795799919206037,82,3.0641957056543,21.417229301606973,8:6=153;17:33=76;17:34=63;8:5=63;17:32=42,nan,nan,0
373,1691509869.7647288,678,678,678,678,0.9999998926437682,0.9999999986285376,0.9999999986471674,1.0000000620166845,1.0000000962876685,12.135503459504012,330.31167342702867,335.552821253765,0.03673955368757183,0.03616570235994655,0.9843805580082646,27.65050682680777,2.1585309505462646,320.82719081640244,324.3653973340988,0.0031836739683573224,0.473196446631862,0.47841504031577997,3,348,351,0.004424778761061947,0.5132743362831859,0.5176991150442478,1,False,0.8709689600919143,-0.4748328305818362,0.12628085190578484,0.3028640736680088,0.464457676513156,0.5207452102779973,0.3116682613105388,0.4550336912546121,0.7525440131254999,87,3.0706090535565704,21.555026843697036,8:6=157;17:33=78;17:34=74;8:5=60;9:6=33,nan,nan,0
374,1691509869.8624568,706,706,706,706,0.999999894296222,0.9999999988996663,0.9999999982245913,1.0000000579867618,1.0000001122732478,16.012138041052374,332.94194161231496,357.0459187929617,0.04809288359259124,0.04484615899037134,0.9324905399783501,22.298453702906958,7.999263942241669,326.4168046116829,347.518841445446,0.011330402184478285,0.46234674874176046,0.49223631932782724,11,348,368,0.015580736543909348,0.49291784702549574,0.5212464589235127,1,False,0.8645400851974983,-0.49006894493471176,0.11136817452612258,0.30702216425704915,0.4510823841935158,0.5340075855584355,0.30286132514289754,0.24942248684654353,0.8533517453261101,94,3.1142285822789217,22.51605436893616,8:6=160;17:33=91;8:5=72;17:34=62;17:32=28,nan,nan,0
375,1691509869.9608576,721,721,721,721,0.9999998727297766,1.0000000017345925,1.0000000012350054,1.0000000596995282,1.0000001079322154,12.927636664901668,338.982629176966,369.08973665941454,0.03813657560061224,0.03502572784035694,0.9184287600220362,28.550441679838315,4.480797827243805,333.88690054416656,361.5493460893631,0.00621469878951984,0.46308862766181214,0.5014554037300459,6,353,380,0.008321775312066574,0.4895977808599168,0.5270457697642164,1,False,0.873733325749786,-0.47141864476245376,0.11981042043390831,0.29623432997832133,0.4554179311811404,0.5370701283271688,0.27732385853256014,0.24983529719988934,0.909752315788909,91,3.1274152314682313,22.814931944983964,8:6=158;17:33=92;8:5=68;17:34=63;9:5=32,nan,nan,0
376,1691509870.0599148,721,721,721,721,0.999999873391003,1.0000000010601071,1.0000000019416668,1.0000000630962462,1.0000001266313034,12.667573204916193,337.3202805568187,371.01214776693985,0.03755354757800413,0.03414328420554475,0.909189315193837,29.28833658707042,2.6715795397758484,335.8308279514313,364.99933832883835,0.0037053807763881394,0.46578478217951635,0.506240413770927,4,353,380,0.005547850208044383,0.4895977808599168,0.5270457697642164,1,False,0.8757229032338647,-0.4700105328067198,0.1104513277529733,0.2891661142045425,0.45140826280980145,0.5430262101449943,0.24966824434496138,0.22992601586156922,0.9153128475771627,92,3.174535249409517,23.9157024483268,8:6=162;17:33=73;17:34=71;8:5=66;17:32=40,nan,nan,0
377,1691509870.159444,700,700,700,700,0.9999999099029985,0.9999999990419599,0.9999999993869366,1.0000000597634493,1.000000103990477,11.844975289867616,329.1284960258166,359.0265273430595,0.035988908383485896,0.0329919222892113,0.9167247291209919,30.310449668069516,1.3549163341522217,326.5837386250496,353.81307154893875,0.0019355947630746023,0.4665481980357851,0.5054472450699125,2,341,367,0.002857142857142857,0.48714285714285716,0.5242857142857142,1,False,0.8745551830925482,-0.47115120986446535,0.11475961471358347,0.2913752390163468,0.4516547517452014,0.5388171326642592,0.24978173948604118,0.22319228919606138,0.9005644267507211,88,3.079492685419514,21.747366840899144,8:6=155;17:33=83;17:34=74;8:5=66;17:32=29,nan,nan,0
378,1691509870.2593455,714,714,714,714,0.9999998964855388,1.0000000012647516,1.0000000013320776,1.0000000611726394,1.0000000981786268,13.456300552494024,337.909927338792,362.63377391477934,0.03982215218851087,0.037107135408894154,0.9318214453411678,26.948994822174054,3.935567617416382,338.18454933166504,362.2604494690895,0.005511999464168602,0.4736478281956093,0.5073675762872402,6,348,373,0.008403361344537815,0.48739495798319327,0.5224089635854342,1,False,0.876634539923143,-0.46771077114911985,0.11295360979107774,0.29365866324632783,0.4570466882706911,0.5354280499198644,0.26128963388739335,0.27376961475812756,0.8930472572032008,97,3.127915307451405,22.826343997716318,8:6=161;17:33=77;17:34=75;8:5=69;17:32=41,nan,nan,0
379,1691509870.3595264,716,716,716,716,0.9999998715380631,1.0000000023821134,1.0000000024291391,1.0000000637193491,1.0000001083269114,11.943810456489395,337.93110493191574,366.1250880227809,0.03534392153363852,0.03262221259130495,0.9229935778421421,30.65396000351423,3.093017280101776,317.2612344622612,344.8747307062149,0.0043198565364549945,0.4431022827685212,0.4816686183047694,4,359,388,0.00558659217877095,0.5013966480446927,0.5418994413407822,1,False,0.8724162977156387,-0.47410086580867583,0.118819916342346,0.3042304252815873,0.4800155102076448,0.5084278517653363,0.30732921873230046,0.7031623662950763,0.28557945122990713,88,2.9999052398302997,20.08363370447639,8:6=173;8:5=85;17:33=82;17:34=67;9:5=33,nan,nan,0
380,1691509870.4606264,671,671,671,671,0.9999998715380631,0.9999999986880058,0.9999999981108854,1.000000059435751,1.0000001083269114,10.907630514976331,320.568293152312,339.5240745720155,0.03402591818334877,0.032126235904555114,0.9441695513238698,31.12720715152976,3.0270791053771973,308.1110743880272,322.3248952627182,0.0045112952390122165,0.4591819290432596,0.480364970585273,5,349,360,0.007451564828614009,0.5201192250372578,0.5365126676602087,1,False,0.8757010963268957,-0.46868208649332943,0.1161236052322361,0.29429485155848145,0.46000217508087005,0.529729549847846,0.2821341095323415,0.31649147161855345,0.8725820417872127,82,2.9908507908650797,19.902608247692804,8:6=162;17:34=76;17:33=76;8:5=69;17:32=30,nan,nan,0
381,1691509870.561687,707,707,707,707,0.9999998818456066,0.9999999997420619,0.9999999983061848,1.0000000620069431,1.0000001101488756,11.697943574141712,342.92629926815624,352.37575679297754,0.03411212146489335,0.033197356369253035,0.97318357650134,30.122880535336453,1.9157330393791199,476.7616267800331,484.77298706769943,0.0027096648364626874,0.6743445923338517,0.6856760778892496,3,683,685,0.004243281471004243,0.9660537482319661,0.9688826025459689,1,False,0.8776062396289093,-0.4675455158677783,0.10587010322247999,0.29444679248496325,0.46959999412343684,0.5182478381598077,0.2666413669643955,0.511449606954794,0.42107764693919897,84,3.0539936165950867,21.199839620849584,8:6=161;17:33=88;17:34=70;8:5=68;9:5=30,nan,nan,0
382,1691509870.662336,665,665,665,665,0.9999998816327628,1.0000000015705757,1.0000000007839578,1.0000000604354222,1.000000115493071,11.176396641074987,311.67680253259846,342.14680291519215,0.03585892998856096,0.03266550073199216,0.9109446584829077,30.61333754546163,3.206096112728119,313.0876161456108,341.19464814662933,0.004821197161997171,0.4708084453317456,0.5130746588671118,5,323,350,0.007518796992481203,0.4857142857142857,0.5263157894736842,1,False,0.8773188521509072,-0.4661541098394718,0.1140700554062459,0.28882972820021,0.4508869797737332,0.5407348392650467,0.2555486918550949,0.2253222646449461,0.9166017749681765,84,3.12960397402114,22.86492264580364,8:6=135;17:34=75;17:33=72;8:5=62;17:32=31,nan,nan,0
383,1691509870.7631147,638,638,638,638,0.9999998715380631,0.9999999991830714,0.9999999983588267,1.0000000605460324,1.0000001178482398,9.93952802093599,294.2359212720325,333.82454966463024,0.03378081091515169,0.02977470659638881,0.8814088765120192,33.585553455001424,2.7647988200187683,295.62280106544495,330.7561505436897,0.004333540470248853,0.4633586223596316,0.5184265682502974,5,304,337,0.007836990595611285,0.47648902821316613,0.5282131661442007,1,False,0.8740058434181318,-0.47106221845386875,0.11922320250806627,0.2862964033394202,0.4420869704562866,0.5491873040971911,0.2340191324147289,0.16339882828420682,0.946100596548175,74,2.9565499657018193,19.231507808434664,8:6=143;17:33=91;17:34=68;8:5=57;17:32=32,nan,nan,0
384,1691509870.8640168,652,652,652,652,0.9999999032012675,0.9999999990521775,0.9999999981080453,1.0000000564680815,1.0000001122732478,12.681136581470314,296.80982581654905,342.50903636602004,0.04272478697962047,0.037024239465374864,0.8665751682515178,27.00933265449522,3.645254075527191,298.7555882334709,343.34581941366196,0.00559088048393741,0.4582140923826241,0.5266040175056165,6,306,350,0.009202453987730062,0.46932515337423314,0.5368098159509203,1,False,0.873787734693418,-0.47316108289291553,0.11231021474001492,0.28888667790862727,0.4382933041560042,0.5527869334113003,0.2228392798113531,0.1652601553904271,0.9385902566192539,90,3.128157812450189,22.831880171487505,8:6=136;17:33=78;17:34=74;8:5=58;17:32=33,nan,nan,0
385,1691509870.96464,660,660,660,660,0.9999998816327628,1.0000000001559934,1.0000000011403007,1.0000000567276832,1.0000001199723128,12.657250361688646,284.2811893948023,363.0615604494206,0.04452369989247015,0.03486254602668677,0.7830109831591674,28.684078300951246,3.1958510875701904,287.04497492313385,363.38561284542084,0.004842198617530592,0.43491662867141495,0.5505842618870013,4,295,369,0.006060606060606061,0.44696969696969696,0.5590909090909091,1,False,0.8716917572176355,-0.47761483048094694,0.10971578784973024,0.2778512853228867,0.4167676156444754,0.5778719694254394,0.19627004343404572,0.11299664033870435,0.9610142735855625,87,3.2022303797172587,24.58730811994989,8:6=116;17:34=83;17:33=80;8:5=59;17:32=32,nan,nan,0
386,1691509871.064944,643,643,643,643,0.9999998940990914,1.0000000018067483,1.000000001785008,1.0000000645106917,1.0000001019135152,11.3814511825263,285.37614890052146,346.24240224043086,0.03988227897242292,0.0328713384290322,0.8242091293669923,30.421639269692555,4.152851760387421,287.0020485520363,346.53723537921906,0.006458556392515429,0.4463484425381591,0.5389381576659705,6,294,352,0.00933125972006221,0.4572317262830482,0.5474339035769828,1,False,0.8789353993610197,-0.46223356656032744,0.11752741678010403,0.2773744753678552,0.4311563146054532,0.5608780815675523,0.21467897918177242,0.15978399753262798,0.9538082121828779,82,3.0720894450351404,21.586960352972284,8:6=138;17:33=84;17:34=71;8:5=57;17:35=29,nan,nan,0
387,1691509871.1650147,656,656,656,656,0.9999998930031335,0.999999999549134,1.000000002206394,1.0000000564170648,1.0000001143312094,11.002069033597435,307.54706851119215,337.45086186367405,0.035773610481340194,0.03260346994769903,0.9113832657373307,30.671581939105053,2.9555397629737854,307.3718167543411,335.2207574248314,0.004505395980142966,0.46855459871088584,0.511007252171999,5,318,344,0.007621951219512195,0.4847560975609756,0.524390243902439,1,False,0.8739491267512837,-0.47102522779380074,0.11978379954095106,0.29172821250296965,0.44910086487328027,0.5411639202174271,0.2509203046980065,0.1959704368774785,0.903124588053287,79,3.05649237878995,21.252879217703615,8:6=141;17:33=79;17:34=73;8:5=55;17:35=33,nan,nan,0
388,1691509871.264411,698,698,698,698,0.9999998841426856,1.000000001454153,1.0000000021325595,1.0000000597299634,1.0000001080225749,13.555286496713077,324.0989717011725,360.34574383211196,0.041824527938371235,0.03761744582455397,0.8994111273648701,26.583410385275855,3.5317829847335815,325.1833630800247,358.7291691303253,0.005059861009646965,0.4658787436676572,0.5139386377225291,5,335,367,0.0071633237822349575,0.4799426934097421,0.5257879656160458,1,False,0.870146524048578,-0.47886700163991075,0.11632463808918288,0.2947683676596,0.4461043844415265,0.5444487225682563,0.2551161775525117,0.2336877263553739,0.9117192754363659,91,3.152294579089708,23.389672507058485,8:6=146;17:33=86;17:34=67;8:5=66;17:32=36,nan,nan,0
389,1691509871.3637497,672,672,672,672,0.9999999069687792,1.0000000028359588,1.0000000039573074,1.0000000579879906,1.0000000962838493,11.204972929908047,323.2963234986937,337.49870738292685,0.034658522585869496,0.033200046947720184,0.9579187013948498,30.120439334760313,2.7073734402656555,312.2273014187813,321.1539598107338,0.004028829524204845,0.464623960444615,0.4779076782897824,4,343,348,0.005952380952380952,0.5104166666666666,0.5178571428571429,1,False,0.8767098145810353,-0.46682918360250075,0.11597592144195012,0.29526175162074,0.4622454041891686,0.526623425121845,0.2635078571874518,0.284059958011213,0.8473162794348934,86,3.053164283875175,21.18226518872823,8:6=147;8:5=80;17:34=78;17:33=67;17:32=30,nan,nan,0
390,1691509871.4628098,669,669,669,669,0.9999998868848498,1.000000001671896,1.0000000020414996,1.0000000630069514,1.0000001199723128,12.672118258193372,322.87090763704833,333.45697634175485,0.03924825048789651,0.03800225863382722,0.9682535695583798,26.31422541579839,4.618943870067596,306.04582715034485,314.9130610227585,0.006904250926857394,0.4574676041111283,0.47072206430905605,7,346,356,0.01046337817638266,0.5171898355754858,0.5321375186846039,1,False,0.8762406335777161,-0.46803509051757763,0.11465385345257934,0.2948109969666599,0.4643098433546755,0.5235773451676254,0.2572908085590913,0.4366955352735341,0.6689928194941825,84,3.0555542651004157,21.232950949719473,8:6=141;17:33=88;8:5=75;17:34=58;17:32=33,nan,nan,0
391,1691509871.5618997,657,657,657,657,0.9999998816327628,1.0000000020440838,1.0000000018818735,1.000000061331001,1.0000001204406916,13.114275297079315,312.8344971730596,331.0512302157873,0.0419208092956082,0.03961403583527271,0.9449730694827698,25.24357791158432,3.039203703403473,310.09321212768555,324.5576463341713,0.004625880827098132,0.47198358010302216,0.49399946169584674,4,324,336,0.0060882800608828,0.4931506849315068,0.5114155251141552,1,False,0.8740068287428124,-0.47327674279409904,0.11009626715352465,0.294494850098494,0.45482216277960313,0.5302438358697836,0.2555486918550949,0.24648645776127318,0.8745179089690305,87,3.2098457314037927,24.775263884581623,8:6=121;17:34=69;8:5=69;17:33=64;17:35=34,nan,nan,0
392,1691509871.660885,622,622,622,622,0.9999998985449507,1.0000000004116356,1.0000000008954033,1.0000000580231097,1.0000000946075356,12.241371764370397,279.4742724273857,330.28435632031835,0.04380142636403502,0.03706312917981013,0.8461626083081704,26.98099221866951,5.772689938545227,283.1088362932205,330.41645431518555,0.00928085199123027,0.455158900792959,0.5312161644938674,9,290,335,0.014469453376205787,0.4662379421221865,0.5385852090032154,1,False,0.8718619192067555,-0.4766066562101723,0.11270709424553399,0.2855322150434859,0.4307390830427314,0.5588063559073473,0.2190435998560878,0.14047463106381297,0.9610559590537385,85,3.150640755959549,23.35102209494173,8:6=124;17:33=79;17:34=66;8:5=60;17:32=32,nan,nan,0
393,1691509871.7604492,646,646,646,646,0.999999891614874,0.9999999969976386,0.9999999972397026,1.0000000579595727,1.0000001020088216,12.810889375335353,284.52690707795915,348.66219966765493,0.045025229799532544,0.03674298328739595,0.8160532095224845,27.216080746035473,4.8462812304496765,284.88796097040176,352.0800107717514,0.007501983328869468,0.4410030355578975,0.5450154965506988,6,290,358,0.009287925696594427,0.44891640866873067,0.5541795665634675,1,False,0.8713758765156759,-0.474975635019434,0.12289112239874303,0.2870916219234394,0.4235752853754647,0.5643131026118378,0.2216264363794233,0.141156795259904,0.9403490534199956,82,3.0563913374233573,21.2507319062289,8:6=134;17:33=92;17:34=74;8:5=64;9:5=24,nan,nan,0
394,1691509871.86008,634,634,634,634,0.9999998967178866,1.0000000012200463,1.0000000008144179,1.0000000645281784,1.000000097082205,10.875728174758207,287.30450163199134,335.8197717402696,0.03785436048854166,0.03238561005029131,0.8555318233442163,30.8779114689243,0.8169613480567932,288.7995100617409,337.7117161154747,0.001288582567912923,0.4555197319585818,0.5326683219486983,1,295,343,0.0015772870662460567,0.46529968454258674,0.5410094637223974,1,False,0.8733935983573279,-0.47069472176151933,0.12502040335195155,0.28933521009027163,0.4367615059575718,0.5565713142881539,0.2404917812956564,0.20337149590342438,0.9215761987738459,84,3.0982077985441387,22.158203709305276,8:6=129;17:33=84;17:34=68;8:5=61;17:32=29,nan,nan,0
395,1691509871.9604068,620,620,620,620,0.9999998825589368,0.9999999996917036,0.9999999982307769,1.0000000632345485,1.0000001066910449,11.845905241356238,277.59812599212626,330.5559683842307,0.042672857386984786,0.035836307234927395,0.839791601249966,27.904660863755595,4.413100719451904,279.3818969130516,331.5528571009636,0.007117904386212749,0.45061596276298643,0.5347626727434897,7,285,337,0.01129032258064516,0.4596774193548387,0.5435483870967742,1,False,0.8714867268418446,-0.4779823172175709,0.10974419969095975,0.28656385856156696,0.42807223856830534,0.5605326521316639,0.21785464567473933,0.1406752063587698,0.9505904380215181,94,3.15522743181989,23.45837166494156,8:6=124;17:33=76;17:34=69;8:5=60;17:32=30,nan,nan,0
396,1691509872.060801,688,688,688,688,0.9999998930031335,0.9999999986471871,0.9999999973303091,1.0000000547403185,1.000000096317638,15.657957359373903,307.0465189552396,365.29552182391615,0.05099539122818219,0.042863808680692034,0.8405427951105451,23.32970472711281,7.725610435009003,309.492215692997,367.300845682621,0.011229084934606108,0.44984333676307703,0.5338675082596236,11,320,377,0.015988372093023256,0.46511627906976744,0.5479651162790697,1,False,0.8711919509338195,-0.47490455693110295,0.12445981855280877,0.29032126791803053,0.43199469740396335,0.558050644198417,0.23874085485684646,0.15646157646783201,0.9195925867099384,93,3.124334057671519,22.74474336164192,8:6=157;17:33=85;17:34=73;8:5=61;17:32=35,nan,nan,0
397,1691509872.1609514,709,709,709,709,0.9999998930031335,0.999999999356216,0.9999999973789184,1.0000000580205615,1.0000000978893717,13.049185050143373,334.56838623083223,361.3824278061385,0.03900304268778167,0.03610907461483859,0.9258014792304996,27.69386949587077,3.883603513240814,331.2652497291565,354.53388327360153,0.005477579003160528,0.4672288430594591,0.5000477902307497,7,348,369,0.009873060648801129,0.4908321579689704,0.5204513399153737,1,False,0.87288812283962,-0.4743082989797017,0.11444633032345893,0.29397782776939896,0.45178378334425084,0.5349136896437464,0.2514871174437234,0.2637097963213082,0.888938361188339,85,3.0905898134385246,21.990044175136457,8:6=156;17:33=83;17:34=73;8:5=68;17:32=32,nan,nan,0
398,1691509872.2612817,701,701,701,701,0.9999999031333352,1.0000000009244612,1.0000000026510016,1.0000000622293965,1.0000001011450037,13.399277459703177,339.9306072738848,347.6701165625066,0.039417684589099895,0.03854020469801913,0.9777389285994893,25.946930169039746,4.950056076049805,423.99754905700684,456.3010736107826,0.00706142093587704,0.6048467176276845,0.6509287783320722,8,592,645,0.011412268188302425,0.8445078459343794,0.920114122681883,1,False,0.8738314989359699,-0.47308602710629605,0.11228589592685737,0.302574058889644,0.4693146924645513,0.5172359744376994,0.3213471730198304,0.5081630790409865,0.48231844241962035,92,3.0632910982526695,21.397863877831746,8:6=171;17:33=83;8:5=74;17:34=68;17:32=30,nan,nan,0
399,1691509872.3614025,691,691,691,691,0.9999998946609887,0.999999999818282,0.9999999985307687,1.0000000577296073,1.0000001122732478,11.566407975365866,334.07710737288704,345.35648440061277,0.03462197115606542,0.03349121414482798,0.9673399008352145,29.858577108481125,1.965834379196167,317.8156442642212,327.3159336447716,0.002844912270906175,0.4599358093548787,0.47368441916754206,3,357,366,0.004341534008683068,0.516642547033285,0.5296671490593343,1,False,0.8747120435156223,-0.4704174963348188,0.11655994196465974,0.3008165610669472,0.47347257215763555,0.5154493908287869,0.2941921352645876,0.642163987227972,0.35499169711934464,82,3.0253864152888235,20.601964087187785,8:6=152;17:33=82;8:5=77;17:34=74;9:5=31,nan,nan,0
400,1691509872.4612007,672,672,672,672,0.999999908935521,1.000000001544333,1.0000000020547386,1.000000055890086,1.0000001314066531,13.03884126761522,324.06577855640944,334.89538225155934,0.04023516869228935,0.038934073022902985,0.9676627261255721,25.684443531293258,3.622657358646393,307.31317406892776,327.1181342601776,0.00539085916465237,0.4573112709359044,0.4867829378871691,5,361,390,0.00744047619047619,0.5372023809523809,0.5803571428571429,1,False,0.8709514338910643,-0.47752511409444853,0.11581608356434196,0.30153430852847113,0.46061029184592883,0.5258658363181711,0.2763210142046404,0.37615220579726394,0.7161065388152694,90,3.099461737589372,22.18600617376351,8:6=155;17:33=80;8:5=67;17:34=63;17:32=30,nan,nan,0
401,1691509872.5613801,694,694,694,694,0.9999998979425607,0.9999999995614754,0.9999999990766689,1.0000000581818378,1.0000001066910449,14.356062540472209,326.4233488653078,353.2205879855482,0.043979888664140744,0.04064333458688308,0.9241345492541425,24.604280386057013,4.798995494842529,323.6245899796486,347.46351170539856,0.006914979099196728,0.4663178529966118,0.500667884301727,7,338,359,0.010086455331412104,0.48703170028818443,0.5172910662824207,1,False,0.8749917298171647,-0.4690155879363841,0.12005769872962599,0.29293667937720747,0.4541135205766925,0.5350396654323537,0.23924665705834314,0.235651520685299,0.9081911208648026,87,3.131493811818953,22.908174497483028,8:6=145;17:33=81;8:5=75;17:34=68;17:32=34,nan,nan,0
402,1691509872.6616354,637,637,637,637,0.9999998996207062,1.000000000468623,0.9999999995965028,1.0000000619204035,1.0000001122732478,10.9975650195878,300.4394236123798,325.56301196505825,0.03660493315876085,0.03378014275395676,0.9228303356667099,29.603190468544344,2.312188982963562,295.8700246810913,319.2431461215019,0.0036298100203509607,0.46447413607706645,0.5011666344136608,4,314,337,0.006279434850863423,0.49293563579277866,0.5290423861852434,1,False,0.8657546425011736,-0.48540373998058717,0.12186922581408098,0.3012623119727441,0.44920947742294404,0.5375812643041292,0.27337543251766694,0.25297574204463763,0.8859136302845607,82,3.0679571057264563,21.497939766463098,8:6=146;17:33=77;17:34=69;8:5=62;17:32=29,nan,nan,0
403,1691509872.7617102,649,649,649,649,0.99999990853394,0.9999999991305428,0.9999999983433323,1.0000000582702335,1.000000100535059,10.373202964119308,310.8479495252764,327.77884638204927,0.033370665561607046,0.03164695671675106,0.9483465847669782,31.598614961630407,1.6948884725570679,302.56661212444305,316.18336921930313,0.0026115384785162835,0.4662043330114685,0.4871854687508523,3,328,340,0.004622496147919877,0.5053929121725732,0.5238828967642527,1,False,0.8745580315713789,-0.4728299028107976,0.10761102370076694,0.29644437643363714,0.4580531936844243,0.5325587918034071,0.2733728763667085,0.2803744132969829,0.8835370729627567,83,3.081324867580974,21.787248502561766,8:6=141;17:34=72;17:33=70;8:5=70;17:32=26,nan,nan,0
404,1691509872.8615925,655,655,655,655,0.9999999016623203,1.0000000029572613,1.000000003082941,1.0000000584609274,1.0000001216606818,11.051169201514018,308.79002645831605,335.1588082141824,0.03578862092233354,0.032972933817248196,0.9213245150966898,30.327904867139797,4.022024393081665,296.3635532259941,319.5716994404793,0.006140495256613229,0.45246344003968564,0.4878957243366096,6,330,352,0.00916030534351145,0.5038167938931297,0.5374045801526718,1,False,0.8668784661211159,-0.4842226156799085,0.11853346970206084,0.2974800762659937,0.4516495669905161,0.5347263462516048,0.23810973493685678,0.28509397710667655,0.8740438006242742,81,2.969051338098304,19.473437122714703,8:6=147;17:33=79;17:34=75;8:5=71;17:32=37,nan,nan,0
405,1691509872.9616055,653,653,653,653,0.999999897815249,1.0000000021894042,1.0000000044082886,1.0000000606768658,1.0000001216606818,11.166849529027353,296.5368035043534,345.2963498259815,0.037657550081682915,0.03233990030492675,0.8587892795675326,30.92155481529599,3.260937988758087,297.7673178911209,347.6099287867546,0.004993779462110394,0.4559989554228498,0.5323276091680775,5,305,355,0.007656967840735069,0.4670750382848392,0.5436447166921899,1,False,0.8777290873424141,-0.4643628460851796,0.11814735040924473,0.28558766702219585,0.4378789335800882,0.5533981063363559,0.23784340562099027,0.1708261441699699,0.9313463548646627,84,3.079756597919877,21.753107000275023,8:6=144;17:34=76;17:33=71;8:5=64;17:35=30,nan,nan,0
406,1691509873.0623112,665,665,665,665,0.9999998983963915,1.0000000002173153,0.9999999988215265,1.0000000553378858,1.0000001212300977,11.532804904827847,300.54554017993814,352.9216552042633,0.038372903147799495,0.03267808799704544,0.8515927989910084,30.601545601150654,4.68965470790863,300.8723252415657,353.13692051172256,0.007052112342719745,0.4524395868294221,0.5310329631755226,8,309,361,0.012030075187969926,0.46466165413533833,0.5428571428571428,1,False,0.8715706549082718,-0.4768915331841226,0.11374998496731027,0.2891119017659629,0.4326881165722549,0.5562746078290101,0.23420007605254983,0.16020045587771792,0.9455897764966598,85,3.034319933316905,20.786836656469596,8:6=146;17:33=81;17:34=75;8:5=72;17:35=36,nan,nan,0
407,1691509873.1627326,623,623,623,623,0.9999998877733679,0.9999999983620973,0.9999999967947367,1.000000056073019,1.0000000933422986,13.50849554449255,286.09307993174195,323.3984224829388,0.04721713488391785,0.04177044353147766,0.8846458734560928,23.940373035455398,6.584246814250946,286.862904548645,323.51205813884735,0.010568614469102643,0.46045410039910917,0.5192809921971867,9,296,331,0.014446227929373997,0.4751203852327448,0.5313001605136437,1,False,0.8712644575301116,-0.47625123686477583,0.11867183503060653,0.2951259321689881,0.4412549766290946,0.5457430745563367,0.2557678490936233,0.17733868940036052,0.9231849175570562,84,3.1337405051231046,22.959699999063087,8:6=125;17:33=74;17:34=64;8:5=63;17:32=31,nan,nan,0
408,1691509873.2630453,621,621,621,621,0.9999998983963915,1.0000000008984014,0.9999999992375932,1.0000000604931139,1.0000001061284625,10.057070317236988,293.288749845877,317.6541809527002,0.03429067880210874,0.03166043741994544,0.923295733008308,31.585160581831385,3.5345953702926636,294.27148193120956,318.93769359588623,0.005691779984368218,0.47386712066217324,0.5135872682703482,5,299,323,0.008051529790660225,0.48148148148148145,0.5201288244766505,1,False,0.8758839380025554,-0.46766864196272045,0.11879969896376127,0.29426438051023174,0.4499988867622148,0.5375229259294078,0.2590911804875347,0.194459210130683,0.916601727708754,79,2.975813887056641,19.605573480366033,8:6=149;17:33=76;17:34=72;8:5=57;17:35=28,nan,nan,0
409,1691509873.3638618,634,634,634,634,0.9999998954228272,1.0000000028594096,1.0000000030827236,1.0000000636382778,1.0000000984490016,10.247385718849712,294.7432177397302,329.0094001671511,0.03476716376184288,0.031146179147597586,0.8958504455799372,32.10666692890751,1.4526031017303467,297.18905425071716,330.6199384331703,0.002291172084748181,0.4687524514995539,0.5214825527337071,2,303,335,0.0031545741324921135,0.47791798107255523,0.5283911671924291,1,False,0.8762838793313154,-0.4665591091284981,0.12020466094658362,0.2892034322727115,0.4465629941356881,0.5456688322207236,0.2450979716848487,0.1902128498098486,0.9166695026827933,82,3.0584693117716784,21.294936293898793,8:6=140;17:33=75;17:34=67;8:5=66;9:5=28,nan,nan,0
410,1691509873.4643366,656,656,656,656,0.9999998784788234,1.00000000197481,1.0000000021230577,1.0000000598837147,1.0000000996288159,9.944800808484718,320.968605592554,325.08659618991163,0.03098371814316603,0.03059123607383396,0.9873326349175223,32.68910081261294,2.644463360309601,320.5412619113922,324.684746325016,0.004031194146813416,0.4886299724259028,0.49494625964179273,4,328,332,0.006097560975609756,0.5,0.5060975609756098,1,False,0.8695046325291645,-0.4768311609103081,0.12881668368363988,0.3044812291527302,0.46461024639561693,0.5212500182291182,0.29664634202646845,0.46675112157722176,0.7626421576336935,76,2.8970780230622317,18.121118445263093,8:6=152;8:5=85;17:34=78;17:33=72;9:5=29,nan,nan,0
411,1691509873.5642533,667,667,667,667,0.9999999021970466,1.0000000013711297,1.0000000013478791,1.000000062182266,1.0000000939696854,12.436261494567669,324.03559788014695,330.5281424543722,0.03837930639697045,0.03762542397213404,0.9803570596863125,26.577773601717162,6.0337876081466675,384.9595519900322,420.84202605485916,0.009046158333053474,0.5771507526087439,0.6309475652996389,9,526,589,0.013493253373313344,0.7886056971514243,0.8830584707646177,1,False,0.8713575782810873,-0.4759585229010637,0.11916146713580021,0.3055048542161393,0.4672853972611606,0.5156095858895016,0.30255599926332144,0.441636600414881,0.5490807171147474,82,3.0107441025796886,20.302501449705336,8:6=153;17:33=79;8:5=76;17:34=62;9:6=26,nan,nan,0
412,1691509873.6634278,670,670,670,670,0.9999999087608935,1.00000000082209,0.9999999975809369,1.0000000648385747,1.0000001061284625,13.458620995583832,319.1085863401767,337.4327937658397,0.042175678034675784,0.03988533789316102,0.9456952383875914,25.071869835443117,6.900299668312073,322.5492997765541,337.8326806426048,0.01029895472882399,0.48141686533814043,0.5042278815561266,11,332,344,0.016417910447761194,0.4955223880597015,0.5134328358208955,1,False,0.8704322254360599,-0.47738316819605064,0.12022084530367175,0.300975227868095,0.4525121509728959,0.5306439506149184,0.27308156112653775,0.23030747417546915,0.8672502165179086,80,2.98065007853427,19.70061943270774,8:6=154;17:34=83;17:33=78;8:5=71;17:35=29,nan,nan,0
413,1691509873.7626514,696,696,696,696,0.999999882200342,1.0000000033909144,1.000000002293657,1.0000000621883343,1.0000001164677825,13.57917245719943,335.53238383741694,346.88844842553635,0.04047052717206352,0.03914564615464374,0.9672630650006867,25.545625075379494,4.806057393550873,473.4692836999893,482.370756983757,0.006905254875791484,0.6802719593390651,0.6930614324479267,7,677,679,0.010057471264367816,0.9727011494252874,0.9755747126436781,1,False,0.8711709217082599,-0.4778534534303102,0.11277101673172572,0.30214067214565193,0.4645301414392166,0.5194035429821309,0.2717081108377943,0.5010723450806585,0.6494037936380097,85,3.015578534837176,20.400890152755224,8:6=162;17:33=78;8:5=77;17:34=74;17:32=27,nan,nan,0
414,1691509873.8626466,641,641,641,641,0.9999998825589368,1.0000000017179989,1.0000000007218022,1.000000062615237,1.0000001164677825,11.669150210090837,306.7051630438749,322.62568894850887,0.03804680069380357,0.03616931512218556,0.950653260264173,27.647744963426724,5.51455694437027,300.3590708374977,312.8501417040825,0.008603052955335835,0.4685788936622429,0.4880657436881162,9,320,329,0.014040561622464899,0.49921996879875197,0.5132605304212169,1,False,0.8642701853395242,-0.4878665518169385,0.12256946745187107,0.30623881545598597,0.4527431918980053,0.5295742444277374,0.28671232836474037,0.30904319880416675,0.8857624404286535,81,3.0610974997711398,21.350977000414055,8:6=143;8:5=78;17:34=70;17:33=65;17:32=26,nan,nan,0
415,1691509873.962066,655,655,655,655,0.9999999049162417,1.0000000003826643,1.000000001169398,1.000000057113606,1.0000000953806822,13.701211682702258,316.65115141997705,324.6476373986109,0.0432691042532488,0.04220333094825375,0.975368722708998,23.694812175515665,6.498328149318695,310.04119551181793,312.4498621225357,0.009921111678349153,0.47334533665926404,0.4770226902634133,10,334,332,0.015267175572519083,0.5099236641221374,0.5068702290076336,1,False,0.8712039425127488,-0.47670243464099443,0.11729654452536711,0.30245556306640725,0.46115967318452034,0.5238825892447918,0.2793370510650896,0.395890412029064,0.6265722337711499,92,3.0844650771770357,21.85577256302825,8:6=133;17:34=80;8:5=76;17:33=73;9:6=31,nan,nan,0
416,1691509874.061758,650,650,650,650,0.9999998945755848,1.000000001361847,1.0000000039764558,1.0000000599047798,1.000000100218318,10.829279552264783,317.63744481676866,321.53327740136814,0.034093208244109025,0.03368012057659169,0.9878835789064025,29.691105105336785,2.6796123385429382,307.103598177433,306.5431373119354,0.004122480520835289,0.4724670741191277,0.4716048266337468,5,341,338,0.007692307692307693,0.5246153846153846,0.52,1,False,0.8742142156534783,-0.47103428812392234,0.11779730285946041,0.2952486838799511,0.46334487043567946,0.5204284313368287,0.25549028990540246,0.500058485033382,0.6740184900045398,80,3.0662547875917325,21.461374565372058,8:6=140;17:34=74;17:33=72;8:5=71;9:6=30,nan,nan,0
417,1691509874.1610506,645,645,645,645,0.9999998944086161,0.9999999997335252,0.9999999987662384,1.0000000601073782,1.000000117213353,13.948381450730139,292.00231459870895,339.04930360680817,0.04776805098240071,0.04113968470764336,0.8612385027557552,24.30742984800293,6.376207768917084,291.3183274269104,339.6691480278969,0.009885593440181525,0.45165632159210917,0.5266188341517781,9,298,346,0.013953488372093023,0.462015503875969,0.5364341085271318,1,False,0.8716934497156855,-0.47479747882452067,0.12131728576195042,0.29057468997533265,0.4366101796579597,0.5520145415747469,0.23931048757681017,0.19304427693544263,0.931151589836718,87,3.0847011820180494,21.860933425962862,8:6=130;17:33=85;8:5=71;17:34=68;17:35=32,nan,nan,0
418,1691509874.2606297,611,611,611,611,0.999999891614874,0.999999998303393,0.9999999992080355,1.0000000577801222,1.0000001212300977,12.348178869363199,277.5289876373764,321.12283142000723,0.044493294104101,0.03845313276156501,0.8642455798304388,26.005683495299714,5.160843849182129,280.30391532182693,322.8381978869438,0.008446552944651603,0.458762545534905,0.5283767559524448,8,288,329,0.01309328968903437,0.4713584288052373,0.5384615384615384,1,False,0.8743768293373021,-0.4684842564701343,0.12644232581565318,0.28847119079929434,0.43879670223845224,0.5511178763533507,0.2452957142500852,0.18559717107310414,0.9311508806507736,89,3.089595304217293,21.968185744436024,8:6=133;17:34=81;17:33=70;8:5=57;17:32=30,nan,nan,0
419,1691509874.361019,608,608,608,608,0.9999999036761424,0.9999999998109033,0.9999999973357954,1.0000000611206181,1.0000001164677825,9.454906526864233,277.04913242881986,321.4959608143744,0.034127183304908604,0.0294090989601058,0.8617499632873543,34.00308188144512,3.547030746936798,278.3281191587448,323.7869442105293,0.005833932149567102,0.4577765117742513,0.532544316135739,6,284,329,0.009868421052631578,0.46710526315789475,0.5411184210526315,1,False,0.8712807798187486,-0.4778217304694778,0.11205443592105822,0.2895286503610787,0.43542243902220396,0.5547238103004442,0.23516639225770816,0.19310446276899382,0.9363327973668436,82,3.061622981399183,21.362199494917647,8:6=125;17:33=72;17:34=68;8:5=68;17:35=33,nan,nan,0
420,1691509874.4615488,614,614,614,614,0.9999998944690629,1.000000000691941,1.0000000026819182,1.0000000572110324,1.000000108482349,12.83826387994481,282.59496596353836,318.5667710062206,0.045429910034566076,0.04030007222471461,0.8870823691715799,24.813851310835503,6.836245119571686,283.81362426280975,319.1818766593933,0.011133949706142812,0.4622371730664654,0.5198401899990119,10,290,324,0.016286644951140065,0.4723127035830619,0.5276872964169381,1,False,0.8754226207741664,-0.46653306898458896,0.12642045159194332,0.29214295847372224,0.44509686675474525,0.5454642783121494,0.23902143306579493,0.23647164429069462,0.9249381110501276,85,3.0681093992297797,21.501214012341226,8:6=126;17:33=83;17:34=65;8:5=61;17:35=29,nan,nan,0
421,1691509874.5623448,644,644,644,644,0.9999998916556427,1.0000000023897195,1.000000003085594,1.000000061712141,1.0000000958420485,12.927560051114988,311.1029386575137,319.9695043693301,0.04155396315734147,0.04040247546901575,0.9722893413567875,24.750958657641903,4.746400833129883,401.4918091893196,423.9101776480675,0.007370187629083669,0.6234344863188193,0.6582456174659432,7,568,600,0.010869565217391304,0.8819875776397516,0.9316770186335404,1,False,0.8719675360557421,-0.47388348301511934,0.12291078305151776,0.3034055980825585,0.4682352677636375,0.515704120032903,0.28138380900860344,0.5244068641373935,0.32754262727142547,87,3.147979816340557,23.288969031447312,8:6=138;8:5=73;17:33=67;17:34=65;17:35=26,nan,nan,0
422,1691509874.6629877,656,656,656,656,0.9999998819047676,1.0000000021059172,1.0000000020185529,1.0000000571821173,1.0000001074570166,14.41262945946295,306.7537729174475,334.83360038605275,0.046984359222018844,0.04304415519483599,0.9161379639431942,23.231957869159668,7.187574625015259,308.9948260188103,336.6546185016632,0.010956668635693992,0.4710286981994059,0.513193016008633,11,317,343,0.01676829268292683,0.48323170731707316,0.5228658536585366,1,False,0.8757016526332781,-0.46722620174921176,0.1218453609061498,0.29142187740667136,0.45013202845745515,0.5364695257484869,0.2321953800637097,0.2456877261063944,0.8877543761394353,93,3.1044725674117983,22.29745546867201,8:6=141;17:34=91;8:5=60;17:33=59;9:6=32,nan,nan,0
423,1691509874.7636588,656,656,656,656,0.9999998943761929,1.0000000028001255,1.0000000004199356,1.000000062476896,1.0000001076080605,13.671004328680954,310.75897945163234,331.5700198934514,0.043992306683478345,0.041231123166907774,0.9372348548022931,24.253523144443545,6.444979786872864,310.80479472875595,333.7587122321129,0.009824664309257415,0.4737877968426158,0.5087785247440745,10,320,345,0.01524390243902439,0.4878048780487805,0.5259146341463414,1,False,0.8740313516001852,-0.470317134133935,0.12194666768713136,0.3068850055922398,0.47980724058857127,0.5038331516843766,0.29745477299729406,0.7217295640607462,0.26211969695656934,90,3.0448666054601516,21.007228766354025,8:6=151;17:34=80;17:33=75;8:5=65;9:5=31,nan,nan,0
424,1691509874.8637872,663,663,663,663,0.9999998791712653,0.9999999984151419,0.9999999974648011,1.000000054860243,1.0000000970613467,12.75530527865884,314.4887574113478,335.7559352084713,0.04055885934890525,0.03798981325747541,0.9366588180074354,26.322845896148905,4.983251333236694,303.60101449489594,320.66966557502747,0.007516216188893959,0.45792008219441316,0.48366465395931746,7,332,347,0.010558069381598794,0.5007541478129713,0.5233785822021116,1,False,0.8730466664538897,-0.4733858310310854,0.1170272326117268,0.29855460991644955,0.45740888358871284,0.5310161989641655,0.2570502320659062,0.2773701207346058,0.8848871799649557,82,3.015435982385713,20.397982163127367,8:6=142;8:5=82;17:33=75;17:34=71;17:35=33,nan,nan,0
425,1691509874.9628508,683,683,683,683,0.9999998943761929,1.0000000034952603,1.0000000020884383,1.000000062975756,1.0000000970852616,14.83101709709141,327.13179813081206,341.0371895466223,0.04533651935346513,0.04348797595009473,0.9592261728572882,22.99486187049875,6.593698561191559,315.37847554683685,325.57329618930817,0.00965402424771824,0.46175472261615935,0.47668125357146146,10,343,352,0.014641288433382138,0.5021961932650073,0.5153733528550513,1,False,0.8694101716086401,-0.47983444552897114,0.11783402898712944,0.3097697072139439,0.47076217188649133,0.5112962384030542,0.3059614204091481,0.6362372782711059,0.3754335117909504,91,3.025603114367534,20.606428997578618,8:6=150;8:5=90;17:33=88;17:34=69;17:35=27,nan,nan,0
426,1691509875.0608475,671,671,671,671,0.9999998905369729,1.0000000002217944,1.0000000003807248,1.0000000622253593,1.0000000972292624,12.220357111469625,316.07704027679245,342.70260290938575,0.03866259030003607,0.03565878113479289,0.9223070895681718,28.04358332439699,5.511672258377075,316.0281266570091,339.90585947036743,0.008214116629474032,0.4709808146900285,0.5065661094938412,8,325,348,0.011922503725782414,0.4843517138599106,0.518628912071535,1,False,0.8719882971554874,-0.47691087392044595,0.11041932783851661,0.3097449613003081,0.4797257992007472,0.502296022354665,0.3359088242866181,0.7516508071343666,0.23623068404550582,87,2.947927348783492,19.066394760127686,8:6=167;8:5=87;17:34=82;17:33=63;17:35=28,nan,nan,0
427,1691509875.158738,681,681,681,681,0.9999998896520267,0.9999999989954996,0.9999999992139554,1.0000000549311043,1.0000001216606818,11.999341214282193,329.34538768028983,339.6552697372986,0.03643391303821897,0.035327999543663516,0.9696460412200205,28.306159785924297,5.325646340847015,320.884765625,364.77292186021805,0.00782033236541412,0.47119642529368577,0.5356430570634626,8,392,468,0.011747430249632892,0.5756240822320118,0.6872246696035242,1,False,0.8684221557106494,-0.4822616013075598,0.11518119366952727,0.3052951011087233,0.45854967236584976,0.5242317152342816,0.287554421564533,0.37951581521672095,0.6265715496798512,91,2.965287564581041,19.40028127316713,8:6=155;8:5=84;17:34=83;17:33=81;9:6=29,nan,nan,0
428,1691509875.2568555,634,634,634,634,0.9999999111698687,1.0000000021046211,1.0000000009839844,1.000000063367568,1.0000001031391146,11.779587024314381,306.433889342672,315.7865263016733,0.03844087561458247,0.03730237373415119,0.9703830398702108,26.807945444085153,5.152748703956604,422.1781091094017,428.11758691072464,0.008127363886366883,0.6658960711504759,0.6752643326667581,8,608,607,0.012618296529968454,0.9589905362776026,0.9574132492113565,1,False,0.8713621956140253,-0.47424156241921306,0.12578896823207072,0.3024411337489768,0.46338548578964117,0.5219552466845325,0.26540382292873943,0.4699536936178053,0.6665445004545165,79,2.917125990051228,18.488076116715987,8:6=147;17:34=83;8:5=77;17:33=73;17:35=23,nan,nan,0
429,1691509875.355714,594,594,594,594,0.9999999011318229,1.0000000013164325,1.0000000016881692,1.0000000603391266,1.0000001044890074,11.645028320124576,285.4330525769105,296.921920666887,0.04079775700463702,0.03921916002014882,0.9613067702641405,25.497741396966443,4.971289575099945,274.10770601034164,282.32309889793396,0.008369174368855127,0.4614607845291947,0.4752914122860841,8,299,306,0.013468013468013467,0.5033670033670034,0.5151515151515151,1,False,0.870187284237649,-0.480442586066399,0.10931153573587682,0.3027647913833516,0.4561022754948862,0.5263097378487753,0.26462292880918126,0.35525914134159925,0.7622835840567589,82,3.0444286285634536,20.99803010003942,8:6=127;17:34=74;8:5=68;17:33=63;9:5=24,nan,nan,0
430,1691509875.455483,561,561,561,561,0.9999998871784876,0.9999999982784704,0.9999999983298482,1.0000000608074362,1.0000001196097532,9.443829741502254,268.2287741632833,283.32739416365865,0.035208115799512836,0.03333186248854993,0.9467096358792121,30.00132381871902,3.710727870464325,267.01143354177475,278.60577327013016,0.006614488182645856,0.4759562095218801,0.49662348176493787,5,277,286,0.008912655971479501,0.49376114081996436,0.5098039215686274,1,False,0.8717437090125931,-0.47462496959132655,0.12163076928721452,0.2971758412666623,0.45392877342192395,0.5305071127327242,0.2624458914251367,0.3230719790058518,0.856626768418139,74,3.0112173451053024,20.312111730585112,8:6=120;17:34=69;8:5=66;17:33=53;17:35=26,nan,nan,0
431,1691509875.5557854,655,655,655,655,0.9999998972263124,1.0000000005678407,1.00000000212237,1.0000000575226995,1.0000001052714678,13.750431771784577,314.6813098849222,326.5682590871647,0.043696372615243846,0.04210584277302478,0.9636004147020617,23.74967306534125,6.489698350429535,306.4301034808159,318.679472386837,0.009907936412869519,0.46783221905468075,0.4865335456287588,10,327,341,0.015267175572519083,0.49923664122137407,0.5206106870229008,1,False,0.868395488165255,-0.4807707859447216,0.1214443391695264,0.31126752468441,0.4701714118539185,0.5119252108054725,0.3108611858924083,0.6281435694148811,0.44215398838869224,84,3.011017645614463,20.30805581721004,8:6=138;8:5=86;17:33=83;17:34=68;9:5=28,nan,nan,0
432,1691509875.656645,682,682,682,682,0.9999998922574378,0.9999999984964466,0.9999999985264032,1.0000000583022102,1.0000001212300977,12.477606080281282,321.93802761546993,347.5843642534025,0.03875778879773972,0.03589806494052944,0.926215505426949,27.856654715418532,5.156095027923584,323.770820915699,346.1447631716728,0.007560256639184141,0.4747372740699399,0.507543641014183,7,333,354,0.010263929618768328,0.48826979472140764,0.5190615835777126,1,False,0.8719555657208387,-0.4760077830863718,0.11449926571664092,0.29643151206498797,0.4481468461405415,0.5377697732067769,0.25602079779079884,0.20227370895417934,0.8930225376119373,74,2.961356043663545,19.324158398924236,8:6=141;17:33=93;17:34=72;8:5=71;17:35=36,nan,nan,0
433,1691509875.758618,686,686,686,686,0.9999999072087558,1.0000000009453356,1.0000000014129566,1.0000000577745647,1.0000001216606818,13.40049199472066,330.97878174601703,341.620727556263,0.04048746546237452,0.03922622637853166,0.9688486530475723,25.493148138952655,5.889057040214539,333.6578142642975,342.8990563750267,0.008584631253957054,0.4863816534464978,0.49985285185863954,9,341,349,0.013119533527696793,0.4970845481049563,0.5087463556851312,1,False,0.8679754373397167,-0.4818421171890249,0.12019490121350987,0.30405011926873704,0.45705866484159136,0.525916971804708,0.2705616962334084,0.4059330440127151,0.7655968575920107,84,2.9969738493632376,20.024846937671487,8:6=138;8:5=88;17:33=87;17:34=83;17:35=28,nan,nan,0
434,1691509875.8618987,660,660,660,660,0.9999999011318229,1.0000000003623082,1.000000000367707,1.0000000598867058,1.0000001216606818,11.120956222889193,320.90584508789146,327.9731991674663,0.034654888320414745,0.03390812496606079,0.9784514280510884,29.49145672315755,3.6762547492980957,311.0138462781906,312.86769968271255,0.005570082953481963,0.4712331004215009,0.47404196921623115,6,335,333,0.00909090909090909,0.5075757575757576,0.5045454545454545,1,False,0.8717513904460709,-0.4772587794232853,0.1107861485869858,0.2980869234380368,0.4593839648518186,0.5228554924095441,0.25153951468976393,0.4731523812326017,0.7340410666679915,80,2.993796678480571,19.961325539653636,8:6=135;17:33=81;8:5=78;17:34=73;17:35=28,nan,nan,0
435,1691509875.9662204,659,659,659,659,0.9999999011318229,1.0000000015118304,1.0000000026574598,1.0000000599052274,1.0000001212300977,12.34580700548852,319.40431776188905,327.2498772252147,0.03865259897548451,0.03772593319261076,0.9760257833254242,26.50696524574948,3.5125014781951904,321.65509819984436,330.0781382918358,0.005330047766608787,0.4880957484064406,0.5008772963457295,5,329,338,0.007587253414264037,0.4992412746585736,0.5128983308042488,1,False,0.8728836993925114,-0.4703643760881123,0.12973588956832344,0.3080160849954493,0.47351156015299073,0.5126453240600325,0.28671102549397,0.6449893125282629,0.41434705764947577,82,3.0369499779293987,20.841578919971365,8:6=153;8:5=70;17:33=66;17:34=63;9:6=31,nan,nan,0
436,1691509876.0694516,629,629,629,629,0.9999998769970594,1.0000000020123314,1.0000000001334957,1.000000068204565,1.0000001003352235,13.642238597232659,296.933825803617,318.4239381306635,0.04594369994833535,0.042843005702776785,0.9325110026174348,23.341032768277202,5.675976634025574,299.67477840185165,317.343630194664,0.009023810228975474,0.47643049030501056,0.5045208747132973,9,309,324,0.014308426073131956,0.4912559618441971,0.5151033386327504,1,False,0.8582546262947544,-0.49749662253215876,0.1260797644856081,0.3112553728575042,0.44632621936843475,0.536453468214438,0.2737517427481877,0.3242954351827137,0.826020372590555,81,3.0865511787634103,21.901413514121902,8:6=120;8:5=76;17:33=75;17:34=71;17:35=29,nan,nan,0
437,1691509876.171885,637,637,637,637,0.9999998973658132,0.9999999980391169,0.9999999976175095,1.000000057549157,1.0000001174557873,11.534981485052482,285.72357801058797,339.7414380061947,0.0403711222061801,0.03395223600849702,0.8410030277359873,29.453141164244265,3.3829950094223022,289.9878863096237,341.47946286201477,0.0053108241906158595,0.4552400099052178,0.5360745099874643,5,298,348,0.007849293563579277,0.46781789638932497,0.5463108320251178,1,False,0.8724822818346691,-0.4740093504818154,0.11870047826515358,0.2879992249042731,0.43229893559341737,0.5603752590303903,0.21322363722703103,0.15605623491079876,0.9489855537843825,80,2.9848930193824534,19.784385577364763,8:6=133;17:33=89;17:34=78;8:5=65;17:35=28,nan,nan,0
438,1691509876.2722018,664,664,664,664,0.9999998909224312,0.9999999991368649,0.999999999383818,1.000000055132964,1.0000000989381834,12.410383032532092,285.795016782284,365.79459903894053,0.043424070763228906,0.03392719046464365,0.7812991704447222,29.47488390004248,6.069942772388458,289.22788405418396,367.4867907166481,0.00914148007889828,0.43558416273220474,0.5534439619226628,8,296,373,0.012048192771084338,0.4457831325301205,0.5617469879518072,1,False,0.866732969490718,-0.4813690520307057,0.1306054950791195,0.2870240865132471,0.41364503204975406,0.5765407325155965,0.21359834496199748,0.10413870127192887,0.9619840107753046,77,2.9888725079169407,19.86327417696177,8:6=142;17:33=86;17:34=79;8:5=62;17:35=31,nan,nan,0
439,1691509876.3718,703,703,703,703,0.9999998978354009,0.9999999976673424,0.9999999964148212,1.000000059998599,1.0000001099192113,13.643235356777303,319.7689680586002,369.58779330490563,0.04266591420552439,0.0369147347502405,0.8652043542866539,27.089453757851665,5.602590382099152,321.1875218153,368.04408127069473,0.007969545351492392,0.4568812543603129,0.5235335437705473,8,332,376,0.011379800853485065,0.4722617354196302,0.534850640113798,1,False,0.8693394212404445,-0.48083646159485594,0.1142158827758557,0.29296794626883216,0.4360203988708659,0.5523878680087657,0.22491538036413622,0.1648287043707019,0.937254687314631,91,3.052478480234414,21.167743294295434,8:6=143;17:33=101;17:34=73;8:5=70;17:35=36,nan,nan,0
440,1691509876.470287,712,712,712,712,0.999999889827188,0.9999999983113073,0.9999999969804599,1.0000000553452935,1.0000001164677825,16.29131772617415,327.1694510256943,368.5392288434323,0.049794739927887424,0.04420511156247967,0.887746609912962,22.6218182615962,7.7893155217170715,323.5234280824661,361.96508872509,0.010940049890052067,0.45438683719447487,0.5083779336026545,10,338,374,0.014044943820224719,0.4747191011235955,0.5252808988764045,1,False,0.8687370836240823,-0.4807832076268665,0.11892597193357433,0.29608207962273625,0.4395357821111147,0.5418393556774441,0.21571057131939358,0.16177793698518628,0.948929775586689,83,3.024232884729019,20.578212793576416,8:6=142;17:34=87;8:5=85;17:33=84;17:32=34,nan,nan,0
441,1691509876.56905,685,685,685,685,0.999999899621812,0.9999999982109304,0.9999999967359234,1.0000000620143061,1.0000000970463914,12.915467759675646,313.77903446183865,358.30549532746016,0.04116102843463369,0.03604596616044649,0.8757304550271321,27.742355290154702,5.577336311340332,314.6144003868103,357.36648362874985,0.008142096804876398,0.45929109545519753,0.5217028958083939,8,323,364,0.01167883211678832,0.47153284671532847,0.5313868613138686,1,False,0.8729240210128723,-0.4715132390056135,0.12521549018054295,0.288373283092152,0.4401260234523629,0.5451255836750758,0.2020263926281298,0.16763714684880643,0.9435524031152422,81,3.0120536951913133,20.32910687293178,8:6=153;17:33=88;17:34=74;8:5=70;17:35=35,nan,nan,0
442,1691509876.6665425,616,616,616,616,0.9999998973658132,1.000000001195347,1.0000000002229315,1.0000000616032976,1.0000000942400782,10.81456059124111,292.5554557007183,312.6299851807076,0.03696584828793728,0.03459220517504114,0.9357882147216757,28.908246668284587,3.54219514131546,294.5821409225464,314.0800216794014,0.005750316787849773,0.4782177612379,0.5098701650639633,5,300,319,0.008116883116883116,0.487012987012987,0.5178571428571429,1,False,0.8687943403920733,-0.479351794198742,0.1241702520781413,0.3021713851082223,0.4499596909799411,0.5312411723632646,0.25778608978357753,0.2510357931204758,0.8978911829206225,78,2.917645871010063,18.49769021433116,8:6=146;17:33=79;17:34=78;8:5=69;9:6=24,nan,nan,0
443,1691509876.7630718,608,608,608,608,0.9999998947835231,0.9999999986808776,0.9999999980154038,1.0000000571231293,1.00000010262826,12.479388260499324,284.11568428844134,311.40492584700655,0.04392361615569923,0.0400744728958798,0.9123673413824789,24.953540938596188,3.692152261734009,283.01691633462906,309.25842529535294,0.0060726188515361984,0.46548834923458726,0.5086487258147252,5,294,319,0.008223684210526315,0.48355263157894735,0.524671052631579,1,False,0.8754533299734076,-0.47029657689061133,0.11136694663788266,0.2921523131039799,0.4501778966175678,0.5406150705706491,0.2228733047320164,0.32003095089833344,0.9032459130854661,78,3.0054674092930265,20.19565352638124,8:6=133;17:33=81;17:34=71;8:5=62;17:35=25,nan,nan,0
444,1691509876.859999,573,573,573,573,0.9999998995255371,0.9999999988774995,0.9999999989316952,1.0000000607743587,1.0000001007793702,9.725076648486365,277.1630703102313,286.1118517548966,0.03508792364581974,0.033990471170056755,0.9687227865963015,29.42000994916865,3.3155166506767273,276.87212085723877,287.2145072221756,0.005786241973257814,0.48319741859902055,0.5012469585029242,5,282,294,0.008726003490401396,0.49214659685863876,0.5130890052356021,1,False,0.8657482356558616,-0.48597805876631484,0.11960484461963312,0.3101995769295814,0.46782206703830753,0.510570394032699,0.29268178496789593,0.6389801865797685,0.24823027992295774,71,2.9199763690477547,18.540849316645232,8:6=123;8:5=79;17:34=71;17:33=70;9:6=21,nan,nan,0
445,1691509876.9566398,571,571,571,571,0.999999899621812,0.9999999993043942,0.9999999996069576,1.0000000536040932,1.000000098983248,8.99674362527768,270.8044261774889,291.19882940285174,0.033222291645193025,0.030895534998292732,0.9299639930998873,32.367136547571015,2.639007806777954,271.6424404978752,289.08471977710724,0.004621729959330918,0.4757310691731615,0.5062779680860021,4,279,295,0.0070052539404553416,0.4886164623467601,0.5166374781085814,1,False,0.8628640907326055,-0.49034337944852935,0.12259254118905208,0.3037882434847654,0.4470767478900593,0.5364252073983488,0.24584632570057768,0.3037010505658057,0.8977167708554629,75,2.951874984565277,19.141810701708092,8:6=126;17:33=79;8:5=67;17:34=66;17:35=22,nan,nan,0
446,1691509877.0538008,614,614,614,614,0.9999998844357872,1.000000000613528,1.000000000817016,1.0000000593670795,1.0000000921146988,10.560438205111348,274.8393401383114,328.6002224099896,0.03842404147745685,0.03213764777047304,0.8363942608517119,31.1161540863848,2.6329434514045715,277.6404638886452,329.37402349710464,0.004288181516945556,0.45218316594241886,0.5364397776825809,4,283,334,0.006514657980456026,0.4609120521172638,0.5439739413680782,1,False,0.8655700085018915,-0.4866288474129127,0.11824096264668946,0.29153869970519,0.4251053054479091,0.5600978947710737,0.2119430916698249,0.1139198476667048,0.9616464050361784,75,2.925566566281017,18.644786565385225,8:6=137;17:34=85;17:33=77;8:5=66;17:32=29,nan,nan,0
447,1691509877.1517453,655,655,655,655,0.9999998976164114,1.0000000015583246,1.0000000011717531,1.0000000620275111,1.000000098644236,10.260504227672367,295.43268711207884,349.3068107016542,0.03473042989241005,0.029373902578830473,0.8457684707568165,34.04382503537993,2.6300575137138367,298.0859940648079,350.13745254278183,0.004015354982769216,0.45509312070963037,0.5345609962485218,4,303,354,0.0061068702290076335,0.46259541984732827,0.5404580152671755,1,False,0.864700952652097,-0.4869087565954494,0.12333744457069577,0.2934533259198772,0.4275085646733735,0.5558470494717759,0.2129404183926869,0.1188474061593212,0.9586211346451594,69,2.9195160120731014,18.53231587171247,8:6=129;17:33=93;17:34=84;8:5=72;17:35=27,nan,nan,0
448,1691509877.2503479,680,680,680,680,0.9999999129582327,0.9999999984024313,0.9999999971657658,1.0000000581854591,1.0000000989000326,12.808523374977229,308.6942243152257,358.49725013710366,0.04149259158764725,0.03572837272832285,0.8610783602863584,27.988960135519214,5.1374693512916565,309.9240565896034,356.8436026573181,0.007555101987193612,0.45577067145529915,0.5247700039078208,7,318,363,0.010294117647058823,0.4676470588235294,0.5338235294117647,1,False,0.867936822672133,-0.4814003018858575,0.12222692499612227,0.29205244373955797,0.43424381384178534,0.5524926348383895,0.20729179814363405,0.14139425294036462,0.9257443939068974,81,2.957814612042658,19.255844249665586,8:6=144;17:33=104;17:34=82;8:5=73;17:35=27,nan,nan,0
449,1691509877.349612,701,701,701,701,0.9999998886237103,0.9999999985751319,0.9999999989316952,1.0000000544409193,1.0000000878860746,14.419047019613517,317.00672685614126,369.5742241265802,0.04548498753516019,0.0390152940283924,0.8577620033034706,25.630974337199028,6.435603380203247,319.1469981074333,369.1654100418091,0.009180603966053134,0.45527389173670946,0.5266268331552199,9,329,377,0.012838801711840228,0.4693295292439372,0.5378031383737518,1,False,0.8720027194810958,-0.4746374312544026,0.11971034236771759,0.2896227999197006,0.4361163748909936,0.5529099262083801,0.21250293295964978,0.15072023037906804,0.9515515854040609,87,3.0359649516152105,20.821059524037558,8:6=140;17:33=94;17:34=85;8:5=81;17:35=35,nan,nan,0
450,1691509877.4505413,739,739,739,739,0.9999999109108054,1.0000000012150096,1.0000000012896855,1.0000000576480133,1.00000010271781,15.47991291398826,335.3416754923531,388.17841338944294,0.04616161379661638,0.03987834557522888,0.8638854298060078,25.076265967792985,7.64209371805191,335.30282086133957,388.65233302116394,0.01034112817057092,0.4537250620586462,0.5259165534792476,10,343,396,0.013531799729364006,0.46414073071718537,0.5358592692828146,1,False,0.8657334533184021,-0.4858615699374529,0.12018370381756134,0.29475807972778756,0.4336925672532622,0.5492166794070339,0.22053555539511963,0.15860371652998376,0.9475437779863572,86,3.042393370835431,20.95533715731302,8:6=146;17:33=97;17:34=90;8:5=83;17:35=33,nan,nan,0
451,1691509877.5528066,667,667,667,667,0.9999998909224312,0.9999999985763459,0.9999999978219039,1.0000000582140223,1.0000001099797722,13.072983043699693,308.20018512156634,345.7268299355792,0.04241718102324693,0.037813041718907495,0.8914557923635682,26.44590211582937,5.942778289318085,305.56586933135986,340.12806111574173,0.008909712577688283,0.4581197441249773,0.5099371231120565,8,317,349,0.01199400299850075,0.4752623688155922,0.5232383808095952,1,False,0.8711438294410782,-0.4786468324221453,0.10957024340112027,0.2919170270280449,0.4395226359701068,0.5418131222891074,0.21018259269025805,0.13458493801271218,0.9457633192385039,77,2.9250610349412063,18.635363423499793,8:6=138;17:33=89;17:34=88;8:5=80;17:35=31,nan,nan,0
452,1691509877.656181,615,615,615,615,0.999999892971294,0.9999999999941478,0.9999999998663776,1.0000000595588463,1.0000001100909348,10.404422906960667,275.8302225126047,328.7653545732364,0.03772038760721811,0.031646956597560096,0.8389881070973987,31.598615080639306,4.450520157814026,276.7173892855644,327.0978150963783,0.007236618142787034,0.44994697444807225,0.5318663660103713,7,285,333,0.011382113821138212,0.4634146341463415,0.5414634146341464,1,False,0.8638545991208132,-0.49041134846735646,0.11511707463381994,0.2917081333670903,0.4258118910001258,0.5586190444147654,0.2164590558912519,0.12019924851192232,0.9589653288999097,80,2.973496131575478,19.56018517478638,8:6=116;17:33=84;8:5=77;17:34=76;17:32=29,nan,nan,0
453,1691509877.7606997,634,634,634,634,0.9999999052035404,1.0000000009011105,0.9999999991312515,1.000000060907862,1.0000000958788382,10.691168283132578,283.8802912269519,339.42854163252383,0.03766083315232821,0.031497552420642276,0.8363477327557497,31.748498633964928,4.30528050661087,285.12136340141296,339.0180766582489,0.006790663259638597,0.4497182388034905,0.5347288275366702,6,292,345,0.00946372239747634,0.4605678233438486,0.5441640378548895,1,False,0.865469878603334,-0.4853990073397695,0.1238938775884284,0.2922579490445849,0.42764850021749157,0.5584220402687814,0.21867250470719246,0.14343175806427,0.9606487188902167,72,2.928864875412382,18.70638436361365,8:6=116;17:33=85;8:5=82;17:34=80;17:35=39,nan,nan,0
454,1691509877.864129,706,706,706,706,0.9999998768098259,0.9999999992827908,0.9999999991465056,1.0000000606378583,1.000000093983432,14.727995678231277,325.34905676920874,365.92294653986045,0.045268290692106736,0.040248898893873924,0.88911903406355,24.845400184406156,6.760171711444855,330.525055706501,367.6827458143234,0.009575314038873732,0.46816580128399576,0.5207970903885601,10,339,374,0.014164305949008499,0.4801699716713881,0.5297450424929179,1,False,0.8696020252738442,-0.4785334772729125,0.12164714862553773,0.2953436588532103,0.44071185195437584,0.5460378468802796,0.22069907329963268,0.17053834237485993,0.92445806395795,92,3.0534104184477893,21.18747951820451,8:6=135;17:33=100;17:34=85;8:5=85;17:35=31,nan,nan,0
455,1691509877.967615,656,656,656,656,0.9999999002464617,1.0000000014900503,0.9999999996477396,1.0000000644570637,1.0000001019135751,9.243047118391912,300.9435131551831,345.81344168137116,0.03071356156338112,0.026728420599996104,0.8702481652881188,37.413359171703014,1.510923445224762,304.0247664451599,348.49144119024277,0.0023032369591840882,0.4634523878737194,0.5312369530339066,2,310,354,0.003048780487804878,0.4725609756097561,0.5396341463414634,1,False,0.8685475920969672,-0.4785829394086324,0.12877674622987492,0.2949789705833803,0.4351234234320243,0.5504560217229407,0.2416024905411203,0.12632665738828616,0.9377000669277173,70,2.913842194479451,18.427464626570753,8:6=130;17:34=90;17:33=83;8:5=80;17:32=27,nan,nan,0
456,1691509878.0706067,619,619,619,619,0.9999999019409571,1.0000000046129265,1.000000004569563,1.0000000614505369,1.0000001169610695,10.364304421746272,288.57149638685104,320.0642049022058,0.03591589797161453,0.03238195419232538,0.9016050278881476,30.881397523470124,2.9833009839057922,288.8361342549324,316.7822565436363,0.004819549247020666,0.4666173412842204,0.5117645501512703,5,299,325,0.008077544426494346,0.48303715670436187,0.5250403877221325,1,False,0.8645103421381722,-0.48615127242420164,0.12758843465012812,0.29944956187589794,0.44279671286362476,0.5435005789521284,0.22373461426073002,0.1806462192067462,0.9166019303286722,75,2.934763738647853,18.817056866665872,8:6=130;8:5=79;17:34=78;17:33=70;17:35=36,nan,nan,0
457,1691509878.1723864,636,636,636,636,0.9999999075136909,0.9999999987644814,0.999999999215931,1.000000057965009,1.0000000936524656,14.587183713207429,304.31249085343416,317.100323861779,0.04793488322578598,0.046001793803168246,0.9596725955602653,21.738282734773,6.524491667747498,304.34649831056595,314.17574352025986,0.010258634697716191,0.47853223004805967,0.4939870181136161,9,318,325,0.014150943396226415,0.5,0.5110062893081762,1,False,0.8680199926293571,-0.4793054499428895,0.12964404363785773,0.30545927746102913,0.45649557964522,0.5255683935900908,0.2562946210181605,0.3650610037050014,0.7339392186846877,81,3.093729661640217,22.059198085371587,8:6=122;8:5=78;17:34=71;17:33=68;17:32=27,nan,nan,0
458,1691509878.273516,650,650,650,650,0.999999872272705,0.9999999982356985,0.9999999976150795,1.0000000613395061,1.0000001057342214,12.014479912471028,310.18279417495665,327.8027236189809,0.0387335472440626,0.0366515560939511,0.946248373871034,27.28397117537495,3.854855477809906,294.593759059906,310.5380244255066,0.005930546888938317,0.4532211677844708,0.4777508068084717,6,325,341,0.009230769230769232,0.5,0.5246153846153846,1,False,0.8665471891574831,-0.48464660598166476,0.11922095568195401,0.3056702664801234,0.45400057549780987,0.5301011237208744,0.26818283770902207,0.31282579784305864,0.8133332465933788,80,2.970959742547268,19.510635800527606,8:6=146;17:33=84;8:5=72;17:34=71;17:35=33,nan,nan,0
459,1691509878.3742235,650,650,650,650,0.9999998930522455,1.0000000033688352,1.0000000039474464,1.0000000586765685,1.0000001120494255,10.303945275379851,282.3293014106547,357.3667576934514,0.0364961951306376,0.028832970760583606,0.7900267591560273,34.6825170497887,2.3719655871391296,284.2066695690155,358.6373325586319,0.0036491778263678916,0.4372410301061777,0.5517497423978952,4,290,364,0.006153846153846154,0.4461538461538462,0.56,1,False,0.8692444562672664,-0.47941709143502365,0.12072003847168977,0.2848257218626658,0.41810075742983593,0.573386229604405,0.2084382576440888,0.11340888689039999,0.9595859616101594,69,2.954145292089671,19.18531786720991,8:6=116;17:34=91;17:33=91;8:5=71;17:32=36,nan,nan,0
460,1691509878.4749541,667,667,667,667,0.9999998994913903,1.000000001304992,1.000000000701394,1.0000000599958265,1.000000108482349,11.22429637940952,305.47081841022674,350.3048869512231,0.03674425085127459,0.032041506691776196,0.872014150498451,31.209518629055637,2.2413182258605957,308.7294718027115,351.5864387154579,0.0033602971901957957,0.4628627763159093,0.5271161000231753,3,317,359,0.004497751124437781,0.4752623688155922,0.5382308845577212,1,False,0.8599986985405942,-0.49637980974029583,0.118360985931479,0.30068817996748504,0.43302820412884,0.551678320368737,0.24280676675803936,0.1605836557036563,0.9542248958071468,85,3.0293586798252963,20.68396329195826,8:6=133;17:33=94;17:34=79;8:5=78;16:34=24,nan,nan,0
461,1691509878.5726812,702,702,702,702,0.9999998739403391,0.9999999977547235,0.9999999980356202,1.0000000586128728,1.0000001012726818,14.191096355810174,321.71225291741354,366.09664757440834,0.04411114661353342,0.03876325131583147,0.8787631764697497,25.797629611930557,4.240582764148712,323.83343237638474,367.3594446182251,0.006040716188246029,0.46130118572134576,0.5233040521627138,6,332,375,0.008547008547008548,0.47293447293447294,0.5341880341880342,1,False,0.8640031972028718,-0.4869144638027646,0.12811237318417656,0.3007327469450456,0.4369263652642634,0.5462281978399558,0.2568847583257158,0.1715456982163799,0.9236763553071842,84,3.065284444887938,21.44055977752112,8:6=150;17:33=81;17:34=78;8:5=69;9:5=36,nan,nan,0
462,1691509878.670649,720,720,720,720,0.9999998952606719,1.0000000002272869,1.0000000011776762,1.0000000587242124,1.0000001159264174,11.594266476644428,337.1770654555945,371.2286683950542,0.03438628443182583,0.031232141975376854,0.9082732400849423,32.018297073200785,3.5601672530174255,339.6487794518471,371.3115571141243,0.00494467674030198,0.47173441590534315,0.5157104959918393,6,348,378,0.008333333333333333,0.48333333333333334,0.525,1,False,0.865839844808606,-0.48343555771110414,0.12888531600753822,0.3000327274532519,0.4459410908367227,0.540671440178049,0.2440144387441568,0.19675007426824007,0.931742822193096,80,3.0667231184481962,21.471427943272936,8:6=153;17:33=87;8:5=70;17:34=69;9:5=36,nan,nan,0
463,1691509878.7675784,701,701,701,701,0.9999999049162417,1.0000000000985747,0.9999999967451104,1.0000000603633308,1.0000000961789461,15.441122833808938,328.50748298074336,357.05139432364905,0.04700386942088036,0.0432462191138017,0.9200565750570012,23.123408716228276,7.205493867397308,329.31692254543304,354.3833095431328,0.010278878555488315,0.4697816298793624,0.5055396712455532,11,343,366,0.015691868758915834,0.4893009985734665,0.5221112696148359,1,False,0.8714934740806262,-0.47442262018073356,0.12418656165515221,0.29727301495194447,0.44967412330143797,0.5368496631831838,0.24861715166560158,0.21347319147822955,0.8595915492029196,87,3.0991412890754026,22.17889784004253,8:6=136;17:33=95;8:5=79;17:34=73;17:32=29,nan,nan,0
464,1691509878.8655405,630,630,630,630,0.9999999008701138,1.0000000022494633,1.0000000024613533,1.000000060554958,1.0000000909858267,12.95636035327498,302.05766999540657,314.98597248564215,0.04289366448953939,0.04113313444098074,0.958955942106835,24.311300696883066,3.6305508613586426,421.60604840517044,435.416290640831,0.005762779145013718,0.6692159498494769,0.6911369692711603,5,605,615,0.007936507936507936,0.9603174603174603,0.9761904761904762,1,False,0.8662720803786984,-0.4852583254294167,0.11873095787451586,0.3108863840862904,0.4677077014942227,0.5197060946654559,0.2796028173521671,0.5849113429387176,0.4942689775689274,87,3.0810417887793156,21.781081867227275,8:6=123;8:5=78;17:33=72;17:34=63;9:6=29,nan,nan,0
465,1691509878.9628508,608,608,608,608,0.9999999129890415,1.0000000009713,1.0000000017585822,1.000000060311118,1.000000094565237,11.758533425723959,286.69831651892935,309.54315123644733,0.041013611689441495,0.0379867342525763,0.9261982226831187,26.324979487600437,3.012670636177063,284.7513409256935,309.12750828266144,0.0049550503884491165,0.46834102125936433,0.5084334017806932,4,294,321,0.006578947368421052,0.48355263157894735,0.5279605263157895,1,False,0.8634912944969111,-0.4876569454242058,0.128738059281559,0.32063688671819035,0.47868054025192863,0.5044363005014131,0.3212152911027148,0.6555391575364183,0.28701385673751934,79,2.9554523662184864,19.210410895498782,8:6=143;17:33=76;8:5=73;17:34=66;9:5=23,nan,nan,0
466,1691509879.0602407,611,611,611,611,0.9999998739900905,0.9999999972785524,1.0000000002307994,1.0000000559841786,1.000000123178653,12.402883491265762,278.8463344494813,319.75077873364376,0.04447927750512639,0.03878922059357207,0.8720739807228542,25.780358169035093,4.73092246055603,280.52802431583405,323.2095400094986,0.007742917284052422,0.4591293360324616,0.5289845172004887,7,286,331,0.011456628477905073,0.46808510638297873,0.5417348608837971,1,False,0.8619269124285306,-0.4896577585319285,0.13159512582503768,0.3279571616638139,0.49167623212291417,0.48747054912413856,0.35805238105844045,0.7402869176237,0.16805395927571784,79,3.0282325736799516,20.660684063686173,8:6=141;8:5=76;17:33=69;17:34=53;9:6=25,nan,nan,0
467,1691509879.157024,604,604,604,604,0.9999998844357872,0.999999999973942,1.000000001642865,1.0000000559229976,1.0000000994894123,10.651000027409323,284.4400083457972,308.9089915953155,0.0374455059587144,0.03447941082065557,0.9207890222840331,29.002815773201387,2.0912649035453796,282.33740997314453,307.4248701930046,0.003462359111830099,0.4674460430018949,0.5089815731672261,3,291,318,0.004966887417218543,0.4817880794701987,0.5264900662251656,1,False,0.8639863620262221,-0.48989601152311113,0.1163162246913191,0.31453340019496545,0.4781555805598611,0.5040922251745127,0.307695172660567,0.7182425554618652,0.2457980560428615,74,3.0391330815027837,20.887127946417408,8:6=120;8:5=83;17:33=74;17:34=59;9:5=30,nan,nan,0
468,1691509879.2544754,612,612,612,612,0.999999885986033,1.0000000020806867,1.0000000012245267,1.000000064920685,1.000000112718913,11.191315308058268,295.8157102566357,304.9929769820668,0.037832051916205575,0.036693681994901486,0.9699099080370933,27.252648020957615,4.997321248054504,414.4799921512604,424.321202814579,0.008165557594860302,0.6772548891360464,0.6933352987166324,9,592,599,0.014705882352941176,0.9673202614379085,0.9787581699346405,1,False,0.8660897868349526,-0.4835576857949573,0.12672981357522603,0.30952448935256216,0.4630502346479936,0.5198416471300692,0.27930768018556784,0.5835421990068186,0.5423354474780787,81,3.0469092993716833,21.05018396187516,8:6=126;8:5=71;17:34=70;17:33=67;9:5=27,nan,nan,0
469,1691509879.3529706,659,659,659,659,0.9999998895525584,0.9999999999038885,0.999999999895205,1.0000000621213765,1.0000001027221677,14.268241804848252,314.00484199765765,330.7269160708195,0.04543955982995539,0.043142064076190735,0.9494384240876811,23.179234035579686,5.974799752235413,300.7887399196625,316.1868500113487,0.00906646396393841,0.4564320787855273,0.4797979514587993,9,331,347,0.013657056145675266,0.5022761760242792,0.5265553869499241,1,False,0.8597200721318511,-0.49625216165362307,0.12089329852275116,0.31382309469589964,0.45246642404147236,0.530872510690595,0.27005423246296567,0.4025572957566945,0.7241882466367775,86,3.1173294637503837,22.585982347893868,8:6=130;17:33=85;8:5=77;17:34=63;17:35=24,nan,nan,0
470,1691509879.4515939,703,703,703,703,0.9999998895525584,1.0000000003751333,1.0000000005604905,1.0000000594766507,1.0000001231482867,11.468251251893284,332.32713793417633,359.20461134136804,0.03450892191105015,0.031926792946971656,0.9251750323949799,31.32165518976289,4.119931519031525,335.6559548974037,362.0418782234192,0.00586050002707187,0.4774622402523524,0.5149955593505252,7,343,368,0.00995732574679943,0.4879089615931721,0.5234708392603129,1,False,0.8608608259228344,-0.4939150774068216,0.12233778934437392,0.3077997600480524,0.448562524820044,0.537953836462846,0.2559827335801049,0.3116490607884689,0.9138006393524729,81,3.037140650638082,20.845553219160426,8:6=147;17:33=90;17:34=78;8:5=75;9:5=29,nan,nan,0
471,1691509879.551859,629,629,629,629,0.9999999033990162,0.9999999968922978,0.999999995688469,1.0000000623125826,1.000000123178653,12.39720184565854,300.494451834369,316.10834241048343,0.04125600912089989,0.03921820522395488,0.9506058889270345,25.49836215832717,4.9094982743263245,292.1459610462189,302.7719208598137,0.007805243679374125,0.46446098735487895,0.4813544051825337,8,317,325,0.012718600953895072,0.5039745627980922,0.5166931637519873,1,False,0.866165463455388,-0.48192500237840286,0.13230903975046046,0.3075358471004482,0.4604237738107273,0.5292438454987869,0.2680671919070217,0.43979868766393015,0.7904322507384935,89,3.1056236190482727,22.32313576811843,8:6=121;17:33=91;8:5=79;17:34=55;9:5=28,nan,nan,0
472,1691509879.653101,594,594,594,594,0.9999998930920754,1.0000000017658057,1.0000000022334399,1.0000000615777709,1.0000000966928007,12.110106552031588,279.89772870682555,301.99216683892024,0.043266183716396386,0.04010073068713403,0.9268377111785165,24.937201464033205,3.8459141850471497,283.0527300834656,302.9222823381424,0.0064746030051298815,0.4765197476152619,0.509970172286435,5,290,308,0.008417508417508417,0.4882154882154882,0.5185185185185185,1,False,0.8640819919517713,-0.4900220885301835,0.11506808392067813,0.30443464414976784,0.447292160198197,0.5380590097343351,0.2593672556793585,0.2485637171339461,0.8890514498705084,82,3.0406732704078094,20.91932285589517,8:6=120;17:33=77;8:5=77;17:34=71;17:32=18,nan,nan,0
473,1691509879.7557943,609,609,609,609,0.9999998857506512,1.000000000577647,0.9999999986871032,1.000000062882289,1.0000000929991066,13.132982633849975,286.80593870325094,309.06107936647356,0.04579048360444955,0.04249316238968206,0.9279911248972463,23.5331979020421,5.3058653473854065,285.9108540415764,305.24618315696716,0.008712422573703459,0.4694759508071862,0.5012252596994534,7,298,315,0.011494252873563218,0.48932676518883417,0.5172413793103449,1,False,0.859086787349554,-0.4952529367242907,0.12920689016994355,0.3114703710200273,0.44670176088692154,0.5356930381850731,0.2796551430004574,0.23817574825457918,0.893027834806574,81,3.059570391030469,21.3183966200383,8:6=112;17:33=79;8:5=77;17:34=69;9:5=25,nan,nan,0
474,1691509879.859073,655,655,655,655,0.9999998988859666,0.9999999987047915,1.0000000004118492,1.000000057624717,1.0000001011542825,13.120230487630621,292.4286846248559,349.4510831907906,0.044866427876123015,0.037545256314078554,0.8368229451593886,26.63452319075058,3.9804845452308655,295.13506722450256,350.9502837061882,0.00607707564157384,0.45058788889237034,0.5358019598567759,6,303,357,0.00916030534351145,0.46259541984732827,0.5450381679389313,1,False,0.8683888399467932,-0.4796137670969842,0.1259819711978757,0.2917287450976584,0.4303945922764656,0.5603192226747834,0.19639137530635384,0.14079377361138484,0.9405300904581221,90,3.141173673273566,23.130999168889357,8:6=122;17:33=95;17:34=64;8:5=63;17:32=34,nan,nan,0
475,1691509879.9618585,667,667,667,667,0.9999998886237103,1.0000000010951025,0.9999999997304442,1.000000060706455,1.0000001196146686,14.150297260735497,313.39662286077026,339.45308133936106,0.045151403137556834,0.04168557611821775,0.923239882296012,23.989113096675478,5.346371710300446,317.4427971839905,340.8177495598793,0.00801554979055539,0.4759262326596559,0.5109711387704338,7,324,345,0.010494752623688156,0.48575712143928035,0.5172413793103449,1,False,0.8672202775170219,-0.4805385163157114,0.130429002144441,0.3031563466253211,0.44730783475544506,0.5352187942378279,0.26628545658983005,0.19448802641838517,0.915396616913359,86,3.1018223257930466,22.23844006128368,8:6=121;17:33=83;17:34=75;8:5=68;9:6=32,nan,nan,0
476,1691509880.0646956,658,658,658,658,0.9999999010756228,1.0000000002445062,0.9999999999859401,1.0000000573671428,1.000000084345648,10.566330036030594,302.9135178856797,344.52015240006,0.03488233245509483,0.030669700922925616,0.8792330891980267,32.605469564670564,2.714599132537842,304.1676310300827,343.97158777713776,0.004125530596562069,0.4622608374317366,0.5227531729135833,4,311,349,0.0060790273556231,0.4726443768996961,0.5303951367781155,1,False,0.8630219079115689,-0.4889723103562865,0.12688288367431946,0.3013924174585417,0.436404215286187,0.5481184208066441,0.25549266422579975,0.15936949292162852,0.9475240170694883,78,3.0568050925769454,21.259526325315267,8:6=130;8:5=79;17:34=78;17:33=68;9:5=29,nan,nan,0
477,1691509880.1675758,648,648,648,648,0.9999998701364559,1.000000001438851,1.0000000012391432,1.0000000652355543,1.0000000953471906,11.23890908879555,300.2203642082901,336.54072856766567,0.037435532124656605,0.03339539061625294,0.8920773586188011,29.944252232022638,3.729025959968567,303.14972335100174,337.33798891305923,0.005754669691309517,0.4678236471466076,0.5205833162238569,6,310,343,0.009259259259259259,0.4783950617283951,0.529320987654321,1,False,0.8673546291576573,-0.4806678616665889,0.1290517494637381,0.2996239942643869,0.44459580398564535,0.5468213936822535,0.25100767398078994,0.1937085892757619,0.9299721025511655,83,3.081456187618618,21.790109792723538,8:6=130;17:33=86;8:5=75;17:34=67;16:33=28,nan,nan,0
478,1691509880.2697008,642,642,642,642,0.9999998706166026,0.9999999985342937,0.9999999982175947,1.000000057824259,1.000000123178653,13.13795430736053,297.72096720776744,331.1410766029052,0.04412841470514263,0.03967479493072732,0.899075917316008,25.20491918725761,5.966702222824097,297.0158020853996,330.2338365316391,0.00929392869598769,0.46264143627009285,0.5143829229464784,9,305,338,0.014018691588785047,0.4750778816199377,0.5264797507788161,1,False,0.8659007417950212,-0.48422651053797927,0.12546151541825162,0.30290704022255677,0.4448236900625709,0.5409539863750114,0.24794101376361946,0.1995426236733529,0.9154021769263947,85,3.114364432170749,22.519113380265036,8:6=118;17:33=83;8:5=73;17:34=70;9:5=31,nan,nan,0
479,1691509880.370661,631,631,631,631,0.9999998915765419,1.0000000009464844,0.9999999985544847,1.000000063931744,1.0000001055108323,10.624914032634772,304.64962172164445,315.7254654401844,0.03487584843398446,0.03365238219800078,0.964919384304025,29.715578353897573,3.8934295773506165,303.1725524067879,345.5059024095535,0.006170252895959773,0.4804636329743072,0.5475529356728265,6,377,447,0.009508716323296355,0.5974643423137876,0.7083993660855784,1,False,0.8681573806006208,-0.47801983611262616,0.1334158865784996,0.3035549890982896,0.463258789531898,0.5232730324547826,0.25939071131183167,0.5554650633109417,0.5829879024926088,69,2.9854910360022227,19.796220507141594,8:6=116;8:5=90;17:33=81;17:34=60;17:32=30,nan,nan,0
480,1691509880.4710944,605,605,605,605,0.9999998891584327,1.0000000030763079,1.0000000033075422,1.000000062143746,1.0000001017491573,11.271416502024762,287.6221422741901,306.10644494611813,0.03918827810996458,0.036821885615668085,0.9396147876756344,27.157761838641143,3.505613684654236,289.89026540517807,305.71706771850586,0.005794402784552456,0.47915746347963317,0.5053174673033155,5,298,311,0.008264462809917356,0.4925619834710744,0.5140495867768595,1,False,0.8660601244426966,-0.48135253990026317,0.13505403800652066,0.3039190661841388,0.45523976839326685,0.5316871077206126,0.2523166795197853,0.2763609570688465,0.8384539012662722,79,3.1511228585293187,23.362282396792587,8:6=112;8:5=72;17:33=64;17:34=58;9:5=26,nan,nan,0
481,1691509880.570778,606,606,606,606,0.9999998857506512,1.0000000006372505,0.9999999998801745,1.0000000591842408,1.0000001093031714,11.304881840108134,283.6380772301372,311.0570417021025,0.03985671441051133,0.036343436490773144,0.9118522946083173,27.51528464441935,3.3885545134544373,279.9478830695152,304.07476764917374,0.005591674114611283,0.4619602030850086,0.5017735439755342,5,296,318,0.00825082508250825,0.4884488448844885,0.5247524752475248,1,False,0.8578802632900615,-0.49677391229499057,0.13136641092952217,0.3087254650464206,0.4451633668269832,0.5384471979249168,0.2712236785311385,0.20077410028279943,0.8916432902105125,79,3.0850309653395445,21.868143986094942,8:6=108;17:33=85;8:5=80;17:34=60;9:5=31,nan,nan,0
482,1691509880.670774,564,564,564,564,0.9999998930933723,1.000000000442674,0.999999999327586,1.0000000611183026,1.000000132496484,10.548430185295246,258.375390254446,295.076180059595,0.04082598646452836,0.03574815894378473,0.8756226619250096,27.97346855183608,3.4859657287597656,259.3491054177284,294.21887797117233,0.006180790299219443,0.4598388393931355,0.5216646772538517,5,266,299,0.008865248226950355,0.4716312056737589,0.5301418439716312,1,False,0.8626262384740427,-0.4894819648305757,0.12760634310928023,0.29974330510285274,0.43595678497020524,0.5485499809678173,0.23804397891448864,0.17667333715742395,0.9312579105160897,69,3.036258809447498,20.827178854517783,8:6=98;17:33=79;17:34=63;8:5=61;9:5=33,nan,nan,0
483,1691509880.7691374,573,573,573,573,0.9999998739403391,1.0000000002021072,1.0000000001384148,1.0000000581682575,1.000000100619574,9.199965647303989,266.9321493129846,296.8678852713263,0.03446555864845189,0.030990100660081704,0.8991614201348134,32.26836888878191,1.8045393228530884,264.6591328382492,293.2066762447357,0.003149283285956524,0.4618833033826339,0.5117044960641112,3,279,306,0.005235602094240838,0.4869109947643979,0.5340314136125655,1,False,0.8654289711447536,-0.4852576872544715,0.12473040072001283,0.2976078165695923,0.44618876557522014,0.5427721158860614,0.23779487702595264,0.21044923398909643,0.9168288546069385,70,3.005992452751565,20.206259906317722,8:6=106;8:5=78;17:33=72;17:34=70;9:5=25,nan,nan,0
484,1691509880.8663852,624,624,624,624,0.999999903848914,1.000000000489827,0.9999999989572652,1.0000000643584694,1.0000001087907202,11.019148373633978,285.77023007185824,327.21062216581237,0.03855946916116197,0.033676010579051674,0.8733525463823286,29.69472876404353,2.850000023841858,286.4806464910507,325.4495198726654,0.004567307730515798,0.4591036001459146,0.5215537177446561,5,297,334,0.008012820512820512,0.47596153846153844,0.5352564102564102,1,False,0.8634745468866716,-0.4850008571601777,0.13851308758651706,0.3006373990612228,0.44154977570308024,0.548065133005237,0.23683814406232356,0.198914174210999,0.9262941325751162,77,3.0550929151225232,21.223157387571774,8:6=109;17:33=93;8:5=75;17:34=70;9:5=26,nan,nan,0
485,1691509880.9643686,632,632,632,632,0.9999999097207938,1.0000000006520526,0.9999999999706599,1.000000061628965,1.000000104606227,10.797531662408504,293.0288789796377,328.17359018214876,0.03684801204579845,0.03290189090601552,0.8929081673421544,30.393389937876428,3.2688828706741333,291.0090112090111,323.48080295324326,0.005172283023218566,0.46045729621678966,0.5118367135336127,5,304,335,0.007911392405063292,0.4810126582278481,0.5300632911392406,1,False,0.870236070023169,-0.4737693375099111,0.1350251727125363,0.296572463738371,0.4481063320915879,0.5440288831682752,0.23585905332847523,0.16400587594657193,0.9155281226343196,75,3.0073629559183357,20.233971634676127,8:6=117;17:33=94;8:5=79;17:34=65;9:5=27,nan,nan,0
486,1691509881.0623727,652,652,652,652,0.9999998924393095,1.00000000033821,0.9999999999781176,1.0000000622670626,1.0000000967956622,16.684839589949902,304.8672812621618,330.44787958891465,0.05472820671629324,0.050491592231447384,0.922588099646529,19.80527758792237,9.074356317520142,304.07248681783676,325.0703355073929,0.01391772441337445,0.4663688448126331,0.49857413421379276,12,320,338,0.018404907975460124,0.49079754601226994,0.5184049079754601,1,False,0.8610255188730589,-0.48987932603158624,0.13657709096411078,0.31084384838629836,0.4494516985617899,0.5362089051379133,0.2539309535504973,0.2645310994555039,0.829799858299035,89,3.1154966952446284,22.544625381224748,8:6=117;8:5=87;17:34=82;17:33=78;9:5=24,nan,nan,0
487,1691509881.1607022,663,663,663,663,0.9999998853544343,0.999999999080533,0.9999999974282155,1.0000000641157125,1.0000001119091753,13.217201696951784,305.811717550959,343.97107953287673,0.043220062994313926,0.03842532841685746,0.8890622954879249,26.024501056997945,3.9394081234931946,302.90423852205276,336.74990916252136,0.005941792041467865,0.4568691380423119,0.5079184150264274,5,319,350,0.007541478129713424,0.48114630467571645,0.5279034690799397,1,False,0.865932790823,-0.48306376453052124,0.1296526173090682,0.29840661883819886,0.4451122900092784,0.543556955175203,0.23765243342614176,0.22202089800422772,0.9324178842671558,87,3.0796384861489154,21.7505378540095,8:6=119;17:34=86;8:5=82;17:33=81;9:5=30,nan,nan,0
488,1691509881.2590947,668,668,668,668,0.9999998924393095,0.9999999986411995,0.9999999987998511,1.0000000612095834,1.0000001247833554,12.120659448166789,309.351471415143,346.5278673213333,0.039180868908495106,0.03497744508070796,0.8927174423414644,28.589852623385482,3.142807424068451,305.89576280117035,338.50114792585373,0.004704801533036603,0.4579277886245065,0.5067382453979846,4,323,352,0.005988023952095809,0.48353293413173654,0.5269461077844312,1,False,0.8642940379651776,-0.483919198240502,0.1371788085387738,0.299804566028744,0.44844630103201544,0.542683586143673,0.24101120663364095,0.2083700825938675,0.9297643784973182,75,3.089419328049637,21.96432020742954,8:6=120;17:33=87;8:5=79;17:34=68;9:5=30,nan,nan,0
489,1691509881.3576517,649,649,649,649,0.9999998977269035,0.999999999882713,0.9999999999533191,1.0000000596839596,1.0000000899094865,12.633018674902027,298.82401786635927,337.5429633065006,0.04227578079266638,0.03742640211234625,0.8852918008988883,26.719105860034546,3.774848997592926,297.1703884601593,332.57451897859573,0.0058164083167841696,0.45788965864431325,0.512441477624955,5,312,345,0.007704160246533128,0.48073959938366717,0.5315870570107858,1,False,0.8634250467163684,-0.489118471185639,0.12353262665328539,0.30038415475941604,0.4414356050967195,0.5428907314755489,0.24108741345226953,0.15987176533637876,0.9374928714263572,79,3.096365670020934,22.11742302339396,8:6=119;17:33=85;17:34=70;8:5=70;9:5=33,nan,nan,0
490,1691509881.4568624,633,633,633,633,0.9999998757031866,0.9999999983599962,1.000000000971436,1.000000051840876,1.0000001071600153,11.218958649042163,279.3756872406307,342.4053520340828,0.040157247611096146,0.03276513811012345,0.8159209123951481,30.52024370045398,4.140221536159515,282.09208554029465,343.1093031167984,0.006540634338324669,0.4456431051189489,0.5420368137706136,7,289,349,0.011058451816745656,0.4565560821484992,0.5513428120063191,1,False,0.865071886504115,-0.480820672950226,0.14304583756231243,0.29344112573793163,0.42724440156113563,0.5639321166991751,0.22436413182493792,0.14645685416054335,0.9583208296120472,76,3.0239939226068926,20.573295967668667,8:6=121;17:33=90;17:34=67;8:5=64;17:32=27,nan,nan,0
491,1691509881.5564847,601,601,601,601,0.9999998923384135,1.0000000009900134,0.9999999999709043,1.0000000573092713,1.0000000899094865,12.915981299876773,257.4729550339447,330.61106485617483,0.05016441939765657,0.03906699645849902,0.7787790016826953,25.597053540123127,5.965164303779602,261.0141110420227,330.95698207616806,0.009925398176005993,0.43429968559404775,0.5506771748355542,8,268,335,0.013311148086522463,0.4459234608985025,0.5574043261231281,1,False,0.8628526679211478,-0.4868439957265607,0.13589774570004504,0.29129564770535726,0.41582731324134653,0.5734032538628514,0.20844449471585136,0.1324710734082472,0.9617092749710623,78,3.1039670150682386,22.286185786751485,17:33=98;8:6=96;17:34=63;8:5=62;17:32=25,nan,nan,0
492,1691509881.6567523,587,587,587,587,0.9999998830835719,1.0000000026333957,1.0000000022967603,1.00000006106639,1.0000001160490535,12.459228173710928,264.61796265303025,309.9228122648656,0.047083833798719076,0.040201068397195124,0.8538189258133182,24.874960787603623,5.096610486507416,267.32327568531036,310.61735063791275,0.00868247101619662,0.4554059210993362,0.5291607336250643,7,275,317,0.01192504258943782,0.4684838160136286,0.5400340715502555,1,False,0.8635085979253462,-0.48513979516092864,0.13781248296223156,0.3013089905680921,0.4356218663346561,0.5540849224374892,0.23988344710815082,0.18773830243610498,0.9301742532202323,80,3.1363173546086243,23.018939983675082,8:6=95;8:5=80;17:33=76;17:34=53;17:32=27,nan,nan,0
493,1691509881.7584946,599,599,599,599,0.9999998809453452,1.0000000019466868,1.0000000041742416,1.000000061386849,1.0000001160490535,9.965591594748215,278.95307204723866,310.08133869014426,0.0357249752498177,0.03213863703260955,0.8996125765762021,31.115196297383346,1.2975278496742249,279.9699311852455,306.45760506391525,0.0021661566772524623,0.46739554454965865,0.5116153673855013,2,290,314,0.00333889816360601,0.48414023372287146,0.5242070116861436,1,False,0.8687911930469908,-0.47887172181273396,0.12603069837184044,0.295350349953166,0.447649204393836,0.5449173042681212,0.2385799216741229,0.21993157290984314,0.928727612507141,79,3.144549267652876,23.209211972755043,8:6=111;17:33=76;8:5=70;17:34=60;17:32=24,nan,nan,0
494,1691509881.8614674,625,625,625,625,0.9999998736958675,0.9999999999035816,0.9999999988126125,1.00000006776946,1.000000110391456,11.115061219849279,294.7601234515728,319.1248152080552,0.03770883622144843,0.034829824225993684,0.9236515288207915,28.711026317890365,1.4948137998580933,277.64481204748154,303.6500100493431,0.0023917020797729494,0.44423169927597045,0.485840016078949,2,313,342,0.0032,0.5008,0.5472,1,False,0.8713795927420225,-0.4751109844122849,0.12234033612646567,0.29769040644144107,0.4590382877783584,0.5325111475722187,0.2331291560712408,0.31151705002647306,0.863219194706444,77,3.0616116291601942,21.361956987500157,8:6=118;8:5=86;17:33=78;17:34=65;17:32=24,nan,nan,0
495,1691509881.9648826,622,622,622,622,0.9999998743240417,1.0000000009416978,1.0000000021065505,1.0000000611643574,1.0000001116115782,12.039509305161673,272.1292343638486,337.83125750246205,0.04424188137414272,0.03563764168587606,0.8055182234339738,28.0602181483945,3.0714386701583862,274.4787032008171,338.7727506160736,0.004938004292859142,0.4412840887472944,0.5446507244631409,4,283,347,0.006430868167202572,0.454983922829582,0.5578778135048231,1,False,0.8614264603153194,-0.48743288030154897,0.14266618614638518,0.29438248368665815,0.4235568882700068,0.5676915677489565,0.2174493686862677,0.1430385422522063,0.9607211245198629,82,3.0889327294163813,21.953634999150918,8:6=102;17:33=96;17:34=75;8:5=73;9:5=26,nan,nan,0
496,1691509882.0679834,670,670,670,670,0.9999998990917772,0.9999999985578996,0.9999999955587079,1.0000000638869169,1.000000110391456,12.328873902234404,301.5675542802821,356.1035698850694,0.040882627216506644,0.03462159592001137,0.8468534993277699,28.883706063416835,2.1958616971969604,303.3608469963074,355.7924064397812,0.0032774055182044188,0.45277738357657815,0.5310334424474346,3,311,362,0.004477611940298508,0.46417910447761196,0.5402985074626866,1,False,0.8608036230074512,-0.4919700564048338,0.13031725218968593,0.2983490642556146,0.4313915928574373,0.5575040039897805,0.23215613533865762,0.1470820171352164,0.9358773603534847,85,3.1315634538550277,22.909769924951554,8:6=108;17:33=107;8:5=80;17:34=62;9:5=29,nan,nan,0
497,1691509882.1709654,675,675,675,675,0.9999999008278031,1.0000000006290488,1.0000000009931,1.0000000565696472,1.0000001032235653,12.538247854854145,316.95920789556396,345.50254509879795,0.03955792273113396,0.03628988565415279,0.9173860291099393,27.555887321611504,2.592061758041382,318.31604820489883,343.07244235277176,0.0038400914933946397,0.4715793306739242,0.5082554701522545,4,329,351,0.005925925925925926,0.4874074074074074,0.52,1,False,0.8684283443508842,-0.47773235887013527,0.1326800814604746,0.29805903844037507,0.4514019165672908,0.5370653740446574,0.23764776437861163,0.26008135223158385,0.9058649056842858,80,3.121281081413405,22.67541009043006,8:6=109;17:33=95;8:5=85;17:34=67;9:5=38,nan,nan,0
498,1691509882.2720501,680,680,680,680,0.9999998743240417,1.0000000018839377,1.000000001815005,1.0000000642669937,1.0000001093031714,16.25011109990124,308.54940145924564,355.20049000300855,0.052666156612355686,0.04574912354361786,0.8686626571281819,21.858342248821135,5.906632244586945,311.7077444791794,355.6147439479828,0.008686223889098448,0.4583937418811462,0.5229628587470335,7,320,361,0.010294117647058823,0.47058823529411764,0.5308823529411765,1,False,0.8634723844072586,-0.48806729780633273,0.12730182315296273,0.3007676995126851,0.4369887958521735,0.5497687896405339,0.2378475790183634,0.16338591175339895,0.9386260470608943,91,3.193101241508435,24.363868642681275,8:6=112;17:33=99;8:5=74;17:34=68;9:5=31,nan,nan,0
499,1691509882.371237,706,706,706,706,0.9999998863349265,0.9999999982243822,0.9999999984279604,1.0000000601659627,1.0000001150912081,16.059282008541757,329.91069916093755,360.03001632334895,0.04867766352951073,0.04460539755140485,0.9163422053805627,22.418811509247604,4.501021087169647,334.22560369968414,362.23441088199615,0.006375383976160973,0.4734073706794393,0.5130799020991447,6,343,369,0.0084985835694051,0.48583569405099153,0.5226628895184136,1,False,0.8613710587097225,-0.4888568346046134,0.13805395495113248,0.30983124670599865,0.4497914237661205,0.5395998418152914,0.27055994030514063,0.3026465177226917,0.84849247625797,98,3.204201704957355,24.63582550709566,8:6=108;17:33=100;8:5=89;17:34=63;9:5=45,nan,nan,0
500,1691509882.4695954,716,716,716,716,0.9999998990825396,1.0000000012330008,1.000000001988982,1.0000000585474405,1.0000000971302734,15.605402290517956,330.8783318268388,369.5162676483006,0.047163566753850944,0.04223197638857653,0.8954364416285003,23.678740270145003,5.741594672203064,332.177034676075,368.5415971875191,0.008018986972350648,0.4639344059721718,0.5147229010998869,8,344,379,0.0111731843575419,0.48044692737430167,0.5293296089385475,1,False,0.8600958797332303,-0.4915819111503933,0.13631691859651088,0.305350766579169,0.4426365078721244,0.5429098203821905,0.24291837858277343,0.2000967730727815,0.9092049642050648,92,3.1050763966267136,22.310923389455073,8:6=113;17:33=100;8:5=96;17:34=80;9:5=40,nan,nan,0
501,1691509882.5677757,701,701,701,701,0.9999998697686252,1.0000000000271587,1.0000000001285099,1.0000000616357752,1.0000001054460628,14.354360787361268,338.40723158712524,348.23840766359007,0.04241741738212719,0.04121992425725786,0.9717688346256107,24.260112506730856,3.385343849658966,319.7775656580925,330.39593374729156,0.0048293064902410355,0.45617341748657986,0.4713208755310864,5,359,372,0.007132667617689016,0.5121255349500713,0.5306704707560628,1,False,0.861836017304295,-0.4908342242270187,0.1277514915941539,0.310819087098542,0.46072277742809475,0.5247547907859856,0.2643273547418464,0.421428105627397,0.6186595131414632,83,3.14443243857337,23.206500620269704,8:6=113;17:33=96;8:5=91;17:34=63;9:5=36,nan,nan,0
502,1691509882.6651616,651,651,651,651,0.9999999011278966,0.9999999976082828,0.999999997632802,1.0000000621474183,1.0000001108293226,13.063542352918741,303.81583077573015,334.12062375733564,0.04299822797108274,0.039098281949834085,0.909299843150014,25.576571402371904,3.733559787273407,305.3058015704155,330.8120892047882,0.005735114880604312,0.46897972591461673,0.5081598912515948,6,319,341,0.009216589861751152,0.49001536098310294,0.5238095238095238,1,False,0.8667665551748734,-0.47859526026852073,0.14022237937929036,0.30121318905933825,0.452083945815869,0.537644211017856,0.2207914085865548,0.2466511887518701,0.877159410688584,78,3.078270660430906,21.72080724673223,8:6=94;17:33=91;8:5=85;17:34=74;9:5=44,nan,nan,0
503,1691509882.7628636,658,658,658,658,0.9999998697686252,0.9999999992287383,0.9999999990083478,1.0000000597993368,1.0000000971302734,11.756018067397363,318.46284848149224,327.78113243613035,0.03691488072612833,0.03586545076595608,0.9715716280391647,27.881986107622325,2.968631148338318,316.8437014222145,323.2730031609535,0.004511597489875863,0.48152538210062995,0.49129635738746735,4,330,334,0.0060790273556231,0.5015197568389058,0.5075987841945289,1,False,0.8586692678546637,-0.49540837139810723,0.13136831425656292,0.3135476512302089,0.4579950623612869,0.5228321879510113,0.27410767977363876,0.3644011029896669,0.7730509706888729,82,3.043158101784529,20.9713684812295,8:6=109;8:5=87;17:33=80;17:34=75;9:5=45,nan,nan,0
504,1691509882.859616,658,658,658,658,0.9999999085425328,1.0000000004456808,0.9999999994014288,1.0000000617846017,1.0000001206751619,12.089766424881896,316.67770531883934,329.23252884279486,0.038176878958718,0.03672105689974102,0.9618663940404555,27.232331649121264,2.699651837348938,298.3818932771683,312.01481038331985,0.004102814342475589,0.4534679229136296,0.474186641919939,4,341,357,0.0060790273556231,0.5182370820668692,0.5425531914893617,1,False,0.868657993999646,-0.47792710781734027,0.13045677090079524,0.3030192661371619,0.46286131734022273,0.5258021292875403,0.2511544145653185,0.4861666436913288,0.6972246170134073,79,3.073193579641839,21.61080842627015,8:6=104;8:5=98;17:33=80;17:34=70;17:32=32,nan,nan,0
505,1691509882.9560704,695,695,695,695,0.9999998697686252,0.9999999990598292,1.0000000007847163,1.0000000591217872,1.0000001002032797,13.239994974224283,334.0184205766442,347.74158314229436,0.039638517394839964,0.0380742356280311,0.9605363199832367,26.264479995595178,4.214086174964905,326.49199163913727,335.4018412232399,0.006063433345273244,0.4697726498404853,0.48259257729962574,6,353,359,0.008633093525179856,0.5079136690647482,0.516546762589928,1,False,0.8651800736880457,-0.4842212601780057,0.1303580119700056,0.306239948887761,0.4584376842473293,0.5283561461565082,0.27521240655868257,0.33480251836457514,0.7098832627085518,90,3.0948043411471073,22.082917396538328,8:6=131;17:33=95;8:5=82;17:34=65;9:5=42,nan,nan,0
506,1691509883.0539434,695,695,695,695,0.9999998673889051,1.000000001132985,1.0000000014846524,1.0000000622203113,1.0000001005075956,15.622071854563343,326.7335667435134,352.6443629767729,0.04781287704922802,0.04429979178652658,0.9265242863531434,22.57346952822794,6.892118334770203,330.93788462877274,353.0696202516556,0.009916717028446334,0.47616961817089604,0.508013842088713,9,339,358,0.012949640287769784,0.48776978417266187,0.5151079136690647,1,False,0.8637206172868437,-0.4873990549311016,0.12817510103722515,0.3053580363146457,0.4503721629602886,0.5348034275197997,0.23803084586542325,0.2868389828606438,0.882616998837828,88,3.1110177843427245,22.44387580543717,8:6=113;8:5=93;17:33=88;17:34=76;9:5=36,nan,nan,0
507,1691509883.1532402,690,690,690,690,0.999999894869662,0.9999999979938405,0.9999999974923798,1.0000000598862329,1.0000001056586536,15.406126752544456,324.2860253161418,350.3078451628143,0.04750783428772561,0.04397882309882062,0.9257172792274228,22.73821647643902,7.3765793442726135,323.18319869041443,345.02181166410446,0.010690694701844368,0.4683814473774122,0.5000316111073978,11,343,362,0.015942028985507246,0.4971014492753623,0.5246376811594203,1,False,0.8647815776259186,-0.48574598029066773,0.12729361975482398,0.30527365847237137,0.45249226171161394,0.5353126685625361,0.23241830402851277,0.34123638498505326,0.8256021155184341,87,3.079645560469422,21.75069172482974,8:6=112;17:33=105;8:5=86;17:34=65;9:5=36,nan,nan,0
508,1691509883.2540545,708,708,708,708,0.9999999000138071,1.0000000012346217,1.0000000018616113,1.000000055365769,1.0000001087907202,14.72587738947575,334.3230608757063,358.95106348304256,0.044046849029509505,0.041024749297536,0.9313889688238806,24.375529823409824,7.06650573015213,332.7264974117279,354.5343049168587,0.009980940296825043,0.4699526799600677,0.5007546679616648,10,350,369,0.014124293785310734,0.4943502824858757,0.5211864406779662,1,False,0.8580978348823506,-0.49562134813546777,0.1342668426775701,0.3121016043342203,0.4510951945148387,0.5357516360863307,0.25660782925271947,0.33194256745257866,0.8058645727254563,83,3.006985235410671,20.226330291875,8:6=119;17:33=103;8:5=96;17:34=74;9:5=39,nan,nan,0
509,1691509883.3550766,642,642,642,642,0.9999998961407267,1.0000000006977057,1.0000000020131519,1.0000000580757273,1.0000001206751619,13.424408837140424,301.0314230508632,327.54416900785077,0.04459470941966146,0.04098503379804835,0.9190559672080376,24.399150307584197,3.7706336975097656,301.0883194208145,321.3299922943115,0.005873261211074401,0.468984921216222,0.5005140066889587,5,318,334,0.00778816199376947,0.4953271028037383,0.5202492211838006,1,False,0.8571613477197477,-0.49885948990668216,0.12811570280535675,0.30843977857941224,0.44593621414480705,0.5385194788841559,0.23996663573176846,0.2317359836818727,0.8833343891059555,73,2.9976426617119887,20.0382442822406,17:33=104;8:5=95;8:6=94;17:34=71;17:32=29,nan,nan,0
510,1691509883.457206,571,571,571,571,0.9999998896033686,1.0000000005620866,1.0000000014057997,1.000000057475516,1.0000001247833554,11.956932353065472,250.8960297099131,308.1470385789244,0.04765692134263791,0.0388026846151338,0.8142087974201061,25.77141272359234,5.427030861377716,252.41290986537933,307.30479395389557,0.009504432331659748,0.44205413286406187,0.5381870296915859,8,262,315,0.014010507880910683,0.45884413309982486,0.5516637478108581,1,False,0.8680989215760224,-0.48101993998889747,0.12257275264765946,0.2886779319047451,0.427004054559176,0.5638956179845445,0.21954392123523195,0.1324709855702418,0.9559771464521715,75,3.071544218357934,21.575193774325818,8:6=92;8:5=74;17:33=73;17:34=64;17:32=29,nan,nan,0
511,1691509883.5601306,558,558,558,558,0.9999998726386902,0.9999999980886696,0.9999999990457457,1.0000000553782074,1.000000116532574,10.674955884290103,263.8459740367368,283.47906794592865,0.040459044043642554,0.03765694575490232,0.9307423505677085,26.55552594489999,3.6433966755867004,266.12744373083115,281.95754039287567,0.006529384723273656,0.476930902743425,0.5053002516001356,5,277,290,0.008960573476702509,0.496415770609319,0.5197132616487455,1,False,0.858311063760106,-0.4963646709316525,0.1300931638400243,0.3100978260129741,0.4487029172866417,0.534693935107654,0.26197004474486474,0.260176519638355,0.8474427055525602,75,3.0736203449209816,21.620033137213852,8:6=92;17:33=79;8:5=72;17:34=52;9:5=32,nan,nan,0
512,1691509883.6628668,597,597,597,597,0.9999998964252571,0.9999999989309819,1.0000000003782659,1.000000053954407,1.000000100622576,10.35710930979703,275.91390455681244,310.7289848569832,0.03753746780697105,0.03333164852504512,0.8879567661954845,30.0015164041049,2.8655699491500854,277.85222113132477,311.4626226425171,0.004799949663567982,0.46541410574761266,0.5217129357496099,4,285,317,0.006700167504187605,0.47738693467336685,0.5309882747068677,1,False,0.8625490700026998,-0.4921934089695802,0.11728064633340585,0.29839386331676204,0.4405539439483607,0.5455619686707548,0.22230787850070574,0.1857582249360682,0.9277320416830908,78,3.087101679567671,21.91347357910904,8:6=96;8:5=79;17:33=75;17:34=51;17:32=39,nan,nan,0
513,1691509883.7664623,637,637,637,637,0.9999998736318368,1.000000000848596,1.0000000001089915,1.0000000602539778,1.0000001155258786,14.204650163894398,285.6314378429948,337.1639130742223,0.04973069586164523,0.04212980575049687,0.84715898341148,23.73616450838267,6.757774770259857,288.9034063220024,337.8660740852356,0.010608751601663826,0.45353752954788445,0.5304020001338079,10,297,343,0.015698587127158554,0.4662480376766091,0.5384615384615384,1,False,0.8705577840586552,-0.47587552823596696,0.1251863660348959,0.2897572278752625,0.43394394999171115,0.556234883175722,0.21622023941809065,0.1339777386667659,0.956354551299423,86,3.1524954979046482,23.39437240447354,17:33=102;8:6=102;8:5=72;17:34=55;17:32=32,nan,nan,0
514,1691509883.8698847,617,617,617,617,0.9999998726386902,0.9999999999797687,0.9999999994317214,1.0000000643183178,1.0000001107751562,10.977807631347533,272.09454571380644,333.927646629881,0.04034556298270739,0.03287480908555956,0.8148308427286071,30.41842759899876,3.3831815123558044,274.90469282865524,335.0674973130226,0.005483276357140688,0.445550555638015,0.543059152857411,5,282,340,0.008103727714748784,0.45705024311183146,0.5510534846029174,1,False,0.865198814082583,-0.4856122017543979,0.12494719531601406,0.2894377718232884,0.4250759967648925,0.5670993796737543,0.19831915061574415,0.11498576214042483,0.9596771338188148,81,3.149514722348311,23.32474285763504,8:6=91;17:33=86;8:5=73;17:34=58;17:32=36,nan,nan,0
515,1691509883.972714,609,609,609,609,0.9999998934612877,0.9999999999914069,0.9999999997255438,1.0000000637389925,1.000000120996338,13.541730110304139,274.65714626184274,320.80112361738713,0.04930412441333025,0.04221222780520894,0.8561601753908463,23.689818140245166,5.671237766742706,277.0478875041008,321.0821280479431,0.0093123772852918,0.4549226395798043,0.5272284532806948,8,284,327,0.013136288998357963,0.4663382594417077,0.5369458128078818,1,False,0.8589273248573137,-0.4962508236052908,0.1264079534069323,0.3030663027309364,0.432846678405329,0.5561103302387391,0.23701244780170708,0.16362798667476192,0.942045873841962,74,3.0717157662525736,21.578895270877144,17:33=93;8:5=93;8:6=84;17:34=52;17:32=37,nan,nan,0
516,1691509884.073337,659,659,659,659,0.9999998616071843,0.9999999999812809,0.9999999994797849,1.0000000624642638,1.0000001036913213,12.975508013785067,313.73377442541204,332.29071753613147,0.04135833968640792,0.039048662297869276,0.944154494448971,25.609071890141696,4.082587718963623,294.48312401771545,314.48659831285477,0.006195125521947835,0.44686361762931026,0.477217903357898,6,333,355,0.009104704097116844,0.5053110773899848,0.5386949924127465,1,False,0.8667929943715466,-0.48602893805194053,0.11156063949490198,0.3000087283248869,0.45745708599742463,0.5291118755613127,0.2390987693882587,0.3405855335103139,0.780770560395833,84,3.097439635446852,22.141189130735967,8:6=101;17:33=99;8:5=92;17:34=61;17:32=40,nan,nan,0
517,1691509884.1733124,695,695,695,695,0.9999998954938313,1.0000000007188306,0.9999999992241145,1.0000000650296947,1.0000001183435192,12.96567586609932,321.6232367520264,360.41108838104896,0.04031324352380652,0.03597468636256608,0.8923788615848199,27.797323649235835,4.682058572769165,320.53588700294495,358.35093957185745,0.006736774924847719,0.461202715112151,0.5156128626933201,7,330,367,0.010071942446043165,0.4748201438848921,0.5280575539568345,1,False,0.8697591825558134,-0.47566396223710045,0.13138782054949066,0.29497316125326317,0.44716739953194157,0.5429742820204875,0.2404493510102341,0.1833651415359314,0.9285808538095001,74,3.0560129153388274,21.242691681358433,17:33=116;8:6=100;8:5=89;17:34=57;17:32=38,nan,nan,0
518,1691509884.2714124,735,735,735,735,0.9999998896498955,0.9999999992467216,0.9999999989013304,1.000000062550109,1.000000120996338,13.43644773245751,345.86275889840664,375.7007922618164,0.03884907347426878,0.03576369283537201,0.9205803288734713,27.961318329268057,3.398601770401001,345.58291041851044,369.81360948085785,0.004623947986940137,0.47018083050137477,0.5031477680011671,5,360,380,0.006802721088435374,0.4897959183673469,0.5170068027210885,1,False,0.8599716810449425,-0.49438157894061785,0.12663160034097748,0.3063740169095034,0.44801488851258225,0.5383139770549493,0.2546984174244003,0.22570684867919602,0.9087368530629705,82,3.0498110421969225,21.11135489038579,8:6=125;17:33=101;8:5=100;17:34=73;17:32=43,nan,nan,0
519,1691509884.369273,685,685,685,685,0.9999998921565729,0.9999999995757262,0.999999998407553,1.000000057033503,1.00000009604322,15.168446166642974,328.5399494353139,341.2916038167879,0.046169259454486786,0.044444240634720376,0.9626370697700509,22.50010317914596,6.099195420742035,316.72563284635544,324.93206256628036,0.008903934920791293,0.46237318663701527,0.47435337600916844,9,349,355,0.013138686131386862,0.5094890510948905,0.5182481751824818,1,False,0.8632151793245287,-0.49019676824167524,0.120692512564528,0.3101266865342104,0.4599365314671682,0.5273186569863707,0.26382750697498103,0.4062282092704637,0.7191667631272939,92,3.1808624762996027,24.06750225343094,8:6=112;17:33=101;8:5=85;17:34=42;17:32=42,nan,nan,0
520,1691509884.467072,681,681,681,681,0.9999999019422929,0.9999999975697701,0.9999999951414711,1.0000000573356131,1.0000000940913236,13.449446143082717,326.943240575037,340.60730997190706,0.041136945114471406,0.03948666323160244,0.959883217427139,25.325006423932727,5.56938636302948,324.82294327020645,343.3777995109558,0.008178247229118179,0.4769793586934015,0.5042258436284226,9,331,354,0.013215859030837005,0.48604992657856094,0.5198237885462555,1,False,0.863454825167291,-0.48930467504117536,0.12258344047289714,0.3139688768379152,0.471326265893167,0.5118876919601646,0.2818563361494202,0.63335135813052,0.30565408961923574,82,3.0628536166844023,21.388504754156227,17:33=109;8:6=105;8:5=96;17:34=60;17:32=39,nan,nan,0
521,1691509884.564405,631,631,631,631,0.9999998954938313,1.00000000194614,1.0000000041871282,1.0000000622251712,1.000000120996338,12.499830410531422,303.14559212029263,315.3545799252046,0.04123375280868773,0.03963738346053549,0.961284888242918,25.228708675880146,5.246439218521118,296.6619852781296,294.34095031023026,0.008314483706055654,0.4701457769859423,0.4664674331382413,8,355,345,0.012678288431061807,0.5625990491283677,0.5467511885895404,1,False,0.8643028502290201,-0.48529480990073903,0.13217235175859438,0.3099765637587763,0.4701166197049778,0.5153158558712433,0.2663022036445916,0.6018134421915377,0.3227714942707481,75,2.972509643535432,19.54089880050321,8:6=115;17:33=94;8:5=80;17:34=66;17:32=38,nan,nan,0
522,1691509884.6604028,640,640,640,640,0.9999998963883603,1.0000000008508059,1.0000000012920935,1.000000060606448,1.0000001090989092,12.991032841856578,296.06202515707315,330.94694309010174,0.043879429774772015,0.03925412551195469,0.894590602326455,25.475029362084605,5.761985123157501,295.22751075029373,333.88543915748596,0.009003101754933596,0.46129298554733394,0.5216959986835719,9,300,343,0.0140625,0.46875,0.5359375,1,False,0.8614879030047865,-0.4909674611441681,0.1295744769391918,0.3209198568302001,0.48526012004001845,0.4925614054193776,0.3216567202386777,0.7491330338515285,0.15126066147443368,74,2.9574564831162005,19.24894940953096,8:6=109;8:5=109;17:33=99;17:34=49;17:32=27,nan,nan,0
523,1691509884.7571704,660,660,660,660,0.9999998974917987,0.999999999402218,0.999999999968364,1.0000000585694582,1.0000000974974608,14.162237910182306,318.6363040676698,327.2014572330757,0.04444640403302765,0.04328293043051488,0.9738229981069287,23.10379611670171,6.821490466594696,310.5340914130211,304.58404076099396,0.01033559161605257,0.470506199110638,0.46149097084999086,10,369,352,0.015151515151515152,0.5590909090909091,0.5333333333333333,1,False,0.8629589525995287,-0.48892334165229023,0.12749828279581613,0.31150149917873876,0.4670084584242347,0.5140227648559066,0.2739972359705479,0.6213922979031974,0.3499035158212877,84,3.02617450284439,20.6182066381406,8:6=113;17:33=101;8:5=81;17:34=61;9:5=44,nan,nan,0
524,1691509884.8552608,689,689,689,689,0.9999999123617995,0.9999999988725642,0.9999999983427085,1.0000000560411415,1.0000001162120693,13.234961303156718,333.35683458561937,342.4082025576174,0.03970208476333924,0.03865258251495788,0.9735655632534826,25.871492535149944,3.602996051311493,469.831906080246,474.5017241239548,0.005229312120916535,0.6819040726854078,0.6886817476399925,6,673,668,0.008708272859216255,0.97677793904209,0.969521044992743,1,False,0.8586115405699377,-0.49569592773920657,0.13065898217453503,0.31454535467429867,0.4621719096971789,0.5226810312171082,0.26904535124622025,0.5230127219366467,0.4401867617749238,74,3.010204488622953,20.291548891908725,17:33=117;8:5=107;8:6=106;17:34=60;17:32=31,nan,nan,0
525,1691509884.9538908,725,725,725,725,0.9999998938685827,1.0000000012110544,0.9999999998895897,1.0000000633987178,1.0000001154081957,15.07174887004571,346.4571523002524,363.4711005857309,0.04350249019244949,0.04146615465647118,0.9531903684830496,24.116053400286557,7.430398881435394,348.4491394162178,361.26409524679184,0.010248826043359164,0.480619502643059,0.4982953037886784,12,360,370,0.016551724137931035,0.496551724137931,0.5103448275862069,1,False,0.8674178081876964,-0.4787193100366929,0.1356988144268252,0.30454921893140185,0.4581459051876144,0.5288450346560876,0.24564021862305654,0.3938567954255055,0.7360745087845896,85,3.0522786381784432,21.163513511613555,8:6=121;17:33=109;8:5=85;17:34=68;9:5=47,nan,nan,0
526,1691509885.053384,726,726,726,726,0.9999998905130394,0.9999999982528018,0.9999999987177748,1.0000000605572401,1.0000000994272655,16.481087678583147,331.49164861186404,378.0272611726216,0.04971795744356889,0.04359761681593979,0.8768987918585384,22.937033559008405,6.4901551604270935,334.2216803431511,377.4138879776001,0.008939607658990488,0.46036044124400977,0.5198538401895318,10,346,387,0.013774104683195593,0.4765840220385675,0.5330578512396694,1,False,0.8689971003523953,-0.4773823831871915,0.13019254894826518,0.2983706603643512,0.44488389439608483,0.5513056601444086,0.23441896555638297,0.19682455303187646,0.9247503843293416,90,3.1763097876776865,23.958179454921744,17:33=112;8:6=97;8:5=96;17:34=58;17:32=41,nan,nan,0
527,1691509885.1544948,637,637,637,637,0.9999998948379243,1.0000000002957703,1.0000000012473103,1.0000000597582264,1.0000000857618174,12.623586421424967,291.1514838790521,333.22493007633494,0.04335745177472274,0.03788307921178996,0.8737385999671612,26.39700945135369,4.387913644313812,294.1402702331543,332.692499935627,0.00688840446517082,0.4617586659861135,0.5222802196791633,7,301,337,0.01098901098901099,0.4725274725274725,0.5290423861852434,1,False,0.8624555030621851,-0.487782499519299,0.1350508733791015,0.3000236822680803,0.43851258136873417,0.5476086718154423,0.2286219804060967,0.15217901095712658,0.9357799989208725,73,3.01580256144071,20.405461006862556,8:5=97;17:33=95;8:6=94;17:34=54;17:32=52,nan,nan,0
528,1691509885.2558951,572,572,572,572,0.9999998997927384,1.0000000014622512,1.0000000009873107,1.0000000630433024,1.0000001073258735,9.846192944708461,265.5076753564214,296.6461333716858,0.03708440040948266,0.033191711730055064,0.8950316403543034,30.128003283858995,1.1980911493301392,269.1589859724045,297.79048907756805,0.0020945649463813623,0.47055766778392394,0.5206127431426015,2,277,304,0.0034965034965034965,0.48426573426573427,0.5314685314685315,1,False,0.8683257940595182,-0.4791163448860254,0.12828812662893768,0.2981782385204954,0.4456454239331334,0.5486577356945326,0.22273242760810258,0.17550435506347195,0.9271065174053152,75,3.0868516908850534,21.907996143394417,17:33=88;8:6=80;8:5=77;17:34=49;17:32=33,nan,nan,0
529,1691509885.3574324,648,648,648,648,0.9999998941844055,0.9999999994027652,1.000000000185553,1.0000000626186132,1.0000001017491573,12.952375898286602,295.49656380644575,339.55105952125155,0.043832577040627055,0.03814559117132117,0.8702566389369533,26.215349383596013,5.0785457491874695,298.2760697007179,337.66497671604156,0.007837261958622638,0.4603025766986388,0.5210879270309283,7,308,344,0.010802469135802469,0.47530864197530864,0.5308641975308642,1,False,0.8606643874624026,-0.49219642763868243,0.13038208762589557,0.3016439577115213,0.43743458018270925,0.550319090860828,0.21573290967404773,0.16174399432548625,0.9493343323102377,80,3.03369788455906,20.773910251391836,17:33=111;8:6=103;8:5=86;17:34=49;17:32=37,nan,nan,0
530,1691509885.4593322,677,677,677,677,0.9999998983635618,0.999999999924522,1.0000000000271325,1.0000000600042396,1.0000001214764205,13.91525111641604,325.75335525873106,337.331393522656,0.042717138263591456,0.04125098162700786,0.9656775548133283,24.241847358737267,4.6561039090156555,312.60973608493805,353.1638642549515,0.006877553779934499,0.4617573649703664,0.5216600653692045,7,377,444,0.0103397341211226,0.5568685376661743,0.6558345642540621,1,False,0.863503674780887,-0.48965673400211585,0.12082088596879986,0.3085770294409326,0.4606397916489721,0.5240732365731021,0.26290385932377175,0.3767556464505212,0.7551675815490759,85,3.0636168383353226,21.404835155130492,8:5=106;17:33=105;8:6=100;17:34=52;9:5=33,nan,nan,0
531,1691509885.561896,682,682,682,682,0.9999998991538057,0.9999999999262743,0.9999999995647483,1.000000063166566,1.0000001068259692,11.822328358117982,328.70675593100776,341.47091561031283,0.035966186106011676,0.03462177250729501,0.9626200677838357,28.88355874296425,3.8318774700164795,453.95433247089386,470.20000314712524,0.005618588665713313,0.6656221883737446,0.6894428198638201,6,652,667,0.008797653958944282,0.9560117302052786,0.9780058651026393,1,False,0.8614487411976672,-0.49092818887705825,0.12998299756062698,0.3104981605373821,0.4669364112156764,0.5166424904238975,0.270995550728355,0.5959542914779896,0.3304552880071573,78,3.0754257094600113,21.659100433116617,8:6=114;17:33=93;8:5=92;17:34=56;9:5=40,nan,nan,0
532,1691509885.6643276,660,660,660,660,0.9999999023158216,1.000000001044727,1.0000000005593184,1.0000000575845427,1.0000001017491573,12.965820668314285,315.57743922331895,331.45674148740676,0.041086019013985974,0.03911768579552908,0.952092384083577,25.563884459501796,5.201512455940247,308.77084070444107,318.2811999320984,0.007881079478697343,0.467834607127941,0.4822442423213612,9,335,341,0.013636363636363636,0.5075757575757576,0.5166666666666667,1,False,0.8650141909523961,-0.4860766383498173,0.12441845161193926,0.3063769878557732,0.4591335500060738,0.5280309310535403,0.25859002583547686,0.3763051758122866,0.7705989985952477,82,3.082563102686173,21.81424294778914,8:6=100;17:33=99;8:5=96;17:34=46;17:32=41,nan,nan,0
533,1691509885.7676558,660,660,660,660,0.9999999089284141,1.0000000018698156,1.0000000028681029,1.000000059040455,1.0000001054460628,12.97568307793574,317.51800645466494,329.50631293555597,0.0408659755168512,0.03937916382340599,0.963617369348442,25.394140019946917,3.3429792523384094,301.9233578443527,308.9719467163086,0.00506512007930062,0.45745963309750415,0.4681393132065282,5,349,354,0.007575757575757576,0.5287878787878788,0.5363636363636364,1,False,0.8636842612271672,-0.4863457230111504,0.1323530680310926,0.3137389363719189,0.47341449214282827,0.5144362826271309,0.2980451390741686,0.587722219052637,0.43379642539577534,84,3.06599722518849,21.455847633957536,8:6=112;8:5=102;17:33=85;17:34=54;17:32=34,nan,nan,0
534,1691509885.871506,686,686,686,686,0.9999998795692093,1.0000000033494274,1.0000000052446176,1.0000000617165319,1.000000120996338,15.182087674449773,330.3158128141446,340.5021041068202,0.04596233993494015,0.04458735347399482,0.9700844982459197,22.427884188803475,6.417235493659973,327.6856144666672,329.41276597976685,0.009354570690466434,0.47767582283770726,0.4801935364136543,9,348,344,0.013119533527696793,0.5072886297376094,0.5014577259475219,1,False,0.8632465421195253,-0.4893306667134375,0.12393912268717047,0.30870329073918656,0.46057441089965967,0.5259308921963333,0.26045377086786015,0.37243529953876187,0.6144336302004839,88,3.139096123187548,23.08299324419982,8:6=106;8:5=96;17:33=93;17:34=63;17:32=31,nan,nan,0
535,1691509885.9742365,732,732,732,732,0.9999998973773592,1.0000000005650735,1.0000000005701137,1.000000058317251,1.0000001158187408,13.599366811399301,346.819304129217,371.5813298866514,0.03921167780883525,0.03659862785772284,0.9333604146231246,27.32342873310715,5.698835968971252,350.0599328279495,372.3377917408943,0.007785295039578213,0.47822395195075074,0.5086581854383803,8,359,380,0.01092896174863388,0.49043715846994534,0.5191256830601093,1,False,0.8530621870357293,-0.503204738736436,0.13809379407856726,0.315126940884953,0.44799905600910395,0.5346972418686086,0.28473691982006644,0.28258055955297534,0.8764021463297729,79,3.0090931965901295,20.269011580378276,8:6=121;8:5=102;17:33=96;17:34=75;9:5=49,nan,nan,0
536,1691509886.0753665,696,696,696,696,0.999999897850772,1.0000000007956376,1.0000000020725315,1.000000063077991,1.0000001119310236,15.116763390024142,335.7350345199695,345.14820319753414,0.04502587408441879,0.043797891021824506,0.972727168820933,22.832149600575505,6.135178208351135,319.7096887230873,323.5137303471565,0.00881491121889531,0.4593530010389186,0.464818578084995,8,358,358,0.011494252873563218,0.514367816091954,0.514367816091954,1,False,0.8657020261936232,-0.4845542994777725,0.12556724374557596,0.30735138388353833,0.46255262205154524,0.5219496775501082,0.252817349956891,0.3756491401076669,0.5564171005398015,80,2.9989206823242025,20.063869943039286,8:5=107;17:33=106;8:6=102;17:34=69;9:5=39,nan,nan,0
537,1691509886.1753802,690,690,690,690,0.9999998964172471,1.0000000002089757,0.999999999644122,1.00000006203863,1.0000001119310236,13.68469442848976,312.0989024266506,364.21640343324634,0.04384730071809827,0.03757297666852035,0.8569051242192396,26.614872939727103,6.5183932185173035,315.27549105882645,365.0692489743233,0.009446946693503338,0.4569210015345311,0.5290858680787294,9,322,369,0.013043478260869565,0.4666666666666667,0.5347826086956522,1,False,0.8630075448035603,-0.48801104575838494,0.13062617207105987,0.29835172196680537,0.43409095672802656,0.5514422526031446,0.24304471968638852,0.14538979028711427,0.9487639319911515,74,3.0133090773890756,20.354643697680253,8:6=119;17:33=107;8:5=72;17:34=59;17:32=49,nan,nan,0
538,1691509886.2745564,726,726,726,726,0.9999999035395433,0.9999999997119801,0.9999999991163158,1.0000000609390023,1.00000011328991,14.807749661152872,350.5419533325918,360.65029658805054,0.04224244636162959,0.04105847077138796,0.9719718981210075,24.355510110641063,5.221417307853699,335.3240715265274,339.8473359942436,0.007192034859302615,0.4618788864001755,0.4681092782289857,7,371,372,0.009641873278236915,0.5110192837465565,0.512396694214876,1,False,0.8600826036180426,-0.49336212040126337,0.12981422536370085,0.31231507880508347,0.4590284610394075,0.5226495847359581,0.27128922972571673,0.39052880325328043,0.5684705657526619,87,3.079128083132801,21.739439146534533,8:6=120;8:5=110;17:33=106;17:34=57;17:32=36,nan,nan,0
539,1691509886.3734694,728,728,728,728,0.9999999045483644,1.0000000007272445,0.9999999980881558,1.0000000624146617,1.0000001162280545,15.107020924856077,339.6558445206274,373.23713561338474,0.044477435523529237,0.04047566408425282,0.9100269295616331,24.706203656558486,5.033559203147888,340.2445665001869,370.69310265779495,0.006914229674653692,0.4673689100277293,0.509193822332136,7,350,379,0.009615384615384616,0.4807692307692308,0.5206043956043956,1,False,0.866323429877861,-0.4819658612426118,0.1311206446038382,0.30067761972076723,0.45075286923323393,0.5369647677252714,0.24431489809045787,0.28368609186574334,0.9140080611121528,81,3.08431777284242,21.852553350101168,8:6=118;17:33=107;8:5=88;17:34=68;17:32=42,nan,nan,0
540,1691509886.4714093,718,718,718,718,0.999999897850772,0.9999999996168738,1.0000000001036842,1.000000057409155,1.0000001053834087,14.56313807247677,344.0685199486571,359.3683414286969,0.042326272902414676,0.04052426547808824,0.9574257948843959,24.676573114957684,5.303337872028351,483.9464339017868,496.82972556352615,0.007386264445721937,0.6740201029272797,0.6919634060773345,8,692,697,0.011142061281337047,0.9637883008356546,0.9707520891364902,1,False,0.86880797979935,-0.47656245983138323,0.13439090786371585,0.3084424421605764,0.47263541272811566,0.5191790398098515,0.2848346133563171,0.5714787358333182,0.5650394622528262,93,3.0979236540492647,22.15190847212583,8:6=136;17:33=102;8:5=101;17:34=52;17:32=33,nan,nan,0
541,1691509886.5689633,679,679,679,679,0.9999998964004448,0.9999999990370243,0.9999999991004382,1.0000000572574006,1.000000101986272,13.414437473162872,326.242459531814,339.34310168730207,0.04111800006784446,0.03953060311661797,0.961394110885566,25.296856641674097,5.129643082618713,310.46271485090256,321.5166674256325,0.0075547026253589295,0.4572352206935236,0.47351497411727905,7,350,361,0.010309278350515464,0.5154639175257731,0.5316642120765832,1,False,0.8693910334276277,-0.47624829272578245,0.13170723090027864,0.30885420574156874,0.4755330001732138,0.5097190485733193,0.2663022036445916,0.6499883981506505,0.2387024577048675,79,3.074394678085642,21.636780729164183,8:6=123;8:5=82;17:33=81;17:34=50;17:32=44,nan,nan,0
542,1691509886.6665611,627,627,627,627,0.9999999047840333,1.0000000004973875,1.0000000014717303,1.0000000554118946,1.000000108207932,12.72595248985363,299.01369453605116,315.2603535978193,0.04255976472783022,0.04036648549245825,0.9484658984983119,24.773026132949624,4.791005074977875,299.79973101615906,311.4453867673874,0.007641156419422448,0.4781494912538422,0.4967231048921649,7,310,318,0.011164274322169059,0.4944178628389155,0.507177033492823,1,False,0.860998953452844,-0.49215021328039665,0.12833148374879566,0.31038763066718345,0.4532155521891724,0.5306576192269544,0.2554168739487686,0.22486864129572667,0.84941926501346,78,3.157184417659099,23.504324315778465,8:6=99;8:5=86;17:33=84;17:34=43;17:32=31,nan,nan,0
543,1691509886.7637155,637,637,637,637,0.9999998941412648,1.0000000028051723,1.0000000010837127,1.0000000601849461,1.0000001139107335,12.08924790447786,307.0783104413578,317.8324452279543,0.03936861540986797,0.03803654436792086,0.9661641379032797,26.290506054576735,4.199256956577301,291.1271356344223,298.7034754753113,0.006592240120215543,0.4570284703837085,0.4689222534934243,6,336,343,0.009419152276295133,0.5274725274725275,0.5384615384615384,1,False,0.865016224413271,-0.4840004708733413,0.1322515621692005,0.31235303024725625,0.4719090854010547,0.5134481830843175,0.277128850243554,0.5800626407090099,0.3019390634260785,78,3.045312896677894,21.01660620043915,8:6=110;8:5=103;17:33=81;17:34=54;17:32=29,nan,nan,0
544,1691509886.8612964,583,583,583,583,0.9999999051536315,1.0000000038777122,1.0000000032029885,1.0000000634883894,1.0000001137831716,11.75386364483277,265.9060614650823,305.34007941149724,0.04420306773027902,0.038494336110368454,0.8708521396129234,25.977847679535635,4.325802981853485,266.43459606170654,308.8238186240196,0.007419902198719529,0.457006168201898,0.5297149547581812,6,270,315,0.010291595197255575,0.4631217838765009,0.5403087478559176,1,False,0.861735255925754,-0.48994681525267525,0.13177430295143347,0.32649125286227065,0.4941362966155104,0.48408690075787225,0.32860902805678066,0.7530381900648194,0.15802398892301162,75,3.062167231391546,21.373829036231434,8:6=102;8:5=94;17:33=69;17:34=40;17:32=31,nan,nan,0
545,1691509886.9586537,673,673,673,673,0.999999899941338,0.9999999990837327,1.0000000004260596,1.0000000617007,1.0000001069185867,15.811291452333721,318.4421563569734,338.74655095739735,0.049652004725810474,0.04667587435989049,0.9400602174604058,21.42434424022959,4.406645953655243,318.7755882740021,335.01500725746155,0.006547765161449098,0.4736635784160506,0.4977934728937021,6,331,344,0.008915304606240713,0.4918276374442793,0.5111441307578009,1,False,0.8686846150677247,-0.4782042157419719,0.12925853005215782,0.3037857907493117,0.4566922303667016,0.530679187012361,0.23605012738952774,0.3052560366850273,0.8432110102056218,80,3.15533093411541,23.460799785913924,8:6=111;8:5=90;17:33=82;17:34=55;17:32=38,nan,nan,0
546,1691509887.056099,675,675,675,675,0.999999903362877,1.0000000015633932,0.9999999993608105,1.0000000639216182,1.0000001152466942,12.985677475317988,312.84616455423367,349.1681600810295,0.041508188197930895,0.037190325350124925,0.8959756367294005,26.888713410963504,3.0278732776641846,310.51718401908875,344.1093040108681,0.004485738189132125,0.4600254578060574,0.5097915614975823,4,325,356,0.005925925925925926,0.48148148148148145,0.5274074074074074,1,False,0.8745154170334689,-0.46811929520637197,0.12683497477536462,0.2926712269953667,0.45308507282354604,0.5412655247736609,0.23226151940806813,0.21445005942767545,0.9226687408694901,79,3.0810427762462966,21.78110337533705,8:6=122;17:33=87;8:5=87;17:34=59;17:32=39,nan,nan,0
547,1691509887.1540682,707,707,707,707,0.9999998805907337,1.0000000027789329,1.0000000020664936,1.0000000597550522,1.0000001069185867,15.00374635977829,344.73050826780957,347.26574930182346,0.043523117333503836,0.043205373377430016,0.9926994210079428,23.14526925306907,6.386020302772522,486.28105145692825,483.61299496889114,0.00903256054140385,0.6878091251158815,0.684035353562788,10,694,685,0.014144271570014143,0.9816124469589816,0.9688826025459689,1,False,0.864223152579692,-0.4851368103654907,0.133268967781761,0.3115215899859137,0.46637848883857363,0.5176561177350849,0.26810490572795614,0.5780629913214834,0.4676664040164323,87,3.132619536178379,22.933977308246245,8:6=117;8:5=96;17:33=89;17:34=61;9:5=39,nan,nan,0
548,1691509887.2534313,729,729,729,729,0.9999999114101169,1.0000000015919708,1.0000000020441047,1.0000000591295506,1.0000001112408696,16.775298380523193,341.693336437628,370.53136750294215,0.04909460206457764,0.04527362553290442,0.9221711477231811,22.087915165380558,7.7912402749061584,341.49573361873627,364.1101321578026,0.01068757239356126,0.468444079038047,0.499465201862555,12,360,377,0.01646090534979424,0.49382716049382713,0.5171467764060357,1,False,0.8593888633523835,-0.4952620360431287,0.12714675458034064,0.30709923673546247,0.4487189498432732,0.5349330624949079,0.2438734885882501,0.24820359704734596,0.9013778970662708,90,3.1794838710567195,24.03434552890973,8:6=113;8:5=107;17:33=89;17:34=70;9:5=39,nan,nan,0
549,1691509887.3537393,702,702,702,702,0.9999998885715783,0.9999999964589711,0.9999999957910071,1.000000054339129,1.0000001294355128,14.797016666313262,327.4238148848065,359.77916347727603,0.04519224318340776,0.04112805345173319,0.910068864800968,24.314304132423235,5.2504066824913025,321.23992240428925,348.4590286016464,0.007479211798420659,0.4576067270716371,0.49638038262342793,8,345,368,0.011396011396011397,0.49145299145299143,0.5242165242165242,1,False,0.8692917321980784,-0.47843402981432004,0.12422867401568283,0.2982071251302661,0.45314029339333034,0.5363750626336491,0.2277658651489144,0.2770176154141293,0.9043318025442009,84,3.1473348933777836,23.273954282738146,8:6=108;8:5=96;17:33=94;17:34=68;9:5=35,nan,nan,0
550,1691509887.4549334,641,641,641,641,0.9999998915982102,1.0000000008410936,1.0000000011551538,1.0000000558042943,1.000000111464132,13.166110326859721,302.9587462442535,324.87514450716867,0.043458426238154706,0.040526677862144665,0.9325390118835898,24.675104221510452,4.054313898086548,297.3268518447876,314.77171528339386,0.006324982680322227,0.4638484428155813,0.49106351838282974,6,319,333,0.0093603744149766,0.49765990639625585,0.5195007800312013,1,False,0.8662508782279854,-0.4843341740853516,0.12259618176070813,0.3010347358145365,0.45469929432944345,0.5330821582455849,0.22598831169369155,0.2937858792340504,0.8745764206265432,89,3.1292087024555446,22.8558865780002,8:6=108;8:5=96;17:33=91;17:34=55;17:32=27,nan,nan,0
551,1691509887.5576081,658,658,658,658,0.9999999036009366,0.9999999989086739,0.999999998780559,1.0000000574246668,1.0000001190425383,16.463053839940613,297.81753475146695,343.7194099724077,0.0552789944140773,0.047896782556627215,0.8664553880602043,20.878229113150223,9.707803606987,300.0106420516968,342.65820252895355,0.014753500922472644,0.45594322500257867,0.5207571467005373,15,310,351,0.022796352583586626,0.47112462006079026,0.5334346504559271,1,False,0.8624522256494331,-0.49090495252991007,0.1232415759958719,0.30228011745025785,0.4372327705458951,0.5513667610571085,0.23440417104707467,0.1654240971576747,0.925328849992062,94,3.1714177734721214,23.841261914992433,17:33=105;8:6=101;8:5=95;17:34=52;17:32=31,nan,nan,0
552,1691509887.660705,692,692,692,692,0.9999998847378168,0.9999999991514336,1.0000000001551035,1.0000000553844173,1.000000120996338,15.49789931109228,327.3017907106998,349.2003088037921,0.0473504873818145,0.04438111571029625,0.9372895225433588,22.532105919275118,7.2583853006362915,322.61294704675674,341.27652156352997,0.010488996099185393,0.4662036807034057,0.49317416410914733,10,339,355,0.014450867052023121,0.48988439306358383,0.5130057803468208,1,False,0.862883331474343,-0.48716063164073875,0.13456178968464846,0.30772812601965915,0.4540976556229954,0.5269697308757294,0.2564216318171686,0.2691556315500131,0.8961173944952443,83,3.088029005523142,21.933803936910817,8:6=111;8:5=105;17:33=94;17:34=57;9:5=32,nan,nan,0
553,1691509887.764425,704,704,704,704,0.9999998893078405,1.0000000026996154,1.000000001042104,1.0000000620565401,1.0000000984779716,14.889538014972413,338.7411454932709,350.3693202928153,0.04395550470637525,0.04249669463790017,0.9668116637900077,23.531241865294668,5.898729562759399,480.2991551756859,487.86651742458344,0.008378877219828692,0.6822431181472811,0.6929922122508287,8,688,687,0.011363636363636364,0.9772727272727273,0.9758522727272727,1,False,0.8685139696376215,-0.4796841770028775,0.12484620489775985,0.3073644826603274,0.4677130643121687,0.5174308244354215,0.27389325976827394,0.469497738538674,0.4649365812124784,87,3.0982203624557885,22.15848210476786,8:6=124;8:5=98;17:33=91;17:34=60;17:32=37,nan,nan,0
554,1691509887.8677301,664,664,664,664,0.999999897481827,0.9999999993826492,0.9999999983402859,1.000000055896427,1.0000001112408696,15.429300544765626,299.88157060773483,348.68912802765743,0.05145131297497499,0.044249445435940865,0.8600255829712842,22.599153280862744,6.429148018360138,301.53733146190643,348.0057017803192,0.009682451834879726,0.45412248714142534,0.5241049725607217,9,313,358,0.01355421686746988,0.4713855421686747,0.5391566265060241,1,False,0.8626880179512518,-0.49032107673321534,0.12391378210078392,0.3006941358493816,0.4355932233097811,0.5500824833319244,0.2332019018579272,0.1543664337908385,0.9340298822275757,86,3.1450514799106664,23.22087085087212,8:6=105;17:33=96;8:5=86;17:34=65;17:32=30,nan,nan,0
555,1691509887.9701824,630,630,630,630,0.999999882027773,0.9999999986236501,0.9999999965056958,1.0000000595636682,1.000000120996338,14.913123506743045,283.1496848417399,331.93718991731623,0.05266869187962684,0.04492754641460278,0.8530218771577567,22.258059471393043,6.495263397693634,286.16006940603256,331.6628467440605,0.010309941901101006,0.4542223323905279,0.5264489630858104,9,295,337,0.014285714285714285,0.46825396825396826,0.5349206349206349,1,False,0.864005370042547,-0.4860804052460821,0.13122713200190927,0.29938036027383963,0.4359449082656279,0.5534906800007815,0.23533353106831317,0.1559166276601484,0.9413260271448174,76,3.1179028740624855,22.59893709691948,17:33=97;8:5=90;8:6=85;17:34=62;17:32=30,nan,nan,0
556,1691509888.0719626,639,639,639,639,0.9999999039685229,0.9999999996587468,0.9999999994952083,1.0000000541767886,1.000000104182063,13.891511739054334,288.99316962421796,336.1153182006061,0.04806865074741271,0.041329600249767146,0.8598036268365968,24.195733661992875,4.292649209499359,291.78943091630936,337.039457321167,0.006717760891235304,0.4566344771773229,0.5274482900174757,6,298,342,0.009389671361502348,0.46635367762128327,0.5352112676056338,1,False,0.8719172877825686,-0.4710452876868712,0.13370332910545674,0.2946934381865731,0.44171480009570663,0.5511212154999782,0.24093323675330344,0.1688024999121098,0.925577071266196,86,3.216130773666011,24.931467825143983,8:6=97;17:33=85;8:5=78;17:34=53;17:32=32,nan,nan,0
557,1691509888.1726701,649,649,649,649,0.9999998971198196,1.000000000748793,1.0000000011012649,1.000000058902194,1.0000001142978585,14.150477430015878,306.6534358897584,328.19608765215924,0.046144852050844,0.04311592356644225,0.9343604248407953,23.19328724244967,4.834262192249298,298.4003567099571,314.0269960165024,0.007448786120569027,0.4597848331432313,0.4838628598097109,7,323,334,0.01078582434514638,0.49768875192604006,0.514637904468413,1,False,0.872627983493036,-0.47024188338323264,0.1318824231543679,0.29773683625858216,0.4611651803552772,0.5297161418649196,0.250178539199031,0.3145492682023994,0.9058497981199768,77,3.0991826683416925,22.17981560555037,8:6=113;17:33=91;8:5=82;17:34=54;16:33=37,nan,nan,0
558,1691509888.2735667,639,639,639,639,0.9999998675334243,1.0000000000627116,1.0000000016713118,1.0000000602249879,1.000000107569479,14.730199651105156,303.55815266191627,320.7116477671243,0.04852513273629885,0.04592973081476939,0.9465142746618808,21.772389741035344,5.1322455406188965,284.7855352759361,302.6461009979248,0.008031683162157898,0.4456737641250957,0.47362457120176027,7,325,344,0.010954616588419406,0.5086071987480438,0.5383411580594679,1,False,0.8751455862344839,-0.46725207830580845,0.12568093814578352,0.2967929063594054,0.4636319327914304,0.5241225665873414,0.2552513996879355,0.3181732552998118,0.8055362222710396,81,3.1469281340194746,23.26448930914258,8:6=113;17:33=86;8:5=77;17:34=47;17:32=32,nan,nan,0
559,1691509888.3739386,632,632,632,632,0.9999999082410033,0.9999999992020158,0.9999999983918859,1.000000057783083,1.0000001013323827,15.5094830186026,301.5547944836367,314.9357214891086,0.051431724191817456,0.049246503207921954,0.9575121966406259,20.306010271997074,7.882760643959045,300.6910572052002,315.1532855629921,0.012472722537909882,0.47577698924873446,0.49866026196675967,11,311,327,0.01740506329113924,0.4920886075949367,0.5174050632911392,1,False,0.8637782674191632,-0.48452956680751735,0.13826859232547448,0.3170620298349235,0.4742307796476729,0.506868692201938,0.30227124432885266,0.6090779425690764,0.31685363852214243,89,3.14504955570124,23.220826169096526,8:6=114;8:5=90;17:33=83;17:34=51;17:32=27,nan,nan,0
560,1691509888.4727068,633,633,633,633,0.9999998932851832,1.0000000025728686,1.000000003151416,1.0000000686937094,1.0000001135596532,14.43848960444623,305.21711311147226,313.34440054133313,0.04730563583822695,0.046078658433028725,0.9740627647539889,21.70202071862426,5.052172482013702,344.6367577314377,395.5330581665039,0.007981315137462405,0.5444498542360785,0.6248547522377629,7,459,553,0.011058451816745656,0.7251184834123223,0.8736176935229067,1,False,0.8658014826264048,-0.4798968000875159,0.14172809865260455,0.31172845221281414,0.47145575515125265,0.5131275839428052,0.2709990749466246,0.5902204221690271,0.3124346054604159,76,3.1167315620890528,22.57248218781152,8:6=98;8:5=96;17:33=82;17:34=56;17:32=28,nan,nan,0
561,1691509888.5705683,643,643,643,643,0.9999998932851832,1.0000000019555146,1.0000000013082282,1.000000059301762,1.0000001059143886,17.097129858569062,297.4314545454161,328.4714181108068,0.0574825883318216,0.052050586187689256,0.9055017823349256,19.21207950269953,6.818574666976929,297.32674753665924,333.7884360551834,0.010604315189699733,0.4624055171643223,0.5191110980640489,9,302,343,0.013996889580093312,0.46967340590979784,0.5334370139968896,1,False,0.8691397364872422,-0.4786164325409973,0.12458904029093604,0.3148993817820671,0.4884295157147488,0.49632281768342984,0.26641612916170404,0.7305922967314947,0.2116819552925839,80,3.1721241806285794,23.85810950295593,8:6=104;8:5=91;17:33=73;17:34=52;17:32=34,nan,nan,0
562,1691509888.6681857,596,596,596,596,0.9999998822133117,1.0000000015983599,1.0000000046936517,1.0000000553135961,1.000000120996338,14.009058458982764,277.26065706296475,304.73028638329714,0.05052667265302399,0.04597199256184806,0.9098559265429219,21.752374527918448,5.570481836795807,276.70606911182404,303.10232347249985,0.009346446034892293,0.4642719280399732,0.5085609454236575,8,288,314,0.013422818791946308,0.48322147651006714,0.5268456375838926,1,False,0.8647225255811215,-0.4837254508932606,0.13514674213875158,0.32132995696188915,0.4843278283360457,0.49697600066567277,0.31678726816170777,0.7029016426028993,0.20137020724922486,81,3.1171740298711477,22.58247199386222,8:5=99;8:6=96;17:33=62;17:34=53;17:32=27,nan,nan,0
563,1691509888.766192,580,580,580,580,0.9999999025006561,1.000000001424698,1.0000000018807262,1.0000000635738842,1.0000001181995164,15.73557147844747,270.7501366307861,293.5142935434163,0.058118424885249834,0.05361092057385575,0.9224427654346484,18.65291603456753,8.301548898220062,270.3592014312744,289.8421833515167,0.014313015341758727,0.46613655419185246,0.49972790233020126,11,283,300,0.01896551724137931,0.4879310344827586,0.5172413793103449,1,False,0.8603588832301622,-0.493561497128322,0.12719921619018545,0.3119187812772351,0.4502922228300103,0.5364948299438786,0.26255240828562476,0.30392462515958596,0.8657174547610369,84,3.265740487522342,26.19950421567956,8:6=87;8:5=72;17:33=63;17:34=52;17:32=29,nan,nan,0
564,1691509888.8639133,536,536,536,536,0.9999998977840657,0.9999999998815888,0.9999999981170957,1.0000000589250306,1.000000120996338,14.733207920083526,259.3679760331205,261.89881591985954,0.05680426761013141,0.05625534376066769,0.9903365737723936,17.776089045947217,6.479755699634552,362.1563622355461,363.974537730217,0.012089096454542075,0.6756648549170636,0.6790569733772704,10,517,515,0.018656716417910446,0.9645522388059702,0.960820895522388,1,False,0.8596510364112616,-0.49256045788047276,0.13558868289655462,0.3159584330805446,0.46623625818010234,0.5172303934441773,0.26618754776412895,0.5822487660848634,0.4207661703173744,86,3.2947062459353957,26.9694905087104,8:5=88;8:6=73;17:33=58;17:34=42;17:32=21,nan,nan,0
565,1691509888.9623349,502,502,502,502,0.9999998954978429,1.0000000009753132,1.0000000007448004,1.0000000596165108,1.000000120996338,13.646236936741383,228.7198094005454,259.63395464192786,0.05966355503927262,0.05255952348590724,0.8809318092311251,19.02604768226503,3.025829792022705,229.38435119390488,261.30272710323334,0.0060275493864994124,0.45694093863327667,0.520523360763413,4,236,269,0.00796812749003984,0.4701195219123506,0.5358565737051793,1,False,0.8572836053746451,-0.4959368540919431,0.13824419231648266,0.33017991229585814,0.4902250352292208,0.4924190280036891,0.29764705098497746,0.7125278425717422,0.19551829140900176,82,3.270949550750346,26.336335160802435,8:5=87;8:6=66;17:33=47;17:34=43;16:33=22,nan,nan,0
566,1691509889.062425,511,511,511,511,0.9999999107030649,1.0000000018943331,1.000000001056745,1.0000000610051325,1.0000001181995164,13.298420500815812,225.86133169799294,271.8402497371998,0.05887869517477916,0.048919983386095295,0.8308605216348324,20.441544145827194,3.844001352787018,226.4572857618332,273.0753325819969,0.007522507539700622,0.44316494278245244,0.5343939972250429,5,233,281,0.009784735812133072,0.45596868884540115,0.5499021526418787,1,False,0.8633922274372813,-0.489054367537183,0.12401486682529758,0.3262479596256575,0.5045235344603376,0.47652920621107087,0.31447397568276625,0.7644041612162646,0.1625991600896181,77,3.175016826363394,23.92722247312828,8:5=91;8:6=77;17:33=55;17:34=29;9:5=28,nan,nan,0
567,1691509889.1629095,569,569,569,569,0.9999999029431379,1.0000000018921735,1.0000000020623414,1.0000000658385817,1.000000120996338,16.50493448197604,263.59513089197,288.8999367793478,0.06261471684293102,0.057130280698475755,0.9124097908449706,17.50385238395442,7.802396357059479,262.889714717865,290.5293955206871,0.013712471629278522,0.4620205882563532,0.5105964771892568,11,272,302,0.019332161687170474,0.4780316344463972,0.5307557117750439,1,False,0.8646438849640803,-0.4839531614731243,0.13483430459044943,0.3246734261227896,0.48768594959144895,0.49809857363983434,0.29948851487769707,0.6848078304585415,0.23764264849885858,87,3.3197208578133464,27.652630465330216,8:5=84;8:6=81;17:33=57;17:34=45;9:5=28,nan,nan,0
568,1691509889.2641513,605,605,605,605,0.9999999043762419,0.9999999984248534,0.9999999991068782,1.0000000571110443,1.0000001135596532,17.069209397118986,288.15179311486617,299.7789955820879,0.059236866835371986,0.05693931078785324,0.9612140855811299,17.562558909886352,9.505342602729797,277.2327119708061,287.7563632130623,0.01571131008715669,0.45823588755505146,0.4756303524182848,13,329,341,0.021487603305785124,0.543801652892562,0.5636363636363636,1,False,0.8607778007534544,-0.4906087474871842,0.135516178440444,0.32230634892004134,0.47147980457636546,0.5119456085662423,0.3084842016784371,0.5624858285852699,0.34692685432884357,90,3.2132506263679352,24.85976483260661,8:6=96;8:5=92;17:33=66;17:34=59;17:32=29,nan,nan,0
569,1691509889.3661454,589,589,589,589,0.9999999029036245,1.0000000003246912,0.999999999688801,1.0000000629661496,1.0000001029679448,12.580562276510271,280.45353802836445,295.9659000776116,0.04485791965740115,0.04250679646949615,0.9475873333881393,23.525649615059155,3.5324325561523438,398.08175081014633,413.2232499718666,0.005997338805012468,0.6758603579119632,0.7015674872187888,5,573,582,0.008488964346349746,0.9728353140916808,0.9881154499151104,1,False,0.8671164292812733,-0.48198009850730905,0.1257150854646289,0.3048423471163121,0.46778653969587214,0.5176194992269361,0.25193943911256655,0.46990969508240366,0.4489541074401956,78,3.143533395962851,23.185646363208566,8:6=85;8:5=85;17:33=68;17:34=52;17:32=38,nan,nan,0
570,1691509889.469322,611,611,611,611,0.9999998960901133,1.0000000011439385,1.0000000014536765,1.0000000579975574,1.0000001012651671,15.950450375633379,292.7395815377482,302.3099694845114,0.05448682508817687,0.05276190660477238,0.9683424666309144,18.953067930065075,8.019379079341888,289.0852926969528,292.28375321626663,0.013125006676500637,0.4731346852650619,0.47836948153235126,12,308,306,0.019639934533551555,0.5040916530278232,0.5008183306055647,1,False,0.8614069913121117,-0.4936276461144192,0.11962333514056984,0.31122314480031127,0.45711336840618877,0.5234182798927177,0.2613342190579855,0.3671403944486397,0.5574783852999329,84,3.2050415950586277,24.656525584754064,8:5=97;8:6=88;17:33=68;17:34=56;17:32=32,nan,nan,0
571,1691509889.5725734,598,598,598,598,0.9999999000893403,1.0000000013772619,1.0000000025398208,1.0000000620473668,1.0000000990960634,14.09328504499195,273.16182586074694,310.74489074146686,0.051593171925042175,0.045353231750211664,0.8790549225409848,22.049145373093133,7.5491058230400085,276.3078630566597,313.494899392128,0.012623922781003358,0.4620532827034443,0.524238962194194,12,282,319,0.020066889632107024,0.47157190635451507,0.5334448160535117,1,False,0.8624222778394994,-0.486084203570994,0.14124433342573947,0.3052322514411191,0.44148129867878066,0.544426511387573,0.2513334272555328,0.20061291844614737,0.927481467093217,76,3.121440007411635,22.679014088990904,8:5=99;17:33=84;8:6=72;17:34=48;17:32=34,nan,nan,0
572,1691509889.6748567,614,614,614,614,0.9999998998742838,1.0000000014703012,1.0000000016466153,1.0000000660144235,1.000000120996338,17.361467719417618,282.1844041025556,314.45412998355687,0.06152525606308085,0.05521144759754139,0.8973785910120224,18.11218585119168,7.396743893623352,283.8886407613754,314.02018880844116,0.012046814158995688,0.4623593497742271,0.5114335322613048,10,293,321,0.016286644951140065,0.4771986970684039,0.5228013029315961,1,False,0.8626248605424981,-0.487973129484339,0.13326880683526776,0.3098280383679366,0.4450189049682835,0.5404276597821995,0.2672194551872188,0.2093478865430934,0.9090569490462608,88,3.2722606278565696,26.37088677185741,8:6=83;8:5=82;17:33=67;17:34=58;16:33=29,nan,nan,0
573,1691509889.7758372,639,639,639,639,0.9999999083833199,1.0000000009285817,1.0000000021075888,1.0000000564212863,1.0000000991263522,15.471607298393584,291.3842638623991,332.1441300259346,0.053096921204021395,0.046581004749912405,0.877282593672955,21.467978317961904,7.241631925106049,295.12250047922134,330.5787501335144,0.011332757316284896,0.46185054848078455,0.51733763714165,11,305,336,0.017214397496087636,0.47730829420970267,0.5258215962441315,1,False,0.8567476834634035,-0.49657045622471785,0.13928815055440794,0.30798976726765176,0.4392448644578289,0.5482925359394398,0.24635004821781048,0.17912382733186616,0.9259138247685741,82,3.1849806166948262,24.16681996845865,8:5=87;17:33=79;8:6=79;17:34=71;16:33=32,nan,nan,0
574,1691509889.8753443,632,632,632,632,0.9999998778634518,0.9999999994374067,1.0000000005295255,1.00000005642876,1.0000001175183022,15.919932673438016,288.9120661048027,327.16800051064166,0.05510303840222121,0.048659809787602364,0.8830694494995558,20.55084071156361,4.677660048007965,290.4373188018799,325.7804557085037,0.007401360835455641,0.4595527196232277,0.5154754046020629,6,300,333,0.00949367088607595,0.47468354430379744,0.5268987341772152,1,False,0.8611023422719131,-0.48570355235943696,0.15031571893600806,0.30863540887075164,0.443341767171426,0.5433583683067668,0.2522895631082426,0.1793335941093115,0.9230236893419604,79,3.153580090609633,23.41975953498074,8:5=88;17:33=75;8:6=75;17:34=73;9:5=30,nan,nan,0
575,1691509889.9732916,656,656,656,656,0.9999998778634518,1.000000001258765,1.0000000016579471,1.0000000648374918,1.0000001012651671,15.928847748859576,298.2817687908407,341.78938511179973,0.05340201586382942,0.0466042786660833,0.8727063559720334,21.457257329631396,5.066827952861786,299.91180646419525,338.91375678777695,0.0077238230988746735,0.4571826318051757,0.5166368243716112,7,310,346,0.010670731707317074,0.4725609756097561,0.5274390243902439,1,False,0.8653362456839999,-0.48026308032625376,0.14331976688879408,0.3015587838355309,0.4424402245555093,0.5477165129937799,0.25699122247565603,0.18570041044956156,0.9197112002251856,89,3.196641365855429,24.450272617419532,8:5=95;8:6=88;17:34=78;17:33=75;16:33=30,nan,nan,0
576,1691509890.0702512,596,596,596,596,0.9999998945765177,0.9999999994091786,1.0000000000527236,1.0000000553002684,1.000000106350814,14.385995507870485,261.2867564812901,320.32724730658026,0.05505826510920242,0.04491030853239241,0.8156869535085681,22.26660276178533,6.892479062080383,263.84140384197235,321.814315199852,0.01156456218469863,0.4426869191979402,0.5399569046977383,10,271,327,0.016778523489932886,0.4546979865771812,0.5486577181208053,1,False,0.8590423945492132,-0.4921098281131403,0.1409754639701878,0.30102676839416864,0.4238657890007682,0.5606812440051199,0.24963899980656412,0.15033626931395802,0.9480989392821405,76,3.1464279287454393,23.252855198856647,8:6=82;8:5=82;17:33=64;17:34=61;16:33=33,nan,nan,0
577,1691509890.1685321,583,583,583,583,0.9999998786868411,1.0000000009619323,0.9999999991908785,1.000000056912972,1.0000001025522953,14.70839798927629,273.6610608752792,294.63054225705764,0.05374676960701995,0.04992149787527319,0.9288278763595286,20.03145022808528,5.034278631210327,261.8043939471245,286.7784045934677,0.008635126297101762,0.44906414056110544,0.4919012085651247,7,283,313,0.012006861063464836,0.4854202401372213,0.5368782161234992,1,False,0.8558386139715092,-0.4996346140611204,0.13381150648326715,0.3264990422726831,0.4772627063705088,0.503400300057254,0.27896912732941903,0.6447097660284611,0.20300422663559042,77,3.1706602070022027,23.823207413970856,8:5=92;8:6=75;17:33=62;17:34=40;9:5=36,nan,nan,0
578,1691509890.2655463,553,553,553,553,0.9999998810598748,0.9999999993692466,1.0000000004451843,1.0000000569932141,1.000000101721432,13.130864837822596,264.36020829843756,275.5089261661268,0.049670352895921074,0.0476603971441017,0.9595340955996222,20.98178068001594,4.26063734292984,373.18592870235443,384.7006422281265,0.007704588323562098,0.674838930745668,0.6956611975192162,6,535,544,0.0108499095840868,0.9674502712477396,0.9837251356238698,1,False,0.8671272326054189,-0.4824785338647929,0.12371267854891613,0.3091593840198544,0.4669084974192387,0.5216900559340417,0.2755561119705304,0.5397929977983286,0.5803231144673063,75,3.1347308531867615,22.982449356531,8:5=97;8:6=71;17:33=66;17:34=45;8:7=24,nan,nan,0
579,1691509890.3625116,547,547,547,547,0.9999998810598748,0.9999999970527731,0.9999999988532259,1.0000000553973383,1.0000001112408696,13.982824399796819,258.09942396397196,274.9177484119649,0.05417611626188162,0.05086184679078458,0.9388241590616018,19.661102832412002,4.463267743587494,252.31474018096924,265.74696439504623,0.008159538836540208,0.4612700917385178,0.4858262603200114,7,269,280,0.012797074954296161,0.49177330895795246,0.5118829981718465,1,False,0.8656972340955248,-0.48203905137194747,0.1349320267089741,0.30712648616169663,0.45942874654969734,0.5296370628547743,0.25251015568020807,0.3592165326841063,0.777102329856584,85,3.2629868769689194,26.127460220451628,8:5=88;8:6=64;17:33=59;17:34=46;17:32=28,nan,nan,0
580,1691509890.4592605,594,594,594,594,0.9999998992295693,0.99999999982426,0.999999997346493,1.0000000628227406,1.0000001025522953,16.423839720029424,278.53490027968286,299.04125979150893,0.05896510528317239,0.054921651050694804,0.9314263204812504,18.207755609476514,6.501886427402496,276.9233801960945,294.64197301864624,0.010945936746468848,0.4662009767611019,0.49603025760714853,9,290,306,0.015151515151515152,0.4882154882154882,0.5151515151515151,1,False,0.8595188143048133,-0.49277265115274815,0.13565589604561984,0.31458765558956725,0.4542825375402354,0.5329186675540992,0.2592893738050476,0.32831088025132726,0.8023076101829829,88,3.29835239573233,27.06800480084454,8:5=89;8:6=75;17:33=55;17:34=50;9:5=28,nan,nan,0
581,1691509890.5562282,573,573,573,573,0.9999998973773592,1.0000000000371723,0.9999999974590573,1.000000066110297,1.0000001252938315,14.517107465964287,261.9945589751092,296.4883336015263,0.055409957835588046,0.04896350318280974,0.8836589143073132,20.423375269257352,5.913927674293518,265.5090283751488,296.19523203372955,0.01032099070557333,0.4633665416669263,0.5169201257133151,8,274,302,0.013961605584642234,0.4781849912739965,0.5270506108202443,1,False,0.8600487291369242,-0.49351420825113146,0.1294600701537756,0.3055939935330094,0.4422276330071193,0.5479205354146044,0.24727931887594498,0.20184234503691734,0.9238425076144384,89,3.2683212780293736,26.267206973187523,8:5=88;8:6=67;17:33=65;17:34=53;9:5=27,nan,nan,0
582,1691509890.6540465,523,523,523,523,0.9999999067397035,1.0000000044977022,1.0000000039981742,1.000000058943841,1.0000001112408696,12.985673482649908,244.63175983585515,265.38257138609174,0.05308253307486784,0.04893190014259718,0.9218079339503902,20.436565861652692,3.5401233434677124,239.78966009616852,258.3138805627823,0.006768878285789125,0.4584888338358863,0.493907993427882,6,256,273,0.011472275334608031,0.4894837476099426,0.5219885277246654,1,False,0.8469640223349151,-0.5160125363415139,0.12799612185007556,0.3203904949069872,0.4470461004246005,0.5363574508583233,0.2829483749370922,0.2981089005820676,0.8667574505088897,86,3.3444146681321456,28.343980175333954,8:5=79;8:6=62;17:33=60;17:34=34;9:5=26,nan,nan,0
583,1691509890.753621,445,445,445,445,0.9999999097833365,1.0000000018235842,1.000000001386523,1.0000000698611082,1.000000099238535,13.19535921513265,207.2169898802015,224.58765252765608,0.06367894458249437,0.05875371627346144,0.922655308731563,17.020199970766644,5.558988988399506,198.369373857975,218.67725431919098,0.012492110086291024,0.4457738738381461,0.4914095602678449,8,215,239,0.017977528089887642,0.48314606741573035,0.5370786516853933,1,False,0.8598561671985515,-0.4960054851604776,0.12093771298208031,0.32317332994668596,0.4765995589483458,0.504307010176025,0.3024828807858231,0.6447253393709738,0.28549986004122807,79,3.225111884812286,25.15638861618586,8:5=90;8:6=52;17:33=43;17:34=38;9:5=19,nan,nan,0
584,1691509890.8542333,382,382,382,382,0.9999998991177934,0.9999999989512056,0.9999999992855062,1.0000000588143796,1.0000000921262677,11.588855380408258,171.85958283950916,198.5515609788039,0.06743211631806703,0.05836698197323873,0.865566515782043,17.132974263745556,4.295032501220703,169.93282574415207,199.33463889360428,0.011243540579111788,0.44485032917317296,0.5218184264230479,6,177,210,0.015706806282722512,0.46335078534031415,0.5497382198952879,1,False,0.8643139652260129,-0.4876099633622649,0.12327973533852742,0.3215113992835294,0.4943111003856906,0.48818878739678406,0.28987059296754025,0.723946782880995,0.17274880235593823,68,3.234182605435195,25.385613233761656,8:5=62;8:6=42;17:33=37;17:34=29;8:7=25,nan,nan,0
585,1691509890.9561138,433,433,433,433,0.9999998810598748,1.000000000892685,1.000000001384432,1.000000062474128,1.0000001252938315,14.113818874695713,202.84598201026873,216.040199888101,0.06957899158180626,0.06532959551975064,0.938927024300726,15.30699818427128,6.816357731819153,197.28015226125717,212.60475957393646,0.01574216566239989,0.45561236088050155,0.4910040636811466,10,211,229,0.023094688221709007,0.48729792147806006,0.5288683602771362,1,False,0.8558657974802475,-0.5036765987130127,0.11748881058377873,0.32533782197603955,0.47080442708915277,0.5059272348761567,0.29893720092312365,0.6292726524527295,0.24797878984272317,74,3.2352694527768278,25.41321851866838,8:5=71;17:33=51;8:6=48;9:5=30;17:34=28,nan,nan,0
586,1691509891.0596685,460,460,460,460,0.9999999130946511,0.9999999993690416,0.9999999997627677,1.0000000539646463,1.0000001314745843,15.391699493690043,208.65309224397424,235.9552076818542,0.07376693691983635,0.06523144644657791,0.884291108867187,15.33002952523768,8.382727205753326,205.0937289595604,236.88916391134262,0.018223320012507233,0.4458559325207835,0.5149764432855274,13,217,254,0.02826086956521739,0.4717391304347826,0.5521739130434783,1,False,0.8590422708475877,-0.49840570686400554,0.1167823970571366,0.32699204768917534,0.4845082779273435,0.49318616606771115,0.2994451327594062,0.6330492446917362,0.20269647673369223,80,3.328830316097508,27.905681779301222,8:5=75;8:6=53;17:33=41;17:34=35;9:5=26,nan,nan,0
587,1691509891.1638834,534,534,534,534,0.9999998756406827,1.0000000012507646,1.0000000024960607,1.0000000618868612,1.000000094233639,13.966199682507414,252.2858497295013,267.7479519238085,0.0553586326679909,0.05216174234819804,0.9422512774300991,19.17113875001811,6.092862963676453,251.25495678186417,267.9343802332878,0.011409855737221822,0.4705149003405696,0.5017497757177675,9,260,279,0.016853932584269662,0.4868913857677903,0.5224719101123596,1,False,0.8665259241983121,-0.480674162038598,0.13448112373397608,0.31675912686612323,0.48121681612360556,0.5037312974756422,0.2886444393510271,0.6817653521921234,0.27226440742216323,82,3.2808696740322847,26.598895012258918,8:5=80;8:6=71;17:34=46;17:33=39;9:5=35,nan,nan,0
588,1691509891.2693179,519,519,519,519,0.9999998763464414,1.0000000001042302,1.0000000004825866,1.0000000648320138,1.0000001119414101,14.385738280355302,247.3032740785052,257.310987749331,0.058170431968436534,0.05590798281171615,0.9611065436483608,17.886533366223308,6.365590512752533,289.7816528081894,335.1930795907974,0.012265106960987539,0.5583461518462224,0.6458440839899757,10,395,474,0.019267822736030827,0.7610789980732178,0.9132947976878613,1,False,0.8581694703118865,-0.49816554393933843,0.12400101231941268,0.31887493886444934,0.4673455579256858,0.5135669340081676,0.2853754098840644,0.5563221133918691,0.41112355819155116,78,3.223505107560746,25.116000359381907,8:5=84;8:6=63;17:33=53;17:34=45;16:33=28,nan,nan,0
589,1691509891.3733969,521,521,521,521,0.9999999010211225,0.9999999987610544,0.9999999984498876,1.000000060836674,1.0000001252938315,13.423776184136933,250.24264190526773,257.3335806196142,0.05364304053830546,0.05216488322983277,0.9724445651544087,19.169984443252932,6.012803435325623,353.849740087986,359.2326912879944,0.011540889511181616,0.6791741652360576,0.6895061253128492,9,509,510,0.01727447216890595,0.9769673704414588,0.9788867562380038,1,False,0.8519063754651741,-0.5082679118479142,0.12617153889665833,0.32043929264491067,0.45738650693212646,0.5187415947604606,0.26042588376524667,0.5501658802129687,0.3669534432001526,75,3.158760237205488,23.541392087849246,8:5=91;17:33=62;17:34=56;8:6=54;9:5=32,nan,nan,0
590,1691509891.4763224,535,535,535,535,0.9999999030227839,0.9999999973519694,0.9999999960738013,1.0000000603983676,1.000000117114611,14.87165803551064,251.7817562975465,268.3465828335504,0.059065669626737594,0.055419591628395014,0.9382707752001496,18.044160388356882,5.79398500919342,241.66275811195374,260.3407799601555,0.010829878521856861,0.4517060899288855,0.48661828029935605,8,266,289,0.014953271028037384,0.497196261682243,0.5401869158878505,1,False,0.8589161059715171,-0.5009109600306301,0.10654263477086673,0.3216967418007747,0.47037097153130003,0.5098793342131338,0.2935558573517303,0.6295396345706396,0.2754209018826491,86,3.2625394125500695,26.115771726935566,8:5=96;8:6=63;17:33=57;17:34=47;9:5=29,nan,nan,0
591,1691509891.57799,529,529,529,529,0.9999999149014333,1.000000000398522,1.0000000005467042,1.0000000564208953,1.0000000904985766,14.92150207456301,249.01478789640052,265.063710450673,0.05992215241759423,0.05629402097025207,0.9394525847126135,17.763875856877206,6.724006175994873,236.13178074359894,254.03534615039825,0.012710786722107511,0.446373876641964,0.48021804565292675,11,271,291,0.020793950850661626,0.5122873345935728,0.5500945179584121,1,False,0.847305329887816,-0.5150673441486591,0.12953497186222074,0.3237202262337691,0.45219982630325756,0.5310641997629731,0.2824502460346508,0.4055061723427021,0.7443875504530423,81,3.280002404547762,26.575836602665557,8:5=76;8:6=61;17:34=56;17:33=55;9:5=31,nan,nan,0
592,1691509891.6770403,567,567,567,567,0.9999998971398296,1.0000000013344492,1.00000000102885,1.000000061918089,1.0000001023276808,14.584110950192906,255.49496849820122,296.9209220648718,0.057081793179404955,0.049117828574594506,0.8604815272747276,20.359206199054892,4.794563829898834,259.6051813364029,299.08104103803635,0.008456020864019108,0.4578574626744319,0.5274797901905403,7,267,305,0.012345679012345678,0.4708994708994709,0.5379188712522046,1,False,0.8559723833394519,-0.49892603598142193,0.13558794039309943,0.3076713165208507,0.43306501983689377,0.5527331037011081,0.24288872145448603,0.16380491324815435,0.9357086798878762,84,3.248518819761425,25.752168052046507,8:5=91;17:33=65;17:34=54;8:6=49;9:5=37,nan,nan,0
593,1691509891.7752366,580,580,580,580,0.9999998769977333,1.0000000006588738,1.000000003558814,1.0000000626503713,1.0000000980447972,16.535428954477496,264.3906527764507,299.0739190333659,0.06254165486122022,0.0552887694384101,0.8840311239140656,18.086855796527857,7.541737496852875,267.58719903230667,297.45111507177353,0.013002995684229095,0.46135723971087356,0.5128467501237475,11,277,303,0.01896551724137931,0.47758620689655173,0.5224137931034483,1,False,0.8560679745136685,-0.5008169528642489,0.12778889911034325,0.30921308775846823,0.4382091493993531,0.5472913289322401,0.24639902554642154,0.17861169168200308,0.924183561781502,79,3.2489993193582376,25.764544931717275,8:5=90;17:34=62;17:33=58;8:6=56;9:5=33,nan,nan,0
594,1691509891.8728752,573,573,573,573,0.9999999114460035,1.0000000002868,1.0000000006293708,1.000000058416638,1.000000110424924,18.85724762812388,272.908430858346,281.2343218422029,0.06909734363579187,0.06705172933588258,0.970395181749799,14.913858447866346,8.709428906440735,265.4048092365265,276.08014422655106,0.015199701407400934,0.46318465835344935,0.48181526043028106,13,285,300,0.02268760907504363,0.4973821989528796,0.5235602094240838,1,False,0.8463421778011601,-0.5137430131673307,0.1406166224048252,0.33186899543616677,0.46287555219097176,0.5108386475587792,0.2801516038060821,0.5567562272246153,0.31488708930651493,86,3.2977542967251496,27.051820294497855,8:5=99;17:33=56;8:6=55;17:34=52;9:5=32,nan,nan,0
595,1691509891.9698458,579,579,579,579,0.9999998992295693,1.0000000019675896,1.0000000014894603,1.000000065630222,1.000000117114611,15.377002171102518,273.64108247917176,289.98191762819476,0.05619405548241442,0.053027451838629475,0.9436487789215372,18.85815677214041,5.475780010223389,265.8078783750534,274.91734516620636,0.00945730571713884,0.45908096437833057,0.47481406764457057,9,297,300,0.015544041450777202,0.5129533678756477,0.5181347150259067,1,False,0.8501256037733516,-0.5088778864836291,0.1353874235553256,0.3208381024942968,0.4530123380607731,0.5289755769199195,0.26799727207560614,0.335599637493698,0.7161548705912111,78,3.229903208954621,25.277210244950343,8:5=101;17:33=64;8:6=53;17:34=47;9:5=32,nan,nan,0
596,1691509892.0668817,508,508,508,508,0.9999998818472969,0.999999999446759,0.9999999988532207,1.0000000577482357,1.000000093298249,16.96196915026687,236.27941068972405,254.75861959791624,0.07178775798006745,0.06658055055031241,0.9274638521069167,15.019401187503515,10.642876088619232,240.85183376073837,256.19344252347946,0.020950543481533922,0.4741177829935795,0.5043178002430698,16,249,261,0.031496062992125984,0.49015748031496065,0.5137795275590551,1,False,0.8408134727447698,-0.5251810834481289,0.1312155998314582,0.3296781956869626,0.43915824442211737,0.5343842389854241,0.27430203873980064,0.2876722495498872,0.7581031379383583,81,3.3275692254782863,27.8705123663557,8:5=82;17:34=47;8:6=46;17:33=42;9:5=30,nan,nan,0
597,1691509892.1637037,507,507,507,507,0.9999998904125861,0.9999999973952846,0.9999999981363268,1.0000000593794902,1.0000000861477694,18.649289736270735,240.5421689124833,247.80853871006462,0.07753023023192214,0.07525684882912916,0.9706774841762699,13.287827162023515,8.678063333034515,238.51961809396744,245.82308274507523,0.01711649572590634,0.47045289564885096,0.48485815137095706,13,258,267,0.02564102564102564,0.5088757396449705,0.5266272189349113,1,False,0.8589787637757635,-0.49753353774283215,0.12089608018196103,0.3231222692758846,0.4725103659131195,0.5146803977653853,0.27896447800149826,0.5974090659791117,0.4782184677190302,90,3.4447777160065534,31.336317110738296,8:5=83;8:6=50;17:34=44;17:33=43;9:5=30,nan,nan,0
598,1691509892.2595406,520,520,520,520,0.9999998971398296,0.9999999999869221,1.0000000008840217,1.0000000584568798,1.0000001144981052,18.06799137729479,240.96451090960863,260.96749769949554,0.07498196024423077,0.06923464238485402,0.9233506587363597,14.443636387132736,10.359568774700165,255.87705755233765,302.38283944129944,0.019922247643654162,0.49207126452372624,0.5815054604640374,16,331,404,0.03076923076923077,0.6365384615384615,0.7769230769230769,1,False,0.8561669196838975,-0.5041919591090301,0.11299855755178673,0.3225511332481487,0.4720908335416234,0.5113920223919628,0.27094223402677997,0.5920542147513601,0.3045081881991838,81,3.3275956916498974,27.871250001880032,8:5=90;17:33=48;8:6=47;17:34=38;9:5=29,nan,nan,0
599,1691509892.3570516,545,545,545,545,0.9999999126027974,1.00000000186063,1.000000000624555,1.0000000641274132,1.0000000953544457,16.36448016186915,258.49204768076896,270.14347418544895,0.06330748008959587,0.06057699602484275,0.9568694874462098,16.507916628779316,5.470064401626587,361.9395446777344,374.1543090939522,0.0100368154158286,0.6641092562894209,0.6865216680622975,9,521,529,0.01651376146788991,0.9559633027522936,0.9706422018348624,1,False,0.8552537954819254,-0.5023518480077807,0.12721464584287737,0.3220706250036364,0.4640295838811063,0.5187238204795123,0.28090604712667955,0.5812022833186357,0.4530602463303748,87,3.3674248953560597,29.003743137267485,8:5=79;8:6=64;17:33=51;17:34=40;9:5=34,nan,nan,0
600,1691509892.4551334,543,543,543,543,0.9999998717969896,0.999999997760409,0.9999999994040649,1.0000000553614676,1.0000001043662128,19.821196582361377,240.097760590764,283.0810403946793,0.08255469161224593,0.07001951298019156,0.8481591005035631,14.281733154626467,11.608678996562958,241.2464702129364,279.6605696082115,0.021378782682436388,0.4442844755302696,0.5150286733116234,18,255,290,0.03314917127071823,0.4696132596685083,0.5340699815837937,1,False,0.857984893490015,-0.501333621756496,0.11192194708564697,0.3058140552390594,0.43312169698933695,0.553408545385364,0.24274038575259893,0.200625750525467,0.9215560505277556,86,3.379642492682329,29.36027272442804,8:5=86;17:33=65;17:34=42;8:6=40;17:32=28,nan,nan,0
601,1691509892.554157,453,453,453,453,0.9999999227053081,1.0000000013486436,0.999999999235687,1.000000066725844,1.000000107569479,11.95861682538998,209.9229459041193,231.11843849236215,0.056966696870060056,0.051742374617095646,0.9082916416080611,19.326519267818853,3.0053903460502625,211.55345612764359,230.37997895479202,0.006634415774945392,0.467005421915328,0.5085650749553908,5,218,235,0.011037527593818985,0.48123620309050774,0.5187637969094923,1,False,0.8557402230325748,-0.4983591089495599,0.139093023589108,0.313442714370924,0.4449737021576428,0.5416450684237705,0.2587283349899614,0.2456364464956628,0.8876864219581935,78,3.3262876876314813,27.834818126593127,8:5=78;17:33=44;17:34=41;8:6=41;8:7=21,nan,nan,0
602,1691509892.6545374,462,462,462,462,0.9999999087786315,1.000000001327414,0.9999999993008324,1.0000000604148918,1.0000000951954964,14.821153224853196,217.39976829982754,229.77907970184992,0.06817465051026438,0.06450175204846498,0.9461251589218428,15.503454840244112,7.363840222358704,208.62621462345123,218.3769125342369,0.015939048100343516,0.4515718931243533,0.47267729985765566,11,238,246,0.023809523809523808,0.5151515151515151,0.5324675324675324,1,False,0.8492422249090747,-0.5110499761051583,0.1327236427860616,0.3228854687904846,0.45063358858283137,0.523869504454027,0.2704411089754446,0.34222449940667143,0.7744666384128733,71,3.2605514270614036,26.06390552342871,8:5=75;17:33=44;17:34=43;8:6=37;9:5=30,nan,nan,0
603,1691509892.7570093,511,511,511,511,0.999999902963573,0.9999999992072938,0.9999999975922491,1.0000000568299812,1.0000001297683725,16.146749362036633,237.2815326848822,257.57171714293537,0.06804890873441911,0.06268836323002129,0.9212251069988656,15.951923905409972,7.482704401016235,232.7047564983368,250.52725052833557,0.014643257144845863,0.4553909129125965,0.4902685920319679,11,250,266,0.021526418786692758,0.4892367906066536,0.5205479452054794,1,False,0.8558062821991261,-0.4998972968947778,0.1330349574578195,0.3165236279365052,0.45272538615894636,0.535727584154898,0.2587032026320939,0.36648062229414746,0.8191830080298428,88,3.3390463366371192,28.192227986337258,8:5=91;17:33=55;17:34=42;8:6=38;9:5=30,nan,nan,0
604,1691509892.8589087,544,544,544,544,0.9999998756406827,1.0000000002918168,1.0000000020740347,1.000000058813749,1.0000001102615872,19.835608826016838,256.125234980153,268.03915651132695,0.0774449609682306,0.07400265350849443,0.9555515631139867,13.51302896030903,11.686497688293457,284.3901818394661,328.9505420923233,0.021482532515245324,0.5227760695578421,0.6046884964932414,18,376,454,0.03308823529411765,0.6911764705882353,0.8345588235294118,1,False,0.8553805903156227,-0.5018188276267785,0.1284597600440776,0.32561105896930576,0.4655136134927417,0.5128933215887338,0.28637506452213823,0.49905350216927963,0.32196645096594273,91,3.3254138007138545,27.810504268506357,8:5=94;17:33=70;8:6=55;17:34=39;9:5=29,nan,nan,0
605,1691509892.9629467,549,549,549,549,0.9999998951855846,0.9999999994384603,1.0000000003348548,1.0000000659542934,1.0000001026799894,15.782727215419126,259.7505313839328,273.4667407840781,0.0607610969314667,0.05771351634998545,0.9498432264164246,17.32696365156153,4.863540709018707,351.93300956487656,371.2160919904709,0.008858908395298192,0.6410437332693562,0.6761677449735353,7,505,526,0.012750455373406194,0.9198542805100182,0.9581056466302368,1,False,0.8454756735889402,-0.5171582436713592,0.13310986579545034,0.3321644237894219,0.46070972080632516,0.5156583081068252,0.29817698363311806,0.5318446614147132,0.35465836197794587,85,3.3128042298239557,27.462027432475455,8:5=96;17:33=61;8:6=50;17:34=40;9:5=29,nan,nan,0
606,1691509893.0674403,524,524,524,524,0.9999999016326685,1.0000000001879843,0.9999999995761439,1.0000000583876734,1.0000001025415373,15.670428080491263,249.33994569334124,258.98962642317514,0.06284764375365688,0.06050600673436481,0.9627410531336617,16.527284710594575,5.578001856803894,275.38156962394714,302.0305432677269,0.010645041711457814,0.5255373466105862,0.5763941665414636,8,365,404,0.015267175572519083,0.6965648854961832,0.7709923664122137,1,False,0.8452703005417933,-0.5171619175360433,0.1343937129200202,0.3307172884870926,0.45664250871306444,0.5257445212140544,0.2876495609637224,0.4992402140229094,0.6167228690542902,86,3.278974907042429,26.54854402078526,8:5=92;17:33=63;8:6=49;17:34=44;9:5=32,nan,nan,0
607,1691509893.1723416,528,528,528,528,0.9999998860091959,0.9999999992224669,1.0000000002094191,1.0000000554288213,1.000000099673028,21.331543926451907,246.54012686311822,260.12832838935526,0.08652361868173863,0.08200392498014768,0.9477634688602677,12.194538252188416,11.527223229408264,258.1925631761551,274.6586235165596,0.02183186217690959,0.48900106662150583,0.5201867869631811,16,330,350,0.030303030303030304,0.625,0.6628787878787878,1,False,0.8560217947842531,-0.5006684215445614,0.12867718726496688,0.33084970813449904,0.4686363076941926,0.5102018951289635,0.2732270943711927,0.5978531529248188,0.4311326975274762,95,3.407812154773894,30.199100971252648,8:5=88;8:6=54;17:33=51;17:34=37;9:5=28,nan,nan,0
608,1691509893.2756417,525,525,525,525,0.9999998951863752,0.9999999972618657,0.9999999982644479,1.0000000561457605,1.0000001112408696,15.337472277209795,240.4957603814032,269.1667644663461,0.06377439773942807,0.056981300449994596,0.8934823764672937,17.54961701650835,7.145534634590149,238.95469498634338,270.54349184036255,0.013610542161124093,0.4551517999739874,0.5153209368387858,12,251,286,0.022857142857142857,0.4780952380952381,0.5447619047619048,1,False,0.8543018961105404,-0.503565650617123,0.12880180829665816,0.3311018910020843,0.48359455117949685,0.4956294090515071,0.30275117331969154,0.710125103910778,0.23312854220835175,87,3.2424915925562754,25.597420701357287,8:5=107;17:33=60;8:6=48;17:34=33;9:5=31,nan,nan,0
609,1691509893.3770661,477,477,477,477,0.9999998769977333,0.9999999993102593,0.9999999995375638,1.0000000556780442,1.000000110424924,16.894568674630698,222.8786358029043,237.22679486445242,0.07580165148520954,0.07121694951990555,0.9395171229719375,14.041601146093658,9.696755111217499,313.4609009027481,327.3004717230797,0.020328627067541925,0.6571507356451742,0.6861645109498525,15,453,462,0.031446540880503145,0.949685534591195,0.9685534591194969,1,False,0.8477803733569804,-0.5154834979053837,0.12468039917296284,0.3302198017764465,0.4568386147594882,0.523610388667818,0.28581548783186317,0.46674894623595337,0.5634872678473689,82,3.324630317198016,27.7887237303053,8:5=83;17:33=54;8:6=42;17:34=37;9:5=28,nan,nan,0
610,1691509893.476133,470,470,470,470,0.9999999012872633,1.0000000018536979,1.0000000000771538,1.000000063397008,1.0000000853372926,17.00384873807675,208.54685012160473,244.4493028827948,0.08153491039620939,0.06955981685179738,0.8531292487325927,14.376116057501676,8.614520788192749,208.2286667227745,244.00590336322784,0.018328767634452656,0.44303971643143514,0.5191614965175061,13,219,254,0.027659574468085105,0.46595744680851064,0.5404255319148936,1,False,0.8581050865298251,-0.4970366065556898,0.12888084502844405,0.3114851129754707,0.4380339410778734,0.5517082940529059,0.25799209872217854,0.24890660770713938,0.8814799750019336,91,3.4648266242541794,31.970916311133482,8:5=67;17:33=58;8:6=44;9:5=27;17:34=26,nan,nan,0
611,1691509893.5736988,479,479,479,479,0.9999999027958945,1.0000000002145175,1.000000000252557,1.0000000629949477,1.0000000931335076,15.838661176033265,214.74125174917648,248.42008728029833,0.07375695655594502,0.06375757028924205,0.8644278894680477,15.684411991602074,7.3019638657569885,216.58314210176468,249.023501932621,0.015244183435818348,0.45215687286380934,0.5198820499637181,11,227,259,0.022964509394572025,0.47390396659707723,0.5407098121085595,1,False,0.847417904539871,-0.5169663460872004,0.12094913012710382,0.3166374099391855,0.4323085134110355,0.5546384000191972,0.265682670714605,0.20473952566559203,0.8834714502496086,92,3.404578305231747,30.101599360144604,8:5=84;17:33=47;17:34=40;8:6=39;9:5=27,nan,nan,0
612,1691509893.6705317,478,478,478,478,0.9999998868869054,0.9999999991067613,1.0000000011731296,1.0000000594820566,1.0000001077460343,15.388341260304015,219.4772229105737,243.13443497518605,0.07011361386950854,0.0632914924694831,0.9026990476810626,15.799911820410372,8.859140396118164,218.114282310009,239.22186625003815,0.018533766519075658,0.45630602993725733,0.5004641553348078,13,229,248,0.027196652719665274,0.4790794979079498,0.5188284518828452,1,False,0.8463990858210888,-0.516261910209195,0.1306989961261305,0.3204962430670763,0.4385342781857019,0.5390355718424295,0.2822843665076499,0.2256971102290255,0.851191902398112,88,3.3382562162413825,28.16996152975313,8:5=87;17:34=47;17:33=42;8:6=33;9:5=30,nan,nan,0
613,1691509893.767687,450,450,450,450,0.9999998756406827,0.9999999969324808,0.9999999960828763,1.0000000595314698,1.0000001065140314,14.868951218615019,214.44803251579788,220.68301350482022,0.0693359180971719,0.06737696292284066,0.9717468921146205,14.84186814928403,7.059561312198639,255.06390398740768,282.5406250357628,0.015687914027108087,0.5668086755275726,0.6278680556350285,11,348,397,0.024444444444444446,0.7733333333333333,0.8822222222222222,1,False,0.8395839330708413,-0.5252627392405739,0.1385563931934791,0.33793899316398135,0.46211139608751967,0.5155823655706464,0.2998316783488401,0.5812349131374127,0.5311569372114104,85,3.3781502595448556,29.31649302542609,8:5=76;17:33=50;8:6=36;17:34=35;9:5=32,nan,nan,0
614,1691509893.8646207,455,455,455,455,0.9999999008432607,0.9999999990314093,1.0000000014205164,1.0000000584344713,1.0000000858183948,11.634631370827002,216.84496445059773,226.52040329715805,0.05365414594848772,0.051362399154676816,0.9572866783489357,19.46949551535785,3.3683647513389587,301.59841132164,312.04343259334564,0.007402999453492217,0.6628536512563517,0.6858097419633971,5,433,441,0.01098901098901099,0.9516483516483516,0.9692307692307692,1,False,0.8438122293928624,-0.5217396938163023,0.12557313973743847,0.32636141983679723,0.46158179444024006,0.5174501511858598,0.2815045440549187,0.5501800506076494,0.4525993803507691,83,3.2506191103187176,25.806311926466737,8:5=89;8:6=46;17:33=45;17:34=42;9:5=29,nan,nan,0
615,1691509893.961829,429,429,429,429,0.9999999107693505,0.9999999970447064,0.9999999958455827,1.0000000552627426,1.0000001009238142,14.43719558087786,201.82707829233337,212.73572359114706,0.07153250050999858,0.06786446271066558,0.9487220805482636,14.735252591086084,7.0506885051727295,199.71680986881256,213.5691321492195,0.016435171340728975,0.4655403493445514,0.49783014486997557,10,207,224,0.023310023310023312,0.4825174825174825,0.5221445221445221,1,False,0.8493016579502181,-0.5095241380297704,0.13810085650722906,0.3333858508586906,0.46922505828315486,0.5041122129101765,0.2929226225156793,0.5780630243183696,0.27409774895948114,68,3.221119622115055,25.056157911093333,8:5=79;17:33=41;8:6=38;17:34=34;9:5=26,nan,nan,0
616,1691509894.0593002,426,426,426,426,0.9999998688804409,0.9999999976163612,0.9999999970457462,1.000000061650986,1.000000110700952,14.434226174532286,203.1692983059715,208.39647348863622,0.07104531193878735,0.06926329382113743,0.9749171610480742,14.437661636224771,7.095105826854706,285.61540442705154,289.71590381860733,0.016655177997311515,0.6704586958381492,0.6800842812643365,10,410,410,0.023474178403755867,0.9624413145539906,0.9624413145539906,1,False,0.8560672930401785,-0.501066971147715,0.12680962192087694,0.32390351701576925,0.4633207817161841,0.5198786116973254,0.2902645528704294,0.5780488982298739,0.4932358302899986,83,3.3396162752556817,28.208300405521115,8:5=72;17:33=44;8:6=36;17:34=34;9:5=28,nan,nan,0
617,1691509894.158864,422,422,422,422,0.999999889631119,0.9999999991979507,0.9999999990912583,1.0000000605912405,1.0000001009238142,12.503106396802906,199.2483902009259,210.2485027253418,0.06275135464931252,0.05946823037848856,0.9476804239657968,16.815701318762127,4.995794117450714,197.34325671195984,206.89985007047653,0.011838374685902165,0.4676380490804736,0.4902840049063425,8,211,220,0.018957345971563982,0.5,0.5213270142180095,1,False,0.8545002964699555,-0.5055886601828102,0.11920297826526302,0.3256049951469796,0.4704477433879834,0.5085040975464649,0.2867640596853274,0.6015384483121032,0.3109374814936135,76,3.271680136519991,26.355583142790234,8:5=81;17:34=39;17:33=38;8:6=35;9:5=24,nan,nan,0
618,1691509894.259203,446,446,446,446,0.9999999016075534,0.9999999983507927,0.9999999969968085,1.0000000612593256,1.000000117114611,16.10682409555126,204.02326876458906,225.86990566876688,0.07894601529071675,0.07131018206193239,0.9032777879837812,14.0232428397323,8.402966737747192,204.74361830949783,229.05175149440765,0.018840732595845722,0.4590664087656902,0.5135689495390307,13,212,239,0.02914798206278027,0.47533632286995514,0.5358744394618834,1,False,0.8529171330389225,-0.5114628262076293,0.10458557059350655,0.33678586856327386,0.4783287959661213,0.49814309722694305,0.31142944728583133,0.6666631965254199,0.2517682916544372,88,3.4003851450226747,29.975642794062225,8:5=79;8:6=39;17:34=34;17:33=33;9:5=33,nan,nan,0
619,1691509894.3599546,458,458,458,458,0.9999999118171182,1.000000002996712,1.0000000015722095,1.0000000613896016,1.0000001004709194,14.469624942796045,210.22175291092418,233.30862489126804,0.06883029345173028,0.06201924575029971,0.90104578435065,16.12402711290902,5.957598447799683,209.14763087034225,234.88294005393982,0.01300785687292507,0.4566542158741097,0.5128448472793445,9,215,244,0.019650655021834062,0.46943231441048033,0.5327510917030568,1,False,0.8534319942466766,-0.5043242431116812,0.13157085165784455,0.33496317691524746,0.4829343276142762,0.49529484290624104,0.30294374437910443,0.6844708292640727,0.20038838148939528,80,3.2844473395240197,26.694227393061688,8:5=97;17:33=40;8:6=34;17:34=32;9:5=23,nan,nan,0
620,1691509894.461812,440,440,440,440,0.9999998969109162,0.9999999958170204,0.999999996265662,1.0000000614168914,1.0000000973874712,16.44634718672344,204.8621525839689,218.69149654828578,0.08028006627521113,0.0752034141532896,0.9367632295603984,13.297268631470201,10.27829909324646,205.67568212747574,219.5191329717636,0.023359770666469225,0.4674447321078994,0.4989071203903718,16,218,233,0.03636363636363636,0.4954545454545455,0.5295454545454545,1,False,0.8439164736566649,-0.519060487318571,0.13557726946471246,0.3388338699824481,0.4659052599254827,0.5042840511158809,0.32344527387875804,0.6103114289145966,0.3078813538385373,90,3.3803787170383415,29.381896431280033,8:5=87;17:33=43;8:6=36;17:34=34;9:5=22,nan,nan,0
621,1691509894.5634875,438,438,438,438,0.9999998961056707,0.999999999297664,0.999999998564923,1.000000060243109,1.0000001045591664,16.082932049778297,194.85520424083145,227.06186309414414,0.08253786247300114,0.07083061783523731,0.8581591007206737,14.118188299954559,8.568536877632141,193.6689069867134,225.50771933794022,0.019562869583635026,0.44216645430756485,0.514857806707626,12,202,235,0.0273972602739726,0.4611872146118721,0.5365296803652968,1,False,0.8575577272780825,-0.5001312653342573,0.12026413355944753,0.33283906677446434,0.49182722698962195,0.48594128283759774,0.2997865411263828,0.731745014261223,0.1665751515599328,88,3.2795982870416323,26.565099011624763,8:5=100;17:34=37;8:6=36;17:33=31;9:5=24,nan,nan,0
622,1691509894.6656227,446,446,446,446,0.9999998977471185,1.000000002195958,1.0000000037167038,1.0000000628098338,1.0000001173759874,14.513137279269733,207.56245609767686,223.92440858184827,0.06992178427701777,0.06481266321605547,0.9269309112490485,15.429083613899063,4.848135590553284,208.6138487458229,224.29871302843094,0.010870259171644133,0.46774405548390785,0.5029119126198003,8,218,234,0.017937219730941704,0.48878923766816146,0.5246636771300448,1,False,0.8534706263770937,-0.5056709824388956,0.12603470724674698,0.3305155996782439,0.4755511679328086,0.5035826868695439,0.304437792745782,0.6353514487537422,0.2833684383849839,79,3.374685367623897,29.215090321744785,8:5=81;17:33=36;17:34=35;8:6=33;9:5=26,nan,nan,0
623,1691509894.7668955,438,438,438,438,0.9999998990681933,1.0000000013286614,1.0000000024940654,1.0000000590467262,1.0000000874185935,16.244571788844706,194.90043350380907,226.85499587125383,0.08334805365390441,0.0716077321835307,0.8591410242268598,13.964972350150665,7.708120822906494,195.37108248472214,229.80391132831573,0.017598449367366424,0.44605269973680856,0.5246664642198989,11,200,238,0.02511415525114155,0.45662100456621,0.54337899543379,1,False,0.8444466966191297,-0.5218170951832752,0.12089952747437784,0.3469671684344559,0.48327355911455094,0.4817527236662113,0.31549906149632884,0.6819289141330093,0.15294307433016188,80,3.3324856242369654,28.00787230018462,8:5=78;8:6=44;17:34=35;9:5=30;17:33=22,nan,nan,0
624,1691509894.8679273,401,401,401,401,0.9999999089376771,0.999999999155928,1.000000000226701,1.0000000548741763,1.0000000980447972,12.883679065863763,191.2397821246408,196.87653813254977,0.06736924149739308,0.06544039827229009,0.971369082058351,15.28108059243639,5.348942220211029,188.0771701335907,188.78523474931717,0.013339008030451445,0.4690203743979818,0.4707861215693695,8,205,202,0.0199501246882793,0.5112219451371571,0.5037406483790524,1,False,0.8460225421527844,-0.518264728827507,0.12509008363052077,0.32783890497434687,0.45421227026220845,0.5250314282747667,0.27104352057051406,0.4233866406763597,0.6002869655240066,76,3.278853751800082,26.545327720340225,8:5=78;17:34=38;17:33=33;8:6=33;9:5=23,nan,nan,0
625,1691509894.9679658,418,418,418,418,0.9999998951910778,0.9999999977509667,0.9999999950873792,1.0000000611570072,1.000000110700952,17.142100185068077,194.52839580017252,206.32950213456792,0.08812132601287238,0.08308118813706057,0.9428045615759848,12.036419103086027,9.710155487060547,195.65395432710648,208.11744916439056,0.023230037050384084,0.4680716610696327,0.4978886343645707,13,204,218,0.03110047846889952,0.4880382775119617,0.5215311004784688,1,False,0.8591124567002776,-0.4985515044654685,0.11563816038675043,0.32801490174559694,0.4776329330000292,0.506012892875279,0.25560672147462776,0.5960940074805574,0.30273973961408673,87,3.3880454924455017,29.60802656909556,8:5=77;17:33=35;8:6=30;17:34=26;9:5=25,nan,nan,0
626,1691509895.0687668,420,420,420,420,0.9999999199659134,1.0000000033229168,1.0000000039512407,1.0000000585760682,1.0000001045591664,15.161172770552435,199.48145195652884,205.35737806416898,0.07600291967925103,0.07382823501873378,0.9713868273785417,13.544953360272688,7.3866278529167175,244.8999171257019,254.8986365199089,0.017587209173611233,0.5830950407754807,0.6069015155235926,11,339,351,0.02619047619047619,0.8071428571428572,0.8357142857142857,1,False,0.8566913698875598,-0.49715861453020294,0.13752530224865925,0.3241653219517202,0.46441785431001126,0.5201853422238454,0.2814377255605387,0.46575218807498264,0.5041504242693857,81,3.3937777928435904,29.778236051446267,8:5=76;8:6=36;17:34=33;17:33=31;9:5=26,nan,nan,0
627,1691509895.1680737,406,406,406,406,0.9999998971296237,0.9999999976366909,0.9999999965793123,1.0000000561637281,1.0000001026799894,13.937106811503764,178.95373816719322,213.1091531022962,0.07788105995574442,0.06539891228798467,0.8397280715638349,15.290774188972618,6.226482450962067,179.12681448459625,215.78048831224442,0.01533616367232036,0.44119905045467056,0.5314790352518335,8,183,222,0.019704433497536946,0.45073891625615764,0.5467980295566502,1,False,0.8400465929177634,-0.5269151458811253,0.12915940061927436,0.35550704061432636,0.4871849966341385,0.48033319827513393,0.3392226193099825,0.6824705539109901,0.19457461543364313,76,3.328450497557204,27.895084696593255,8:5=74;8:6=41;9:5=35;17:33=29;17:34=25,nan,nan,0
628,1691509895.2673643,403,403,403,403,0.99999990296759,1.000000000944031,0.9999999993839561,1.000000056427743,1.0000000970241005,14.84332922650832,180.64185927732456,207.51481225705635,0.08216993163096589,0.07152901070079438,0.8705010370708224,13.980341545376557,6.232303857803345,180.95192909240723,208.7738984823227,0.015464773840703088,0.4490122309985291,0.5180493758866568,9,188,217,0.022332506203473945,0.4665012406947891,0.5384615384615384,1,False,0.8367342524173541,-0.5307018758463024,0.13502336762496692,0.3547727347850168,0.4835967460974917,0.48954399562790335,0.3307967795663427,0.672313032668504,0.19493165814813437,85,3.3904281980409476,29.678657893081112,8:5=82;8:6=31;17:34=28;17:33=26;9:5=22,nan,nan,0
629,1691509895.3662348,413,413,413,413,0.9999998961056707,1.0000000012688885,1.0000000007293186,1.0000000610176936,1.0000001026799894,15.376639197796942,197.9797375957677,199.64362425453743,0.07766774208577219,0.07702043706736339,0.9916657160228249,12.983566934648566,7.272775292396545,199.8579467535019,201.40647995471954,0.01760962540531851,0.48391754661864866,0.48766702168212966,10,207,210,0.024213075060532687,0.5012106537530266,0.5084745762711864,1,False,0.8468055785146962,-0.5152448445920101,0.13207218601108314,0.33556809048945213,0.46246225948718817,0.5143149221310436,0.29156648843774285,0.4920366317034146,0.45311398233692224,79,3.3481136081113916,28.44901699946866,8:5=73;17:33=39;17:34=32;9:5=30;8:6=29,nan,nan,0
630,1691509895.4657328,420,420,420,420,0.9999999023236529,1.000000001147261,1.000000001088691,1.0000000547543124,1.0000000912564377,13.2472114037598,193.96820833578576,212.78458122415375,0.06829578680660414,0.06225644418194373,0.911570787788678,16.062594212376016,5.042870461940765,195.0086494088173,213.75305992364883,0.012006834433192299,0.46430630811623164,0.5089358569610687,8,203,222,0.01904761904761905,0.48333333333333334,0.5285714285714286,1,False,0.838696449558693,-0.528823138107383,0.1301320640730112,0.3469221746726375,0.47633500354865943,0.500256288304382,0.2977852271989381,0.6539084156085165,0.3084104132488188,88,3.425331778934138,30.732839668984965,8:5=79;17:34=36;9:5=28;8:6=27;17:33=26,nan,nan,0
631,1691509895.5653903,421,421,421,421,0.9999999099295791,1.0000000014617911,1.000000001993967,1.0000000588946738,1.000000097968361,14.388552476296583,198.74792745450935,207.86352130002217,0.07239598752339153,0.06922115235182946,0.9561462550595603,14.446451207823193,4.652695059776306,273.34830766916275,285.9448323249817,0.011051532208494788,0.6492833911381538,0.6792038772564886,7,392,406,0.0166270783847981,0.9311163895486936,0.9643705463182898,1,False,0.846668488664181,-0.512689868366319,0.14248357511530335,0.33391919010462856,0.46522286983868083,0.5187412510728344,0.2705358275301107,0.5420417207723661,0.4024172055032144,80,3.4168616941199867,30.47362922731682,8:5=86;17:33=36;17:34=26;8:7=25;9:5=23,nan,nan,0
632,1691509895.66464,391,391,391,391,0.9999998999405575,1.000000000505492,0.9999999998866184,1.0000000605454389,1.0000001065140314,15.966582499055582,181.91796224850484,193.11545564773448,0.08776803731587977,0.08267894687922092,0.9420165860797015,12.094977473053936,9.414028763771057,250.70116305351257,266.6390805244446,0.024076799907342857,0.6411794451496485,0.6819413824154593,13,361,379,0.03324808184143223,0.9232736572890026,0.969309462915601,1,False,0.8481319443655244,-0.5100123306716517,0.14338628773221257,0.3319832489915572,0.4628235838580797,0.5120652780784266,0.27709188534755064,0.5526346441635391,0.4013913447983793,74,3.3145976270609045,27.511321945703727,8:5=76;17:33=33;17:34=29;9:5=21;8:6=20,nan,nan,0
633,1691509895.7638311,413,413,413,413,0.9999998991535847,1.0000000002002605,0.9999999994002597,1.0000000679953116,1.0000001017022426,18.4953128158766,181.67945434524978,212.8252330042891,0.10180189544564305,0.08690375927136357,0.8536556111351156,11.506982072863204,10.844243168830872,182.92179256677628,213.70819747447968,0.026257247382157074,0.4429099093626544,0.5174532626500719,16,193,223,0.0387409200968523,0.46731234866828086,0.5399515738498789,1,False,0.8486947066999299,-0.5124239133474745,0.1309161099681021,0.32466989256598705,0.4346945659101653,0.5521435898342395,0.28388354381590714,0.24253570289031506,0.8745388120200193,88,3.5590388408548312,35.12941595374839,8:5=69;17:34=33;17:33=27;8:6=27;16:33=21,nan,nan,0
634,1691509895.8645632,392,392,392,392,0.9999999181536386,1.0000000004370417,1.0000000013534,1.000000056178627,1.0000000925736523,13.463236534616936,183.09714357154664,195.43962023647725,0.07353056564400237,0.06888693560868948,0.9368476225547485,14.516540635229806,5.755903661251068,239.33078145980835,250.11401146650314,0.014683427707273133,0.6105377078056335,0.6380459476186304,9,343,347,0.02295918367346939,0.875,0.8852040816326531,1,False,0.8397072342755442,-0.5320787330148442,0.10855405371811169,0.3306581505156025,0.447420358593961,0.5327639095630256,0.28611007150504975,0.40680197087335174,0.5913157092062774,80,3.4201465009487926,30.573893797419313,8:5=76;17:34=37;17:33=27;8:6=25;8:7=19,nan,nan,0
635,1691509895.9657326,428,428,428,428,0.9999999124925566,1.0000000024157145,1.0000000030794336,1.000000062558711,1.000000118676983,19.2278272290091,198.31457567889905,210.45759915994378,0.09695619781443512,0.09136200025923662,0.9423018055441359,10.94546963904614,9.31684410572052,201.09900617599487,212.77931237220764,0.0217683273498143,0.4698574910654086,0.4971479261032889,13,209,220,0.030373831775700934,0.4883177570093458,0.514018691588785,1,False,0.84032572280602,-0.5238745399039637,0.13931312224966658,0.3380521776458615,0.447930159886373,0.5310631465887039,0.29050092773670716,0.3941881323635394,0.582200020402482,95,3.579342233546615,35.84995219409221,8:5=69;17:34=34;17:33=30;8:6=25;8:7=24,nan,nan,0
636,1691509896.065712,385,385,385,385,0.9999999051829427,0.9999999995007798,1.0000000029628737,1.0000000588302502,1.0000000913764167,13.067122535433976,178.32854453285145,193.60433254731518,0.07327555198560355,0.06749395720387862,0.9210979020279391,14.81614119882326,5.906625807285309,181.3346527814865,194.4993398785591,0.015341885213728075,0.4709990981337312,0.50519309059366,10,188,199,0.025974025974025976,0.4883116883116883,0.5168831168831168,1,False,0.8460679664119125,-0.5111488229743556,0.15131383606115428,0.3242883953079826,0.44729141031418707,0.5347419027776119,0.2690163159842434,0.27473001890739807,0.809219182917422,77,3.451659515972374,31.55271111285875,8:5=67;17:34=33;17:33=28;16:33=20;9:5=20,nan,nan,0
637,1691509896.1656451,402,402,402,402,0.9999999104764631,1.0000000009854542,1.0000000016246662,1.0000000606717938,1.0000000980212445,14.78180551435029,177.12114616785374,210.09704911010135,0.08345590480959234,0.07035703536513684,0.8430444259835054,14.213219684573547,4.743619799613953,179.7463139295578,211.20520383119583,0.011800049252771026,0.44713013415312886,0.5253860791820791,7,187,217,0.017412935323383085,0.4651741293532338,0.5398009950248757,1,False,0.8541211195731607,-0.5023983327008805,0.13443596393251875,0.312707275463734,0.4336221960823735,0.5583308188804703,0.2614566593874972,0.20338057736318454,0.9277526780057985,79,3.4681857382870693,32.07849084116253,8:5=67;17:33=33;8:6=26;17:34=24;16:34=23,nan,nan,0
638,1691509896.2665503,386,386,386,386,0.9999998982587147,0.999999998327058,0.9999999990353162,1.0000000596392562,1.0000001065140314,16.765056611132927,177.70528513313613,191.52965696421987,0.09434191334586706,0.08753243167069864,0.9278212468491691,11.424337024727585,7.558833956718445,199.98064589500427,230.77340787649155,0.01958247139046229,0.518084574857524,0.5978585696282165,11,268,312,0.02849740932642487,0.694300518134715,0.8082901554404145,1,False,0.8329597468375539,-0.5293713463926849,0.1610715299694962,0.3452831223607802,0.4548157903224816,0.5276489737681476,0.31678154766943867,0.46081596607810815,0.6149702305603519,84,3.525899090838898,33.98431487067559,8:5=67;17:33=37;8:6=28;17:34=23;8:7=19,nan,nan,0
639,1691509896.3670063,403,403,403,403,0.999999887226028,0.9999999986551301,1.000000000121707,1.0000000584689652,1.0000000966344014,15.818982386699044,185.66235930962264,201.51865721971362,0.08520295899244865,0.07849884772431656,0.9213159807193285,12.739040495370615,7.736501395702362,194.20653653144836,231.36550277471542,0.019197273934745317,0.48190207576041777,0.5741079473318,12,250,305,0.02977667493796526,0.6203473945409429,0.7568238213399504,1,False,0.8532188251288394,-0.5042512984597166,0.13322261237287397,0.32283329759781265,0.45900923388443793,0.5307218861564803,0.2802998384564604,0.4645802210503824,0.664133421237119,92,3.6038645222583496,36.739942776442696,8:5=61;17:33=36;8:6=26;16:33=22;9:5=22,nan,nan,0
640,1691509896.4680092,383,383,383,383,0.9999998863648303,0.9999999987728192,0.9999999985358984,1.0000000577425927,1.0000000987658602,15.185201747847383,179.45209067779484,188.36270663433737,0.08461980961320936,0.08061681645574323,0.9526943729161822,12.404359834141763,5.2361167669296265,181.6744185090065,187.00138813257217,0.013671323151252288,0.47434574023239295,0.4882542771085435,7,193,195,0.018276762402088774,0.5039164490861618,0.5091383812010444,1,False,0.8344619562222545,-0.533114345403778,0.13950748489751244,0.34683326287720434,0.45001633139908054,0.5330223782320771,0.3056325410911335,0.3913673723507934,0.734909469571576,93,3.584546701887211,36.03701850339312,8:5=62;8:6=27;17:33=26;9:5=23;17:34=21,nan,nan,0
641,1691509896.5672727,359,359,359,359,0.9999999007045587,0.9999999992375629,0.9999999990255245,1.0000000626453691,1.0000001112408696,16.567492388905944,165.4259669246896,177.00654013897477,0.10015049448946742,0.0935981934673044,0.9345754501206971,10.683966890336603,9.484528541564941,235.15827995538712,245.2326556444168,0.026419299558676716,0.6550369915191842,0.6830993193437794,14,341,346,0.03899721448467967,0.9498607242339833,0.9637883008356546,1,False,0.8513556286054417,-0.5069029078014451,0.1350667823866152,0.3317801677702315,0.4652900749424208,0.512681301917413,0.2768442690317036,0.46642652454207756,0.28468454305729735,78,3.467319217056534,32.05070618753978,8:5=61;17:33=34;8:6=23;8:7=22;17:34=21,nan,nan,0
642,1691509896.6670947,388,388,388,388,0.9999999116244025,1.0000000016284738,0.9999999998085443,1.000000064579661,1.0000001009238142,13.224261529973134,170.327059159655,204.44868057406768,0.07764040308814031,0.06468254768307125,0.8331042229345613,15.460120787136537,5.412484705448151,173.20615375041962,205.89857518672943,0.013949702849093172,0.44640761275881347,0.5306664308936325,9,179,210,0.023195876288659795,0.46134020618556704,0.5412371134020618,1,False,0.8550971040545758,-0.5003705574966539,0.13578750983785456,0.3093045761590235,0.4280795839679391,0.5598304401716858,0.26421014379115493,0.1951058029261606,0.9193614301330184,74,3.4812615046473065,32.50069600508004,8:5=52;17:33=34;17:34=29;8:7=25;8:6=25,nan,nan,0
643,1691509896.7672827,377,377,377,377,0.9999999030838408,1.000000000618706,1.0000000004562026,1.0000000637515258,1.0000001052925764,11.626312295420703,178.16211544928476,187.21157272179897,0.0652569277486505,0.06210252991516551,0.9516618703590406,16.10240357946833,5.194582998752594,241.03341817855835,243.49350893497467,0.013778734744701841,0.6393459368131521,0.645871376485344,9,347,341,0.023872679045092837,0.9204244031830239,0.9045092838196287,1,False,0.8452344753855274,-0.5151291747331956,0.1421992087124566,0.32977981030439957,0.4594402233504354,0.5250993316019281,0.2842581811738721,0.5451164992821019,0.652962316169942,77,3.4193830343667484,30.55056055942912,8:5=59;17:33=39;17:34=22;9:5=21;8:7=21,nan,nan,0
644,1691509896.8668077,384,384,384,384,0.9999998758397609,0.999999998667325,0.9999999966671063,1.0000000593693679,1.0000000915908318,11.59395815421001,181.10975245618508,191.2962883661108,0.06401620010504336,0.06060733458675901,0.9467499552817759,16.499653166045547,1.7197113633155823,192.0063652396202,216.2832180261612,0.004478415008634329,0.5000165761448443,0.5632375469431281,3,248,284,0.0078125,0.6458333333333334,0.7395833333333334,1,False,0.8578552057573505,-0.4970272577371312,0.13056933415362781,0.31874115945363046,0.4615060994454792,0.529399704801691,0.26795925438658763,0.4867026477619538,0.6611612062116347,75,3.378481430131175,29.326203393415533,8:5=71;17:34=33;17:33=30;8:6=21;16:33=19,nan,nan,0
645,1691509896.9665928,397,397,397,397,0.9999998978018455,0.999999998885727,0.9999999963899234,1.0000000645459437,1.000000096430573,15.295316638695708,178.26284248652206,203.44183999004957,0.0858020461546951,0.07518274824610222,0.8762349106518157,13.300923726898267,7.083419382572174,181.04502427577972,204.27703976631165,0.01784236620295258,0.4560328067399993,0.5145517374466289,11,191,212,0.027707808564231738,0.4811083123425693,0.5340050377833753,1,False,0.8427980126351853,-0.5226309600819748,0.1286405436166024,0.3203048662911281,0.43512499943669786,0.5479183595810443,0.24963679192405738,0.2664756627219215,0.8876859321009384,88,3.5228087023112113,33.879452250454754,8:5=68;17:33=34;17:34=30;9:5=20;8:7=20,nan,nan,0
646,1691509897.0657072,394,394,394,394,0.9999999030838408,0.999999999087194,1.0000000007688448,1.000000065669905,1.0000001009238142,13.793562009218997,187.874346669405,192.3320906020852,0.07341908170938834,0.07171742357730838,0.9768226720838656,13.943613003917267,7.344893038272858,190.39345252513885,193.75642627477646,0.018641860503230603,0.48323211300796665,0.49176757937760524,12,198,199,0.030456852791878174,0.5025380710659898,0.5050761421319797,1,False,0.8352702232175907,-0.5288699527924464,0.15040022353491342,0.33984279963622316,0.45458063628805295,0.524429563747432,0.2858970530289936,0.424697896902691,0.6286670763050433,80,3.4359692738027734,31.061505082379043,8:5=71;17:33=33;17:34=26;9:5=24;8:6=24,nan,nan,0
647,1691509897.1658616,421,421,421,421,0.9999998523560842,1.0000000035616734,1.000000002243513,1.0000000635301431,1.0000001026799894,16.479618540229673,198.38951308930044,206.1308713693991,0.0830669841546098,0.07994735786420458,0.9624444498358246,12.508230749771123,9.501610100269318,201.54957509040833,207.24073314666748,0.02256914513128104,0.4787400833501385,0.4922582735075237,15,210,213,0.035629453681710214,0.498812351543943,0.505938242280285,1,False,0.8407161674054895,-0.5283335850983122,0.11857465462816952,0.33090265433353316,0.44711629190871416,0.5271888273248184,0.27027819152697513,0.3516244896923766,0.5794374261061797,91,3.5170618380341874,33.685310025419064,8:5=68;17:34=36;17:33=36;9:5=24;8:7=23,nan,nan,0
648,1691509897.2658353,435,435,435,435,0.9999998872698422,0.999999994366036,0.9999999928715182,1.0000000589686275,1.000000100229354,14.560667613949976,197.51494089361128,222.9243865908903,0.07371932243744983,0.06531662074581207,0.886017648917387,15.310038832101052,6.933559238910675,196.1194639801979,219.69637721776962,0.015939216641173967,0.45084934248321357,0.5050491430293554,11,209,231,0.02528735632183908,0.4804597701149425,0.5310344827586206,1,False,0.8346637993894392,-0.5252971993937511,0.16552701984228316,0.3296893755507996,0.4399835379408737,0.5422855847308086,0.27734907559352406,0.23905306401451135,0.8168449241614322,77,3.392180994877893,29.730724168231838,8:5=79;17:33=38;17:34=35;16:33=23;9:5=22,nan,nan,0
649,1691509897.36652,424,424,424,424,0.9999998722520465,1.000000001925302,1.0000000026191356,1.000000061611029,1.0000001044316036,14.525952137056098,202.7726631347446,206.7013863608555,0.07163663934030126,0.07027505907336759,0.9809932420131318,14.229799493387747,6.103874385356903,206.15269672870636,211.94300961494446,0.01439593015414364,0.48620919039789234,0.49986558871449166,9,255,265,0.02122641509433962,0.6014150943396226,0.625,1,False,0.8437212966101783,-0.5161319979066733,0.14745214268807896,0.3361638996726289,0.46365595935962023,0.5127085354100354,0.2719860482940499,0.4552791972973471,0.3099871624356954,79,3.3632515185364085,28.88295181714224,8:5=72;17:33=38;8:7=28;16:33=27;17:34=25,nan,nan,0
650,1691509897.467068,425,425,425,425,0.9999998978018455,1.0000000007856922,1.0000000003621574,1.0000000545245415,1.000000127629511,16.151432910443678,184.80476604146136,224.04380171593328,0.08739727473705991,0.07209051438487102,0.8248599810664552,13.871450474902714,9.291166186332703,187.63641047477722,225.20005095005035,0.021861567497253417,0.4414974364112405,0.5298824728236479,15,198,234,0.03529411764705882,0.46588235294117647,0.5505882352941176,1,False,0.8375267766476168,-0.5242219666515285,0.15407864251172673,0.32529769607217746,0.42632983178083994,0.5607019175980111,0.2638613638506349,0.23525525760261085,0.9049169128788346,85,3.468620327041566,32.092434822272544,8:5=68;17:33=44;17:34=31;16:33=23;9:5=22,nan,nan,0
651,1691509897.565361,424,424,424,424,0.9999998839725578,0.999999999528017,1.0000000004253715,1.000000067138398,1.0000000981521076,17.433072410614713,188.9301828808843,217.63674430825975,0.09227256410165983,0.08010169636576893,0.868098737101509,12.484130116716793,10.09863418340683,190.3246310353279,218.03713619709015,0.023817533451431203,0.44887884678143375,0.514238528766722,15,200,226,0.03537735849056604,0.4716981132075472,0.5330188679245284,1,False,0.8449927216067158,-0.514317408250406,0.14650905774818368,0.3228828884657359,0.43606768382534156,0.5458160303999173,0.2660431205110194,0.2191885918130222,0.8831147493469713,83,3.445684341755102,31.3647403053487,8:5=55;17:33=47;17:34=32;9:5=29;16:33=27,nan,nan,0
652,1691509897.6651585,413,413,413,413,0.9999999110584877,1.000000000814907,1.0000000011275927,1.0000000612222828,1.0000001036859665,15.33327971517876,185.16285923606728,212.50386172186728,0.08280969400904585,0.07215529915991602,0.8713387970257929,13.858995966238385,9.979259490966797,186.83212608098984,212.79546469449997,0.024162855910331228,0.4523780292517914,0.5152432559188861,16,194,219,0.0387409200968523,0.46973365617433416,0.5302663438256658,1,False,0.8462829735375709,-0.5190935663637759,0.1197789549968736,0.32074472688460015,0.4317534398189338,0.5502583384756109,0.27083611942258967,0.19672516372164064,0.9084619880326595,76,3.4694507815925286,32.11909720023642,8:5=65;17:33=36;17:34=33;9:5=27;8:6=23,nan,nan,0
653,1691509897.7649536,418,418,418,418,0.9999998967937782,1.0000000007201213,1.000000002746289,1.0000000562660627,1.0000000957912367,12.85207363855466,195.48732697782478,209.66059998564236,0.06574376885317247,0.061299422206340985,0.9323989676229669,16.31336746754127,4.412361323833466,190.1084713935852,201.4986492395401,0.010555888334529822,0.45480495548704597,0.48205418478358875,7,210,219,0.01674641148325359,0.5023923444976076,0.5239234449760766,1,False,0.839673236729483,-0.5211061318244743,0.1529616124887791,0.3351232089790732,0.4523998926617972,0.532328561479367,0.28427818630827084,0.3174731921839752,0.7957855651848008,77,3.3728470217637803,29.16143221758722,8:5=73;17:33=44;9:5=31;17:34=21;8:7=20,nan,nan,0
654,1691509897.8652744,420,420,420,420,0.9999998722520465,1.0000000015629182,1.0000000045393367,1.0000000631544026,1.0000001081780996,14.975746575987285,197.73910117435113,207.28515356251341,0.07573487735631418,0.07224707760592644,0.9539472450192465,13.841390311377381,7.632950186729431,195.64124464988708,203.2408977150917,0.01817369092078436,0.46581248726163593,0.48390689932164693,12,209,215,0.02857142857142857,0.4976190476190476,0.5119047619047619,1,False,0.8323860858788442,-0.5381035585334222,0.13258191554267504,0.3396013527993642,0.44478794265423355,0.5284976214642672,0.2899989598801105,0.3083865137197521,0.6786241005722331,85,3.4685134289271535,32.089004384860054,8:5=69;17:33=36;17:34=30;9:5=28;16:33=25,nan,nan,0
655,1691509897.9657488,419,419,419,419,0.9999998722520465,1.0000000024139009,1.0000000012320152,1.0000000598473622,1.0000000819816628,16.750670045323183,192.26286232865118,209.98646964887476,0.08712379417658854,0.07977023506958579,0.9155964317612473,12.536004176591334,10.972444236278534,195.49373745918274,210.03706061840057,0.026187217747681464,0.4665721657737058,0.5012817675856815,17,204,216,0.0405727923627685,0.48687350835322196,0.5155131264916468,1,False,0.8375007482486592,-0.525606568907299,0.14943303317684747,0.3340913453025018,0.4415885655793404,0.5338281482131275,0.28814534660153096,0.30061434779003987,0.7905710735059615,85,3.458077416202232,31.755864476458065,8:5=71;17:33=38;17:34=31;16:33=26;9:5=23,nan,nan,0
656,1691509898.0654125,427,427,427,427,0.9999998972986588,0.9999999967039152,0.9999999999239311,1.0000000573044887,1.000000090190631,15.934459234913177,199.13994777423926,211.92559017599137,0.08001638753555232,0.07518893410503458,0.9396691905345909,13.29982944834752,7.319819331169128,202.66940665245056,213.5158350467682,0.01714243403084105,0.4746356127692051,0.5000370844186609,11,210,219,0.02576112412177986,0.4918032786885246,0.5128805620608899,1,False,0.8475816505198297,-0.5097598486989315,0.14747963370080533,0.32666577105488476,0.4521273393039377,0.5303880231260666,0.2828688941650488,0.30062439635756416,0.7879062391695435,86,3.4718577980854577,32.19650151629644,8:5=64;17:33=44;8:6=34;17:34=31;9:5=25,nan,nan,0
657,1691509898.1655238,424,424,424,424,0.9999998839725578,0.9999999985047717,1.0000000012920178,1.0000000529676343,1.0000000942373528,17.157877957693387,185.78180483548624,221.06031593886726,0.09235499662029366,0.07761627357140972,0.8404122831655725,12.883896043784743,10.967130839824677,189.97744113206863,223.32807302474976,0.02586587462222801,0.4480600026699732,0.5267171533602588,18,198,230,0.04245283018867924,0.4669811320754717,0.5424528301886793,1,False,0.8447696794412074,-0.5120226285343078,0.15555390244419529,0.3222675511951491,0.4303692628969378,0.5539828213163361,0.26088303776481137,0.21897786153291954,0.9055256730588828,89,3.510602705959402,33.46843333060711,8:5=63;17:34=43;17:33=35;16:33=24;8:6=24,nan,nan,0
658,1691509898.2657776,416,416,416,416,0.9999999068128983,0.999999999302159,0.999999999035167,1.0000000618988223,1.0000001175239908,14.274700479420469,189.83013615693406,211.89516278304214,0.07519723036820382,0.06736680673563193,0.8958681909662077,14.84410570214954,7.106407403945923,193.0324261188507,210.48583847284317,0.017082710105639238,0.4640202550933911,0.5059755732520268,11,202,216,0.026442307692307692,0.4855769230769231,0.5192307692307693,1,False,0.8524724628276897,-0.5025750122368412,0.1439064181877659,0.31739092099321164,0.4431597012043499,0.5431129540769947,0.24635986673154012,0.2167351320815462,0.9127481567855387,80,3.3605452745035937,28.804893171649017,8:5=65;17:33=40;17:34=35;8:7=29;8:6=26,nan,nan,0
659,1691509898.36573,450,450,450,450,0.9999999026130545,0.9999999995073987,0.9999999986874935,1.0000000528276627,1.0000000931909543,15.52555434097062,212.83816850270355,221.6362767129848,0.07294534833761929,0.07004969841230435,0.9603038440242585,14.275578948450521,5.490567147731781,270.07350862026215,276.8145235776901,0.012201260328292846,0.6001633524894714,0.6151433857282003,9,381,381,0.02,0.8466666666666667,0.8466666666666667,1,False,0.8462724898994387,-0.5108214858041283,0.15127551844322787,0.33005829779850476,0.45862518119190554,0.5241166815274696,0.26920928634314134,0.5180639564868769,0.5557558578891554,80,3.402100837222005,30.027115913962696,8:5=78;17:34=38;17:33=37;8:7=30;8:6=24,nan,nan,0
660,1691509898.465903,445,445,445,445,0.9999998978018455,1.0000000006440721,1.0000000004149379,1.0000000637560438,1.0000000916229785,19.037850562520873,209.4632801599157,216.49886985078797,0.0908887254510019,0.08793510365962579,0.9675028802888384,11.37202275749561,11.912293314933777,277.7802815437317,290.4978422522545,0.02676919846052534,0.6242253517836667,0.6528041398927067,18,396,411,0.04044943820224719,0.8898876404494382,0.9235955056179775,1,False,0.8549984872493249,-0.49656678845102875,0.14966299278311104,0.329794224768975,0.46797022260550286,0.5129722130779235,0.28424744594320794,0.588473560643794,0.3631679017477683,85,3.4435090271077975,31.296586281452168,8:5=68;17:34=37;17:33=37;9:5=32;8:6=32,nan,nan,0
661,1691509898.565209,442,442,442,442,0.9999998990681933,0.9999999995298354,1.0000000011898433,1.0000000673391654,1.0000001018838387,19.268918691030766,192.2761713332687,230.45490956007524,0.10021480330827011,0.08361253282828293,0.8343331530680449,11.959929524605169,11.037759482860565,196.11962604522705,232.54078364372253,0.02497230652230897,0.4437095611882965,0.5261103702346663,17,204,239,0.038461538461538464,0.46153846153846156,0.5407239819004525,1,False,0.8365610591926843,-0.5246466521628317,0.15783372458618355,0.3287473528156896,0.4248917590162068,0.5550989138571889,0.2681999551920691,0.21743004178978076,0.9106531812426146,82,3.5337307421814934,34.25151311188161,8:5=60;17:33=40;17:34=29;8:6=28;9:5=25,nan,nan,0
662,1691509898.6643584,385,385,385,385,0.9999998863648303,0.9999999992900773,0.9999999974087224,1.0000000607416804,1.000000107038769,14.923507402311284,175.46851481656753,194.60797723448093,0.08504948832508283,0.07668497260176606,0.9016511928755496,13.040364573032004,6.784969925880432,179.88904756307602,195.68990141153336,0.017623298508780343,0.46724427938461305,0.508285458211775,11,188,200,0.02857142857142857,0.4883116883116883,0.5194805194805194,1,False,0.8500708742339533,-0.5053896760471862,0.148191714086997,0.321627164278363,0.4464331940046451,0.5404083356333146,0.25575465465951414,0.3402107069168457,0.8529949884871256,79,3.489219439734923,32.76036628341944,8:5=47;17:34=38;17:33=35;8:6=27;9:5=24,nan,nan,0
663,1691509898.7632391,427,427,427,427,0.9999998991893482,0.9999999997954007,1.0000000007912417,1.0000000578914956,1.0000001153002807,16.964423476531667,187.688010691255,222.34756565748583,0.09038629273149464,0.0762968707409391,0.8441199260997443,13.10669743449155,8.429060816764832,190.91156101226807,225.21532893180847,0.019740189266428176,0.44709967450179877,0.5274363675217997,13,198,231,0.03044496487119438,0.4637002341920375,0.5409836065573771,1,False,0.8429223359609335,-0.5184675672141986,0.1437821869535791,0.320126932399646,0.42889629656614664,0.5548892894616921,0.25042786958953545,0.22833780569341403,0.888737452562779,90,3.5202606118142836,33.79323423243988,8:5=62;17:33=51;17:34=32;9:5=24;8:6=20,nan,nan,0
664,1691509898.863525,386,386,386,386,0.9999998990681933,1.0000000042164803,1.0000000049305555,1.0000000617978753,1.0000001029095569,13.905262376566391,181.09660826730936,190.9981326112472,0.07678367093458424,0.07280313260899159,0.9481590515647021,13.735672685552743,5.5927459597587585,175.95562481880188,180.766251206398,0.014488979170359477,0.4558435876134764,0.4683063502756425,9,202,202,0.023316062176165803,0.5233160621761658,0.5233160621761658,1,False,0.8452947354640304,-0.5191104819264324,0.12649552462795566,0.3258365868243045,0.45223564621637513,0.5287848327546368,0.2761124466787923,0.3861545411784224,0.5964393173103777,76,3.371445126514282,29.1205795865382,8:5=66;17:33=38;17:34=35;8:7=22;8:6=21,nan,nan,0
665,1691509898.9637856,408,408,408,408,0.9999998882364691,0.9999999965094059,0.9999999954460501,1.000000059608909,1.000000100092045,16.619078964796245,189.44870570910712,201.932212477772,0.08772337030538677,0.08230028662032124,0.9381797157794276,12.15062597064011,8.113232433795929,187.06259047985077,195.8294476866722,0.019885373612244923,0.45848674137218326,0.4799741364869417,12,204,210,0.029411764705882353,0.5,0.5147058823529411,1,False,0.8457116021640632,-0.5167975897754054,0.13301179333963184,0.33148315121140604,0.45162182860872613,0.5322666320776319,0.280758902461808,0.35663146390729733,0.722238651518295,84,3.4617132088284643,31.871532359161044,8:5=64;17:33=45;17:34=32;8:6=23;8:7=22,nan,nan,0
666,1691509899.0648246,439,439,439,439,0.9999998872981763,0.9999999998445543,0.999999999434233,1.0000000636381723,1.000000092157408,20.857322276695875,198.03240488885027,220.11027269797273,0.10532277426213388,0.09475851363518835,0.899696331577323,10.553141471276227,12.463497757911682,200.9877188205719,221.27979344129562,0.028390655484992443,0.45783079457989045,0.5040541991829057,19,211,229,0.04328018223234624,0.4806378132118451,0.5216400911161732,1,False,0.8447187898621531,-0.5129180643196705,0.15285687864267675,0.33137671879337,0.4445073968965628,0.5376404568804221,0.27081499547158355,0.2771971464565487,0.8282901934195045,97,3.6051370908005063,36.786726633379345,8:5=62;17:33=36;8:6=32;17:34=30;9:5=25,nan,nan,0
667,1691509899.1657987,459,459,459,459,0.9999998863648303,0.9999999997364231,1.000000000535962,1.0000000585736364,1.000000090190631,19.298015216891006,202.37756705103817,237.32441749010724,0.09535649379569913,0.08131491660648629,0.8527465028307684,12.29786663668831,11.296939849853516,207.3984026312828,239.43699663877487,0.024612069389659076,0.4518483717457142,0.5216492301498363,18,219,248,0.0392156862745098,0.477124183006536,0.5403050108932462,1,False,0.8430164643593072,-0.5112245542363554,0.16725039899794608,0.3291762899678295,0.4365342130875311,0.5551327252438691,0.2751701296788114,0.2700711829079183,0.8735058658344502,101,3.6405771219556917,38.11382670554569,8:5=61;17:33=48;8:6=31;17:34=24;16:34=23,nan,nan,0
668,1691509899.2676768,460,460,460,460,0.9999998978018455,1.0000000000091072,0.9999999995520601,1.0000000609965116,1.0000001175239908,16.57990923035462,189.062837743001,254.35725303502295,0.08769523100511273,0.06518355200223719,0.7432964284960594,15.341293459516885,8.421350061893463,192.44026041030884,256.96050250530243,0.01830728274324666,0.4183483921963236,0.5586097880550053,13,199,262,0.02826086956521739,0.4326086956521739,0.5695652173913044,1,False,0.8424802731643399,-0.5204931512755455,0.13897434584912022,0.3105934166349405,0.4016457594891835,0.5804483268194404,0.245853585854347,0.14315848310455048,0.9338099144609904,92,3.5476088718155645,34.730173826154285,8:5=63;17:33=46;9:5=32;17:34=31;16:33=25,nan,nan,0
669,1691509899.3693063,514,514,514,514,0.9999998882364691,0.9999999970248353,0.9999999952478373,1.0000000550444264,1.0000001059572659,18.195926624388598,219.69604544219422,276.1080248749483,0.08282318686148703,0.06590147690430109,0.7956887364707942,15.174166755809601,8.603451073169708,222.46969151496887,278.31991869211197,0.016738231659863247,0.43282041150772155,0.5414784410352373,12,231,285,0.023346303501945526,0.4494163424124514,0.5544747081712063,1,False,0.8376439205039108,-0.5276377609718458,0.14124820579198782,0.31846246752400414,0.41635507666547655,0.5681015664056315,0.2555245974457681,0.18829969494153104,0.9325756755480951,92,3.512272439654823,33.52436338262393,8:5=83;17:33=51;17:34=41;8:6=27;9:5=26,nan,nan,0
670,1691509899.4712198,482,482,482,482,0.9999998822133117,1.0000000007988994,1.0000000022654658,1.0000000622209935,1.0000001036392467,17.691999289520094,210.38101992235914,253.9269815582599,0.08409503526529771,0.06967356986229098,0.828509907184047,14.352644797395751,7.758260011672974,214.61264008283615,256.2931430339813,0.016095975127952227,0.44525444000588416,0.5317285125186334,12,223,263,0.024896265560165973,0.46265560165975106,0.5456431535269709,1,False,0.8463661043290213,-0.5078740911332055,0.16040051433376723,0.31897241434442003,0.4285677708640547,0.5602993503775109,0.2635399220519492,0.21572798125223888,0.9130565417523375,95,3.532883349539824,34.22250092579714,8:5=73;17:33=48;17:34=35;9:5=27;8:7=27,nan,nan,0
671,1691509899.5716052,526,526,526,526,0.9999999027116401,1.0000000000916924,0.9999999996404668,1.0000000597829177,1.0000001081780996,19.289130959548775,222.52490654007238,284.18596259684006,0.08668302015925206,0.06787503078367481,0.7830256797580004,14.73295832729874,7.908999502658844,226.82670545578003,286.72120612859726,0.015036120727488297,0.43122947805281375,0.5450973500543674,11,236,294,0.02091254752851711,0.44866920152091255,0.55893536121673,1,False,0.845006834837365,-0.512731675703598,0.15188705609207914,0.31419726445922624,0.41548907923867584,0.5737137956703945,0.24207180157165578,0.17126909711758284,0.9257412716136881,98,3.5512563267711394,34.857081875783805,8:5=83;17:33=64;17:34=29;16:33=25;9:5=24,nan,nan,0
672,1691509899.6711562,528,528,528,528,0.9999998847445265,1.0000000022703588,1.000000003201987,1.0000000611993758,1.000000087936107,19.795697917632676,222.09536519092794,286.10893928893876,0.08913152195055929,0.06918937229584841,0.7762615378005924,14.453086750434403,10.893911063671112,226.8037029504776,288.7152054309845,0.020632407317558926,0.4295524677092379,0.5468091011950464,17,237,296,0.032196969696969696,0.44886363636363635,0.5606060606060606,1,False,0.8333973693386139,-0.5311714159993915,0.1526622140697538,0.3218016466280552,0.4094230416705651,0.5747222690511518,0.24299587594717934,0.18663002877389379,0.9283740515863622,99,3.519063916739873,33.752818223128386,8:5=79;17:33=56;17:34=44;9:5=33;8:7=25,nan,nan,0
673,1691509899.770674,489,489,489,489,0.9999998968779481,1.0000000025247346,1.0000000012246653,1.0000000646682408,1.0000001031911936,16.567098095122745,212.7127933386431,259.7201110354249,0.07788482222951013,0.06378827588312193,0.8190077868464711,15.67686202762842,6.250424265861511,216.74665749073029,261.7950702905655,0.012782053713418224,0.4432446983450517,0.5353682419029969,10,224,267,0.02044989775051125,0.45807770961145194,0.5460122699386503,1,False,0.8344821945667779,-0.5264762964085358,0.16267198981682707,0.32813354233900066,0.42033335577591163,0.5615119743232291,0.27081499547158355,0.18540312416410115,0.8998190118196606,85,3.430953446654622,30.906096020242586,8:5=65;17:33=59;17:34=35;9:5=32;8:6=30,nan,nan,0
674,1691509899.8694673,446,446,446,446,0.9999998978018455,1.0000000014870105,0.9999999978632456,1.0000000626298087,1.000000109124422,16.5512212920776,195.17671555539175,234.2720644789443,0.08480120820242162,0.07064957287540861,0.8331198855889781,14.154367242439134,9.315791428089142,200.76532471179962,236.55990201234818,0.020887424726657267,0.4501464679636763,0.530403367740691,14,210,243,0.03139013452914798,0.47085201793721976,0.5448430493273543,1,False,0.8374032297496462,-0.5281388445985427,0.1408019589031982,0.32123576057421294,0.4226292834770889,0.5606423679647297,0.25320161999370594,0.20540620689911818,0.9185434078378525,83,3.435619682395636,31.050648144966072,8:5=71;17:34=40;17:33=40;9:5=31;16:34=20,nan,nan,0
675,1691509899.9679556,474,474,474,474,0.9999998872981763,0.9999999993980582,0.9999999992712386,1.000000060200004,1.0000001059572659,15.79950154139214,196.653370869303,261.54712701866424,0.08034188008855736,0.06040785735820632,0.7518850354462874,16.554137884252427,6.300772786140442,199.05594789981842,264.8249499797821,0.01329276959101359,0.4199492571726127,0.5587024261176837,10,206,271,0.02109704641350211,0.4345991561181435,0.5717299578059072,1,False,0.8360659817142861,-0.5291870905438104,0.14475737432650557,0.3122566593412959,0.40678735948749817,0.5812384078554454,0.2520605426422772,0.18164225725192173,0.9408602587004466,88,3.4865032993619494,32.671505264055185,8:5=74;17:33=52;17:34=35;9:5=24;16:33=23,nan,nan,0
676,1691509900.0652096,482,482,482,482,0.9999999080403582,1.0000000014072377,1.0000000018189148,1.0000000580319817,1.0000001081356762,16.66327130394864,213.37970890273544,251.95702114989308,0.07809210814672277,0.06613537192930775,0.8468893144112567,15.120501644247229,6.736397564411163,217.25723946094513,252.103071808815,0.013975928556869634,0.45074116070735504,0.5230354186904875,10,226,258,0.02074688796680498,0.46887966804979253,0.5352697095435685,1,False,0.8431381442025101,-0.5199376291089354,0.13705083592348788,0.3195069338536997,0.42706232098323105,0.5554847193039765,0.2592775505790046,0.1769192466430502,0.9270073740468755,81,3.371407088898103,29.11947193017541,8:5=79;17:33=54;17:34=39;9:5=28;16:34=25,nan,nan,0
677,1691509900.1620915,466,466,466,466,0.9999998957664412,1.000000000481252,0.9999999996933341,1.0000000620509029,1.0000000942373528,17.527807625160523,202.7329080190172,245.73928480434944,0.0864576343151766,0.07132684397252828,0.8249918533800052,14.019967018099841,9.927907526493073,207.09860736131668,247.6639006137848,0.021304522589040926,0.44441761236334054,0.5314675978836584,16,216,254,0.034334763948497854,0.463519313304721,0.5450643776824035,1,False,0.8418211282153234,-0.5155195024445971,0.15992757951508757,0.32208905613627836,0.4247346174844574,0.561732303704289,0.2639429707464314,0.1965438080726592,0.9003148042381995,89,3.485270438713638,32.63125067014514,8:5=72;17:33=49;17:34=37;16:33=26;9:5=26,nan,nan,0
678,1691509900.2589698,480,480,480,480,0.9999998862844546,0.9999999992171384,0.9999999993529662,1.0000000590062104,1.0000001112408696,16.29488926033909,220.56108294645293,243.1440270416611,0.07387925849228401,0.06701743595596149,0.9071211233523794,14.921489993396946,6.490516185760498,224.6265082359314,242.83243817090988,0.013521908720334371,0.4679718921581904,0.5059009128560622,10,234,249,0.020833333333333332,0.4875,0.51875,1,False,0.8461184441417199,-0.5131303293440536,0.14415562281943298,0.3255135275624482,0.4427297747767761,0.5404432985224934,0.2579994474726195,0.26748515579882853,0.854183369202208,81,3.374870789827564,29.220507950431372,8:5=80;17:33=53;17:34=33;9:5=27;8:7=23,nan,nan,0
679,1691509900.3569121,481,481,481,481,0.9999999007543949,0.9999999994829066,0.9999999999394871,1.0000000602840586,1.0000000917731955,17.483597393507868,206.4058728760122,257.11052923303623,0.0847049415304682,0.06800031661737715,0.8027904321605318,14.705813880643827,9.692843556404114,209.56406444311142,259.64347982406616,0.02015144190520606,0.4356841256613543,0.5397993343535679,15,217,266,0.031185031185031187,0.45114345114345117,0.553014553014553,1,False,0.8402442217813846,-0.5229521045683414,0.14321572570963742,0.32029918878231267,0.4164349712168868,0.5689880218619181,0.2513582727742734,0.17943359454994107,0.9306834376237602,88,3.492415147622855,32.865226306123084,8:5=70;17:33=50;17:34=31;8:6=28;17:32=25,nan,nan,0
680,1691509900.4555106,483,483,483,483,0.999999860015231,1.000000000747222,0.9999999997418945,1.0000000601352472,1.0000001080191494,20.122393548326006,209.41345008071806,253.46415709277255,0.09608930821095714,0.07938950334883381,0.8262053794220257,12.596123641258293,11.857635200023651,211.11372363567352,253.71925657987595,0.024549969358227022,0.43708845473224334,0.525298667867238,17,220,261,0.035196687370600416,0.4554865424430642,0.5403726708074534,1,False,0.8391342846541987,-0.5219744844438449,0.1529584581102616,0.32274517259942087,0.42563245307625935,0.5588849101795615,0.25578987275212084,0.24527353808191524,0.9131055288709137,93,3.4992375154462745,33.09021156201333,8:5=81;17:33=54;17:34=36;8:6=26;9:5=21,nan,nan,0
681,1691509900.5558493,504,504,504,504,0.9999998904034346,1.0000000027940377,1.000000001371369,1.0000000617720157,1.0000001138739627,20.260730734584808,223.51322736564455,260.2260447161608,0.09064667435292474,0.07785819730951225,0.858919512108942,12.8438627473568,10.49378126859665,229.35760575532913,264.0019842386246,0.020820994580548906,0.455074614593907,0.5238134607909217,17,240,272,0.03373015873015873,0.47619047619047616,0.5396825396825397,1,False,0.8506321756976176,-0.5082117299609556,0.13470612160562806,0.31969710574241317,0.43386291014413797,0.5536944574807486,0.252161846490627,0.24594947810036777,0.8693740513625737,99,3.5767021457949486,35.7554300027487,8:5=77;17:33=43;17:34=41;9:5=33;8:6=26,nan,nan,0
682,1691509900.6567702,440,440,440,440,0.9999999049480753,0.999999999809401,0.9999999995203966,1.0000000628511894,1.0000001175239908,16.130108086433484,189.04930390112216,234.82058784471764,0.08532222945856474,0.06869120052241763,0.805079765945126,14.557905414298972,8.303463459014893,192.67451578378677,237.5936199426651,0.018871507861397484,0.43789662678133356,0.5399854998696935,14,200,244,0.031818181818181815,0.45454545454545453,0.5545454545454546,1,False,0.8442217365161399,-0.5214198407450583,0.12414108615229494,0.314285558240747,0.41606485203786536,0.5677464763118982,0.24223225090819323,0.17263603882934503,0.9255793487293149,82,3.459306253865707,31.79491126493157,8:5=61;17:33=54;17:34=31;9:5=30;8:6=23,nan,nan,0
683,1691509900.7583811,450,450,450,450,0.999999875915003,1.0000000002070766,0.9999999997893299,1.0000000573272603,1.000000086461496,15.792388059834977,192.61429298074174,241.59331914579238,0.08198969980599496,0.06536765220028651,0.7972666366014299,15.29808653576848,6.196426272392273,195.33620524406433,244.21984142065048,0.013769836160871718,0.43408045609792073,0.5427107587125566,8,202,250,0.017777777777777778,0.4488888888888889,0.5555555555555556,1,False,0.8410940039009889,-0.5205937847639269,0.14677529719599844,0.3229555001284329,0.41899811566883205,0.5685013805049336,0.2717393834727067,0.18196559804036022,0.9253658823859683,85,3.3960485307288826,29.845931450371094,8:5=84;17:33=42;17:34=31;16:33=28;9:5=25,nan,nan,0
684,1691509900.8614724,377,377,377,377,0.9999998990681933,0.9999999999410903,0.9999999974307139,1.0000000616469304,1.0000001052681784,14.700428963375982,153.93658913862208,208.3629818535841,0.09549665252189028,0.07055201856203958,0.7387904884505481,14.173938894755432,9.399860560894012,155.6080801486969,210.75072932243347,0.024933317137649902,0.41275352824588035,0.5590205021815211,15,161,216,0.03978779840848806,0.4270557029177719,0.5729442970822282,1,False,0.8332018925880228,-0.5354725504050734,0.13799910851314517,0.3207834568991724,0.394871960568866,0.5855119505452315,0.2530389980019308,0.15507457652414072,0.9348717937883136,80,3.487616613210136,32.70789915846098,8:5=56;17:33=37;17:34=31;9:5=23;8:6=18,nan,nan,0
685,1691509900.96448,408,408,408,408,0.999999891351845,1.0000000003759277,1.0000000014443984,1.0000000575365855,1.0000001036859665,14.902275150572128,172.3634666533229,220.73425850286208,0.08645843252007276,0.06751228944545055,0.7808641387267395,14.812118033828387,6.028212010860443,175.78996860980988,223.01450669765472,0.01477502943838344,0.4308577662005144,0.546604183082487,9,184,230,0.022058823529411766,0.45098039215686275,0.5637254901960784,1,False,0.8325663855502212,-0.5314633190578372,0.15614081512489963,0.3214520597964838,0.4127928324110697,0.5729703977321184,0.2515466448417296,0.20593684310385865,0.9253784394097309,82,3.4289058129444197,30.842876403578856,8:5=55;17:33=49;17:34=33;9:5=30;8:7=22,nan,nan,0
686,1691509901.0687072,427,427,427,427,0.9999998946858311,1.0000000020928157,1.0000000032085616,1.000000062428846,1.0000000942387655,16.319832800609646,177.02348959899476,233.65667938766052,0.0921902106753087,0.06984535106541234,0.7576222090586785,14.317345173961096,10.06432843208313,181.79404717683792,233.99342346191406,0.023569855812841052,0.42574718308392956,0.5479939659529603,16,190,238,0.03747072599531616,0.4449648711943794,0.5573770491803278,1,False,0.8371144704517182,-0.525514544773459,0.15190071294066973,0.3142088205581974,0.40569198277970336,0.579494445338483,0.24322698446158642,0.17142456166332454,0.9426038093856816,78,3.473255813027861,32.24154418433469,8:5=59;17:33=45;17:34=30;17:32=20;16:33=20,nan,nan,0
687,1691509901.1736088,443,443,443,443,0.999999893164113,1.0000000017583872,1.0000000024475388,1.0000000606867536,1.0000001036859665,14.752814042198601,187.14200535521147,241.10518216052088,0.07883218956747046,0.06118829097740671,0.7761840856270675,16.342996086771603,5.728910326957703,190.1699588894844,243.14054310321808,0.01293207748748917,0.42927755956994224,0.5488499844316436,8,197,249,0.01805869074492099,0.44469525959367945,0.5620767494356659,1,False,0.8352328798325852,-0.5297734654596032,0.14739780100628577,0.32096700704303377,0.4060667937363557,0.575720453554625,0.25529321263758914,0.16065461072157503,0.9310323207385345,82,3.4172035286667084,30.484047947188444,8:5=58;17:33=56;9:5=35;17:34=31;16:34=26,nan,nan,0
688,1691509901.275286,449,449,449,449,0.9999998835143439,1.0000000011517944,1.0000000011368604,1.00000006152743,1.0000001153002807,20.0376403777506,199.52888738735885,229.43347326920238,0.10042475874107482,0.08733529633768708,0.8696590107113297,11.450124313238039,8.400106191635132,203.20834785699844,231.2550185918808,0.018708477041503635,0.45257983932516355,0.515044584837151,14,216,243,0.031180400890868598,0.48106904231625836,0.5412026726057907,1,False,0.8532153338679971,-0.5016539299916851,0.14271274847195586,0.3222693766048559,0.4442738200089714,0.549995118587259,0.2562694220841841,0.2848084527764282,0.8285521403734039,95,3.6302178019428197,37.7210314364795,8:5=66;17:34=37;17:33=33;9:7=22;16:33=21,nan,nan,0
689,1691509901.3749285,464,464,464,464,0.9999998872981763,0.999999999086638,0.9999999995558888,1.0000000563835194,1.0000000884704103,20.559326518285477,201.89941443366618,241.5412582004485,0.10182955000615032,0.085117245275024,0.8358796171630246,11.748500515599165,13.61302274465561,205.22511446475983,243.09864783287048,0.029338411087619847,0.44229550531198236,0.5239194996398071,20,215,251,0.04310344827586207,0.46336206896551724,0.540948275862069,1,False,0.8377062232385027,-0.5252347583828322,0.14958854278991812,0.3281414706189421,0.42363826918481645,0.5536268038329092,0.2569190699532461,0.17894149615775956,0.8946280895295617,88,3.4434117979878316,31.29354348983646,8:5=79;17:33=44;17:34=33;9:5=27;8:7=23,nan,nan,0
690,1691509901.4733536,473,473,473,473,0.9999998802908933,1.000000003121787,1.0000000046559472,1.0000000564958293,1.000000094523013,15.253323512061979,206.68646784201522,251.06021159913337,0.07379933321866601,0.06075563871672699,0.8232545751695235,16.45937761698955,6.596793353557587,210.181645154953,252.43105959892273,0.01394670899272217,0.4443586578328816,0.5336808871013166,11,218,258,0.023255813953488372,0.4608879492600423,0.5454545454545454,1,False,0.8409974325157086,-0.5222275520963658,0.1414273747667814,0.31985538648285117,0.42347819949786386,0.5643073613741927,0.256070632155918,0.19575132825958577,0.9129108471264367,90,3.476145328588263,32.33484135484586,8:5=72;17:33=47;17:34=30;16:33=28;9:5=28,nan,nan,0
691,1691509901.5713336,471,471,471,471,0.9999998991893482,0.9999999983093472,0.9999999978449515,1.0000000556107747,1.000000096350473,18.391186809045443,201.9280576004887,250.68075399787105,0.09107791669759979,0.07336497324083217,0.8055187898557367,13.630482719830637,7.298090696334839,205.55946975946426,252.718281686306,0.015494884705594137,0.4364319952430239,0.5365568613297367,10,215,260,0.021231422505307854,0.4564755838641189,0.5520169851380042,1,False,0.8450937545591739,-0.5145845567502112,0.14498027437988598,0.31561695280062724,0.4231319293093396,0.5664737219468534,0.24444039100444045,0.18229480404779108,0.9106153642807536,93,3.5806282855353255,35.89608675577038,8:5=71;17:33=42;17:34=31;16:33=28;8:6=22,nan,nan,0
692,1691509901.6692586,457,457,457,457,0.9999998948667193,0.9999999988613351,0.9999999992650089,1.0000000612370399,1.0000000966344014,17.806000325386748,176.89584616867847,262.2981524651949,0.10065810312135816,0.06788458156505497,0.6744075187191846,14.73088552577558,9.113632917404175,179.46891099214554,263.65775299072266,0.019942303976814388,0.3927109649718721,0.5769316258002684,13,186,269,0.028446389496717725,0.40700218818380746,0.5886214442013129,1,False,0.8301137401956008,-0.5332724914939163,0.16288532209607443,0.31643226598160273,0.3860368347880704,0.604004163951969,0.2433318132062075,0.14688442373437952,0.9453472340123826,88,3.5145442694244,33.60061160806248,8:5=66;17:33=45;17:34=41;16:33=24;16:34=22,nan,nan,0
693,1691509901.766977,446,446,446,446,0.9999998904034346,0.9999999985327093,0.9999999974741214,1.0000000613420492,1.0000001019716163,18.926302927311404,189.94077386420128,237.1329218996642,0.09964318109413843,0.07981305495539548,0.800988628413937,12.529278581791694,11.674500584602356,194.50542467832565,238.17309361696243,0.02617601027937748,0.4361108176644073,0.5340203892757005,18,203,243,0.04035874439461883,0.4551569506726457,0.5448430493273543,1,False,0.8310272983188856,-0.5342436110888523,0.15484635436314764,0.3312417874815503,0.41506254807948734,0.5668911329181745,0.2673735123415938,0.18388949414174965,0.9162873308173338,89,3.5277691857636806,34.04792822840683,8:5=66;17:33=43;17:34=29;9:5=27;16:33=25,nan,nan,0
694,1691509901.86464,418,418,418,418,0.999999893164113,1.0000000016475221,0.9999999996876147,1.0000000606057848,1.0000001065846835,16.489373339976698,188.94325342183558,212.5673746155164,0.08727156456421573,0.07757245612033378,0.8888629017674456,12.891173620295797,10.409988224506378,192.5815714597702,212.8816425204277,0.024904278049058322,0.46072146282241677,0.5092862261254252,16,199,217,0.03827751196172249,0.47607655502392343,0.5191387559808612,1,False,0.8412396297937192,-0.5167924531104734,0.15887556663183064,0.3356001716212227,0.4384764509342877,0.5390156944950706,0.28812935354861535,0.27145722413960693,0.8515530015213411,77,3.3180183275938306,27.605591080663242,8:5=71;17:33=39;17:34=38;9:5=31;16:34=22,nan,nan,0
695,1691509901.9620004,422,422,422,422,0.9999999104209255,0.9999999975373993,0.999999996875617,1.000000058391601,1.0000000997097995,18.162140648141186,191.94619683023743,211.89166044318654,0.09462099769658,0.08571427780665729,0.9058695204368509,11.666667742982858,10.154767096042633,194.78379893302917,212.78206491470337,0.024063429137541784,0.4615729832536236,0.5042229026414772,14,201,218,0.03317535545023697,0.476303317535545,0.5165876777251185,1,False,0.8390415292185561,-0.5209527795302938,0.15689969326371436,0.3383311345593077,0.44102773462160877,0.5374039669270578,0.2870380210549651,0.26788191472877415,0.8227664635717558,88,3.4540036460182053,31.626761528999946,8:5=80;17:33=41;17:34=24;9:5=24;16:33=21,nan,nan,0
696,1691509902.058712,426,426,426,426,0.9999998869436949,1.0000000009007242,1.000000002019671,1.0000000600804995,1.0000000966344014,13.893706078893247,187.19225244737757,224.91404224114638,0.07422158715034943,0.06177340436573015,0.8322835274405651,16.188196364886878,6.108454883098602,190.54089224338531,227.59030336141586,0.014339095969715028,0.44727908977320496,0.5342495384070794,10,198,234,0.023474178403755867,0.4647887323943662,0.5492957746478874,1,False,0.8467705907981091,-0.5127978283263342,0.14148481834888535,0.3175265977008673,0.4281886757940248,0.562909221309087,0.25754959031418734,0.25278349202391126,0.9042032855438191,89,3.48538787256788,32.63508290869293,8:5=59;17:33=44;17:34=38;9:5=33;8:6=21,nan,nan,0
697,1691509902.1562357,442,442,442,442,0.9999998882364691,0.9999999979058756,0.9999999988400596,1.0000000605768762,1.0000001077866782,14.775157363809809,195.8918701992867,231.3329705856977,0.07542506663895034,0.0638696564800145,0.8467961557892943,15.65688709023996,4.336404502391815,198.4823562502861,232.86191695928574,0.009810869914913608,0.44905510463865633,0.5268369161974791,7,206,239,0.01583710407239819,0.4660633484162896,0.5407239819004525,1,False,0.8419962163034147,-0.5148711997932047,0.16109009700859722,0.3246970399415696,0.43400429458920664,0.5546381102771174,0.2789308810988665,0.218892932696387,0.8959853666442281,84,3.4290698544726466,30.847936331166792,8:5=76;17:33=37;17:34=36;8:7=25;16:33=23,nan,nan,0
698,1691509902.2548025,448,448,448,448,0.9999998872981763,1.0000000003273122,1.0000000019819877,1.0000000593237877,1.0000001066533153,15.696953322465049,201.36444320367602,230.93860376713087,0.07795295471598182,0.06797024432646705,0.8719392943360987,14.712320220549925,6.964629352092743,204.11557614803314,233.15156465768814,0.0155460476609213,0.45561512533043114,0.5204275996823396,11,213,242,0.024553571428571428,0.47544642857142855,0.5401785714285714,1,False,0.8270009934346931,-0.54153529105587,0.15102610833582622,0.3360740924903029,0.4338844947927486,0.5504930346107201,0.2921447253464962,0.31451685710060484,0.8409286611342995,86,3.4743393259188173,32.27649724570947,8:5=65;17:33=46;17:34=34;9:5=30;16:33=25,nan,nan,0
699,1691509902.3547158,436,436,436,436,0.999999893164113,1.000000000884192,0.9999999996302686,1.000000059937871,1.0000000998954377,17.693634936921107,191.22294289472188,227.0834229393724,0.09252882875389261,0.07791689374721562,0.8420823520252084,12.834187194939803,9.105880200862885,195.5835815668106,228.59054839611053,0.020885046332254322,0.44858619625415275,0.5242902486149325,14,206,236,0.03211009174311927,0.4724770642201835,0.5412844036697247,1,False,0.8378894435821104,-0.5291843275065037,0.13381041758828366,0.32416824769825037,0.4249037215549644,0.5577322139148735,0.25194236736877607,0.23011389974597918,0.906635305829646,92,3.5118149299053294,33.50902916757473,8:5=63;17:33=43;17:34=42;9:5=33;8:7=21,nan,nan,0
700,1691509902.4548838,443,443,443,443,0.9999999064527538,0.9999999995642531,0.9999999968290683,1.000000061634947,1.0000001029095569,14.772003112819,193.6541419087372,234.57385459237221,0.07628033651756624,0.06297378341029893,0.8255572311980688,15.879623961682713,5.061193525791168,195.4140368103981,235.8533182144165,0.011424816085307378,0.4411152072469483,0.5324002668496987,8,203,243,0.01805869074492099,0.4582392776523702,0.5485327313769752,1,False,0.824744900831352,-0.5449074799951263,0.15123388111810276,0.32858967258602584,0.41795549922272635,0.559340132327004,0.27077433736250833,0.18180931549158427,0.9129108471264367,75,3.341721944880548,28.267760346380136,8:5=73;17:33=49;17:34=40;16:33=27;8:6=22,nan,nan,0
701,1691509902.556377,482,482,482,482,0.9999999007045587,1.0000000006047944,0.9999999998784466,1.000000055517381,1.000000084986844,18.846248160229013,188.62638020995053,274.52737221284247,0.09991310939250493,0.06864979622366188,0.6870949832416257,14.566685627761919,8.973988652229309,191.7169091105461,277.74687296152115,0.01861823371831807,0.39775292346586333,0.5762383256463094,13,200,285,0.026970954356846474,0.4149377593360996,0.5912863070539419,1,False,0.8291548175414277,-0.535178836311155,0.16151130521570062,0.314615461339419,0.3864798459564267,0.5985559963869305,0.24369605239985076,0.14404680338035894,0.9413274729280707,95,3.5190880688003934,33.75363343308131,8:5=76;17:33=52;17:34=46;16:33=26;8:6=20,nan,nan,0
702,1691509902.658779,437,437,437,437,0.9999998973226599,0.9999999980044398,0.9999999975903164,1.0000000535640676,1.000000098420776,16.919713056244316,194.3226435746051,225.75764162503128,0.08707020831439252,0.07494635811418891,0.8607577673820775,13.34287649409717,9.0125030875206,194.6124061346054,224.26341670751572,0.020623576859314874,0.4453373138091657,0.5131885965847042,13,205,232,0.029748283752860413,0.4691075514874142,0.5308924485125858,1,False,0.8287077820060914,-0.5392761949945382,0.1497484475871352,0.33307726366362655,0.42760694760961854,0.5460921004782565,0.2787626609490502,0.21043749636967035,0.8786914108813226,85,3.4375336117714044,31.11013380010015,8:5=69;17:33=45;17:34=31;9:5=27;8:6=25,nan,nan,0
703,1691509902.7615547,390,390,390,390,0.9999998483953557,0.9999999981873775,0.9999999975839389,1.0000000582743256,1.000000094523013,14.6417669090033,160.6088219167817,214.74940976036967,0.09116415109868514,0.06818070850737827,0.7478894684553438,14.66690537385342,6.94739294052124,163.66481363773346,215.44510263204575,0.017813828052618566,0.41965336830188066,0.5524233400821685,10,170,220,0.02564102564102564,0.4358974358974359,0.5641025641025641,1,False,0.8281838639022051,-0.5384320028671912,0.15557141723478268,0.3235541942176054,0.40216876876543656,0.5830318054670312,0.25530236443219356,0.17942830845792024,0.9359380019849215,84,3.5205810755575304,33.804065474195866,8:5=54;17:33=36;17:34=31;9:5=23;8:7=20,nan,nan,0
704,1691509902.8637934,373,373,373,373,0.9999998835143439,0.9999999992995144,1.000000000384766,1.0000000574379795,1.0000000931909543,15.166034518593696,164.48784235361168,193.34612260523267,0.09220155302414479,0.07843981722643166,0.850742906747901,12.748627359919864,9.61568957567215,166.02277839183807,195.12898379564285,0.02577932862110496,0.4451012825518447,0.5231340048140559,14,172,202,0.03753351206434316,0.46112600536193027,0.5415549597855228,1,False,0.8316033422496205,-0.5369646265975531,0.14179164623563412,0.33461271992048874,0.42466936262285404,0.5529120079441087,0.29534324522458383,0.22230718969054214,0.893275643189191,80,3.4138672486493604,30.382514094036136,8:5=70;17:34=39;17:33=26;9:5=20;17:32=16,nan,nan,0
705,1691509902.9663649,374,374,374,374,0.9999998952838173,0.9999999975708658,0.999999997018935,1.0000000558917697,1.0000001077866782,15.71369527671815,157.80197488814161,200.48432801814818,0.09957857173750105,0.0783786714505471,0.7871037923415994,12.758572982842002,7.664556205272675,160.56369584798813,202.85735309123993,0.020493465789499128,0.42931469478071693,0.5423993398161495,11,167,208,0.029411764705882353,0.446524064171123,0.5561497326203209,1,False,0.8289937649216456,-0.5390347814242649,0.14903302364218102,0.3271435543189467,0.4111932691424801,0.5682812819840947,0.2584091178697917,0.21110047562656858,0.9086063944711062,85,3.5038908578557098,33.24455046419225,8:5=65;17:33=41;17:34=30;16:33=16;9:5=15,nan,nan,0
706,1691509903.069665,391,391,391,391,0.9999999150003668,1.0000000010560455,1.0000000026414608,1.0000000626123757,1.0000000983189041,17.06401807091571,177.9732724398857,195.96271031502627,0.09587966685660315,0.08707788356000941,0.908199688368154,11.483972268467614,9.434063732624054,182.07415634393692,196.34320068359375,0.024128040236890164,0.46566280394868775,0.5021565234874521,14,189,200,0.03580562659846547,0.4833759590792839,0.5115089514066496,1,False,0.8373109927407044,-0.5240709557763664,0.15575601030849967,0.3356088856639383,0.44107885034899225,0.5367835121108809,0.2635148945500715,0.30847406700437496,0.8001805271295606,80,3.4510975042859515,31.534983102616103,8:5=64;17:33=38;17:34=33;9:5=21;8:6=20,nan,nan,0
707,1691509903.171925,384,384,384,384,0.9999998912894678,0.9999999993239683,0.9999999980286585,1.0000000528806199,1.0000000723183806,16.62861990083986,162.53662920697917,204.83475037298894,0.10230690756890534,0.08118065841152622,0.7935012438612686,12.318205094257003,7.004074931144714,163.48960143327713,205.65479135513306,0.018239778466522694,0.4257541703991592,0.5355593524873257,10,173,215,0.026041666666666668,0.4505208333333333,0.5598958333333334,1,False,0.8465967200218582,-0.5168808202041146,0.12691812854495302,0.31568093237326983,0.42484935242352445,0.5710395461263557,0.2503284830220083,0.21322436434467756,0.9084344105466748,87,3.562842731169488,35.26329887539309,8:5=63;17:33=34;17:34=31;16:33=16;16:32=16,nan,nan,0
708,1691509903.2731285,443,443,443,443,0.9999999121480133,1.000000001466888,1.0000000021372832,1.000000057387197,1.000000122391497,15.229533392354634,184.82665148486018,242.9438164224482,0.08239901156031136,0.06268747077666889,0.7607794024420457,15.952151005782504,6.8299495577812195,189.09170418977737,243.5936569571495,0.015417493358422617,0.42684357604915885,0.5498728148016919,10,196,247,0.022573363431151242,0.44243792325056436,0.5575620767494357,1,False,0.844392571858431,-0.5140820809592052,0.1507341985979219,0.31197551887637254,0.41085182386411634,0.5795963190095518,0.25244043937900135,0.1653823379548403,0.9399549057220893,76,3.3803055876297896,29.37974782913584,8:5=62;17:34=42;17:33=40;16:33=28;9:5=28,nan,nan,0
709,1691509903.3736315,463,463,463,463,0.9999999122636594,0.999999997794706,0.9999999964651273,1.0000000566899536,1.0000000974508478,17.218548033986337,194.407475930775,251.3739739931365,0.08856937189039762,0.0684977357061494,0.7733794904960332,14.599022722297443,8.90712320804596,195.85872602462769,254.58838427066803,0.019237847101611142,0.42302100653267316,0.5498669206709893,13,202,261,0.028077753779697623,0.43628509719222464,0.5637149028077754,1,False,0.8328050846584238,-0.53479505678532,0.1429333348280306,0.32344886681733165,0.40858205182856944,0.5730161433318374,0.27251982443678474,0.16537765793343204,0.9326229091513647,92,3.476146860498665,32.33489088896362,8:5=76;17:33=44;17:34=42;16:33=29;8:6=27,nan,nan,0
710,1691509903.473168,452,452,452,452,0.9999998978018455,1.000000003642989,1.0000000066516954,1.0000000609156967,1.0000000924524288,18.96270221908289,197.17324832314307,235.86405275103652,0.09617279413080074,0.08039674548922782,0.8359614193997884,12.438314435675604,9.432168424129486,197.77793073654175,236.18984067440033,0.02086762925692364,0.4375617936649154,0.5225438952973459,13,207,245,0.028761061946902654,0.4579646017699115,0.5420353982300885,1,False,0.8400321877626469,-0.5199611143528834,0.1548753146360286,0.32533948807773033,0.4285330204146031,0.5541793218612948,0.26109930778042917,0.2293433696833988,0.8945942335738583,89,3.4704280983901015,32.150503077699106,8:5=75;17:34=43;17:33=33;9:5=29;8:7=24,nan,nan,0
711,1691509903.5717893,455,455,455,455,0.9999999010211225,1.000000001772173,1.0000000021153839,1.0000000563784888,1.000000099658513,17.130932045343634,214.66379875545798,223.20527081187603,0.07980354463427229,0.07674967523406778,0.9617326596932513,13.029371094408464,7.327219665050507,215.7925507426262,221.65331995487213,0.016103779483627487,0.47426934229148615,0.48715015374697174,10,228,232,0.02197802197802198,0.5010989010989011,0.5098901098901099,1,False,0.843962704714335,-0.5182080686046442,0.13851841279883545,0.33403957178879085,0.4533367603087607,0.5266232314312947,0.2795973680574752,0.45785880144054425,0.6328198300326505,89,3.4383378420293425,31.135163574532594,8:5=74;17:33=39;17:34=38;9:5=37;8:6=25,nan,nan,0
712,1691509903.6702597,451,451,451,451,0.999999875915003,1.0000000012337402,0.9999999999327228,1.0000000597063785,1.0000000956347386,19.618321953641388,205.0028307150134,226.37884844417894,0.09569781005079867,0.08666146191868682,0.9055741387674896,11.539154519898192,11.37196558713913,207.556591629982,226.18345946073532,0.025215001301860596,0.4602141721285632,0.5015154311767968,17,218,234,0.037694013303769404,0.48337028824833705,0.5188470066518847,1,False,0.8427967781500646,-0.5191192942579346,0.142157479820847,0.332426075550574,0.4434627610024745,0.540192522218165,0.2838368630291052,0.32297063882748794,0.797061606169133,94,3.546503871370938,34.69181816404904,8:5=73;17:34=40;17:33=36;9:5=30;8:6=23,nan,nan,0
713,1691509903.7679212,443,443,443,443,0.9999998978018455,1.0000000013169283,1.00000000002845,1.0000000629564514,1.0000000992920635,16.45742307606872,199.37807523253085,227.16450285819923,0.08254379553456288,0.07244715996117486,0.8776814719022662,13.803163582063256,6.366570830345154,200.07244896888733,226.31389766931534,0.014371491716354748,0.45163081031351543,0.5108665861609827,10,210,234,0.022573363431151242,0.47404063205417607,0.5282167042889391,1,False,0.8282011663319213,-0.5371494340472507,0.1598540383886614,0.3345054523158133,0.4361224723237147,0.5452145084225913,0.2772937465920394,0.3070417430791983,0.8618871991273785,92,3.5678827821534314,35.44147633415175,8:5=73;17:34=38;17:33=28;8:6=22;8:7=20,nan,nan,0
714,1691509903.865612,444,444,444,444,0.9999998483953557,1.000000000372013,1.0000000001349139,1.0000000600800014,1.0000000927334998,19.47559133429247,199.781280314691,224.74312868136434,0.09748456563905765,0.08665711583068916,0.8889316504885733,11.539733239608411,8.215112686157227,198.8772715330124,223.96593415737152,0.018502506049903663,0.4479217827320099,0.5044277796337197,12,213,237,0.02702702702702703,0.4797297297297297,0.5337837837837838,1,False,0.8451625151768088,-0.5127456664138568,0.1509708730643786,0.32903920672864695,0.4478756874947972,0.5411031265934153,0.27783197749015087,0.36848917798203984,0.8220073413509673,94,3.59163163661802,36.2932450296891,8:5=70;17:34=40;17:33=30;9:5=25;8:6=22,nan,nan,0
715,1691509903.9633186,442,442,442,442,0.9999998978018455,0.9999999993767289,0.9999999995854999,1.0000000585388493,1.0000001036859665,20.995016575279205,199.96728713855953,221.03769573518983,0.10499225586198771,0.09498387370284524,0.904675044107077,10.52810294017357,12.88997745513916,193.5981720685959,214.61392033100128,0.029162844921129322,0.4380049141823436,0.48555185595249156,19,225,245,0.042986425339366516,0.5090497737556561,0.5542986425339367,1,False,0.8501388144917249,-0.5077353253455177,0.13953076897546973,0.33043600516260196,0.4530147641552301,0.5333762974458488,0.2732695408316882,0.3368817315843796,0.7253329601287398,108,3.6678161706225687,39.1662799254126,8:5=77;17:34=30;17:33=29;8:6=24;16:33=20,nan,nan,0
716,1691509904.0610132,438,438,438,438,0.9999999154474465,1.00000000350238,1.0000000045635677,1.0000000655760912,1.0000001112408696,18.81246624267087,191.4131572550609,227.77437957035332,0.09828199123011683,0.08259254740658929,0.8403629838268907,12.107629942410753,9.848118424415588,191.30052345991135,228.57750630378723,0.022484288640218238,0.43675918598153274,0.5218664527483726,14,200,238,0.0319634703196347,0.45662100456621,0.54337899543379,1,False,0.829628711413088,-0.5374868360149208,0.15107647834698945,0.3390583494193403,0.4301418751353067,0.5558732023832876,0.2947174638753267,0.2644210010274553,0.8954000940065058,88,3.5415789764652716,34.52138463360035,8:5=77;17:34=35;17:33=27;9:5=23;16:33=22,nan,nan,0
717,1691509904.1595347,422,422,422,422,0.9999999133279828,0.9999999990440344,0.9999999980063428,1.0000000596174894,1.0000001018838387,18.220556108594806,198.52574088326432,205.25370220130594,0.09177931298747162,0.08877090114907987,0.967221242560375,11.264952670927856,11.481300175189972,191.0818864107132,197.05720394849777,0.027206872453056804,0.4528006786983725,0.4669601989300895,18,218,224,0.04265402843601896,0.5165876777251185,0.5308056872037915,1,False,0.8339216287663546,-0.5299718242497757,0.15396292598231198,0.34676834927333167,0.4539691054362111,0.5204683380962496,0.2923100843878261,0.4454746997314921,0.5893569762664755,87,3.46755692977379,32.05832595361937,8:5=69;17:33=36;9:5=31;17:34=30;8:7=22,nan,nan,0
718,1691509904.2588727,427,427,427,427,0.9999998624179928,0.9999999992029714,1.0000000004200595,1.0000000612572826,1.0000001153002807,18.07424267152769,192.69831444465126,216.22744220315874,0.09379554109550425,0.08358903239740424,0.8911834338936477,11.963291969282968,8.954404294490814,192.11847972869873,214.42147266864777,0.020970501860634226,0.44992618203442325,0.5021580156174421,14,206,227,0.03278688524590164,0.48243559718969553,0.531615925058548,1,False,0.8448400504659538,-0.5169044408858654,0.1380401685059672,0.32843875918326476,0.44301663446650463,0.5420427780976116,0.27873267430831805,0.3162636118298922,0.7830838273250157,86,3.5038157229387523,33.242052731488485,8:5=62;17:34=35;17:33=33;9:5=25;8:6=25,nan,nan,0
719,1691509904.3592741,421,421,421,421,0.9999999118953398,0.9999999986274752,0.9999999969118256,1.000000059628114,1.0000001153002807,15.908567529426781,199.76189633793985,205.32953497696766,0.07963764772493973,0.07747822314608216,0.9728843751598991,12.90685252441243,7.851413726806641,281.5157045722008,286.24571603536606,0.018649438781013397,0.6686833837819496,0.67991856540467,13,404,406,0.030878859857482184,0.9596199524940617,0.9643705463182898,1,False,0.8365038286506081,-0.5259722642784072,0.15367017232605476,0.342484981764961,0.45826905351813585,0.5184193774102032,0.31062275609364914,0.4435942476743531,0.48687206712594966,84,3.507771182196174,33.37380070680165,8:5=64;17:34=36;17:33=35;9:5=27;8:6=26,nan,nan,0
720,1691509904.4605095,415,415,415,415,0.9999999032297863,0.9999999997771769,0.9999999982177944,1.000000058272063,1.0000001153002807,16.599656965462156,191.48106355907734,206.91927929051747,0.0866908542125404,0.08022286285926994,0.9253901531825622,12.465274416275058,8.466585755348206,188.41035199165344,202.55035305023193,0.020401411458670374,0.4540008481726589,0.48807313988007694,12,204,217,0.02891566265060241,0.491566265060241,0.5228915662650603,1,False,0.8298927938620935,-0.5377242301323433,0.14876358097446948,0.34315892548444665,0.44419459588449794,0.5335990343698843,0.300422194331249,0.35921084178693324,0.7027969128094371,81,3.4591157502113847,31.78885479505489,8:5=68;17:34=34;17:33=33;9:5=26;8:6=26,nan,nan,0
721,1691509904.5624535,382,382,382,382,0.9999998867598846,1.0000000001029148,1.0000000015086212,1.0000000567970153,1.0000000918526009,15.148703125025449,160.36771138243236,206.48358557116924,0.09446230163439825,0.07336516887345558,0.7766608224030379,13.630446373330876,7.661341071128845,162.86505222320557,209.63529253005981,0.020055866678347762,0.4263483042492292,0.5487834882985859,11,169,216,0.028795811518324606,0.4424083769633508,0.5654450261780105,1,False,0.8441596505170904,-0.513984203845721,0.15236378387249452,0.3179386182882891,0.4157812941699444,0.5724167928036283,0.277764968877766,0.20279392560932963,0.9084917662313012,81,3.4470841713104194,31.40867634012853,8:5=49;17:34=43;8:6=31;17:33=30;9:5=30,nan,nan,0
722,1691509904.6648147,371,371,371,371,0.9999998988508696,0.9999999988166604,0.9999999961844701,1.000000058755066,1.0000001112408696,15.815615236085858,167.37265000517488,187.81173388070135,0.09449342670739136,0.08420994210155149,0.891172487185974,11.875082383907445,7.0479074120521545,162.80967885255814,184.43695282936096,0.018997055019008502,0.43884010472387636,0.49713464374490823,9,176,199,0.02425876010781671,0.4743935309973046,0.5363881401617251,1,False,0.8467307864537225,-0.5115346896548887,0.14621640315346784,0.3310591524935988,0.44747227516154536,0.5397966247122978,0.2945130854070088,0.31527388668701106,0.8085072544689408,84,3.460128902865949,31.821078078472254,8:5=58;17:34=34;8:6=31;17:33=27;9:5=23,nan,nan,0
723,1691509904.7673364,388,388,388,388,0.999999890432047,0.9999999994847741,1.0000000000163942,1.0000000544489216,1.0000000961180204,18.81306392494517,173.30663236909385,195.88030330614578,0.10855362929722558,0.0960436736487068,0.8847578314100779,10.411929927395741,11.237789452075958,175.42799478769302,197.5694202184677,0.028963374876484427,0.4521340071847758,0.5091995366455353,16,183,205,0.041237113402061855,0.47164948453608246,0.5283505154639175,1,False,0.8434923388813227,-0.5186054592624013,0.13988942730510406,0.33283248944682764,0.43841652046879426,0.5429449513205094,0.2764453477719016,0.2801195360548242,0.8222645658860227,87,3.489749721357854,32.77774311051887,8:5=61;17:34=34;17:33=29;8:6=22;16:34=21,nan,nan,0
724,1691509904.8695114,400,400,400,400,0.9999999032297863,0.9999999969748811,0.9999999970694904,1.000000056343583,1.0000000831670213,14.489856054474172,185.98413010602385,199.5260114194071,0.0779090992667705,0.07262138881740209,0.9321297448034583,13.770047864471195,4.474921762943268,187.70985388755798,200.10380029678345,0.01118730440735817,0.46927463471889497,0.5002595007419586,6,196,207,0.015,0.49,0.5175,1,False,0.8436714271331838,-0.5192731783345526,0.13628605688546766,0.32824630766417784,0.44769931845534805,0.5326025826227965,0.2707203742138653,0.37164758022683486,0.7975312730755532,80,3.4409567481732517,31.2168105118767,8:5=59;17:34=37;17:33=26;8:6=26;9:5=24,nan,nan,0
725,1691509904.9706664,411,411,411,411,0.9999998927577393,1.0000000031682104,1.0000000030969218,1.0000000599560068,1.0000000893423842,15.128625440757416,187.79458899854964,208.07678816496204,0.0805594320977707,0.07270693465704368,0.902525412155378,13.753846241998351,6.184132158756256,189.25750225782394,208.65138524770737,0.015046550264613762,0.46048054077329426,0.5076676040090203,9,198,216,0.021897810218978103,0.48175182481751827,0.5255474452554745,1,False,0.8431110360438421,-0.5155854609552826,0.15275933147473558,0.326267261454564,0.44466837211846055,0.5387366145726761,0.2692140777847603,0.35270711420632067,0.8197571622577525,83,3.43268209694933,30.959568056146004,8:5=62;17:34=47;9:5=30;8:6=25;17:33=21,nan,nan,0
726,1691509905.0705557,404,404,404,404,0.9999999055868823,0.9999999988236711,1.0000000021226352,1.0000000532954632,1.0000001031911936,17.455474381309433,177.95124602928743,208.59327863892946,0.09809132990525163,0.0836818640332342,0.8531015341933297,11.950020611429622,9.297710359096527,176.03846776485443,207.53260588645935,0.023014134552219127,0.43573878159617435,0.5136945690258895,14,189,221,0.034653465346534656,0.46782178217821785,0.5470297029702971,1,False,0.8384657813854351,-0.529927766313025,0.1270893226679557,0.3298480770199309,0.43114071249801067,0.5526506029790227,0.2681411320867194,0.23643267327125453,0.8246240516807961,80,3.460774069091889,31.841614587340093,8:5=65;17:33=37;17:34=32;16:34=20;9:5=20,nan,nan,0
727,1691509905.1700528,413,413,413,413,0.9999999032414755,0.9999999978407572,0.9999999982457323,1.0000000557990005,1.0000000918733074,15.464979257398904,197.391348542296,200.1436704167706,0.07834679367462323,0.07726938965991427,0.9862482692120951,12.941735458262315,7.308425843715668,196.6260991692543,202.10344523191452,0.01769594635282244,0.47609224980448983,0.4893545889392603,12,208,216,0.029055690072639227,0.5036319612590799,0.5230024213075061,1,False,0.833434270072269,-0.535352069329237,0.13706013035893594,0.3429902690239731,0.4573127150167183,0.5158077034130308,0.2963968021440493,0.5182070197118424,0.5246371348087956,82,3.4068739809090363,30.17078224999841,8:5=71;17:34=32;17:33=29;9:5=28;17:32=25,nan,nan,0
728,1691509905.268925,427,427,427,427,0.9999998983392264,1.0000000013049075,1.0000000022183015,1.0000000617160771,1.000000087703995,18.27095123949096,202.36743887621694,206.3616109986833,0.09028602299338699,0.08853851814331658,0.9806447909418006,11.29451927782785,8.445262968540192,204.51666682958603,207.30296570062637,0.019778133415784993,0.47896174901542393,0.4854870391115372,13,214,215,0.03044496487119438,0.5011709601873536,0.5035128805620609,1,False,0.8273491609620383,-0.5413903117230964,0.14963253732988552,0.35028386197222305,0.44865739775061036,0.5223167204958089,0.3220881420468914,0.3956655563049478,0.48684967228754944,90,3.537327613402503,34.374933223731865,8:5=69;17:34=36;8:6=32;17:33=28;9:5=26,nan,nan,0
729,1691509905.367263,425,425,425,425,0.9999998971398296,1.000000004618814,1.0000000062537133,1.0000000603659263,1.0000000937520872,17.230872085565302,197.2645257584886,210.50460608193814,0.08734906602853215,0.08185508339355885,0.9371031324687694,12.216712249769568,6.367204010486603,194.75237327814102,204.87182319164276,0.014981656495262594,0.4582408783015083,0.48205134868621824,9,214,221,0.021176470588235293,0.5035294117647059,0.52,1,False,0.8181498603495209,-0.5569011687539985,0.143149901328956,0.351907680687496,0.4392502310587769,0.5305628616225257,0.3062069460934589,0.36104198002553806,0.7236746739160484,88,3.519376206065481,33.763360514005434,8:5=69;17:34=35;17:33=28;9:5=23;8:6=22,nan,nan,0
730,1691509905.4658408,410,410,410,410,0.9999998983392264,0.9999999991425782,0.9999999969362114,1.0000000612192386,1.0000001036859665,15.254251715637988,181.9422088414457,212.8035387398305,0.08384119228172815,0.0716823216661239,0.8549773651268306,13.950441011909726,6.39553689956665,185.15174907445908,213.23418086767197,0.015598870486747927,0.4515896318889246,0.5200833679699316,10,194,220,0.024390243902439025,0.47317073170731705,0.5365853658536586,1,False,0.8350139505898965,-0.5335562947254572,0.13442240393288227,0.3265101319814167,0.42741486655697053,0.5563340182174381,0.2658294470898828,0.22989565286404995,0.9173282183372753,83,3.513636367821647,33.57011940298549,8:5=67;17:33=35;17:34=32;8:6=23;16:33=18,nan,nan,0
731,1691509905.5642254,393,393,393,393,0.9999998994568668,1.0000000024428188,1.000000003735589,1.0000000579615747,1.0000000943188279,16.776348483792543,186.42457689437714,189.79907654188614,0.0899900043399189,0.08839004272020377,0.9822206740465131,11.313491533944294,9.529095530509949,261.04482144117355,264.0568050146103,0.02424706241860038,0.6642361868732152,0.6719002672127489,15,375,375,0.03816793893129771,0.9541984732824428,0.9541984732824428,1,False,0.8387219468139838,-0.5218408178209821,0.15565235876301275,0.3435381993426728,0.46050632653023177,0.5166014027681938,0.3030420814989147,0.47566121580446735,0.49589693994443246,84,3.4674029836461013,32.05339107834084,8:5=62;17:34=33;17:33=31;9:5=26;8:6=23,nan,nan,0
732,1691509905.6629577,389,389,389,389,0.9999998960861948,1.00000000270679,1.0000000056250793,1.0000000649949226,1.0000001012249948,15.711399961000511,178.87306243289922,194.41553971198317,0.08783547252619069,0.08081349867544621,0.920055375706544,12.374170360029627,7.823732435703278,255.22524815797806,268.49797040224075,0.020112422713890174,0.6561060363958304,0.6902261449929068,12,370,377,0.030848329048843187,0.9511568123393316,0.9691516709511568,1,False,0.8443257536087768,-0.5166222670026355,0.14218106424566238,0.33436091811217805,0.4593453157707055,0.5188209175267612,0.2713021978471509,0.5182047158914388,0.4263555944004342,75,3.343613793247628,28.32128928098079,8:5=73;17:33=36;17:34=30;9:5=27;16:33=24,nan,nan,0
733,1691509905.7628872,408,408,408,408,0.9999998978018455,0.999999999877082,0.9999999985850816,1.0000000635774242,1.000000099170788,18.1740298918858,189.66257660495097,200.1633934028625,0.09582296211097337,0.09079597214515397,0.9475387751007155,11.013704422937584,11.784909009933472,180.77382850646973,196.76850593090057,0.028884580906699684,0.4430731090844846,0.48227574983063864,18,200,222,0.04411764705882353,0.49019607843137253,0.5441176470588235,1,False,0.8501362837118084,-0.5107839244479176,0.1279378038042695,0.33418163785128774,0.46766215864036154,0.503464767739127,0.285091131140746,0.5303109921809361,0.25153547201181475,81,3.4350268064601988,31.032244419003394,8:5=60;9:5=33;17:34=32;8:6=29;17:33=27,nan,nan,0
734,1691509905.863341,415,415,415,415,0.9999998939003258,0.9999999996361184,0.9999999985452068,1.0000000562140134,1.0000001197305843,16.370922773854176,193.7186155505718,204.91046137355247,0.08450877437527636,0.07989305506471887,0.9453817743225033,12.516732514358491,6.9587631821632385,273.92528891563416,284.5803427696228,0.016768104053405394,0.6600609371461064,0.6857357657099344,11,395,401,0.02650602409638554,0.9518072289156626,0.9662650602409638,1,False,0.8399678454569882,-0.5270557699616705,0.12909776895227948,0.33806945752506085,0.459493786026014,0.5211645209016328,0.2795973680574752,0.45785868311307626,0.5046108399778153,84,3.4337027544322924,30.991183302376033,8:5=72;17:34=34;9:5=26;8:6=23;17:33=21,nan,nan,0
735,1691509905.9643564,410,410,410,410,0.9999998882364691,0.9999999993922118,0.9999999989938838,1.0000000510434794,1.000000126499585,15.700272479523035,189.418718944971,204.88100807711993,0.0828865941390101,0.07663117546558168,0.9245303931424981,13.049519257983228,7.767897129058838,183.78913229703903,197.4226229786873,0.018946090558680094,0.44826617633424154,0.4815185926309446,13,203,215,0.03170731707317073,0.4951219512195122,0.524390243902439,1,False,0.840249442199574,-0.5231995340938974,0.14227832725764505,0.3352930760723075,0.44627832934121375,0.530740519804003,0.2781101112585318,0.38478621135298235,0.7496335014756037,78,3.4182815219701,30.516927265394195,8:5=63;17:34=40;9:5=29;17:33=28;8:7=22,nan,nan,0
736,1691509906.0647752,423,423,423,423,0.9999999030254987,0.9999999994378672,0.9999999992667227,1.000000059586802,1.000000094553899,15.684769184907315,199.0027557602995,208.31247457922902,0.07881684414360449,0.07529443071803082,0.955308875103451,13.281194777139461,7.163945138454437,192.1886723637581,209.54214239120483,0.01693604051644075,0.45434674317673307,0.49537149501466865,10,230,253,0.02364066193853428,0.5437352245862884,0.5981087470449172,1,False,0.8338290303219381,-0.5340988569957186,0.13952619520449663,0.3414075913984686,0.44966508886104506,0.5238454680086952,0.29111856200238545,0.4448255217789656,0.5046108399778153,80,3.3857718824152334,29.5407859313714,8:5=80;17:33=38;17:34=32;9:5=30;16:34=20,nan,nan,0
737,1691509906.1656475,417,417,417,417,0.999999911079492,0.999999997258679,0.9999999971071608,1.0000000582047435,1.0000001112408696,16.641510976581152,194.695362984506,205.6631237526514,0.08547461388644112,0.08091635813426476,0.9466712331893967,12.358440531155605,7.7321707010269165,197.57726472616196,210.1288428902626,0.018542375781839128,0.4738063902306042,0.5039060980581836,11,246,261,0.026378896882494004,0.5899280575539568,0.6258992805755396,1,False,0.8414768748111647,-0.5218234755914882,0.14006044937688303,0.3426992208605483,0.46523096442223777,0.5115860965091126,0.29451312596560636,0.5781085465496306,0.35698174205172317,84,3.361290690659592,28.826372809030744,8:5=85;17:34=38;17:33=30;9:5=24;8:6=22,nan,nan,0
738,1691509906.2666273,410,410,410,410,0.9999999101456216,0.9999999998347345,0.999999998607318,1.0000000596395837,1.000000093562563,18.538363843926746,188.4803517613863,202.98128425916946,0.09835701000492654,0.09133040965617645,0.9285602485435644,10.949255606808423,9.67324823141098,180.79866498708725,197.2520131468773,0.023593288369295074,0.44097235362704207,0.4811024710899446,14,213,231,0.03414634146341464,0.5195121951219512,0.5634146341463414,1,False,0.8420904802022302,-0.5183241921071163,0.14907600420350142,0.3343961458323835,0.4535564859995245,0.5223131567025133,0.2966424478100963,0.4531380197107382,0.7099867736737201,83,3.4957970897942308,32.976562761548635,8:5=68;17:34=39;17:33=30;9:5=26;17:32=20,nan,nan,0
739,1691509906.367369,431,431,431,431,0.9999998978018455,1.0000000021825572,1.0000000027762819,1.0000000616391698,1.0000001066533153,17.775286311184832,195.96793015758965,217.25678541259006,0.09070507759555684,0.08181694430131595,0.9020106312694861,12.222407088648946,10.269202411174774,193.69452553987503,217.94434785842896,0.02382645571038231,0.4494072518326567,0.5056713407388143,15,205,234,0.03480278422273782,0.4756380510440835,0.54292343387471,1,False,0.8427487949354802,-0.5208340084501534,0.13603824563901692,0.34553872496348464,0.4767361382160781,0.4969792688364011,0.297485364982613,0.6597903993569966,0.22650347922028785,81,3.3767822876556415,29.27641630524007,8:5=83;17:34=29;17:33=26;9:5=25;8:7=23,nan,nan,0
740,1691509906.4679031,424,424,424,424,0.999999903622964,1.0000000002546767,0.9999999998681184,1.0000000643613454,1.0000001031911936,16.821818562200672,195.7283334519216,211.44984820184393,0.08594472892874631,0.07955464950792042,0.9256489664872446,12.569975560013503,11.073264837265015,195.2940934896469,209.00327467918396,0.02611619065392692,0.46059927709822385,0.49293225160184895,18,208,219,0.04245283018867924,0.49056603773584906,0.5165094339622641,1,False,0.8392018646876126,-0.5274552053705429,0.1324055762887362,0.3295988771646172,0.4412548608624735,0.5322093141805125,0.27561758152013816,0.31038031807015204,0.7649496118129819,80,3.363296476973872,28.884250378715702,8:5=75;17:34=41;17:33=38;9:5=27;8:6=27,nan,nan,0
741,1691509906.5677059,434,434,434,434,0.9999998872981763,1.0000000019382151,1.0000000020649362,1.0000000644043778,1.0000001070287896,16.307497216631933,204.6683182632582,213.02418620248096,0.0796776821884867,0.07655232726077191,0.960775027060634,13.062960144811104,6.53866171836853,290.40050315856934,297.79668605327606,0.01506604082573394,0.6691255833146759,0.6861674793854288,9,419,422,0.020737327188940093,0.9654377880184332,0.9723502304147466,1,False,0.8465912428564556,-0.515262566417288,0.1333707432978903,0.3344803436289564,0.46038162772228053,0.5163809452513625,0.293870008736133,0.5082844435378838,0.4988263194713023,81,3.3057825974474313,27.269874574375947,8:5=84;17:34=40;17:33=39;9:5=28;8:7=24,nan,nan,0
742,1691509906.666991,429,429,429,429,0.9999998617901222,1.0000000009965495,1.0000000001412173,1.000000057763993,1.0000001197305843,19.12096571330324,199.54941882983968,210.32961631189676,0.09582070359026262,0.09090952595543583,0.9487461743567717,10.999947359644175,11.754481554031372,256.4362231492996,261.4710348248482,0.02739972390217103,0.5977534339144513,0.6094895916663128,17,364,360,0.039627039627039624,0.8484848484848485,0.8391608391608392,1,False,0.8393709956418051,-0.5282991477467459,0.12789191594994118,0.33946557621624773,0.4529723981793631,0.5231687543514855,0.27966637871987315,0.48977757894652224,0.591146182213217,93,3.4877357143124135,32.71179493729511,8:5=70;17:34=36;17:33=31;9:5=28;16:33=21,nan,nan,0
743,1691509906.7665231,437,437,437,437,0.9999999045068013,0.9999999980171038,0.9999999966749568,1.0000000632796129,1.0000001036859665,17.578569631201837,200.1668515573045,219.25457707844268,0.08781958398426115,0.08017424249671538,0.912942636019365,12.472833778765898,9.415163695812225,200.1221289038658,217.4959053993225,0.021544997015588617,0.4579453750660545,0.49770230068494853,15,213,229,0.034324942791762014,0.4874141876430206,0.5240274599542334,1,False,0.8376580480097143,-0.5343871932083397,0.11295717037650826,0.3322118554821668,0.4399912929087577,0.5384434002852426,0.2713645909495755,0.3149778214197964,0.8035594185838107,96,3.4864013683138984,32.66817519300391,8:5=78;17:34=40;17:33=36;9:5=25;8:6=24,nan,nan,0
744,1691509906.8658504,413,413,413,413,0.9999998978018455,1.0000000041869952,1.0000000081783902,1.0000000595305605,1.0000000906490272,19.88898876185019,192.6992791932957,200.4117355033123,0.10321257476993281,0.09924063933632009,0.9615169426548421,10.076517107180909,11.808549106121063,187.17443561553955,193.64375746250153,0.028592128586249547,0.45320686589719017,0.4688710834443136,17,218,222,0.04116222760290557,0.5278450363196125,0.5375302663438256,1,False,0.8264822263610341,-0.5439112925814766,0.14521582321378043,0.34751507455017816,0.4480811528018372,0.5220492712126864,0.3116214157641704,0.49741207644103713,0.4868697275287404,91,3.580086632489098,35.87664879582183,8:5=68;17:34=31;17:33=31;9:5=27;8:6=20,nan,nan,0
745,1691509906.9662094,422,422,422,422,0.9999998742251407,1.000000000458795,1.0000000014294148,1.0000000562019669,1.0000001036859665,17.170656058890053,195.06485035944036,209.76449396889285,0.08802537221467722,0.08185682778819749,0.9299231088573436,12.216451907805116,9.290906548500061,193.46601659059525,207.39598262310028,0.02201636622867313,0.4584502762810314,0.4914596744623229,14,206,219,0.03317535545023697,0.4881516587677725,0.518957345971564,1,False,0.8419688996157798,-0.5221771884800973,0.13571792774285257,0.33270548792485666,0.4485124546071315,0.5333737708331793,0.2833815711632076,0.40641184257341323,0.7214004117581897,85,3.4608523277560295,31.844106567070007,8:5=66;17:34=37;17:33=34;9:5=28;8:6=27,nan,nan,0
746,1691509907.066018,419,419,419,419,0.9999998742251407,1.0000000014276509,1.0000000036062604,1.0000000620105218,1.0000001036859665,19.058420379338358,195.2381746212099,204.70340619582367,0.09761625981350436,0.09310260504950593,0.9537612404672977,10.740838019175348,9.319535911083221,189.27866160869598,201.6448559165001,0.02224232914339671,0.45173904918543195,0.48125263941885466,12,224,238,0.028639618138424822,0.5346062052505967,0.568019093078759,1,False,0.8521609105053883,-0.5054322656960643,0.13549910479398292,0.32889540460625605,0.4583202676523351,0.5215348105157064,0.27027301937496045,0.48079720558500544,0.43368568916270445,85,3.464806256498385,31.970265141948985,8:5=70;17:34=46;8:6=30;17:33=26;9:5=25,nan,nan,0
747,1691509907.1661263,413,413,413,413,0.9999999053724712,0.9999999982401806,0.999999998636416,1.000000054432735,1.0000001036859665,18.246425871194205,183.74895287320444,211.00461980199069,0.0993008427307072,0.0864740586642931,0.8708290512579142,11.564161731811026,9.373936891555786,186.1699948310852,211.46382230520248,0.022697183756793672,0.45077480588640484,0.5120189402063015,13,197,220,0.031476997578692496,0.47699757869249393,0.5326876513317191,1,False,0.8432986423094694,-0.5222871311950037,0.12674207062810125,0.328606993912014,0.4331190826452568,0.5461378026410866,0.2796663787394363,0.20771724844414588,0.8602977431510312,90,3.595822638397763,36.44566926621996,8:5=58;17:34=34;17:33=33;9:5=30;8:6=20,nan,nan,0
748,1691509907.2651088,433,433,433,433,0.9999998938542779,1.0000000021067381,1.0000000028213418,1.000000057817097,1.0000001018838387,16.652756754466676,196.5271956080037,219.82004946196477,0.084735126367358,0.07575631429083125,0.8940367181657313,13.200219801625558,8.914830565452576,197.39374989271164,219.5476155281067,0.020588523245848905,0.4558747110686181,0.5070383730441264,13,206,227,0.03002309468822171,0.47575057736720555,0.5242494226327945,1,False,0.8251827496710188,-0.5486965434457466,0.13418469680282782,0.3412018730296281,0.43003054217026004,0.5423142535121867,0.29785760358038904,0.26298484393488586,0.8498458507769345,89,3.5174791579633515,33.699370510268956,8:5=71;17:33=36;9:5=34;17:34=30;8:6=20,nan,nan,0
749,1691509907.3644605,437,437,437,437,0.999999917732047,1.0000000044253767,1.0000000041193642,1.0000000628366053,1.0000001012249948,17.85094211047606,205.63314254918865,213.5159192081148,0.08680965475303189,0.08360473624955653,0.9630810822529687,11.961044850557787,8.472224354743958,290.2614345550537,297.16422015428543,0.01938724108637061,0.6642138090504661,0.680009657103628,12,419,422,0.02745995423340961,0.9588100686498856,0.965675057208238,1,False,0.8407485472491769,-0.5245609624606654,0.13408085978520096,0.3359446628408673,0.4569558563340027,0.5156145711709273,0.2831469326669337,0.4794771450968829,0.3164416508325929,85,3.461905955521115,31.877676083685248,8:5=70;17:34=34;17:33=34;8:6=27;8:7=25,nan,nan,0
750,1691509907.4645345,411,411,411,411,0.9999999088670374,0.999999998196447,0.9999999992559978,1.0000000565371465,1.0000000831670213,17.042292820708138,188.54157868579588,205.41612701097552,0.09039010354903775,0.08296472661952953,0.9178518815892288,12.053315194852996,9.231723070144653,190.59310978651047,206.97098791599274,0.022461613309354388,0.4637301941277627,0.5035790460243132,14,199,215,0.0340632603406326,0.48418491484184917,0.5231143552311436,1,False,0.8407015242103155,-0.5281001263134035,0.1197130058858243,0.32638901629017353,0.4388246939343533,0.5341846936355601,0.2679828626629722,0.35378685038398383,0.7034868926643503,83,3.459383508722159,31.79736767112068,8:5=62;17:34=38;17:33=37;9:5=29;8:6=21,nan,nan,0
751,1691509907.5656564,427,427,427,427,0.9999998917298535,0.9999999995964964,1.0000000005754788,1.0000000550403083,1.00000008465043,16.014583224828023,200.207086397047,210.7783300335331,0.07999009182456308,0.0759783191292968,0.9498466297042759,13.16164942130716,6.815172910690308,199.35360646247864,205.85494339466095,0.015960592296698613,0.46687027274585163,0.48209588617016613,10,215,218,0.0234192037470726,0.5035128805620609,0.5105386416861827,1,False,0.8382013017804817,-0.5281744783921816,0.1358318742735024,0.3349011888223225,0.447892805663263,0.5282810587277202,0.2725198782399382,0.44484065970284936,0.6429574041289361,84,3.3186703612286426,27.623596724061333,8:5=81;17:33=47;17:34=39;8:6=27;9:5=26,nan,nan,0
752,1691509907.6670024,397,397,397,397,0.9999999097356117,1.0000000009112147,0.9999999994526506,1.0000000572056207,1.0000001075678384,18.221285335678253,183.57846274589886,195.20025264192756,0.09925611677498,0.09334662782995014,0.9404622189841755,10.712759777693345,10.857603907585144,179.36826169490814,188.8371360898018,0.02734912823069306,0.45180922341286683,0.47566029241763674,15,199,206,0.037783375314861464,0.5012594458438288,0.5188916876574308,1,False,0.854707262656784,-0.5006557151151795,0.13718363635745956,0.324783901239268,0.4572862944130988,0.5251177866808376,0.25617544298588124,0.43452198181561363,0.557694245210026,81,3.477172223205473,32.36806288396683,8:5=64;17:34=38;17:33=31;9:5=22;8:6=22,nan,nan,0
753,1691509907.7678013,386,386,386,386,0.9999999022230475,1.000000000314592,0.9999999999373675,1.000000057763502,1.0000001012249948,18.261805242926613,170.47718952247223,197.26100547746634,0.1071216934892005,0.09257686382934263,0.8642214365167388,10.801834914643607,10.116439163684845,172.31448352336884,198.30502688884735,0.026208391615763847,0.44641057907608506,0.5137435929762885,13,180,205,0.03367875647668394,0.46632124352331605,0.5310880829015544,1,False,0.8411652621903244,-0.5202034090496583,0.1477478084351735,0.329285717863476,0.43335360320890093,0.5429421816003318,0.28820354165283096,0.27456425324309836,0.8755002258475019,79,3.457989534767156,31.753073848139792,8:5=65;17:34=44;17:33=24;8:6=24;9:5=17,nan,nan,0
754,1691509907.8679147,402,402,402,402,0.9999998742251407,0.9999999985281135,1.0000000005065872,1.0000000583269277,1.000000099238535,16.62197765337823,187.15257552495805,198.22544563826702,0.08881511572445114,0.08385390482971068,0.9441400165470413,11.925503076222697,7.779226362705231,182.86087501049042,194.09425842761993,0.01935130935996326,0.45487779853355825,0.482821538377164,12,198,208,0.029850746268656716,0.4925373134328358,0.5174129353233831,1,False,0.8415908081107435,-0.5207446185855571,0.1433525511377038,0.3348169604500685,0.44930880632766157,0.5251142849603018,0.2914864924455911,0.4046699479272413,0.6737295363384155,79,3.427483834925767,30.79904967900531,8:5=65;17:34=39;17:33=32;8:6=23;8:7=21,nan,nan,0
755,1691509907.9675899,376,376,376,376,0.9999998742251407,1.0000000013182442,1.000000005431357,1.000000057804255,1.0000000924309813,15.731630903212737,177.13071479522566,183.13765529288133,0.08881368158763149,0.08590058051171433,0.967199861284403,11.641364866720886,8.965271770954132,171.93092209100723,177.4329354763031,0.023843807901473755,0.4572630906675724,0.4718961049901678,13,186,191,0.034574468085106384,0.4946808510638298,0.5079787234042553,1,False,0.8454985287185985,-0.5180049908946548,0.12962664596028703,0.3338014165761004,0.4556730922930719,0.5229652104136993,0.2873770406249253,0.4745767518834263,0.5750742234341613,79,3.4229803002302654,30.66065695231524,8:5=61;17:34=38;8:6=28;17:33=27;9:5=23,nan,nan,0
756,1691509908.0676165,374,374,374,374,0.9999998872981763,0.9999999982380745,0.9999999984045949,1.0000000575486574,1.0000000927545256,17.033372588749238,175.0448176540725,181.92180843925817,0.09730863682243351,0.0936301850497298,0.962198095741326,10.680316390156337,9.113836586475372,236.09149634838104,239.3719540834427,0.024368547022661422,0.6312606854234787,0.6400319627899537,12,340,338,0.03208556149732621,0.9090909090909091,0.9037433155080213,1,False,0.8378811512436057,-0.5262978540153791,0.1447955291074162,0.3419711524511297,0.4549428561312166,0.5164358303417531,0.3062918320993363,0.49809795762284037,0.38732874452016,79,3.4507271031656828,31.52330467253255,8:5=57;17:33=39;17:34=31;8:6=26;9:5=20,nan,nan,0
757,1691509908.1676028,368,368,368,368,0.9999999024593468,1.000000001093925,1.0000000025299145,1.0000000521868706,1.0000000915447218,18.712567449060497,158.52511548393363,190.76231787213476,0.11804165789084063,0.09809362592041507,0.8310085411637257,10.194342299175647,10.96546620130539,159.3575147986412,192.0488117337227,0.029797462503547253,0.43303672499630763,0.5218717710155508,15,168,201,0.04076086956521739,0.45652173913043476,0.5461956521739131,1,False,0.8443247504236548,-0.5173690843915687,0.1394451373761839,0.32459717351390294,0.426541517698685,0.5526472370898775,0.260827092561572,0.18913000625510396,0.8630088318039463,84,3.480700990928043,32.48248402359312,8:5=62;17:33=36;17:34=29;16:33=18;8:7=18,nan,nan,0
758,1691509908.2676346,395,395,395,395,0.9999999163298458,1.000000002138691,1.000000001603502,1.0000000604556099,1.0000001112408696,17.15906997130786,177.90075863542793,199.9401730828304,0.09645304552338614,0.08582102189238014,0.8897699541438725,11.65215675541598,7.939551532268524,180.91920191049576,201.9956556558609,0.0201001304614393,0.4580232959759386,0.5113814067236985,11,188,208,0.027848101265822784,0.4759493670886076,0.5265822784810127,1,False,0.8509072890914979,-0.5081539250970523,0.13317797783198862,0.3203673237455228,0.4372515471979171,0.5412556151138128,0.25612217476622406,0.2445027713720183,0.8616226954913394,84,3.436982602281371,31.092996542969335,8:5=65;17:34=39;17:33=33;8:6=23;16:34=18,nan,nan,0
759,1691509908.3672433,390,390,390,390,0.999999904485037,0.9999999970574953,0.9999999993687345,1.0000000544326662,1.0000001112408696,16.239616997665795,178.00095878877073,195.75942191841,0.09123331193365616,0.08295701345314688,0.9092842482082892,12.054435886421922,6.649207174777985,178.9399766921997,198.69000738859177,0.017049249166097395,0.4588204530569223,0.5094615574066456,9,185,207,0.023076923076923078,0.47435897435897434,0.5307692307692308,1,False,0.8455805482337931,-0.5176071425753188,0.1306766329672279,0.34425811303519754,0.4757155528826652,0.4939895267594142,0.3123930449767858,0.6016264467554924,0.18820801729385006,77,3.3987681163351224,29.927210488503476,8:5=69;17:34=30;17:33=30;8:6=29;8:7=22,nan,nan,0
760,1691509908.4666874,375,375,375,375,0.99999990296759,0.9999999991954698,0.9999999986499147,1.0000000577646153,1.000000092758526,17.963351621525927,171.60068386818824,185.4359639068884,0.10468111907598299,0.09687091566847159,0.9253905243232798,10.323015872198143,9.369270205497742,167.31803703308105,179.59149420261383,0.02498472054799398,0.44618143208821615,0.47891065120697024,13,190,201,0.034666666666666665,0.5066666666666667,0.536,1,False,0.8413761711038416,-0.523151033812368,0.13564340942224162,0.3366920727700484,0.4476620585516899,0.5309700312957741,0.2796532608676489,0.31527388668701106,0.6903049928812846,79,3.438747517217632,31.147921491655033,8:5=65;17:33=36;17:34=28;9:5=21;8:6=20,nan,nan,0
761,1691509908.565838,373,373,373,373,0.9999998742251407,1.00000000054274,0.9999999996499784,1.000000058585007,1.0000001084681398,15.685160145043096,172.92146728854513,184.39337297129603,0.0907068416142345,0.08506357843719664,0.9377856942584553,11.755912675814724,7.953565359115601,167.51937597990036,177.72475999593735,0.02132323152577909,0.44911360852520205,0.476473887388572,12,187,196,0.032171581769437,0.5013404825737265,0.5254691689008043,1,False,0.8391088817755413,-0.5309721847497192,0.11817285452890879,0.33572896409060826,0.4465854861698808,0.5297611187202099,0.2812738356705189,0.413853152807061,0.7034951175216398,81,3.4321590128325132,30.943377832625867,8:5=65;17:33=33;17:34=31;9:5=21;8:7=18,nan,nan,0
762,1691509908.6654966,366,366,366,366,0.9999998742251407,0.9999999992973219,1.000000001253507,1.0000000566922325,1.000000124318046,17.54558254149614,167.27616687563028,181.1782500685134,0.1048899127066994,0.09684154988173911,0.9232684762788802,10.326146176111177,10.10082894563675,165.07472932338715,176.52641302347183,0.02759789329408948,0.4510238506103474,0.4823126038892673,14,184,193,0.03825136612021858,0.5027322404371585,0.5273224043715847,1,False,0.848447950606151,-0.5116293521045485,0.1355414371227581,0.3264061329175151,0.44893545543139785,0.5292402382994136,0.25980522328427813,0.36853757545394233,0.6286481441305207,85,3.55090453506694,34.844821600205364,8:5=52;17:33=35;17:34=32;9:5=24;8:6=23,nan,nan,0
763,1691509908.7653913,390,390,390,390,0.9999998872981763,0.999999999400083,0.999999998668367,1.00000005955193,1.0000001242859984,15.771922535974213,179.11019332458685,195.1178836715038,0.0880570906837895,0.08083278805200388,0.9179588767277368,12.371217473739106,6.29858660697937,169.9804298877716,191.4913136959076,0.01615022206917787,0.4358472561224913,0.4910033684510451,8,186,213,0.020512820512820513,0.47692307692307695,0.5461538461538461,1,False,0.8442718209525384,-0.5215283730647459,0.12334199785119637,0.3359832113854221,0.4712000824547438,0.5002083710317548,0.2995028848984108,0.5497887341723999,0.24936232821710513,77,3.415974345003716,30.446600473096495,8:5=70;17:33=35;8:6=28;17:34=25;9:5=23,nan,nan,0
764,1691509908.865362,366,366,366,366,0.9999999051714219,1.0000000033618794,1.0000000020394253,1.0000000636776625,1.0000001118842108,18.932725400002607,169.87648232043145,177.190794740462,0.11144994964217907,0.1068493734549477,0.9587206974789854,9.358969244884184,12.638806700706482,234.3321425318718,240.33116978406906,0.03453225874509968,0.6402517555515623,0.6566425403936313,17,337,340,0.04644808743169399,0.9207650273224044,0.9289617486338798,1,False,0.8289729757899332,-0.543063607830862,0.1337375162761384,0.35039593195813695,0.45191236972812426,0.5153990198708438,0.3105393675925205,0.48950001737035076,0.4775885440320129,83,3.495609297010466,32.97037058247012,8:5=66;17:34=28;17:33=28;9:5=20;8:6=19,nan,nan,0
765,1691509908.9652386,381,381,381,381,0.9999998749671015,1.000000000593223,1.0000000031058676,1.0000000594453888,1.0000001070287896,16.04173971329979,177.21557648679214,187.74268425194413,0.09052104804396457,0.08544535185068695,0.9439280001396754,11.70338676523292,9.359045147895813,247.90703332424164,255.90860748291016,0.024564422960356463,0.6506746281476159,0.6716761351257484,14,359,362,0.03674540682414698,0.9422572178477691,0.9501312335958005,1,False,0.8456984341827721,-0.5210437263670877,0.11535854382882489,0.3317043777087608,0.4587160987349663,0.5200268450320692,0.2889084266109732,0.48784617982792566,0.551488322922099,82,3.4128502828865637,30.351631823182466,8:5=68;17:34=35;17:33=33;8:6=22;9:5=21,nan,nan,0
766,1691509909.065316,385,385,385,385,0.9999998995533875,0.9999999987217941,0.9999999975151788,1.000000057505014,1.000000100578234,18.728964427826682,177.30003322178484,188.9710013661701,0.10563429734047819,0.0991102565601347,0.9382393697445125,10.089773094202966,9.62912905216217,175.9916713833809,185.22965562343597,0.025010724810810833,0.4571212243724179,0.4811159886323012,14,191,198,0.03636363636363636,0.4961038961038961,0.5142857142857142,1,False,0.8431566025709469,-0.5224670990977351,0.12694516100039513,0.3335545460630126,0.45130428958128777,0.5302310208245945,0.2682670891723661,0.39920262160236986,0.6221453980435432,84,3.52426446765212,33.92880869979753,8:5=63;17:34=33;17:33=28;8:7=22;8:6=20,nan,nan,0
767,1691509909.1657612,387,387,387,387,0.9999998987232,0.9999999968069525,0.9999999958981256,1.000000057156588,1.00000008465043,18.85106778765218,178.52902818739489,189.61990155353442,0.10559105137717412,0.09941502781726766,0.941509971921337,10.058841424236943,11.167418420314789,248.09904742240906,258.34880977869034,0.028856378347066638,0.641082809877026,0.6675679839242644,16,359,365,0.041343669250646,0.9276485788113695,0.9431524547803618,1,False,0.849321406169929,-0.5119736767682176,0.12859278097143423,0.3327187779680963,0.46052611639395286,0.5195103178787464,0.2746954658313173,0.46833403498922965,0.4792086236372473,76,3.498795928227306,33.07560257332332,8:5=56;17:34=34;17:33=27;8:7=27;8:6=24,nan,nan,0
768,1691509909.2663002,388,388,388,388,0.9999999056533931,1.0000000004218284,1.0000000004637866,1.0000000592163394,1.0000000926819563,19.676248891567173,172.5848425071098,195.738908928662,0.11400913664104997,0.10052293128260094,0.881709433508742,9.94797890631235,12.871515154838562,176.85411483049393,197.86679089069366,0.03317400813102722,0.4558095743053967,0.5099659559038496,19,185,204,0.04896907216494845,0.47680412371134023,0.5257731958762887,1,False,0.8475017884974813,-0.5136674235994106,0.1337404068571419,0.3269027600140233,0.43617669754565613,0.5424079131104454,0.266600596683199,0.2571203625877479,0.8209834407744192,83,3.493849576887733,32.91240297624237,8:5=49;17:34=38;17:33=37;8:6=23;16:33=19,nan,nan,0
769,1691509909.3668818,397,397,397,397,0.9999998872981763,1.0000000010782444,1.0000000004212914,1.0000000637371098,1.000000098800196,15.998493175532424,168.08040245042883,212.92110523016487,0.09518357251822254,0.07513812760946487,0.7894022636635113,13.308822455592225,8.033849477767944,172.42123633623123,214.7238233089447,0.020236396669440666,0.4343104189829502,0.5408660536749237,12,180,220,0.030226700251889168,0.4534005037783375,0.5541561712846348,1,False,0.8387300453620782,-0.5225544874045779,0.15319503484207686,0.3176434213956054,0.41337634541165375,0.568091986401579,0.2559194045207955,0.1737437966525806,0.9031381045536259,82,3.4422977082018584,31.2586990861687,8:5=51;17:33=46;17:34=35;16:33=23;9:5=23,nan,nan,0
770,1691509909.4671319,378,378,378,378,0.9999998872981763,0.9999999967093175,0.9999999984970149,1.0000000546528538,1.0000001005914911,15.225293216726904,167.84166997309492,194.93303432242237,0.09071223623530154,0.07810524916748603,0.8610221995286961,12.803236794695282,8.943580210208893,168.9345703125,194.30583387613297,0.023660265106372733,0.44691685267857145,0.5140365975559074,14,178,201,0.037037037037037035,0.4708994708994709,0.5317460317460317,1,False,0.8399602418676577,-0.5264808438803005,0.1314713394953914,0.31835283924106844,0.4282998208708201,0.5481045579816768,0.25132668427874993,0.215890413003308,0.8736671427744851,85,3.4519916258066528,31.56319181879391,8:5=62;17:33=45;17:34=32;8:4=21;8:6=18,nan,nan,0
771,1691509909.567101,396,396,396,396,0.9999999016838529,0.9999999992662246,0.9999999976983226,1.0000000577484047,1.0000001101360996,17.54279312057756,176.06052863259788,202.3966776656746,0.09964069321401256,0.08667530180290467,0.8698785506915305,11.537312004680992,7.892474591732025,179.04891753196716,203.09290939569473,0.01993049139326269,0.4521437311413312,0.5128608823123605,11,187,209,0.027777777777777776,0.4722222222222222,0.5277777777777778,1,False,0.8352241599784138,-0.5305960401833176,0.14445914553996325,0.33129615872077933,0.4305705956836714,0.5442521798039341,0.26504819836786564,0.2042828498060152,0.8732889556651035,89,3.5558818893796516,35.018688964059635,8:5=55;17:33=37;17:34=26;9:5=25;8:6=23,nan,nan,0
772,1691509909.666813,382,382,382,382,0.999999902364531,0.9999999990873694,1.0000000020900068,1.0000000523757373,1.0000001048934326,17.10679311822606,167.53919540132247,197.35401078320183,0.10210621506954562,0.086680747203148,0.8489272386025554,11.536587215340512,9.690978288650513,168.0173586010933,196.0598857998848,0.025369053111650556,0.43983601728034893,0.5132457743452482,14,179,205,0.03664921465968586,0.468586387434555,0.5366492146596858,1,False,0.834108783771367,-0.5331147618543932,0.14160221583147872,0.3255057107189051,0.42719779961128335,0.5499493327329334,0.2525963927894308,0.24062788795051931,0.8669369432697672,85,3.5197036787860725,33.77441890409099,8:5=47;17:33=42;17:34=37;8:6=23;9:5=22,nan,nan,0
773,1691509909.7663555,402,402,402,402,0.9999998879720692,1.0000000025957865,1.0000000028523408,1.0000000591846212,1.000000094523013,20.52564784585758,169.1943474184888,212.28000682266617,0.12131402827004036,0.09669138489808056,0.7970338325824055,10.342183029585,14.463545560836792,172.15848517417908,215.35700768232346,0.03597896905680794,0.42825493824422656,0.535713949458516,21,180,223,0.05223880597014925,0.44776119402985076,0.554726368159204,1,False,0.8360118527483266,-0.5309000655719329,0.1386697603662314,0.32774636764055515,0.4176258889709289,0.5638168211955932,0.270407176471668,0.19578015028749882,0.8950888100056722,88,3.4911559637521483,32.823868986950394,8:5=58;17:33=44;17:34=37;8:6=25;9:5=20,nan,nan,0
774,1691509909.8661978,380,380,380,380,0.999999904485037,1.0000000022321422,1.0000000030550236,1.0000000639624176,1.0000000929086434,16.280162736680428,160.92728221443352,202.79255674531436,0.10116471559488167,0.080279883038935,0.7935561580622551,12.45642073886691,10.996771931648254,161.0876406431198,203.44134443998337,0.028938873504337513,0.42391484379768374,0.5353719590525878,17,171,213,0.04473684210526316,0.45,0.5605263157894737,1,False,0.8290569296409122,-0.5430247695269329,0.1333743119742538,0.32702914466386024,0.41620129600326783,0.5691663346317035,0.2717809973823246,0.18122016516600248,0.9160359373098704,86,3.489841874890245,32.78076383451336,8:5=62;17:33=38;17:34=30;8:6=24;8:4=19,nan,nan,0
775,1691509909.9661653,392,392,392,392,0.9999999121480133,1.0000000018229465,1.000000004220817,1.0000000614189812,1.0000001016555253,18.65611723403936,172.20198236740376,201.14190182774723,0.10833857414158776,0.09275102335472586,0.8561218761612044,10.781552201052323,10.80003446340561,173.4657137989998,200.49860298633575,0.02755110832501431,0.4425145760178566,0.5114760280263667,16,185,210,0.04081632653061224,0.4719387755102041,0.5357142857142857,1,False,0.842052442156399,-0.5260062180755266,0.11943677492433424,0.3250019310390605,0.43190562198439797,0.5540841608322579,0.2684208268798901,0.23399460161662627,0.8242211701678328,90,3.5937992475317304,36.37199998792683,8:5=60;17:34=39;17:33=37;8:6=25;9:5=19,nan,nan,0
776,1691509910.0659454,412,412,412,412,0.9999998987232,1.000000000900288,1.0000000019808435,1.0000000613243025,1.0000001084681398,17.29679823713648,176.56458704345778,218.1386154612433,0.09796300904257332,0.07929269286212005,0.8094146314723815,12.611502572360271,8.61049771308899,179.41909390687943,218.4992671608925,0.020899266293905313,0.43548323763805685,0.5303380270895449,13,189,226,0.03155339805825243,0.4587378640776699,0.5485436893203883,1,False,0.8427870500923095,-0.5201496490306388,0.13839917199899138,0.31683753933678566,0.42190432021155777,0.5623936492487764,0.2565193686845709,0.21830890286586707,0.9242226116401115,87,3.5309763750022665,34.157301674334676,8:5=54;17:34=40;17:33=38;8:6=28;9:5=24,nan,nan,0
777,1691509910.1659327,433,433,433,433,0.9999999060935273,1.000000001828641,1.0000000027072002,1.000000059503926,1.0000001101360996,15.79070035449248,174.48762643432624,242.7216747947847,0.09049753657137284,0.06505682019474832,0.7188794597015339,15.371178563699992,5.022887885570526,176.94864571094513,244.42924785614014,0.011600202968985049,0.40865738039479244,0.5645017271504391,7,184,251,0.016166281755196306,0.42494226327944573,0.5796766743648961,1,False,0.833476400346606,-0.5353171735741553,0.13694018307948166,0.31285630355888133,0.39411303579062007,0.5935014688171688,0.2542192487367649,0.13701758973091083,0.9396742566931031,86,3.5132045076977625,33.555624937077496,8:5=65;17:33=43;17:34=38;8:6=23;16:34=21,nan,nan,0
778,1691509910.2658992,427,427,427,427,0.9999998995533875,0.9999999986299766,0.9999999978242278,1.000000059179723,1.0000001101360996,17.01555107736779,182.27924922854072,227.70519852409157,0.09334881040701339,0.07472623017681135,0.8005054360199655,13.382181834061193,8.40104067325592,185.96491795778275,229.13171356916428,0.019674568321442435,0.4355150303460954,0.5366082284992137,13,193,234,0.03044496487119438,0.4519906323185012,0.5480093676814989,1,False,0.8233872974309732,-0.5488860925436496,0.1440743413709804,0.3320667648147027,0.40907702638147675,0.5654627803730609,0.27433526249144496,0.1650812001794893,0.9295114736126547,83,3.520308532769655,33.7948536753117,8:5=55;17:33=39;17:34=37;9:5=31;16:33=23,nan,nan,0
779,1691509910.3660636,421,421,421,421,0.999999880347727,1.0000000029028937,1.000000004330932,1.0000000635739024,1.0000001023551628,17.69520712607531,177.88951910197133,225.41527621619016,0.09947301682192931,0.07850047886330595,0.7891635477773118,12.738775794493112,10.436590850353241,180.98570215702057,227.99475872516632,0.02479000201984143,0.42989477947035765,0.5415552463780673,15,190,237,0.035629453681710214,0.4513064133016627,0.5629453681710214,1,False,0.8252669347774152,-0.5474351907396167,0.13874148010948084,0.3282025840546059,0.40913996768954525,0.5733007151191236,0.26843485983926857,0.17419690301810728,0.9019188151630678,88,3.506263409232199,33.323518508985934,8:5=65;17:33=36;17:34=35;8:6=25;17:32=23,nan,nan,0
780,1691509910.4666054,428,428,428,428,0.9999998742251407,1.0000000005501357,1.0000000045739075,1.000000060684829,1.0000000976075938,17.28200757279317,189.81578793271206,220.902204965411,0.09104620727818216,0.0782337486196627,0.8592752071552818,12.782207393148834,9.466322362422943,190.7509462237358,220.52396535873413,0.022117575613137718,0.445679780896579,0.5152429097166685,15,203,231,0.035046728971962614,0.4742990654205608,0.5397196261682243,1,False,0.8333029973030545,-0.5377301850293855,0.12826676418311986,0.3292700308551215,0.42749181391790175,0.5508449097502081,0.2741990740181961,0.20738097792162127,0.8410658168975249,94,3.541387249818308,34.5147665987231,8:5=69;17:34=40;17:33=32;9:5=25;8:6=24,nan,nan,0
781,1691509910.5661862,437,437,437,437,0.9999998742251407,1.000000001279092,0.9999999999991732,1.0000000655971277,1.0000001038434427,19.101265812038864,197.5905007410352,220.3082345648524,0.09667097224007364,0.08670245962329656,0.8968820486048162,11.533698171248933,10.115682005882263,199.9602438211441,222.26524299383163,0.023148013743437675,0.45757492865250365,0.5086161166906903,15,207,229,0.034324942791762014,0.47368421052631576,0.5240274599542334,1,False,0.846578955966929,-0.5163561888927614,0.12915245838189587,0.32412735478633936,0.4394021715093856,0.5385395788265082,0.2721580682218835,0.2882778037928546,0.8470045488888814,94,3.605241742734513,36.79057663691894,8:5=61;17:33=38;17:34=27;9:5=27;8:6=22,nan,nan,0
782,1691509910.6659095,437,437,437,437,0.999999881037833,0.999999999432935,1.0000000004200595,1.0000000570142353,1.0000001036859665,16.14273071186862,187.84702414780105,233.01024464471573,0.08593551473654042,0.069279059967867,0.8061749578187961,14.434375992743261,6.380880236625671,191.0188158750534,235.62841492891312,0.014601556605550736,0.437113995137422,0.5391954575032337,10,198,242,0.02288329519450801,0.45308924485125857,0.5537757437070938,1,False,0.8382656098615223,-0.528167141329366,0.13546305084212334,0.3183691474084097,0.4184480027551959,0.5663176975708865,0.25626242318109915,0.18339041777873197,0.932522222246159,88,3.4946946349658665,32.94022762331377,8:5=67;17:33=44;17:34=36;9:5=30;16:33=21,nan,nan,0
783,1691509910.765517,447,447,447,447,0.9999998994568668,1.0000000023975109,1.0000000040812282,1.0000000615933287,1.0000000918229688,18.24539388625661,203.75175269596943,225.00285556114912,0.08954717515231238,0.08108961035518082,0.905551852610136,12.332036072437608,8.283609986305237,208.14725065231323,225.49744307994843,0.018531565964888672,0.4656538045913048,0.5044685527515624,12,217,231,0.026845637583892617,0.4854586129753915,0.5167785234899329,1,False,0.8531048619634285,-0.5015017891376019,0.14390291861579432,0.319259639832365,0.4462137920216794,0.5385262460026482,0.26619886109908036,0.34879164472130064,0.8200948757637907,88,3.4453375363998,31.3538647314058,8:5=71;17:33=43;17:34=40;9:5=26;8:6=25,nan,nan,0
784,1691509910.8653364,441,441,441,441,0.9999999115446778,0.9999999994091976,0.9999999969506563,1.000000061691381,1.000000090205155,19.533859576133384,197.9053764168134,223.5607634859655,0.09870302631391197,0.08737606399058331,0.8852419956475829,11.444781949754248,10.027196705341339,201.87087935209274,226.86968195438385,0.022737407495105076,0.4577570960364915,0.514443723252571,15,210,235,0.034013605442176874,0.47619047619047616,0.5328798185941043,1,False,0.8458906090967669,-0.5135161884634567,0.14411870672422902,0.3318269137517277,0.4410111080518519,0.5460426515961102,0.28942722683257555,0.29867816064510466,0.8216754769455116,99,3.588408506237017,36.17645548408138,8:5=62;17:33=41;8:6=30;17:34=28;9:5=25,nan,nan,0
785,1691509910.9660408,418,418,418,418,0.999999902963573,1.0000000027317362,1.0000000041558068,1.0000000603049983,1.0000001152559563,18.963475440899188,190.83698287283616,208.1995439699961,0.09937002333313696,0.09108317472411005,0.9166061521265287,10.97897611747712,10.331311345100403,192.29430800676346,207.46632742881775,0.024716055849522495,0.4600342296812523,0.49633092686320035,15,206,219,0.03588516746411483,0.49282296650717705,0.5239234449760766,1,False,0.8344205385227156,-0.5352101018458926,0.1315009953330038,0.33592922760280025,0.4374184772309185,0.5352026122718994,0.28440258127559337,0.2981444558182096,0.7566369608327987,94,3.554074671639303,34.95545971983505,8:5=66;17:34=36;17:33=34;8:6=29;9:5=22,nan,nan,0
786,1691509911.0662358,417,417,417,417,0.999999881037833,1.00000000187427,1.0000000030018752,1.000000059149135,1.0000000853852702,16.98056441645314,185.6349347134839,214.38450243320446,0.09147289244161719,0.07920611902319645,0.865897173567021,12.62528719160117,10.72283399105072,189.76807272434235,217.10111206769943,0.025714230194366236,0.45507931108954996,0.5206261680280562,17,199,225,0.0407673860911271,0.47721822541966424,0.539568345323741,1,False,0.8241233254663031,-0.5449692739205544,0.1543672079972479,0.3397831811615102,0.4285770531496625,0.5512014832592065,0.28942798325787694,0.30582140993577456,0.8440045356629143,97,3.5511106745180983,34.85200523299536,8:5=70;17:34=40;17:33=31;9:5=25;8:6=22,nan,nan,0
787,1691509911.1664407,411,411,411,411,0.9999999051160025,0.9999999989396642,0.9999999990615982,1.0000000576381878,1.000000090205155,19.42652655098853,174.78932550779749,216.78414706961797,0.11114252254564537,0.08961230243810173,0.8062827834530987,11.159182085414377,11.26219379901886,177.1608443260193,217.36902803182602,0.027401931384474113,0.4310482830316771,0.5288784137027397,16,185,224,0.038929440389294405,0.45012165450121655,0.5450121654501217,1,False,0.8470971421036959,-0.5170454034272426,0.12284332555947522,0.31546448077330325,0.41960743851964155,0.564974962129537,0.2528581633383053,0.19654298585037444,0.8968517402248141,94,3.6113515703974,37.01604881646283,8:5=60;17:33=43;17:34=38;8:6=21;8:7=16,nan,nan,0
788,1691509911.2659326,380,380,380,380,0.999999901277099,1.0000000011260364,0.9999999978412575,1.000000060976679,1.000000108847289,16.55453653372308,148.55750386649635,214.88796045556842,0.11143520928165357,0.07703798993031999,0.6913253937147076,12.980608669884676,9.598799526691437,150.52453315258026,218.67747670412064,0.02525999875445115,0.39611719250679017,0.5754670439582122,14,157,226,0.03684210526315789,0.4131578947368421,0.5947368421052631,1,False,0.8448484520938017,-0.5192563452884669,0.12885627991049575,0.3098462339274373,0.3954294883640577,0.6030775209143616,0.2569773132075406,0.1721555942089143,0.9402023691128358,94,3.56318419372077,35.2753420274194,8:5=64;17:34=37;17:33=31;16:34=20;8:6=19,nan,nan,0
789,1691509911.3662343,350,350,350,350,0.9999999076023341,1.0000000004613772,0.9999999993496287,1.000000061918085,1.0000001026548404,12.226914395260277,157.05158980458845,180.7214961231153,0.07785285338705342,0.06765611539056081,0.8690255070575452,14.780629869558208,6.722416639328003,160.93031668663025,182.68634802103043,0.019206904683794292,0.4598009048189436,0.5219609943458012,11,168,188,0.03142857142857143,0.48,0.5371428571428571,1,False,0.828967050440779,-0.5401409763844575,0.14512530762744455,0.33204564963172506,0.42963435404688205,0.5507120150935751,0.2728462542567901,0.24504512617957946,0.8846166299080476,72,3.349914810711806,28.500305619598883,8:5=58;17:34=37;17:33=27;9:5=25;16:33=20,nan,nan,0
790,1691509911.4665663,354,354,354,354,0.9999998945833346,1.0000000009061476,0.999999999917736,1.0000000561386901,1.000000094523013,14.917270317128382,160.83390043420437,178.24882989021984,0.09274954022041453,0.08368790037115897,0.9022998946655583,11.949158666485388,7.913921654224396,163.26793736219406,180.44546967744827,0.022355710887639536,0.461208862605068,0.5097329651905318,13,170,187,0.03672316384180791,0.480225988700565,0.5282485875706214,1,False,0.8252757052291099,-0.5454491216601393,0.14630538622613232,0.3440177202022172,0.4325256252764761,0.5387783641445931,0.32021297544064675,0.2663765371743073,0.8241936341772071,84,3.5430213122713887,34.57121198798468,8:5=63;17:34=27;17:33=27;9:5=17;16:33=16,nan,nan,0
791,1691509911.567345,366,366,366,366,0.9999998985336418,1.0000000017424235,1.0000000004585674,1.0000000595553198,1.0000001026548404,15.055114385905089,170.77550215161426,180.16938473793482,0.088157342219607,0.08356089136788411,0.9478608277428242,11.967320879781102,7.924534618854523,238.95602130889893,250.4744549393654,0.02165173393129651,0.6528853041226746,0.6843564342605611,12,345,353,0.03278688524590164,0.9426229508196722,0.9644808743169399,1,False,0.8357336462149653,-0.530590147321053,0.14150395100513088,0.3421919730463778,0.4625293650228527,0.517742107460797,0.29323059911717586,0.5586325486179037,0.4643846282516263,80,3.4184537395158845,30.522183268287698,8:5=65;17:33=33;9:5=23;17:32=19;17:34=18,nan,nan,0
792,1691509911.6681585,387,387,387,387,0.999999898464409,0.9999999995992089,0.9999999994029508,1.0000000634124868,1.0000001060772643,15.764849852179088,181.46314354616285,189.77200629144613,0.08687631848595541,0.08307257830202788,0.9562166048214573,12.037666585528248,8.120163142681122,175.41306287050247,183.27158284187317,0.020982333702018404,0.45326372834755163,0.47356998150354823,12,194,202,0.031007751937984496,0.5012919896640827,0.5219638242894057,1,False,0.8400990211280376,-0.5255855239029803,0.13413982169118469,0.33656077405467383,0.45496065626666726,0.5244233401976163,0.29117905536757355,0.4703170910688576,0.7196536719579435,84,3.441167653784988,31.223395006723216,8:5=64;17:33=41;17:34=27;9:5=25;8:6=23,nan,nan,0
793,1691509911.7694302,378,378,378,378,0.9999999021277574,0.9999999977420516,0.9999999977627074,1.0000000577610126,1.0000000800824616,15.283176343739294,175.0640961600757,187.65272578917615,0.08730046125371482,0.0814439346908801,0.9329152849970136,12.278385171289836,7.4063995480537415,247.59587758779526,259.06373316049576,0.019593649598025772,0.6550155491740616,0.685353791429883,11,358,365,0.0291005291005291,0.9470899470899471,0.9656084656084656,1,False,0.8438898835598787,-0.5199380403172696,0.1323415983594426,0.3308195362210378,0.4608115591017622,0.5211671196011962,0.2758793363188734,0.5338765864160984,0.5614930633706459,87,3.413812006717063,30.380835751607393,8:5=74;17:33=39;17:34=34;8:6=23;9:5=19,nan,nan,0
794,1691509911.870069,389,389,389,389,0.9999999084347586,1.0000000018980784,1.0000000011349393,1.0000000596902232,1.0000001030957144,17.712223335271595,167.2046283544982,204.08314978693528,0.10593141774591967,0.08678924915537281,0.8192965883222667,11.522164435479432,11.508632123470306,169.06654620170593,206.68914210796356,0.029585172553908242,0.4346183706984728,0.5313345555474641,18,178,215,0.04627249357326478,0.45758354755784064,0.5526992287917738,1,False,0.8437783032899935,-0.5184148047071445,0.13886779741002947,0.31696178605760783,0.42425087270527645,0.5585907674981319,0.24178107503366258,0.20869381678851123,0.8791576824879138,93,3.5364410254144882,34.34447032686154,8:5=66;17:33=36;17:34=34;9:5=21;16:34=18,nan,nan,0
795,1691509911.971379,413,413,413,413,0.9999999086743179,1.0000000003301843,0.9999999998262911,1.000000059096584,1.0000001099034508,18.578524056124994,188.46280891506868,205.95866730153872,0.09857925902238601,0.0902051091101918,0.9150516042092328,11.08584657636665,10.378144562244415,187.43439865112305,204.4936884045601,0.025128679327468317,0.4538363163465449,0.4951421026744796,15,199,215,0.03631961259079903,0.48184019370460046,0.5205811138014528,1,False,0.8470998506182726,-0.5093809258565949,0.1515021962084331,0.3316894732048793,0.44769734191498173,0.5346294751656969,0.29785764698929523,0.337190706682642,0.7790411125495665,84,3.486391582744264,32.667855517864844,8:5=58;17:34=36;17:33=34;9:5=32;8:6=20,nan,nan,0
796,1691509912.07221,454,454,454,454,0.9999998986331713,1.00000000067913,1.0000000030386769,1.0000000602982413,1.0000001075678384,19.833247058148753,201.91837595082941,232.2483776076721,0.09822408171001974,0.08539670874107144,0.8694070461578081,11.710053171159876,10.439452528953552,204.66383469104767,233.15142446756363,0.022994388830294168,0.45080139799790236,0.5135493931003604,15,215,242,0.03303964757709251,0.473568281938326,0.5330396475770925,1,False,0.8370343393529159,-0.5283771838100023,0.14209527216990323,0.3327259728605577,0.4329554146177842,0.546445225552529,0.281025894889133,0.28080825726648045,0.8719788212776534,91,3.523955886068877,33.918340509519815,8:5=75;17:33=43;17:34=37;8:7=25;9:5=21,nan,nan,0
797,1691509912.1728706,447,447,447,447,0.9999998997722497,1.0000000014578059,1.0000000028670892,1.0000000613184095,1.000000101406065,17.269397642905577,191.02067833230703,238.70992532806633,0.090405906803781,0.07234469877685948,0.8002209295226476,13.822712885769382,9.548711776733398,194.25465005636215,241.6425810456276,0.02136177131260268,0.4345741611999153,0.5405874296322765,14,202,249,0.03131991051454139,0.4519015659955257,0.5570469798657718,1,False,0.8365355564149858,-0.5294083035211861,0.1411917526496857,0.32446104825393596,0.41688958669567455,0.5696086515984639,0.27548668914810587,0.1848014345009227,0.9069959607982692,94,3.474432446799615,32.27950300150919,8:5=68;17:33=46;17:34=40;8:6=33;9:5=25,nan,nan,0
798,1691509912.273326,449,449,449,449,0.9999998994718763,0.9999999994856754,0.9999999980627017,1.000000060103504,1.0000001036859665,21.15791489549541,196.27664902641166,231.56543561622973,0.10779639351112179,0.09136905444973288,0.8476077118508234,10.944624588953744,11.58518272638321,199.75275945663452,233.31695413589478,0.02580218870018532,0.4448836513510791,0.519636868899543,15,208,240,0.0334075723830735,0.46325167037861914,0.534521158129176,1,False,0.832217256497152,-0.538914260135308,0.13032980553644138,0.3341819427248547,0.42380737135499785,0.5549323940565195,0.2812738356705189,0.23651269185702825,0.8813635993252055,93,3.5684030541250364,35.45992033845392,8:5=62;17:33=46;17:34=36;9:5=33;8:6=22,nan,nan,0
799,1691509912.3727458,437,437,437,437,0.9999998990759507,1.000000004132468,1.000000003499855,1.0000000669418618,1.0000001134720424,18.33999536580276,195.02715808005047,223.63285016592414,0.0940381613840415,0.08200939777942025,0.8720863591165176,12.193724464233828,10.310388505458832,197.86436021327972,224.26318156719208,0.02359356637404767,0.45277885632329457,0.5131880585061603,16,209,232,0.036613272311212815,0.4782608695652174,0.5308924485125858,1,False,0.8263297150224479,-0.5460751744788422,0.1377719343292465,0.33313757870006494,0.4271838232796688,0.5449596046835986,0.2802805992022644,0.2363678566247283,0.8568409595484664,87,3.521071956739008,33.820663327248155,8:5=63;17:33=36;17:34=34;9:5=27;8:6=26,nan,nan,0
800,1691509912.4705763,402,402,402,402,0.9999998987232,0.9999999972648491,0.9999999979049676,1.0000000573856258,1.0000000976779235,17.49132715081016,183.4231625536272,201.0855080965015,0.09536051449170845,0.08698452373015375,0.912165000302269,11.496297928838846,9.09489917755127,183.12252920866013,198.28720605373383,0.022624127307341466,0.45552867962353266,0.4932517563525717,13,194,207,0.03233830845771144,0.48258706467661694,0.5149253731343284,1,False,0.8353732511045774,-0.5316959246264221,0.13946675257789082,0.33613823021309147,0.442532531713925,0.536875019762968,0.2844733722503501,0.4082198087165565,0.7919764812268384,87,3.5097139744014267,33.43870209121248,8:5=66;17:33=35;17:34=28;9:5=23;8:4=20,nan,nan,0
801,1691509912.568656,418,418,418,418,0.9999998997722497,0.9999999987735744,0.9999999983668755,1.000000061197652,1.0000001038091,18.141817613708884,187.14556296733105,212.71261839366838,0.09693960853817196,0.08528792391683,0.8798047073116262,11.724989354591012,8.823097109794617,190.78122401237488,215.59195351600647,0.02110788782247516,0.45641441151285855,0.5157702237225035,12,200,223,0.028708133971291867,0.4784688995215311,0.5334928229665071,1,False,0.8386252708368752,-0.5296211025396741,0.12731513208742082,0.3282708022157958,0.4338907116283632,0.5464726919125389,0.27086573060172553,0.26800441213957155,0.8605906708291551,97,3.5827817037526835,35.97346933154304,8:5=63;17:33=45;17:34=34;9:5=28;8:6=23,nan,nan,0
802,1691509912.6656685,400,400,400,400,0.9999999024552232,0.9999999988108648,0.9999999973314334,1.0000000561418598,1.0000001075678384,16.41499678873133,175.87171657035006,207.7132856896107,0.09333505755693926,0.07902718756883237,0.8467042249437909,12.653873062722926,7.509322226047516,177.04915755987167,208.95981270074844,0.01877330556511879,0.4426228938996792,0.5223995317518711,12,186,218,0.03,0.465,0.545,1,False,0.8278340772586529,-0.54718138840011,0.12362551806905715,0.33296181475699294,0.4235870005419453,0.5570044775246261,0.27105814445316784,0.24882517661795484,0.8860731885432809,90,3.5583038190742697,35.10360455501617,8:5=61;17:34=38;17:33=33;9:5=29;8:6=20,nan,nan,0
803,1691509912.763339,380,380,380,380,0.999999884335344,1.0000000002791842,1.0000000014400197,1.0000000646027765,1.0000001026548404,17.60917148587459,165.79020374371765,196.600624982588,0.10621358251718695,0.08956823757520686,0.8432842151870114,11.164672065366252,10.63899451494217,169.95679265260696,200.11600291728973,0.02799735398668992,0.4472547175068604,0.5266210603086572,15,178,208,0.039473684210526314,0.46842105263157896,0.5473684210526316,1,False,0.8347608018610803,-0.5383658031567176,0.11548448236740752,0.325103217090719,0.4219511848441257,0.5589801188637751,0.253091091855023,0.2877581815938073,0.84747324575365,95,3.603578891298703,36.72945020990236,8:5=55;17:33=36;17:34=35;9:5=24;8:6=19,nan,nan,0
804,1691509912.8601124,382,382,382,382,0.9999999087786315,1.0000000002715257,1.0000000019558988,1.000000064389236,1.0000000852714206,18.615260825468212,178.01282557988145,185.37191380209603,0.1045725821430479,0.10042115034396179,0.960300953519468,9.958061589364464,12.185202598571777,171.8967565894127,178.77451866865158,0.031898436121915646,0.4499915093963683,0.46799612216924497,18,200,206,0.04712041884816754,0.5235602094240838,0.5392670157068062,1,False,0.8467460685763694,-0.5167194172934138,0.12657858879927913,0.3328211536039335,0.45701210539022386,0.5214609909982766,0.2708214979012583,0.5212058727239315,0.5196439537114714,84,3.4862311096852525,32.66261362776086,8:5=59;17:34=35;17:33=26;9:5=26;8:6=18,nan,nan,0
805,1691509912.958141,389,389,389,389,0.9999999088670374,0.9999999980049619,0.9999999962859003,1.0000000566960927,1.0000000838328869,14.525367571836119,172.62140462686682,201.85322624915753,0.08414580800818827,0.07196004662272146,0.8551827871891013,13.896600223772632,6.537169277667999,175.34438282251358,203.92442119121552,0.01680506241045758,0.45075676818126886,0.524227303833459,10,182,210,0.02570694087403599,0.46786632390745503,0.5398457583547558,1,False,0.8440058410820792,-0.5203760988031783,0.12985705993020522,0.31721116930603754,0.42894460108103,0.5507573651103976,0.2522235407765887,0.2504185998568457,0.8885370672761065,86,3.5170895826209567,33.68624462339088,8:5=60;17:34=36;17:33=31;9:5=24;8:7=20,nan,nan,0
806,1691509913.056929,433,433,433,433,0.999999910935332,1.0000000025105125,1.0000000041406105,1.0000000554002368,1.0000000918229688,22.169528153517515,186.37188840794965,224.45858561263705,0.11895317659168966,0.09876890248153362,0.8303174855141602,10.12464424404195,13.258121311664581,187.81418371200562,226.8671184182167,0.030619217809848918,0.43375100164435476,0.5239425367626251,19,197,236,0.04387990762124711,0.45496535796766746,0.5450346420323325,1,False,0.8313384438110438,-0.5412617188996229,0.126143345031188,0.3351658721668746,0.42269576066915554,0.5584715594044262,0.2939697760163313,0.26040661131813164,0.8660870256504848,97,3.6599572394568796,38.85968117473268,8:5=67;17:34=40;17:33=25;9:5=23;8:7=22,nan,nan,0
807,1691509913.155887,436,436,436,436,0.9999999097408745,1.0000000023666673,0.9999999994944648,1.000000062840839,1.0000000976075938,22.15878772174319,173.21037230703072,240.63084203496018,0.12792991220216754,0.09208623273039887,0.7198178373238862,10.85938658092033,15.155812084674835,176.93938076496124,243.6367391347885,0.03476103689145604,0.4058242678095441,0.5587998604008911,21,185,251,0.0481651376146789,0.4243119266055046,0.5756880733944955,1,False,0.8491603944116348,-0.5102213816671376,0.13638462615835406,0.30827289961324306,0.4013443593493526,0.5896596330036714,0.23850351704174247,0.16230617848683387,0.9249890969586088,97,3.6145277647711582,37.13380589313814,8:5=55;17:33=48;17:34=37;9:5=27;17:32=23,nan,nan,0
808,1691509913.2553213,384,384,384,384,0.9999998994568668,0.9999999999534097,1.0000000005202976,1.0000000612657827,1.0000000963290963,17.382997965440012,150.68768576004766,215.9293162387313,0.11535778705315299,0.08050318626592316,0.69785654113519,12.421868579173221,9.080328464508057,154.11234909296036,218.45539951324463,0.0236466887096564,0.40133424242958426,0.5688942695657412,12,161,224,0.03125,0.4192708333333333,0.5833333333333334,1,False,0.8504305746003534,-0.5089723611566469,0.13309760840653934,0.30275454576247557,0.3941217479784796,0.59682645657215,0.23263560511297665,0.151661914145731,0.944478550732899,84,3.4938843756733795,32.91354830782661,8:5=47;17:34=40;17:33=35;9:5=22;16:33=19,nan,nan,0
809,1691509913.356416,347,347,347,347,0.9999998795109483,1.0000000011720647,1.0000000025881643,1.0000000612864024,1.0000000981219817,14.319347668815784,144.71900517659395,187.9616479680034,0.09894586859094659,0.07618228411815882,0.7699390101177948,13.126411364209018,7.558834552764893,147.91725319623947,189.66750073432922,0.021783384878284993,0.4262745048882982,0.5465922211363955,11,155,195,0.03170028818443804,0.44668587896253603,0.5619596541786743,1,False,0.8426338669651956,-0.5241018627071347,0.12363415284698992,0.31351105302958465,0.4103762653368268,0.5785386679543516,0.25297137913993056,0.1844996163407505,0.9234767697436572,86,3.562485755022878,35.250712965412276,8:5=45;17:33=33;17:34=31;9:5=19;17:32=17,nan,nan,0
810,1691509913.459763,350,350,350,350,0.9999999010211225,0.9999999974576896,0.9999999973428586,1.0000000552891797,1.000000088723002,15.185322335895844,134.47808045819167,200.33659542629553,0.11292042750875567,0.07579904362247472,0.6712606859073164,13.192778592044082,7.92997670173645,136.1463881134987,202.16420435905457,0.022657076290675572,0.38898968032428194,0.5776120124544416,11,141,207,0.03142857142857143,0.40285714285714286,0.5914285714285714,1,False,0.8262769910768775,-0.5468477236910178,0.1349959299789961,0.31577460669814394,0.377508741604607,0.6058835993625381,0.24559180296814664,0.12819272800672551,0.9450400164818957,81,3.567605750159688,35.43165927118475,8:5=39;17:33=34;17:34=25;9:5=23;17:32=22,nan,nan,0
811,1691509913.56295,373,373,373,373,0.9999998997722497,1.0000000039171513,1.0000000046558901,1.0000000635723965,1.0000001038091,18.491278757824126,151.38461080579737,203.1241133585735,0.12214767841590932,0.09103438509627662,0.7452813371229797,10.984860269473065,10.75386381149292,152.93751525878906,206.502177298069,0.02883073407906949,0.4100201481468876,0.5536251402093003,15,158,213,0.040214477211796246,0.42359249329758714,0.5710455764075067,1,False,0.8263733425733097,-0.545958995246323,0.13797055553211712,0.3260186499594152,0.40246465861710135,0.5789330897506161,0.26445365616087935,0.18120123608792935,0.9316410580672462,91,3.613280804654773,37.087530376078064,8:5=53;17:33=33;9:5=27;17:34=24;17:32=18,nan,nan,0
812,1691509913.6668584,384,384,384,384,0.999999898464409,0.9999999993824485,0.9999999999686748,1.0000000607646837,1.000000123519115,15.555935782514542,151.57865737217872,216.86540637102743,0.10262616157312482,0.07173083085414017,0.698952681797705,13.94100679014067,8.582778990268707,154.90070885419846,219.8673923611641,0.02235098695382476,0.40338726264114183,0.5725713342738649,13,162,226,0.033854166666666664,0.421875,0.5885416666666666,1,False,0.827466258895573,-0.5449504754878036,0.13538304788628858,0.3138069176227474,0.3879710478044953,0.5986048132997707,0.24360856197461866,0.14431248352722234,0.9395175133665968,87,3.536034486032949,34.33051078487961,8:5=52;17:34=35;9:5=30;17:33=28;17:32=24,nan,nan,0
813,1691509913.7708278,385,385,385,385,0.9999998987232,1.000000001804506,1.0000000009203036,1.0000000610955997,1.0000001038091,15.532469673661703,156.46646397545678,213.0010677403513,0.09927027989907228,0.0729220272857778,0.7345806555589182,13.713277554408213,9.06556522846222,160.28432935476303,216.20507955551147,0.02354692267133044,0.4163229333889949,0.5615716352091207,14,167,223,0.03636363636363636,0.43376623376623374,0.5792207792207792,1,False,0.8358501255138273,-0.5275903424239488,0.1516673935277447,0.3174011790764004,0.4000441318611291,0.588078815923634,0.26385922006100565,0.16932858225029274,0.932933348207946,76,3.46679547935662,32.033924419406425,8:5=55;17:34=39;17:33=38;9:5=23;17:32=18,nan,nan,0
814,1691509913.8749678,378,378,378,378,0.9999998995533875,0.9999999973377914,0.9999999966962771,1.000000052935172,1.0000001026548404,17.689419655083842,150.7217295375667,209.58884879472004,0.11736476027283668,0.08440057644674402,0.7191304804827177,11.84826030934742,11.607128620147705,153.40389466285706,212.05923599004745,0.030706689471290224,0.4058304091609975,0.5610032698149403,17,160,218,0.04497354497354497,0.42328042328042326,0.5767195767195767,1,False,0.8374107352357318,-0.5326744140426523,0.12247950496417045,0.312151678696841,0.3912182837511094,0.5902039190832811,0.24106264976446531,0.1418283620460767,0.9453998671297126,92,3.575799410379544,35.72316687451746,8:5=49;17:34=39;17:33=36;8:6=20;16:33=19,nan,nan,0
815,1691509913.976731,387,387,387,387,0.9999999075755722,1.0000000041734936,1.0000000044823862,1.0000000617322986,1.0000001180558422,17.964733511415165,148.8644255788744,220.17084413999473,0.12067848608932241,0.08159451621120353,0.6761314203992403,12.25572558591496,10.15791517496109,152.41814017295837,223.25174868106842,0.026247842829356823,0.39384532344433687,0.5768779035686522,14,159,230,0.03617571059431524,0.4108527131782946,0.5943152454780362,1,False,0.83289707605132,-0.5358279909856354,0.13845874758013507,0.3118813487798325,0.3853706287542539,0.6032196351994488,0.24271707018232502,0.14393304554761546,0.9475500483188743,84,3.5607353469663607,35.18906380477409,17:33=48;8:5=47;17:34=31;16:34=17;16:33=17,nan,nan,0
816,1691509914.078309,425,425,425,425,0.9999998870609387,1.0000000007379155,1.0000000006201966,1.0000000608742075,1.0000001075678384,18.944201709375484,165.4523077070441,240.60349121080895,0.11449947100719067,0.0787361879665212,0.6876554736360004,12.700640275157877,8.234460532665253,169.63852047920227,244.3832950592041,0.019375201253330008,0.39914945995106416,0.5750195177863626,12,178,252,0.02823529411764706,0.4188235294117647,0.5929411764705882,1,False,0.8305888728108031,-0.5386095573723787,0.141498653951229,0.31407177773750905,0.38901515706403206,0.59885090874891,0.24487270864712785,0.17171245399985108,0.9442873780228318,88,3.6115318623291026,37.02272311305078,8:5=46;17:34=39;17:33=39;9:5=24;16:33=22,nan,nan,0
817,1691509914.1772819,419,419,419,419,0.9999999118171182,1.000000003853888,1.000000002453607,1.0000000611683812,1.0000001036859665,18.53055200583633,163.42645107895112,237.04300014477087,0.11338771590214759,0.07817379966722933,0.6894379963936526,12.792009653577102,9.905819833278656,165.87167418003082,241.88956880569458,0.023641574781094646,0.3958751173747752,0.5773020735219441,14,172,250,0.03341288782816229,0.4105011933174224,0.5966587112171837,1,False,0.8317466997718259,-0.5370676698819117,0.14055513290623733,0.3164757476107343,0.3853258010772145,0.5979620207154379,0.23851694998478934,0.12702264923694043,0.9386256987597823,88,3.5527130354474274,34.90789549071367,8:5=48;17:33=45;9:5=33;17:34=30;17:32=23,nan,nan,0
818,1691509914.2754176,450,450,450,450,0.9999999023519576,1.0000000009071914,0.9999999988065595,1.0000000621541565,1.000000107135392,21.559119863828034,181.11149393138544,247.32938702125912,0.11903783352367334,0.08716764361678916,0.7322683976725259,11.472146756613624,13.654159367084503,184.49219638109207,249.7480572462082,0.030342576371298897,0.40998265862464905,0.5549956827693515,20,193,257,0.044444444444444446,0.4288888888888889,0.5711111111111111,1,False,0.8342200680057975,-0.5337042665392919,0.13869619322158402,0.31842512140562,0.4008784286489278,0.5858574104341749,0.24227200671680504,0.1944282419357118,0.9318222233270261,100,3.589074539394975,36.20055822869372,8:5=66;17:33=50;17:34=39;9:5=27;16:33=21,nan,nan,0
819,1691509914.3728588,415,415,415,415,0.9999999010211225,1.0000000010738188,1.0000000001942346,1.0000000627610965,1.000000120863341,19.51366537639866,166.00780974898905,229.47852576588207,0.11754667088195526,0.08503482106341766,0.7234132657726461,11.759888331560262,10.292781114578247,168.96471065282822,232.85375148057938,0.024801882203803007,0.40714388109115235,0.5610933770616371,14,176,240,0.033734939759036145,0.42409638554216866,0.5783132530120482,1,False,0.8339243789727309,-0.5313122907707204,0.1492560880865969,0.3183575022107608,0.3942669792854205,0.5868365228043649,0.25297213138459557,0.1306830882905862,0.9322107647419586,89,3.5240349730398344,33.92102311440877,8:5=54;17:33=48;17:34=37;8:7=22;9:5=20,nan,nan,0
820,1691509914.4700885,384,384,384,384,0.9999999088228344,0.9999999995949528,0.9999999973672342,1.0000000629785128,1.000000123519115,16.433331057251674,156.69157611235698,210.87509251931533,0.10487692743270396,0.07792921800732083,0.7430539768370447,12.832157508703064,10.900553822517395,159.25407522916794,213.4496712088585,0.028386858912805717,0.4147241542426248,0.555858518773069,17,165,220,0.044270833333333336,0.4296875,0.5729166666666666,1,False,0.8383260108886716,-0.5266587731857926,0.1408546630180304,0.31381983097865046,0.40588582558233277,0.5855576845082522,0.24265942226989923,0.1855982211633388,0.9352572263433244,89,3.546161189737506,34.67993195184347,8:5=58;17:33=36;17:34=32;17:32=22;9:5=19,nan,nan,0
821,1691509914.5669498,387,387,387,387,0.9999999078613374,1.0000000007905174,1.0000000005952234,1.000000063670942,1.000000123519115,15.581427253882824,156.36038374126449,215.05818961671343,0.09965073557037317,0.07245214554094759,0.7270608202363144,13.802213758250026,6.9361337423324585,157.89253598451614,218.5210216641426,0.017922826207577413,0.40799104905559724,0.5646538027497225,11,163,225,0.028423772609819122,0.42118863049095606,0.5813953488372093,1,False,0.8361262075813203,-0.5314338248690795,0.1359082586920291,0.3130871155458264,0.39423514033905865,0.5904784031987586,0.244693344485803,0.14726365555058316,0.9386239157388092,80,3.4904976053106127,32.80226622767872,8:5=52;17:33=44;17:34=36;8:6=20;8:7=17,nan,nan,0
822,1691509914.663062,390,390,390,390,0.9999998752515842,0.9999999984298332,0.9999999975277737,1.0000000595412502,1.000000126499585,16.644497661216622,147.61028760812482,225.7452135059287,0.11275974006232117,0.07373134252868441,0.6538800327841643,13.56275317529937,7.188318192958832,150.93517750501633,228.5965851545334,0.01843158511015085,0.38701327565388804,0.5861450901398292,10,158,235,0.02564102564102564,0.40512820512820513,0.6025641025641025,1,False,0.83669211782826,-0.5285936090261839,0.14330072037758448,0.30587770069049003,0.3806438066361053,0.6134150431636497,0.23620047115260484,0.13621939766077246,0.9454526230840549,91,3.6109281006681226,37.000376958804466,8:5=46;17:33=43;17:34=36;9:5=21;16:34=20,nan,nan,0
823,1691509914.7589207,407,407,407,407,0.999999901277099,1.000000001645269,1.0000000041172399,1.000000059803656,1.0000001030957144,16.725883449429414,163.09618933363535,227.17792855618418,0.10255226389878647,0.07362459705363884,0.7179226889257397,13.582417290127303,7.8562644720077515,164.76715171337128,229.18714374303818,0.019302861110584157,0.40483329659304984,0.5631133752900201,11,170,234,0.02702702702702703,0.4176904176904177,0.5749385749385749,1,False,0.8307218953414587,-0.5359655206269446,0.15047289888675083,0.31994656772226976,0.3930723187155464,0.5875983127812989,0.27335852280902034,0.1493109076168905,0.9351646467603313,80,3.511668223295766,33.50411353210272,8:5=52;17:33=39;17:34=31;9:5=26;16:34=23,nan,nan,0
824,1691509914.8563302,431,431,431,431,0.9999998929073809,0.999999998849217,0.9999999991087536,1.000000054634958,1.000000126499585,19.182976559719112,164.64829597890687,247.1687264693994,0.1165088071253203,0.07761085649358658,0.6661372509814306,12.884795313174202,9.798693299293518,165.78326976299286,250.17876201868057,0.02273478723733995,0.38464795768675836,0.5804611647765211,13,171,257,0.030162412993039442,0.39675174013921116,0.5962877030162413,1,False,0.837227411963298,-0.5343848425094602,0.1161167548348552,0.2990697383307601,0.37821348915382813,0.6058590386405099,0.21142300133668274,0.12547336357803854,0.9535150970759164,94,3.5803347034400743,35.88554985420781,8:5=54;17:33=51;17:34=44;17:32=22;8:6=20,nan,nan,0
825,1691509914.9540358,431,431,431,431,0.9999999102085338,0.9999999978228453,0.9999999972469432,1.0000000572995698,1.0000000972850698,16.992642529226433,163.81139189633225,250.19596369773416,0.10373297200221702,0.06791733279021049,0.6547323524940454,14.723781970191542,7.948154270648956,166.19059312343597,251.18409210443497,0.018441193203361846,0.38559302348825053,0.5827937171796636,10,173,256,0.02320185614849188,0.4013921113689095,0.5939675174013921,1,False,0.8200090710924266,-0.5562289657149451,0.13488684526601813,0.31057692554894184,0.3701936267302593,0.6150761079803083,0.22274387004125765,0.1298336314760787,0.9540159969706515,88,3.5154164499828155,33.62993019194879,17:33=52;8:5=51;17:34=39;9:5=27;16:34=23,nan,nan,0
826,1691509915.0532196,395,395,395,395,0.9999998938030948,1.000000003572496,1.0000000026903315,1.0000000624473957,1.000000091700881,15.455802525088986,134.05884887489808,245.48535142228502,0.1152911773807049,0.06296018249374825,0.5460971422457278,15.883054343104817,9.54969447851181,137.12167048454285,248.1153987646103,0.024176441717751417,0.34714346958112113,0.628140250036988,14,143,254,0.035443037974683546,0.3620253164556962,0.6430379746835443,1,False,0.8230271529147902,-0.5544676243747553,0.12325566552978169,0.2890644209859925,0.33780000070234595,0.6543648340888889,0.20610456964877485,0.09260768126118815,0.9663444578516576,84,3.510105886847675,33.45180970309877,17:33=57;8:5=41;17:34=33;9:5=24;17:32=19,nan,nan,0
827,1691509915.1540976,360,360,360,360,0.9999999009347755,1.000000002329992,1.0000000031075902,1.0000000651991767,1.0000001234586842,11.254831687085492,129.4118983073143,219.33327168319477,0.08696906416099898,0.05131383670482052,0.5900240183087087,19.48792107969697,4.959592163562775,131.1306682229042,222.1881713271141,0.013776644898785485,0.3642518561747339,0.6171893647975392,8,136,228,0.022222222222222223,0.37777777777777777,0.6333333333333333,1,False,0.8319379469371496,-0.5411610390153927,0.12257235535707577,0.28626078082855916,0.35380148045074855,0.6405753057482302,0.2053848317668572,0.09609626973999019,0.9682899341962488,75,3.4200014104392142,30.56945813738232,8:5=44;17:33=43;17:34=36;9:5=26;17:32=18,nan,nan,0
828,1691509915.257071,346,346,346,346,0.9999998807312502,1.0000000037509444,1.0000000036241845,1.0000000621290879,1.0000000879024433,14.827321671362691,125.04502284383204,206.12765808045893,0.11857586438990413,0.07193271300630147,0.6066387403238364,13.901880774500993,7.903160512447357,127.90288317203522,208.42192322015762,0.022841504371235135,0.36966151205790526,0.6023755006362937,11,134,214,0.031791907514450865,0.3872832369942196,0.6184971098265896,1,False,0.8190851169042634,-0.5597718831126173,0.12551896327839723,0.30091288557324997,0.3564282816995991,0.6306323628771838,0.21494101042096814,0.10970545166777611,0.9585620601622783,83,3.5454263084974587,34.654455682608656,17:33=52;8:5=35;17:34=32;17:32=14;8:4=14,nan,nan,0
829,1691509915.360602,349,349,349,349,0.9999998941399185,0.9999999954715969,0.9999999955807723,1.000000062986834,1.000000085370375,17.180217344733162,132.1207782926349,199.6990012018067,0.13003418210783335,0.08603056220282052,0.6615995948778916,11.623776183659706,10.06765866279602,133.1648365855217,202.67848128080368,0.02884715949225221,0.3815611363481997,0.5807406340424174,14,139,210,0.04011461318051576,0.3982808022922636,0.6017191977077364,1,False,0.8469804758175622,-0.5153921411445147,0.13036492791517543,0.301638373221354,0.38499647964751527,0.6106532034296168,0.23736922162386484,0.14278981586695763,0.9416845250912643,96,3.643939328880961,38.24218894693019,8:5=51;17:33=37;17:34=34;17:32=15;8:7=15,nan,nan,0
830,1691509915.4643586,348,348,348,348,0.9999999029531246,1.0000000011557766,0.9999999993652151,1.000000056416346,1.0000001200262356,11.613996915643696,125.35074963395483,211.03525425482226,0.09265199410102062,0.055033444324993915,0.5939801388946866,18.170768925430338,5.8441925048828125,127.17210447788239,213.1873698234558,0.01679365662322647,0.36543708183299534,0.6126073845501604,9,132,218,0.02586206896551724,0.3793103448275862,0.6264367816091954,1,False,0.824028775981912,-0.5504519873771702,0.1340864868145772,0.29076510917136,0.35559174709397745,0.636132345253873,0.20005825266152244,0.11537091100660365,0.9639135363953686,75,3.490044660786066,32.78741198512605,17:33=44;8:5=43;17:34=32;16:33=19;9:5=16,nan,nan,0
831,1691509915.5681098,358,358,358,358,0.9999998807312502,0.9999999989471859,0.9999999989597991,1.0000000573713177,1.0000000982090145,16.18470596785632,131.0966980162161,210.7185952621129,0.12345624422862536,0.07680720321680277,0.6221410970073377,13.01961219935729,10.377006113529205,132.86454766988754,212.9727783203125,0.028986050596450295,0.3711300214242669,0.5948960288276885,15,139,218,0.04189944134078212,0.388268156424581,0.6089385474860335,1,False,0.823997553909705,-0.5502928386517756,0.1349289549333033,0.30354690645423565,0.3585173006106725,0.6205427583073336,0.22105037428153215,0.10665824571349483,0.9579789707835311,83,3.5180124850554177,33.71734809108699,17:33=41;8:5=40;17:34=36;17:32=20;9:5=20,nan,nan,0
832,1691509915.6720989,366,366,366,366,0.9999999012751346,1.0000000013521184,1.0000000018218715,1.000000058788761,1.0000001052457705,14.995831226116684,141.1145731962201,209.8895965674142,0.10626706290118561,0.07144628162311127,0.6723276213020671,13.996529662315169,9.07447063922882,144.84022688865662,211.96881133317947,0.024793635626308253,0.3957383248323951,0.5791497577409275,14,153,219,0.03825136612021858,0.4180327868852459,0.5983606557377049,1,False,0.8310591328969933,-0.540980291011483,0.1291551097155233,0.3048492379446916,0.3808592036137921,0.6090648717190139,0.2228381797357744,0.12878271422937604,0.9519158596042956,81,3.544638738202593,34.62717360741447,17:33=39;8:5=39;17:34=37;9:5=20;8:6=19,nan,nan,0
833,1691509915.7750404,382,382,382,382,0.9999999171108687,1.0000000017174944,1.0000000018036925,1.0000000566711245,1.0000000908206867,14.727693716752045,154.8683439673222,212.40396362809165,0.09509815459678217,0.06933813034929741,0.7291217231637385,14.422079092159034,6.199088096618652,157.7593738436699,213.29754054546356,0.016227979310520033,0.41298265404102064,0.5583705249881246,9,165,219,0.02356020942408377,0.4319371727748691,0.5732984293193717,1,False,0.835264987808182,-0.5359076656818075,0.1230259078620168,0.30674127264342566,0.39602925392556676,0.5898200874646994,0.22816846812487313,0.14526905854433098,0.9467600523182412,78,3.398221089497007,29.910843978044696,8:5=51;17:33=49;17:34=39;8:7=23;9:5=20,nan,nan,0
834,1691509915.8763382,417,417,417,417,0.9999999047578002,1.0000000005538547,1.000000000323795,1.0000000597135585,1.0000000908783497,16.588785033850044,152.00534301070155,248.40587241736324,0.10913290747077327,0.06678096967843869,0.611923307333521,14.974325841855304,7.614792168140411,156.38807040452957,251.78324711322784,0.01826089248954535,0.3750313438957544,0.603796755667213,12,165,259,0.02877697841726619,0.39568345323741005,0.6211031175059952,1,False,0.8316904636554256,-0.5420968087931176,0.12009172561397147,0.2914111400920509,0.3592981533567808,0.6307173568320316,0.20650924313818872,0.10338385018171907,0.9588287614831319,85,3.5693080734694256,35.492026778593996,17:33=50;8:5=46;17:34=45;16:34=21;9:5=21,nan,nan,0
835,1691509915.977279,446,446,446,446,0.9999998846972515,1.0000000010921404,0.9999999999980508,1.0000000586826907,1.0000001197305843,20.565692581083322,170.7330478385605,254.70126055454537,0.1204552536339043,0.0807443690553667,0.6703266700244591,12.384764556328337,13.316700637340546,174.5387488603592,257.07673168182373,0.0298580731778936,0.3913424862339892,0.5764052279861519,19,182,264,0.042600896860986545,0.4080717488789238,0.5919282511210763,1,False,0.8292309499956287,-0.5475097645492049,0.11229020123154584,0.30656034326324144,0.3725026623170494,0.6082074398182196,0.22269582983698907,0.10698492304412428,0.956354431384844,95,3.606590068775073,36.84021578680467,17:33=59;8:5=45;17:34=36;9:5=29;17:32=23,nan,nan,0
836,1691509916.076616,459,459,459,459,0.9999999078587638,1.0000000022445104,1.0000000018002768,1.0000000596495897,1.0000001072728881,20.873099896802287,167.33058312511037,270.79631903854795,0.12474169101051784,0.07708044175382973,0.6179204492853199,12.973459638356513,12.107317924499512,169.80109041929245,274.42018991708755,0.026377598964051223,0.36993701616403585,0.5978653375099947,16,177,282,0.034858387799564274,0.38562091503267976,0.6143790849673203,1,False,0.8264093732472864,-0.5488861232636086,0.12558491747687814,0.3029060835484354,0.3595882933164652,0.6220122342992652,0.2174736803237202,0.0999080380651835,0.9570945165310112,93,3.487483671485202,32.703551202946656,17:33=58;8:5=56;17:34=55;9:5=26;17:32=21,nan,nan,0
837,1691509916.1744843,465,465,465,465,0.9999998846972515,0.9999999989624235,0.9999999990440585,1.00000005753988,1.000000101406065,20.610298965655545,170.2951744357256,274.09452563367273,0.12102691126714502,0.0751941284416647,0.6213008962584137,13.298910709175862,9.97814291715622,174.19199293851852,276.418836414814,0.021458371864852086,0.37460643642692154,0.5944491105694925,15,184,284,0.03225806451612903,0.3956989247311828,0.610752688172043,1,False,0.8372415820231197,-0.5353736630672862,0.1113623555127122,0.29235929006642236,0.36581845900082777,0.6264149942419845,0.2014622845241084,0.10861921457635657,0.9577033520350721,103,3.6961559753223923,40.292122376738796,17:34=50;8:5=46;17:33=44;17:32=28;9:5=21,nan,nan,0
838,1691509916.2729373,450,450,450,450,0.9999998843313197,1.000000001073114,1.0000000005995737,1.0000000586237168,1.0000000994146445,21.61504598627565,162.6235266826638,265.76142829686336,0.1329146306638293,0.08133251738145765,0.6119154601359551,12.295205315112772,12.546624779701233,166.86282813549042,269.1208926439285,0.027881388399336075,0.3708062847455343,0.598046428097619,19,176,277,0.042222222222222223,0.39111111111111113,0.6155555555555555,1,False,0.8291829426133223,-0.5456225887662548,0.12145632263131578,0.3028346789025971,0.36260849797998146,0.6286809543513031,0.216715907931524,0.13350401485559615,0.9527684639109713,97,3.6736186963117516,39.39420389868147,8:5=47;17:34=45;17:33=44;16:33=20;17:35=18,nan,nan,0
839,1691509916.3705616,441,441,441,441,0.9999998860606347,1.0000000032464187,1.000000003518787,1.000000060277817,1.0000000959515511,19.91804949866561,162.02958434003298,259.05236902464276,0.12292847370925716,0.0768881194704337,0.6254703824948216,13.005910495502972,11.451709926128387,165.13817185163498,262.0483320951462,0.02596759620437276,0.37446297472026074,0.5942139049776557,17,173,270,0.03854875283446712,0.3922902494331066,0.6122448979591837,1,False,0.8353377213878819,-0.5347158433806413,0.12763172828192193,0.29822415615343106,0.3674608164128108,0.6244913777814418,0.2117520964906904,0.11634238781162261,0.9549952656049888,92,3.640929997426446,38.12727851335359,17:34=45;8:5=45;17:33=38;9:5=22;17:32=20,nan,nan,0
840,1691509916.4681265,395,395,395,395,0.9999998929073809,0.9999999999927445,1.0000000007502639,1.0000000586265223,1.0000001077554947,20.42540440117205,143.8943456789369,230.68024991415933,0.14194723430443937,0.08854422694952317,0.6237826850477353,11.293791074262522,14.189325749874115,145.84783679246902,234.79431039094925,0.03592234367056738,0.36923502985435197,0.5944159756732892,20,152,242,0.05063291139240506,0.3848101265822785,0.6126582278481013,1,False,0.8299202030815893,-0.5419295904214271,0.13245669308373065,0.3086158991709827,0.36747928925272316,0.6173831347301435,0.22945318490146907,0.11265409651381213,0.9504160700867084,89,3.567629504711897,35.432500944381495,8:5=50;17:33=46;17:34=33;16:34=21;9:5=21,nan,nan,0
841,1691509916.5649517,402,402,402,402,0.9999998905234996,1.000000002782117,1.0000000025312008,1.000000068088828,1.0000001299720023,21.624774822237598,163.715230819524,216.65999659506073,0.13208773987605504,0.09980972566271416,0.7556320197193998,10.019063707070874,13.854714393615723,168.98409700393677,220.20057827234268,0.03446446366571075,0.4203584502585492,0.5477626325182654,20,179,228,0.04975124378109453,0.44527363184079605,0.5671641791044776,1,False,0.8365168208235825,-0.5297334881105608,0.1400786923604904,0.31762277501760044,0.40513751501303175,0.5766844363201865,0.22000001198968194,0.18552629581081465,0.9133052617471785,86,3.6267875276091988,37.59185962454215,17:33=45;8:5=44;17:34=32;9:5=24;8:7=17,nan,nan,0
842,1691509916.662706,389,389,389,389,0.9999998860606347,0.9999999955806875,0.9999999963073845,1.0000000547497017,1.0000001009707558,18.06437215310658,144.80069728221983,226.13492712644867,0.12475335058572756,0.07988315817753115,0.6403287591272936,12.51828323784614,10.474442899227142,148.5155640244484,227.50914525985718,0.026926588429889826,0.3817880823250601,0.5848564145497613,14,156,233,0.03598971722365039,0.40102827763496146,0.5989717223650386,1,False,0.832699414776809,-0.5381689110713368,0.13032999572873263,0.3017904215483275,0.3727446931526976,0.6171473988019976,0.2081247643181754,0.1279589530802354,0.9546087473975703,91,3.5900514835804627,36.23594143446102,8:5=50;17:33=47;17:34=37;9:5=19;17:35=16,nan,nan,0
843,1691509916.7593617,418,418,418,418,0.9999998870609387,0.9999999980589789,0.9999999955669904,1.0000000575959525,1.0000001301387589,18.494263126363283,156.9356289463408,242.5701063046024,0.11784617202946829,0.07624296088298486,0.6469701948733623,13.115964915564682,9.857865393161774,159.85327553749084,244.47548580169678,0.023583410031487496,0.38242410415667666,0.5848695832576478,14,167,251,0.03349282296650718,0.39952153110047844,0.6004784688995215,1,False,0.8372273174877841,-0.5330043731421024,0.12229782117275678,0.3021087240956091,0.3734586671237962,0.6164196486847721,0.22140587748866375,0.12151580541708212,0.9532875055550085,90,3.6719149027501765,39.327141454219095,17:33=47;8:5=44;17:34=29;17:32=19;9:5=19,nan,nan,0
844,1691509916.8570392,398,398,398,398,0.999999903847092,1.000000002805714,1.0000000022381847,1.0000000621094756,1.0000001077554947,17.55006910548255,147.3531764819738,233.09675664589219,0.11910207519435122,0.07529091935047236,0.6321545550538255,13.281814176621902,9.8115194439888,150.55696123838425,234.1931523680687,0.024652058904494473,0.3782838222069956,0.5884250059499213,14,158,240,0.035175879396984924,0.3969849246231156,0.6030150753768844,1,False,0.8186418946611247,-0.5579517056033234,0.1360710936238352,0.30347866750334146,0.36544178735051425,0.6191490540529527,0.19593181709624513,0.1135396859153462,0.9640884251478641,85,3.5683110938344256,35.456659583806825,17:33=56;8:5=39;17:34=30;17:32=20;9:5=19,nan,nan,0
845,1691509916.9565592,449,449,449,449,0.9999998922814407,1.0000000017588382,1.0000000010449916,1.0000000632627306,1.000000122194418,19.41141188709558,162.18669233230398,267.4018973600371,0.11968560186999545,0.07259264828984939,0.6065278292095716,13.775499634717551,10.796040296554565,164.75714892148972,270.8447715640068,0.02404463317718166,0.36694242521489917,0.6032177540401042,15,172,278,0.0334075723830735,0.3830734966592428,0.6191536748329621,1,False,0.8165919830684274,-0.5596198680895854,0.1414324447493164,0.30478523278127223,0.35606978216222335,0.6294491470293714,0.22072869092815142,0.1090259061709551,0.9594546719259678,97,3.613025700483284,37.07807039906001,17:33=53;8:5=49;17:34=44;9:5=22;17:32=19,nan,nan,0
846,1691509917.0571668,412,412,412,412,0.9999998971267026,1.000000000049171,1.0000000003898433,1.000000058002273,1.0000000862424434,20.562313450167007,140.7503995186225,250.68728707172767,0.14609062226815517,0.08202375832598019,0.5614580665925448,12.191589612680065,13.255777597427368,143.89246481657028,252.86731362342834,0.0321742174694839,0.34925355538002495,0.6137556155908455,18,151,259,0.043689320388349516,0.36650485436893204,0.6286407766990292,1,False,0.8200072248701343,-0.5602639941075803,0.11701456348421728,0.29627030525035397,0.34226415861585574,0.6432399237392662,0.19991648794439745,0.09635910785157085,0.965879238377952,96,3.640908028865999,38.126440921131255,8:5=48;17:33=44;17:34=39;17:32=27;17:35=18,nan,nan,0
847,1691509917.1579978,417,417,417,417,0.9999998905234996,1.0000000008738266,0.9999999989392502,1.0000000565111065,1.0000001301387589,19.946232329405852,148.65454108156692,248.39922731779873,0.13417842592821522,0.08029909168713678,0.5984500945785158,12.453440991539775,13.829566061496735,153.06002759933472,250.51978069543839,0.033164427005987374,0.36705042589768516,0.6007668601809074,19,162,257,0.045563549160671464,0.38848920863309355,0.6163069544364509,1,False,0.820548480283749,-0.5586623010487857,0.12081649262789483,0.29778163385237044,0.3512561317315759,0.6329816632156975,0.20291404413513212,0.11084790779640744,0.9636759124856923,95,3.6280185453293683,37.63816436500457,17:33=51;8:5=50;17:34=44;17:35=18;9:5=16,nan,nan,0
848,1691509917.2605066,357,357,357,357,0.9999999116511276,1.0000000025515996,1.0000000008690142,1.0000000621910838,1.0000000982988513,16.223269111250055,122.53798611867153,218.23874659192077,0.1323937957943807,0.07433725387722073,0.5614859324123698,13.452205292001397,9.747210323810577,125.48467552661896,219.15800267457962,0.02730311015072991,0.35149769055075336,0.6138879626738925,13,132,224,0.036414565826330535,0.3697478991596639,0.6274509803921569,1,False,0.8349927387407505,-0.5377330486648092,0.11674885277325399,0.2816575509603714,0.34342076358686885,0.6493809199710943,0.18608500113092613,0.08145224218149595,0.9707206442714927,80,3.587732149992628,36.15199558524996,17:33=45;8:5=32;17:34=31;17:32=21;9:5=21,nan,nan,0
849,1691509917.3635247,355,355,355,355,0.9999998971267026,1.0000000006203689,0.9999999999512528,1.000000064244041,1.0000001301387589,19.659715492801737,114.82018786098331,220.52009708667717,0.17122176734812888,0.08915158188541125,0.5206790191818768,11.216850883087245,12.566295564174652,117.43047732114792,221.68473345041275,0.035398015673731416,0.33079007696098006,0.6244640378884866,16,124,226,0.04507042253521127,0.3492957746478873,0.6366197183098592,1,False,0.8298086489786136,-0.5464100251865404,0.11337411722228374,0.2874849402619277,0.32943000722210963,0.6562076522370669,0.19280616900401004,0.09221486488722602,0.9707206442714927,92,3.659676775357414,38.84878395745703,17:33=46;17:34=36;8:5=29;17:32=21;8:7=18,nan,nan,0
850,1691509917.4668481,351,351,351,351,0.9999998858605806,0.999999999973521,0.9999999983468888,1.0000000630792325,1.000000108482349,12.989134428494326,115.6267939580652,222.38407159485246,0.11233671698278812,0.058408564675254314,0.5199418876038855,17.120776816891468,5.701613008975983,117.53925448656082,223.8314335346222,0.01624391170648428,0.3348696709018827,0.6376963918365305,8,122,228,0.022792022792022793,0.3475783475783476,0.6495726495726496,1,False,0.8349609353336239,-0.5342459255056708,0.1319906343169438,0.2775741486477577,0.33469976168969834,0.6632841979386391,0.18949218408220977,0.08783492576247505,0.968064543272159,75,3.468097144245953,32.07564900391279,17:33=42;17:34=41;8:5=33;17:35=19;16:33=17,nan,nan,0
851,1691509917.5707743,389,389,389,389,0.9999999038768685,1.0000000032653507,1.0000000021296018,1.0000000634988393,1.000000101406065,18.813885490216617,137.31664414882312,232.86947290140355,0.13701096183086311,0.0807915492563612,0.5896721559848366,12.377532170188752,11.199306309223175,140.77901381254196,235.03838396072388,0.028789990512141837,0.3618997784384112,0.6042117839607297,15,149,241,0.038560411311053984,0.38303341902313626,0.6195372750642674,1,False,0.8332214510275245,-0.5398589503432119,0.11955888625239007,0.2900587786110139,0.3554955936497461,0.6345388427943971,0.20889188649044874,0.1113944204586666,0.9620220411469216,95,3.6985800096553105,40.38991033753028,17:33=47;8:5=37;17:34=36;9:5=19;17:32=18,nan,nan,0
852,1691509917.672964,374,374,374,374,0.9999998888683637,1.0000000039685455,1.0000000038234298,1.0000000698747893,1.0000001301387589,18.46671907173669,124.5644102415722,230.96887365516352,0.14825036329336383,0.07995328019526778,0.5393125414273217,12.507304235144906,12.838702082633972,127.33929991722107,233.88555306196213,0.034328080434850194,0.34047941154337186,0.6253624413421447,19,134,240,0.05080213903743316,0.3582887700534759,0.6417112299465241,1,False,0.8227677350824452,-0.5538336958746043,0.12775559252408353,0.2916044705959448,0.3373198470749927,0.650442222682904,0.1853060630229112,0.09247495944144146,0.9644904240843062,87,3.613536113603427,37.097000363301355,17:33=42;17:34=41;8:5=40;9:5=17;16:33=16,nan,nan,0
853,1691509917.7749686,393,393,393,393,0.9999998986331713,1.000000003837896,1.000000002874439,1.0000000631695038,1.0000001052457705,15.393626435172555,135.45578500795656,242.1505915734574,0.1136431820484326,0.06357046800979148,0.5593865541594826,15.730574766981022,6.365462899208069,136.7274153828621,244.39198410511017,0.01619710661376099,0.3479069093711504,0.621862554974835,8,142,250,0.020356234096692113,0.361323155216285,0.6361323155216285,1,False,0.8341925895900937,-0.5413251475617452,0.10530815775726135,0.2826379425891053,0.34487345204610514,0.6516949869600078,0.18949220944282497,0.10258137221899255,0.9677015695784942,86,3.5533962291019323,34.93175249195303,17:33=53;8:5=40;17:34=36;17:32=21;8:7=18,nan,nan,0
854,1691509917.876377,399,399,399,399,0.9999999049278631,1.000000001461319,1.0000000007696228,1.0000000616157685,1.0000001026548404,14.29941197437707,144.29487053082013,240.40571866093566,0.09909854675896355,0.05948033205709524,0.6002139688462707,16.81228004981712,4.814197838306427,148.14344823360443,243.6221815943718,0.012065658742622625,0.3712868376782066,0.610581908757824,7,156,250,0.017543859649122806,0.39097744360902253,0.6265664160401002,1,False,0.8400500858436152,-0.5330849617289725,0.10067907852456302,0.27918580930270537,0.3560655007778458,0.6347336490196887,0.17132958964770462,0.09118161047133817,0.9714678999937261,88,3.505293892584628,33.2912264594051,8:5=50;17:34=45;17:33=45;17:32=26;8:7=23,nan,nan,0
855,1691509917.9761903,428,428,428,428,0.9999998843313197,1.0000000029103735,1.0000000043594965,1.0000000579797461,1.0000001234586842,21.802039694779655,144.1658445116939,262.0321182848063,0.15122888343369847,0.08320369211793617,0.5501838685095775,12.01869742249612,12.285835146903992,147.73308062553406,263.75101631879807,0.028705222305850448,0.34517074912507956,0.6162406923336403,16,156,270,0.037383177570093455,0.3644859813084112,0.6308411214953271,1,False,0.8377782124590312,-0.5347248933289569,0.11043982607413935,0.284330361042684,0.3403164579811933,0.6484808990200951,0.18220537563316092,0.08762215604008822,0.9686294749382497,98,3.6200617264666146,37.33987260931975,17:33=56;8:5=43;17:34=41;17:32=28;17:35=21,nan,nan,0
856,1691509918.0751135,477,477,477,477,0.9999998998964152,1.0000000007320107,1.0000000008645233,1.0000000587864217,1.0000000875878552,20.29555606661147,181.5754145601279,275.129030071599,0.11177480230888134,0.07376741037225261,0.6599645792117069,13.556121801669576,7.92199981212616,184.191281914711,276.0544634461403,0.016607966063157568,0.38614524510421594,0.5787305313336274,11,193,283,0.023060796645702306,0.40461215932914046,0.5932914046121593,1,False,0.8300542406772483,-0.5447859059337584,0.11924040518905792,0.29887611679851944,0.3758433179911859,0.6140501489217971,0.20963670593873715,0.1345827146628187,0.9566702416990163,97,3.6424427044423378,38.184997560054576,8:5=61;17:33=51;17:34=38;17:32=30;8:7=25,nan,nan,0
857,1691509918.1733801,420,420,420,420,0.9999998895572663,1.00000000262697,1.0000000026567837,1.0000000615050804,1.000000108616944,20.944347972683204,145.49692933558333,253.55872489838833,0.14395044670926238,0.08260156687992687,0.5738194550153621,12.106307879772332,12.525156617164612,149.89515179395676,255.7383844256401,0.02982180146943955,0.35689321855703987,0.6089009152991431,18,158,262,0.04285714285714286,0.3761904761904762,0.6238095238095238,1,False,0.814430843681692,-0.5696355263489231,0.11053401277938257,0.297876594856092,0.34459430910211836,0.6412662878798355,0.1863632430664999,0.09993802747986524,0.968070224085223,100,3.7183035254796373,41.19444946183808,17:33=45;17:34=43;8:5=42;17:32=24;9:5=18,nan,nan,0
858,1691509918.27127,448,448,448,448,0.9999998967104072,0.999999999423825,1.0000000003339982,1.0000000592904763,1.0000001145455295,16.805883199596508,163.7694887861891,267.4246274979618,0.10261913451740451,0.0628434387544378,0.6123949402806489,15.912560162525846,6.200647056102753,166.6303076148033,269.3889238834381,0.013840730035943645,0.37194265092590023,0.6013145622398172,9,174,275,0.020089285714285716,0.38839285714285715,0.6138392857142857,1,False,0.8156018010076708,-0.5667481263783342,0.11657728526472022,0.2995188400213401,0.35431231944623454,0.6294247784727041,0.2085624591199768,0.1074207881087057,0.9626095321175421,92,3.587098449992341,36.129093322985426,8:5=55;17:33=53;17:34=41;17:32=29;9:5=18,nan,nan,0
859,1691509918.3689475,429,429,429,429,0.9999998939542604,1.0000000022851951,1.0000000027080889,1.0000000610852937,1.0000001234586842,17.54070794092576,157.2688973191962,254.19039670057563,0.11153322901046846,0.06900617870937072,0.6187051098726267,14.49145596384407,9.057844340801239,160.0968555212021,256.4413517713547,0.02111385627226396,0.3731861434060655,0.5977653887444165,13,167,262,0.030303030303030304,0.38927738927738925,0.6107226107226107,1,False,0.8072674276237229,-0.578323765469487,0.11773241945603091,0.3069675710789654,0.3486303780878174,0.6263154779160046,0.2100364863297371,0.09405222609317586,0.9613002262243502,93,3.583004599871817,35.98148857194439,8:5=58;17:33=55;17:34=34;17:32=22;17:35=21,nan,nan,0
860,1691509918.4664116,409,409,409,409,0.9999999113237049,1.0000000012923551,0.999999999961166,1.0000000615725186,1.000000101406065,17.532450093455882,156.46310010949267,235.00445085419815,0.11205485562529885,0.07460475761088199,0.6657878161063672,13.403970899761198,10.147114396095276,159.6815225481987,236.56445842981339,0.024809570650599695,0.3904193705334931,0.5783972088748494,16,167,243,0.039119804400977995,0.4083129584352078,0.5941320293398533,1,False,0.827175618671582,-0.5489437618702958,0.12017171954737921,0.3038656193293506,0.3741844515132706,0.6133189349976699,0.21006792654727927,0.11618450039711183,0.952817178049287,97,3.667024966045219,39.13530364136266,17:33=48;8:5=44;17:34=36;9:5=22;17:32=20,nan,nan,0
861,1691509918.564008,425,425,425,425,0.9999999028218437,1.0000000046965443,1.0000000014912058,1.0000000672174856,1.0000001035012531,17.275382420924178,150.95607890436318,256.7685426667757,0.11443979299348941,0.06727998002209913,0.5879072153331031,14.863262439607366,9.199361860752106,154.30919414758682,259.1829847097397,0.021645557319416718,0.36308045681785134,0.6098423169640934,14,161,265,0.03294117647058824,0.3788235294117647,0.6235294117647059,1,False,0.8273470189559755,-0.5485454471264147,0.1208089510820415,0.29192110009462974,0.3503661547341181,0.6375698544117955,0.20818487328445076,0.10807535881887488,0.9662933639997956,93,3.575217801974708,35.7023960212528,17:33=51;8:5=42;17:34=41;17:32=25;9:5=25,nan,nan,0
862,1691509918.6621878,419,419,419,419,0.9999998971267026,1.0000000021833144,1.0000000037568708,1.0000000599312808,1.000000084431215,18.70134445384312,156.33741656177614,243.96124081399836,0.11962168024219176,0.0766570312212072,0.6408289121671231,13.045117767662122,12.786690056324005,159.36610305309296,245.3134571313858,0.030517160038959438,0.38034869463745336,0.5854736447049781,19,167,251,0.045346062052505964,0.39856801909307876,0.5990453460620525,1,False,0.8207363638007873,-0.561644117681386,0.10463128695069508,0.3049056128957962,0.36445043321376086,0.6230124115957111,0.2266139140237172,0.12549909972619147,0.9581681013326745,95,3.613499607086513,37.0956461057499,17:33=47;8:5=47;17:34=46;16:33=21;9:5=18,nan,nan,0
863,1691509918.7596838,461,461,461,461,0.9999999050765979,0.9999999993254547,0.999999998096097,1.00000006132192,1.000000126499585,18.59004227374266,162.10176693291308,280.30819017141374,0.1146813056111614,0.06632001106487291,0.5782983609354575,15.078405204453599,9.807322561740875,166.02144491672516,281.9705328941345,0.02127401857210602,0.36013328615341683,0.6116497459742615,14,174,288,0.03036876355748373,0.3774403470715835,0.6247288503253796,1,False,0.8393424323720761,-0.5282869002106707,0.128129747855553,0.28588853968274613,0.3559295213733012,0.6438935875484153,0.20755423863437564,0.11209722613609456,0.9636759126917154,99,3.713408768577745,40.99330532343986,17:33=47;8:5=44;17:34=43;17:32=26;8:7=21,nan,nan,0
864,1691509918.858349,439,439,439,439,0.9999998791851512,0.9999999996389681,0.999999998955529,1.0000000610561923,1.0000001145455295,22.478908461183988,150.59085599317203,265.93023522865815,0.14927140371792036,0.08452934447959881,0.5662795577332062,11.830211226130476,14.492936611175537,154.16791170835495,270.1999072432518,0.03301352303229052,0.351179753321993,0.6154895381395258,21,163,279,0.04783599088838269,0.3712984054669704,0.6355353075170843,1,False,0.8423551125746651,-0.5265692938836525,0.11472856252126178,0.28624904974037363,0.3488475033111507,0.6438216008246558,0.19929481102410435,0.10458787714986173,0.9663786904823805,107,3.763179041468954,43.085178061074636,17:33=49;8:5=44;17:34=40;17:35=22;8:7=20,nan,nan,0
865,1691509918.9580903,445,445,445,445,0.999999917301883,0.9999999986865984,0.9999999989111397,1.0000000515301972,1.0000000987254123,17.453134937009658,169.58291423153722,257.9639496625259,0.10291800336194429,0.06765726358214871,0.6573899742711696,14.780379031821335,7.050373077392578,172.59165209531784,259.5261210799217,0.01584353500537658,0.38784640920296143,0.5832047664717342,10,179,265,0.02247191011235955,0.40224719101123596,0.5955056179775281,1,False,0.8335069204870961,-0.5402372384534803,0.11580129398359673,0.2966389701328188,0.3732802776343482,0.6136254944769748,0.1915835001184593,0.11618450039711183,0.9573874941850045,86,3.5464726467418295,34.69073494180546,8:5=55;17:33=50;17:34=46;17:32=25;9:5=21,nan,nan,0
866,1691509919.0581362,432,432,432,432,0.9999998967104072,0.9999999994124599,0.999999999807418,1.0000000620220757,1.0000001127784965,22.07497027362495,137.493095243148,272.4319339755926,0.16055330076457103,0.08102930501386325,0.5046878801494179,12.34121408086754,12.760879218578339,140.31479197740555,274.89236491918564,0.029539072265227635,0.3248027592069573,0.6363249187944112,18,148,281,0.041666666666666664,0.3425925925925926,0.6504629629629629,1,False,0.8219028702342414,-0.5596754319153716,0.10601454056429045,0.2842444196998757,0.323323668356122,0.6684173971770415,0.19631014901092736,0.09092868698948997,0.9704017446470501,107,3.813626516742931,45.31447494883959,17:33=54;8:5=43;17:34=40;17:32=21;8:6=16,nan,nan,0
867,1691509919.1585639,371,371,371,371,0.9999998904979414,0.9999999992997608,0.9999999993614668,1.0000000636393955,1.0000000960985755,17.214728955046063,118.10138753827341,235.6838829871033,0.14576229216161615,0.07304160444432282,0.5011008221751674,13.690827407306841,9.623700439929962,119.77282738685608,236.94860708713531,0.025939893369083457,0.3228378096680757,0.6386754908009038,13,125,242,0.03504043126684636,0.33692722371967654,0.6522911051212938,1,False,0.8309024487894543,-0.5465526652266179,0.10431349255666374,0.275674323391172,0.32400808492586114,0.6711953627423096,0.1832836168094482,0.08344439321166257,0.9716906550522292,91,3.608830732320072,36.92285486391717,17:33=48;17:34=44;8:5=38;17:35=16;17:32=16,nan,nan,0
868,1691509919.2597725,313,313,313,313,0.9999998897720023,1.000000000020875,1.0000000013444108,1.0000000579280202,1.0000000822592137,15.388880786589615,99.14382532059986,198.4672939058786,0.15521774287835707,0.07753862353707336,0.49954742350453957,12.896798451959523,9.506819248199463,100.67593050003052,200.07487070560455,0.030373224435142055,0.32164834025568856,0.6392168393150305,13,105,204,0.04153354632587859,0.3354632587859425,0.6517571884984026,1,False,0.8612753802629859,-0.4985112745117498,0.09844403759253148,0.2628406015340988,0.334388531864429,0.6672425841637423,0.1719562158334575,0.08343493053305318,0.9736526943781855,83,3.6404782319216706,38.11005781428207,17:33=44;8:5=27;17:34=26;17:35=20;17:32=14,nan,nan,0
869,1691509919.3617065,319,319,319,319,0.9999998889357201,1.0000000023068025,1.0000000016016133,1.0000000645180245,1.000000112202978,17.142466778608487,101.16052084836599,200.6970138447657,0.16945807153666295,0.08541465789753988,0.5040459691473597,11.707592404099556,11.823702692985535,102.89109832048416,201.95122599601746,0.03706489872409258,0.3225426279639002,0.6330759435611832,16,108,206,0.050156739811912224,0.3385579937304075,0.64576802507837,1,False,0.8261918092787154,-0.5546377010588635,0.09891468467776027,0.28113798158219117,0.32398863093186187,0.6682839152714083,0.17698338468396252,0.07900916823127879,0.9712964036014357,86,3.6710288650386294,39.29231155638343,17:33=40;17:34=32;8:5=29;17:32=17;17:35=15,nan,nan,0
870,1691509919.4642286,344,344,344,344,0.999999880441731,0.9999999978322767,0.9999999960364894,1.0000000618098341,1.0000001127784965,12.604445989113225,104.22339919812612,227.17215332136726,0.12093681539931818,0.05548411548171772,0.4587859809150434,18.02317638693375,6.514927387237549,105.7653289437294,227.96925348043442,0.018938742404760317,0.3074573515806087,0.6627013182570768,10,110,231,0.029069767441860465,0.31976744186046513,0.6715116279069767,1,False,0.8172661048288967,-0.5648456481261184,0.11412934631718608,0.27358479453717444,0.3013264372990291,0.6916147786669711,0.18645609314704936,0.07521707410440875,0.9754115022463803,83,3.5983169378543316,36.53668914749493,17:33=46;17:34=34;8:5=34;17:32=20;16:34=17,nan,nan,0
871,1691509919.5672257,402,402,402,402,0.9999998747600123,1.0000000016425434,1.0000000002853657,1.0000000604002637,1.0000001369575682,20.328325659299853,127.18911440590952,254.48256125539578,0.15982755878324875,0.07988101643985962,0.49979501062260995,12.518618873019404,11.634961128234863,131.38402646780014,255.9013421535492,0.028942689373718564,0.32682593648706504,0.6365705028695253,17,140,263,0.04228855721393035,0.3482587064676617,0.654228855721393,1,False,0.8545855923239237,-0.5109856110637481,0.09261301570609078,0.26515151468973774,0.3317943009295647,0.6767691976311669,0.1833865348915534,0.08675031639243747,0.9715353359572889,99,3.8059243728154963,44.96679699239184,17:33=50;17:34=36;8:5=24;17:32=22;17:35=15,nan,nan,0
872,1691509919.670378,402,402,402,402,0.9999998950381939,0.999999996331136,0.9999999950726641,1.000000056760005,1.0000001139047192,18.13414135001867,139.05448377018504,244.81137193002982,0.1304103316796955,0.07407393376808344,0.5680066357780494,13.500025570815229,10.6735919713974,141.28683400154114,245.1969015598297,0.02655122380944627,0.35145978607348544,0.6099425411936062,15,148,250,0.03731343283582089,0.3681592039800995,0.6218905472636815,1,False,0.8041926909374586,-0.5816636941445862,0.12223527623743709,0.30197491205326904,0.3368711646623583,0.6477018826280366,0.21644603820195243,0.10871817468043068,0.9588749686213094,92,3.649798684994507,38.466921301018274,17:33=51;8:5=38;17:34=35;17:32=21;16:33=20,nan,nan,0
873,1691509919.7733052,415,415,415,415,0.9999998766484431,0.9999999980287078,0.9999999991245412,1.0000000578628703,1.0000001032600954,18.64996668174221,138.0977326706127,258.2522990114728,0.13504904331938347,0.07221607224071097,0.5347396061882792,13.847332996272563,10.48283302783966,140.58268803358078,259.7720938324928,0.025259838621300386,0.3387534651411585,0.6259568526084165,15,148,266,0.03614457831325301,0.3566265060240964,0.6409638554216868,1,False,0.8247812720635254,-0.5523285526463683,0.12111574292733718,0.2839982893983902,0.33215702712572914,0.661506075896472,0.18719437743670908,0.08199839304160451,0.9683521314574518,98,3.7217239195285488,41.33559195549495,17:33=53;17:34=38;8:5=38;17:32=20;16:34=18,nan,nan,0
874,1691509919.8750033,414,414,414,414,0.999999874869086,1.0000000016275798,1.000000003922145,1.0000000625762908,1.0000000960985755,15.402202783454712,145.52591757927027,253.0718809849112,0.10583821108748473,0.06086098038040438,0.5750378786173677,16.43088878538627,5.661006808280945,148.25758373737335,253.75480276346207,0.013673929488601315,0.35811010564582935,0.6129343061919373,8,155,258,0.01932367149758454,0.3743961352657005,0.6231884057971014,1,False,0.8353642402584789,-0.5358881742340235,0.12243549654205209,0.28090595285133574,0.35228775187526495,0.6460107462027459,0.18523518414556409,0.10685406457289699,0.965535715636308,87,3.636176929739575,37.94648697543673,17:33=49;8:5=44;17:34=36;17:32=24;16:34=15,nan,nan,0
875,1691509919.976495,475,475,475,475,0.9999998827025907,1.0000000008055592,1.0000000018926078,1.0000000598098362,1.0000001036174173,21.53895288746025,164.04135431479833,289.4196935630224,0.1313019694175812,0.07442117232001716,0.5667940294431886,13.437036381258787,12.588541209697723,167.28486055135727,291.2878793478012,0.02650219202041626,0.3521786537923311,0.6132376407322131,18,175,298,0.037894736842105266,0.3684210526315789,0.6273684210526316,1,False,0.8263815097520462,-0.5477505896644405,0.13062500473564181,0.2915181934754359,0.34910056011737794,0.6445349437850626,0.20279196192898494,0.10088121515357723,0.9627800987482309,103,3.7063241974384487,40.70391166105097,17:33=50;17:34=45;8:5=45;17:32=26;16:34=23,nan,nan,0
876,1691509920.0764186,484,484,484,484,0.9999998937984058,1.000000002583898,1.0000000016256965,1.0000000601826955,1.0000001020717768,23.79591779078441,170.83519967978268,289.3688850306463,0.13929165555686424,0.08223385105231423,0.5903716968798838,12.160442289925541,14.99910432100296,174.30624097585678,291.8278522491455,0.03098988496074992,0.3601368615203652,0.6029501079527799,21,183,299,0.04338842975206612,0.378099173553719,0.6177685950413223,1,False,0.8356571977097723,-0.5358875016658428,0.12042272822931803,0.29296174957166704,0.3538388282077302,0.6348146967333612,0.20952000073337423,0.10832019516807646,0.9594220287316038,103,3.702814292365188,40.56129522649666,17:33=52;8:5=51;17:34=41;16:33=27;17:32=23,nan,nan,0
877,1691509920.174947,462,462,462,462,0.9999998870609387,0.999999998116493,0.9999999991422306,1.0000000543784004,1.0000001035582646,21.567377459015344,163.2254684712753,277.207152329349,0.132132427990616,0.07780238452646851,0.5888212735483376,12.85307649741504,11.57261997461319,166.2305202484131,279.01092648506165,0.025048960984011232,0.359806320884011,0.6039197542966702,16,174,285,0.03463203463203463,0.37662337662337664,0.6168831168831169,1,False,0.8292869248291961,-0.5461487546503201,0.11834159920011177,0.29519918507232096,0.3530975939395052,0.637998273431833,0.22408236859178135,0.11073843347564855,0.9580099410663806,100,3.7230679860208293,41.39118709299218,17:33=59;8:5=47;17:34=38;9:5=20;16:34=18,nan,nan,0
878,1691509920.2722821,478,478,478,478,0.9999998940990914,0.9999999991897861,0.9999999992616773,1.0000000644880425,1.0000000917727405,21.074642132648886,160.81253156034995,296.11282553243666,0.1310509941492959,0.0711709872571539,0.5430785757800088,14.050669219843973,12.196969509124756,162.35200494527817,299.6435572504997,0.025516672613231706,0.33964854591062377,0.6268693666328446,17,169,307,0.03556485355648536,0.35355648535564854,0.6422594142259415,1,False,0.8393262521882335,-0.5319305738730074,0.11216642530983562,0.2801337610125321,0.33981044154580364,0.6550860191306396,0.18896676223598816,0.0938280020607324,0.9699040473431086,102,3.7109792323967596,40.893831491545114,17:33=54;8:5=51;17:34=36;17:35=30;17:32=26,nan,nan,0
879,1691509920.3709652,479,479,479,479,0.9999999044568315,1.0000000003094451,1.0000000001526763,1.0000000580853412,1.0000001177932414,23.21413875172318,170.3776670662338,285.40819447849145,0.13625106594926406,0.08133662312724035,0.5969613709850001,12.294584672339209,14.037915766239166,175.61853408813477,287.2797421216965,0.02930671349945546,0.3666357705389035,0.5997489397112661,20,186,294,0.04175365344467641,0.3883089770354906,0.6137787056367432,1,False,0.8284549081748093,-0.5459374414682203,0.12495909380353826,0.2968240974608784,0.3555576280204477,0.6339516115345223,0.20421635075499223,0.1101335531050405,0.958167333154303,108,3.7821429325286036,43.910037233718846,17:33=57;8:5=45;17:34=37;17:35=26;16:34=22,nan,nan,0
880,1691509920.46876,429,429,429,429,0.9999998827025907,0.9999999990834513,1.0000000009269607,1.0000000636594033,1.0000001032600954,21.095683202912483,154.35672683380855,253.54758917688048,0.13666837614162158,0.08320206581887735,0.6087879886174972,12.018932344503332,11.489994823932648,158.25812935829163,255.34347015619278,0.02678320471779172,0.3689000684342462,0.5952062241403095,15,166,261,0.03496503496503497,0.38694638694638694,0.6083916083916084,1,False,0.843616411497896,-0.525079058611906,0.11226456457247223,0.2883768867885799,0.362062251924228,0.6273723441783116,0.20912166459130588,0.10578672893363121,0.9567253619249481,97,3.6018676983550684,36.6666527784639,17:33=56;8:5=41;17:34=33;17:32=23;17:35=21,nan,nan,0
881,1691509920.566813,428,428,428,428,0.9999998895572663,1.00000000363813,1.0000000033267396,1.0000000622539038,1.0000001300789898,17.375165934790374,167.64797381183595,242.9768633676133,0.10364077501045042,0.07150954907382483,0.6899750514854245,13.984146354602554,8.72387319803238,172.32515531778336,244.46171617507935,0.02038288130381397,0.4026288675649144,0.5711722340539237,14,181,250,0.03271028037383177,0.42289719626168226,0.5841121495327103,1,False,0.8219713950683776,-0.5587405897863792,0.11032669221232874,0.30469035814331674,0.374142566377208,0.6067882879969347,0.21207012914153395,0.12837213446426005,0.9537843302866835,94,3.724200126506223,41.43807426806513,17:33=49;8:5=43;17:34=30;9:5=23;17:32=20,nan,nan,0
882,1691509920.6647315,423,423,423,423,0.9999999071517572,1.0000000007090455,1.0000000002185951,1.000000062216006,1.0000001111860424,21.41466103711476,154.37579094896924,247.20954861376845,0.13871774133415538,0.08662554159901112,0.6244734146178171,11.543939368702492,13.381231784820557,157.96476238965988,248.94916170835495,0.03163411769461125,0.3734391545854844,0.5885322971828723,19,166,255,0.04491725768321513,0.39243498817966904,0.6028368794326241,1,False,0.8387222294118706,-0.53312407051165,0.11101237467719842,0.29227015299194653,0.3642280067414133,0.6250124241838324,0.1884698153471799,0.11514042758318062,0.956478791797607,90,3.6257953202551594,37.55457920298335,17:33=59;8:5=40;17:34=33;8:6=19;17:32=18,nan,nan,0
883,1691509920.761242,460,460,460,460,0.9999998760860532,1.0000000003855571,0.9999999986166916,1.0000000600437213,1.0000000940106935,21.80148070007341,172.79492873221207,265.4035909224272,0.1261696790526771,0.08214463347802102,0.6510647732069194,12.173649788912437,13.469128787517548,175.67731541395187,267.4039732813835,0.02928071475547293,0.38190720742163453,0.581312985394312,18,184,274,0.0391304347826087,0.4,0.5956521739130435,1,False,0.8257347532628909,-0.5550166077231018,0.10059166170917508,0.3033733181158723,0.3662012764577124,0.6154725579076054,0.2184952747312242,0.11697118216409577,0.9599932539745195,99,3.6358951464842035,37.93579579717513,8:5=57;17:33=50;17:34=31;17:32=26;9:5=25,nan,nan,0
884,1691509920.858637,471,471,471,471,0.9999998760860532,1.0000000039091754,1.0000000051134472,1.000000066096261,1.0000001032367642,19.33952749535859,164.02227044711728,287.6382057399675,0.11790793678590056,0.06723560051977946,0.5702381226623202,14.873073078388266,9.85356730222702,166.78464353084564,289.1139830350876,0.020920525057806838,0.3541075234200544,0.6138301126010353,14,173,294,0.029723991507430998,0.3673036093418259,0.6242038216560509,1,False,0.8314982258742912,-0.5428972653471813,0.11778480227286697,0.28257719682917637,0.3448722693560298,0.6435048497378816,0.19486325898495155,0.09248123739466556,0.9677031535142891,95,3.635253679699273,37.91146904744646,17:33=63;8:5=44;17:34=34;17:32=26;17:35=23,nan,nan,0
885,1691509920.9571397,458,458,458,458,0.9999998815164307,1.0000000012736607,1.0000000004673357,1.0000000626901338,1.0000001026548404,20.951395636661022,172.69320845882402,264.3553970711883,0.12132148000282567,0.07925465441138324,0.6532615198029017,12.617555491559513,11.55444461107254,177.08168190717697,265.61437690258026,0.02522804500234179,0.38664122687156544,0.579944054372446,17,186,272,0.03711790393013101,0.40611353711790393,0.5938864628820961,1,False,0.8452572980632704,-0.5205554531585898,0.1206736104441855,0.29539171484480387,0.37812296059446754,0.6191227797505251,0.22962586109952704,0.13945026685060263,0.9482478852372644,114,3.79289887354129,44.38488011720931,8:5=52;17:33=46;17:32=29;17:34=28;8:7=21,nan,nan,0
886,1691509921.0561304,443,443,443,443,0.999999874869086,0.999999999875278,1.0000000006689533,1.0000000604459693,1.0000000989204412,19.64004078697938,154.58646127146272,268.7734978310546,0.12704890600018548,0.07307283249825731,0.5751551492946396,13.6849765612117,7.894671142101288,156.66465216875076,271.58385556936264,0.017820928086007423,0.35364481302201073,0.6130561073800511,11,163,279,0.024830699774266364,0.36794582392776526,0.6297968397291196,1,False,0.8388530310622211,-0.5286770872074515,0.12971557246363669,0.2899319854349104,0.3519692201710012,0.6434536012721109,0.2323572264128185,0.11070310541478671,0.9513105262536351,97,3.816495417941713,45.444664361328606,17:33=38;8:5=38;17:34=30;8:6=21;17:32=20,nan,nan,0
887,1691509921.1573486,415,415,415,415,0.999999874869086,1.000000000843347,0.999999999551983,1.0000000601922856,1.0000001145455295,17.937837969222546,148.3920356925879,248.6701270381677,0.12088140637401155,0.07213507381394998,0.5967425096855788,13.862881773423972,8.828309834003448,150.1625143289566,252.89347010850906,0.021273035744586624,0.36183738392519665,0.6093818556831544,13,157,261,0.03132530120481928,0.3783132530120482,0.6289156626506024,1,False,0.8218537598926661,-0.5588000364536092,0.1109004806560063,0.2993039034919144,0.35453082245433526,0.6396207997456913,0.23987055161382806,0.14291290374131266,0.9507528791955796,100,3.8058182307827786,44.962024378446216,8:5=42;17:34=37;17:33=32;17:32=24;8:6=22,nan,nan,0
888,1691509921.2593548,376,376,376,376,0.9999998896829868,0.9999999996195387,0.9999999981643708,1.000000055838216,1.000000108482349,15.707668790733385,121.3637137856454,238.92861713751446,0.12942640185250534,0.06574209895373435,0.5079496765169614,15.210953345188212,7.696572542190552,123.46185904741287,242.10546565055847,0.02046960782497487,0.32835600810482146,0.643897515028081,11,129,248,0.02925531914893617,0.34308510638297873,0.6595744680851063,1,False,0.8430377483426743,-0.5257127688210674,0.11363731591251698,0.2722642017945572,0.3312528948660226,0.6691173751488926,0.19431807267550547,0.09712144299658808,0.9649211532332602,90,3.772696192196718,43.49718364461517,17:33=36;8:5=34;17:34=28;17:35=23;17:32=17,nan,nan,0
889,1691509921.3625207,366,366,366,366,0.9999999074289109,0.9999999983595191,0.9999999961254524,1.0000000547293637,1.0000000901778183,19.75115396871135,143.22913236035953,203.01971247009732,0.13789899892026247,0.09728687785241784,0.7054937208693746,10.27887852991828,10.941040217876434,146.4459120631218,204.13356006145477,0.02989355250785911,0.40012544279541473,0.557741967381024,16,155,210,0.04371584699453552,0.42349726775956287,0.5737704918032787,1,False,0.8445213372693685,-0.5262317189951947,0.09931711242338882,0.30308578449051926,0.3894407776587729,0.6019900429931174,0.21943186677705195,0.1533019574557315,0.9215322493299867,99,3.829290900301352,46.029886880134455,17:33=41;8:5=38;17:34=25;9:5=17;8:7=16,nan,nan,0
890,1691509921.465109,411,411,411,411,0.9999998667461971,1.0000000005765637,1.0000000014817507,1.0000000585934548,1.0000001032600954,18.516332140806224,149.2599484464999,243.22371988662957,0.12405425791395834,0.07612880910396806,0.6136734875861298,13.1356317243097,10.817220628261566,152.5679970383644,244.48819160461426,0.02631927160160965,0.3712116716261908,0.5948617800598887,17,160,250,0.0413625304136253,0.38929440389294406,0.6082725060827251,1,False,0.8327868539587115,-0.5417476053237098,0.11391043850138217,0.2928648359729204,0.36336665412671176,0.633621519895543,0.19448239697715344,0.14168656547301267,0.9571986457452758,99,3.85753879467171,47.34867303672028,8:5=39;17:33=35;17:34=28;17:35=24;17:32=20,nan,nan,0
891,1691509921.5692706,397,397,397,397,0.9999998667461971,1.0000000006481333,1.0000000017993658,1.000000058981969,1.000000101465459,18.430420052267305,148.02572845986705,230.5438520024839,0.12450822059128853,0.07994322942113735,0.6420718972730282,12.508876702141277,8.800365567207336,151.5818709731102,232.258924305439,0.02216716767558523,0.38181831479372846,0.5850350738172266,13,160,239,0.0327455919395466,0.40302267002518893,0.6020151133501259,1,False,0.8393886114318649,-0.5332381619789256,0.10527973027996924,0.29456794186154645,0.37137166153702295,0.62366706863614,0.22524081083713907,0.13887476653901917,0.9478732512231802,102,3.8190671171943467,45.56168477686621,8:5=38;17:33=37;17:34=30;17:32=23;8:6=20,nan,nan,0
892,1691509921.6722507,417,417,417,417,0.999999874869086,0.9999999961096094,0.9999999949493092,1.0000000591423734,1.000000126499585,21.163802599708273,154.4535465068129,241.38264764889325,0.1370237400069978,0.08767739854478852,0.6398701315575742,11.40544788733857,10.69342428445816,157.4364089369774,243.21367663145065,0.02564370332004355,0.3775453451726076,0.5832462269339345,14,165,249,0.03357314148681055,0.39568345323741005,0.5971223021582733,1,False,0.8365288008591388,-0.5340231776735833,0.12263283019069424,0.3014798976126257,0.37290700757417516,0.6180422820604872,0.24175718475818148,0.14561257691662402,0.9432193053910135,100,3.838147127911542,46.43934850161109,17:33=35;8:5=35;17:34=31;17:32=21;8:7=20,nan,nan,0
893,1691509921.7747674,430,430,430,430,0.9999998889357201,1.000000002047617,1.000000003111147,1.0000000624152396,1.0000001047614193,17.675202327511112,166.19639389211403,246.12840554132572,0.10635129868693134,0.07181293150068122,0.6752426381936202,13.92506863461651,7.120231628417969,168.31200522184372,248.03534823656082,0.016558678205623182,0.3914232679577761,0.5768263912478159,10,176,254,0.023255813953488372,0.40930232558139534,0.5906976744186047,1,False,0.846994038515763,-0.5195228729380319,0.11268133480293789,0.2938194732544263,0.3840830278781807,0.6113043163302876,0.22873200276520478,0.13516801803999556,0.9494125367356341,95,3.6880954332512554,39.9686514560548,8:5=51;17:33=40;17:34=30;9:5=21;16:34=20,nan,nan,0
894,1691509921.8760026,436,436,436,436,0.9999998940990914,0.9999999989759777,0.9999999992527354,1.0000000565406661,1.0000001026548404,16.707571579941508,158.15942554406305,261.13300198304825,0.10563753328306567,0.06398108034244596,0.6056661714260465,15.62962042290783,7.881182014942169,161.61319983005524,263.93755972385406,0.018076105538858186,0.3706724766744386,0.6053613755134267,12,169,270,0.027522935779816515,0.3876146788990826,0.6192660550458715,1,False,0.8284190309718023,-0.5485445965383413,0.11322868334626682,0.29426813150460207,0.35355530701471305,0.6354247263584563,0.20906714994757641,0.10599506095584182,0.9643532086431952,93,3.6381534431637665,38.0215628861763,17:33=52;17:34=44;8:5=37;8:6=27;9:5=23,nan,nan,0
895,1691509921.9756021,454,454,454,454,0.9999998982208461,1.0000000035569234,1.0000000025046258,1.0000000671329292,1.0000001047614193,16.597302964345463,149.59126414953698,287.81143611580427,0.11095101748558113,0.05766728100987393,0.5197544134047098,17.34085572421522,7.829575955867767,151.6322145462036,289.92452347278595,0.017245762017329885,0.3339916619960432,0.6386002719664888,12,158,296,0.02643171806167401,0.34801762114537443,0.6519823788546255,1,False,0.8364632585252849,-0.534890858824531,0.11925177685560016,0.2790842326727984,0.3346994924714364,0.6695790654127154,0.20861627028306048,0.10400716093662313,0.9666247976194655,93,3.6804746189154676,39.665215467271175,8:5=49;17:33=44;17:34=38;17:35=22;17:32=20,nan,nan,0
896,1691509922.0746493,471,471,471,471,0.9999998940990914,0.9999999993085791,0.9999999998535056,1.0000000582664543,1.0000001099848612,18.85851185579248,175.72700411606831,276.41448337682095,0.10731709648527533,0.06822548379306047,0.6357373245037569,14.657279720187411,8.266933679580688,179.55982476472855,278.53610187768936,0.01755187617745369,0.3812310504558992,0.5913717661946696,12,187,284,0.025477707006369428,0.3970276008492569,0.6029723991507431,1,False,0.8298511276768449,-0.5438700188866186,0.1247096966949169,0.2999301183166805,0.36475702708018004,0.6220849820778033,0.22430081813310232,0.12099084060913248,0.958104153249228,98,3.623507872978683,37.468773258767335,17:33=54;8:5=53;17:34=39;16:33=22;17:32=21,nan,nan,0
897,1691509922.173246,489,489,489,489,0.9999998747600123,0.9999999983921684,0.9999999977576517,1.0000000635865574,1.000000097938117,17.73135954637908,178.2387456812629,293.0298931998989,0.09948094887341356,0.06051041193358083,0.6082613064997848,16.526081513007192,6.830669581890106,181.04623538255692,295.01107865571976,0.013968649451718008,0.37023770016882807,0.60329463937775,10,189,301,0.02044989775051125,0.38650306748466257,0.6155419222903885,1,False,0.8270191170910467,-0.5505604774394631,0.1136773532748536,0.2918397122603504,0.355701264197284,0.6352685373534314,0.2029621278632961,0.11370940644873868,0.962906208487661,102,3.738801249089783,42.047555396370285,17:33=55;8:5=44;17:34=36;17:32=27;8:6=27,nan,nan,0
898,1691509922.271073,470,470,470,470,0.9999998760860532,1.0000000004095346,0.9999999986603636,1.0000000630392982,1.0000001139047192,21.809760608704963,179.01357043031422,269.1766693459437,0.12183300157791664,0.08102396341294807,0.6650411823033868,12.342027690047493,12.17702031135559,182.41759318113327,272.0251227617264,0.025908553853948066,0.3881225386832623,0.5787768569398434,17,192,280,0.036170212765957444,0.4085106382978723,0.5957446808510638,1,False,0.8378439528752631,-0.5326932324141561,0.1193961086908264,0.29992707430460164,0.375514313534104,0.6115291048134142,0.21875981745942197,0.126031330258854,0.9454947116781374,103,3.7983528139188842,44.627613933229775,8:5=45;17:33=41;17:34=30;8:6=27;17:32=26,nan,nan,0
899,1691509922.368857,498,498,498,498,0.9999999036655514,0.9999999989097724,1.0000000001386606,1.0000000583609352,1.0000001042268245,19.586629893166442,207.17285087098443,271.24051814998273,0.09454245481886954,0.07221129802714797,0.7637975781937859,13.848248505712334,6.570885598659515,211.4764883518219,272.39484107494354,0.013194549394898626,0.42465158303578693,0.5469775925199669,10,220,278,0.020080321285140562,0.44176706827309237,0.5582329317269076,1,False,0.8546881315626901,-0.5035530052938921,0.1262638848814941,0.2968603111066036,0.40979814325278685,0.5818333278896151,0.22299492488912515,0.1605672467892224,0.9297838520271627,90,3.6221879773305323,37.4193510112812,8:5=56;17:33=48;17:34=34;8:6=33;8:7=27,nan,nan,0
900,1691509922.4664607,458,458,458,458,0.9999999037091726,1.0000000008130676,1.0000000023447324,1.0000000555116564,1.0000001000640177,20.171168256868537,174.5238156769608,263.30501681094074,0.11557831335870437,0.07660761082783286,0.6628199408835155,13.053533313385657,10.627232849597931,178.238179564476,264.3973488807678,0.02320356517379461,0.3891663309268035,0.5772867879492747,16,186,269,0.034934497816593885,0.40611353711790393,0.5873362445414847,1,False,0.8151085673215557,-0.5679415922578709,0.11419444497257966,0.30737206575673814,0.36603718056796625,0.6116591781249193,0.21657810672717548,0.12477349261887992,0.9546283748470266,96,3.7418704840096586,42.17680747271627,8:5=45;17:34=37;17:33=35;17:32=33;8:4=26,nan,nan,0
901,1691509922.5646267,498,498,498,498,0.999999874869086,1.0000000006516627,1.0000000003987397,1.000000058539642,1.0000000970511866,23.83196520201959,193.74202060491785,280.4260148421187,0.12300875735480303,0.08498485853902359,0.6908846196526938,11.766801959678702,12.982341706752777,198.42063719034195,281.896045088768,0.026068959250507586,0.39843501443843765,0.5660563154392931,19,209,289,0.03815261044176707,0.41967871485943775,0.5803212851405622,1,False,0.8332450176499643,-0.5424036980366158,0.10724257045462066,0.30396438971549,0.3800584140581931,0.604316173395315,0.22013240615370588,0.14513261908213762,0.9476477887555079,101,3.742328880295819,42.19614559654732,8:5=57;17:33=42;17:34=39;8:6=29;17:35=22,nan,nan,0
902,1691509922.6631784,444,444,444,444,0.999999874869086,1.000000000317396,1.0000000016968276,1.0000000626797823,1.0000000960985755,16.835186793078744,164.97070488868127,262.19410860008793,0.10204955361279915,0.0642088675560466,0.629193027141213,15.574172821645243,6.551304936408997,168.56932187080383,262.4848573207855,0.014755191298218461,0.3796606348441528,0.5911821110828502,9,176,267,0.02027027027027027,0.3963963963963964,0.6013513513513513,1,False,0.830291142217035,-0.543097402700592,0.1251472346310627,0.2919322457724286,0.36120885786091905,0.6273521577108013,0.1971339649621062,0.11287646119202013,0.964761409611955,85,3.644264256857938,38.25461692300911,17:33=46;8:5=42;17:34=33;8:6=27;17:35=26,nan,nan,0
903,1691509922.7620666,461,461,461,461,0.9999998747600123,1.0000000027745906,1.0000000014974555,1.0000000613146482,1.0000001035012531,19.24846816670182,171.54983315281987,270.2017012386511,0.11220336279519967,0.07123740553247271,0.6348954590826258,14.0375690625645,10.309451460838318,175.41142934560776,271.9145406484604,0.02236323527296815,0.38050201593407323,0.5898363137710637,15,184,278,0.03253796095444685,0.39913232104121477,0.6030368763557483,1,False,0.8470155258705107,-0.5184829041577325,0.1172185012293941,0.28348539178748816,0.36763886746513114,0.619854768401197,0.19916520637710694,0.10412142588016839,0.9643529046334756,92,3.6095517296624697,36.94948574339082,17:34=51;8:5=49;17:33=42;8:6=27;17:32=24,nan,nan,0
904,1691509922.8619168,473,473,473,473,0.9999998905228582,1.0000000004385454,0.9999999993849649,1.000000058816704,1.0000001037469608,19.054333790598044,174.37007487617174,279.5755917480943,0.10927525152540886,0.06815449686239616,0.6236956301724802,14.672546142024917,10.525104820728302,178.53401798009872,281.631828725338,0.022251807231983726,0.3774503551376294,0.5954161283833784,16,188,289,0.03382663847780127,0.3974630021141649,0.6109936575052854,1,False,0.8310983534963087,-0.5448923282657246,0.11121095905027527,0.2930622786782725,0.3612720575143738,0.6271677026682962,0.20605498024899993,0.10876901673569869,0.9633899533591951,99,3.674528650079441,39.43006711740508,17:33=59;8:5=50;17:34=37;8:6=27;17:32=25,nan,nan,0
905,1691509922.9615839,460,460,460,460,0.9999998996567068,1.0000000020619686,1.0000000022243833,1.0000000636394697,1.000000101465459,19.57645455706495,170.168955928518,270.2545914114286,0.11504128029843663,0.07243708406515936,0.629661664728046,13.805083582609006,10.567671716213226,173.71768617630005,273.8689116239548,0.02297319938307223,0.3776471438615219,0.5953671991825104,16,183,283,0.034782608695652174,0.3978260869565217,0.6152173913043478,1,False,0.8287645688530954,-0.5493074165242906,0.10682065139827855,0.2957436842892656,0.36125911254390025,0.6275319913384317,0.20479821592160957,0.1106181157054322,0.9572107390628585,98,3.718144437351584,41.1878964352552,8:5=47;17:33=43;17:34=41;17:35=22;17:32=22,nan,nan,0
906,1691509923.0618503,460,460,460,460,0.9999998525543231,0.9999999955315834,0.9999999956028434,1.0000000605711266,1.000000108482349,17.70292694559149,171.95626638653002,270.34080255693516,0.10295017051485729,0.0654837404422633,0.6360721902137401,15.270966399387271,8.164903163909912,175.55861675739288,273.2879509329796,0.01774978948676068,0.38164916686389755,0.5941042411586512,13,184,280,0.02826086956521739,0.4,0.6086956521739131,1,False,0.8453029654878118,-0.5243423791718369,0.102605876741679,0.2847132764171051,0.36808410172286093,0.6223625463927327,0.20925352513192552,0.11998410138299496,0.9628297269460178,91,3.6675587969437227,39.1562008529611,8:5=54;17:33=43;17:34=40;17:35=23;8:6=23,nan,nan,0
907,1691509923.1628702,431,431,431,431,0.9999998911227018,1.00000000054678,1.0000000001020288,1.000000061731984,1.0000001144604604,15.9883081601727,151.48809588358938,263.5235964275624,0.10554168013610041,0.06067125819819168,0.5748559064054463,16.48226902981559,6.740058720111847,155.05496519804,266.0780197381973,0.015638187285642337,0.3597562997634339,0.6173503938241237,10,162,272,0.02320185614849188,0.37587006960556846,0.6310904872389791,1,False,0.8296997402675251,-0.5478745926869296,0.10691946356081333,0.2874994000126359,0.3439679365948676,0.6480049681088911,0.2087186970778991,0.0940353357269398,0.9654888544622693,93,3.7272759576599235,41.56572700634209,8:5=42;17:33=41;17:34=32;8:6=27;17:35=23,nan,nan,0
908,1691509923.2644587,408,408,408,408,0.9999999098541972,0.9999999999166408,1.000000000572728,1.0000000626594083,1.0000000994591405,15.042255481962242,166.18014894979143,226.77759550022557,0.09051776386665178,0.06633043025604916,0.7327890948981604,15.076036686929262,6.179584980010986,168.89555752277374,228.8123682141304,0.015146041617673986,0.41395969981071995,0.5608146279758098,10,175,234,0.024509803921568627,0.42892156862745096,0.5735294117647058,1,False,0.8445386893771855,-0.5255653644699305,0.10264233928869095,0.29818868897042716,0.3944286420773273,0.592952223028735,0.234897704713221,0.1564175376571169,0.942447402630609,89,3.7414277384406054,42.15813801130654,8:5=41;17:34=32;8:6=31;17:33=30;8:7=20,nan,nan,0
909,1691509923.3657017,383,383,383,383,0.9999998667461971,0.9999999974829139,0.9999999977343301,1.000000056609005,1.0000001145070663,13.703674671864972,147.68064975955681,221.61567364049046,0.09279262174276945,0.0618353135712565,0.6663817921070304,16.17198882395317,6.793085694313049,149.08219873905182,224.22406995296478,0.01773651617314112,0.38924856067637553,0.5854414359085243,11,155,231,0.028720626631853787,0.4046997389033943,0.6031331592689295,1,False,0.8373732209645737,-0.5350735287162967,0.11181416582216253,0.2931383538547876,0.3786138303219293,0.6155889110025058,0.2319297498331433,0.14203088627184207,0.9498255034462458,93,3.706655591893725,40.71740294702872,8:5=48;17:33=38;17:34=31;8:6=21;17:32=17,nan,nan,0
910,1691509923.4674144,402,402,402,402,0.9999998982208461,1.000000003485801,1.0000000053338756,1.0000000592265441,1.0000000952464625,15.68750733015767,151.45050717843426,234.86198829399234,0.10358174180080584,0.06679457771821541,0.6448489526915424,14.971275126832518,5.496329963207245,154.14951181411743,236.04108047485352,0.013672462595042898,0.38345649705004337,0.5871668668528695,8,161,242,0.01990049751243781,0.40049751243781095,0.6019900497512438,1,False,0.859968832024784,-0.49527854119949966,0.12309660666819526,0.2800081542948544,0.3852359850470174,0.6233039742237365,0.21457053875520266,0.14083049447981638,0.9454892052636921,93,3.7737777887833786,43.544255501765626,8:5=43;17:34=34;17:33=32;8:6=24;8:7=19,nan,nan,0
911,1691509923.5692437,385,385,385,385,0.9999998931183762,0.9999999997634546,0.9999999997507896,1.0000000587861246,1.0000000939456835,17.651695078415788,148.22544095723418,219.1228637822103,0.11908681103879214,0.08055615362877007,0.6764489948641681,12.413700939699,9.753893256187439,150.83606451749802,221.51165384054184,0.02533478767840893,0.3917819857597351,0.5753549450403684,15,158,229,0.03896103896103896,0.4103896103896104,0.5948051948051948,1,False,0.8320527916010815,-0.54273018222839,0.1145953807410471,0.3028935299129773,0.37433696833900426,0.609471042824904,0.2400371576772277,0.10463048695390549,0.9470235826759246,96,3.8405217938858955,46.54975748271099,8:5=39;17:33=29;8:6=27;17:34=23;17:35=17,nan,nan,0
912,1691509923.670392,383,383,383,383,0.9999998959119101,0.9999999973985213,0.9999999970421842,1.000000060249345,1.0000001143389239,12.52328507830683,139.85814279906586,230.61857012989486,0.08954276688986947,0.054303021093458116,0.6064478793719491,18.415181694568187,3.0616100430488586,142.1653293967247,233.10095292329788,0.007993759903521825,0.3711888495998034,0.6086186760399422,5,148,239,0.013054830287206266,0.38642297650130547,0.6240208877284595,1,False,0.85056034013251,-0.513518351770052,0.11334024081956834,0.27765866960515473,0.3653005700749106,0.6393381349567205,0.2029483510280575,0.12358467296707489,0.9520876219575799,91,3.717099907711722,41.14489691766984,17:33=38;8:5=32;17:34=28;8:6=28;17:32=22,nan,nan,0
913,1691509923.771531,388,388,388,388,0.9999998654765169,1.000000000414283,1.000000001999318,1.000000060784105,1.000000114560048,18.702959836126233,153.52976548087494,215.7672750044827,0.1218197642492722,0.08668116995840851,0.7115525997984877,11.536530949914747,10.607260882854462,157.8522754907608,218.70506793260574,0.027338301244470262,0.40683576157412576,0.5636728554964066,16,167,226,0.041237113402061855,0.43041237113402064,0.5824742268041238,1,False,0.8520952634794895,-0.5110852441171472,0.11280751394094135,0.29712952917172697,0.394285070400763,0.596523373780044,0.2324958774363667,0.13776941210040397,0.9316275687439182,90,3.6678423011098507,39.167303372763605,8:5=41;17:33=36;17:34=31;8:6=31;17:32=16,nan,nan,0
914,1691509923.873207,388,388,388,388,0.9999998667461971,1.000000002005513,1.0000000015353692,1.0000000638753468,1.0000001300789898,18.14637237349299,148.75725742962226,221.096371753163,0.12198646766580866,0.08207449190415486,0.6728163662300991,12.184053495789925,10.774554967880249,153.40089082717896,223.00983506441116,0.027769471566701672,0.3953631206886056,0.5747676161453896,17,162,229,0.04381443298969072,0.4175257731958763,0.5902061855670103,1,False,0.8341070896882736,-0.5395060620376775,0.11488503800040872,0.29987903898950385,0.37733458336919057,0.6121070105488998,0.23304339026437504,0.14841339471484988,0.9354789821954774,99,3.869583974326657,47.92244496566386,17:33=32;8:5=32;8:6=24;9:5=22;17:34=21,nan,nan,0
915,1691509923.9741306,440,440,440,440,0.9999998676042183,0.9999999958359511,0.9999999967504611,1.000000061831541,1.0000000950875978,16.553285743227637,168.33223818538187,255.11447240702756,0.09833699071355388,0.06488571811330782,0.6598302189489774,15.411711992671986,7.09098207950592,170.36425071954727,257.81090158224106,0.016115868362513455,0.387191478908062,0.5859338672323661,11,179,267,0.025,0.4068181818181818,0.6068181818181818,1,False,0.8552550037663675,-0.5077739742064136,0.10346240694674982,0.2803830383123166,0.3863491027398136,0.6181874193756665,0.20646202009956602,0.1482876744477438,0.9483478414812857,95,3.6520231677095083,38.55258554654391,8:5=58;17:33=52;17:34=33;8:6=27;17:32=18,nan,nan,0
916,1691509924.0746214,452,452,452,452,0.9999998931329934,0.999999998811211,0.9999999972339826,1.000000062766379,1.0000001074506715,18.14726589344022,168.68744962815788,265.16528340373713,0.1075792297141412,0.06843756339629663,0.6361596339567447,14.611858610590353,9.36633551120758,172.7598038315773,267.70597529411316,0.020721981219485798,0.3822119553795958,0.5922698568453831,15,181,275,0.033185840707964605,0.4004424778761062,0.6084070796460177,1,False,0.8453381518651484,-0.5191689672117425,0.12596425082343096,0.28607222969138196,0.36738031573811875,0.6233128745697851,0.20525782531576658,0.09829639779095893,0.9581437418923987,97,3.664532797569872,39.0378933032586,8:5=55;17:33=45;17:34=39;8:6=26;17:35=21,nan,nan,0
917,1691509924.174483,502,502,502,502,0.999999869899542,0.9999999984260818,0.999999997437905,1.000000064341117,1.0000001033787305,21.027087835377312,185.59215070266427,295.38075988174455,0.11329729062229923,0.07118638276844941,0.6283149612620874,14.04763047523762,11.083406686782837,189.5980063676834,297.48567682504654,0.022078499376061426,0.37768527164877175,0.5926009498506903,16,198,304,0.03187250996015936,0.3944223107569721,0.6055776892430279,1,False,0.8522130187117726,-0.5120066999590446,0.10762021155534258,0.28336579388510724,0.36719389741896663,0.6266199005815899,0.1998079264552915,0.10483087560174503,0.95816591822768,104,3.7309184686392087,41.717406703099336,17:34=47;8:5=47;17:33=45;8:6=41;17:35=27,nan,nan,0
918,1691509924.2744336,485,485,485,485,0.9999998910566547,1.000000000673915,1.0000000014441088,1.0000000643304436,1.0000000985793125,20.92550774957439,180.98504565947914,283.08944724464425,0.11562009266193983,0.07391836026826774,0.6393210606083558,13.528438622972104,10.785730600357056,185.74859619140625,284.89381831884384,0.02223861979455063,0.38298679627094073,0.5874099346780285,15,196,291,0.030927835051546393,0.4041237113402062,0.6,1,False,0.8561521559018108,-0.5057500817667313,0.10592610980124914,0.28065567065319147,0.37520145985591263,0.617954216161764,0.19553316820492084,0.10032860241749851,0.9604424853727795,98,3.670630834267077,39.27667511939654,8:5=55;17:34=48;17:33=48;8:6=33;16:34=21,nan,nan,0
919,1691509924.3728213,494,494,494,494,0.9999998676042183,1.000000000129368,1.000000000215154,1.0000000600146448,1.0000001074506715,19.072859115283798,196.25836463057774,278.66877638195433,0.09718240112305603,0.06844275617423959,0.7042710962407154,14.610750003319984,8.655773401260376,200.4728854894638,281.423247218132,0.01752180850457566,0.4058155576709794,0.5696826866763806,12,210,289,0.024291497975708502,0.4251012145748988,0.5850202429149798,1,False,0.8391353555525698,-0.5327352431075202,0.10974978730199736,0.29863357941049334,0.38406884329374985,0.6035946980883614,0.22873190143724575,0.12585889841979808,0.9445374066243205,104,3.684490391636966,39.82482221525882,8:5=48;17:33=47;17:34=45;8:6=37;17:32=26,nan,nan,0
920,1691509924.4710174,488,488,488,488,0.9999999043585704,1.0000000021019402,1.000000002521144,1.0000000620421725,1.0000001003768497,17.120796670763877,186.69615538811513,284.18304999261443,0.09170406661654142,0.06024566444483169,0.6569573920505363,16.598704806645838,8.18520450592041,190.80545681715012,285.94680792093277,0.016772960053115595,0.39099478855973385,0.5859565736084688,13,199,292,0.02663934426229508,0.4077868852459016,0.5983606557377049,1,False,0.8440231494064808,-0.5258695048966888,0.10529096393174775,0.2851302112230577,0.3705833204251556,0.6183880194029028,0.20292934290941964,0.09766163242448228,0.9612974399749958,97,3.706252625976465,40.70099852683481,17:33=48;8:5=47;17:34=45;8:6=35;17:35=21,nan,nan,0
921,1691509924.5694935,460,460,460,460,0.9999998525543231,1.0000000004043628,1.0000000004294214,1.0000000577840444,1.0000001042268245,15.74330689261386,173.65258825637494,270.60410522302516,0.09065978832040765,0.05817837419590741,0.6417219284727954,17.18851744864238,5.776799440383911,175.80947941541672,272.12845373153687,0.012558259653008502,0.3821945204682972,0.5915835950685584,8,182,278,0.017391304347826087,0.39565217391304347,0.6043478260869565,1,False,0.8419262475418059,-0.5310296116637014,0.09574834325706284,0.28458974606226256,0.36664142888575557,0.6239183551124795,0.19629137077292186,0.10573378071164188,0.9676676363073103,97,3.628870545855759,37.670245765600356,17:33=51;17:34=45;8:5=44;8:6=38;17:35=21,nan,nan,0
922,1691509924.6675959,460,460,460,460,0.9999998828007561,1.0000000007518202,1.0000000021223094,1.0000000581603303,1.0000000939051261,17.192756883853875,168.7648183991044,274.0424254087163,0.10187405791647576,0.06273757378337315,0.61583464001022,15.939411419588913,10.978882431983948,172.65941709280014,274.9967089891434,0.023867135721704236,0.3753465588973916,0.5978189325850943,17,181,281,0.03695652173913044,0.3934782608695652,0.6108695652173913,1,False,0.8311627058375207,-0.5462235186818798,0.1039635708488181,0.2902723085828285,0.3588823606522743,0.6356141681911263,0.20280693114645695,0.10430575264120526,0.9594036895710994,103,3.7475496884624833,42.4170196469087,8:5=46;17:34=41;17:33=40;8:6=38;17:32=24,nan,nan,0
923,1691509924.7655244,431,431,431,431,0.9999998828007561,1.0000000028788043,1.0000000033983207,1.0000000612916597,1.0000000914526121,16.45119527919519,175.3452834216918,239.2035237806423,0.09382171540725931,0.06877488683771017,0.7330380449683063,14.540191136333311,8.27828824520111,178.22054547071457,240.30605870485306,0.019207165302090743,0.41350474587172753,0.5575546605681045,12,185,246,0.027842227378190254,0.42923433874709976,0.5707656612529002,1,False,0.8532704114242199,-0.5109440578053833,0.10423902715063826,0.2916090255762588,0.3991685377672455,0.592278887226991,0.22646618428731988,0.17227241436966004,0.9439280192055155,94,3.721135370827327,41.311271104240056,8:5=48;17:33=35;17:34=34;8:6=34;17:35=20,nan,nan,0
924,1691509924.8636186,482,482,482,482,0.9999999009527943,1.0000000025305467,1.000000002530996,1.0000000612662536,1.0000000985793125,20.52264065937751,179.03324195621357,282.44411982385617,0.11463033588140444,0.07266088836324962,0.6338713727439824,13.762562260466105,9.37374359369278,183.20602279901505,285.4389052391052,0.01944760081679,0.3800954829855084,0.5921968988363179,14,192,293,0.029045643153526972,0.3983402489626556,0.6078838174273858,1,False,0.8531975440194937,-0.5117971860983443,0.10058623753238327,0.2803646890686114,0.37146808970837936,0.6205941038477347,0.19971943285581573,0.12368084695299394,0.9560331905727885,102,3.6992039909715664,40.41512075154183,8:5=56;17:34=50;17:33=44;8:6=30;17:32=21,nan,nan,0
925,1691509924.961553,477,477,477,477,0.9999999042582748,1.000000002715279,1.000000006115942,1.0000000542100822,1.0000000970418428,17.419060818707226,183.4737406503125,276.1072011213565,0.09494034817716329,0.06308803518330217,0.6645018308293628,15.850866128490164,6.027767837047577,187.07553750276566,277.7403116822243,0.012636829847059909,0.3921919025215213,0.5822648043652501,10,196,285,0.020964360587002098,0.4109014675052411,0.5974842767295597,1,False,0.8504558103983771,-0.5121586793722884,0.12007664928400194,0.2856958187072149,0.3808038974164661,0.6146119298236146,0.20546719669900823,0.11644470342642387,0.9485125306404255,97,3.7009584134306417,40.48608818229863,8:5=47;8:6=41;17:34=38;17:33=37;17:32=30,nan,nan,0
926,1691509925.059251,479,479,479,479,0.9999998956283735,1.0000000001724088,1.0000000014946306,1.0000000593221177,1.0000001035012531,16.42089632421558,188.35253617990068,274.2265676610515,0.08718171072850078,0.059880763794236284,0.6868500663025017,16.699853786705592,6.17000275850296,191.32417231798172,276.7526790499687,0.012881007846561503,0.399424159327728,0.5777717725469076,10,199,284,0.020876826722338204,0.4154488517745303,0.592901878914405,1,False,0.8443559328373146,-0.5261331825496314,0.10122713520901694,0.2904335893765997,0.37927224379859487,0.6076108020355514,0.22340438230311513,0.1091662709606923,0.9498923070851278,99,3.750837040927356,42.556688786061926,8:5=51;17:34=41;8:6=34;17:33=33;17:35=25,nan,nan,0
927,1691509925.1585753,430,430,430,430,0.9999999082121582,0.9999999991077964,0.9999999985486937,1.0000000571799945,1.0000000934589262,16.716166163251195,160.32784919085276,252.95598387860113,0.10426239887589603,0.06608329997551524,0.633817183260616,15.132416213635118,8.760631263256073,164.17741280794144,255.39528942108154,0.020373561077339706,0.3818079367626545,0.5939425335373989,13,172,262,0.030232558139534883,0.4,0.6093023255813953,1,False,0.8439360427765005,-0.5268719290572531,0.1008857079780341,0.28571528606584845,0.3648727997350634,0.6274125446313031,0.20813978406863218,0.10164669393919445,0.9599641325773998,98,3.7448652722688647,42.303307406258654,8:5=51;17:34=33;17:33=29;17:35=25;8:6=25,nan,nan,0
928,1691509925.258861,436,436,436,436,0.9999998982208461,1.0000000004687923,0.9999999988202598,1.0000000608951263,1.0000000905203883,17.67606543902332,171.153315553892,247.17061941587178,0.1032762081284809,0.07151361873347423,0.6924500814796339,13.983350552108448,8.724603235721588,174.23920160531998,249.80346071720123,0.020010557880095387,0.399631196342477,0.5729437172412872,14,183,257,0.03211009174311927,0.4197247706422018,0.5894495412844036,1,False,0.8403197543799106,-0.5320420996293435,0.10389376603476344,0.29554903417085315,0.38458719866767815,0.6092382625550653,0.21999865166264515,0.1340810662792094,0.9458558923046568,102,3.856737525202499,47.3107491862491,17:33=42;8:5=38;8:6=34;17:34=29;9:5=19,nan,nan,0
929,1691509925.3612468,397,397,397,397,0.9999998926977887,1.0000000014223427,1.0000000001590008,1.0000000669836295,1.000000104599585,21.16740365383459,165.02267544959025,210.80992202591545,0.12826966716038143,0.10040990220200557,0.7828031710447839,9.959177113709272,14.417609810829163,166.90914410352707,211.25405323505402,0.0363163975083858,0.4204260556763906,0.5321260786777179,20,174,217,0.05037783375314862,0.43828715365239296,0.5465994962216625,1,False,0.8419854041056395,-0.5289879552545197,0.10598265173463628,0.31342594500048576,0.405902880959752,0.5730573078447483,0.2685433616923477,0.18455969851988785,0.9076068787045998,105,3.8041997498737645,44.88931305717391,8:6=38;8:5=37;17:34=28;17:33=28;9:5=21,nan,nan,0
930,1691509925.4648528,386,386,386,386,0.9999999055444482,1.000000001653392,1.0000000000015614,1.000000068459066,1.0000001276069006,17.59491223310162,149.6261080877432,218.778980955574,0.11759252752055593,0.08042322967339582,0.6839144575690604,12.434218372739663,12.2958003282547,152.4080649614334,220.5105282664299,0.031854404995478494,0.3948395465322109,0.571270798617694,19,160,227,0.04922279792746114,0.41450777202072536,0.5880829015544041,1,False,0.8623842266343342,-0.49630338150911646,0.09988192606731999,0.2825817333957223,0.38803783403263786,0.6074236004764285,0.20596213007077646,0.1261894032418523,0.9443959516898603,105,3.862852494670328,47.600939320676574,8:5=43;17:33=26;8:6=25;17:34=24;17:32=19,nan,nan,0
931,1691509925.5686226,393,393,393,393,0.9999998892847004,1.0000000002318963,1.0000000010547303,1.0000000591431977,1.0000000994591405,17.235041152353226,148.20829046984676,227.5566685600706,0.11628931888840406,0.07573955648679882,0.6513027783702265,13.203140424703925,10.757403910160065,151.86682385206223,227.92327803373337,0.02737252903348617,0.3864295772317105,0.5799574504675149,17,160,233,0.043256997455470736,0.4071246819338422,0.5928753180661578,1,False,0.8447937199528847,-0.5277470561715152,0.0883550532254178,0.2847217951960154,0.3704120301133173,0.619285299533253,0.20511106640849402,0.12546478958646537,0.9516160270201335,101,3.861228586622503,47.523702501948755,8:5=33;8:6=30;17:33=29;17:34=28;17:35=21,nan,nan,0
932,1691509925.671967,402,402,402,402,0.9999999070645961,1.000000002801163,1.0000000030317087,1.0000000636753024,1.0000000951894767,16.407771513589307,155.30729632545604,230.28493441309007,0.10564713894191943,0.07124986945154081,0.6744136203320295,14.035113435262224,9.307552874088287,157.80914759635925,232.65718358755112,0.02315311660220967,0.39256006864765985,0.578749212904356,14,165,239,0.03482587064676617,0.41044776119402987,0.5945273631840796,1,False,0.8370042403191283,-0.539079892400946,0.09389766395807453,0.29516820554591233,0.37271092646326914,0.6123021210512107,0.22981024014551976,0.12147543463843205,0.9502695489936503,98,3.817670418967316,45.498093271926614,8:5=42;17:33=34;8:6=31;17:34=25;17:35=20,nan,nan,0
933,1691509925.7741253,457,457,457,457,0.9999999078037983,0.9999999994091486,0.999999999825855,1.0000000622142928,1.0000000961172089,17.59857135721382,174.7096348315379,264.69179327121014,0.10073039975261282,0.06648703059403833,0.660049307431779,15.040527318867305,9.48654693365097,177.42409604787827,267.55276423692703,0.020758308388732976,0.38823653402161545,0.5854546263390088,15,185,275,0.03282275711159737,0.4048140043763676,0.6017505470459519,1,False,0.8427184700346773,-0.529140282217513,0.09917732602355896,0.28721102184936564,0.374902384655849,0.6184697761568572,0.20862379585845947,0.1258788078686229,0.953416682574014,103,3.761958117319266,43.03260642620609,8:5=47;17:33=42;17:34=39;8:6=29;9:5=26,nan,nan,0
934,1691509925.876693,462,462,462,462,0.9999999129245642,1.0000000010230152,0.9999999993351667,1.0000000651694019,1.0000000969020344,18.36758767282913,181.81889627771923,261.8135169947179,0.1010213352344498,0.07015523065296778,0.6944595464923511,14.254104657522026,9.214090943336487,186.38356691598892,263.5142756700516,0.019943919790771616,0.40342763401729204,0.5703772200650467,15,196,271,0.032467532467532464,0.42424242424242425,0.5865800865800865,1,False,0.8397243336135332,-0.5331218825444342,0.10317025680682534,0.2955668080768286,0.38176217999675977,0.6072678725295618,0.21024286810523318,0.1295223113880699,0.9467913063241524,96,3.6822160954177336,39.73435169004578,8:5=66;17:33=39;17:34=31;9:5=24;8:6=24,nan,nan,0
935,1691509925.9789553,492,492,492,492,0.9999998884925083,1.000000003054724,1.0000000046687627,1.000000064383409,1.0000000977880612,20.010803438087958,191.97405435479595,280.0151452129646,0.1042370204939522,0.07146328968338053,0.6855845393962198,13.99319852795077,10.054029643535614,195.73585498332977,282.58895766735077,0.02043501960068214,0.397837103624654,0.5743678001368918,16,206,291,0.032520325203252036,0.4186991869918699,0.5914634146341463,1,False,0.8505755476763319,-0.5146169072830872,0.10812343147300724,0.2854434013355511,0.385998396416009,0.6070074795176245,0.20774590538618976,0.13095298877663675,0.9516316174461841,103,3.805763980446907,44.95958523968487,8:5=56;17:33=43;17:34=42;8:6=24;9:5=23,nan,nan,0
936,1691509926.0786107,440,440,440,440,0.999999887378685,0.9999999973097993,0.9999999966806006,1.0000000571408807,1.0000001022182268,14.605345163660179,165.66431796041758,259.7303345085458,0.08816228710850006,0.05623272765307136,0.637831997074515,17.783238369113352,3.1119608283042908,168.50043845176697,260.86999571323395,0.007072638246146116,0.38295554193583403,0.5928863538937135,5,175,266,0.011363636363636364,0.3977272727272727,0.6045454545454545,1,False,0.842235839859244,-0.5271149963391216,0.11308656282247416,0.28214287834243457,0.36737648511925003,0.6270305282165544,0.20764458690516324,0.1054159011415994,0.9563267733937895,92,3.693235471871366,40.174620759744926,8:5=54;17:33=53;17:34=30;8:6=20;17:35=19,nan,nan,0
937,1691509926.1771436,459,459,459,459,0.9999998802059424,1.0000000005093599,1.0000000003492513,1.0000000639682483,1.0000001027151157,16.78150857941538,177.66828967973285,264.55020220844443,0.09445415729315537,0.06343411737857184,0.6715862932500971,15.764387388446611,5.766343832015991,181.40371543169022,266.75354892015457,0.012562840592627432,0.39521506629997866,0.5811624159480492,10,189,273,0.02178649237472767,0.4117647058823529,0.5947712418300654,1,False,0.8313704776429796,-0.5459085303566333,0.10395674767683291,0.2949241865972671,0.37340566322754765,0.6149833241511468,0.21764092584846614,0.1139049423630348,0.9552504354580544,101,3.8113504059439887,45.211451473959634,8:5=65;17:33=34;17:34=29;17:32=24;8:6=23,nan,nan,0
938,1691509926.2754307,442,442,442,442,0.9999998948697963,0.9999999979303227,0.9999999972646009,1.0000000583921482,1.000000104359912,16.16224159957984,176.66739226371578,249.17036430710976,0.09148401067387728,0.06486422109035167,0.7090224905156379,15.416819676398557,6.986874341964722,180.33788233995438,250.4809775352478,0.015807408013494846,0.4080042586876796,0.5666990441973933,12,188,256,0.027149321266968326,0.4253393665158371,0.579185520361991,1,False,0.8399721546473113,-0.5370662523860809,0.0775023868350112,0.28952399321547706,0.38289335890477755,0.6017941071504627,0.1953896769465065,0.1330264191702489,0.9519731180870953,100,3.700079581222484,40.45052333407779,8:5=57;17:33=40;17:34=39;9:5=24;17:35=23,nan,nan,0
939,1691509926.3709104,470,470,470,470,0.9999998895039315,0.999999999539643,0.9999999984633681,1.0000000596671885,1.0000000996360925,19.622376210828882,195.06478918849965,255.31283416793596,0.10059414768016857,0.07685620769820745,0.764022654106737,13.011310731420897,8.267099678516388,199.45739859342575,256.2122246026993,0.017589573784077422,0.42437744381579945,0.5451323927717006,13,210,264,0.027659574468085105,0.44680851063829785,0.5617021276595745,1,False,0.8416173880147507,-0.5279916666980058,0.1136000532072523,0.30044457038810707,0.4019001953073054,0.5848541172563284,0.21801533183165606,0.16585285325088656,0.9181442063503693,99,3.733356607972538,41.81924364915087,8:5=55;17:33=48;17:34=31;8:6=30;9:5=23,nan,nan,0
940,1691509926.4671474,460,460,460,460,0.9999998970745702,0.9999999979723295,0.9999999946664837,1.0000000589793556,1.0000001196817365,17.234570722860685,183.63198028763162,259.133447124051,0.09385386301375907,0.06650847628561914,0.708638666006416,15.035677493279545,7.512401819229126,187.5617743730545,260.690918803215,0.01633130830267201,0.4077429877675098,0.5667193887026414,11,196,267,0.02391304347826087,0.4260869565217391,0.5804347826086956,1,False,0.8413192561077467,-0.5317541502420764,0.09705376346455813,0.29158064915962945,0.3875913795806892,0.6005226641277899,0.2123450609469346,0.14031444739053123,0.9491937295651067,101,3.7147996015782567,41.050359832733676,8:5=65;17:33=39;17:34=34;17:32=29;8:6=24,nan,nan,0
941,1691509926.563632,470,470,470,470,0.9999998904869141,0.9999999969536253,0.9999999964465506,1.0000000548166743,1.0000000849592898,20.858969776058334,178.99388622348886,270.1471411368608,0.11653453766579583,0.077213364865819,0.6625792354130734,12.951125776448093,12.354081213474274,182.592711687088,272.69133764505386,0.02628527917760484,0.38849513124912344,0.5801943354150082,18,191,279,0.03829787234042553,0.40638297872340423,0.5936170212765958,1,False,0.8504494426091356,-0.5162855603666893,0.10092059117278612,0.2864705320238108,0.37719695631793926,0.6128447740871913,0.19974407435054348,0.12589910332836746,0.951787767396543,111,3.7070719116921094,40.73435793711849,8:5=57;17:33=48;17:34=41;8:6=30;17:32=21,nan,nan,0
942,1691509926.6608787,463,463,463,463,0.9999998931183762,0.9999999967706585,0.9999999962140067,1.0000000572358156,1.0000000977880612,17.918296594093604,179.5728539559579,265.50884645957854,0.09978288031490691,0.06748662740629817,0.6763347298987129,14.817750396379644,7.113001048564911,183.69303584098816,266.4262897372246,0.015362853236641277,0.3967452177991105,0.5754347510523209,10,192,272,0.02159827213822894,0.4146868250539957,0.5874730021598272,1,False,0.849334124015011,-0.5176618729163327,0.10323628776941018,0.28451556275209283,0.38159196606926155,0.6118418888466886,0.19785745170701877,0.12312507884416042,0.9584716819220566,95,3.6852480602604434,39.85500766732783,17:33=51;8:5=50;17:34=33;8:6=28;17:32=23,nan,nan,0
943,1691509926.758687,469,469,469,469,0.9999998802059424,0.9999999989445941,0.99999999990773,1.000000057949311,1.0000001090935606,24.626846755061504,185.13979063233444,259.23336162263337,0.13301757915437792,0.09499875556492171,0.7141819612779735,10.526453678823241,17.681892454624176,190.68355399370193,260.81288635730743,0.037701263229475854,0.4065747419908357,0.5561042353034273,26,202,269,0.05543710021321962,0.43070362473347545,0.5735607675906184,1,False,0.8459119136306107,-0.5263527401689572,0.08594083601192502,0.29762345718196764,0.3911270631143213,0.5978295927455067,0.21339873543388863,0.16236053386954194,0.9310807116327563,114,3.8881777490975207,48.821839774023665,8:5=52;17:33=37;17:34=33;8:6=28;17:32=25,nan,nan,0
944,1691509926.8587532,417,417,417,417,0.9999999036082484,1.0000000010385819,1.0000000000259464,1.0000000603143584,1.000000104359912,17.750464360551078,156.01425999336996,243.23527651225652,0.11377462778918676,0.07297652139555769,0.6414129653825459,13.703037372522298,9.476143538951874,160.6269217133522,245.35811513662338,0.022724564841611207,0.3851964549480868,0.5883887653156437,14,169,252,0.03357314148681055,0.4052757793764988,0.60431654676259,1,False,0.8632821027006099,-0.4928679598789285,0.10874366777700997,0.27095520689138564,0.37723833292087355,0.6200265919461422,0.16146107696293352,0.09693514995921114,0.9589613635997,90,3.638728372056566,38.04342886631853,8:5=50;17:33=45;17:32=28;17:34=26;17:35=22,nan,nan,0
945,1691509926.9599292,400,400,400,400,0.9999999037851882,1.000000002366756,1.0000000013646173,1.0000000613123248,1.0000000969844662,17.52450579680447,153.19128428404227,229.28421181255828,0.11439623264931381,0.07643136724621448,0.6681283594409779,13.083633539860932,8.627194881439209,155.8704828619957,231.77166467905045,0.021567987203598024,0.38967620715498924,0.5794291616976261,12,163,239,0.03,0.4075,0.5975,1,False,0.8481037478446084,-0.5205933922321566,0.09850153732883837,0.28817359737719916,0.37789435524994763,0.6166446468538574,0.19124867929991757,0.12399451633246765,0.9480814908189654,96,3.7497083283943855,42.508681616311186,8:5=46;17:33=42;17:32=26;17:34=22;8:6=19,nan,nan,0
946,1691509927.0622752,359,359,359,359,0.9999999037851882,1.0000000017321413,1.0000000001703242,1.000000061745602,1.0000001027363057,12.561812940020927,138.52486810687446,207.91332019678225,0.09068272803067576,0.060418509637245155,0.6662625943146202,16.55121925390141,6.152356266975403,141.12493401765823,209.19933199882507,0.01713748263781449,0.39310566578734885,0.5827279442864208,10,148,215,0.027855153203342618,0.41225626740947074,0.5988857938718662,1,False,0.8375886892475934,-0.5398536526492254,0.08368525178182841,0.28428948452729397,0.37337813859457836,0.618376783745545,0.16898051436617217,0.10531887009161005,0.9637728594442486,88,3.599809880646692,36.59127707239976,8:5=51;17:33=48;17:32=21;17:34=20;9:5=20,nan,nan,0
947,1691509927.166683,401,401,401,401,0.9999999002726895,1.0000000019199742,1.000000003904186,1.0000000623177845,1.0000001065475863,17.858914324477023,166.58908820597358,216.551999009369,0.10720338598885876,0.08246940414391818,0.7692798448781172,12.125709047865678,9.036125600337982,169.59534925222397,217.81329303979874,0.022533979053211927,0.422931045516768,0.5431752943635879,14,177,224,0.034912718204488775,0.44139650872817954,0.5586034912718204,1,False,0.8405484696754485,-0.531844161878392,0.10305366370067875,0.3046665493390451,0.40294862799234205,0.5790886320924715,0.22511392284555964,0.16015515499534724,0.9148724805349298,93,3.6955233664630556,40.26664128379415,8:5=58;17:33=33;17:34=27;17:32=24;8:6=21,nan,nan,0
948,1691509927.2708173,418,418,418,418,0.9999998847083253,0.9999999988666914,0.9999999988689412,1.0000000631439614,1.0000001037145443,17.54096505980199,149.3212537664103,251.1377802263419,0.11747132184706995,0.06984598272706288,0.5945790140847472,14.317215693101486,9.023456633090973,152.57345867156982,253.53106701374054,0.02158721682557649,0.3650082743338991,0.60653365314292,13,160,260,0.03110047846889952,0.3827751196172249,0.6220095693779905,1,False,0.847759512219335,-0.5207162970609619,0.10078862741775567,0.275886691093038,0.35717528421701994,0.6361585720511603,0.18690599514954714,0.11451239059113533,0.9671599812427549,102,3.80496077112722,44.92348778065953,8:5=45;17:33=41;17:34=29;9:5=22;17:35=21,nan,nan,0
949,1691509927.3761337,454,454,454,454,0.9999998691054586,1.0000000019057405,1.0000000015344321,1.0000000639712703,1.0000001276069006,22.795790872429798,161.4302357884108,269.773975069572,0.14121140789454464,0.08449959217360012,0.598390692603983,11.834376643446406,14.615460872650146,165.90400129556656,273.46848756074905,0.032192645093943054,0.3654273156290012,0.6023534968298437,23,176,282,0.05066079295154185,0.3876651982378855,0.6211453744493393,1,False,0.8483169897604215,-0.519873805538102,0.1004465589213942,0.2804106819976178,0.35934644417011746,0.6351877798256763,0.18081776170745656,0.11373660195674899,0.9539838321464245,108,3.805441502873901,44.94508911921591,8:5=48;17:33=41;17:34=36;17:35=27;17:32=25,nan,nan,0
950,1691509927.4800577,450,450,450,450,0.9999998900398002,0.9999999990528987,0.9999999991207625,1.0000000606322095,1.0000001276069006,18.723631865380792,166.22054432853741,265.05582295369084,0.11264330736622574,0.07064033401240194,0.6271152335995976,14.156218454805657,8.611928701400757,168.05269414186478,268.4636610150337,0.019137619336446126,0.3734504314263662,0.5965859133667416,13,175,276,0.028888888888888888,0.3888888888888889,0.6133333333333333,1,False,0.8414914581109498,-0.5280448889412577,0.11428351232493059,0.285878223250245,0.36789499051306745,0.6261518926569523,0.20504668793216538,0.12501426214502537,0.9533524140646552,110,3.801441468646333,44.76566631229683,8:5=52;17:33=44;17:34=36;17:32=26;9:5=22,nan,nan,0
951,1691509927.5817358,458,458,458,458,0.999999905046679,0.9999999992524247,1.0000000005132104,1.00000006170886,1.0000000841101429,24.277788472702536,163.49007537524275,270.23213546727595,0.14849701681878918,0.08984049373225814,0.604998643453494,11.130838205099266,15.331032752990723,168.26249086856842,273.04386484622955,0.03347387063971773,0.36738535124141575,0.5961656437690601,23,179,282,0.05021834061135371,0.39082969432314413,0.6157205240174672,1,False,0.8424363454435033,-0.5294250239796037,0.10005072643409471,0.28665762901909725,0.35978030891844265,0.6312825088004984,0.19774395185505544,0.1113631110055577,0.9585217363562919,114,3.8604748800117137,47.48789706829488,17:33=45;17:34=40;8:5=39;8:6=26;17:32=23,nan,nan,0
952,1691509927.6809065,471,471,471,471,0.9999998849420842,1.0000000012719514,0.9999999992567725,1.0000000593937375,1.0000000918805443,19.850747119845952,184.92724539591902,266.2220086824135,0.10734355058037337,0.07456463580186819,0.6946354522346266,13.411183320967089,10.62098079919815,189.09805846214294,269.1628077030182,0.022549853076853824,0.40148207741431624,0.5714709293057711,17,199,278,0.036093418259023353,0.42250530785562634,0.5902335456475584,1,False,0.8481871533761213,-0.5163064393950402,0.11834784952388189,0.29068005840498146,0.3898703914502954,0.6056908040627232,0.19073923339406176,0.13684357742642644,0.9434747921734272,104,3.6753175726951652,39.46118666293609,8:5=66;17:33=56;17:34=34;17:32=27;8:6=25,nan,nan,0
953,1691509927.778208,423,423,423,423,0.9999999047055272,0.9999999995328757,1.0000000015801762,1.000000059871102,1.0000000954187926,14.720238988506779,158.83510701194578,249.44465360436058,0.09267623049732758,0.059012044458785114,0.6367549062160743,16.94569319147068,5.17666232585907,161.88402092456818,251.7091920375824,0.012237972401558085,0.3827045411928326,0.595057191578209,8,169,258,0.018912529550827423,0.39952718676122934,0.6099290780141844,1,False,0.857122432817483,-0.5058406001736337,0.09729554140358995,0.27163960004138943,0.3739406379884456,0.6291517176727368,0.16720727021893841,0.1151224099635849,0.9686925359187837,90,3.61274975957187,37.0678404540157,17:33=50;8:5=49;17:34=36;17:32=32;8:6=23,nan,nan,0
954,1691509927.8743908,451,451,451,451,0.9999998691054586,0.9999999974541696,1.0000000012787469,1.0000000580210253,1.000000099783648,19.463782698911235,181.55685105834064,249.9793639464094,0.10720489249208685,0.07786155781676396,0.7262873550524868,12.843308405842032,10.182379126548767,185.8255688548088,253.07255572080612,0.02257733730942077,0.4120300861525694,0.5611364871858229,16,195,261,0.03547671840354767,0.43237250554323725,0.5787139689578714,1,False,0.8520041156835874,-0.5134206471656241,0.10241203992822412,0.29025349901975894,0.39556151137304885,0.5950223079669195,0.19713125540750256,0.1440249943698446,0.9349184010924175,97,3.609934516717508,36.96363223559801,8:5=63;17:33=45;17:34=33;17:32=33;8:6=23,nan,nan,0
955,1691509927.9717202,434,434,434,434,0.9999998927200711,1.0000000011361634,1.0000000018415294,1.0000000595474194,1.0000001081683096,19.337665835471654,167.10470501722475,247.55763013349366,0.11572185135947174,0.07811379445280664,0.6750133491224437,12.801836180217332,10.415352046489716,171.25627171993256,250.32669234275818,0.023998507019561556,0.3945997044238077,0.5767896136929912,15,179,257,0.03456221198156682,0.41244239631336405,0.5921658986175116,1,False,0.8465265651795774,-0.5201062562609253,0.11350002926656526,0.28989838851563754,0.3791233744448369,0.6068082839992535,0.19903423168449086,0.11453551455519426,0.9471296049833804,89,3.589612801523953,36.22004886330075,8:5=57;17:33=44;17:34=33;17:32=31;8:6=26,nan,nan,0
956,1691509928.0684211,461,461,461,461,0.9999998948295049,0.9999999981992594,0.9999999970403675,1.0000000626522072,1.0000001027363057,20.038276980719793,167.01011277979697,273.9516085792006,0.11998241691591625,0.07314531600907406,0.6096336270699927,13.671415403768911,10.092627465724945,170.77496564388275,278.3058547973633,0.021892901227169078,0.3704446109411773,0.6037003357860374,15,180,287,0.03253796095444685,0.39045553145336226,0.6225596529284165,1,False,0.8561416121882511,-0.5077685341553534,0.09587833749823584,0.27037536508511417,0.362207726651026,0.63267024615246,0.15572751007843655,0.09655749664868243,0.9586502959580112,100,3.7129575375883004,40.9748120464018,17:33=50;8:5=48;17:34=36;17:32=29;8:6=26,nan,nan,0
957,1691509928.1651685,466,466,466,466,0.9999998847083253,1.0000000020522049,1.0000000034049845,1.000000058996784,1.0000001010150188,24.20682035461062,172.686084086247,269.10709747179726,0.14017817638693267,0.0899523668533028,0.6417002216165804,11.116994860522482,15.990919172763824,177.39537924528122,271.45722061395645,0.034315277194772155,0.3806767794963116,0.5825262244934688,23,188,279,0.04935622317596566,0.4034334763948498,0.5987124463519313,1,False,0.8510016648631942,-0.5169646308551686,0.09243233657574003,0.28146436521330065,0.37111869762767835,0.6180051654235555,0.193361049513609,0.10086094840910736,0.958485042255715,105,3.685329195615086,39.858241448694436,17:33=55;8:5=54;17:34=32;17:32=32;8:6=22,nan,nan,0
958,1691509928.2630832,429,429,429,429,0.9999998937593216,0.9999999985635508,0.9999999998473598,1.0000000608431416,1.0000001087413954,21.46813928123021,148.17863489942633,259.3532245868703,0.14488012590884872,0.08277567905865564,0.5713390883628437,12.080843206268238,13.353481948375702,151.9867723584175,262.2552714943886,0.03112699754866131,0.3542815206489919,0.6113176491710689,19,161,269,0.04428904428904429,0.3752913752913753,0.627039627039627,1,False,0.8462705100334913,-0.5219082224140122,0.10694873175639061,0.2747222701122274,0.3478134929546259,0.6408750399074996,0.16503422345094965,0.08281424833715349,0.9660166489611006,106,3.8068901465215634,45.010245720015384,17:33=41;8:5=40;17:34=36;17:32=25;8:6=22,nan,nan,0
959,1691509928.3613958,417,417,417,417,0.9999998850372898,1.0000000009535623,0.9999999994986168,1.0000000627955308,1.0000001126135414,19.179220321171734,155.07322875614665,242.747551717953,0.12367847419576944,0.07900891352122043,0.6388250989914219,12.656799789196155,10.942313969135284,157.8153567314148,245.41497826576233,0.026240561077063032,0.3784540928810906,0.588525127735641,16,165,252,0.03836930455635491,0.39568345323741005,0.60431654676259,1,False,0.8443701901128111,-0.5284614509162248,0.08813329078375463,0.2839134693611321,0.3678817891526235,0.6200553240818869,0.19820216729619214,0.10398272019978413,0.9565992933702953,97,3.7709733349085237,43.42230872268015,17:33=44;8:5=39;17:34=27;17:32=27;8:6=26,nan,nan,0
960,1691509928.4612248,401,401,401,401,0.9999998743636981,1.0000000000252622,0.9999999993928625,1.0000000634407,1.0000000850548099,22.203792434787836,145.97023468239567,232.82597290307714,0.15211178144023127,0.0953664754749292,0.6269499612191525,10.485865132584134,18.3587446808815,151.77545553445816,235.74874240159988,0.04578240568798379,0.37849240781660387,0.5879021007521195,28,162,244,0.06982543640897755,0.40399002493765584,0.6084788029925187,1,False,0.8585951563715501,-0.5044976651504071,0.09108492363229602,0.27778643243307166,0.3696389855377587,0.6242970189427114,0.17571800884526909,0.1108401549211932,0.9584719668035132,97,3.7316702489710774,41.748780820699906,17:33=45;8:5=45;17:32=25;17:34=23;8:6=23,nan,nan,0
961,1691509928.562191,382,382,382,382,0.9999998890362727,1.0000000000631741,1.0000000023485054,1.0000000628558057,1.0000000906462412,16.46222559986986,141.73808989901713,223.79968454937824,0.11614538908770787,0.07355785881922323,0.6333256911617524,13.594740467604055,8.56510877609253,146.84304684400558,226.35566991567612,0.02242175072275531,0.38440588179059054,0.5925541097269008,13,156,233,0.034031413612565446,0.4083769633507853,0.6099476439790575,1,False,0.8590429142718307,-0.5021752218166597,0.0993243073610297,0.2685388768708505,0.3697463226315115,0.6243560938835467,0.16651869646257955,0.09039958428120086,0.9644515256347553,93,3.747894529583393,42.43164930181772,17:33=42;8:5=40;17:34=31;8:6=24;17:32=22,nan,nan,0
962,1691509928.664326,391,391,391,391,0.9999998910376214,1.0000000009337684,1.0000000005116414,1.0000000608538255,1.000000103592682,17.430196267837708,143.117224991922,230.4525794704474,0.12178964669571762,0.07563463298128502,0.6210267870326657,13.221456369695604,9.019801139831543,146.30384308099747,233.24302595853806,0.023068545114658678,0.37417862680562014,0.5965294781548288,14,155,241,0.03580562659846547,0.39641943734015345,0.6163682864450127,1,False,0.8556080114875588,-0.5080096071753065,0.09930342237755951,0.27257772133188335,0.3711587194147818,0.6293419329982777,0.17036090962128747,0.11663565365337185,0.9610489623734078,106,3.8395809971787465,46.50598421825283,17:33=47;8:5=43;17:34=20;17:32=20;8:6=19,nan,nan,0
963,1691509928.7674086,361,361,361,361,0.9999999117897646,0.9999999987655606,0.9999999950660687,1.0000000612588837,1.0000001081683096,17.175740002145236,115.00447051996979,228.81978858661984,0.14934845510342817,0.0750623016839444,0.5025984475832814,13.322266671365567,9.68915981054306,116.92329174280167,232.23857879638672,0.026839777868540332,0.32388723474460296,0.6433201628708773,14,123,239,0.038781163434903045,0.3407202216066482,0.6620498614958449,1,False,0.8725228920597521,-0.48347133028336087,0.07042212454707238,0.24849401199505192,0.3349299100497313,0.6712651754443248,0.14604253994987557,0.07605940901772458,0.9776852006025145,96,3.778148290095837,43.73498220965608,17:33=39;8:5=38;17:32=28;17:34=27;8:6=16,nan,nan,0
964,1691509928.8704722,382,382,382,382,0.999999891090488,1.0000000013161885,0.9999999996444275,1.0000000643031661,1.0000001022182268,16.237253837326794,141.55925535330903,224.20349181493236,0.11470287687513778,0.07242194894417502,0.6313873803096626,13.807968641810918,8.838494539260864,144.6766763329506,226.06769907474518,0.023137420259845193,0.3787347547983,0.5918002593579716,14,152,232,0.03664921465968586,0.39790575916230364,0.6073298429319371,1,False,0.8426761450102759,-0.5302446585817442,0.09347468468066752,0.28285038944077967,0.36452147777435706,0.6253463132049012,0.18524814922324734,0.10319687145298193,0.9563388616851476,95,3.79081278862479,44.29238599711316,17:33=46;8:5=35;17:34=26;17:32=19;8:6=18,nan,nan,0
965,1691509928.9738631,408,408,408,408,0.9999998767084101,0.9999999971808623,0.9999999987525403,1.000000057007351,1.0000001022182268,22.086415422894074,145.25764938824776,240.65593288844192,0.1520499300099579,0.09177590245877054,0.6035905603689528,10.896106420192824,14.667272925376892,148.4733315706253,242.33934998512268,0.03594919834651199,0.3639052244378071,0.5939689950615752,20,157,249,0.049019607843137254,0.38480392156862747,0.6102941176470589,1,False,0.8437116552844532,-0.5309014155597632,0.07933681171944806,0.28231891496758205,0.3612935548057774,0.6333073544138642,0.18342163670685982,0.1104940834498302,0.9626863469856265,110,3.8361832127755386,46.34823506100029,17:33=46;8:5=44;17:34=29;17:32=27;8:6=19,nan,nan,0
966,1691509929.076217,421,421,421,421,0.9999998891797018,1.000000003456144,1.000000003395372,1.0000000613558657,1.0000001276064459,16.663457050625613,157.2117437067624,247.1248021526854,0.10599371686702334,0.06742931873074456,0.6361633568840636,14.830344111782454,8.37520295381546,161.4230066537857,248.32929491996765,0.019893593714526033,0.38342756924889715,0.5898558074108495,14,171,255,0.0332541567695962,0.40617577197149646,0.6057007125890737,1,False,0.8505241202042522,-0.5170718013737416,0.09615338358527234,0.27727519816058865,0.37050665812068717,0.6270798435092401,0.17495151212565008,0.09593838079637698,0.9561936231691242,90,3.720359241845667,41.27922066871165,8:5=48;17:33=46;17:34=33;17:35=20;17:32=19,nan,nan,0
967,1691509929.1771235,437,437,437,437,0.9999998891797018,1.0000000022057784,1.0000000027926328,1.000000061766993,1.0000001119405435,17.53662509958518,151.84926416312783,267.6141126651376,0.11548706012000182,0.065529522807822,0.5674187457861575,15.260297300389222,9.490936994552612,155.30710583925247,269.6362512111664,0.021718391291882407,0.3553938348724313,0.6170165931605638,14,163,275,0.032036613272311214,0.37299771167048057,0.6292906178489702,1,False,0.8664758025164724,-0.4921882876183674,0.08348876082883606,0.25714124025498986,0.3523472243897299,0.6486947709310379,0.15586185705566802,0.08130990757223976,0.9719281173338173,102,3.716544869112578,41.12206624826024,8:5=51;17:33=48;17:34=37;17:32=25;8:6=25,nan,nan,0
968,1691509929.2781212,454,454,454,454,0.9999998850372898,1.0000000000678768,1.0000000001301665,1.0000000603327401,1.0000001004739525,23.607380493602044,160.77615825290908,269.6164613151214,0.1468338387366268,0.08755912149596197,0.5963143254261382,11.420854651289732,17.53653836250305,165.5581766963005,272.06144708395004,0.03862673648128426,0.36466558743678523,0.5992542887311675,26,176,279,0.05726872246696035,0.3876651982378855,0.6145374449339207,1,False,0.8418014031385542,-0.5318948393784257,0.09196889428801397,0.28455841793080366,0.3548970965360368,0.6323344588671,0.1907713288249473,0.10463846309127184,0.9636282350915811,107,3.8246008830133214,45.81451136712811,17:33=53;8:5=44;17:34=29;17:32=28;8:6=19,nan,nan,0
969,1691509929.3785927,468,468,468,468,0.9999998844087421,0.9999999981786825,0.9999999981982595,1.0000000614952458,1.0000001027151157,25.496313837906644,168.3134081126437,274.19027634469666,0.1514811809932768,0.09298766600261968,0.613856225525115,10.754114421710806,16.304051280021667,171.9546236395836,275.98311787843704,0.034837716410302706,0.36742440948628974,0.5897075168342671,23,181,283,0.049145299145299144,0.38675213675213677,0.6047008547008547,1,False,0.8571722596147475,-0.5067710591076493,0.0918630012456562,0.28285081377089916,0.36561119475606213,0.6265967636887168,0.2008046032721404,0.11949244557467484,0.9558355743302338,111,3.8971230787920965,49.260526400084025,17:34=40;17:33=40;8:5=37;8:6=27;17:32=24,nan,nan,0
970,1691509929.478095,455,455,455,455,0.9999998844087421,0.9999999989268858,1.0000000000615423,1.0000000570149021,1.0000001073490818,21.20002138796262,159.61437962216226,274.18559801334146,0.13282024738715348,0.07731996699159618,0.5821399109897656,12.933269877219281,10.556020557880402,163.33636087179184,277.90495479106903,0.023200045182154728,0.35898101290503703,0.6107801204199319,16,172,285,0.035164835164835165,0.378021978021978,0.6263736263736264,1,False,0.8366545783339282,-0.5390242775781067,0.09727252815814601,0.2833731489030798,0.3512375693243282,0.6386521662236513,0.1834476506237975,0.1125004251941485,0.9629704543376092,104,3.854384291075573,47.199546810623445,8:5=44;17:33=41;17:34=37;8:6=24;17:32=22,nan,nan,0
971,1691509929.576888,446,446,446,446,0.999999900528037,0.9999999980881807,0.9999999967808095,1.000000060017873,1.0000000977880612,23.28423716560485,158.20326348308922,264.51249764596344,0.14717924683073158,0.08802698312111369,0.5980937191664806,11.360153041075256,15.53769963979721,161.49646371603012,268.80313688516617,0.034837891569052044,0.36209969443056084,0.6026976163344533,24,171,278,0.053811659192825115,0.3834080717488789,0.6233183856502242,1,False,0.8428224726953122,-0.5260203156120989,0.1138108390405225,0.2860269095204361,0.3603352085412058,0.6335730583506349,0.19621495488141824,0.12187050776236473,0.9581006649861066,111,3.8628765854568905,47.60208607855902,8:5=46;17:33=45;17:34=31;17:32=27;17:35=18,nan,nan,0
972,1691509929.6755023,444,444,444,444,0.9999998861066967,0.9999999989869942,0.999999999300883,1.0000000590589075,1.0000001062997574,23.325899853594763,161.5567431255622,259.1173561212942,0.14438208769451258,0.0900205999426599,0.6234886984951198,11.108568490289628,14.496158123016357,166.62084293365479,261.5757462978363,0.032649004781568375,0.37527216876949276,0.5891345637338655,22,177,270,0.04954954954954955,0.39864864864864863,0.6081081081081081,1,False,0.8393469283911779,-0.5317335452904394,0.1129432185354892,0.29106175870710344,0.36678370986678493,0.625373834154026,0.21546385588460992,0.11377011540630319,0.9520804081491777,104,3.829935418029534,46.0595635207881,8:5=43;17:33=41;17:34=37;17:32=29;8:7=21,nan,nan,0
973,1691509929.771657,455,455,455,455,0.9999999049412692,0.9999999965254119,0.99999999513935,1.0000000569468868,1.0000000918655954,20.03050569939777,159.41337537836674,275.55611576036057,0.1256513492161839,0.07269120354714773,0.5785151054930742,13.756822713100314,12.019299924373627,163.09977704286575,278.3968181014061,0.026416043789832148,0.3584610484458588,0.6118611386844091,18,172,285,0.03956043956043956,0.378021978021978,0.6263736263736264,1,False,0.8364719844647243,-0.5358209595752224,0.11493701964786715,0.28473936469975974,0.35195202796093145,0.6433909736053453,0.2129119014489253,0.10924860839052745,0.9613026489375457,104,3.8061783334931127,44.97821824083888,8:5=43;17:33=41;17:32=39;17:34=30;8:6=22,nan,nan,0
974,1691509929.8683178,463,463,463,463,0.9999998806758362,0.9999999964355839,0.9999999964830755,1.0000000535952234,1.0000000958880695,23.56979525261144,167.0666480190292,272.3635534277103,0.14108019483294354,0.08653799289950607,0.6133957569450326,11.55561813365916,13.549604177474976,169.83936029672623,274.4719253182411,0.029264803839038823,0.36682367234714086,0.5928119337327022,18,178,282,0.038876889848812095,0.38444924406047515,0.6090712742980562,1,False,0.8545702368393422,-0.5059877168333214,0.11698778022576899,0.27742907754510554,0.36673261907089894,0.6253174603847731,0.178741308671657,0.10529370079483424,0.9619919506474208,106,3.862574973174277,47.58773086968219,17:33=49;8:5=32;8:6=30;17:34=26;17:32=26,nan,nan,0
975,1691509929.9650552,431,431,431,431,0.9999999154901418,1.0000000005204635,1.0000000013140433,1.0000000602835133,1.0000001119405435,22.338126953424066,139.4799704490706,269.18190304614507,0.1601529372389748,0.08298524789608426,0.5181625097031874,12.050334551656935,15.183051407337189,143.13075304031372,271.4598912000656,0.035227497464819464,0.33208991424666756,0.629837334570918,22,152,278,0.05104408352668213,0.35266821345707655,0.6450116009280742,1,False,0.8411524689795001,-0.5327886095499822,0.09272983049422516,0.26897909044572643,0.3303109349456093,0.6637672887124613,0.15055859678436181,0.0906076498146156,0.9773140210455473,109,3.8565500546775766,47.30188064658554,17:33=56;8:5=35;17:34=26;17:35=23;17:32=22,nan,nan,0
976,1691509930.0630472,422,422,422,422,0.9999998844087421,0.9999999986444955,1.0000000005983432,1.0000000544975738,1.0000000809133238,22.199049439218154,140.1585848261916,259.6423645905447,0.1583852281809697,0.08549856443583849,0.5398140054964502,11.696102812935996,14.116647362709045,142.1914882659912,262.94362211227417,0.0334517710016802,0.33694665465874696,0.6230891519248203,20,149,270,0.04739336492890995,0.35308056872037913,0.6398104265402843,1,False,0.8598744355839495,-0.5024562440828542,0.09029771764189365,0.2624725427455723,0.3428553520874523,0.6538469579186323,0.15088740729435984,0.08312026665366162,0.9730804092559627,109,3.8666162281744705,47.78043414427821,17:33=51;8:5=34;17:34=28;17:32=25;8:6=24,nan,nan,0
977,1691509930.1618378,423,423,423,423,0.9999998930134208,0.9999999983187571,0.9999999997555162,1.0000000610434983,1.0000000952725274,25.784140847734463,137.62548986431455,259.5903678656199,0.18735003866765626,0.09932626183218761,0.5301640850386177,10.067830818897692,20.164490580558777,142.07026720046997,262.42073422670364,0.047670190497774885,0.33586351584035457,0.6203799863515452,29,152,270,0.06855791962174941,0.35933806146572106,0.6382978723404256,1,False,0.8470538634708642,-0.5229059448752761,0.09523195468527068,0.2723091676993141,0.33418678886494835,0.6529638904937632,0.1672071708440677,0.08766284167006212,0.9725572771035997,113,3.9099003541271062,49.89397999650459,17:33=45;8:5=36;17:34=25;8:6=25;17:35=22,nan,nan,0
978,1691509930.2632322,367,367,367,367,0.9999998733855171,0.9999999988147895,0.9999999985961896,1.0000000618604885,1.0000001056723105,18.96495009440783,124.30717539965126,223.7278736359968,0.1525652081903957,0.08476793609214572,0.5556177394413443,11.796913386129456,13.358709335327148,128.2139332294464,226.140438914299,0.03639975295729468,0.3493567662927695,0.6161864820553107,19,136,232,0.051771117166212535,0.37057220708446864,0.6321525885558583,1,False,0.850472381076644,-0.5173017421845266,0.09537104675255233,0.2672748123017026,0.3430664072414357,0.6457688084494919,0.15059586035584382,0.08016434887327988,0.9743323054295162,94,3.738919425229387,42.05252470776804,17:33=40;8:5=36;17:34=34;17:32=22;17:35=16,nan,nan,0
979,1691509930.3648171,338,338,338,338,0.9999998806758362,1.0000000004878937,0.9999999974035971,1.0000000613375326,1.000000092103849,16.543913589962592,108.79336025581316,212.66272648404058,0.15206730954041472,0.07779413846273688,0.5115770029590853,12.85443890453259,11.097802698612213,111.4144372344017,213.75830763578415,0.03283373579471069,0.32962851252781566,0.6324210285082371,16,118,218,0.047337278106508875,0.34911242603550297,0.6449704142011834,1,False,0.8450342394416651,-0.528160262191283,0.08344981493857032,0.25874363331798766,0.32713711642845905,0.6638001833803459,0.12401123992953952,0.08720383242304977,0.9799090351021404,94,3.761366421888722,43.00715176106646,17:33=43;8:5=35;17:32=20;17:35=19;17:34=14,nan,nan,0
980,1691509930.465848,323,323,323,323,0.9999998846404741,1.0000000023265152,1.000000002948351,1.0000000610245068,1.0000000918792227,17.85388326809777,101.37156482019394,203.77455341463758,0.17612318898071455,0.08761586257420936,0.49746920369357656,11.413458369516302,11.431817173957825,105.38191044330597,205.3949760198593,0.03539262282959079,0.326259784654198,0.6358977585754159,16,113,210,0.04953560371517028,0.3498452012383901,0.6501547987616099,1,False,0.8579719765096446,-0.504995630577804,0.09414616626002366,0.25804961130559384,0.33009354656839296,0.6690049379710362,0.15275905059669517,0.0859273999346823,0.9723057250392007,97,3.938439688447536,51.33843482151209,17:33=28;17:32=24;8:5=22;17:34=21;8:7=13,nan,nan,0
981,1691509930.5676312,333,333,333,333,0.9999998733855171,1.000000001784336,1.0000000016854582,1.0000000579547614,1.0000000886095108,14.247660329316565,93.79961276617341,224.95272809287812,0.15189466042715524,0.06333624157442543,0.41697477315076426,15.788748671247182,7.666764616966248,97.57187157869339,227.3372694849968,0.02302331716806681,0.2930086233594396,0.6826945029579483,12,105,232,0.036036036036036036,0.3153153153153153,0.6966966966966966,1,False,0.8601523468322265,-0.5022128793296146,0.08899530366525618,0.23555712066531914,0.29816553034019627,0.7073345945546219,0.12727837402701958,0.0706644002571391,0.9839756751274574,89,3.7503717650091706,42.53689278926948,17:33=45;8:5=25;17:34=24;17:32=19;17:35=14,nan,nan,0
982,1691509930.6704705,360,360,360,360,0.9999998743636981,0.9999999986412976,0.9999999991978337,1.0000000591211953,1.0000000900459214,16.087468444181894,112.85692681666991,231.05560376088278,0.1425474616220512,0.06962596094761095,0.48844055274878534,14.362458864337047,9.1647909283638,114.92495685815811,234.5398948788643,0.025457752578788333,0.31923599127266145,0.6514997079968452,14,121,241,0.03888888888888889,0.33611111111111114,0.6694444444444444,1,False,0.8546591383582028,-0.5114986153260671,0.08903327322035443,0.25370125599385585,0.3244594539984673,0.6769177803360196,0.15136222081912698,0.08079470404657352,0.9758110591627993,96,3.820940930519487,45.64713890645659,17:33=38;8:5=29;17:32=24;17:34=23;17:35=16,nan,nan,0
983,1691509930.7738123,337,337,337,337,0.9999998767084101,1.0000000026401632,1.0000000026739264,1.0000000625107108,1.0000001168784445,19.617082737026386,95.28636574983894,222.09655329260488,0.20587502296528237,0.08832682203393552,0.4290312674249487,11.321589263290782,14.468587577342987,98.09967422485352,224.20352947711945,0.04293349429478631,0.29109695615683534,0.665292372335666,21,105,229,0.06231454005934718,0.3115727002967359,0.6795252225519288,1,False,0.8246072363485473,-0.5594668746031289,0.08378378114776985,0.26306140191237926,0.2939644969573952,0.695140500597445,0.14597674480927383,0.07139227642669511,0.9787145867622482,98,3.894811317762055,49.146779363473854,17:33=34;17:34=31;8:5=24;17:32=18;17:35=17,nan,nan,0
984,1691509930.8755457,356,356,356,356,0.9999998743636981,1.0000000006299756,1.0000000006669434,1.0000000581621733,1.0000001130959124,19.70577805849159,119.918301441295,216.37592094875632,0.16432669427141935,0.09107195464304206,0.5542127835457944,10.980328729294497,11.224071741104126,121.23635745048523,219.43698996305466,0.03152829140759586,0.3405515658721495,0.6163960392220637,15,127,226,0.042134831460674156,0.35674157303370785,0.6348314606741573,1,False,0.8405959161760677,-0.5328468139181068,0.09732820046337579,0.2805828364991461,0.3413419254297466,0.645981119283117,0.17364170970766618,0.09702938527006906,0.9592105842168761,103,3.9278811290308235,50.79922654776461,17:33=34;8:5=33;17:34=24;17:32=21;17:35=14,nan,nan,0
985,1691509930.9781594,395,395,395,395,0.9999999101084022,1.0000000022383044,1.0000000031592164,1.0000000649976717,1.000000096214188,21.528456866126067,124.73750106751676,248.73404383461775,0.17259009264963024,0.08655211218469254,0.5014894589598448,11.553733060449312,11.517255783081055,126.22765100002289,252.9933763742447,0.02915760957742039,0.31956367341777947,0.6404895604411258,15,133,261,0.0379746835443038,0.3367088607594937,0.660759493670886,1,False,0.8576642470145608,-0.5068271294856458,0.08682338515795662,0.26391519197299684,0.33251680298756675,0.6672427152703074,0.17398137502300512,0.09163531156278992,0.9656196396652476,104,3.8507687722565995,47.02920408510714,17:33=49;8:5=32;17:34=24;17:35=21;17:32=21,nan,nan,0
986,1691509931.0787718,387,387,387,387,0.999999891090488,0.9999999966793938,0.999999994116844,1.000000055834782,1.0000001049656189,24.011928738174635,111.81362945290114,251.17443923877514,0.21474956904327208,0.09559861589000329,0.4451632490621676,10.460402493176364,19.027462482452393,114.9471230506897,252.86350429058075,0.04916656972209921,0.2970209897950638,0.6533940679343172,27,123,258,0.06976744186046512,0.3178294573643411,0.6666666666666666,1,False,0.8349197008760538,-0.5419833285030456,0.0957244206762346,0.2668446498307935,0.3022491192874719,0.6856906405993144,0.1679513261882743,0.06767137932438223,0.9746920708687838,105,3.825957625588788,45.87671205089072,17:33=45;17:34=30;8:5=28;17:32=25;17:35=23,nan,nan,0
987,1691509931.176971,379,379,379,379,0.9999998767084101,0.9999999995414531,1.0000000020143458,1.0000000602572272,1.0000000963708093,18.87054068678854,111.37731786184582,248.75214110378738,0.1694289380374185,0.07586081712926904,0.447744157568379,13.182035704887953,10.045974135398865,114.84612065553665,251.7560441493988,0.02650652806173843,0.30302406505418644,0.664263968731923,14,123,258,0.036939313984168866,0.3245382585751979,0.6807387862796834,1,False,0.8467514214685088,-0.5213294025194631,0.10596076778581501,0.25435737153336424,0.3094658861814285,0.691354845024343,0.13956675993106626,0.07745406607086067,0.9754672416389008,99,3.8221215785763993,45.70106393928875,17:33=50;17:32=29;17:34=27;8:5=22;17:35=14,nan,nan,0
988,1691509931.2745755,397,397,397,397,0.9999998802914348,0.9999999999151566,1.0000000007877186,1.0000000596670071,1.0000000940339326,25.865743158063534,126.16454514950763,244.96971162506367,0.20501594269144383,0.1055875152339328,0.5150209971370163,9.470816675479723,18.46896332502365,128.4286294579506,249.49169778823853,0.04652131819905202,0.323497807198868,0.6284425636983338,26,137,258,0.0654911838790932,0.345088161209068,0.6498740554156172,1,False,0.8384540712290605,-0.5382514538414164,0.0853237532989224,0.2850424918752429,0.33285242072206933,0.6600058107812941,0.19913723336107614,0.09479877323128688,0.960157868249771,112,3.9717091031175675,53.07516429541604,17:33=41;8:5=29;17:32=28;17:34=23;9:5=18,nan,nan,0
989,1691509931.3724225,367,367,367,367,0.999999874958156,0.9999999978769603,0.9999999980685588,1.0000000632378945,1.0000001078599394,17.413618824998068,113.21018209318939,236.37619752350176,0.15381671951259632,0.07366908769765922,0.47894070248732823,13.574214521347661,9.03389060497284,116.68804270029068,238.67961168289185,0.024615505735620817,0.31795107002804,0.6503531653484791,12,124,244,0.0326975476839237,0.33787465940054495,0.6648501362397821,1,False,0.8471343361606771,-0.5213483860596966,0.10275834199985207,0.25881425656416795,0.32232714854703054,0.6795267676256652,0.16000477960055565,0.08148191115999431,0.973523084039945,90,3.807002865898086,45.0153195328032,17:33=36;17:34=34;17:32=27;8:5=25;17:35=14,nan,nan,0
990,1691509931.4700716,392,392,392,392,0.9999998930134208,0.9999999997472437,0.9999999990756288,1.0000000604536592,1.0000000883208677,23.48118579329837,118.47815785938839,250.04065614915265,0.19818999735939669,0.09390947118332438,0.4738355741184528,10.648553201283187,16.095695793628693,121.93044114112854,252.10927414894104,0.04106044845313442,0.31104704372736874,0.6431359034411761,21,131,259,0.05357142857142857,0.33418367346938777,0.6607142857142857,1,False,0.8559963385412946,-0.5099666063112027,0.08487831791059072,0.25976073845736647,0.3209357155876371,0.6788231702446661,0.15601777686466328,0.08677266441036954,0.976350882006951,116,4.0502186893513406,57.41001063071374,17:33=33;17:34=26;8:5=25;17:32=22;8:7=18,nan,nan,0
991,1691509931.56781,372,372,372,372,0.9999998961192401,1.0000000018993713,1.0000000027696032,1.0000000593048561,1.0000000854375377,23.010510376198145,102.45794675298795,246.5315442839464,0.22458492586888676,0.09333698226339525,0.41559771610800633,10.713866848384045,17.87053370475769,104.10327178239822,249.97936630249023,0.048039069098811,0.2798475047913931,0.6719875438238985,24,111,257,0.06451612903225806,0.29838709677419356,0.6908602150537635,1,False,0.8435407692385936,-0.5273276367053871,0.10180635637853272,0.26220249323433104,0.29513795572289503,0.6982766772393436,0.16480841212541497,0.0672032686465104,0.9785705093231709,111,3.924713715947022,50.6385789658847,17:33=41;17:34=29;8:5=28;17:35=25;17:32=19,nan,nan,0
992,1691509931.6666408,376,376,376,376,0.9999998891797018,1.0000000004052503,1.0000000017869617,1.0000000611963824,1.00000008194463,20.464664802713248,120.7638268521871,234.7715086498481,0.16946022112864687,0.0871684341954604,0.5143887669619285,11.472042709378831,11.156962513923645,123.39924329519272,237.67221838235855,0.02967277264341395,0.3281894768489168,0.6321069637828685,15,131,244,0.0398936170212766,0.3484042553191489,0.648936170212766,1,False,0.8681660879034357,-0.48688400636383306,0.09608125811804683,0.26277804592844983,0.33981815766958107,0.664026916489852,0.1716980575228707,0.08607060654219456,0.9714038281708753,96,3.8704561085470215,47.96425800048089,17:33=35;17:34=27;17:32=26;8:5=25;17:35=17,nan,nan,0
993,1691509931.7654402,380,380,380,380,0.9999998929619522,0.9999999998267843,0.9999999995520485,1.0000000611877582,1.0000000923003747,23.525980750244187,121.84889154366861,234.62512757444378,0.19307504936811729,0.10027050808008478,0.5193343645812506,9.973022169203658,18.409732222557068,123.44557297229767,236.61992573738098,0.04844666374357123,0.3248567709797307,0.622684015098371,25,130,242,0.06578947368421052,0.34210526315789475,0.6368421052631579,1,False,0.838309306493635,-0.5375275873354206,0.09111311376263485,0.2783934678297192,0.33145971793577106,0.6558871979166717,0.17619323507520232,0.09530556446516684,0.9696717354436968,104,3.8454320787206777,46.77889214879244,17:33=37;8:5=31;17:32=30;17:34=29;9:5=15,nan,nan,0
994,1691509931.8643,367,367,367,367,0.9999999101084022,1.0000000002447194,0.9999999999496814,1.000000059176556,1.0000000853480113,20.24291779651022,116.99691858407937,229.76016379903456,0.17302094825653658,0.08810455851788211,0.5092132450184603,11.35015051232605,16.341580390930176,119.21528732776642,232.59448170661926,0.044527467005259336,0.32483729517102566,0.6337724297183086,24,128,239,0.0653950953678474,0.34877384196185285,0.6512261580381471,1,False,0.8377307356496771,-0.5381223556900151,0.09290610773506644,0.2706787679532098,0.32468186942446436,0.6647072376154232,0.1727737566316118,0.08169784613609,0.9727774070646773,103,3.8790061866952152,48.376114347662046,17:33=38;8:5=30;17:34=27;17:32=26;17:35=15,nan,nan,0
995,1691509931.9643178,346,346,346,346,0.9999998931403277,1.000000001378925,0.9999999984869636,1.0000000657152883,1.000000089849007,19.353188226037496,107.79678902066087,218.850023707518,0.17953399541732332,0.08843128229175819,0.4925600975247132,11.308215532833003,14.723869383335114,110.77738445997238,220.73144352436066,0.04255453578998588,0.3201658510403826,0.6379521489143372,21,118,226,0.06069364161849711,0.34104046242774566,0.653179190751445,1,False,0.8447211939456024,-0.52772993648382,0.08914717403204006,0.2666099687900719,0.3234253428549122,0.6720465874815612,0.14873519222047177,0.0797153541903475,0.975391762541431,97,3.794038355619108,44.43548471867168,17:33=42;17:34=28;8:5=27;17:32=26;16:34=13,nan,nan,0
996,1691509932.064886,361,361,361,361,0.9999998929619522,0.9999999978071272,0.9999999975331115,1.0000000618019573,1.0000000896790746,19.835934145130363,111.403667804291,229.76039646732465,0.178054587753585,0.0863331298610086,0.48486888740259576,11.583038882175854,14.27740854024887,114.67316401004791,230.99026477336884,0.03954960814473371,0.31765419393365074,0.6398622292891103,21,122,236,0.05817174515235457,0.3379501385041551,0.6537396121883656,1,False,0.8348214887781229,-0.5402076548723038,0.10606022577594287,0.2684273988814611,0.3200663145924096,0.6756116795570714,0.15312497988402088,0.08894161008942529,0.9739367733780644,99,3.902036289250503,49.50314927413182,17:33=40;17:34=25;17:32=25;8:5=19;17:35=15,nan,nan,0
997,1691509932.1664708,351,351,351,351,0.9999998800333066,0.9999999980480753,0.9999999973146428,1.000000053043427,1.0000000873679693,18.553434926031915,108.8505500048783,223.59601369883882,0.17044870168502058,0.08297748523827224,0.4868179365285508,12.051461877019666,12.106258630752563,110.81156253814697,226.3333140015602,0.034490765329779384,0.3157024573736381,0.6448242564147014,18,117,233,0.05128205128205128,0.3333333333333333,0.6638176638176638,1,False,0.860072971098727,-0.5011790254813346,0.09536282715496489,0.25653145636249813,0.32648551652203023,0.6761438646423392,0.15037984019462974,0.08383769134609069,0.9735366301629655,107,3.89993827689809,49.399399927232764,17:33=45;8:5=28;17:34=25;8:6=15;17:35=14,nan,nan,0
998,1691509932.2673366,332,332,332,332,0.9999998929619522,0.9999999997869212,1.000000000330738,1.0000000559583149,1.0000000963708093,17.62417595609168,95.14152890233584,219.23429500008842,0.18524167268935895,0.08038968518171197,0.4339719244304248,12.439406843547289,13.106631219387054,97.88224494457245,222.1842492222786,0.03947780487767185,0.2948260389896761,0.6692296663321644,20,105,228,0.060240963855421686,0.31626506024096385,0.6867469879518072,1,False,0.8157478919578927,-0.5721677846329393,0.08473135779915497,0.26296798301637186,0.29513030272996543,0.6963581559318065,0.1470039886979172,0.08124298335049937,0.9780970087954296,101,3.915900666500283,50.19425944634218,17:33=37;17:34=30;17:32=22;8:5=21;8:4=11,nan,nan,0
999,1691509932.3683984,338,338,338,338,0.9999998708821004,1.0000000025726599,1.000000001550024,1.0000000633388724,1.0000001126135414,19.56413143379007,107.09280819972756,211.3430621056007,0.18268389598396806,0.09257049291740914,0.5067249765985554,10.802578321498128,13.600830614566803,111.23026984930038,214.11198908090591,0.0402391438300793,0.3290836386073976,0.6334674233162897,20,120,221,0.05917159763313609,0.35502958579881655,0.6538461538461539,1,False,0.8375353996697904,-0.538269701059428,0.09380929176450577,0.27474073237448504,0.3265859350809274,0.6664292883801299,0.17149340740960703,0.08904074329986847,0.9715331328568535,102,3.8737476704048555,48.12239543945907,17:33=40;8:5=29;17:34=26;17:32=19;17:35=12,nan,nan,0
1000,1691509932.469903,340,340,340,340,0.9999998905911778,1.0000000010195838,0.9999999997315633,1.0000000633265211,1.000000103592682,15.008447930463102,98.17916141172357,226.81239135113043,0.15286795807435918,0.06617119920590397,0.43286506890944715,15.112314904378781,10.554425656795502,101.57992631196976,230.33653551340103,0.03104242840233971,0.29876448915285225,0.6774603985688266,17,109,238,0.05,0.3205882352941177,0.7,1,False,0.8377571539230588,-0.5399630173963631,0.08125817432695942,0.25153010257477326,0.30166581311453877,0.7072246539026642,0.13122269394139327,0.08040586519203571,0.9802477377367285,102,3.906776602708692,49.73836678075905,17:33=41;17:34=30;8:5=22;17:32=20;9:5=13,nan,nan,0
1001,1691509932.5712533,344,344,344,344,0.9999998910376214,0.9999999975889434,0.999999996761707,1.0000000658322707,1.0000000862605312,18.98412450953614,97.7625879408194,227.25328589083765,0.19418598575794846,0.08353729379585415,0.43019218647417135,11.97070140246306,15.115472912788391,98.83520436286926,228.8497286438942,0.043940328234849974,0.28731164058973624,0.6652608390810878,21,104,234,0.061046511627906974,0.3023255813953488,0.6802325581395349,1,False,0.8368202546970896,-0.5409958076471193,0.0839964132385351,0.25756720629381513,0.29913745292675253,0.697071638579464,0.1550625630918841,0.07153149082248456,0.9811329335398147,92,3.8060646448054305,44.97310501689616,17:33=39;17:34=28;17:32=21;8:5=19;17:35=16,nan,nan,0
1002,1691509932.6723287,337,337,337,337,0.9999998800333066,0.9999999994361458,0.9999999989585745,1.000000062455029,1.000000090151603,17.883338825082898,90.92535724245461,228.19130355242493,0.19668153491436446,0.07836994025048093,0.39846109745179364,12.75999441627574,13.925170958042145,93.51836335659027,229.10333347320557,0.041320982071341675,0.2775025618889919,0.6798318500688593,19,100,233,0.05637982195845697,0.29673590504451036,0.6913946587537092,1,False,0.841628453639321,-0.5304470046980369,0.10142741853939724,0.24754662343457642,0.2827248918080645,0.7078589354809037,0.13064417997570796,0.06850921342049898,0.9845867005862398,91,3.775626897604252,43.62484805795206,17:33=37;17:34=32;17:32=26;8:5=18;17:35=16,nan,nan,0
1003,1691509932.7727594,349,349,349,349,0.9999998905911778,0.9999999983100409,1.0000000000965121,1.0000000585891595,1.0000001038110238,16.064756431007304,92.18877239984475,240.74646998955683,0.1742593594947833,0.06672893867022917,0.3829288645596496,14.98600187456819,11.979004919528961,93.54094177484512,243.06669747829437,0.03432379633102854,0.26802562113136136,0.6964661818862303,17,99,248,0.04871060171919771,0.2836676217765043,0.7106017191977078,1,False,0.8408175109597261,-0.535319451591111,0.0803678916712591,0.2393485872001653,0.2798959020807805,0.722847151039448,0.11499909432692981,0.05958551725245649,0.988434028230189,95,3.7456481165891184,42.33643727626292,17:33=45;17:34=34;17:32=25;8:5=21;17:35=17,nan,nan,0
1004,1691509932.8732607,361,361,361,361,0.9999998905911778,0.9999999989864535,0.9999999979984447,1.0000000602166101,1.0000000976720942,20.551494774858348,110.02254653784871,230.42595795551273,0.18679348389548914,0.08918914759953446,0.47747461924012163,11.212126440428271,15.229564011096954,114.91472744941711,230.94327253103256,0.04218715792547633,0.31832334473522744,0.6397320568726664,21,124,235,0.05817174515235457,0.34349030470914127,0.6509695290858726,1,False,0.8550234740935703,-0.511533700081908,0.08525334262933537,0.250178857135898,0.3181859036375906,0.6739768888004579,0.10927676097838684,0.06475641489844933,0.9839765264146361,97,3.8229993774298507,45.741197893008405,17:33=44;17:34=34;8:5=21;17:32=18;17:35=17,nan,nan,0
1005,1691509932.9724495,339,339,339,339,0.9999998887743181,0.9999999973336504,0.9999999978662278,1.000000057168182,1.0000000981643216,15.708719122088239,101.43510119052101,221.85617787960604,0.15486472569868348,0.07080586744180203,0.45721107322765864,14.123123353046088,11.02542096376419,104.2651697397232,223.20005750656128,0.03252336567482062,0.307566872388564,0.6584072492818916,15,110,227,0.04424778761061947,0.32448377581120946,0.6696165191740413,1,False,0.8585788709747153,-0.5071836924266869,0.07488006712213378,0.244373298120311,0.3084557020048502,0.6873233859033809,0.13867635018459873,0.06201367419769647,0.9822759535891197,93,3.7383083753639674,42.02683636743256,17:33=40;17:34=30;17:32=27;8:5=27;17:35=17,nan,nan,0
1006,1691509933.0712729,369,369,369,369,0.9999998802663681,0.9999999998377654,0.999999999498863,1.000000061279625,1.0000001104836056,20.76738210891878,101.71876649329518,246.51385127805725,0.20416470652234728,0.08424428080308578,0.4126290103616153,11.870241997049265,16.696165025234222,103.93187135457993,248.3508721590042,0.045247059688981635,0.28165818795279113,0.6730375939268407,24,110,253,0.06504065040650407,0.2981029810298103,0.6856368563685636,1,False,0.8245806257197625,-0.5611869939757324,0.07166553899948391,0.2558771679558649,0.2846142841010302,0.7015298560841838,0.1161139116164151,0.0554164058752487,0.9852560257209978,99,3.724693748085885,41.45853404502176,17:33=51;17:34=41;8:5=25;17:32=22;17:35=17,nan,nan,0
1007,1691509933.170534,350,350,350,350,0.9999999059242478,0.9999999998170404,0.9999999976906377,1.000000063904838,1.0000001144737942,19.26372976993917,98.26095336932431,232.47531673266496,0.1960466401901718,0.08286354887341223,0.4226726292938855,12.068032489504708,15.757055819034576,103.41826659440994,234.2982896566391,0.04502015948295593,0.2954807616983141,0.6694236847332545,22,112,240,0.06285714285714286,0.32,0.6857142857142857,1,False,0.8195351542902283,-0.5653827451319764,0.09329781556672642,0.2595202916826182,0.2885460558780252,0.6986384338735915,0.11789765026829531,0.059495969472560445,0.9840107516584629,91,3.7579094511524347,42.85873398174466,17:33=48;17:34=35;8:5=21;17:32=17;17:35=15,nan,nan,0
1008,1691509933.2694845,339,339,339,339,0.9999998890667654,1.0000000000804692,0.9999999979379975,1.0000000602570844,1.0000001130959124,19.06725681203073,89.30381886613648,230.6289243763909,0.21350998259785428,0.08267504548090679,0.3872186418403917,12.095548229615947,14.853685140609741,92.04783707857132,232.69642001390457,0.04381618035578095,0.27152754300463516,0.6864201180351167,21,99,238,0.061946902654867256,0.2920353982300885,0.7020648967551623,1,False,0.8766137213964998,-0.47490237556357284,0.07756363286653736,0.23209608055581576,0.2912228467754897,0.7171558936775015,0.11179747138886884,0.05951294854166265,0.9862963978794052,98,3.8203903947460405,45.62201543985122,17:33=41;17:34=34;17:32=20;8:5=18;17:31=15,nan,nan,0
1009,1691509933.3694863,332,332,332,332,0.9999998907677797,0.9999999975577971,0.999999997953035,1.0000000594546108,1.000000103592682,16.39166079137291,93.803021306404,221.80531628060058,0.1747455525747958,0.07390111772900977,0.422907001867061,13.531595065543259,10.845676481723785,96.82263946533203,224.00244808197021,0.03266770024615598,0.29163445622087963,0.6747061689215971,16,104,229,0.04819277108433735,0.3132530120481928,0.6897590361445783,1,False,0.8401311891968918,-0.5323532052701438,0.10382509223314387,0.2537121063174264,0.2954557310399039,0.7021014874252827,0.1450925571786476,0.06729071260042929,0.9797019852147407,92,3.7766136753619812,43.66791733410701,17:34=40;17:33=40;17:32=19;8:5=19;16:34=11,nan,nan,0
1010,1691509933.4696321,331,331,331,331,0.9999998800333066,1.000000003352349,1.0000000022473998,1.0000000615178803,1.0000001049656189,17.62359019172362,106.32855334629336,207.04785868123835,0.16574654349266552,0.08511843736986487,0.5135457764380557,11.748335976313843,13.331202328205109,109.14935195446014,207.97198301553726,0.04027553573475864,0.3297563503155896,0.6283141480831942,19,115,212,0.05740181268882175,0.3474320241691843,0.6404833836858006,1,False,0.8247010337781373,-0.5559579648389811,0.10382170398028279,0.27949236594464844,0.3205704079703547,0.6623590239628186,0.16321716659431798,0.07165869062258294,0.9783397565161971,80,3.6735179356017786,39.39023471070027,17:34=39;17:33=32;17:32=24;8:5=21;17:35=15,nan,nan,0
1011,1691509933.5696964,346,346,346,346,0.9999998905911778,1.0000000015708175,1.000000003058585,1.000000064028968,1.000000092346353,18.409630669850543,103.16272763387195,224.42764278328343,0.178452345067755,0.08202924756300024,0.4596703256090879,12.190773775316886,14.160481035709381,107.07558208703995,225.4740211367607,0.040926245767946186,0.30946700025156054,0.6516590206264761,20,114,230,0.057803468208092484,0.32947976878612717,0.6647398843930635,1,False,0.849884929454439,-0.5180475646709728,0.09655220051711672,0.2554720909571225,0.3082689443489131,0.6845027216519276,0.12907103965969152,0.06409052725108114,0.9813015960277478,83,3.6429655098962312,38.204966104413,17:33=47;17:34=30;17:32=25;8:5=24;17:35=15,nan,nan,0
1012,1691509933.6699758,351,351,351,351,0.9999998980832523,1.000000001394293,1.0000000003833958,1.0000000638207434,1.0000000968694085,17.870623132689694,92.74489720469415,240.38448064141,0.19268578295200478,0.07434183390294623,0.38581898863531455,13.451376533238431,12.870963454246521,97.60789173841476,241.0675204396248,0.03666941155055989,0.2780851616479053,0.6868020525345435,19,107,245,0.05413105413105413,0.30484330484330485,0.698005698005698,1,False,0.8418262082561138,-0.530089973312694,0.10165262065722516,0.23950653431206917,0.2803055992426909,0.718066849893747,0.10976422193232674,0.06264669276244196,0.9848872830890637,105,3.8250702894611504,45.836022042397836,17:33=46;17:34=33;17:32=26;17:35=18;8:5=17,nan,nan,0
1013,1691509933.7700543,345,345,345,345,0.9999998890667654,1.0000000016030506,1.000000002948351,1.0000000591813618,1.000000103638048,19.56673380663711,89.47918018190701,235.95408711756102,0.2186735927492725,0.08292602194632993,0.3792228448974702,12.058940927459467,12.86712646484375,91.5142349600792,238.89279168844223,0.037296018738677536,0.26525865205820054,0.6924428744592528,18,97,245,0.05217391304347826,0.2811594202898551,0.7101449275362319,1,False,0.8435642546922487,-0.5261268010254514,0.1076565717837783,0.2513445358123806,0.2838220466592792,0.7192613611604239,0.15707011071343904,0.07160295517830637,0.9792293300571566,98,3.8602897841352046,47.47910806779242,17:33=41;17:34=37;8:5=21;17:32=20;17:35=12,nan,nan,0
1014,1691509933.8699384,346,346,346,346,0.999999909186441,0.9999999994761214,0.9999999997610665,1.000000051587512,1.0000001038110238,18.430152700509463,96.52785859351826,231.04198834344834,0.19093091848353744,0.07976971126613007,0.4177935763348251,12.536086493578626,14.289497971534729,100.16331112384796,233.9104306101799,0.04129912708536049,0.2894893385082311,0.6760417069658379,20,108,240,0.057803468208092484,0.31213872832369943,0.6936416184971098,1,False,0.8413197599603277,-0.5353093169431974,0.07499997796069016,0.2504259690118757,0.29212746056107247,0.7052081701776189,0.12204857391740839,0.06695322741879092,0.98498669909258,102,3.868374632800859,47.86452539228071,17:33=38;17:34=32;17:32=23;8:5=21;17:35=19,nan,nan,0
1015,1691509933.969446,327,327,327,327,0.9999998813661131,0.9999999983868099,1.0000000003071177,1.000000064697592,1.0000001126462033,17.434692607393504,85.3064988394437,224.25880749813672,0.20437707378200493,0.0777436248854501,0.3803930815076348,12.862791019500717,12.389485120773315,87.36868715286255,227.55504220724106,0.03788833370267069,0.2671825295194573,0.6958869792270369,17,94,234,0.05198776758409786,0.2874617737003058,0.7155963302752294,1,False,0.8639163741482335,-0.49348518144532394,0.10060255549659308,0.2396428031217204,0.28843125060798674,0.7201531629231387,0.12254146391190272,0.06851168956600649,0.9824517851947887,94,3.791271055163197,44.312688367114944,17:33=47;17:34=33;17:32=17;17:35=14;8:5=14,nan,nan,0
1016,1691509934.069662,347,347,347,347,0.9999999007758396,0.9999999992653783,1.0000000002211058,1.000000055160863,1.0000001104836056,19.006049812450772,100.98819795253284,227.00575172518907,0.18820070263442193,0.08372497026180777,0.4448706571751898,11.943868082281815,13.425556659698486,104.1604517698288,229.37844932079315,0.038690365013540305,0.30017421259316657,0.6610329951607872,19,112,236,0.05475504322766571,0.3227665706051873,0.6801152737752162,1,False,0.8501790657977245,-0.5166292951300033,0.10143829401554566,0.25580256386878086,0.30764734438281105,0.6933725577248131,0.1506454958315152,0.06850920514486322,0.978025352181466,102,3.8726648195621736,48.07031426616582,17:33=41;17:34=35;17:32=21;17:35=20;8:5=18,nan,nan,0
1017,1691509934.1691573,357,357,357,357,0.9999999066902473,0.9999999991542902,0.9999999996823515,1.0000000591987557,1.000000101174094,24.137357621581405,101.96456884903608,230.89807292554576,0.2367229900939221,0.1045368517621393,0.4415999127109002,9.566004553833098,18.541822016239166,105.92623376846313,232.68225008249283,0.051937876796188144,0.2967121394074598,0.6517710086344337,25,115,238,0.0700280112044818,0.32212885154061627,0.6666666666666666,1,False,0.8655960160176193,-0.4920136248684785,0.09309205120849728,0.2543609725063513,0.313061533424751,0.6866335126836165,0.1412526850426894,0.08226302027138696,0.977460892808044,110,3.9982014928205416,54.50004311776526,17:34=36;17:33=34;8:5=20;17:35=16;17:32=16,nan,nan,0
1018,1691509934.269625,352,352,352,352,0.9999999048431379,1.0000000009608498,1.0000000016509478,1.0000000590927771,1.00000009796625,22.715065013885365,96.79870044515319,232.48623521739998,0.2346629129257358,0.09770498882501281,0.4163631466380616,10.234891913154762,18.0893577337265,99.48615616559982,234.58739882707596,0.05139022083445029,0.28263112547045405,0.6664414739405568,26,107,241,0.07386363636363637,0.3039772727272727,0.6846590909090909,1,False,0.8545887609982834,-0.5112494783780765,0.09111542368646244,0.2518925579587142,0.2969223108231075,0.698774107015307,0.13222685101723772,0.06911743962418704,0.9793341167604639,98,3.9037038595093625,49.58576812080154,17:33=44;17:34=29;8:5=18;17:35=17;17:32=14,nan,nan,0
1019,1691509934.3698606,355,355,355,355,0.9999998975794615,0.9999999996920771,0.9999999996650264,1.0000000592064713,1.000000092025599,19.250384769815586,100.9592501900615,234.7903648214981,0.1906747993232482,0.08198967101759436,0.42999741606439795,12.196658281326775,12.468803703784943,103.4629065990448,238.49842047691345,0.03512339071488716,0.29144480732125294,0.6718265365546858,18,112,246,0.05070422535211268,0.3154929577464789,0.6929577464788732,1,False,0.8746548928675951,-0.47394554751606544,0.10175675099212178,0.2431949166986456,0.31398975781769634,0.6985232920969535,0.15496669563760448,0.08916750094972681,0.9735368010789491,104,3.970247426112432,52.99764221814267,17:33=38;17:34=33;17:32=19;8:5=18;16:34=15,nan,nan,0
1020,1691509934.4702144,378,378,378,378,0.9999998978829059,0.9999999984677573,0.9999999973878241,1.0000000577487858,1.0000001131755014,27.082302067582347,98.7014381841549,252.21625858988745,0.27438609371681905,0.1073773047740714,0.3913365408557857,9.312954931249791,22.989956200122833,101.12619096040726,255.4728980064392,0.0608199899474149,0.2675296057153631,0.6758542275302625,32,109,263,0.08465608465608465,0.28835978835978837,0.6957671957671958,1,False,0.8423895713032473,-0.5323954231533601,0.08327618846276602,0.26055993465304034,0.2905409016908564,0.7089020612178615,0.13819291011905566,0.07748600943037388,0.9771508710324116,119,3.949989962753926,51.9348455493907,17:34=46;17:33=43;17:32=23;8:5=21;17:35=16,nan,nan,0
1021,1691509934.5709126,321,321,321,321,0.9999999196592905,0.9999999961855215,0.9999999963078932,1.0000000532630564,1.0000000885780884,19.232084440816795,91.53834807927844,210.2295650310097,0.21009866186530374,0.09148135010401598,0.43542090792879756,10.931189787459209,13.822981536388397,94.95036453008652,213.00303900241852,0.043062247776910895,0.29579552813111065,0.6635608691664129,20,102,219,0.06230529595015576,0.3177570093457944,0.6822429906542056,1,False,0.881539101908012,-0.46596200368488866,0.07594881782608316,0.2437166229463891,0.3138661969620735,0.6938388013103444,0.14051471498194393,0.08819705347251557,0.97670291625522,93,3.8146938430348274,45.36286609933571,17:33=43;17:34=28;17:32=23;8:5=15;17:35=11,nan,nan,0
1022,1691509934.6709647,309,309,309,309,0.9999999200373918,1.0000000032439498,1.0000000028589189,1.000000061809404,1.0000000922504217,13.29454570950379,90.33598267194147,205.36947362331597,0.14716777651916885,0.06473477033830424,0.4398705468643976,15.447648841171365,6.727343499660492,93.11629009246826,206.22525298595428,0.021771338186603532,0.301347217127729,0.6673956407312437,10,99,210,0.032362459546925564,0.32038834951456313,0.6796116504854369,1,False,0.8798442695646519,-0.4663602172880528,0.09155440483824144,0.230571842376525,0.31394268982970724,0.6987334446863921,0.11786572775589385,0.0800145938188705,0.9815977243119236,90,3.7992190886740644,44.666290458394066,17:33=35;17:34=34;8:5=20;17:32=18;17:35=12,nan,nan,0
1023,1691509934.7707431,323,323,323,323,0.9999999066902473,0.9999999957884458,0.9999999989333129,1.000000052810331,1.0000000742518167,22.943295446469538,92.69881792720223,207.35788390566438,0.2475036463192794,0.11064587955048473,0.4470474726168344,9.037842204903137,16.275094866752625,97.25770205259323,210.6282804608345,0.05038729060914125,0.3011074366953351,0.6520999395072276,23,107,217,0.07120743034055728,0.33126934984520123,0.6718266253869969,1,False,0.8721758335096902,-0.47845558400253746,0.10192923809421925,0.25486419600576754,0.3147695511220889,0.6787567470612732,0.15055859678436181,0.08834787414920661,0.9680077703419764,101,3.9956748905374555,54.362516994464855,17:34=29;17:33=29;17:32=20;8:5=13;9:8=12,nan,nan,0
1024,1691509934.8705478,329,329,329,329,0.9999998882123894,1.0000000013868255,1.0000000016660007,1.0000000588730051,1.0000001090630848,21.84218332015499,101.6137234745168,205.54409411785946,0.2149530848127289,0.10626519537764306,0.4943645980713572,9.410418871825536,16.932035326957703,104.92543745040894,209.2757892012596,0.0514651529694763,0.3189223022808782,0.6360966237120353,26,114,218,0.0790273556231003,0.3465045592705167,0.662613981762918,1,False,0.8588908635503135,-0.5060688911517677,0.07874491677700113,0.26832238154262783,0.3314231848300562,0.6740837914541233,0.1692726900585507,0.10284239299501262,0.9626431770445129,107,3.9999349118042566,54.594596453716946,17:33=37;17:34=33;8:5=19;17:32=11;16:33=11,nan,nan,0
1025,1691509934.9699543,345,345,345,345,0.9999999018696768,1.0000000004655356,1.0000000004603078,1.0000000599718766,1.0000000836765615,21.785638675452564,101.86866987250681,221.3456917732604,0.21386004845963202,0.09842359478931756,0.4602243172496797,10.160165376407642,16.884932219982147,104.7929413318634,225.66280257701874,0.048941832521687385,0.3037476560343867,0.6540950799333877,25,113,234,0.07246376811594203,0.32753623188405795,0.6782608695652174,1,False,0.8590527794758138,-0.500114846367806,0.10914880905160679,0.2596035822379463,0.3186676627781038,0.6827433263551712,0.15323456251848527,0.08839460766800802,0.9695840572661796,101,3.8694588088811233,47.91644710685882,17:33=42;17:34=29;8:5=25;17:32=20;17:0=12,nan,nan,0
1026,1691509935.0698328,355,355,355,355,0.9999998890667654,1.0000000008444783,1.0000000011582006,1.000000070035007,1.0000001104836056,19.146799072384944,100.51382948899803,235.33937203819693,0.19048920103557193,0.08135824833116878,0.4271016303752355,12.291316744302307,12.990385234355927,104.235899746418,238.31124395132065,0.03659263446297444,0.29362225280681126,0.6712992787361145,19,113,245,0.05352112676056338,0.3183098591549296,0.6901408450704225,1,False,0.8740381139623645,-0.4750505931046431,0.10190343140463745,0.237219424422597,0.30781060001716937,0.6992361723621304,0.12507747888098134,0.07505228037265678,0.980428461531139,101,3.8036804939750484,44.866010067210745,17:33=49;17:34=38;17:32=20;8:5=18;17:35=17,nan,nan,0
1027,1691509935.1701822,342,342,342,342,0.9999999012658383,0.9999999987821917,0.9999999990673972,1.0000000625292862,1.0000001158077252,22.494402099246727,107.38835507240589,212.11724199536675,0.20946779642988317,0.10604702327658055,0.506268863682244,9.429779065008798,16.782818913459778,111.31325459480286,214.28501641750336,0.04907256992239701,0.3254773526163826,0.626564375489776,24,120,221,0.07017543859649122,0.3508771929824561,0.6461988304093568,1,False,0.8629755011249772,-0.4962611670698488,0.09485851841856992,0.25785480710148273,0.3328257486931842,0.6591479110778471,0.1322476054200652,0.08771484661368531,0.9666316262235928,99,3.830586060125411,46.08954156316305,17:33=46;17:34=38;8:5=17;17:32=15;9:8=12,nan,nan,0
1028,1691509935.2702253,350,350,350,350,0.9999998823907501,0.9999999973644901,0.9999999998725111,1.000000056221373,1.000000092025599,21.923443805547198,107.69526065595385,220.38129369364228,0.20356925339160853,0.09947960390877614,0.48867696005843314,10.052311837881971,17.516275644302368,113.09579539299011,221.54345613718033,0.050046501840863906,0.32313084397997177,0.6329813032490866,26,124,227,0.07428571428571429,0.35428571428571426,0.6485714285714286,1,False,0.8788391561651594,-0.46759928144339163,0.0948295818009049,0.24717781718568102,0.3307353398076492,0.6710105360607693,0.13345712477023242,0.08030642670955232,0.9767085720625539,107,3.8762468319291123,48.2428114854964,17:33=49;17:34=33;8:5=21;17:35=18;8:7=14,nan,nan,0
1029,1691509935.3702679,333,333,333,333,0.9999998905911778,0.999999997347386,0.9999999948161009,1.000000065303936,1.000000108833017,18.346389492666948,101.75997897920905,212.89362976148325,0.1802908144901972,0.08617631966358713,0.4779850815321083,11.60411588593913,12.018573522567749,105.95298063755035,216.02733826637268,0.036091812380083334,0.3181771190316827,0.6487307455446627,18,115,223,0.05405405405405406,0.34534534534534533,0.6696696696696697,1,False,0.8913712509382105,-0.4474792143390828,0.07224711575784476,0.23527648879336852,0.3320542679921103,0.6823197161479896,0.12812932624917833,0.08761793079219705,0.9779849498658157,95,3.7946586259768473,44.46305528239222,17:33=47;17:34=26;17:32=21;8:5=16;17:35=15,nan,nan,0
1030,1691509935.470316,360,360,360,360,0.9999999071120057,1.0000000016704185,1.0000000034980914,1.0000000603262684,1.0000001048402805,22.59508008101531,110.6999879593957,226.70493316229044,0.20411095337519905,0.09966735070930394,0.4882998636829367,10.033375953943663,18.655156135559082,115.72168678045273,230.5304514169693,0.051819878154330784,0.321449129945702,0.640362365047137,28,126,239,0.07777777777777778,0.35,0.6638888888888889,1,False,0.8664212275335414,-0.4925635965729313,0.08182517834022825,0.2578557524786303,0.3348270577660648,0.67462326677624,0.15196494196773744,0.10584743182125972,0.967272210829774,108,3.966579974754075,52.80363192231789,17:33=41;17:34=27;8:5=22;17:32=20;17:35=15,nan,nan,0
1031,1691509935.5708954,351,351,351,351,0.9999998980214636,1.0000000021330668,1.000000003388494,1.0000000630756576,1.0000001121284356,21.924776128573804,114.0646857290924,215.01053963974698,0.19221353207114347,0.10197070415854524,0.5305074156839441,9.806738202427123,18.357509434223175,118.3132997751236,216.40103060007095,0.052300596678698505,0.33707492813425527,0.6165271527067548,27,128,222,0.07692307692307693,0.3646723646723647,0.6324786324786325,1,False,0.8475654125326454,-0.5251900024669858,0.0762124188508281,0.2680872324069151,0.3378222080842824,0.656124443137973,0.15156271544435906,0.0982142008450154,0.9719578790160076,95,3.823497556856212,45.76399089376644,17:33=37;17:34=33;8:5=26;17:32=21;17:35=15,nan,nan,0
1032,1691509935.6701736,355,355,355,355,0.9999998905911778,0.9999999980680901,1.000000000870263,1.0000000634730293,1.0000001006066286,19.474102355314628,106.31567721591108,229.2102190571187,0.18317244328666288,0.08496175447771691,0.463834804806052,11.770001763114156,15.554615139961243,111.0181388258934,230.7107411623001,0.04381581729566547,0.3127271516222349,0.6498894117247891,23,121,236,0.0647887323943662,0.3408450704225352,0.6647887323943662,1,False,0.8685222100213061,-0.48946395297853873,0.07806541765935217,0.24115031106489523,0.3147523110452951,0.6827067382308928,0.1218264911740333,0.06954859040889315,0.9794735221847868,99,3.820249496145071,45.61558781453467,17:33=39;17:34=38;17:32=20;17:35=18;8:5=18,nan,nan,0
1033,1691509935.7701437,350,350,350,350,0.9999998907677797,1.0000000000133014,1.0000000017848607,1.0000000548801782,1.0000001048402805,18.29430070104093,108.87879370151545,222.82690560675468,0.16802446168896432,0.08210095029245143,0.4886249863096198,12.180126983157985,13.031724154949188,112.94435155391693,225.69373720884323,0.03723349758556911,0.3226981472969055,0.6448392491681235,21,122,232,0.06,0.3485714285714286,0.6628571428571428,1,False,0.8761315399732413,-0.4767239668536421,0.07160854761440064,0.2375895888299916,0.3298644914189263,0.6751799345528858,0.11449113578194059,0.08312202979545763,0.9814528658040091,101,3.818533445248443,45.53737627085347,17:33=43;17:34=42;17:32=19;8:5=15;17:35=12,nan,nan,0
1034,1691509935.8702874,358,358,358,358,0.9999998827027176,0.9999999966316137,0.9999999976169016,1.0000000582443198,1.0000001130959124,23.69594267409562,106.81684368965408,227.4872112244861,0.2218371359384281,0.10416384528408626,0.4695509831726163,9.600260025661477,18.189650177955627,111.65103310346603,230.2050497531891,0.05080907870937326,0.3118743941437599,0.6430308652323717,26,122,238,0.07262569832402235,0.3407821229050279,0.664804469273743,1,False,0.8767329369178528,-0.472924538028241,0.08764552843226728,0.2449518790699981,0.32392271460926486,0.6782350828125614,0.12942114889443845,0.07893232787293845,0.9786413570974308,107,3.9004633515078373,49.42534510885327,17:34=38;17:33=37;17:32=29;8:5=16;17:35=15,nan,nan,0
1035,1691509935.9698298,344,344,344,344,0.9999998813487576,1.0000000009112837,1.00000000211744,1.0000000606727317,1.000000094859078,19.658098358449926,101.90411275724199,222.4377895112714,0.19290780152592898,0.08837571350462377,0.4581241028385525,11.315325900567474,16.350184738636017,106.608373939991,225.48193860054016,0.04752960679836051,0.3099080637790436,0.6554707517457563,24,117,232,0.06976744186046512,0.34011627906976744,0.6744186046511628,1,False,0.873549664963468,-0.4811003746130974,0.0738472233015592,0.2350274076193919,0.3205518678309718,0.6854071737002911,0.10661577783516998,0.07605463042852002,0.9821912021044645,99,3.818024010493616,45.51418385674995,17:33=42;17:34=34;17:32=25;8:5=19;17:35=13,nan,nan,0
1036,1691509936.0699856,348,348,348,348,0.9999998907677797,0.9999999966789097,0.9999999978790521,1.0000000577459773,1.0000000791414838,24.247221131805194,107.07512950819039,216.6776470485259,0.22645054218636715,0.11190458020053598,0.4941678616447706,8.936184722805567,20.135786533355713,112.92892181873322,220.0226662158966,0.05786145555561986,0.3245083960308426,0.6322490408502776,30,125,228,0.08620689655172414,0.35919540229885055,0.6551724137931034,1,False,0.877936807547586,-0.4729486325324094,0.07447518337592016,0.2457445593905113,0.3307681814747337,0.665745512481181,0.12704756958916885,0.08031506650325779,0.9748953717636126,107,3.8646184394548877,47.68507421813677,17:33=43;17:34=37;17:32=20;17:35=16;9:8=16,nan,nan,0
1037,1691509936.1703498,318,318,318,318,0.9999998945513888,0.9999999973666491,0.9999999998609048,1.0000000587739692,1.0000001121284356,16.065835879159415,92.11772355704457,209.8164388889851,0.17440548093017658,0.07657091105077772,0.43903959120088065,13.059789759284094,11.412571549415588,94.58131742477417,211.25900053977966,0.03588858977803644,0.2974255264930005,0.6643364796848417,17,101,216,0.05345911949685535,0.31761006289308175,0.6792452830188679,1,False,0.8740499365709167,-0.47980820355989773,0.0762941424815859,0.22852354613475892,0.3118813645734696,0.6957739228619282,0.09469017718566003,0.06693414241251315,0.9845311716355265,93,3.7507585422691836,42.55334827421053,17:33=39;17:34=36;8:5=21;17:32=19;17:35=14,nan,nan,0
1038,1691509936.2706704,341,341,341,341,0.9999998929619522,0.9999999996267847,1.0000000033749927,1.00000005570772,1.0000000913444789,19.786082451911998,98.38718887069724,222.82672842285805,0.2011042563469857,0.08879582172190748,0.44154123505322024,11.261791158730643,14.905600726604462,101.57502043247223,225.82731980085373,0.0437114390809515,0.29787396021252854,0.6622502046945857,21,110,233,0.06158357771260997,0.3225806451612903,0.6832844574780058,1,False,0.8890201866670416,-0.45131560420263206,0.07718376190437648,0.2279324304029829,0.31825314868605353,0.6936686687713195,0.10557575304043347,0.06410433523666774,0.9869489846179884,101,3.7520254963111404,42.607295577966376,17:33=45;17:34=38;17:32=27;8:5=21;17:35=16,nan,nan,0
1039,1691509936.3709097,342,342,342,342,0.9999998929619522,0.9999999987271392,0.9999999990957548,1.0000000548166896,1.0000000867139323,22.205269456415824,100.87677524910244,218.917954423845,0.22012271309806167,0.10143192464435516,0.46079717634212797,9.858828997933754,18.71144199371338,104.71579176187515,222.6404511332512,0.05471181869506836,0.306186525619518,0.6509954711498572,29,115,231,0.0847953216374269,0.3362573099415205,0.6754385964912281,1,False,0.8668615922234137,-0.4917264046773755,0.08219563778540624,0.24957950058758102,0.32118178912333223,0.6845692914221585,0.12853815492550322,0.08847557076384702,0.9745382014636685,110,3.8744425707855132,48.15584733188838,17:33=52;17:34=31;17:32=21;8:5=16;17:35=14,nan,nan,0
1040,1691509936.470739,345,345,345,345,0.9999998967489097,1.0000000028843798,1.0000000023198883,1.0000000597820478,1.0000001095431459,22.05703912193332,101.53358670438871,221.40937616390022,0.21723884517299263,0.09962107072468966,0.4585785320547021,10.038037061090975,20.080195128917694,107.85924559831619,223.70644623041153,0.058203464141790416,0.31263549448787303,0.6484244818272797,31,119,230,0.08985507246376812,0.34492753623188405,0.6666666666666666,1,False,0.8596225395243734,-0.5069133614944723,0.06393694925503539,0.24274728306956198,0.31127780179477177,0.6824833767418924,0.10499850499160672,0.07602524652020165,0.9853111291538036,97,3.7722217877365085,43.47655328064288,17:33=43;17:34=37;17:32=23;8:5=21;17:35=16,nan,nan,0
1041,1691509936.570234,350,350,350,350,0.999999908422651,0.9999999990064927,1.0000000006316165,1.0000000565706542,1.0000000793237251,20.034862541868627,106.61285093950441,223.35228582317205,0.1879216470183042,0.08970072756600406,0.47733046718809846,11.148181593779992,13.214818835258484,110.20946258306503,225.482597053051,0.037756625243595666,0.31488417880875724,0.6442359915801457,18,118,231,0.05142857142857143,0.33714285714285713,0.66,1,False,0.8883492150556386,-0.45343892184108003,0.07231055434464409,0.23006012765895514,0.32660626635267637,0.6739275079115447,0.10227091675475944,0.06564379529749934,0.9832570179344424,95,3.7197954529485213,41.2559544616467,17:33=50;17:34=39;17:32=22;17:35=19;8:5=14,nan,nan,0
1042,1691509936.670204,338,338,338,338,0.9999998683183293,0.9999999978810469,0.9999999966533826,1.0000000601001782,1.0000001031116363,21.128031781952433,96.02443133767974,220.84753544795575,0.22002766887161818,0.095667953636419,0.4347996510031626,10.452821054377802,16.021033108234406,100.92685556411743,221.83339428901672,0.0473995062373799,0.29860016439088,0.6563118174231264,22,110,226,0.0650887573964497,0.3254437869822485,0.6686390532544378,1,False,0.8851075841405527,-0.4589443757720524,0.07716621309923068,0.2288838971861426,0.310327036958402,0.690080647634564,0.09802369920401206,0.06813423652785786,0.9851148835514384,95,3.727904630116713,41.59186644977055,17:33=52;17:34=37;17:32=20;8:5=16;17:35=14,nan,nan,0
1043,1691509936.7695978,331,331,331,331,0.9999998823732803,0.9999999969134329,0.9999999980300635,1.000000063446796,1.0000001007882604,19.35312102470348,98.69893178571459,212.94794514627483,0.1960823757112293,0.09088193366416257,0.46348853809280893,11.003287008563392,12.750272035598755,104.2166109085083,216.3843696117401,0.03852045932205062,0.31485380939126373,0.65372921332852,18,115,223,0.054380664652567974,0.3474320241691843,0.6737160120845922,1,False,0.8730400850007733,-0.4801349366424579,0.08527281276693797,0.23803123127543693,0.31828355051794266,0.6804157333736596,0.1078253902360862,0.06750039243896422,0.9820366025090506,96,3.6866131004577536,39.90944850336917,17:34=48;17:33=43;8:5=22;17:32=20;9:8=14,nan,nan,0
1044,1691509936.8694205,352,352,352,352,0.999999888606417,0.9999999989182956,1.0000000002564637,1.0000000664560953,1.0000001087678623,21.471058965596345,90.96451316899591,239.56442710388814,0.23603774942110592,0.08962540567963928,0.37970793188568336,11.15755061209364,17.631756067276,94.62444913387299,241.3405528664589,0.05009021610021591,0.26881945776668464,0.6856265706433491,25,104,247,0.07102272727272728,0.29545454545454547,0.7017045454545454,1,False,0.8774529652672706,-0.47412766348449165,0.07265846449252036,0.22328285985371557,0.2869103171604144,0.7186698852082677,0.09193073586445155,0.05381966643996884,0.9904684631477804,109,3.773045244321811,43.512369079101795,17:33=49;17:34=48;17:32=28;17:35=18;9:8=13,nan,nan,0
1045,1691509936.969645,377,377,377,377,0.999999897840576,0.9999999971933394,0.9999999956897441,1.0000000578782842,1.0000000913133358,23.725435739878723,110.94851399394355,242.32604814995602,0.21384185227729904,0.09790707982493474,0.45784807221915524,10.213765968590582,17.154526352882385,117.4590882062912,245.4936695098877,0.045502722421438685,0.3115625681864488,0.6511768422012936,24,129,253,0.0636604774535809,0.3421750663129973,0.6710875331564987,1,False,0.8797160244374412,-0.4687503819577817,0.07982979244879164,0.23343867881784008,0.32025001764015504,0.6809854550465448,0.10426767419900194,0.08374809162659147,0.9831299715296076,109,3.86404043602709,47.657520045754076,17:34=45;17:33=44;17:32=22;17:35=20;8:5=18,nan,nan,0
1046,1691509937.0699334,353,353,353,353,0.9999998887743181,0.9999999988025616,0.9999999999232144,1.0000000596220049,1.0000000953203023,19.908031119000526,99.21727431591098,233.87469371969723,0.20065085698295557,0.0851226389754705,0.42423262105828585,11.747756085054723,14.886984527111053,103.01252365112305,234.89841240644455,0.042172760700031314,0.2918201803147962,0.6654345960522509,22,112,240,0.06232294617563739,0.31728045325779036,0.6798866855524079,1,False,0.8846162341375355,-0.45878620003903725,0.08348257874589804,0.22730626565324172,0.3083294810947461,0.7020216666985988,0.0926160450631971,0.06986365515550182,0.9831461430951499,103,3.794309872494373,44.447551340705004,17:33=49;17:34=41;17:32=23;8:5=22;17:35=18,nan,nan,0
1047,1691509937.170047,370,370,370,370,0.999999888606417,1.0000000003143663,1.0000000017358976,1.0000000653214758,1.000000095241604,22.173283105192134,95.8277024418969,251.9990146855423,0.23138698455842072,0.08798956270865237,0.38027014733163056,11.364984314232373,16.51397478580475,99.97798520326614,254.42132133245468,0.04463236428595878,0.27021077081963824,0.687625192790418,22,109,261,0.05945945945945946,0.2945945945945946,0.7054054054054054,1,False,0.8963807542509011,-0.4374903902579654,0.0714401976517309,0.21181847670322773,0.29494993737719377,0.7180891858370232,0.08703532095860653,0.06540134422271697,0.9885698472714999,107,3.790661300803222,44.28567674824397,17:33=53;17:34=51;17:35=20;17:32=17;8:5=16,nan,nan,0
1048,1691509937.27031,349,349,349,349,0.9999998821513523,0.9999999998256957,0.9999999968157391,1.000000064024958,1.0000001130959124,19.355294279356244,88.09220823082812,241.55249736815142,0.219716302588755,0.08012872766890396,0.3646917717292996,12.47991861460788,13.552610158920288,90.86810290813446,245.49037551879883,0.03883269386510111,0.2603670570433652,0.7034108181054408,18,99,253,0.05157593123209169,0.2836676217765043,0.7249283667621776,1,False,0.9140599819928144,-0.39646533582644805,0.08549612159225381,0.20530116295202214,0.2926189076098775,0.7271573753583953,0.09100083984509519,0.0535841059846544,0.9927434595538124,101,3.7400423245343775,42.09977198053585,17:33=51;17:34=45;17:32=23;17:35=17;8:5=14,nan,nan,0
1049,1691509937.3706415,364,364,364,364,0.9999998821513523,0.9999999967726839,0.9999999982545487,1.0000000573722347,1.0000000984061184,17.462055259148237,100.69993962079144,245.8380027705745,0.17340680962576127,0.07103074000908029,0.40961909259720314,14.078411683056716,13.637795269489288,105.57498073577881,247.05497992038727,0.03746647052057497,0.2900411558675242,0.6787224723087563,22,114,252,0.06043956043956044,0.3131868131868132,0.6923076923076923,1,False,0.8773487635188083,-0.47497010113602356,0.06828286885342186,0.21477806149682724,0.29907633792770205,0.712259768948667,0.0846441335633194,0.054857995136666185,0.991650159737151,92,3.690181859867373,40.05213017008532,17:34=53;17:33=42;17:32=29;17:35=17;8:5=15,nan,nan,0
1050,1691509937.4709818,371,371,371,371,0.9999998823732803,0.999999997532049,0.9999999962278987,1.0000000572140488,1.0000000992754021,17.227286279894862,99.06132050119696,254.71139138768882,0.17390527597183306,0.06763453407418953,0.38891594114225775,14.785346179853658,11.487277090549469,102.11293351650238,257.31005495786667,0.030963011025739808,0.27523701756469643,0.6935580996168913,17,110,264,0.04582210242587601,0.29649595687331537,0.7115902964959568,1,False,0.8956262059185721,-0.43669392686312947,0.0845701691659839,0.209021186655838,0.29591903055896346,0.7229939022780172,0.08822088684714566,0.04968340246406483,0.9902912944939566,95,3.6619207029634397,38.93605569535134,17:33=52;17:34=44;17:32=29;17:35=24;9:8=16,nan,nan,0
1051,1691509937.5704212,394,394,394,394,0.9999998976205605,0.9999999982152976,0.9999999969576692,1.000000058725498,1.0000000922340657,27.216538953130634,96.43297879946303,270.350480841061,0.2822326893969409,0.10067131698253287,0.3566961615879498,9.933315963011655,24.838638961315155,101.375417470932,272.94848519563675,0.06304223086628212,0.25729801388561424,0.692762652780804,36,112,280,0.09137055837563451,0.28426395939086296,0.7106598984771574,1,False,0.8657884183842726,-0.4943853489023193,0.07741796550150046,0.22994505233868873,0.2739361106803191,0.7241388516472008,0.09067236920088881,0.050453831816823586,0.988504623982143,100,3.6939075709915143,40.201631162827155,17:34=63;17:33=51;17:32=23;17:35=18;8:6=14,nan,nan,0
1052,1691509937.670257,393,393,393,393,0.9999999157018317,0.999999999623372,0.9999999989227473,1.0000000620989473,1.0000001031116363,21.935747263330583,108.03689101297643,263.02736142766366,0.203039416051836,0.08339720683151525,0.4107439257519531,11.990809260797768,16.70159673690796,111.9544352889061,265.425321161747,0.04249770162063094,0.28487133661299263,0.675382496594776,24,122,272,0.061068702290076333,0.3104325699745547,0.6921119592875318,1,False,0.8827408235240609,-0.46239072010181864,0.08344735135271872,0.22217852438759597,0.30181615233246367,0.7057766101663678,0.08835133670893579,0.060511069050329706,0.9894087911226651,101,3.768160882539082,43.300357119549304,17:33=54;17:34=45;17:32=30;8:5=18;17:31=14,nan,nan,0
1053,1691509937.7703073,396,396,396,396,0.999999897840576,0.9999999981453687,0.9999999967382043,1.000000061722942,1.0000000897547974,20.405340744688402,108.47026902802845,267.12438875841525,0.1881192047142034,0.0763889094497575,0.40606651280399536,13.090905567354904,14.774340271949768,112.44713121652603,269.2486803531647,0.03730894008068123,0.2839574020619344,0.679920909982739,20,122,276,0.050505050505050504,0.30808080808080807,0.696969696969697,1,False,0.8903117984931668,-0.44912136537812747,0.07506597514686267,0.2157973240914916,0.30042587021326994,0.7108774624285359,0.09415176878533615,0.06055573973203729,0.9895225843465261,104,3.7318497124674384,41.75627387521957,17:33=59;17:34=48;17:32=24;17:35=22;17:31=16,nan,nan,0
1054,1691509937.8699806,402,402,402,402,0.9999998957291293,0.9999999987356027,0.9999999981817081,1.0000000589010511,1.0000001030320862,20.935384103564825,103.63977205365036,277.4248428262098,0.20200144875586348,0.07546326381693078,0.3735778346230317,13.25148091163852,15.765733242034912,111.02655971050262,279.1168962717056,0.039218241895609234,0.2761854719166732,0.6943206374918051,24,124,287,0.05970149253731343,0.30845771144278605,0.7139303482587065,1,False,0.8995175371034267,-0.4305514001948655,0.07411944571855725,0.20785409061671556,0.2883296803766317,0.7321478404981551,0.09543425049199003,0.05352757061430384,0.98861094206607,101,3.7240842750142438,41.43327388340766,17:33=54;17:34=48;17:35=27;17:32=25;9:8=18,nan,nan,0
1055,1691509937.9700725,389,389,389,389,0.9999998813487576,1.0000000003454574,0.999999999788165,1.000000064687941,1.0000001341473759,20.231404733379847,91.27838680628942,277.4902087290966,0.22164507328897962,0.07290853549766514,0.328942729995209,13.715815208385644,15.09676480293274,96.3730930685997,278.27989703416824,0.03880916401782195,0.247745740536246,0.7153724859490186,22,106,283,0.056555269922879174,0.27249357326478146,0.7275064267352185,1,False,0.8966107979497447,-0.43742563697844344,0.0689049280815596,0.19691473509724533,0.267092061679718,0.7489620035954585,0.08518427052396141,0.0474062092314764,0.9929293576472705,99,3.6895285256473906,40.02597128903858,17:33=61;17:34=45;17:32=30;17:35=29;17:31=10,nan,nan,0
1056,1691509938.0700314,426,426,426,426,0.9999999060902591,0.9999999979660369,0.9999999986942656,1.0000000573104117,1.0000000846187578,26.560879485840474,112.3501616324633,287.0889571487598,0.23641158232357873,0.0925179419982968,0.391342679106418,10.808714270994153,20.66140478849411,116.13586920499802,291.11967945098877,0.04850095020773265,0.2726194112793381,0.6833795292276732,29,127,301,0.06807511737089202,0.2981220657276995,0.7065727699530516,1,False,0.8948734956281565,-0.4375379011462648,0.08810228080342197,0.22461695237146798,0.3007154872354117,0.7143628467917056,0.09825759704481288,0.06786509892344107,0.9839346832799789,117,3.8980525942749096,49.30633610918307,17:34=54;17:33=53;17:32=27;17:35=18;8:8=13,nan,nan,0
1057,1691509938.170383,385,385,385,385,0.9999998683183293,0.9999999979299756,0.9999999996282433,1.0000000612545905,1.0000001198113286,19.337949016393083,94.36447565341831,271.2975737362699,0.2049282728748207,0.07127947644379462,0.3478264635906793,14.029283741842875,15.060446321964264,98.28909695148468,274.28195053339005,0.03911804239471237,0.255296355718142,0.7124206507360781,23,107,281,0.05974025974025974,0.2779220779220779,0.7298701298701299,1,False,0.9061220923224744,-0.4167610886248703,0.07247722961975242,0.19707206092432814,0.27618575582835536,0.7379755278771017,0.08723265247481277,0.05254098823196617,0.9903029236444356,97,3.758620952405913,42.88923887554336,17:33=53;17:34=44;17:32=31;17:35=19;9:8=12,nan,nan,0
1058,1691509938.270422,409,409,409,409,0.9999998780957127,0.9999999985484697,0.9999999969209732,1.0000000588094236,1.0000001175871196,18.58705052731344,110.22440517954816,280.1885431057867,0.16862917515441686,0.06633765364308918,0.39339369111153244,15.074395084580694,12.953096091747284,115.06924825906754,282.57574439048767,0.03167016159351414,0.2813429052788937,0.6908942405635395,20,125,289,0.0488997555012225,0.3056234718826406,0.706601466992665,1,False,0.9187465886620865,-0.3856802628374166,0.08458983792063857,0.19818043768298627,0.30332603199498925,0.7193309621307024,0.0941251393866736,0.05396277767190232,0.9898336497985917,98,3.6591714016799477,38.82915576484706,17:33=62;17:34=47;17:32=28;17:35=24;8:6=16,nan,nan,0
1059,1691509938.37069,415,415,415,415,0.9999998874591677,1.0000000017690924,1.0000000025226776,1.000000063780087,1.0000001020997413,23.99831451224231,102.94572258522484,288.0559643708798,0.23311618889628968,0.08331129183405428,0.3573809791095992,12.00317481562854,19.798278391361237,107.68856257200241,290.81493121385574,0.047706694918942735,0.25949051222169256,0.7007588703948331,29,118,299,0.06987951807228916,0.28433734939759037,0.7204819277108434,1,False,0.9329413689287479,-0.3551876045691522,0.05884018781225722,0.19523735939568845,0.29317331448616674,0.7345024875885658,0.08266796906579654,0.056354547528120406,0.9895503397444984,116,3.86515511467873,47.71067248437996,17:33=54;17:34=46;17:32=32;17:35=23;17:31=16,nan,nan,0
1060,1691509938.4706619,398,398,398,398,0.999999897112426,0.9999999970892275,0.9999999960554453,1.000000062732706,1.000000092204286,22.093738645450724,108.89258430820564,267.0136747293689,0.20289479569074606,0.08274384698777612,0.4078165075948768,12.085490781540912,15.774216175079346,112.21627193689346,269.982362806797,0.03963370898261142,0.2819504320022449,0.6783476452432086,22,122,278,0.05527638190954774,0.3065326633165829,0.6984924623115578,1,False,0.8950937053614878,-0.43678266248310754,0.08960002442192713,0.22347404363478146,0.30593263857108455,0.7109263145246537,0.10657252444814617,0.06091126179090477,0.9841679062345446,115,3.8515317116218517,47.065098206998336,17:33=52;17:34=48;17:32=25;8:5=19;9:6=15,nan,nan,0
1061,1691509938.5702455,435,435,435,435,0.9999998929945423,0.9999999983876167,0.9999999981244219,1.000000057562716,1.0000001164569925,23.92426968348685,110.86850734864444,300.2072215650953,0.21578958944809284,0.07969251891663517,0.3693065968588111,12.548229289201924,19.506097078323364,114.19220519065857,302.30692237615585,0.044841602478904286,0.2625108165302496,0.6949584422440365,28,123,309,0.06436781609195402,0.2827586206896552,0.7103448275862069,1,False,0.9124538396490559,-0.39977838697284723,0.08720798024884946,0.20501586127713364,0.2910795376847406,0.724982616250235,0.08886857883919952,0.05673199913228862,0.9909796433888242,99,3.6855772691843693,39.868130451465355,17:33=64;17:34=47;17:32=39;17:35=21;17:31=18,nan,nan,0
1062,1691509938.6701796,439,439,439,439,0.9999998874591677,1.0000000019718158,1.0000000029746126,1.0000000575729748,1.0000001100759908,25.246136990496606,117.811362722054,295.94250201870386,0.21429288658733586,0.08530757433719684,0.39808868925021185,11.722288527948074,21.752357006072998,120.5504612326622,298.37363493442535,0.0495497881687312,0.2746024173864743,0.6796665943836568,31,129,306,0.07061503416856492,0.2938496583143508,0.6970387243735763,1,False,0.9046158088112063,-0.4192380025646766,0.07687480506919964,0.2181035761144763,0.2978529177810615,0.7129870487122003,0.1023958349079092,0.05757823433391032,0.9899807158373927,120,3.8534744935349625,47.15662430737185,17:34=54;17:33=54;17:32=36;17:35=15;17:0=14,nan,nan,0
1063,1691509938.770256,431,431,431,431,0.9999998823732803,0.999999999499305,0.9999999986662096,1.000000062578723,1.00000010202596,20.709326838636333,120.28827250482237,290.00240022494245,0.1721641387592967,0.07141088081537598,0.41478371355381854,14.003468219155236,14.239674031734467,123.3681048154831,294.52970016002655,0.03303868684857185,0.2862369021240907,0.6833635734571382,21,132,304,0.048723897911832945,0.3062645011600928,0.7053364269141531,1,False,0.9038494545054234,-0.4191313543654717,0.08593643801097098,0.21293224504444194,0.3106047663711352,0.7100006273641979,0.09980605198135942,0.0695690353324956,0.986461223487516,111,3.854761330176465,47.21734624064512,17:33=51;17:34=44;17:32=32;8:5=19;17:35=18,nan,nan,0
1064,1691509938.8705876,465,465,465,465,0.9999998808537945,0.9999999964631129,0.9999999974468509,1.0000000550169694,1.0000001015863806,24.34854311399719,131.63061428658,309.0208393101177,0.18497629328832793,0.07879256029578711,0.42596031575230486,12.691553571123999,19.045455038547516,135.0447638630867,311.1954818367958,0.040957967824833366,0.29041884701739074,0.669237595347948,27,145,319,0.05806451612903226,0.3118279569892473,0.6860215053763441,1,False,0.8882236896844897,-0.4530772157862523,0.07602442777587551,0.21788310017505896,0.3052924617943113,0.7034929917393931,0.08835559542505535,0.05561418853550627,0.9892200793997199,110,3.7645191333095127,43.14295486110593,17:33=64;17:34=54;17:32=33;17:35=24;17:31=22,nan,nan,0
1065,1691509938.9706075,485,485,485,485,0.9999999049328973,0.9999999992414791,0.9999999988297561,1.0000000622366654,1.0000001051199914,24.337388068407122,138.5951198823822,322.06749131344543,0.17560061342030572,0.07556611183933888,0.4303294297638298,13.233445199960798,17.3634774684906,140.82743048667908,322.20265513658524,0.03580098447111464,0.29036583605500843,0.6643353714156397,24,149,328,0.049484536082474224,0.30721649484536084,0.6762886597938145,1,False,0.9084087459890148,-0.4091262094634682,0.08607726146155362,0.2168868883958109,0.315942952553316,0.701320537498696,0.10926096518206833,0.06354756807179651,0.9856990690488315,114,3.79786837803585,44.605999951383204,17:34=61;17:33=48;17:32=47;17:35=24;8:6=15,nan,nan,0
1066,1691509939.0710042,493,493,493,493,0.9999998808537945,0.9999999980773224,0.9999999993069065,1.000000061168729,1.0000001030320862,28.648418185160708,149.1908011926771,315.1607787264021,0.19202536588138444,0.09090096267984862,0.4733799738519902,11.000983603682835,25.311739683151245,155.9816300868988,317.2928068637848,0.05134227116257859,0.316392758796955,0.6435959571273525,39,170,327,0.07910750507099391,0.3448275862068966,0.6632860040567952,0,True,0.9188871214356851,-0.3867338890869454,0.0779958786816761,0.2225260851391869,0.33942144047089823,0.6837188984137922,0.11060509108582493,0.08216341491698816,0.9824654102419563,127,3.9196876419423994,50.38470425150054,17:33=61;17:34=41;17:32=37;17:31=23;17:35=22,nan,nan,0
1067,1691509939.1707954,506,506,506,506,0.9999998865059379,0.9999999972242345,0.9999999968858237,1.00000006137373,1.0000001015863806,33.13700679843021,147.88991252033375,324.9730778721615,0.22406536209069783,0.10196846771247217,0.45508358258068055,9.806953290891572,25.13777196407318,155.77328377962112,328.1458914279938,0.04967939123334621,0.30785233948541724,0.6485096668537427,36,171,338,0.07114624505928854,0.33794466403162055,0.6679841897233202,0,True,0.9306043159698432,-0.35682723352243684,0.08154711837351637,0.21915619586503912,0.33485703773781594,0.6843530195355211,0.11166207158209801,0.06608597123870477,0.9830447851275486,119,3.862532816965028,47.58572479362653,17:33=68;17:34=56;17:32=27;17:35=23;8:27=17,nan,nan,0
1068,1691509939.2707555,519,519,519,519,0.9999998866747947,0.9999999998711475,0.999999999627153,1.0000000628270138,1.0000000907470823,34.451736726586525,161.67999089003217,322.8682722496326,0.21308596405116775,0.1067052407675085,0.5007614708113091,9.371610923767278,24.781606376171112,169.92263346910477,325.8086222410202,0.04774875987701563,0.32740391805222496,0.6277622779210409,35,185,336,0.0674373795761079,0.35645472061657035,0.6473988439306358,1,False,0.9336093730126471,-0.35205706959434346,0.06655342494249009,0.2211647971140599,0.35281248311215707,0.6658456919935146,0.1115464116522557,0.08898383526147728,0.9820366934203908,126,3.902407605104447,49.52153399133473,17:33=57;17:34=56;17:32=36;17:35=27;17:31=21,nan,nan,0
1069,1691509939.370689,524,524,524,524,0.9999998940867253,0.9999999984832714,0.9999999980420387,1.0000000565459408,1.0000001095283382,33.32707524046984,156.81702934118738,333.8558938288112,0.2125220416461276,0.09982473233663718,0.46971472494536004,10.017557539024674,25.82253724336624,165.26956224441528,335.3718311190605,0.04927965122779817,0.3153999279473574,0.6400225784714896,39,181,344,0.07442748091603053,0.34541984732824427,0.6564885496183206,0,True,0.9376940443547924,-0.3395415750054346,0.07376583236418989,0.21760304770335384,0.34172074111075695,0.6807834535910343,0.10789945875289814,0.08150126763495831,0.9808049746393357,119,3.920006345025044,50.40076457116438,17:33=55;17:34=54;17:32=43;17:35=27;17:31=20,nan,nan,0
1070,1691509939.4705431,529,529,529,529,0.9999998813487576,0.9999999994758764,1.0000000019228115,1.0000000619636848,1.0000001052772594,31.06102243339084,164.0760756930025,333.86290131908413,0.18930866247379127,0.09303526181156846,0.49144746255047195,10.748612735947125,17.825637757778168,171.41425800323486,336.98543947935104,0.03369685776517612,0.3240345141838088,0.6370235150838394,26,186,347,0.04914933837429111,0.3516068052930057,0.6559546313799622,1,False,0.9509831275199161,-0.2998602323920497,0.07559717059668876,0.20397518125564923,0.3577966037241455,0.67379518454779,0.097849204796021,0.07894948739742785,0.9845601911130608,126,3.9008496875572347,49.444443590401136,17:33=62;17:34=56;17:32=40;17:35=28;17:31=24,nan,nan,0
1071,1691509939.570396,511,511,511,511,0.9999998842065574,0.999999997621745,0.9999999968489797,1.0000000638361437,1.0000001049656189,27.094452227938955,157.2119730262093,326.6935723152751,0.17234343991994777,0.08293536978986381,0.48122150647791795,12.057581735437296,15.553240954875946,165.9744216799736,327.1707766652107,0.03043687075318189,0.3248031735420227,0.6402559230238958,24,180,334,0.046966731898238745,0.3522504892367906,0.6536203522504892,1,False,0.944444208697443,-0.31938709393242004,0.07756945846958319,0.2020324531295291,0.3459281587964258,0.6798863447396583,0.09513742418038978,0.061530541942095576,0.9874604450441253,107,3.700074318104405,40.45031043875737,17:33=76;17:34=57;17:32=37;17:35=30;8:27=23,nan,nan,0
1072,1691509939.6705725,552,552,552,552,0.9999998683183293,0.99999999665965,0.9999999953473595,1.0000000600724135,1.0000001020997413,37.26316420570981,173.69520624121296,341.0416258653312,0.21453190915333575,0.10926280365677152,0.5093079350665565,9.152245471764676,26.50699210166931,183.21427446603775,343.86470597982407,0.0480199132276618,0.33190991751093796,0.6229433079344638,39,200,354,0.07065217391304347,0.36231884057971014,0.6413043478260869,0,True,0.9502577820262201,-0.30549785220562997,0.06067297583237442,0.21434058212678306,0.35868153121379104,0.6620373066338712,0.10617226683253685,0.08114236520214468,0.9829039160467596,120,3.8185574237412934,45.53846820159618,17:34=73;17:33=66;17:32=35;17:35=23;17:31=19,nan,nan,0
1073,1691509939.7708497,525,525,525,525,0.9999998965012515,1.0000000001127374,0.9999999998549883,1.000000061284385,1.0000001198113286,34.50353562810237,164.12902611398286,326.367438376289,0.21022202132693252,0.10571990821069942,0.5028964498742319,9.458956377515987,22.90635997056961,173.70588940382004,327.73390102386475,0.04363116184870402,0.330868360769181,0.6242550495692661,33,190,338,0.06285714285714286,0.3619047619047619,0.6438095238095238,1,False,0.9590850843051274,-0.27665102627789806,0.06016652493548599,0.2043986476756479,0.35867321648347417,0.6688969282778253,0.09787216334476787,0.0652696516601023,0.9867122978641177,128,3.8285586282337585,45.99619281781361,17:34=67;17:33=63;17:32=34;17:35=28;8:27=26,nan,nan,0
1074,1691509939.8707027,533,533,533,533,0.9999999017314782,0.9999999983583335,0.9999999977233914,1.000000058958259,1.0000001100759908,33.44252176143601,171.17477893477792,328.3826975537698,0.19537061458206112,0.10184008478692788,0.5212661331121125,9.819316255403974,19.186567664146423,181.41061145067215,328.64024144411087,0.03599731269070623,0.34035761998249936,0.6165858188444857,28,198,336,0.0525328330206379,0.3714821763602251,0.6303939962476548,1,False,0.964626043214325,-0.2559087701204584,0.06330322367865161,0.19765460518873074,0.36647942560724467,0.6607054564580148,0.09270958989730656,0.06668624111092879,0.9856891479470975,117,3.7634177390305936,43.09546361554017,17:33=77;17:34=56;17:32=42;17:35=28;8:27=24,nan,nan,0
1075,1691509939.9706564,571,571,571,571,0.9999999109214505,1.0000000023955027,1.000000002254014,1.0000000687488262,1.0000000971728569,36.84176284033029,180.4070670279935,353.7511728673406,0.2042146322051431,0.10414598075169135,0.5099829509134872,9.601906792584119,23.130505740642548,190.26836609840393,353.43937879800797,0.04050876662109028,0.3332195553387109,0.6189831502592084,33,208,363,0.05779334500875657,0.36427320490367776,0.6357267950963222,1,False,0.971201265278773,-0.22992900297104737,0.062456031843612606,0.19719444247634343,0.3658134603890266,0.6664346244249096,0.09444423410846513,0.06934419484192626,0.9835671807542602,129,3.849550462429813,46.971942831680806,17:33=72;17:34=67;17:32=39;17:35=26;8:27=26,nan,nan,0
1076,1691509940.0707893,546,546,546,546,0.999999881534338,1.0000000016645494,1.0000000015485133,1.0000000593820737,1.000000097338197,34.22072464542308,171.10949710513657,340.66978006712844,0.19999313436352684,0.10045130694797744,0.5022737768856976,9.955072068080591,19.748281061649323,180.77347761392593,341.335840344429,0.036169012933423665,0.33108695533686067,0.6251572167480385,28,196,349,0.05128205128205128,0.358974358974359,0.6391941391941391,1,False,0.9729369331138012,-0.22212668969565041,0.06366677240101636,0.1939681960072405,0.3624158839031828,0.6685727719572602,0.09904358896457882,0.07747291239797655,0.9837258489130145,126,3.848981832145002,46.94524075497454,17:33=66;17:34=59;17:32=38;8:27=34;17:35=28,nan,nan,0
1077,1691509940.1706183,576,576,576,576,0.9999998874591677,0.9999999977495961,0.9999999983972097,1.0000000579734711,1.0000001100759908,34.62901081560226,171.67762268599213,369.6933639059405,0.20170951970217244,0.09366954940639066,0.46437842668355644,10.675828018147532,21.165338218212128,181.30074137449265,370.00567984580994,0.03674537885106272,0.31475823155293864,0.6423709719545312,32,199,379,0.05555555555555555,0.3454861111111111,0.6579861111111112,1,False,0.9703532113825208,-0.23265411429265423,0.06547295825246593,0.18972327975256834,0.35079966566722964,0.6857544287358113,0.08654222922754648,0.05865156901611361,0.9911897072550095,123,3.7920959961163603,44.349258800643945,17:33=88;17:34=65;17:32=43;8:27=25;17:35=23,nan,nan,0
1078,1691509940.2704382,579,579,579,579,0.9999998781019415,0.9999999970189811,0.999999996524733,1.00000005595775,1.000000112721091,35.56661057691994,183.56751078291862,359.8658751881417,0.1937522082487676,0.0988329625817545,0.5100997995071014,10.118081800621946,23.947037041187286,194.46806967258453,359.6784934401512,0.041359304043501355,0.33586885953814255,0.621206378998534,36,212,368,0.06217616580310881,0.36614853195164077,0.6355785837651122,1,False,0.9757639713987744,-0.2087450287809555,0.06565199981211362,0.18558285061370952,0.3655449052563553,0.6650048734556139,0.08832084906054652,0.06715542419111209,0.9901049267068206,116,3.6799255461931635,39.643442357491125,17:33=75;17:34=69;17:32=52;8:27=38;17:35=25,nan,nan,0
1079,1691509940.3707588,611,611,611,611,0.9999999029985194,0.9999999980221037,0.9999999985962085,1.0000000616879938,1.0000001031116363,34.70041503856723,210.6381822782639,365.6614002661797,0.16473943452819104,0.09489767039481715,0.5760470810562227,10.537666476316526,16.697597324848175,222.09710067510605,366.12700974941254,0.02732830986063531,0.3634977097792243,0.5992258752036211,26,241,376,0.0425531914893617,0.3944353518821604,0.6153846153846154,1,False,0.9675532132290966,-0.24753596518006135,0.05066286127357899,0.19474224165140214,0.39350432262655377,0.647830297917031,0.09474567873895304,0.10335824001264633,0.9802595634538269,122,3.8292217336481036,46.0267032570111,17:33=76;17:34=61;17:32=46;8:27=29;17:35=26,nan,nan,0
1080,1691509940.4703424,598,598,598,598,0.9999999003494051,0.999999998682013,0.9999999998646019,1.0000000581910742,1.0000001057876906,42.86272306628836,197.8824239026758,357.2548514547236,0.2166070246206882,0.11997800139523236,0.5538970936207266,8.334861294328391,29.67611986398697,211.77212113142014,356.5062593817711,0.04962561850165045,0.3541339818251173,0.5961643133474432,43,233,366,0.07190635451505016,0.3896321070234114,0.6120401337792643,0,True,0.968640970146657,-0.24188112224728073,0.05681719505342841,0.20472429949122223,0.3826613022906173,0.6498750976073406,0.0974694354675085,0.08711448011673499,0.9822439067442283,127,3.8549237429413905,47.225015563181586,17:33=78;17:34=59;17:32=49;8:27=31;17:35=24,nan,nan,0
1081,1691509940.5699446,620,620,620,620,0.9999998907441071,0.9999999977875685,0.9999999962556493,1.0000000616708904,1.0000001078061056,33.52301728231357,204.25066311825674,382.2263168560148,0.1641268467407837,0.08770462891737968,0.5343710103435872,11.401906744762915,14.488506972789764,217.0290825366974,381.27981263399124,0.023368559633531877,0.35004690731725385,0.614967439732244,22,237,389,0.035483870967741936,0.38225806451612904,0.6274193548387097,1,False,0.9705705782805246,-0.2318178897012652,0.06521670484361787,0.18605918531098156,0.37886123411968625,0.6617086153815602,0.08853203028444806,0.08181222227498697,0.985042775386314,126,3.783034202958419,43.94919039691384,17:33=83;17:34=70;17:32=42;17:35=30;8:27=30,nan,nan,0
1082,1691509940.6698406,622,622,622,622,0.9999999034927367,0.9999999999303617,1.0000000025177094,1.000000059053087,1.000000094013966,36.67451774537628,205.13951542447458,380.1859667435194,0.17877841657902616,0.09646468032345233,0.5395767686577069,10.366488507990024,19.93580412864685,216.59015238285065,378.74595952033997,0.03205113203962516,0.34821567907210715,0.6089163336339871,28,236,388,0.04501607717041801,0.37942122186495175,0.6237942122186495,1,False,0.9739162909747805,-0.21854744912674787,0.06102516410562319,0.18725100780095766,0.3796956296641442,0.6607623453679069,0.09019566350966693,0.0783745296009566,0.9831758166709303,129,3.819036516433475,45.56029057597736,17:33=85;17:34=69;17:32=51;8:27=33;17:35=27,nan,nan,0
1083,1691509940.7700598,608,608,608,608,0.999999881534338,0.9999999987020735,0.9999999997958038,1.0000000562773714,1.0000001030320862,35.36324190815134,201.17941368583044,371.4573428277399,0.17577962506330766,0.0952013537784626,0.5415949302666649,10.504052309245942,18.60305541753769,215.60919839143753,370.35732567310333,0.030597130620950146,0.3546203920911801,0.6091403382781305,27,237,380,0.044407894736842105,0.38980263157894735,0.625,1,False,0.9693214202695446,-0.23742499245362692,0.06360312228993387,0.19030506558465954,0.3804890803488991,0.6613884819902124,0.08700933258640464,0.08792727325620038,0.9858161645608389,127,3.8118307338031396,45.233173009967054,17:33=88;17:34=68;17:32=39;8:27=30;17:35=29,nan,nan,0
1084,1691509940.8699956,614,614,614,614,0.999999897265178,0.9999999981093577,0.9999999989499376,1.0000000594492373,1.0000001198113286,34.69164895925174,208.31885545762995,370.9894932614099,0.16653148791088518,0.09351113600084356,0.5615222512806919,10.693913503424652,19.82071352005005,219.99745815992355,370.28432762622833,0.032281292377931675,0.35830204912039665,0.6030689375020005,30,239,380,0.048859934853420196,0.38925081433224756,0.6188925081433225,1,False,0.9758567036651934,-0.20897377232543674,0.06351107298557884,0.18522423853048345,0.38812263573349415,0.6496546448378276,0.08831306752215975,0.09242325044523571,0.9839426759774905,126,3.815163665906192,45.38418361867678,17:34=81;17:33=66;17:32=42;17:35=30;8:27=27,nan,nan,0
1085,1691509940.9706507,634,634,634,634,0.9999998887743181,0.9999999984977708,0.9999999977435952,1.0000000598984367,1.0000000982334496,38.575234816118005,204.35888778615984,391.06587549289543,0.1887622076730176,0.09864127052123424,0.5225689598423487,10.137744523320315,22.343135118484497,216.2361854314804,391.3120970726013,0.03524153804177366,0.34106653853545804,0.6172115095782356,32,236,402,0.050473186119873815,0.3722397476340694,0.6340694006309149,1,False,0.9798099246498464,-0.18733084571615236,0.06985460472247808,0.18585163359909476,0.3744782168184301,0.6625109510109276,0.08719790817402127,0.0750457544335723,0.9845581431991792,130,3.781023194060113,43.86089699311867,17:33=89;17:34=67;17:32=48;8:27=37;17:35=31,nan,nan,0
1086,1691509941.0710526,659,659,659,659,0.9999998874591677,1.0000000006834162,1.0000000012597918,1.0000000602945072,1.0000001477676437,40.573776512916204,225.4096738049768,393.0165505828501,0.1800001562844211,0.10323681395285929,0.5735373573216968,9.686467081952248,22.605185747146606,239.08248502016068,392.4577800631523,0.03430225454802217,0.3627958801519889,0.5955353263477273,34,261,403,0.051593323216995446,0.3960546282245827,0.6115326251896813,1,False,0.9787587321786645,-0.19840397343676427,0.05164501436263827,0.19120458923003192,0.39556385321184856,0.6492114940771203,0.09450914043775473,0.10722649289121108,0.9795005702735817,140,3.906433866369942,49.72132255603763,17:33=78;17:34=65;17:32=51;8:27=37;17:35=28,nan,nan,0
1087,1691509941.1712763,652,652,652,652,0.9999998887277937,1.000000000871503,1.0000000000857696,1.0000000609241073,1.0000001082790297,44.97089955319123,214.2563544858798,392.77274709736923,0.2098929558523547,0.11449597734448426,0.5454969981223396,8.7339312977896,32.344386994838715,228.97689098119736,394.14447754621506,0.04960795551355631,0.3511915505846585,0.604516069856158,48,253,408,0.0736196319018405,0.3880368098159509,0.6257668711656442,0,True,0.9761148661652329,-0.20663032009384072,0.06710945439463879,0.1962938088388163,0.38423666447182736,0.6552369052972307,0.08992158719090554,0.09713318700120535,0.979831748553522,142,3.952056331435892,52.04227304191457,17:33=74;17:34=63;17:32=45;17:35=34;8:27=34,nan,nan,0
1088,1691509941.2713456,679,679,679,679,0.9999998884954975,0.9999999985047763,0.9999999978029058,1.0000000598608567,1.000000098149716,47.25345457611721,224.9193321981196,406.82721119524945,0.21009067612958288,0.1161511651034541,0.5528620652913346,8.609470246030808,32.45232445001602,236.59031081199646,405.505974650383,0.047794292268064836,0.34843933845654856,0.5972105664954094,47,259,416,0.06921944035346098,0.38144329896907214,0.6126656848306333,0,True,0.9790252870573768,-0.1907036279490365,0.0717050457729169,0.19673893600002973,0.3879766272794167,0.6473865979574677,0.09732644744678802,0.10555001904352392,0.9783297020097501,141,3.9700687316534626,52.988172679242105,17:33=82;17:34=72;17:32=40;8:27=36;17:35=25,nan,nan,0
1089,1691509941.3712564,653,653,653,653,0.9999998781019415,0.9999999996110706,0.999999998745463,1.0000000583906228,1.0000000934140765,36.60253028680605,218.68967312272534,397.70779608252684,0.16737201059450696,0.09203372588454564,0.5498752483025148,10.86558205037226,20.189677357673645,232.74325770139694,397.2685405611992,0.030918342048504816,0.35642152787350223,0.6083744878425715,31,256,409,0.04747320061255743,0.39203675344563554,0.6263399693721287,1,False,0.9801331155338346,-0.1891819101569241,0.05957583992959019,0.18077613045147545,0.38983723559238626,0.6590001729922779,0.09052011353265159,0.10080400112139258,0.9815735613546551,121,3.833267756491353,46.21330559388593,17:34=74;17:33=69;17:32=51;17:35=40;8:27=34,nan,nan,0
1090,1691509941.4706967,698,698,698,698,0.9999998851333375,0.9999999967221319,0.9999999962341442,1.000000063748458,1.0000001082790297,46.83117838972059,229.82706855244973,421.341748481926,0.20376702659388038,0.11114772879367181,0.5454647430037626,8.99703494487361,30.65763568878174,243.23043686151505,421.0698295235634,0.04392211416730908,0.34846767458669775,0.6032519047615521,44,267,433,0.06303724928366762,0.3825214899713467,0.6203438395415473,0,True,0.9825816869516218,-0.17448326238559084,0.06394387863264595,0.19229168113530212,0.3863765483636974,0.6534097830835592,0.09166385975725819,0.09663674398158799,0.9778935312335304,139,3.8895277235193078,48.887792516184476,17:33=86;17:34=80;17:32=55;8:27=42;17:31=24,nan,nan,0
1091,1691509941.5704591,676,676,676,676,0.9999998884954975,0.9999999980743992,0.9999999976278542,1.000000062752549,1.0000001082790297,39.39688537219685,216.4211260924272,420.18198593196377,0.18203807587329335,0.0937614811944271,0.5150652177827306,10.665360521836947,25.018915116786957,228.78262203931808,421.3529859185219,0.0370102294627026,0.3384358314191096,0.6233032336072809,37,250,433,0.05473372781065089,0.3698224852071006,0.6405325443786982,0,True,0.9819553855966887,-0.17852275377766724,0.06239588993913539,0.18158068962327376,0.3744605280898369,0.6663090429911577,0.09001813241324474,0.08057162512955249,0.9852703450897681,131,3.854906621665988,47.224207017605934,17:33=90;17:34=67;17:32=48;17:35=35;8:27=33,nan,nan,0
1092,1691509941.6703386,713,713,713,713,0.9999998737717649,0.9999999997316767,1.0000000002022809,1.0000000627133103,1.000000105922019,44.91036947031291,244.72304302343278,423.36658712362555,0.18351508266433514,0.10607915418039075,0.5780405220121261,9.426922826887084,27.09110736846924,258.6073931455612,426.803844332695,0.03799594301328084,0.362703216192933,0.5986028672267812,41,282,441,0.05750350631136045,0.3955119214586255,0.6185133239831697,0,True,0.9726110453236864,-0.22483996204610207,0.0589469760163617,0.19558784922493871,0.39657054464464175,0.6435565313609357,0.093721542800898,0.11680591691947424,0.9741945537158424,145,3.987293499707782,53.90878759089852,17:33=75;17:34=68;17:32=45;8:27=39;17:35=34,nan,nan,0
1093,1691509941.7703521,698,698,698,698,0.999999907985477,1.000000000823855,0.9999999978053902,1.000000064153628,1.0000001100759908,43.42372728325776,226.9506366280709,427.62563723877275,0.19133556058016715,0.10154612703683927,0.5307227089879758,9.847741407579399,27.015360474586487,239.69954639673233,429.28195947408676,0.038703954834651125,0.34340909225892885,0.6150171339170297,41,262,442,0.05873925501432665,0.3753581661891118,0.6332378223495702,0,True,0.9795313974939815,-0.19375781300257217,0.05455411280506439,0.18858561420484588,0.3823770481934543,0.6620952373805694,0.09195590858357797,0.10206109182992654,0.9786029430174366,149,4.02316082577841,55.87744586122709,17:33=79;17:34=72;17:32=42;8:27=39;17:31=28,nan,nan,0
1094,1691509941.8704648,729,729,729,729,0.9999999017852493,0.9999999991613499,0.9999999998966805,1.000000059586511,1.0000000953203023,48.00780467466894,250.91417625867012,430.0780178439091,0.1913315755630211,0.1116258043490442,0.5834154870703854,8.958502076035096,29.91439723968506,264.44474643468857,430.7566611766815,0.041034838463216816,0.36274999510931216,0.5908870523685618,44,289,444,0.06035665294924554,0.39643347050754457,0.6090534979423868,0,True,0.9811429799418939,-0.18269703391339343,0.06308919646016038,0.19316321307676074,0.40129511725362965,0.6408276715328581,0.09399881800401294,0.12090787185430103,0.9739411282935968,150,4.006088158893994,54.931566161189544,17:33=87;17:34=67;17:32=46;8:27=41;17:35=37,nan,nan,0
1095,1691509941.9708383,709,709,709,709,0.9999998874228568,0.9999999969012288,0.9999999949262378,1.0000000610286244,1.0000001050450242,45.588480243749565,236.10620342325785,427.305311938935,0.1930846355698032,0.10668830686163921,0.5525468484159615,9.373098415526167,29.17783409357071,250.2182098031044,428.91123324632645,0.041153503658068705,0.35291708011721357,0.6049523741132954,43,273,441,0.06064880112834979,0.385049365303244,0.6220028208744711,0,True,0.9811135260626156,-0.18335871689340408,0.06161030689897498,0.18846621219655343,0.38785038147964535,0.6504044551890088,0.09410045660039855,0.09713745237737358,0.9827723578317114,144,3.9069349745577604,49.746244561668654,17:33=83;17:34=82;17:32=52;8:27=37;17:31=23,nan,nan,0
1096,1691509942.071003,706,706,706,706,0.9999998886523574,1.0000000012131103,1.0000000006896397,1.0000000574332337,1.000000097101958,43.11099278493871,238.47802416414635,424.41098476382683,0.18077553659730536,0.10157840944887137,0.5619035150488692,9.844611718431578,25.92305964231491,252.33041787147522,423.26187390089035,0.03671821479081432,0.3574085238972737,0.5995210678482866,38,276,434,0.053824362606232294,0.3909348441926346,0.6147308781869688,0,True,0.9823963273640403,-0.17769326765981114,0.05764163955010532,0.18576089671713603,0.393601122943915,0.6491177083790357,0.09196353917913969,0.099609337551762,0.9826470344811248,145,3.943946425685778,51.62192192040359,17:33=82;17:34=74;17:32=53;8:27=41;17:35=27,nan,nan,0
1097,1691509942.1710374,699,699,699,699,0.9999998967608517,0.9999999999360824,0.9999999989774822,1.0000000601784835,1.0000001477676437,42.973677539683685,231.9762339966239,424.05008837433564,0.18525034568976195,0.10134104134827611,0.5470491348933382,9.867670459032745,24.32766020298004,246.76756596565247,423.42032527923584,0.03480351960369105,0.35302942198233545,0.6057515383107809,36,271,435,0.05150214592274678,0.3876967095851216,0.6223175965665236,1,False,0.9797727563994424,-0.19092841498243546,0.05993067803498941,0.18719066292154446,0.3896146502522162,0.6580522098666067,0.09293024428575865,0.11662807452103006,0.9801707431326497,142,3.999109659307558,54.54956071217228,17:33=81;17:34=75;17:32=45;8:27=34;17:35=27,nan,nan,0
1098,1691509942.2708182,707,707,707,707,0.9999998980755159,0.9999999985531807,0.9999999989021493,1.0000000592284237,1.0000001031051837,42.20779767900139,247.12918717380973,417.6630131013861,0.17079244326294812,0.10105706360154904,0.5916951691238699,9.895399335397586,25.734650194644928,260.48986315727234,418.1951600909233,0.03639978811123752,0.3684439365732282,0.5915065913591561,40,284,430,0.056577086280056574,0.4016973125884017,0.6082036775106082,0,True,0.9825083607270928,-0.17745169644985256,0.05646429427904289,0.18544517786847659,0.4056414312034078,0.6404669235742079,0.09438727626127391,0.12183454204777784,0.9771215827002465,134,3.9390772625537194,51.371177314980116,17:33=83;17:34=74;17:32=48;8:27=40;17:35=24,nan,nan,0
1099,1691509942.3707347,716,716,716,716,0.9999998965955714,0.9999999980331284,0.9999999973098939,1.0000000567643317,1.0000001097089102,49.07103332930894,246.71488158239825,420.21408227173265,0.19889774388384476,0.11677627047628787,0.5871171195611178,8.563383604574492,30.815808594226837,262.7237560749054,419.5292401313782,0.04303883881875257,0.3669326202163483,0.5859346929209193,45,290,431,0.06284916201117319,0.40502793296089384,0.6019553072625698,0,True,0.979035660564118,-0.19628384289348447,0.054422682428810265,0.19652091606461944,0.4000777811439414,0.639122485946622,0.09452676597048536,0.11619804927823214,0.9757404634672022,143,3.995262137466211,54.34008332871553,17:33=76;17:34=66;17:32=52;8:27=43;17:35=37,nan,nan,0
1100,1691509942.4702399,757,757,757,757,0.9999998886523574,0.9999999994530008,0.9999999996220029,1.0000000576370265,1.0000001041386186,46.758171215214404,260.81892894789706,449.42289900873175,0.1792744545184262,0.10404047350134232,0.5803418773791268,9.611644068374007,26.84520661830902,275.2597042918205,451.45914363861084,0.035462624330659206,0.3636191602269756,0.5963793178845586,41,300,465,0.05416116248348745,0.3963011889035667,0.6142668428005285,0,True,0.9817460747753808,-0.18378731056854514,0.04895783019204974,0.18952898996735426,0.402264753604522,0.6431824828763462,0.09452423173962574,0.1336919031847477,0.9737593974752696,150,3.9883491012156087,53.96572383406967,17:33=87;17:34=73;17:32=53;8:27=41;8:6=33,nan,nan,0
1101,1691509942.5706573,728,728,728,728,0.9999998781019415,0.9999999999905343,0.9999999982167996,1.0000000578219947,1.0000001031992678,46.668786928502115,239.84557406570116,441.48563899201486,0.1945784787161346,0.10570850511707407,0.5432692547220981,9.459976743522029,26.752451181411743,252.89919066429138,443.4612581729889,0.036747872501939206,0.34738899816523544,0.6091500799079518,40,277,458,0.054945054945054944,0.3804945054945055,0.6291208791208791,0,True,0.9846897767553492,-0.16894288262294976,0.042945849212103246,0.18757678638610184,0.38622654531366196,0.6553836124556317,0.09009496360396924,0.09785027986984507,0.980312329822548,136,3.9183338692223186,50.31654096258628,17:33=78;17:34=69;17:32=60;17:35=43;8:27=41,nan,nan,0
1102,1691509942.6707559,748,748,748,748,0.9999999012892995,1.0000000001156542,0.9999999999553826,1.0000000585547892,1.0000000905998512,47.55264868232353,252.46711055412766,447.9802409365674,0.18835185532861115,0.10614898680108714,0.5635675136615595,9.420721102820346,33.36500018835068,267.0585224032402,449.0235815644264,0.04460561522506775,0.3570301101647596,0.6002989058347947,49,293,463,0.06550802139037433,0.3917112299465241,0.6189839572192514,0,True,0.9863636104565899,-0.15553760277155126,0.05380410849665408,0.18490994109698247,0.3953343572628571,0.6480356299677834,0.0896753375875721,0.11514590255929083,0.98065423147529,149,3.948297998281858,51.847047932028616,17:33=94;17:34=67;17:32=59;8:27=45;17:35=35,nan,nan,0
1103,1691509942.7711074,746,746,746,746,0.9999998884954975,0.9999999968289138,0.9999999972325526,1.0000000597653456,1.0000001090036432,49.70936974571529,246.3391339111356,449.95149161188886,0.20179241907884377,0.1104771751453437,0.5474793138892813,9.051643461053386,31.61003339290619,258.6138303875923,452.0367943048477,0.04237269891810481,0.346667332959239,0.6059474454488575,46,281,465,0.06166219839142091,0.37667560321715815,0.6233243967828418,0,True,0.9831178823923328,-0.17758421987364487,0.04408031502024645,0.18965570875135931,0.3867198717378959,0.6510987778687664,0.09111332454889337,0.11180678691361082,0.9800390585228492,145,3.9064068296739536,49.719978273928106,17:33=96;17:34=76;17:32=53;8:27=41;17:35=35,nan,nan,0
1104,1691509942.8713439,765,765,765,765,0.9999998972237973,0.9999999989505797,0.9999999995640969,1.0000000594291074,1.0000000947884184,46.59301857270117,253.67303642811086,464.73394339357503,0.18367351622688247,0.10025740369311126,0.545845725353613,9.974325717240875,26.947957932949066,266.830506503582,466.92199206352234,0.03522608880124061,0.34879804771710066,0.6103555451810749,41,291,481,0.05359477124183006,0.3803921568627451,0.6287581699346405,0,True,0.9793435226293657,-0.19675453750806254,0.04662527912939086,0.1870672845389644,0.38687894164325676,0.6562744444168422,0.09028875564862585,0.10834031702224196,0.9812060108162995,147,3.8877105621837327,48.799036176560115,17:33=106;17:34=79;17:32=51;8:27=44;17:35=39,nan,nan,0
1105,1691509942.9714055,751,751,751,751,0.9999998932436996,1.0000000002721103,1.0000000006615377,1.0000000593518492,1.0000001212557328,50.7270847704657,249.59136374476068,450.6815518934834,0.20324054490258997,0.11255638167868656,0.5538086986168684,8.884436271722814,33.7884202003479,262.0192909836769,453.72553247213364,0.04499123861564301,0.34889386282779883,0.6041618275261433,50,284,467,0.06657789613848203,0.3781624500665779,0.6218375499334221,0,True,0.9812607252619862,-0.1873200282540806,0.045150814756895655,0.1916607246473321,0.3878353714469008,0.6465225088917472,0.09249508941386379,0.11211546228849445,0.9785583143121837,150,3.923497478453549,50.57702786549561,17:33=97;17:34=73;17:32=59;8:27=42;17:35=33,nan,nan,0
1106,1691509943.0710216,743,743,743,743,0.9999998965955714,0.9999999988677535,0.9999999963274334,1.0000000608033393,1.0000001012525463,51.19800009394525,252.28256446840632,439.51943375513014,0.20293911393292832,0.11648631701338884,0.5739963812589018,8.584699264593118,33.55280125141144,265.54809778928757,440.8459929227829,0.04515854811764662,0.3573998624351111,0.5933324265447952,51,291,456,0.06864064602960969,0.3916554508748318,0.6137281292059219,0,True,0.9895902360295464,-0.13576340650246252,0.04774371382531384,0.18982302982215493,0.399646911521836,0.6428493919939231,0.08954332499804951,0.11241806238091752,0.9755646879738062,147,3.9505851544665265,51.96576593992419,17:33=88;17:34=69;17:32=55;8:27=43;17:35=30,nan,nan,0
1107,1691509943.170532,759,759,759,759,0.9999998965408878,1.0000000011098154,0.9999999999007351,1.0000000627360277,1.0000001198113286,52.43816141965111,256.31485034897065,450.2469899160785,0.20458495225016016,0.11646532368695024,0.5692760997619221,8.58624668994114,34.2706173658371,270.7079663872719,451.45369279384613,0.045152328545239914,0.3566639873350091,0.5948006492672544,49,297,465,0.06455862977602109,0.391304347826087,0.6126482213438735,0,True,0.9849904962048494,-0.16740540624825087,0.042061292716495176,0.19094294795157726,0.39767035666409223,0.6448267636047629,0.08796636371191568,0.12724632949517753,0.9780159387549467,155,4.000649079729685,54.6336000893209,17:33=94;17:34=70;17:32=52;8:27=36;17:35=35,nan,nan,0
1108,1691509943.2703662,758,758,758,758,0.999999878768148,0.9999999982974435,0.9999999968572402,1.000000060922719,1.0000001001987235,50.49990132548008,257.8916190447425,449.6084770487017,0.19581831124461116,0.11231972683648916,0.5735915406612934,8.903155555708949,30.775573253631592,272.8096934556961,451.40747088193893,0.040601020123524525,0.35990724730302914,0.5955243679181252,44,298,464,0.05804749340369393,0.39313984168865435,0.6121372031662269,0,True,0.9809313181681023,-0.1883493215105589,0.047940401787023135,0.19255672158733717,0.3945810177281432,0.6388774567500434,0.0901668445303274,0.09630755843344152,0.9825749311513201,140,3.878367924450275,48.34524755192006,17:33=94;17:34=80;17:32=50;8:27=38;8:6=35,nan,nan,0
1109,1691509943.3697567,756,756,756,756,0.999999878768148,0.9999999974377113,0.9999999972680166,1.0000000574764432,1.0000000963027282,51.723842386678825,255.36294391039104,448.91320982875015,0.20255030582992162,0.115220138891458,0.5688470250358773,8.679038314144371,35.1231085062027,269.35225492715836,448.7358410358429,0.04645913823571785,0.3562860514909502,0.5935659272960885,52,294,461,0.06878306878306878,0.3888888888888889,0.6097883597883598,0,True,0.9806889895634497,-0.18994000798522861,0.046603638437265435,0.19687342301629482,0.3935421354123446,0.6443140988359343,0.09672817959722435,0.1021111659015425,0.9774409757049394,155,3.9514956030870145,52.01309964401995,17:33=103;17:34=74;17:32=44;8:27=41;8:6=33,nan,nan,0
1110,1691509943.4695258,782,782,782,782,0.999999888606417,0.9999999984917288,0.9999999987898958,1.000000057694813,1.0000001477676437,52.7626046155606,265.4202106547482,463.8171823707556,0.1987889486087133,0.11375733073507491,0.5722517852790168,8.790642269278115,37.59961801767349,279.25394320487976,465.1391689181328,0.048081352963776844,0.3571022291622503,0.5948071213786864,57,303,479,0.07289002557544758,0.3874680306905371,0.612531969309463,0,True,0.979978633194905,-0.19530033222277876,0.03872542724255292,0.19369722438569364,0.3936460703071277,0.6409421244127231,0.09322160205683375,0.11082946298915707,0.9794626161966311,149,3.9623961446925904,52.58317200472642,17:33=88;17:34=83;17:32=55;8:27=40;8:6=35,nan,nan,0
1111,1691509943.5704215,732,732,732,732,0.9999998813487576,1.0000000003345773,0.9999999998717084,1.000000058858407,1.0000001028239667,49.21736441940505,258.4647563851836,424.31787968523247,0.19042195581225643,0.11599172878577609,0.6091300149239951,8.621304384960842,31.06625008583069,272.77757477760315,426.15160769224167,0.0424402323576922,0.3726469600786928,0.5821743274484176,46,296,440,0.06284153005464481,0.40437158469945356,0.6010928961748634,0,True,0.984081573126891,-0.17132163745485282,0.047247793301820405,0.19372848013066551,0.40907038962897785,0.6283384455782336,0.09680866078534395,0.1256271470789861,0.9749149644579507,145,3.9467837490048803,51.768597988559364,17:33=89;17:34=72;17:32=53;8:27=42;8:6=33,nan,nan,0
1112,1691509943.670474,725,725,725,725,0.999999902747519,1.0000000013427524,1.000000001074772,1.0000000595629444,1.0000000842717596,44.888077287210194,264.38124910568297,415.73067555409733,0.169785404369834,0.1079739358356997,0.6359435679200443,9.261494380659295,25.173561930656433,277.70926147699356,414.8844922184944,0.03472215438711232,0.3830472572096463,0.5722544720255095,37,301,426,0.05103448275862069,0.41517241379310343,0.5875862068965517,0,True,0.983067073606609,-0.17890723356019736,0.03964001223984414,0.18632644002745852,0.4189045101243822,0.6215824510949942,0.09316166608376594,0.12894952551197772,0.9702601830332801,130,3.8547492172378837,47.21677430329406,17:33=93;17:34=63;17:32=46;8:27=46;8:6=36,nan,nan,0
1113,1691509943.7706106,699,699,699,699,0.9999998908992134,1.0000000000931828,0.9999999993145757,1.0000000610959787,1.0000001121994324,44.86160909363077,252.3902244910275,401.7481665456114,0.17774701529783538,0.11166599583855855,0.6282299348399716,8.955277678674474,26.20453852415085,264.50868344306946,399.729026556015,0.03748861019191824,0.3784101336810722,0.5718584070901502,39,287,411,0.055793991416309016,0.4105865522174535,0.5879828326180258,0,True,0.9825549625952912,-0.1821281421542814,0.03761761973857779,0.19325387709136024,0.4165821773829675,0.6260472806129154,0.0958003589929796,0.1264482187104769,0.96438859619735,139,3.9030627653158856,49.55398916052209,17:34=74;17:33=72;17:32=54;8:27=43;8:6=36,nan,nan,0
1114,1691509943.8708708,727,727,727,727,0.9999998825213405,0.9999999998913538,0.9999999995300151,1.0000000631918782,1.000000131124321,50.297215020516234,262.89281953739203,413.8099652841197,0.19132213313784446,0.12154665000873634,0.635298425829091,8.227293799772545,31.33253562450409,275.54238826036453,415.16227996349335,0.04309839838308678,0.379012913700639,0.5710622833060431,47,301,430,0.06464924346629987,0.4140302613480055,0.5914718019257221,0,True,0.9851357059028841,-0.16947929213164425,0.028007329286868627,0.19585935336067592,0.4206700800636534,0.6209251863181138,0.09619038717704291,0.1525654452776667,0.9552224475417332,139,3.9443914623346457,51.644900680359044,17:33=75;17:34=72;17:32=56;8:27=46;17:35=32,nan,nan,0
1115,1691509943.971061,730,730,730,730,0.9999998849447044,0.9999999976798033,0.9999999975369073,1.0000000569386565,1.000000093164209,52.322178171096034,268.07637517351685,409.6014432679001,0.19517638634597936,0.12773924269811393,0.6544810316944644,7.828447851090673,34.60204881429672,277.22157031297684,411.7979102730751,0.04740006686889962,0.37975557577120117,0.5641067264014727,50,299,428,0.0684931506849315,0.4095890410958904,0.5863013698630137,0,True,0.9824074129941978,-0.18470446534962587,0.02756692536277419,0.19842703932998051,0.4240130979020588,0.6116597141960848,0.09400145194759424,0.17408234594944952,0.9373420926392868,144,3.9860478762798026,53.841679346578964,17:33=88;17:34=60;8:27=47;17:32=46;8:6=31,nan,nan,0
1116,1691509944.0713673,761,761,761,761,0.9999998821513523,0.9999999999910874,0.9999999988854359,1.0000000615389315,1.0000001090719,49.26470586828163,271.4195647478961,440.3157293702572,0.1815075708121498,0.11188495568564034,0.6164203244251174,8.937752121113304,28.9577015042305,284.50139689445496,443.27706187963486,0.03805217017638699,0.3738520327128186,0.5824928539811234,42,309,460,0.05519053876478318,0.4060446780551905,0.6044678055190539,0,True,0.9840803169211484,-0.1766945542917322,0.01910403967798537,0.19060586595339635,0.4142692470443936,0.6308844603087174,0.09500823389370903,0.13400672363844948,0.9594955735594662,149,3.94109391499804,51.47487965592419,17:33=90;17:34=67;17:32=53;8:6=45;8:27=41,nan,nan,0
1117,1691509944.1714535,757,757,757,757,0.9999998885043282,0.9999999980462869,0.9999999978151181,1.000000056181313,1.0000000958305921,48.90018689615123,267.8661125417289,440.23369760419837,0.1825545845726694,0.1110777915508776,0.6084634456641702,9.00269969395245,29.96237027645111,281.68429750204086,441.1440055370331,0.03958040987642154,0.37210607331841594,0.5827529795733595,44,306,453,0.05812417437252312,0.404227212681638,0.5984147952443857,0,True,0.9833642156870005,-0.17742515312295645,0.0389247266603901,0.18771188666643257,0.40873990160255935,0.6283789086898667,0.08796652620288925,0.12794566452250933,0.9798527989701158,141,3.869335937397372,47.91055990359882,17:33=98;17:34=73;17:32=48;8:6=42;8:27=41,nan,nan,0
1118,1691509944.271272,781,781,781,781,0.9999998882223547,1.000000001440165,1.000000000698415,1.000000061733985,1.0000001198113286,48.694142432776076,285.1827902785515,447.12306953821053,0.17074712813215062,0.108905457468494,0.6378172134421264,9.182276290325458,30.335412204265594,298.99001771211624,447.2549093365669,0.03884175698369474,0.3828297281845278,0.5726695382030307,46,324,461,0.058898847631242,0.4148527528809219,0.5902688860435339,0,True,0.9842448869312125,-0.17310668057999884,0.03600110676546926,0.18716170875099933,0.4192763302285958,0.6221277638075429,0.08879710511743014,0.14368500354742184,0.9657911823340937,152,3.941876624324548,51.51518529605428,17:34=84;17:33=83;17:32=56;8:6=42;8:27=37,nan,nan,0
1119,1691509944.371509,803,803,803,803,0.9999998972091515,0.9999999983384484,0.9999999968952891,1.0000000581104025,1.0000001380327945,50.391354021677515,274.4746203473338,478.1340229625374,0.1835920346949011,0.10539169270877374,0.5740537321453892,9.488413880620318,31.49913716316223,288.7968412041664,477.55678260326385,0.03922682087566903,0.3596473738532583,0.5947157940264806,47,314,490,0.058530510585305104,0.39103362391033625,0.6102117061021171,0,True,0.9863528119154372,-0.1586573130103525,0.043999857441196534,0.18696147999071397,0.39783084033854554,0.6431761159891844,0.09073030642057242,0.10661490001534783,0.9807530025504173,154,3.9325103359935345,51.034931824332084,17:33=96;17:34=77;17:32=66;8:6=46;8:27=40,nan,nan,0
1120,1691509944.4726949,791,791,791,791,0.9999998972091515,1.0000000000085854,0.9999999999721993,1.0000000619594216,1.0000001477676437,54.47558969733743,270.8992919673088,465.6251183489358,0.20109166510450446,0.11699452531792723,0.5817969892343715,8.547408498667318,35.28473436832428,284.7745329737663,467.6913725733757,0.04460775520647823,0.36001837291247324,0.5912659577413094,52,311,483,0.06573957016434892,0.393173198482933,0.6106194690265486,0,True,0.9772925346871506,-0.2088302328246015,0.035905925739172485,0.19950362365048818,0.39922918454325185,0.637630155432831,0.0979086489604669,0.128379700046582,0.975856686991617,147,3.999274920051416,54.55857635809836,17:33=100;17:34=72;17:32=48;8:6=39;8:27=38,nan,nan,0
1121,1691509944.5733304,785,785,785,785,0.9999998811713011,0.9999999984675452,0.9999999985930191,1.0000000565918807,1.0000001477676437,48.71742410033401,270.02253413552535,466.2600393581871,0.18041984627802413,0.10448552307290619,0.5791243326518284,9.57070386968572,30.01010411977768,283.3028740286827,465.8307622075081,0.03822943199971679,0.36089538092825824,0.5934149837038319,45,308,479,0.05732484076433121,0.3923566878980892,0.6101910828025477,0,True,0.984339855445668,-0.1722403267029411,0.03752757437492712,0.18667442649005672,0.3989587488279063,0.6401385882174676,0.09135771880649202,0.10473747653047297,0.9806165816942622,140,3.866860833101096,47.79212290337196,17:33=113;17:34=74;17:32=57;8:27=43;8:6=35,nan,nan,0
1122,1691509944.6729658,772,772,772,772,0.9999998728258139,0.9999999995949862,0.9999999990203462,1.0000000633648773,1.0000001005456476,50.63102180943053,261.92769298814204,459.4412845770864,0.19330152238512133,0.11020128906359852,0.5701004715526279,9.074304016742378,30.981657564640045,275.04556238651276,461.13179367780685,0.04013168078321249,0.3562766352156901,0.5973209762665892,46,299,475,0.05958549222797927,0.3873056994818653,0.6152849740932642,0,True,0.9815992503291011,-0.18638305891575352,0.0415242953288008,0.19433749150440727,0.3944678166751343,0.6431804359983787,0.09869070598651858,0.11073624956626762,0.9808634101454827,158,4.03875675650991,56.75573772345905,17:33=90;17:34=72;17:32=49;8:27=35;8:6=33,nan,nan,0
1123,1691509944.7726302,764,764,764,764,0.9999998809639499,0.9999999986018394,0.999999998347151,1.0000000599288263,1.0000000994802096,46.640312516565196,262.01177235177056,455.347912995275,0.17800846159670666,0.10242786051168125,0.5754100653020657,9.762968737260273,25.550095081329346,274.26552456617355,458.7437710762024,0.03344253282896511,0.35898628869918003,0.6004499621416262,39,298,474,0.051047120418848166,0.3900523560209424,0.6204188481675392,0,True,0.9833599811080629,-0.17890012514388187,0.03158944093607849,0.18892255471291983,0.400275734192937,0.645882329841882,0.09430817834267519,0.12140214541120363,0.9766871477288877,145,3.9294508626442486,50.87903042023636,17:33=90;17:34=70;17:32=58;8:6=47;17:35=38,nan,nan,0
1124,1691509944.872416,770,770,770,770,0.9999998887743181,1.0000000010111596,1.0000000021350464,1.0000000648369995,1.0000001029025936,52.88889952010312,271.76005603038163,445.3510460067014,0.19461616358435826,0.11875777545452823,0.6102153760884899,8.420501278107007,35.97968053817749,284.4180628657341,449.5993911623955,0.04672685784178895,0.3693741076178365,0.5838953131979162,54,308,466,0.07012987012987013,0.4,0.6051948051948052,0,True,0.9800939202934338,-0.19506905618020445,0.036931974288037156,0.2021536089242781,0.40850371048025824,0.6279698207277349,0.10309636338534928,0.1302365128608339,0.9751023137974122,150,3.9628995225753587,52.60964787364376,17:33=84;17:32=68;17:34=66;8:6=40;17:35=32,nan,nan,0
1125,1691509944.9720197,751,751,751,751,0.9999998909891762,0.9999999994547634,0.999999999276045,1.0000000630375727,1.0000001090719,46.70258642559237,273.2647315110291,431.032681244433,0.1709060154501037,0.10835045335949352,0.6339768268199233,9.22931071346903,30.17408812046051,284.40590423345566,432.4971262216568,0.040178546099148484,0.3787029350645215,0.5758949749955483,46,307,448,0.06125166444740346,0.40878828229027964,0.596537949400799,0,True,0.9769596964642812,-0.21115896305361684,0.031010382237905285,0.19418592277876204,0.41902506104564213,0.6240834048323465,0.09540516930565886,0.16264222671868048,0.9559954554636855,151,4.008458061964986,55.06190303040022,17:33=82;17:34=71;17:32=51;8:6=43;8:27=36,nan,nan,0
1126,1691509945.0714076,755,755,755,755,0.9999998751412345,1.0000000004629948,1.0000000004848748,1.0000000624569692,1.0000000994206664,51.23471169201357,272.5921553056868,431.173133701422,0.18795372755521375,0.11882630824464238,0.632210437059492,8.415644774061116,34.520425379276276,284.8703730106354,434.72405457496643,0.045722417720895726,0.3773117523319674,0.5757934497681675,52,308,448,0.06887417218543046,0.40794701986754967,0.5933774834437087,0,True,0.9721754310827583,-0.23090577958701147,0.03946456831599285,0.20515615246417934,0.4138382507261561,0.6186992484856294,0.10192847102338866,0.144966362823857,0.9642217015674353,152,3.929492850697053,50.881166776502695,17:33=89;17:34=69;17:32=63;8:6=51;17:35=29,nan,nan,0
1127,1691509945.170398,749,749,749,749,0.9999998851333375,0.9999999990989108,0.9999999988577849,1.000000062112671,1.0000001124538098,47.268195652459475,266.3998703567995,435.331932640909,0.17743325321123984,0.10857966555706232,0.6119465409778336,9.209827594048592,26.466537356376648,275.26910531520844,435.808540225029,0.03533583091639072,0.3675154944128283,0.5818538587784099,38,296,450,0.050734312416555405,0.3951935914552737,0.6008010680907877,0,True,0.9782309417608003,-0.20535330364295068,0.02990393393357827,0.19439076072175188,0.40929042078632205,0.6322263130710736,0.09556287069644545,0.13683754143159163,0.9709184019337151,154,3.9658621611876304,52.76574235941454,17:33=77;17:34=69;17:32=55;8:6=47;17:35=45,nan,nan,0
1128,1691509945.269346,740,740,740,740,0.9999999002305856,1.0000000002212743,1.0000000007262657,1.0000000579892323,1.000000114510982,46.60193832421336,265.6460908018358,427.75197120143685,0.1754286621856485,0.10894616848479136,0.62102832642877,9.178845056305011,26.986971139907837,278.2477693557739,429.7290290594101,0.03646887991879438,0.37601049912942425,0.580714904134338,39,301,443,0.052702702702702706,0.40675675675675677,0.5986486486486486,0,True,0.9778000241228474,-0.20198950982083763,0.05574361620577514,0.19599331363528266,0.4138295885610669,0.6249171594850288,0.10098318580837773,0.13901069107260378,0.9667452997986306,149,3.969258509885055,52.94525789586273,17:33=87;17:34=56;17:32=51;8:6=45;17:35=39,nan,nan,0
1129,1691509945.3692918,738,738,738,738,0.9999998858398905,1.0000000007189525,1.0000000000149512,1.0000000632117165,1.0000001148549351,47.00904246582505,270.1869621838974,420.80399641145164,0.17398708688922332,0.11171244300603263,0.6420731848746877,8.951554303990994,26.857946813106537,283.02412551641464,423.0982651114464,0.036392881860577965,0.38350152508999275,0.5733038822648325,40,307,439,0.05420054200542006,0.4159891598915989,0.5948509485094851,0,True,0.9756403529318614,-0.2161042340043375,0.03774734131553264,0.20052250297570917,0.42060264148936477,0.6217854131962737,0.1028471473822138,0.15434688208027464,0.958008292534114,151,4.011605320718368,55.235470073619986,17:33=75;17:34=65;17:32=57;8:6=49;17:35=30,nan,nan,0
1130,1691509945.4704287,759,759,759,759,0.9999998767461549,0.9999999998939975,0.9999999992090686,1.000000058899928,1.0000001124538098,57.60904559946117,260.00596710599444,441.38498713363276,0.22156816722585515,0.13051881527184697,0.5890684429356805,7.66173059353306,42.85066729784012,271.1292590498924,442.0876198410988,0.05645674215789212,0.3572190501316106,0.5824606322017112,62,295,457,0.08168642951251646,0.38866930171277997,0.6021080368906456,0,True,0.9802505117456459,-0.19560942404222595,0.02908414427600895,0.2039182632630208,0.4014554706092796,0.6314358690743488,0.09554853949347122,0.13624289127913994,0.9727230305217096,143,4.002793207861581,54.75086720115,17:33=75;17:32=66;17:34=65;8:6=49;17:35=37,nan,nan,0
1131,1691509945.571089,756,756,756,756,0.9999998887743181,0.9999999995837828,1.0000000002456946,1.0000000568798535,1.0000000966355873,55.4878451644261,271.4206447234031,429.09150948285054,0.20443487348197906,0.12931471245213202,0.6325472276310583,7.733072138796013,37.15119391679764,284.2848350405693,430.6040979027748,0.049141790895234974,0.37603814158805465,0.5695821400830354,54,309,446,0.07142857142857142,0.4087301587301587,0.58994708994709,0,True,0.9849930201963676,-0.16913321138434653,0.034390506993298084,0.20196859422354357,0.41683414387167206,0.6202780620045872,0.10270238614421268,0.14101432280566562,0.9537361776274782,153,4.058660912175476,57.896730340162534,17:34=73;17:33=66;17:32=56;8:27=43;8:6=36,nan,nan,0
1132,1691509945.6718051,747,747,747,747,0.9999999033169846,1.0000000000375238,0.9999999978821159,1.0000000605378072,1.000000113321748,47.82921155424568,260.63917408340563,438.5316144184095,0.18350737843782505,0.10906673539985905,0.5943452319374309,9.1686983784177,26.16159999370575,274.0126693844795,440.7801731824875,0.03502222221379618,0.36681749582928985,0.5900671662416165,40,298,456,0.0535475234270415,0.3989290495314592,0.6104417670682731,0,True,0.9839057307497427,-0.17559821775283513,0.03308744353742985,0.19378680536417367,0.4069147565207167,0.6361575966256584,0.10160739884030287,0.13181045861785184,0.9726052115457983,138,3.9482622390301754,51.84519395354126,17:33=87;17:32=63;17:34=62;8:6=39;17:35=37,nan,nan,0
1133,1691509945.771333,779,779,779,779,0.9999998976503753,1.0000000000378497,0.9999999996717968,1.0000000644903284,1.0000001259617612,50.012330950905145,279.86785231785706,449.11981679020784,0.1786998061288731,0.11135632203525508,0.623147413797126,8.9801816522227,30.09840303659439,290.44471347332,450.0525987148285,0.03863723111244466,0.3728430211467523,0.5777311921884833,46,313,465,0.059050064184852376,0.4017971758664955,0.5969191270860077,0,True,0.9834135968778661,-0.17981995393979028,0.02371669540280713,0.19556406271696763,0.4173234551127762,0.6271701589745229,0.10345866734641941,0.14939939667264712,0.9667399568879885,146,3.995523201249647,54.35427140837784,17:33=79;17:34=71;17:32=55;8:6=46;17:35=32,nan,nan,0
1134,1691509945.872408,773,773,773,773,0.999999900080612,0.9999999996156349,0.9999999984292516,1.000000058418907,1.0000000937184075,53.761565156533315,292.90966184140103,426.3287724078376,0.18354316077713773,0.12610353472719302,0.6870511229797921,7.929991829042359,35.06734275817871,306.19397819042206,425.26240223646164,0.04536525583205525,0.39611122663702725,0.5501454103964575,53,332,439,0.0685640362225097,0.4294954721862872,0.5679172056921087,0,True,0.9794996101073288,-0.198700893360232,0.033143155815894866,0.20214424988867757,0.4358189245210455,0.6045221052672071,0.09926239584297798,0.19191083482331156,0.9347582114360173,146,4.03178976210093,56.36169505645992,17:33=81;17:34=54;17:32=53;8:6=45;8:27=37,nan,nan,0
1135,1691509945.9725761,781,781,781,781,0.9999998924671636,1.0000000005118603,1.0000000003562126,1.0000000594397724,1.0000001418985984,51.68915839526945,280.91313910803257,448.3977032962241,0.1840040610396334,0.11527525233803917,0.6264821096161001,8.674888839692564,30.81507647037506,292.673147380352,449.3563190102577,0.03945592377768894,0.3747415459415519,0.5753602035982813,46,316,464,0.058898847631242,0.4046094750320102,0.5941101152368758,0,True,0.9810641160102751,-0.19128496806508438,0.030385214649842777,0.19826423074615437,0.41875409337012937,0.6271248463390501,0.09926239584297798,0.16131911922953218,0.9534230505025747,145,3.982185678262377,53.63413316955819,17:33=84;17:34=63;17:32=55;8:6=55;17:35=38,nan,nan,0
1136,1691509946.0720806,774,774,774,774,0.9999998959097551,0.9999999997550063,1.0000000000001377,1.0000000574730388,1.0000001198113286,49.92400686991828,295.78858294669215,428.2874098041394,0.16878273790207693,0.11656659926741504,0.6906310486268078,8.578786773266872,32.99839323759079,307.94177454710007,431.8594563007355,0.042633582994303344,0.39785758985413444,0.5579579538769193,52,334,450,0.06718346253229975,0.4315245478036176,0.5813953488372093,0,True,0.9808083860938607,-0.19227864658363436,0.03230838646423188,0.19994641942941235,0.4392718391647295,0.6047529445883821,0.10222951918778192,0.1996169185016479,0.9181349931181848,144,3.981763504657199,53.61149503314549,17:33=76;17:34=71;17:32=54;8:6=44;17:35=38,nan,nan,0
1137,1691509946.171844,761,761,761,761,0.9999999007510916,1.0000000011206374,1.000000001800751,1.0000000632254167,1.0000001418985984,48.10481884466004,279.2966496634435,433.59853319750687,0.1722355742635189,0.11094322319293454,0.644136518645053,9.013619500318299,32.240865767002106,288.5689296722412,436.1151286959648,0.04236644647437859,0.37919701665209093,0.5730816408619774,50,309,450,0.0657030223390276,0.4060446780551905,0.5913272010512484,0,True,0.9771820354811497,-0.21063081429374067,0.02738484257528541,0.19953513914823534,0.42137412404492475,0.6184431182020559,0.09888091753083193,0.1683510554340126,0.9565450322019201,144,3.9322516771417337,51.02173289454827,17:33=86;17:34=61;8:6=56;17:32=54;8:27=41,nan,nan,0
1138,1691509946.2708185,782,782,782,782,0.9999999026624876,1.0000000000898208,1.0000000003533298,1.000000059102862,1.000000089568807,54.6392655939396,293.37485841220786,433.98587613433244,0.18624385841941649,0.12590102258771899,0.6760009358493477,7.9427472426069485,32.65580755472183,305.71564269065857,438.9387671947479,0.041759344699132776,0.3909407195532718,0.5613027713487825,48,330,458,0.061381074168797956,0.4219948849104859,0.5856777493606138,0,True,0.973547123916336,-0.22729349784911979,0.02331658958215251,0.21230484946483277,0.430044448385937,0.6070684675504431,0.10827713615488428,0.19327097808276494,0.9194141378515341,155,4.021575896671744,55.78895421589195,17:34=72;17:33=65;17:32=64;8:6=57;8:27=31,nan,nan,0
1139,1691509946.370918,768,768,768,768,0.9999999035728444,1.0000000011969261,1.0000000007351124,1.0000000620539131,1.0000000956643982,49.09607275976322,274.02107581883405,444.8828532598816,0.1791689657923339,0.11035730507483368,0.6159398453119582,9.061475353370549,32.91955244541168,283.3355253338814,445.2592302560806,0.042864000579963125,0.3689264652784914,0.5797646227292717,50,303,458,0.06510416666666667,0.39453125,0.5963541666666666,0,True,0.977668553875821,-0.20793725245289824,0.030435140950886494,0.19899166805902782,0.4126540229453502,0.6286266779390237,0.10313708298336316,0.1499298710168781,0.9661008279076533,154,4.005737963675022,54.91233275726887,17:33=84;17:34=61;8:6=59;17:32=52;17:35=31,nan,nan,0
1140,1691509946.4711802,751,751,751,751,0.9999998728258139,0.9999999986451094,0.9999999987291208,1.0000000605371004,1.0000000996864336,47.82224163320206,252.77812181482946,450.39963451692313,0.18918663248963394,0.10617735443878387,0.5612307436393617,9.418204148009226,27.748879492282867,262.68421363830566,453.79552614688873,0.03694924033592925,0.34977924585659875,0.6042550281583072,39,284,468,0.05193075898801598,0.3781624500665779,0.6231691078561917,0,True,0.9768892978087773,-0.21099311157855044,0.03419366451662383,0.19671633620726164,0.39391316063342663,0.647506561215868,0.09891387774884533,0.13296657520975236,0.9749104489539775,150,3.9843718284079968,53.75151369657588,17:33=86;17:34=67;17:32=60;8:6=47;8:27=30,nan,nan,0
1141,1691509946.5719223,753,753,753,753,0.9999998982439002,1.0000000009407675,1.0000000017318729,1.0000000633826402,1.00000011886226,45.88708954015072,272.33266381093597,434.78024806570943,0.16849645906598754,0.10554087897115254,0.6263685276010461,9.475001627315702,25.452371180057526,284.4057067632675,437.9073141813278,0.03380128974775236,0.37769682173076696,0.5815502180362919,41,308,454,0.05444887118193891,0.40903054448871184,0.602921646746348,0,True,0.9787565409847359,-0.20259737763194113,0.03146324929589706,0.19691478683138922,0.41824039984456457,0.6271441449369258,0.10167842587930923,0.1406373943970089,0.9630128604371289,144,3.99191297156054,54.15839379834287,17:33=78;17:34=59;17:32=54;8:6=53;8:27=36,nan,nan,0
1142,1691509946.6706438,773,773,773,773,0.9999998874228568,0.9999999983698579,0.999999998524902,1.0000000584014317,1.0000001148549351,52.17978644303279,285.2166346463985,435.6035763903692,0.182947907325684,0.11978732331681205,0.6547619214007546,8.348128769479324,33.05623984336853,298.05345833301544,437.4842783212662,0.042763570301899784,0.3855801530828143,0.5659563755773172,49,322,453,0.06338939197930142,0.4165588615782665,0.5860284605433377,0,True,0.9774952085313796,-0.20845274263819102,0.032412518951952254,0.20299227908463208,0.42269427509234014,0.6146035838799964,0.10229631019799995,0.15926818200551973,0.9531101423067116,146,3.9807570202738303,53.55756304602978,17:33=86;17:34=63;17:32=57;8:6=54;8:27=35,nan,nan,0
1143,1691509946.7694907,793,793,793,793,0.9999998728258139,0.9999999977901591,0.9999999990025873,1.000000057022344,1.0000001158508653,54.43757086447359,289.0923690994888,449.4700565312303,0.18830511173312686,0.12111501105233499,0.6431849350111312,8.256614859803712,32.02973145246506,301.09567934274673,453.07837760448456,0.040390581907269935,0.3796919033325936,0.5713472605352895,47,324,468,0.05926860025220681,0.4085750315258512,0.5901639344262295,0,True,0.972476541471775,-0.23149886122371555,0.026413131946403462,0.20712260641405364,0.4187947840770309,0.6175897731616686,0.1018487073042101,0.161205549802249,0.9394815063196512,151,4.010387228442747,55.168229135330854,17:33=84;17:34=68;8:6=54;17:32=49;17:35=32,nan,nan,0
1144,1691509946.869582,800,800,800,800,0.9999998728258139,1.0000000007103622,1.000000001222047,1.0000000600156953,1.0000001129077765,53.72923498213991,286.4649043954118,459.8058617590282,0.18755957242139734,0.11685200092185416,0.6230127282403813,8.55783377358475,35.69577008485794,298.0946282148361,461.75381112098694,0.04461971260607243,0.3726182852685451,0.5771922639012337,54,322,477,0.0675,0.4025,0.59625,0,True,0.9797541215975778,-0.1981372408956302,0.02869660228712073,0.19913731575467888,0.41618861033021515,0.626728903186826,0.09873930305867362,0.1530814195598843,0.9621883508931708,155,4.03992434077337,56.82204353096207,17:33=87;17:32=64;17:34=51;8:6=46;8:27=43,nan,nan,0
1145,1691509946.9689827,796,796,796,796,0.9999998825213405,0.9999999976409322,0.9999999982159689,1.0000000551572308,1.0000001223413997,52.402308939960406,303.37353996675245,440.2241473376515,0.17273196912856448,0.11903551692217347,0.6891342553593846,8.400854012788546,31.192040264606476,315.4728897213936,442.07668483257294,0.03918598023191768,0.3963227257806452,0.5553727196389108,46,340,458,0.05778894472361809,0.4271356783919598,0.5753768844221105,0,True,0.978099271167343,-0.20687219699233841,0.022928363514999908,0.20162308568704276,0.43630692072949995,0.6042007592699828,0.1034649055257353,0.17375847744805895,0.9275023712448236,152,3.9674006692355657,52.846985359169025,17:33=80;17:34=68;17:32=61;8:6=55;8:27=43,nan,nan,0
1146,1691509947.0682735,736,736,736,736,0.9999998833576041,1.000000002350031,1.0000000037936694,1.0000000642920814,1.00000010445223,44.67525115751721,272.6354650467527,418.68928725497625,0.16386441562126228,0.10670263729559092,0.6511641767436034,9.37183958471213,25.215471863746643,284.06011921167374,420.6850491166115,0.0342601519887862,0.38595124892890453,0.5715829471693091,38,305,433,0.051630434782608696,0.41440217391304346,0.5883152173913043,0,True,0.9765086856367062,-0.212199155287882,0.037447368014083465,0.19453122542130813,0.42409096254622586,0.6172712152082153,0.09749257100824144,0.15249948896791038,0.9660307327614561,138,3.930752967107842,50.945323383665134,17:33=79;17:34=58;17:32=56;8:6=54;8:27=36,nan,nan,0
1147,1691509947.167767,790,790,790,790,0.9999998896445098,1.0000000016623078,1.000000001217225,1.000000061905272,1.0000001223413997,47.784792028030424,294.61045771833494,447.60475288008115,0.16219652349787092,0.10675666806610644,0.6581933185979031,9.367096389527394,24.828436076641083,306.12614554166794,451.6097291111946,0.03142840009701403,0.3875014500527442,0.5716578849508792,37,330,467,0.04683544303797468,0.4177215189873418,0.5911392405063292,1,False,0.9747328571067919,-0.22118602504944215,0.031186529131306415,0.19753550235475265,0.4274106407647897,0.6147793939955364,0.10081454308703633,0.18162737805869458,0.941966686219951,148,3.987444619889788,53.916934912287815,17:33=85;17:32=66;17:34=59;8:6=46;8:27=38,nan,nan,0
1148,1691509947.267617,775,775,775,775,0.9999998903691403,1.0000000005706744,1.000000000589825,1.0000000617269127,1.0000001106504004,50.08874612229577,285.96314798266366,438.94810677958657,0.1751580456280764,0.11411086036975969,0.6514737017108431,8.763407766444361,30.303585469722748,299.7715609073639,441.88596338033676,0.03910140060609387,0.38680201407401793,0.5701754366197894,45,325,458,0.05806451612903226,0.41935483870967744,0.5909677419354838,0,True,0.9786382994089964,-0.20207499843243656,0.03785200045437831,0.19798312101005283,0.42534411420232854,0.617305952976148,0.10363338300660893,0.15954673488027013,0.9570819733113937,161,4.058088112433746,57.86357660410884,17:33=75;17:34=61;17:32=61;8:6=50;8:27=36,nan,nan,0
1149,1691509947.3681288,773,773,773,773,0.9999998903691403,0.9999999981504888,0.999999998524902,1.0000000584115676,1.0000001223413997,49.168809565832014,276.0222609900013,447.8089265848229,0.1781334932533326,0.1097986365319106,0.6163840080077497,9.10758121945687,29.496178150177002,287.78399604558945,451.020670235157,0.03815805711536482,0.3722949496061959,0.5834678787000738,44,310,465,0.056921086675291076,0.40103492884864167,0.6015523932729625,0,True,0.9809166833817928,-0.19016241662959066,0.0405057473064888,0.19442029431907049,0.4141964795313636,0.62794212884377,0.10354755985847702,0.13868902103828543,0.9704452851560633,149,4.020504737402493,55.729227354663045,17:33=87;17:32=65;17:34=51;8:6=48;8:27=35,nan,nan,0
1150,1691509947.4686732,788,788,788,788,0.9999998683183293,0.9999999989740314,0.9999999985543615,1.0000000599837724,1.0000001090036432,49.378337386238485,295.87537422161483,442.74628677522026,0.16688897315683127,0.11152738907397677,0.6682729659386824,8.966407339964663,29.439877331256866,311.553475856781,444.1730223298073,0.03736025042037673,0.3953724312903312,0.5636713481342732,45,337,457,0.05710659898477157,0.4276649746192893,0.5799492385786802,0,True,0.9769158840329936,-0.2092950573250179,0.04278942046057818,0.1983088408554689,0.4280885609999766,0.6110778014362196,0.10236116550568096,0.16100898320304374,0.9597037282695491,152,3.9450312363127242,51.677952315575496,17:33=89;17:34=69;8:6=58;17:32=54;8:27=40,nan,nan,0
1151,1691509947.5698717,758,758,758,758,0.999999904006667,0.9999999988082938,1.0000000006467857,1.0000000579727486,1.0000000936372813,53.87055029092092,278.601256866554,425.5281910358982,0.19336075829953678,0.12659690104145488,0.6547186831225732,7.899087511411865,37.06713825464249,292.7154874801636,426.5679157972336,0.04890123780295842,0.38616818928781477,0.5627545063288042,53,318,441,0.06992084432717678,0.41952506596306066,0.5817941952506597,0,True,0.9783787120158733,-0.20395881333894636,0.034291374068845984,0.20401209520500074,0.42342513553492556,0.6126666754857433,0.10260462388922525,0.16128489432615312,0.9502432336870744,155,3.9767723438959877,53.34457810953629,17:33=89;17:34=68;8:6=55;17:32=47;17:35=31,nan,nan,0
1152,1691509947.6709306,778,778,778,778,0.9999998888270182,0.999999999736608,1.0000000002175473,1.0000000601930634,1.0000000997677598,49.65130586178184,288.54101231396373,439.8076814144168,0.1720771181316709,0.11289322119637332,0.656061784519131,8.857927778148337,30.986150860786438,300.3710291981697,441.7571202516556,0.039827957404609815,0.3860810143935343,0.5678112085496858,48,325,457,0.061696658097686374,0.41773778920308485,0.5874035989717223,0,True,0.9789859453348522,-0.20148552618395837,0.031465879539580244,0.197926025109826,0.4265703692806776,0.6154283754922846,0.09967391338376752,0.17135544595712493,0.9500858029904791,147,3.9907015919870408,54.09282714743076,17:33=84;17:34=66;8:6=53;17:32=50;8:27=42,nan,nan,0
1153,1691509947.771692,760,760,760,760,0.9999998953156257,0.9999999998657639,1.0000000012390964,1.0000000622036576,1.0000001090719,47.27358867094638,276.1101750137695,436.61623611124537,0.17121277283095007,0.10827263111420701,0.6323864120880274,9.235944390648365,28.654861629009247,286.9034488797188,437.2469872832298,0.037703765301327956,0.37750453799962996,0.5753249832674077,42,310,450,0.05526315789473684,0.40789473684210525,0.5921052631578947,0,True,0.9779132490720284,-0.2047730987190484,0.041876668090809505,0.19260051734738512,0.4193146029642673,0.6235378410966256,0.09571407894538711,0.15807270562998485,0.9616398633207617,150,4.010223528013446,55.159198811691724,17:33=87;17:34=57;8:6=53;17:32=45;8:27=34,nan,nan,0
1154,1691509947.8721387,750,750,750,750,0.9999998953156257,1.0000000005729468,1.000000001953263,1.0000000586389364,1.0000001090719,48.9229650016639,282.2371726085579,418.83986324919846,0.17333990611334685,0.11680589479267413,0.6738546097763248,8.561211758832554,30.68516433238983,293.0299853682518,421.62999016046524,0.040913552443186445,0.39070664715766906,0.5621733202139536,45,318,437,0.06,0.424,0.5826666666666667,0,True,0.9774310823110977,-0.20842159565189244,0.034480687320229256,0.19984303998529673,0.43456401803560973,0.606945321032462,0.10357259371922622,0.19005181729443718,0.9518547655940994,144,3.9739973421451196,53.19675201558067,17:33=66;17:34=63;17:32=61;8:6=54;8:27=39,nan,nan,0
1155,1691509947.9723206,721,721,721,721,0.9999998887743181,0.9999999991194489,0.9999999983975586,1.0000000563884062,1.0000001198113286,44.00495584374616,272.9005613017392,404.0944815847604,0.16124904849532723,0.10889769063702481,0.6753385006186906,9.182931191196479,28.077721774578094,284.1622286438942,407.4367161989212,0.038942748647126345,0.39412236982509596,0.5650994676822763,44,308,424,0.06102635228848821,0.42718446601941745,0.5880721220527045,0,True,0.9814511674463018,-0.18921292816235327,0.030855692092693395,0.19392237028476744,0.4361885666623542,0.6106625967569943,0.10018441265720111,0.1734749317088164,0.9507234750641245,145,4.014226535827705,55.38044404332133,17:33=70;17:34=62;17:32=50;8:6=46;8:27=34,nan,nan,0
1156,1691509948.0723884,735,735,735,735,0.9999998991392276,1.0000000002370477,0.999999998686935,1.0000000661223383,1.0000001198113286,45.512376614125614,284.1187902646782,405.3688334696567,0.1601878445692641,0.11227399063853383,0.7008895771113728,8.906782366180432,28.355570793151855,297.071211874485,409.92895674705505,0.03857900788183926,0.4041785195571225,0.5577264717647008,45,323,426,0.061224489795918366,0.43945578231292515,0.5795918367346938,0,True,0.97772743041013,-0.20518913924579807,0.044119031711643136,0.19994383968090046,0.44306048807241505,0.6010427000952205,0.10344126879103376,0.19083083257825384,0.906681724509099,151,4.000889467660775,54.64673492607922,17:33=69;8:6=67;17:34=63;17:32=53;8:27=34,nan,nan,0
1157,1691509948.1722236,718,718,718,718,0.9999998991392276,1.0000000016122161,1.0000000018425717,1.0000000694259832,1.0000001248935175,45.067444627,278.36947728253546,394.56308040560737,0.1618979389082162,0.11422113944536084,0.7055132401044063,8.754946806307801,27.144451677799225,291.3199734091759,396.581039249897,0.0378056430052914,0.4057381245253146,0.5523412802923356,41,315,410,0.057103064066852366,0.4387186629526462,0.5710306406685237,0,True,0.9829942318165941,-0.17969172496426333,0.03785794757606055,0.19340583397475972,0.4464208375461678,0.6011743887050534,0.09911563839086532,0.20671278132356782,0.9356469079066485,148,4.00109411145297,54.65791918550115,17:33=67;17:34=60;8:6=56;17:32=50;8:27=41,nan,nan,0
1158,1691509948.271906,740,740,740,740,0.999999904006667,1.0000000008488046,1.0000000008252958,1.0000000634333859,1.0000001259617612,48.32775187433564,290.5152367231549,401.1570126587402,0.1663518664956955,0.12047091375527696,0.7241933396544982,8.300758820767202,29.472696244716644,304.5336149930954,404.03676748275757,0.03982796789826574,0.41153191215283164,0.5459956317334562,45,330,420,0.060810810810810814,0.44594594594594594,0.5675675675675675,0,True,0.9801172830567283,-0.1950233111516389,0.03655160134588223,0.1992842771526185,0.4498643237538795,0.5946392296231106,0.09980419924838299,0.2102490985377916,0.9035161815146925,144,4.013689821268735,55.35072852780931,17:33=67;17:34=59;8:6=56;17:32=51;8:27=40,nan,nan,0
1159,1691509948.371681,743,743,743,743,0.9999998953156257,0.9999999992307224,0.9999999989470615,1.000000058129207,1.0000001090719,50.207508950287476,286.51454132063145,406.27794858593455,0.17523546525375644,0.12357921251949945,0.7052180467038783,8.0919758235408,31.85425353050232,302.5075060725212,409.19412583112717,0.04287248119852264,0.40714334599262614,0.5507323362464699,49,332,427,0.06594885598923284,0.4468371467025572,0.5746971736204576,0,True,0.978699456455041,-0.20082913183108791,0.04260321281991657,0.20346290643977036,0.44438008122628253,0.6003264554887119,0.10004999119771411,0.20048690214624285,0.9129633794596624,146,4.017740232941962,55.57537641584605,17:33=78;17:34=57;17:32=52;8:6=52;8:27=41,nan,nan,0
1160,1691509948.4712813,733,733,733,733,0.9999998991392276,1.0000000010249146,1.000000001548655,1.0000000576035606,1.0000001059415626,48.776750696445426,280.22000082929617,404.0032499767835,0.17406591446753705,0.12073356018608375,0.6936082837091022,8.282701168247867,32.36983388662338,294.1506580710411,408.033009827137,0.044160755643415255,0.40129694143388966,0.5566616777996412,49,319,425,0.06684856753069578,0.43519781718963163,0.5798090040927695,0,True,0.9848966276966783,-0.16964144947370816,0.034646953288421184,0.19815362617296597,0.441229279509888,0.603980929477449,0.09898430262801082,0.19083083257825384,0.8956798998597496,151,4.0139130404371945,55.363085250482285,17:33=76;8:6=60;17:34=54;17:32=54;8:27=39,nan,nan,0
1161,1691509948.5711968,718,718,718,718,0.9999998991392276,1.0000000025261544,1.0000000039039565,1.000000060637797,1.0000001168484802,49.518300586948754,276.84789749233613,391.6338055482731,0.17886464385491513,0.12644031206045897,0.7069050055695758,7.908870072400943,34.13684016466141,291.0310220718384,393.9438395500183,0.047544345633233155,0.40533568533682224,0.5486683002089392,52,316,409,0.07242339832869081,0.4401114206128134,0.5696378830083565,0,True,0.9799745829297017,-0.19694242841300152,0.0293853144027252,0.20335883639979382,0.4431820521413341,0.599207028630204,0.09993595791083326,0.19588194071015624,0.9260998935262483,147,3.9926851534856107,54.200230081656905,17:33=71;17:34=61;8:6=61;17:32=56;8:27=42,nan,nan,0
1162,1691509948.6709845,734,734,734,734,0.9999999104581999,0.9999999999209529,0.9999999998988889,1.0000000562619775,1.0000001168484802,43.48797998054641,285.7921679894205,404.719851913992,0.15216645118895022,0.10745205547710111,0.7061481334257724,9.30647622848972,21.91435831785202,300.0512866973877,405.8584045767784,0.02985607400252319,0.4087892189337707,0.5529406056904338,34,325,420,0.04632152588555858,0.4427792915531335,0.5722070844686649,1,False,0.9750009953392366,-0.21840768999394689,0.04087957973127931,0.19803573199096441,0.4427545328269101,0.603317848128733,0.09862540863083366,0.1973643413664638,0.9302952542486029,144,3.926473053911332,50.727747756337116,17:33=79;17:34=67;8:6=57;17:32=49;8:27=44,nan,nan,0
1163,1691509948.7709887,765,765,765,765,0.9999998887743181,0.999999999016469,0.999999998881009,1.0000000565503664,1.0000001168484802,50.68865464780511,305.62331220202867,408.68803164536394,0.16585336466184875,0.12402774420316233,0.7478156650969194,8.062712149000797,31.568347573280334,320.81607937812805,409.2578441500664,0.041265813821281486,0.4193674240236968,0.5349775740523743,49,349,426,0.06405228758169934,0.4562091503267974,0.5568627450980392,0,True,0.9690937957404833,-0.24400291340863495,0.03632895959700101,0.2116698747557792,0.4505600644785933,0.5892827976996702,0.10736898673739811,0.24743893172483483,0.8751873593349471,156,4.04449058375743,57.08210007740505,17:33=82;8:6=63;17:34=54;17:32=46;8:27=35,nan,nan,0
1164,1691509948.871045,771,771,771,771,0.9999998972825436,0.9999999978126419,0.9999999980677653,1.000000053821722,1.0000001168484802,51.59870460136493,298.339456138811,421.06183588691806,0.17295300215790818,0.12254424458269467,0.7085407194655707,8.160317960303596,33.714834332466125,312.7830323576927,423.8841985464096,0.043728708602420396,0.40568486687119676,0.5497849527190786,51,339,440,0.06614785992217899,0.4396887159533074,0.5706874189364461,0,True,0.9761243913208545,-0.2132947596363463,0.04106723974368087,0.20438783622081247,0.44149834150494205,0.5973733398693809,0.10485026388911071,0.2042263409365973,0.9229258475693717,157,4.047117923828534,57.232271355404336,17:33=84;8:6=63;17:34=58;17:32=43;8:27=39,nan,nan,0
1165,1691509948.9711967,761,761,761,761,0.9999998683183293,1.0000000001278082,1.0000000014363657,1.0000000562293643,1.0000000963027282,48.6918221940198,286.95172396195153,425.3564540385521,0.1696864598746098,0.11447298314558224,0.6746147172271276,8.735685683391681,28.988803505897522,302.0484943985939,428.4651161432266,0.038093040086593324,0.39690997949880935,0.5630290619490494,46,328,443,0.06044678055190539,0.43101182654402104,0.5821287779237845,0,True,0.9781159431266021,-0.20438822808725562,0.038918556254182314,0.20291673314602066,0.4321002625592561,0.6097062729882052,0.10764438467769981,0.16505862143499123,0.9268228016621053,156,3.974066816114632,53.200447933491915,17:33=89;17:34=67;8:6=58;17:32=51;8:27=34,nan,nan,0
1166,1691509949.0712996,757,757,757,757,0.9999998831521988,0.9999999993813656,0.9999999995380046,1.0000000614552147,1.0000001007667572,49.3533580193132,281.03209752587986,426.6145435181946,0.17561466627408392,0.11568606548737675,0.6587494538003114,8.644083414774931,29.929636001586914,293.2724689245224,430.8204479813576,0.039537167769599625,0.38741409369157515,0.5691155191299307,46,318,448,0.0607661822985469,0.4200792602377807,0.5918097754293263,0,True,0.9804468154723092,-0.19432900495108835,0.030988382741401033,0.20026836356672578,0.4286419821177014,0.6149890785243065,0.10422309946829988,0.15589420433063295,0.93653573261305,155,4.016243199157903,55.492240443995414,17:33=86;17:34=67;8:6=58;17:32=48;8:27=33,nan,nan,0
1167,1691509949.1714327,749,749,749,749,0.9999998831521988,1.0000000002363914,0.9999999995300151,1.0000000576273005,1.0000001085513772,44.66345416953841,284.4172125055585,419.9193336790171,0.15703499016841513,0.10636198571337702,0.6773139260193356,9.401855308481997,23.2539981007576,295.3853159546852,422.6605360507965,0.031046726436258477,0.39437291849757705,0.5642997811092076,36,317,436,0.04806408544726302,0.4232309746328438,0.582109479305741,1,False,0.9762275860526892,-0.21062794222854345,0.05114264543713284,0.19780061928443554,0.43468507906552145,0.6089536000845716,0.10592533961984171,0.19279295432967253,0.9360923493084208,152,4.03418883168988,56.497073010687025,17:33=81;17:34=63;8:6=51;17:32=43;8:27=37,nan,nan,0
1168,1691509949.271803,724,724,724,724,0.9999998831521988,0.9999999989346762,0.999999999415351,1.0000000566501173,1.0000001057578263,45.26715227981335,275.664860855809,403.0679853217886,0.16421081794495043,0.11230649401161047,0.6839165373943864,8.904204594763844,26.834020018577576,287.2109412550926,407.3327326178551,0.037063563561571235,0.39670019510371907,0.562614271571623,41,309,423,0.05662983425414365,0.42679558011049723,0.5842541436464088,0,True,0.9816498502715464,-0.18670365251562285,0.038798422637725795,0.19639795411756625,0.43705444014908457,0.608536381525244,0.10300195321515392,0.1787774409075605,0.9140299812162679,156,4.040415265916513,56.84994574920607,17:33=78;17:34=65;8:6=54;17:32=41;8:27=36,nan,nan,0
1169,1691509949.37237,718,718,718,718,0.9999998831521988,0.9999999990104739,0.9999999985460502,1.000000057416674,1.0000001127618905,46.22694148284289,278.79845190777417,392.9746051884233,0.16580774092007744,0.11763340651663233,0.7094566626616903,8.500986493650585,27.410572290420532,290.00402224063873,397.0901367664337,0.0381762845270481,0.4039053234549286,0.5530503297582642,42,312,413,0.0584958217270195,0.43454038997214484,0.575208913649025,0,True,0.9802055066335306,-0.19475343683565632,0.035612688834232874,0.20129709824880845,0.444003314981858,0.5999226926728825,0.10906859803368263,0.20379829291629814,0.8965305762218301,154,4.013314559518982,55.32996141336739,17:33=78;17:34=59;8:6=51;17:32=48;8:27=40,nan,nan,0
1170,1691509949.472104,720,720,720,720,0.9999998831521988,0.9999999993175039,0.9999999988633997,1.0000000595482685,1.0000001104089813,46.38296923040834,267.6213014428552,405.99572834394223,0.17331568518775936,0.1142449685852721,0.6591727024677903,8.753120705299184,27.594288170337677,278.10992473363876,409.2097587585449,0.038325400236580105,0.38626378435227604,0.5683468871646458,42,299,423,0.058333333333333334,0.4152777777777778,0.5875,0,True,0.9821597721995639,-0.18442237793794122,0.03675008011713837,0.19775101744875886,0.4293182818059298,0.6145768656324295,0.10059561245192461,0.18039714419545544,0.9423787851929746,151,4.000227830960327,54.61059059921761,17:33=75;17:34=65;8:6=52;17:32=51;8:27=39,nan,nan,0
1171,1691509949.5721776,732,732,732,732,0.9999998831521988,0.999999998731986,1.0000000001965543,1.0000000557568394,1.0000001170997734,50.49870418091994,268.5114394460616,412.98985451664606,0.18806909785705453,0.1222758952275534,0.650164735306443,8.17822677265226,33.15824443101883,277.9263935685158,416.833248257637,0.04529814812980714,0.37968086553075925,0.5694443282208156,48,299,433,0.06557377049180328,0.40846994535519127,0.5915300546448088,0,True,0.9778043309054698,-0.20717964068751413,0.031229584484886046,0.20375501025518683,0.4238862731206848,0.6160841012083117,0.10049629359211297,0.17877729102774248,0.9391829511920138,154,4.062411562530808,58.1142884695838,17:33=77;17:34=61;8:6=55;17:32=46;8:27=33,nan,nan,0
1172,1691509949.6720843,726,726,726,726,0.9999998884954975,0.9999999978277023,0.9999999996417082,1.000000054817398,1.00000011886226,43.789885140165445,268.9306850724436,413.2794266332144,0.16282963444044876,0.10595708936421115,0.650723621215047,9.437782842096146,25.236686408519745,278.7095410823822,417.52789640426636,0.03476127604479304,0.3838974395074135,0.5751072953226809,39,300,433,0.05371900826446281,0.4132231404958678,0.5964187327823691,0,True,0.9808463114139919,-0.19296926353550486,0.02652125027466373,0.19420290886159922,0.4273437670071965,0.6187447630108394,0.10387246697862856,0.18039694295366615,0.9520758230281102,148,4.005723712971191,54.91155022345391,17:33=71;17:34=67;8:6=57;17:32=49;8:27=38,nan,nan,0
1173,1691509949.772122,735,735,735,735,0.9999998831521988,0.9999999996349078,0.9999999998394558,1.0000000553657644,1.0000001029025936,43.498474868933805,270.10296439351936,421.39856020086114,0.16104404839318925,0.1032240709322787,0.6409679336938736,9.68766287716032,26.247530162334442,280.74136155843735,424.96602964401245,0.035710925390931215,0.38196103613392834,0.5781850743455952,41,302,440,0.055782312925170066,0.4108843537414966,0.5986394557823129,0,True,0.9775561352999743,-0.20787767799617365,0.034218026364734797,0.1951514125317566,0.42361301269447105,0.6231927601188016,0.10284712558399393,0.17967342727796404,0.9586373706109284,150,3.9874917997709334,53.91947876687761,17:33=78;17:34=72;17:32=54;8:6=50;8:27=32,nan,nan,0
1174,1691509949.8717268,742,742,742,742,0.9999998863374296,0.9999999988612247,0.9999999996373214,1.0000000566176528,1.0000000994802096,47.25020322565366,278.0439890419151,416.7058060424888,0.16993786986177462,0.11338983652374611,0.6672428965714117,8.819132566529277,24.876370668411255,289.3490046262741,418.48590207099915,0.03352610602211759,0.38995822725912954,0.5639971726024248,38,312,433,0.05121293800539083,0.42048517520215634,0.5835579514824798,1,False,0.9762197827111344,-0.21558656684002506,0.022745725786553126,0.20296123483074063,0.42959737236693574,0.6133575439641685,0.10359331623061885,0.1846003047629043,0.9505050988099473,149,3.9938987499214846,54.266047217350156,17:33=74;17:34=69;8:6=55;17:32=51;8:27=35,nan,nan,0
1175,1691509949.97161,758,758,758,758,0.9999998863374296,0.9999999975023932,0.9999999983602345,1.0000000550157158,1.0000000884671822,47.32720977255596,282.06279189577316,428.60999454529906,0.16778962391482016,0.11042021972157728,0.658087294942821,9.056312354036997,26.54285591840744,294.96406960487366,430.55778020620346,0.035016960314521686,0.3891346564708096,0.5680181796915613,40,319,444,0.052770448548812667,0.420844327176781,0.5857519788918206,0,True,0.9793349264628824,-0.20022741119198667,0.028497115946980858,0.19694374681690754,0.4287849864458406,0.6165632454976416,0.10079453725622492,0.18519425371071258,0.9569806916431169,152,3.9973154647247195,54.451775934537295,17:33=80;17:34=71;8:6=54;17:32=50;8:27=37,nan,nan,0
1176,1691509950.0715444,756,756,756,756,0.9999998903691403,0.9999999981566654,0.9999999976971903,1.0000000560629054,1.0000001024130114,51.54733045175161,278.1239904493349,426.32867631179136,0.18533938898428776,0.12090983627395725,0.6523698871382783,8.270625706036043,30.823994576931,287.78002005815506,428.4582691192627,0.04077247959911508,0.3806614021933268,0.5667437422212469,45,309,443,0.05952380952380952,0.4087301587301587,0.5859788359788359,0,True,0.9776697735852393,-0.2092845857850037,0.019020409316992497,0.20348806172839085,0.42460995081347286,0.6153950267244586,0.100244980458221,0.17928441529490455,0.9494664960713906,147,3.996911270675959,54.42977129813122,17:33=82;17:34=72;8:6=51;17:32=50;8:27=37,nan,nan,0
1177,1691509950.1715314,762,762,762,762,0.9999998863374296,0.999999997922127,0.9999999981114065,1.0000000599437442,1.000000096472981,52.68108471693478,277.0040918954682,432.31482022091893,0.1901816119626666,0.12185815117329081,0.6407462315400505,8.206262694548272,31.939400553703308,286.94655388593674,435.8926691412926,0.04191522382375762,0.3765702806902057,0.5720376235450034,47,309,451,0.06167979002624672,0.40551181102362205,0.5918635170603674,0,True,0.9753322561814797,-0.22018851392855981,0.015620767774889289,0.20595818619162623,0.4207194618401854,0.6193604725598719,0.10349765926984147,0.1792121206037981,0.9524905490891171,152,4.03680443252674,56.64504022936624,17:33=76;17:34=75;17:32=51;8:6=50;8:27=35,nan,nan,0
1178,1691509950.271337,750,750,750,750,0.9999998863374296,0.9999999985049678,0.999999999024812,1.0000000586562365,1.0000001213892085,49.28550163897349,282.0434626589056,418.67103345957247,0.17474435030099533,0.11771891939052091,0.6736636645920242,8.494811243404287,27.856138169765472,293.8503379225731,422.54934161901474,0.037141517559687295,0.39180045056343077,0.5633991221586864,42,319,439,0.056,0.42533333333333334,0.5853333333333334,0,True,0.9759299395778319,-0.2174004248950162,0.017257122908404574,0.20401677729620057,0.43291666833933073,0.6127601106696463,0.10300196758676604,0.2051819931172854,0.9258001433418976,149,4.000511795330871,54.62610026319391,17:33=72;17:34=69;8:6=57;17:32=54;8:27=37,nan,nan,0
1179,1691509950.3716857,754,754,754,754,0.9999999139110561,1.000000000646293,1.0000000011486434,1.0000000614179618,1.0000001213892085,50.45052911816658,282.51061133343427,421.03886052300913,0.17857923594460012,0.11982392564785485,0.670984647313797,8.345578686337277,28.47541892528534,293.5376051068306,424.7868005037308,0.03776580759321663,0.3893071685766984,0.5633777195009692,42,318,442,0.05570291777188329,0.4217506631299735,0.5862068965517241,0,True,0.9808311729235033,-0.19208577027379295,0.03276075517793739,0.2023011100744669,0.4337054481534027,0.6132147449868675,0.10275976089230879,0.20682483702617638,0.9262258389235065,155,4.032503328994981,56.401927248617895,17:34=77;17:33=66;8:6=56;17:32=50;8:27=34,nan,nan,0
1180,1691509950.4712594,742,742,742,742,0.9999998849447044,0.9999999980577893,0.9999999997318749,1.0000000575741597,1.0000001129077765,44.99576784186359,279.7281318841162,417.27609739177933,0.16085535458587383,0.1078321239177455,0.6703670151072186,9.273674334401512,19.351663947105408,292.8292772769928,420.33309119939804,0.02608040963221753,0.3946486216671062,0.5664866458212912,29,317,435,0.03908355795148248,0.4272237196765499,0.5862533692722371,1,False,0.9801120308488325,-0.1964503636670122,0.02806530955603735,0.19578467201473307,0.43384161484860767,0.6146125990835608,0.10191745537945229,0.19374053791461268,0.9443718821822296,143,3.971441619044665,53.06096943283479,17:34=75;17:33=67;17:32=54;8:6=52;8:27=38,nan,nan,0
1181,1691509950.5711854,743,743,743,743,0.9999999013668933,0.9999999994188195,1.0000000002161493,1.0000000601176144,1.0000000986669546,45.367889861648024,279.8833770343033,417.74873224041465,0.16209569265018411,0.10860090374981383,0.6699801948728122,9.208026503202229,22.303422570228577,291.8325598835945,420.3325717449188,0.03001806537042877,0.3927759890761703,0.5657235151344803,34,316,436,0.04576043068640646,0.4253028263795424,0.5868102288021534,1,False,0.9778607623153738,-0.20623538576878028,0.0354301450857661,0.19868476661061257,0.43137106841371625,0.614221381435415,0.10189931335284111,0.18189827960705776,0.939481616134142,146,3.9582038750773543,52.36319060331408,17:34=75;17:33=73;8:6=59;17:32=48;8:27=34,nan,nan,0
1182,1691509950.6711564,746,746,746,746,0.9999999057496685,0.9999999991347983,0.9999999988733188,1.0000000592586356,1.0000001213892085,48.14740976782944,284.1806274340603,413.67196150722964,0.169425376397275,0.11639031466479503,0.6869709670402541,8.591780191332994,27.296648025512695,295.7279806137085,417.1402450799942,0.03659068099934678,0.39641820457601673,0.559169229329751,42,320,434,0.05630026809651475,0.4289544235924933,0.5817694369973191,0,True,0.9824631368510104,-0.1833277837166982,0.034016296776639435,0.19902663837919662,0.43898813404296133,0.6080375994991498,0.10393291694600745,0.19228242280767732,0.9259379308457956,148,3.9782758778724676,53.42484382117645,17:33=76;17:34=66;17:32=56;8:6=50;8:27=41,nan,nan,0
1183,1691509950.7711966,756,756,756,756,0.9999999018571282,0.9999999980382229,0.9999999993314901,1.0000000552184396,1.0000000975161183,49.354505975480734,291.14098130727535,415.5045097510366,0.16952098517312858,0.118782118646686,0.7006927108486072,8.418775581655275,25.40405160188675,304.752943277359,418.39498299360275,0.03360324285963856,0.4031123588324855,0.5534325171873052,37,331,435,0.04894179894179894,0.43783068783068785,0.5753968253968254,0,True,0.9804433324093361,-0.1950504262678002,0.026195479511268153,0.20209415103202547,0.441864924100589,0.603480980632475,0.1078669809884648,0.19616171870006738,0.9168285622153555,150,3.9798507419167883,53.50904697363912,17:33=79;17:34=64;17:32=55;8:6=48;8:27=43,nan,nan,0
1184,1691509950.8712835,756,756,756,756,0.9999998707511888,0.9999999980615194,0.9999999970750386,1.0000000613692301,1.0000001080965313,50.897741087383494,291.37548436785,413.7267716137843,0.17468093171190446,0.12302259505434363,0.7042703164489685,8.12858808219956,27.68949842453003,306.1087788939476,416.92633336782455,0.03662632066736776,0.4049057921877614,0.5514898589521489,40,332,433,0.05291005291005291,0.43915343915343913,0.5727513227513228,0,True,0.9801675478201728,-0.19555437784406318,0.032094602446684176,0.2051511489844236,0.4405414634162594,0.6012109962944948,0.1091246011870008,0.1984208343891008,0.9116782406925374,159,4.029446716707088,56.22979163466552,17:33=72;17:34=64;8:6=56;17:32=51;8:27=43,nan,nan,0
