frame,timestamp,effective_point_count,N_geo_rows,finite_rows,nonzero_finite_rows,row_norm_min,row_norm_mean,row_norm_median,row_norm_p95,row_norm_max,lambda1,lambda2,lambda3,lambda1_over_lambda2,lambda1_over_lambda3,lambda2_over_lambda3,condition_proxy,contribution1,contribution2,contribution3,contribution_per_row1,contribution_per_row2,contribution_per_row3,above_half_count1,above_half_count2,above_half_count3,above_half_fraction1,above_half_fraction2,above_half_fraction3,weak_original_count,fallback_original_xyz,weakest_eigenvector_x,weakest_eigenvector_y,weakest_eigenvector_z,abs_nx_mean,abs_ny_mean,abs_nz_mean,abs_nx_median,abs_ny_median,abs_nz_median,occupied_10deg_bins,angular_entropy_nats,angular_effective_bins,dominant_angular_bins,residual_rms,residual_median_abs,rejected_or_unrepresented_effective_points
0,1691509832.9570942,1415,1290,1290,1290,0.9999999999999997,1.0,1.0,1.0,1.0000000000000002,147.87484316749945,523.0075615295524,619.1175953029486,0.28273939813610866,0.23884774764823288,0.8447628778400856,4.186767553164316,117.92686182260513,552.9185829162598,632.1274164319038,0.09141617195550786,0.4286190565242324,0.4900212530479875,160,611,673,0.12403100775193798,0.47364341085271316,0.5217054263565891,0,True,0.9697243942315348,-0.22989914713319592,-0.0823467144439425,0.2541229338959016,0.4729705998607182,0.5395298273601676,0.13363934172252,0.38425170735945985,0.5881445157604086,213,4.5407152948078755,93.75784063635354,8:27=72;9:6=68;9:8=54;17:29=46;8:6=45,0.044801017384594126,0.012839692179113626,125
1,1691509833.0570977,1384,1285,1285,1285,0.9999999999999997,1.0,1.0,1.0,1.0000000000000002,138.06196837882717,522.2346542264579,624.7033773947151,0.2643676884739231,0.22100403707533273,0.8359721959634726,4.524804221830275,108.64013159275055,551.6142352819443,636.2845731377602,0.08454484948852183,0.4292717784295286,0.4951630919360001,153,607,677,0.11906614785992217,0.4723735408560311,0.5268482490272374,0,True,0.9709261441525191,-0.22515451219438132,-0.08128879528958236,0.24913704543883297,0.4742679362934838,0.5461619505052382,0.13742667962752148,0.39581923118362816,0.6110187032068376,216,4.537354737313349,93.44329084968048,8:27=72;9:6=64;9:8=57;8:6=57;17:29=46,0.03223178342542976,0.010608493350446224,99
2,1691509833.1570694,1373,1275,1275,1275,0.9999999999999997,1.0,1.0,1.0,1.0000000000000002,132.99145119472402,523.8426912211897,618.1658575840861,0.25387669509083427,0.215138784459046,0.8474144678071839,4.648162359541271,101.57813984155655,552.9794507622719,627.9311720728874,0.07966912928749534,0.4337093731468799,0.4924950369199117,140,608,669,0.10980392156862745,0.4768627450980392,0.5247058823529411,0,True,0.9736434650539944,-0.21302864193545043,-0.08146901664307038,0.24301865665477693,0.4779882329360301,0.5456029430409556,0.13032305329359364,0.4071907997603504,0.5979349006967648,215,4.528312966890253,92.60220624333186,8:27=79;9:6=62;9:8=61;8:6=56;17:28=48,0.03277576690263396,0.01118701882660389,98
3,1691509833.256793,1386,1299,1299,1299,0.9999999999999997,1.0,1.0,1.0,1.0000000000000002,140.11709474887414,519.2656949757567,639.617210275369,0.2698369950193145,0.21906398467381877,0.8118382160983467,4.5648763373357655,110.23600935935974,552.0840936303139,652.1840470433235,0.08486220889866031,0.4250070004852301,0.5020662409879318,151,612,696,0.11624326404926867,0.47113163972286376,0.535796766743649,0,True,0.9757623757743661,-0.20333918896419892,-0.08087620326490601,0.24380999637507997,0.4703561997760251,0.5525129669938792,0.13363929655051324,0.39892904217181496,0.65865871764111,218,4.5489397615904315,94.53212857045077,8:27=73;9:6=66;9:8=59;17:28=49;8:6=47,0.032451704837406295,0.010685240849852562,87
4,1691509833.3567033,1386,1288,1288,1288,0.9999999999999998,1.0,1.0,1.0,1.0000000000000002,146.96994382660108,507.4311472062703,633.5989089671285,0.28963524339363805,0.231960538041624,0.8008712452385175,4.311078118902085,127.09469801187515,535.3872856497765,648.1774074435234,0.09867600777319499,0.4156733584237395,0.5032433287604995,176,596,696,0.13664596273291926,0.46273291925465837,0.5403726708074534,0,True,0.9716505065197675,-0.22564183371634497,-0.07057659709142203,0.2503582292808202,0.4616455942192398,0.5528283840082433,0.13093024178765642,0.3497026703011744,0.6630302129370762,220,4.550426158415845,94.67274530650289,8:27=74;9:6=65;8:6=56;9:8=55;17:29=44,0.032909848475502886,0.009252933785319328,98
5,1691509833.4568539,1384,1303,1303,1303,0.9999999999999997,1.0,1.0,1.0,1.0000000000000002,135.1291012685602,534.0267559703509,633.8441427610891,0.2530380730138221,0.21318979249366285,0.8425206134177977,4.690656097100547,106.97615051269531,569.8901713490486,645.7997758984566,0.08209988527451674,0.43736774470379786,0.49562530767341256,155,633,690,0.11895625479662318,0.48580199539524177,0.5295471987720645,0,True,0.9676154194422434,-0.23599792322162205,-0.08958448689752446,0.25018774893733936,0.47640469543890723,0.5485567604887056,0.13816977246060655,0.426462408613739,0.6229671183803377,222,4.567937531592787,96.34519579394558,9:6=70;8:27=70;9:8=58;8:6=56;17:29=44,0.031013195460147913,0.01017423439770937,81
6,1691509833.5573726,1390,1312,1312,1312,0.9999999999999997,1.0,1.0,1.0,1.0000000000000002,139.894139622447,519.5277455142337,652.5781148633191,0.2692717392484561,0.21437148509301066,0.7961157962262457,4.664799516438131,112.8421738743782,549.4491263628006,669.6728910803795,0.08600775447742241,0.41878744387408584,0.5104214108844356,158,612,724,0.12042682926829268,0.46646341463414637,0.551829268292683,0,True,0.9684421950253698,-0.23444262209546418,-0.084595341712456,0.24777983607588308,0.4651823201674826,0.5602003042800039,0.135507567860326,0.3761759307950737,0.6533665563955247,222,4.590288508155123,98.52285070786469,8:27=75;9:6=73;8:6=58;9:8=55;17:27=44,0.030779205867286392,0.009925352409482002,78
7,1691509833.6571023,1393,1301,1301,1301,0.9999999999999997,1.0,1.0,1.0,1.0000000000000002,138.67055828469256,526.0756298404877,636.253811874819,0.2635943397087964,0.21794849114707635,0.8268329714054296,4.588240068728801,107.74945241212845,555.8626598715782,649.5740446448326,0.08282048609694731,0.42725800143856896,0.4992882741313087,148,616,699,0.1137586471944658,0.4734819369715603,0.5372790161414297,0,True,0.9674946343549242,-0.24012337641051923,-0.07934038439308919,0.2478297694049071,0.4705467403204274,0.5513290584945494,0.13292562219962875,0.3971261534101376,0.6255306478497573,220,4.575914197981564,97.11678253280343,8:27=79;9:6=64;8:6=57;9:8=54;17:28=47,0.032759776679422654,0.010085351765155792,92
8,1691509833.7570212,1390,1315,1315,1315,0.9999999999999998,1.0,1.0,1.0,1.0000000000000002,130.04032992770567,532.5019620924207,652.4577079798737,0.24420629253030987,0.1993084430412109,0.8161478599756948,5.017348912776518,96.69728738069534,564.9961543083191,662.5615927577019,0.07353405884463524,0.4296548701964404,0.5038491199678341,134,624,703,0.10190114068441064,0.47452471482889735,0.5346007604562738,0,True,0.9679278809784874,-0.24322911164725797,-0.06289051177865525,0.24038208193254346,0.4685834759247972,0.5569680727089157,0.1322543060481432,0.3725355516918749,0.6807469160842519,219,4.530742541342154,92.82746372691923,9:6=79;8:27=79;8:6=54;9:8=52;17:29=50,0.03076598998490274,0.009177511557936668,75
9,1691509833.8568962,1401,1321,1321,1321,0.9999999999999998,1.0,1.0,1.0,1.0000000000000002,135.18542629988505,538.9770119008548,646.83756179926,0.25081853829556744,0.2089943971773219,0.8332494025263815,4.784817265467395,104.56312358379364,572.244176030159,654.2280299067497,0.07915452201649784,0.4331901408252528,0.4952521043957227,146,633,695,0.1105223315669947,0.47918243754731266,0.526116578349735,0,True,0.9689113647534894,-0.2345114316527588,-0.07883625863588342,0.24514578533138268,0.47421872476471383,0.5502653749543767,0.12965897330550552,0.4118627451206224,0.614538927237808,215,4.535412418080939,93.26197029692611,9:6=76;8:27=75;8:6=63;9:8=60;17:28=45,0.03171616868143095,0.009703394025564194,80
10,1691509833.9569385,1392,1310,1310,1310,0.9999999999999998,1.0,1.0,1.0,1.0000000000000002,138.616515353197,529.177640126354,642.2058445204489,0.26194703789846246,0.21584436911611327,0.8240000377472494,4.632967744745989,111.45833337306976,557.4359994530678,655.7052929997444,0.08508269723135096,0.4255236637046319,0.5005383916028583,156,615,698,0.11908396946564885,0.46946564885496184,0.5328244274809161,0,True,0.9693628865885964,-0.2361462712137635,-0.06760571496892634,0.2468102433799432,0.46939491792512733,0.5507977653000289,0.1330502820173936,0.37248075187535,0.655510872376889,224,4.517578899139417,91.61352367348303,8:6=83;8:27=79;9:6=62;9:8=58;17:29=47,0.02896383007427042,0.01022734958678484,82
11,1691509834.0567453,1378,1302,1302,1302,0.9999999999999998,1.0,1.0,1.0,1.0000000000000002,127.91550891212877,532.9220532078804,641.1624378799905,0.24002667583777385,0.19950561878684375,0.8311810264025946,5.012390157634719,93.06965112686157,561.0174170732498,655.5883446931839,0.07148206691771242,0.430888953205261,0.5035240742651182,129,619,701,0.09907834101382489,0.4754224270353303,0.5384024577572964,0,True,0.9664105630607588,-0.24419539296439152,-0.08012012019183137,0.24158344065621137,0.4753977423113113,0.5540036893455567,0.12978031863543765,0.4029854760443202,0.6501518461882221,227,4.557692610472667,95.36318575957395,8:27=73;8:6=64;9:6=63;9:8=56;17:30=42,0.027258397396334948,0.009783482644706964,76
12,1691509834.156859,1380,1303,1303,1303,0.9999999999999997,1.0,1.0,1.0,1.0000000000000002,127.23160125990599,532.108681461928,643.6597172781665,0.2391082981588402,0.19766904444156957,0.8266925320603369,5.0589610670961545,96.87798166275024,564.8311232328415,655.2973409891129,0.07434994755391423,0.4334851291119275,0.5029143062080682,136,624,695,0.10437452033768227,0.47889485801995396,0.533384497313891,0,True,0.9709522205844077,-0.2286203285123652,-0.07060120914761855,0.23788251321474424,0.47229371739306697,0.5516603676746105,0.128501253300934,0.3949865217358892,0.64895910202505,216,4.451658476811019,85.76907212875022,8:27=83;9:6=78;8:6=71;9:8=55;17:27=48,0.02560102853346904,0.009243124164640903,77
13,1691509834.2568333,1388,1301,1301,1301,0.9999999999999998,1.0,1.0,1.0,1.0000000000000002,131.44775380995802,529.8120964746199,639.7401497154219,0.24810259087063877,0.20547053966900533,0.8281676501159076,4.86687776072867,98.9994769692421,554.3800533413887,648.4543377757072,0.07609490927689631,0.42611841148454166,0.4984276231942408,132,607,684,0.10146041506533436,0.4665641813989239,0.5257494235203689,0,True,0.9754157927064683,-0.20862406689591703,-0.07099316904195738,0.23578421667272653,0.4742625159165514,0.549375687980806,0.1250272452209436,0.4001217887924286,0.6654453072702007,210,4.4492659643337555,85.56411383392478,9:6=81;8:27=79;8:6=59;9:8=54;17:29=53,0.029567031973781556,0.00936761312186718,87
14,1691509834.3569214,1387,1317,1317,1317,0.9999999999999997,1.0,1.0,1.0,1.0000000000000002,131.61319019526817,539.9717433886119,645.41506641612,0.2437408842346544,0.2039202321787959,0.8366271125137861,4.903878292582594,99.07971620559692,568.7196035385132,657.0443348288536,0.07523137145451551,0.4318296154430624,0.49889471133550006,136,626,696,0.10326499620349279,0.4753227031131359,0.5284738041002278,0,True,0.9740452096889342,-0.2161194345646873,-0.06729278925323179,0.2361878666608325,0.4755218966010062,0.5467099602712922,0.12736710937532886,0.4016177552564851,0.6405612519693253,226,4.514101841096631,91.2955312935228,8:27=77;8:6=72;9:6=66;9:8=56;17:29=54,0.030534525821018236,0.009669764898717403,70
15,1691509834.4570663,1381,1293,1293,1293,0.9999999999999997,1.0,1.0,1.0,1.0000000000000002,130.36179242305,527.3200071799855,635.3182003969647,0.24721571464773712,0.20519133930303946,0.8300092880237039,4.873500038532997,97.87681466341019,555.1332304477692,648.899998664856,0.07569745913643479,0.42933737853655773,0.5018561474592853,136,612,692,0.10518174787316319,0.4733178654292343,0.5351894818252126,0,True,0.9737356109871783,-0.21511298241326499,-0.0746013719223513,0.23571477975616903,0.47342452751462116,0.5489150094306362,0.12608398784688243,0.40129126141923893,0.6334887901823791,209,4.47450463363334,87.75112068762256,8:27=87;9:6=81;9:8=59;8:6=56;17:29=50,0.028261848054543934,0.00983505416661501,88
16,1691509834.5570576,1379,1297,1297,1297,0.9999999999999998,1.0,1.0,1.0,1.0000000000000002,134.08495792770904,523.7143535159541,639.200688556337,0.2560268914295173,0.20976973324378895,0.8193269545731969,4.767131961968154,106.65398782491684,545.6535159945488,650.830866754055,0.08223129361982794,0.420704329988087,0.5017971216299576,145,601,694,0.1117964533538936,0.4633770239013107,0.5350809560524287,0,True,0.9787786396179792,-0.1951121015842073,-0.06263898500911441,0.2342824806207486,0.47345634750154575,0.5519572876355378,0.12351584901609422,0.41306263609059063,0.6367163793571935,216,4.482238253418206,88.43238541643959,8:27=74;9:6=73;8:6=66;9:8=56;17:28=52,0.029771595229152334,0.009238086640834808,82
17,1691509834.6569746,1355,1270,1270,1270,0.9999999999999998,1.0,1.0,1.0,1.0000000000000002,132.53082027396783,509.3120143415443,628.1571653844874,0.2602153818132646,0.2109835365689848,0.8108034778681552,4.739706311980567,106.6049867272377,534.3888472318649,638.0103867650032,0.08394093443089583,0.42077861986761017,0.5023703832795301,145,586,676,0.1141732283464567,0.46141732283464565,0.5322834645669291,0,True,0.9782836938755715,-0.19445081309586634,-0.07176277296428583,0.23634871637294105,0.469252000338518,0.5521297632349363,0.12819933877687606,0.37282274654382586,0.6400021857939779,223,4.469298134694876,87.29543187196747,8:27=85;9:6=79;8:6=68;9:8=62;17:29=45,0.02897722474333006,0.009481343906372786,85
18,1691509834.7567396,1361,1282,1282,1282,0.9999999999999998,1.0,1.0,1.0,1.0000000000000002,130.62321680378042,517.7284254656008,633.648357730619,0.25230064717097395,0.20614464664849946,0.817059523865603,4.850962740279722,101.41768389940262,541.4367874264717,644.0281714200974,0.07910895779984603,0.42233758769615576,0.5023620681904035,137,591,681,0.10686427457098284,0.4609984399375975,0.531201248049922,0,True,0.9748756040565961,-0.21340285357733235,-0.06384965701034345,0.23436763236457817,0.4685737531641856,0.551211748284544,0.1245369779712888,0.3523553083674581,0.6582475667002325,208,4.45109967166637,85.72115731876086,8:27=88;9:6=76;8:6=63;9:8=61;17:29=43,0.028684890727384102,0.009248505346477032,79
19,1691509834.8566248,1347,1283,1283,1283,0.9999999999999997,1.0,1.0,1.0,1.0000000000000002,136.14999572934778,512.8851865651499,633.9648177055026,0.2654590136267333,0.2147595448941678,0.809012065403607,4.656370456050249,107.37811034917831,541.6142286062241,647.7096267938614,0.08369299325734865,0.4221467097476415,0.5048399273529707,147,598,692,0.11457521434138737,0.4660950896336711,0.539360872954014,0,True,0.9714726635814562,-0.2234123144983329,-0.07954748044060958,0.24169591664966072,0.4680917876592017,0.5541015344452421,0.12561616281295787,0.360179812953116,0.6457785616133539,224,4.533166764281375,93.05277118128367,8:27=80;9:6=68;8:6=56;9:8=54;17:27=44,0.027773716362077608,0.00880039855837822,64
20,1691509834.9566944,1344,1260,1260,1260,0.9999999999999998,1.0,1.0,1.0,1.0000000000000002,133.41272657244093,496.20189230625095,630.385381121308,0.2688678311006922,0.2116367710417569,0.7871405447626719,4.72507681475964,108.0976373553276,526.2824302911758,640.4528620243073,0.08579177567883144,0.4176844684850602,0.5082959222415137,150,582,677,0.11904761904761904,0.46190476190476193,0.5373015873015873,0,True,0.968991941933334,-0.23613421790322195,-0.07276845197954991,0.24189977050374165,0.45871802316579785,0.5584341551388571,0.12633681209300915,0.3213617630705815,0.699660603002906,221,4.507204027163617,90.66795863377773,8:27=72;9:6=68;8:6=61;9:8=53;17:29=48,0.025708909075777307,0.009058578871190548,84
21,1691509835.0571108,1346,1279,1279,1279,0.9999999999999998,1.0,1.0,1.0,1.0000000000000002,129.73792360509748,526.5885565328771,622.6735198620253,0.24637436950644676,0.20835625647585812,0.8456896587630077,4.799471908902665,97.50516986846924,552.1967747211456,638.2133243083954,0.07623547292296266,0.4317410279289645,0.49899399867740063,131,607,684,0.10242376856919469,0.47458952306489444,0.5347928068803753,0,True,0.9754648305129334,-0.21151025158803408,-0.061088279608617034,0.23713235056675225,0.4752705814646612,0.5430599766137026,0.12965045772383738,0.3738139804257617,0.6185098063406205,212,4.431747186815636,84.07818895706755,8:27=90;9:6=86;8:6=58;9:8=57;17:27=47,0.033010885887576766,0.009624181315302849,67
22,1691509835.1571476,1359,1290,1290,1290,0.9999999999999997,1.0,1.0,1.0,1.0000000000000002,139.91676779529067,519.0322597224169,631.0509724822922,0.2695723920322783,0.22172023163979332,0.8224886456964955,4.510188324286978,113.09778374433517,549.939250767231,638.8043892383575,0.087672700577004,0.4263094967187837,0.4951972009599671,154,609,678,0.11937984496124031,0.4720930232558139,0.5255813953488372,0,True,0.9775442715861272,-0.19632924937264942,-0.07656384871413083,0.24085846117783108,0.47157221410491945,0.549716869006903,0.1289913992254707,0.36718719156606594,0.5988462564831207,228,4.556646216025257,95.26345044184946,8:27=87;8:6=66;9:6=65;9:8=58;17:29=47,0.03246776509577933,0.010523005854338408,69
23,1691509835.257153,1375,1302,1302,1302,0.9999999999999997,1.0,1.0,1.0,1.0000000000000002,144.48166693678945,532.9476940872675,624.5706389759425,0.27109915014123565,0.23132958535112097,0.8533025102830615,4.322836607700487,117.53485316038132,558.9152268767357,632.5554704666138,0.09027254467003173,0.42927436780087225,0.4858336946748186,158,613,676,0.12135176651305683,0.47081413210445466,0.5192012288786483,0,True,0.9729005592588014,-0.21770726919848243,-0.07789766833513531,0.24644426302839695,0.47603259998651537,0.5416980734970614,0.1285836857288517,0.38517085999323164,0.5627243201723497,229,4.521959334661554,92.0157110417031,8:27=74;9:6=72;8:6=67;9:8=60;17:28=46,0.031987084734713116,0.01007204782217741,73
24,1691509835.3571942,1377,1293,1293,1293,0.9999999999999997,1.0,1.0,1.0,1.0000000000000002,135.06102596559532,524.0519210581232,633.8870529762821,0.2577245126644914,0.2130679674422201,0.8267275985485878,4.69333805547838,108.49311023950577,550.5560695528984,646.2879357933998,0.08390805122931613,0.4257974242481813,0.4998359905594739,148,605,688,0.11446249033255994,0.46790409899458624,0.5320959010054138,0,True,0.9765207755566132,-0.20351214522041744,-0.0706398021946174,0.23610209247415317,0.47233475004311415,0.549287932263546,0.12576066924411494,0.3712813256112006,0.6422312070611885,215,4.478986574064534,88.14529866457414,9:6=85;8:27=81;8:6=59;17:29=53;9:8=49,0.027883599146281315,0.009561908431351185,84
25,1691509835.4570909,1378,1303,1303,1303,0.9999999999999997,1.0,1.0,1.0,1.0000000000000002,135.5923360522951,531.6722274950057,635.7354364526982,0.25502993957601217,0.2132842189966295,0.8363105106452009,4.688579420945358,111.77087700366974,561.7518445849419,647.6541578173637,0.08577964466897141,0.4311219068188349,0.497048471080095,154,620,687,0.11818879508825787,0.4758250191864927,0.5272448196469686,0,True,0.9760730697501379,-0.20750831020218102,-0.0649743311283615,0.2374207972398187,0.47505177737365323,0.5454434448006603,0.12736710937532886,0.39186004109957934,0.631500200331359,210,4.399572427137427,81.41604992819789,8:27=86;9:6=85;8:6=66;9:8=61;17:29=55,0.030817358086567125,0.009441853500902653,75
26,1691509835.5569968,1365,1302,1302,1302,0.9999999999999998,1.0,1.0,1.0,1.0000000000000002,141.34041298205216,524.643672174439,636.0159148435084,0.26940268315112326,0.22222779286400238,0.8248907927147191,4.4998871973316765,114.15376824140549,550.0728490948677,650.894295334816,0.0876757052545357,0.42248298701602743,0.49991881362121043,155,611,700,0.11904761904761904,0.46927803379416283,0.5376344086021505,0,True,0.9772439549891414,-0.19909863384079599,-0.07317093985941209,0.24093103997428342,0.4732907363356832,0.5483096064602251,0.12947997971156092,0.3915335863860472,0.6101289619854675,217,4.48815303615956,88.95699370607049,9:6=80;8:27=76;8:6=58;17:29=54;9:8=54,0.02976111997394073,0.00921829929575324,63
27,1691509835.656966,1362,1294,1294,1294,0.9999999999999998,1.0,1.0,1.0,1.0000000000000002,136.07472767946348,527.2085264481271,630.7167458724089,0.25810418620544084,0.21574617856585462,0.8358879479549748,4.635076304235715,103.89998775720596,557.0720648765564,640.3663839101791,0.08029365359907725,0.43050391412407757,0.49487355789040116,140,612,682,0.10819165378670788,0.47295208655332305,0.527047913446677,0,True,0.973289882394462,-0.21648006992979055,-0.07644072312430868,0.2401394033456605,0.4734775182520984,0.5486740324099302,0.12681771843596273,0.389314478174561,0.5850321957450706,211,4.471059108951672,87.44929231260697,8:27=79;8:6=68;9:6=66;9:8=56;17:28=51,0.028348955603231706,0.00875247921794653,68
28,1691509835.757144,1356,1265,1265,1265,0.9999999999999998,1.0,1.0,1.0,1.0000000000000002,136.7363978150595,507.71607867601347,620.5475235089267,0.26931665857743,0.22034798727722665,0.8181743693135693,4.538276080288716,113.08020848035812,528.9734516143799,635.213140308857,0.0893914691544333,0.4181608313157153,0.502144774947713,155,586,681,0.1225296442687747,0.4632411067193676,0.5383399209486166,0,True,0.9729823117893057,-0.21957709845340342,-0.07135347770026666,0.24173229717454955,0.4673935788106605,0.5472982595695881,0.12769821463883071,0.36020622921715856,0.6311632624767011,213,4.48399962508765,88.58828497299892,9:6=83;8:27=78;9:8=59;8:6=55;17:29=48,0.02841055979147538,0.009296441450715065,91
29,1691509835.8572812,1362,1297,1297,1297,0.9999999999999997,1.0,1.0,1.0,1.0000000000000002,132.87365339642983,529.8274343239295,634.2989122796405,0.2507866614456824,0.2094811307793169,0.8352961420346042,4.773699646740378,106.0699553489685,560.5173093676567,644.9129399061203,0.08178099872703817,0.4321644636604909,0.49723434071404804,145,617,685,0.1117964533538936,0.47571318427139553,0.5281418658442559,0,True,0.9757218710840472,-0.2085953235406277,-0.06674444759848193,0.23643792045621964,0.4743820192132416,0.5481980654011873,0.12804262555122825,0.3830273726024809,0.618569395542379,226,4.520120702185913,91.84668340458154,9:6=77;8:27=76;8:6=65;9:8=64;17:27=51,0.030386723427300165,0.009191136807203293,65
30,1691509835.9574096,1379,1310,1310,1310,0.9999999999999997,1.0,1.0,1.0,1.0000000000000002,131.55498027432554,534.833383663082,643.6116360625924,0.2459737635921368,0.20440118373113375,0.8309877474170907,4.892339573313748,100.50286585092545,561.49248701334,655.5779597759247,0.07671974492437057,0.42862021909415265,0.5004411906686448,138,615,697,0.10534351145038168,0.46946564885496184,0.5320610687022901,0,True,0.9764398476527824,-0.20365540044556532,-0.07134214592488411,0.23582168287243113,0.4752194334983243,0.5498435503169803,0.13095439674823553,0.38176404338913356,0.6194120738811689,222,4.457821441322626,86.29929607389978,8:27=86;9:6=82;8:6=66;9:8=62;17:28=54,0.027824869936036115,0.008851272519677877,69
31,1691509836.057723,1372,1299,1299,1299,0.9999999999999998,1.0,1.0,1.0,1.0000000000000002,140.10167140540165,527.5800555625716,631.3182730320266,0.2655552838440941,0.22191924008873784,0.8356800018297706,4.506143764732317,115.56824511289597,555.1099526882172,642.7253438830376,0.08896708630707927,0.4273363762034004,0.49478471430564863,161,610,684,0.123941493456505,0.4695919938414165,0.5265588914549654,0,True,0.9760169850400157,-0.20439929917736785,-0.0749117574830475,0.24193786631984893,0.47393267519767635,0.5454601068642614,0.12575581648228773,0.37281777362461577,0.5972798913768222,221,4.453303756255808,85.9103023698701,9:6=91;8:27=86;9:8=59;17:28=51;17:29=50,0.03438330538042233,0.009219997562468052,73
32,1691509836.157406,1364,1303,1303,1303,0.9999999999999997,1.0,1.0,1.0,1.0000000000000002,127.26264701053165,539.4711743475864,636.266178641882,0.23590258953953883,0.20001479142294715,0.847870266338994,4.999630241772573,97.50250554084778,564.2770953178406,651.7934465408325,0.07482924446726613,0.4330599350098546,0.5002252083966481,133,620,701,0.10207214121258634,0.4758250191864927,0.5379892555640828,0,True,0.9766106846405487,-0.20016539797952676,-0.07851995986764342,0.23210419918980713,0.482919300160184,0.5483296752694548,0.12435490416969588,0.4466519347799522,0.5972798913768224,215,4.433089503146087,84.19112426363515,9:6=88;8:27=83;8:6=68;9:8=60;17:27=59,0.028704535056042178,0.010660290718078613,61
33,1691509836.2574663,1352,1277,1277,1277,0.9999999999999997,1.0,1.0,1.0,1.0000000000000002,128.6698707195804,517.8091963233092,630.5209329571107,0.24848896395274067,0.20406914979987312,0.8212402939499734,4.900299731638426,100.85454577207565,542.3445081710815,643.7953208088875,0.07897771791078752,0.4247020424205807,0.5041466881823707,138,594,684,0.10806577916992952,0.46515270164447925,0.5356303837118246,0,True,0.9772632125926004,-0.20271372621735104,-0.062159138638389136,0.23185645477378494,0.4727174292652182,0.5504718165459731,0.12289128667546018,0.3842836694078214,0.6547125558986995,213,4.418809539891779,82.99742140395601,9:6=87;8:27=80;8:6=61;9:8=59;17:27=53,0.029347224158369108,0.01028401404619217,75
34,1691509836.3574588,1380,1300,1300,1300,0.9999999999999997,1.0,1.0,1.0,1.0000000000000002,137.74246278451312,521.6460747740136,640.6114624414737,0.26405348270699747,0.21501716853387912,0.8142940071442623,4.6507914080471915,109.20895040035248,551.3111783266068,650.6161782741547,0.08400688492334805,0.4240855217896975,0.5004739832878112,149,605,689,0.11461538461538462,0.4653846153846154,0.53,0,True,0.9711821352213443,-0.2221520876436291,-0.08633487234303294,0.2411164474362378,0.4649685904920604,0.547962899243374,0.12644419818228925,0.3573257031716367,0.6322513779744254,205,4.379186728035593,79.77312976655494,9:6=92;8:27=87;8:6=68;9:8=55;17:29=52,0.03042971914331346,0.01021254202350974,80
35,1691509836.457529,1363,1298,1298,1298,0.9999999999999997,1.0,1.0,1.0,1.0000000000000002,134.16713734201807,526.1036449529297,637.7292177050521,0.25502035317398714,0.21038261007522158,0.8249639978017302,4.753244574931614,108.29925805330276,556.2162553668022,652.5553641915321,0.08343548386232878,0.4285179163072436,0.5027391095466349,150,611,695,0.11556240369799692,0.4707241910631741,0.5354391371340523,0,True,0.9739796835607385,-0.21484540331165933,-0.07214588475286765,0.23655349502790826,0.4704453311627117,0.5471338003774291,0.1228148055896224,0.3908379522016713,0.6458469014904649,208,4.393424018510686,80.917006517976,9:6=90;8:27=88;8:6=57;9:8=54;17:28=52,0.027403787537936136,0.009076780639588833,65
36,1691509836.5573654,1377,1309,1309,1309,0.9999999999999997,1.0,1.0,1.0,1.0000000000000002,144.15489425325114,516.4060900979865,648.4390156487623,0.2791502598776443,0.22231064259608807,0.7963834341172746,4.498210199575919,116.25218975543976,537.6577864289284,659.979625582695,0.08880992341897613,0.41073933264242046,0.5041861158003782,154,588,701,0.11764705882352941,0.44919786096256686,0.5355233002291826,0,True,0.9770261597711323,-0.20375802216028652,-0.0624704052188085,0.23757702234948921,0.46182335401436636,0.553809526892621,0.12396302844691057,0.32669178859657344,0.6547125558986995,218,4.4940139865666415,89.47989709311206,8:27=83;9:6=81;9:8=58;8:6=56;17:28=55,0.033146180537000455,0.00987402442842722,68
37,1691509836.6574037,1381,1312,1312,1312,0.9999999999999998,1.0,1.0,1.0,1.0000000000000002,147.1964711086078,510.8496075142843,653.9539213771078,0.2881405191340818,0.22508691560200272,0.7811706464555302,4.442728255995981,126.04342824220657,534.4930000305176,668.0582906603813,0.09606968616021842,0.4073879573403335,0.5091907703204126,172,591,715,0.13109756097560976,0.4504573170731707,0.5449695121951219,0,True,0.9752701460304382,-0.21121176429796854,-0.06509787157739468,0.24240187887552833,0.45966779633450616,0.5575091869879556,0.12415951333484057,0.3399980188173356,0.6482047319688271,225,4.470857416459985,87.43165622553715,8:27=89;9:6=78;8:6=64;9:8=60;17:29=50,0.03151361783731156,0.009242138359695673,69
38,1691509836.7572303,1380,1312,1312,1312,0.9999999999999997,1.0,1.0,1.0,1.0000000000000002,137.56969701640918,531.3259619735381,643.1043410100527,0.2589177018669015,0.21391504961752195,0.8261893569852807,4.674752906763645,102.8706961274147,557.7465490698814,655.1088532209396,0.0784075427800417,0.4251116989861901,0.4993207722720576,135,612,696,0.10289634146341463,0.46646341463414637,0.5304878048780488,0,True,0.9748505073382773,-0.21184449881242554,-0.06919824177835338,0.23720639388806186,0.4715076014731306,0.5467999058745112,0.12566355365931478,0.3857074126040826,0.6264878152824878,213,4.409196570681505,82.20339235051063,8:27=103;9:6=85;8:6=70;9:8=54;17:30=50,0.03220070683822199,0.009814750868827105,68
39,1691509836.8569288,1355,1283,1283,1283,0.9999999999999997,1.0,1.0,1.0,1.0000000000000002,132.7776196185891,523.4342140864061,626.7881662950053,0.2536662985440054,0.21183810856457003,0.8351054506667975,4.720585954888243,102.42840540409088,549.6515355706215,640.9576525688171,0.0798350782572805,0.428411173476712,0.49957728181513417,142,608,688,0.11067809820732658,0.47388932190179267,0.5362431800467654,0,True,0.9785979578680999,-0.1952690530921431,-0.06493099229861138,0.2352127588922147,0.47638556985242614,0.5467399766702609,0.12649967485138341,0.4047214094124525,0.6080731639961187,213,4.418564134382906,82.97705587852948,9:6=87;8:27=85;8:6=59;9:8=53;17:28=47,0.029496038027359894,0.009433139115571976,72
40,1691509836.9566529,1348,1272,1272,1272,0.9999999999999997,1.0,1.0,1.0,1.0000000000000002,132.91515101653368,512.7715152400302,626.3133337434363,0.2592093107089141,0.21221830009926182,0.8187140327593322,4.712128970650813,106.37468725442886,536.192543566227,637.9821160435677,0.08362789878492835,0.421535018526908,0.5015582673298488,146,587,679,0.11477987421383648,0.46147798742138363,0.5338050314465409,0,True,0.9725813529608767,-0.21922683129068268,-0.07762157119665321,0.23494442660446643,0.46913425000636827,0.5498688301049944,0.12041912442264997,0.3631158172734682,0.6375458074549722,204,4.419979640465344,83.0945935738643,8:27=87;9:6=85;9:8=57;8:6=51;17:27=50,0.031533352194865166,0.008609688840806484,76
41,1691509837.0565214,1362,1287,1287,1287,0.9999999999999997,1.0,1.0,1.0,1.0000000000000002,135.21195536438583,520.91740508569,630.8706395499242,0.2595650558885505,0.2143259598526391,0.8257119168793826,4.665790372232813,105.96724313497543,545.8348376750946,644.6432797908783,0.08233663025250616,0.4241140929876415,0.5008883292858417,141,597,687,0.10955710955710955,0.46386946386946387,0.5337995337995338,0,True,0.9740704591316831,-0.21767647054914643,-0.06167410166559716,0.23695100796276516,0.4698316417206963,0.5483072670731104,0.12145296936820366,0.36475293621306526,0.6251175207776912,233,4.455964386885285,86.13918229919902,8:27=83;9:6=77;9:8=64;8:6=64;17:29=52,0.02963891773555292,0.009107009507715702,75
42,1691509837.1562269,1345,1274,1274,1274,0.9999999999999998,1.0,1.0,1.0,1.0000000000000002,130.29712308661607,527.4038517971832,616.2990251162004,0.24705379500474853,0.2114186746637302,0.8557596723404577,4.729951134120672,99.83031022548676,555.466727912426,627.7788887023926,0.07835974115030357,0.43600214121854475,0.49276207904426417,135,608,669,0.10596546310832025,0.4772370486656201,0.5251177394034537,0,True,0.9774451604087696,-0.19929005485930648,-0.06988871459434218,0.233101702263852,0.48162344948083546,0.5431789994224372,0.1231944666952264,0.40723656998554825,0.5836784321145492,213,4.435631015910563,84.40536921842798,8:27=79;9:6=71;8:6=60;9:8=56;17:29=53,0.030435809536882432,0.00966643076390028,71
43,1691509837.2560503,1360,1292,1292,1292,0.9999999999999998,1.0,1.0,1.0,1.0000000000000002,135.4629407849719,528.6498795395229,627.8871796755047,0.2562432075137632,0.21574407818770852,0.8419504278025421,4.6351214290570155,108.52154529094696,552.9608660340309,636.8980111479759,0.08399500409516018,0.4279882864040487,0.4929551169875975,146,604,673,0.1130030959752322,0.4674922600619195,0.5208978328173375,0,True,0.9787390188805165,-0.19490259712820807,-0.06389765687005514,0.23241834679043272,0.47699049038566926,0.5419792119257129,0.12010233860163277,0.4195358400620451,0.5794348781004293,219,4.4094467174898755,82.2239578388327,9:6=84;8:27=80;8:6=58;17:29=55;9:8=55,0.026949857959280097,0.009403298143297434,68
44,1691509837.3559124,1352,1286,1286,1286,0.9999999999999998,1.0,1.0,1.0,1.0000000000000002,141.72730238773013,514.3147502333039,629.9579473789662,0.27556530767091486,0.22497898943478317,0.816427116084791,4.444859506713535,111.21398061513901,543.3078646659851,645.2819937467575,0.08648054480181883,0.42247889942922634,0.5017744896942127,149,597,686,0.11586314152410575,0.4642301710730949,0.5334370139968896,0,True,0.9745464567405335,-0.21306071755834877,-0.06974477964688697,0.24066299346124423,0.4668269874733034,0.5445238803439006,0.12338152687334682,0.3596965613598849,0.6191705181016669,216,4.399370205614989,81.39958751521378,8:27=85;9:6=84;8:6=67;17:29=58;17:28=57,0.029719223703524377,0.009434300940483809,66
45,1691509837.455983,1377,1318,1318,1318,0.9999999999999997,1.0,1.0,1.0,1.0000000000000002,143.73281599055903,523.328041955032,650.9391420544086,0.2746514699529699,0.22080837778003085,0.8039584780589053,4.528813671174195,117.08219629526138,546.7686077356339,667.0857978463173,0.08883322935907541,0.41484719858545815,0.5061348997316519,159,597,711,0.12063732928679818,0.45295902883156297,0.539453717754173,0,True,0.9808476795902658,-0.18707923815852906,-0.054214279414336375,0.23670458768671984,0.46616324347986915,0.551559553252869,0.12158279949450485,0.3419195559209982,0.6649863905764115,220,4.447480665643258,85.41149261131531,9:6=87;8:27=80;9:8=65;8:6=62;17:28=51,0.031197605000143985,0.010041388683021069,59
46,1691509837.5565722,1359,1301,1301,1301,0.9999999999999998,1.0,1.0,1.0,1.0000000000000002,131.86072643240345,526.2928913729418,642.8463821946549,0.2505462805861162,0.20512011902787036,0.8186915349452484,4.875192178803907,99.87712198495865,554.4331251382828,656.9063435792923,0.0767695019100374,0.42615920456439876,0.5049241687773192,138,607,699,0.10607225211375865,0.4665641813989239,0.5372790161414297,0,True,0.9780352969497035,-0.19763599389135783,-0.06623421954760564,0.23129182028870374,0.4710489863431432,0.5493834215640205,0.11972602534111279,0.36694757399780836,0.6619993700024738,212,4.406079048020034,81.9475204624466,9:6=78;8:27=77;9:8=58;8:6=56;17:29=49,0.03289336321151452,0.010222325101494789,58
47,1691509837.6568868,1367,1310,1310,1310,0.9999999999999998,1.0,1.0,1.0,1.0000000000000002,134.42514467610755,531.876415366807,643.6984399570852,0.2527375548009619,0.20883248479687097,0.82628197048647,4.788527038658228,108.61465793848038,561.1564458012581,659.4437601566315,0.08291195262479419,0.4283636990849298,0.5033921833256729,151,616,704,0.11526717557251909,0.47022900763358777,0.5374045801526718,0,True,0.981179303102353,-0.1834147802644203,-0.060383719197604185,0.23074846561672693,0.4725242931220671,0.5482549269059991,0.12222838737893957,0.3673005743094345,0.6541374817160912,228,4.422181754852474,83.27777899746754,9:6=84;8:27=84;9:8=66;8:6=58;17:28=51,0.031002079876467026,0.010158786084502935,57
48,1691509837.7571824,1358,1267,1267,1267,0.9999999999999997,1.0,1.0,1.0,1.0000000000000002,118.88989900669515,526.7576300826206,621.3524709106845,0.22570133248577257,0.191340510535742,0.8477597736282901,5.226284790398331,91.97092443704605,557.7883853912354,635.1123447418213,0.0725895220497601,0.440243398098844,0.5012725688570018,128,613,675,0.10102604577742699,0.48382004735595896,0.5327545382794001,0,True,0.9791697439663927,-0.19469687658821597,-0.05761717406799665,0.2219883825047862,0.4807376304210568,0.5438865165788653,0.11844156236037087,0.4139297526406117,0.6207295780857163,205,4.365763168476608,78.70944559407677,9:6=82;8:27=76;8:6=73;9:8=60;17:27=47,0.027847275670779225,0.009944160468876362,91
49,1691509837.8575637,1384,1314,1314,1314,0.9999999999999998,1.0,1.0,1.0,1.0000000000000002,132.31031505885923,533.1275017663784,648.5621831747624,0.24817762096399765,0.20400559651996658,0.8220144738576612,4.901826307996052,102.43065828084946,560.4998208880424,663.253130376339,0.07795331680429944,0.42655998545513124,0.5047588511235457,140,614,707,0.106544901065449,0.4672754946727549,0.5380517503805176,0,True,0.9803337464546865,-0.1851409623044011,-0.06832693201892484,0.22851002391560607,0.47322783195568,0.5500621435189759,0.11869010708971402,0.3685687701057603,0.6694904631843545,215,4.376035342348201,79.52212957410553,9:6=90;9:8=77;8:27=75;8:6=59;17:29=55,0.030784429754194837,0.00991845317184925,70
50,1691509837.9577568,1371,1306,1306,1306,0.9999999999999998,1.0,1.0,1.0,1.0000000000000002,137.52997036255277,535.999471477134,632.4705581603129,0.2565860186084528,0.21744881020642376,0.8474694427456237,4.5987834978296815,103.8598319888115,557.2741204500198,644.6682718992233,0.0795251393482477,0.4267030018759723,0.4936204225874604,137,612,691,0.10490045941807044,0.4686064318529862,0.5290964777947933,0,True,0.9749116553622125,-0.20934464795405977,-0.07564444865224,0.2362172384550226,0.4772684239254841,0.5401442043248961,0.12156191306017629,0.3836401466639693,0.5591463808086898,218,4.411642750688537,82.4047227902435,9:6=87;8:27=82;8:6=66;9:8=61;17:28=52,0.028506113176203624,0.009212051052600145,65
51,1691509838.0578864,1394,1323,1323,1323,0.9999999999999998,1.0,1.0,1.0,1.0000000000000002,132.45798018572748,543.0168496259819,647.5251701882905,0.24392977911636007,0.2045603573174008,0.8386034622686263,4.888532720190627,99.1356104016304,569.0715739130974,659.7914487123489,0.07493243416600938,0.43013724407641524,0.4987085780138692,132,624,699,0.09977324263038549,0.47165532879818595,0.528344671201814,0,True,0.9796237860636117,-0.19033423528375976,-0.06411019152476409,0.22892721405057204,0.475564546782661,0.5439617980744064,0.12081844212410833,0.39880998343050506,0.6583297474331424,221,4.386350096460804,80.34662571453292,9:6=95;8:27=90;9:8=69;8:6=59;17:29=55,0.030541548626511945,0.009572084993124008,71
52,1691509838.1582215,1382,1317,1317,1317,0.9999999999999997,1.0,1.0,1.0,1.0000000000000002,132.00538073878587,526.2951195145249,658.6994997466887,0.25082007384099014,0.20040303778817234,0.7989912239449376,4.989944319392046,100.71136212348938,557.4957765340805,673.6401286125183,0.07647028255390234,0.4233073474062874,0.511495921497736,135,616,719,0.10250569476082004,0.4677296886864085,0.5459377372817008,0,True,0.9797090552264907,-0.18831448899521686,-0.0686135580019534,0.22470503903413092,0.4682093960076548,0.5581210947543744,0.11836301351733622,0.37073558372698806,0.6829329918763646,219,4.443893304294651,85.10563965453821,8:27=84;9:6=73;9:8=65;17:29=61;8:6=51,0.029827854016075447,0.010348308831453323,65
53,1691509838.2577279,1406,1330,1330,1330,0.9999999999999998,1.0,1.0,1.0,1.0000000000000002,133.45376208777716,540.6967237784074,655.8495141338149,0.24681814447699563,0.2034822916107981,0.8244219323582322,4.914432563560403,105.27961784601212,571.8990235924721,668.9587827920914,0.07915760740301662,0.42999926585900156,0.5029765284151063,147,632,712,0.11052631578947368,0.47518796992481205,0.5353383458646617,0,True,0.9783159282509497,-0.19855776796484154,-0.05893010530537521,0.22792654044891542,0.47337402907510284,0.549925304210182,0.11962586451602986,0.39712661018416706,0.6536166954802285,227,4.440400655570702,84.80891403161831,8:27=95;9:6=74;9:8=69;17:28=53;8:6=51,0.029654002476411,0.009476593229919672,76
54,1691509838.3573186,1403,1333,1333,1333,0.9999999999999998,1.0,1.0,1.0,1.0000000000000002,131.415387822833,535.1942915452233,666.3903206319436,0.2455470656150086,0.19720482689215935,0.8031243476611335,5.070869794413531,104.03813195228577,564.2394338846207,682.6073688268661,0.07804811099196232,0.42328539676265614,0.5120835475070263,144,622,728,0.10802700675168792,0.46661665416354087,0.5461365341335334,0,True,0.9839337314148292,-0.16900318549226975,-0.05755289286870299,0.22141969020562297,0.4704763848963942,0.5552364171165511,0.1165358347847975,0.3720039889554605,0.6866476201156373,223,4.389929414348,80.63472712480974,8:27=99;9:6=81;9:8=69;0:8=49;17:28=48,0.028017212960158033,0.009813476353883743,70
55,1691509838.4568508,1374,1304,1304,1304,0.9999999999999998,1.0,1.0,1.0,1.0000000000000002,131.93802201597694,528.979322339575,643.0826556444481,0.24941999893765252,0.20516495174910102,0.8225681686430689,4.874126850003667,98.56641858816147,554.6401805877686,657.9882503151894,0.07558774431607475,0.425337561800436,0.5045922164993784,133,611,703,0.10199386503067484,0.46855828220858897,0.5391104294478528,0,True,0.9802742125459516,-0.1857737337297141,-0.06745804676638464,0.22819064113229956,0.4756179445696816,0.5500199010515319,0.12202753210737169,0.41001458487498976,0.6390385175504478,210,4.380402938953473,79.87020974082631,8:27=90;9:6=77;9:8=62;17:28=57;8:6=51,0.03139103670493311,0.01019179169088602,70
56,1691509838.556365,1399,1330,1330,1330,0.9999999999999998,1.0,1.0,1.0,1.0000000000000002,132.26871237815334,546.9853242041338,650.7459634177129,0.24181400583389495,0.203257061608925,0.840551236509207,4.919878266881774,98.6749597787857,574.2474232316017,659.2623565196991,0.07419169908179377,0.43176497987338475,0.49568598234563843,130,628,699,0.09774436090225563,0.47218045112781953,0.5255639097744361,0,True,0.9812655009062276,-0.18630604891320357,-0.049072119065734734,0.2234925467467215,0.4770366924029442,0.5491113668065075,0.11864889955152824,0.36072236370238686,0.6142412191875724,222,4.393405734880691,80.91552707489338,8:27=103;9:6=80;9:8=61;17:27=57;0:8=52,0.03234610284559782,0.011237422935664654,69
57,1691509838.6562448,1402,1337,1337,1337,0.9999999999999998,1.0,1.0,1.0,1.0000000000000002,133.1207520548572,535.7593914732402,668.1198564719027,0.2484711498734526,0.19924681292638022,0.8018911371716897,5.018900856243509,106.26310676336288,567.3783139586449,681.4217823147774,0.07947876347297149,0.42436672696981664,0.5096647586497961,150,628,725,0.11219147344801796,0.46970830216903514,0.5422587883320867,0,True,0.9820280342057937,-0.18087246506572324,-0.053908175770966044,0.22404912275066258,0.4699310615334765,0.5583100707655759,0.11597942155061489,0.38040761502784154,0.6845105288330768,220,4.4347379735833865,84.330025298737,8:27=92;9:8=65;9:6=63;17:27=61;17:28=53,0.028746885029942375,0.010372264310717583,65
58,1691509838.7564123,1412,1346,1346,1346,0.9999999999999997,1.0,1.0,1.0,1.0000000000000002,137.32551297301364,540.4458657304723,668.2286212965139,0.2540967036308124,0.20550678105731426,0.8087738963977414,4.866019480501267,110.15863710641861,569.0900243520737,675.4171897172928,0.08184148373433775,0.42280090962264016,0.5017958318850615,154,624,713,0.11441307578008915,0.4635958395245171,0.5297176820208024,0,True,0.9800821623576685,-0.1887036990181936,-0.061885935439059736,0.2267499845363843,0.4700516624006337,0.5532624421386455,0.11320718575007743,0.37958492979230957,0.6596125270136289,212,4.385734521872285,80.29718159330343,8:27=84;9:6=80;9:8=67;17:29=60;17:28=52,0.028945245445867972,0.010217912960797548,66
59,1691509838.856505,1377,1316,1316,1316,0.9999999999999997,1.0,1.0,1.0,1.0000000000000002,128.06115915173015,537.4206696561272,650.5181711921427,0.23828848866879476,0.19686023361506513,0.8261424406811688,5.079746079928826,99.48763293027878,568.2013574242592,664.4696474671364,0.07559850526616928,0.4317639494105313,0.504916145491745,138,630,710,0.10486322188449848,0.4787234042553192,0.5395136778115501,0,True,0.9809796403509805,-0.1869417474638962,-0.05226593797116499,0.22284153562922368,0.47526608601210907,0.5529853879839608,0.11950316939745473,0.3993620958246379,0.6694244115417411,229,4.440688244000861,84.83330760155427,9:6=79;8:27=79;9:8=65;17:28=54;8:6=50,0.03274235154022465,0.010854363907128572,61
60,1691509838.9566574,1391,1327,1327,1327,0.9999999999999997,1.0,1.0,1.0,1.0000000000000002,139.14409807612017,541.3073125263769,646.548589397503,0.2570519460132731,0.21521058178440064,0.8372260359129438,4.646611666157785,110.7549296617508,571.6672483086586,661.5337462425232,0.08346264480915659,0.43079672065460334,0.49851827147138145,155,633,709,0.11680482290881689,0.4770158251695554,0.5342878673700076,0,True,0.978718438501519,-0.19461678054852796,-0.06507324232028316,0.2339693464275312,0.477545414186939,0.5487682873333329,0.12078645260725966,0.40342037394397035,0.642680426836749,234,4.4505173715338335,85.6712564075566,8:27=88;9:6=81;9:8=59;17:28=57;17:29=52,0.02997129236365754,0.010537195950746536,64
61,1691509839.0569162,1395,1307,1307,1307,0.9999999999999997,1.0,1.0,1.0,1.0000000000000002,117.84689962188565,515.0238895597425,674.1292108183713,0.22881831699617783,0.1748135190267505,0.7639839385308937,5.720381384502517,88.97368276119232,541.451095700264,683.8457682728767,0.06807473814934378,0.4142701573835226,0.5232178793212523,124,594,722,0.09487375669472073,0.4544758990053558,0.5524100994644223,0,True,0.9837739974420336,-0.1742875039081644,-0.04257449868622232,0.21083301813161276,0.45953825333833415,0.5714476947014913,0.11358374041728596,0.3244055556864346,0.7926753893324906,211,4.372741460806757,79.26062401996099,8:27=85;9:8=68;9:6=64;8:6=57;17:29=54,0.02815247715795117,0.010581348091363907,88
62,1691509839.1572723,1462,1404,1404,1404,0.9999999999999997,1.0,1.0,1.0,1.0000000000000002,132.66484010449634,546.1906866978628,725.1444731976404,0.24289106961262186,0.18294952938066192,0.7532163684422053,5.465988370592123,102.84889543056488,574.0398972630501,741.9777284860611,0.07325419902461885,0.4088603256859331,0.5284741655883626,144,634,790,0.10256410256410256,0.4515669515669516,0.5626780626780626,0,True,0.9803928869476557,-0.1921367187533208,-0.043740925106227194,0.2174218883421206,0.4563448152373753,0.5734544255631726,0.11479928747935211,0.3226954790356853,0.7711299317803996,231,4.419194237051656,83.02935641850807,8:27=81;9:8=78;17:29=74;9:6=74;8:6=51,0.026802280905544665,0.01159429457038641,58
63,1691509839.2577233,1417,1358,1358,1358,0.9999999999999998,1.0,1.0,1.0,1.0000000000000002,127.22579362657258,546.7588540654771,684.0153523079505,0.2326908703545872,0.18599844754550812,0.7993371087661214,5.376388960210706,102.10225749015808,579.9132548570633,697.9168449640274,0.07518575662014586,0.4270347973910628,0.5139299300176933,145,642,744,0.10677466863033873,0.4727540500736377,0.5478645066273933,0,True,0.9808455568451925,-0.19116598523882894,-0.03738394982759738,0.21708074964995236,0.4697819985259226,0.5626807716062635,0.11457017251921484,0.35804565192922755,0.7044819282095514,216,4.42358819793133,83.39498685713193,8:27=89;9:6=72;9:8=71;17:29=64;8:6=55,0.029123423134394977,0.010138876270502806,59
64,1691509839.357701,1362,1294,1294,1294,0.9999999999999997,1.0,1.0,1.0,1.0000000000000002,123.85293811696484,510.95229474209776,659.1947671409378,0.24239628511597033,0.18788519613731205,0.7751158234435054,5.3223991062561975,97.17919284105301,535.7083876729012,668.1548453569412,0.07509983990807806,0.41399411721244295,0.5163484121769252,131,588,705,0.10123647604327667,0.45440494590417313,0.544822256568779,0,True,0.9861615444244378,-0.164023251570294,-0.024120141846917895,0.2124667314161138,0.4617647502259614,0.5668980048551574,0.11421380748790513,0.3229175218507891,0.7551730643894218,227,4.391030926550261,80.72359619686175,8:27=98;9:8=71;9:6=68;17:27=58;17:29=50,0.026278069522042074,0.010118029545992613,68
65,1691509839.4577138,1403,1333,1333,1333,0.9999999999999997,1.0,1.0,1.0,1.0000000000000002,125.54706515880764,530.0916853360907,677.3612495051016,0.23684028373168658,0.18534727997879377,0.7825834231340957,5.395277449522936,100.97592425346375,561.9826818704605,695.7404828071594,0.07575088091032539,0.4215924095052217,0.5219358460668863,145,622,742,0.10877719429857464,0.46661665416354087,0.5566391597899475,0,True,0.981846844513184,-0.18290894869137925,-0.05021046114225512,0.2182818573924456,0.46411711538167316,0.5651247053805873,0.115537172804444,0.3541724592163585,0.7302034967717169,226,4.425467673780174,83.55187310662062,8:27=97;9:8=75;9:6=68;8:6=56;17:28=53,0.027292039596565152,0.010908410884439945,70
66,1691509839.5574872,1375,1314,1314,1314,0.9999999999999997,1.0,1.0,1.0,1.0000000000000002,134.11780706849405,514.1366443809711,665.7455485505349,0.26086023732071084,0.20145505645587286,0.7722719971622077,4.963886325777294,111.53223150968552,546.6988005042076,675.5684420466423,0.08487993265577284,0.4160569258022889,0.5141312344342788,156,605,714,0.1187214611872146,0.4604261796042618,0.54337899543379,0,True,0.9811495715026657,-0.19083315923596528,-0.030466763467032986,0.22489427563574713,0.4586762711404877,0.5660077338782962,0.11711067636750438,0.31457637642995073,0.7283676159953261,235,4.4779150895563244,88.05090292340188,8:27=103;9:8=68;9:6=62;17:29=58;17:27=50,0.026855649929235476,0.010553878732025623,61
67,1691509839.657312,1388,1324,1324,1324,0.9999999999999998,1.0,1.0,1.0,1.0000000000000002,142.65014390863442,494.5087100175554,686.8411460738103,0.28846841525515343,0.20769015473820313,0.7199753725360155,4.814864726065212,120.03374981880188,522.5729534029961,700.0850350260735,0.0906599318873126,0.39469256299319944,0.5287651321949195,164,577,745,0.12386706948640483,0.43580060422960726,0.5626888217522659,0,True,0.9790882443392976,-0.19568922028907604,-0.05560520532509172,0.22911406972399517,0.4435829226168224,0.5766780457844486,0.11764125474349119,0.271765077274155,0.7661576460694413,223,4.4773337347863595,87.9997289875348,8:27=92;9:8=69;9:6=54;17:30=50;17:28=48,0.028051702944491445,0.010832140687853098,64
68,1691509839.7575412,1357,1290,1290,1290,0.9999999999999998,1.0,1.0,1.0,1.0000000000000002,122.44147149899355,506.08409248732215,661.4744360136848,0.24193898467982536,0.18510386015350175,0.765084884515253,5.4023724798106665,98.41498696804047,535.9070444703102,671.2828176617622,0.0762906875721244,0.4154318174188451,0.52037427725718,140,591,710,0.10852713178294573,0.45813953488372094,0.5503875968992248,0,True,0.9811253505834286,-0.1891897912965942,-0.040003366254544495,0.2177910071347914,0.45878480113964304,0.5706934801337592,0.11818653588719724,0.3237313462998781,0.7445203956647162,224,4.414004891749914,82.5996044479654,8:27=91;9:8=78;9:6=66;17:29=62;17:27=54,0.029156804378547823,0.0105739152058959,67
69,1691509839.8577268,1367,1299,1299,1299,0.9999999999999997,1.0,1.0,1.0,1.0000000000000002,134.33569960881906,496.72714481688,667.937155574301,0.27044163181044256,0.20112026780920053,0.7436734738761278,4.972149305950027,106.54529392719269,528.5620942115784,682.325309753418,0.08202101149129537,0.4068992257209995,0.5252696764845404,146,588,726,0.11239414934565051,0.45265588914549654,0.558891454965358,0,True,0.9809015526507118,-0.18897967077542485,-0.046030729312437985,0.2252214487878034,0.453010448277477,0.5712746457905009,0.11559018037370287,0.3286374851646614,0.7652367531995818,224,4.434722946283241,84.3287580556572,8:27=88;9:8=65;17:28=62;9:6=57;8:6=56,0.02699258029942474,0.010483025573194027,68
70,1691509839.957766,1383,1308,1308,1308,0.9999999999999997,1.0,1.0,1.0,1.0000000000000002,137.20285128800296,501.1283963058385,669.668752406159,0.27378782024610737,0.20488166842939154,0.7483228006462223,4.8808661490602345,114.60134881734848,530.4075164198875,677.920548915863,0.08761571010500649,0.4055103336543483,0.5182878814341461,155,585,714,0.11850152905198777,0.44724770642201833,0.5458715596330275,0,True,0.9817494618838474,-0.18669836130560452,-0.03621761969784994,0.22363041121310495,0.45282916174397336,0.5690598638024573,0.11208913057237871,0.3064377680126362,0.7459522771744407,225,4.425811581089917,83.58061214802464,8:27=93;9:8=75;17:27=60;9:6=58;17:28=54,0.02748186975888596,0.010856519918888807,75
71,1691509840.0575645,1387,1320,1320,1320,0.9999999999999998,1.0,1.0,1.0,1.0000000000000002,123.48044081402315,514.5872738147561,681.9322853712207,0.23996015272323717,0.18107434339584702,0.7546017175805547,5.522593544983333,98.19047456979752,540.9857420921326,692.0739208459854,0.07438672315893752,0.40983768340313076,0.5242984248833222,138,592,728,0.10454545454545454,0.4484848484848485,0.5515151515151515,0,True,0.9796052911422326,-0.19633037574830278,-0.04275344576372678,0.21500230920044044,0.4544240583864919,0.5700837415250702,0.11101934464009351,0.3120029907505224,0.7794953738269652,216,4.339074516488354,76.63658061604762,8:27=105;9:8=75;9:6=66;8:6=58;17:30=55,0.026086276998621476,0.010553387459367514,67
72,1691509840.1576045,1407,1323,1323,1323,0.9999999999999997,1.0,1.0,1.0,1.0000000000000002,119.39631874390217,509.1571769078856,694.4465043482124,0.23449795889944375,0.17193018900133153,0.7331841599314636,5.816314201761596,94.99696028232574,535.2119328379631,707.3601894378662,0.071804202783315,0.40454416692211875,0.5346637864231792,133,585,747,0.10052910052910052,0.4421768707482993,0.564625850340136,0,True,0.983832728970411,-0.17550657589371385,-0.03564552180426209,0.209062443133746,0.4505674588130758,0.5792704401629724,0.11217534861649481,0.2708433367997368,0.8334625257785065,223,4.35895648574939,78.17551458124238,8:27=100;9:8=83;17:28=67;17:29=63;9:6=58,0.02770897265002349,0.012043335475027561,84
73,1691509840.2578044,1429,1359,1359,1359,0.9999999999999998,1.0,1.0,1.0,1.0000000000000002,120.4388244142552,514.1567599632159,724.404415622529,0.23424533876180428,0.16625909756603857,0.7097648066120176,6.014708455895457,92.3095234632492,542.1317024230957,740.260038793087,0.0679245941598596,0.39891957499859876,0.544709373652014,133,595,784,0.09786607799852833,0.43782192788815305,0.5768947755702722,0,True,0.9777210913058423,-0.20701748205148546,-0.03471641889330392,0.21269621870996533,0.4429848708013411,0.5871404708273323,0.11225534899223526,0.25986514566428787,0.831073933636773,224,4.370195164576911,79.05905972195536,8:27=99;9:8=83;9:6=67;8:6=61;17:28=60,0.03008601888671213,0.011754203587770462,70
74,1691509840.3579674,1415,1335,1335,1335,0.9999999999999997,1.0,1.0,1.0,1.0000000000000002,127.79216942749373,507.4667931439179,699.7410374285878,0.25182370778545066,0.1826278045619635,0.7252208545732285,5.4756174855111475,102.45826995372772,536.5499853491783,713.557557284832,0.07674776775560128,0.4019101013851523,0.5345000429099865,140,592,755,0.10486891385767791,0.4434456928838951,0.5655430711610487,0,True,0.9863143718642252,-0.16231424849204554,-0.028948999819366175,0.21012621074435897,0.44759204338341774,0.5785689551677409,0.11100673335066862,0.2798226259544429,0.8169417724753684,234,4.37622191371293,79.53696751047032,9:8=92;8:27=92;17:29=64;17:27=58;8:6=53,0.027897575466289508,0.010903453454375267,80
75,1691509840.4575074,1458,1379,1379,1379,0.9999999999999998,1.0,1.0,1.0,1.0000000000000002,126.45264830319601,531.970519710826,720.5768319859777,0.23770612020368054,0.17548808494811108,0.7382564857721904,5.698392573465506,101.835215985775,562.6349028944969,732.260980129242,0.07384714719780637,0.4080021050721515,0.5310086875483988,146,617,772,0.10587382160986222,0.4474256707759246,0.5598259608411893,0,True,0.9799662120422381,-0.19464805082910877,-0.04217060070731714,0.21336472717981994,0.45042298530907454,0.5769033046637335,0.11425633330162258,0.28117128612566367,0.8007033812799557,232,4.3957937621097045,81.10898645799918,9:8=88;8:27=83;17:28=69;17:29=67;17:30=62,0.029170374032984975,0.011550751514732838,79
76,1691509840.5567446,1437,1373,1373,1373,0.9999999999999997,1.0,1.0,1.0,1.0000000000000002,128.80740988172613,529.6302657476331,714.5623243706417,0.24320250977330363,0.18026056718729835,0.7411953410979378,5.547524983436659,100.58888161182404,553.9652076363564,724.2667788863182,0.07326211333708961,0.40347065377738994,0.5275067581109383,136,606,759,0.09905316824471959,0.44136926438455937,0.5528040786598689,0,True,0.9812827319048596,-0.1912041574814294,-0.022916592834715754,0.21083149183528044,0.4499935574186359,0.5729855050420228,0.11020720089576598,0.2937217876400803,0.8268891375053873,228,4.375478895617606,79.47789205414719,8:27=99;9:8=84;9:6=60;17:30=58;17:27=58,0.02714228577118118,0.010945425368845463,64
77,1691509840.6565406,1474,1393,1393,1393,0.9999999999999998,1.0,1.0,1.0,1.0000000000000002,132.48806830974664,535.7992477233323,724.7126839669207,0.24727184458116067,0.1828146122467949,0.7393264387073826,5.470022268515529,103.28969436883926,565.8468229174614,737.1506654024124,0.07414909861366781,0.40620733877779,0.5291821000735193,139,623,778,0.09978463747307968,0.4472361809045226,0.5585068198133525,0,True,0.9782048880130798,-0.20501074579041972,-0.032951345614007185,0.21445818493655647,0.44829216388245985,0.5747982312062394,0.1117404653944572,0.28285276196682807,0.8189940671667734,228,4.4074639846076025,82.06109120778294,8:27=86;9:8=82;8:6=61;17:28=60;9:6=56,0.029426380072837006,0.011591401882469654,81
78,1691509840.7567961,1466,1388,1388,1388,0.9999999999999998,1.0,1.0,1.0,1.0000000000000002,132.67843382053442,519.9806092719828,735.3409569074829,0.2551603491643574,0.18043117627844493,0.7071285835332632,5.542279447631492,108.44127678871155,547.88784968853,748.4269198775291,0.07812772102933109,0.3947318801790562,0.5392124782979316,149,603,788,0.10734870317002881,0.43443804034582134,0.5677233429394812,0,True,0.983824422981257,-0.17671465267916112,-0.029350234651194806,0.2092247125781037,0.44165465171642204,0.5819289798171087,0.10370797294639066,0.2507831112254175,0.8373133990758435,228,4.385212455817469,80.25527210120966,8:27=98;9:8=80;17:28=64;9:6=64;17:29=55,0.02804506878714348,0.01104398863390088,78
79,1691509840.8569536,1457,1378,1378,1378,0.9999999999999998,1.0,1.0,1.0,1.0000000000000002,123.69152917031934,539.0282434592106,715.2802273704699,0.22947133229333158,0.1729273708921566,0.7535903032589045,5.782774553506825,97.41115212440491,571.5253021717072,723.5195863842964,0.07069024101916176,0.41474985643810386,0.5250504981018116,136,627,760,0.09869375907111756,0.45500725689404936,0.5515239477503628,0,True,0.9838697397247466,-0.17667754616455328,-0.02802463086700103,0.20500498650403132,0.45524824366363476,0.5731462371868316,0.1047472878391753,0.28416168652853524,0.7843899622718347,218,4.309478496952195,74.40167811934332,8:27=110;9:8=91;17:29=72;17:30=64;17:28=60,0.029207259107213095,0.011203254573047161,79
80,1691509840.9568603,1472,1396,1396,1396,0.9999999999999997,1.0,1.0,1.0,1.0000000000000002,138.34416206666342,558.9651193883062,698.6907185450302,0.24750052779332268,0.1980048659509239,0.800017954370867,5.050380934819314,110.98820555210114,592.220697760582,707.7013771533966,0.0795044452378948,0.42422686086001576,0.5069494105683356,151,652,748,0.10816618911174786,0.4670487106017192,0.5358166189111748,0,True,0.9818162305831647,-0.18741954836180094,-0.03017950058110449,0.21896712889349315,0.4668204476831613,0.5571975400048308,0.11254878261906665,0.3608245234543989,0.6547592572302812,233,4.327657834641343,75.76662063471468,8:27=98;9:8=91;9:6=72;17:29=66;17:30=64,0.029512884633678023,0.011818476486951113,76
81,1691509841.0566614,1438,1354,1354,1354,0.9999999999999998,1.0,1.0,1.0,1.0000000000000002,118.19259466783474,539.0317514049704,696.7756539271948,0.21926833504662616,0.16962790534036734,0.7736087625433783,5.895256431973544,89.82789611816406,566.6675146222115,708.9378190636635,0.06634261160868837,0.4185136740193585,0.5235877541090572,126,618,746,0.0930576070901034,0.4564254062038405,0.55096011816839,0,True,0.9825126013925508,-0.18530275110252947,-0.018217533825318304,0.20452436427271717,0.4589044838261853,0.5660641919294144,0.10614948296883733,0.2940757936047921,0.7932628907953566,224,4.340430041388416,76.74053384900871,8:27=99;9:8=85;17:27=58;17:28=55;9:6=55,0.028147129579521535,0.011458597145974636,84
82,1691509841.1568313,1467,1393,1393,1393,0.9999999999999998,1.0,1.0,1.0,1.0000000000000002,133.31378742626782,558.4213176070937,701.2648949666376,0.23873334205351318,0.19010474983580944,0.7963058205468282,5.260257836080817,106.22808694839478,590.4789361357689,709.5977127552032,0.07625849745039108,0.42389011926473,0.5094025217194568,148,652,750,0.10624551328068917,0.4680545585068198,0.5384063173007897,0,True,0.9844359864903479,-0.17289020178666226,-0.031539921194301095,0.21400621612153578,0.46689778701729245,0.5611607090026286,0.11145968373845506,0.359060751645256,0.6998490448869688,241,4.3905478419431905,80.68460928785765,8:27=107;9:8=95;17:27=66;17:28=60;9:6=59,0.03004002570062153,0.012669005431234837,74
83,1691509841.257406,1462,1374,1374,1374,0.9999999999999998,1.0,1.0,1.0,1.0000000000000002,127.87574074889814,533.7329144232523,712.3913448278503,0.2395875114561366,0.17950209765644945,0.7492130811221873,5.570965537761616,105.98615103960037,563.4768422245979,720.3459308743477,0.07713693671004394,0.4100995940499257,0.5242692364442123,145,621,758,0.10553129548762737,0.4519650655021834,0.5516739446870451,0,True,0.9861795682531965,-0.16260162336367417,-0.03178948315774339,0.20561728976173874,0.45193930656240217,0.5714111153277064,0.10364953608233116,0.2627964473471704,0.783014776917732,216,4.35610817551599,77.95316327613381,9:8=93;8:27=86;17:29=70;17:28=62;17:30=54,0.02817569286846931,0.011513900477439165,88
84,1691509841.3575852,1492,1405,1405,1405,0.9999999999999998,1.0,1.0,1.0,1.0000000000000002,119.98742045497634,568.8032613204928,716.2093182245304,0.21094713869330176,0.1675312194379472,0.7941857873764411,5.969036716588788,90.04866445064545,603.623075902462,725.3588582873344,0.06409157612145583,0.4296249650551331,0.5162696500265725,126,663,764,0.08967971530249111,0.4718861209964413,0.5437722419928825,0,True,0.9825989908830794,-0.18365607577106027,-0.027742908065456408,0.2042647124394627,0.46741289424370697,0.5638540591001887,0.11078715995132032,0.3391649918816193,0.742537445811118,228,4.349596573380368,77.44721235494846,9:8=95;8:27=91;17:29=64;8:6=64;9:6=57,0.028906661028981633,0.01124785840511322,87
85,1691509841.4574406,1457,1375,1375,1375,0.9999999999999998,1.0,1.0,1.0,1.0000000000000002,128.16615743901616,545.3757088892685,701.4581336717151,0.2350052548179014,0.1827139087662192,0.7774886093836446,5.473037092537333,100.41335785388947,572.3764830827713,710.1553450226784,0.07302789662101052,0.41627380587837914,0.5164766145619479,138,624,747,0.10036363636363636,0.45381818181818184,0.5432727272727272,0,True,0.984750738947645,-0.17273648760223265,-0.020690287405228568,0.2094664410735929,0.45967258885403167,0.5645270319061675,0.10933961135861578,0.2984989379477438,0.7596264024012227,228,4.342066468819338,76.86621697127009,8:27=104;9:8=93;17:29=76;9:6=63;17:27=58,0.02741624632457908,0.01215238869190216,82
86,1691509841.5569067,1450,1360,1360,1360,0.9999999999999997,1.0,1.0,1.0,1.0000000000000002,125.17481671840498,534.077458579635,700.74772470196,0.23437577210486304,0.1786303576963364,0.7621536820640942,5.59815259229316,101.65230667591095,563.7701458334923,714.3517355918884,0.07474434314405216,0.4145368719363914,0.5252586291116826,141,617,756,0.1036764705882353,0.4536764705882353,0.5558823529411765,0,True,0.9865773526616141,-0.16138328817542838,-0.0249110720943033,0.20635723168371126,0.45683357499305516,0.5693201729786588,0.10714463919289366,0.27709616505989115,0.7588516647899471,221,4.338085159619166,76.56079718319555,8:27=86;9:8=84;17:29=62;8:6=61;17:27=60,0.02808678862327796,0.011614042799919844,90
87,1691509841.656592,1451,1367,1367,1367,0.9999999999999997,1.0,1.0,1.0,1.0000000000000002,125.44496982436684,551.9595361628998,689.595494012733,0.22727204007821375,0.18191094766934565,0.8004105899112911,5.49719526401276,94.61239808797836,581.1073194742203,696.3907793164253,0.06921170306362719,0.42509679551881513,0.5094299775540785,127,634,730,0.09290416971470374,0.4637893196781273,0.5340160936356986,0,True,0.9803819643168532,-0.195909569395338,-0.021694346304085912,0.2123816904166837,0.4639279370062868,0.5576450700532187,0.11246675783799313,0.31363433813101055,0.7204250604561924,217,4.309496271997907,74.40300062432667,8:27=103;9:8=94;8:6=63;9:6=62;17:27=55,0.0295495287142665,0.011472724378108978,84
88,1691509841.7567282,1434,1355,1355,1355,0.9999999999999998,1.0,1.0,1.0,1.0000000000000002,127.63934601203869,543.2370222869009,684.1236317010599,0.23496069077675683,0.18657350820445417,0.7940626476184616,5.359817744886712,97.9210376739502,571.2618085741997,698.6090683937073,0.07226644846785993,0.4215954306820662,0.5155786482610386,133,625,742,0.0981549815498155,0.4612546125461255,0.5476014760147602,0,True,0.9825923615329218,-0.18525108317442837,-0.013938695773184058,0.21522742911536044,0.4647775120222539,0.5610835118577698,0.1166446314578694,0.33043981971796177,0.7281209341035673,228,4.3770762886441075,79.6049509391463,8:27=87;9:8=85;9:6=67;8:6=62;17:27=59,0.030015088405522177,0.012401525862514973,79
89,1691509841.8570259,1430,1339,1339,1339,0.9999999999999998,1.0,1.0,1.0,1.0000000000000002,120.85196252778763,545.5390395389685,672.6089979332436,0.22152761538371085,0.1796763987682814,0.8110790090755123,5.5655612359508835,90.73555326461792,581.8987945318222,681.5760407447815,0.06776366935371017,0.43457714304094264,0.5090187010790004,127,642,719,0.0948469006721434,0.479462285287528,0.5369678864824496,0,True,0.9820005662447654,-0.18807804663590225,-0.017364799698912234,0.21211772929779282,0.470091885347241,0.5573620803515775,0.1143553346890908,0.38007795360348506,0.6521588125297687,206,4.303602698360912,73.9657906913124,9:8=88;8:27=86;17:29=67;9:6=67;17:28=61,0.026270472032838107,0.011552231386303902,91
90,1691509841.9572668,1432,1351,1351,1351,0.9999999999999997,1.0,1.0,1.0,1.0000000000000002,122.4656857646098,559.4724113670883,669.061902868302,0.2188949504504808,0.18304088939990942,0.8362042569881829,5.463260167050384,97.62504422664642,592.0474967360497,678.4515799880028,0.07226132067109284,0.43822908714733505,0.5021847372228,136,650,716,0.10066617320503331,0.4811250925240563,0.5299777942264989,0,True,0.9786142465229377,-0.20475609528089872,-0.01972556583884307,0.21347187660485914,0.475805456862777,0.5496391303517412,0.10848974036900612,0.39335071391369003,0.6442127096312613,219,4.3001492195427335,73.71079196966922,9:8=97;8:27=85;9:6=69;17:27=64;17:28=63,0.02801734132145859,0.011167545802891254,81
91,1691509842.0574381,1444,1361,1361,1361,0.9999999999999998,1.0,1.0,1.0,1.0000000000000002,128.66092551706612,570.7171814035432,661.6218930793905,0.22543727385367154,0.1944629203822728,0.8626032290848948,5.142368519583129,100.2749080657959,600.3480478525162,674.613565325737,0.07367737550756495,0.44110804397686715,0.4956749194164122,139,656,717,0.10213078618662748,0.4819985304922851,0.526818515797208,0,True,0.9766311075401146,-0.21429972414078025,-0.01634955712410773,0.22337220670962493,0.4792559891819031,0.5423330955288862,0.11986568127450385,0.40008838050605533,0.5953069155826024,214,4.299699941332115,73.67768275513106,9:8=100;8:27=87;9:6=76;8:6=71;17:29=65,0.03177631732897073,0.012334145605564117,83
92,1691509842.157597,1448,1362,1362,1362,0.9999999999999998,1.0,1.0,1.0,1.0000000000000002,125.88235117079643,549.7092990823705,686.4083497468328,0.22899803838307223,0.18339280286614443,0.8008487939943026,5.45277668682497,97.9719352722168,582.0738468170166,701.1796209812164,0.07193240475199471,0.4273669947261502,0.5148161681213043,135,638,743,0.09911894273127753,0.4684287812041116,0.5455212922173275,0,True,0.9768637592171164,-0.21223188905223084,-0.02635946125256005,0.21671133361729364,0.4634905829969716,0.5578963626418268,0.11441183335709743,0.33658119781807305,0.688740290673183,220,4.341766425234431,76.84315721561065,9:8=98;8:27=94;17:28=69;9:6=68;17:29=67,0.028148006227110552,0.012473330367356539,86
93,1691509842.2578306,1427,1346,1346,1346,0.9999999999999998,1.0,1.0,1.0,1.0000000000000002,124.53565611226024,546.0578625819661,675.4064813057742,0.22806311317157676,0.18438623193472095,0.8084877443376968,5.423398425724293,93.77333229780197,577.4018959403038,686.3806089162827,0.06966815178142792,0.4289761485440593,0.50994101702547,127,635,727,0.09435364041604755,0.47176820208023773,0.5401188707280832,0,True,0.9758438712164934,-0.21722185760858195,-0.02331101855957598,0.21967026276405252,0.4649575175104184,0.5584010025629189,0.11753069433864324,0.3377967827765028,0.6941113453877277,227,4.385459736067519,80.27512009887043,9:8=92;8:27=79;9:6=70;17:29=68;17:28=61,0.030273831927577984,0.012852714397013187,81
94,1691509842.3576717,1405,1325,1325,1325,0.9999999999999997,1.0,1.0,1.0,1.0000000000000002,127.0250313241722,535.2313808686006,662.7435878072272,0.23732732396600056,0.1916654248507344,0.8075994860085826,5.217425108251955,96.38292241096497,565.2744641304016,670.0440343022346,0.07274182823469054,0.4266222370795484,0.5056936107941393,127,616,704,0.09584905660377359,0.4649056603773585,0.5313207547169811,0,True,0.9763713584166471,-0.21603775510047585,0.005163219419920954,0.21866470134787974,0.46089883522954467,0.5532828786158953,0.11395068894725063,0.30569389383548234,0.6333596023987222,213,4.28218178926505,72.39822548857951,9:8=91;8:27=82;9:6=76;17:29=64;17:27=60,0.028999631463999476,0.011881094425916672,80
95,1691509842.4576933,1388,1301,1301,1301,0.9999999999999998,1.0,1.0,1.0,1.0000000000000002,124.04020954241665,516.55740200431,660.402388453273,0.2401286073166786,0.18782519825970187,0.7821858476528801,5.324099264984252,97.15534579753876,543.3336663842201,666.8113192915916,0.07467743720026038,0.41762772204782483,0.5125375244362733,130,591,699,0.09992313604919292,0.45426594926979247,0.5372790161414297,0,True,0.9788213860352767,-0.20470718115370065,-0.0019142163111045855,0.21768115127638374,0.4568942873094289,0.5599443392161735,0.11250671425183469,0.27981811119439165,0.7194618569268731,223,4.316313227784878,74.91193531174635,9:8=89;8:27=84;9:6=67;17:27=63;17:28=62,0.030707580257053713,0.012856952846050262,87
96,1691509842.5571728,1328,1261,1261,1261,0.9999999999999998,1.0,1.0,1.0,1.0000000000000002,107.62030405986842,519.7827300975362,633.5969658425955,0.20704863364674253,0.169856091272073,0.8203680858955782,5.887336700796999,82.04734402894974,546.9455577731133,642.6781350374222,0.06506530057807275,0.43373953828161244,0.5096575218377654,116,593,676,0.09199048374306107,0.47026169706582077,0.5360824742268041,0,True,0.9767151621407166,-0.21453684257152855,-0.0011980082940987859,0.21333921277113285,0.46836030338002765,0.5568344435706095,0.11605111584912714,0.3184211725771579,0.7330888559379692,210,4.29679852737254,73.46422311501155,9:8=91;8:27=84;9:6=74;17:28=61;8:6=58,0.027602877671112067,0.01219149213284254,67
97,1691509842.656674,1357,1282,1282,1282,0.9999999999999997,1.0,1.0,1.0,1.0000000000000002,112.72841609984881,526.9844870077687,642.2870968923822,0.2139122097121371,0.17551094618788038,0.820481198450834,5.697650327344958,85.7260155081749,555.7766093611717,654.3848895430565,0.06686896685505062,0.43352309622556295,0.5104406314688428,121,605,693,0.09438377535101404,0.4719188767550702,0.5405616224648986,0,True,0.9719417817956497,-0.23502235757728673,-0.009678028658324426,0.21940756592960978,0.46654262271723324,0.5560202706121907,0.1174842146734209,0.32014199152184675,0.6516470474880884,212,4.326245029875308,75.65965277212109,9:6=84;8:27=80;9:8=78;17:30=62;17:28=56,0.030908348648238774,0.013428395614027977,75
98,1691509842.7569869,1338,1263,1263,1263,0.9999999999999997,1.0,1.0,1.0,1.0000000000000002,118.22193168665073,511.0460679096091,633.7320004037399,0.23133321849090355,0.1865487802593739,0.8064072314227944,5.3605282147094115,91.97147315740585,536.1736070513725,643.8361599445343,0.07281985206445436,0.4245238377287193,0.509767347541199,125,590,683,0.09897070467141726,0.4671417260490895,0.5407759303246239,0,True,0.9710139331154448,-0.2389228942231747,-0.006913198369504575,0.2243260003839595,0.4648398847398306,0.5585145348598763,0.11606336483085805,0.3460290977907326,0.6754507524340688,225,4.363033511083227,78.49488874055517,9:8=82;8:27=78;9:6=75;8:6=62;17:30=59,0.030010127698338437,0.012605204246938229,75
99,1691509842.8574538,1356,1263,1263,1263,0.9999999999999997,1.0,1.0,1.0,1.0000000000000002,118.54251357736261,508.70013110947303,635.7573553131643,0.23303023987593996,0.18645873710571603,0.8001482434424925,5.363116877880775,92.15081864595413,539.0651686191559,644.4434997439384,0.07296185165950446,0.4268132768164338,0.5102482183245751,125,592,677,0.09897070467141726,0.46872525732383213,0.5360253365003959,0,True,0.9718232425913221,-0.23559621706568254,-0.007348990653659945,0.22332727154052773,0.46249566178974033,0.5562877017413055,0.11641524514796743,0.35274344337568847,0.7173602457585523,222,4.305428099106098,74.1009312060317,8:27=82;9:8=78;17:28=69;9:6=66;8:6=62,0.030346914818972833,0.012624680995941162,93
100,1691509842.957381,1330,1253,1253,1253,0.9999999999999998,1.0,1.0,1.0,1.0000000000000002,123.07028605371485,505.09348485052215,624.8362290957632,0.24365843105288992,0.1969640688597987,0.8083613934830127,5.077068146433406,99.25113487243652,529.685153901577,633.0826269388199,0.07921080197321351,0.42273356257109096,0.505253493167454,135,576,662,0.1077414205905826,0.4596967278531524,0.5283320031923384,0,True,0.9722537213214041,-0.23392327418535208,-0.0016134345619613476,0.22713334838189786,0.46160682189541535,0.5495189363993825,0.11895940316832469,0.31732639349685526,0.6910566443252466,213,4.27827526669905,72.1159519000212,9:8=82;8:27=76;17:29=73;9:6=69;8:6=60,0.02876014458980219,0.011616989970207214,77
101,1691509843.0574255,1332,1246,1246,1246,0.9999999999999998,1.0,1.0,1.0,1.0000000000000002,115.81837864379577,505.3160063146264,624.8656150415782,0.229199901045057,0.1853492588739889,0.8086794890786285,5.395219846440592,90.14140099287033,531.5537974834442,632.5419278144836,0.07234462358978357,0.42660818417611895,0.5076580480052035,122,581,666,0.09791332263242375,0.46629213483146065,0.5345104333868379,0,True,0.971685211149592,-0.2362636381888981,-0.002709926736768226,0.22331929196076758,0.46582114461983026,0.5573319294313445,0.11760091959302624,0.33430897990437003,0.6926884500953892,226,4.365492422959436,78.6881382490873,9:8=83;9:6=72;8:27=67;17:29=64;8:6=59,0.02896115159632421,0.011929062195122242,86
102,1691509843.1574998,1350,1252,1252,1252,0.9999999999999998,1.0,1.0,1.0,1.0000000000000002,114.2841087847114,505.7692586276584,631.9466325876302,0.2259609630976921,0.18084455694740006,0.8003353962923837,5.529610715852826,86.88304322957993,532.918546974659,636.5781951546669,0.06939540194055904,0.4256537915133059,0.5084490376634719,115,583,666,0.09185303514376997,0.46565495207667734,0.5319488817891374,0,True,0.9693193721098223,-0.24572842814669332,-0.00612327144384158,0.22146198491642127,0.4611216659637771,0.5587823334433266,0.11699233917589691,0.3323888714825298,0.6837152456761402,224,4.33780796238174,76.53957768285053,9:8=83;9:6=73;8:27=69;8:6=63;17:30=62,0.03010008246596386,0.012614065315574408,98
103,1691509843.2573445,1337,1257,1257,1257,0.9999999999999998,1.0,1.0,1.0,1.0000000000000002,119.02814441107512,499.22353679763916,638.7483187912861,0.2384265477036659,0.18634592203125327,0.7815653241050059,5.366363744908158,97.92954081296921,528.0891025662422,645.3267817497253,0.07790735148207574,0.420118617793351,0.5133864612169653,134,578,678,0.10660302307080351,0.4598249801113763,0.5393794749403341,0,True,0.9676605116997354,-0.2522245936014114,0.003986035575496452,0.2270507236260009,0.4531422228098639,0.561803521862874,0.11715901656535313,0.2607143403904128,0.7390319683608024,219,4.344572642515598,77.0590986589246,9:8=80;9:6=74;17:30=67;8:27=67;17:29=64,0.02937798536452669,0.013253149576485157,80
104,1691509843.3572392,1321,1239,1239,1239,0.9999999999999997,1.0,1.0,1.0,1.0000000000000002,115.17227153242817,499.3925120608565,624.4352164067157,0.23062474656887355,0.18444230643361503,0.7997507170312851,5.4217495938759726,87.6840426325798,527.5485126376152,631.9914109706879,0.07077001019578677,0.4257857244855651,0.5100818490481742,116,578,666,0.09362389023405973,0.4665052461662631,0.5375302663438256,0,True,0.969059068752009,-0.24682250652913093,-0.0017808818507218825,0.2235183521233477,0.4600357269475148,0.5596022954566022,0.1148202008453665,0.3083196017310281,0.6752311126192373,222,4.3360352110775615,76.40401224409901,9:8=78;17:29=73;8:27=66;9:6=65;17:28=63,0.03412920541985812,0.013631107285618782,82
105,1691509843.4569755,1296,1213,1213,1213,0.9999999999999998,1.0,1.0,1.0,1.0000000000000002,102.0226397758134,495.59099055722686,615.3863696669591,0.2058605618740211,0.1657863170271825,0.8053330638854346,6.031860879303079,79.32891446352005,520.9135103821754,623.400711774826,0.0653989402007585,0.4294423003975065,0.5139329857995268,111,566,653,0.09150865622423743,0.4666117065127782,0.5383347073371806,0,True,0.9668528031873468,-0.2553000997234436,-0.004185218031299751,0.21670391629526684,0.46086174491144277,0.5576423945232699,0.11347992204213928,0.30062956224950305,0.7363041066570636,212,4.236656675775267,69.17618636849816,9:8=85;8:27=80;9:6=75;17:29=68;17:27=55,0.029652698525730325,0.012655186466872692,83
106,1691509843.5566263,1309,1237,1237,1237,0.9999999999999997,1.0,1.0,1.0,1.0000000000000002,109.73290633553376,495.1089296554094,632.158164009057,0.22163386633302434,0.1735845751633156,0.7832042008529939,5.760880533648559,85.60465627908707,518.9917973876,637.9030618667603,0.06920344080766941,0.41955682893096197,0.5156855795204206,115,563,666,0.09296685529506872,0.4551333872271625,0.5383993532740501,0,True,0.967576079726943,-0.252195942340553,-0.013918929815217843,0.21878362818973635,0.45337539884297234,0.5607018451663379,0.11165217366255933,0.2708944447679247,0.7501298398493587,203,4.255440467064414,70.48785793157813,9:8=90;9:6=74;17:28=68;8:6=62;8:27=61,0.029135832516729614,0.012136205099523067,72
107,1691509843.6564934,1282,1210,1210,1210,0.9999999999999997,1.0,1.0,1.0,1.0000000000000002,111.04209744837482,481.733680566927,617.2242219846981,0.2305051565373117,0.17990560560199095,0.780484082458562,5.558470491532773,89.97051078081131,509.61327290534973,624.7211657762527,0.07435579403372836,0.4211679941366527,0.5162984841126056,123,562,658,0.10165289256198347,0.4644628099173554,0.543801652892562,0,True,0.970011574163882,-0.24305696013267541,0.0009274260998215862,0.222544441240641,0.4576214902182649,0.5630815625699175,0.11770721028177716,0.31360664969198015,0.7035892167567732,214,4.341986727562741,76.86008780691584,9:8=71;9:6=70;8:27=69;17:30=64;8:6=61,0.027913516335673454,0.01183164631947875,72
108,1691509843.7564688,1277,1200,1200,1200,0.9999999999999998,1.0,1.0,1.0,1.0000000000000002,100.75231630665989,493.0333001650256,606.2143835283141,0.204351950006088,0.16619915172625413,0.8132985847274898,6.016877881826349,74.3714702129364,519.1020634770393,609.8317983150482,0.061976225177447004,0.4325850528975328,0.5081931652625402,102,565,636,0.085,0.4708333333333333,0.53,0,True,0.9637006754579939,-0.2663713522388169,0.018091733699964176,0.22016887999229312,0.46156382024450826,0.5551591927455456,0.11662404379489663,0.3067861481624459,0.7184356561563571,198,4.231793204581137,68.84056677842322,9:6=86;9:8=84;8:27=63;17:28=61;8:6=59,0.02659243726500679,0.012479433324187994,77
109,1691509843.856799,1294,1206,1206,1206,0.9999999999999997,1.0,1.0,1.0,1.0000000000000002,110.09347805169683,470.35408535280834,625.5524365954947,0.23406510431203487,0.17599400403724644,0.7519019315353681,5.6820117564253225,88.36050909757614,494.1676015853882,633.9028620123863,0.07326742047891886,0.4097575469198907,0.5256242636918627,121,539,665,0.10033167495854063,0.4469320066334992,0.5514096185737977,0,True,0.963159886088177,-0.26872452229909366,-0.01049594901539256,0.2265995353205695,0.4434555333630254,0.5702775585031074,0.11764235107128528,0.2678986213521855,0.800854526954297,210,4.317300568983779,74.98593547746364,9:8=82;9:6=76;17:29=75;8:27=58;8:6=58,0.028626417017229677,0.013151191640645266,88
110,1691509843.9569187,1291,1199,1199,1199,0.9999999999999997,1.0,1.0,1.0,1.0000000000000002,113.48857326243778,482.921283385669,602.5901433518932,0.23500428986436678,0.18833459941969896,0.8014091977997366,5.309698818386126,91.6018590927124,507.5788705945015,608.9107339978218,0.0763985480339553,0.4233351714716443,0.5078488190140299,123,553,638,0.10258548790658882,0.46121768140116765,0.5321100917431193,0,True,0.9648683108987817,-0.26257545770573065,-0.00912532925205041,0.22786770122404462,0.45708776554720365,0.5550497022026453,0.1164910078907602,0.3336824189296522,0.6730189694989744,202,4.284701778808971,72.58089832996464,9:8=87;8:6=68;9:6=66;17:30=63;8:27=62,0.030727948849175887,0.012185497209429741,92
111,1691509844.0571184,1273,1195,1195,1195,0.9999999999999997,1.0,1.0,1.0,1.0000000000000002,103.2889730230087,466.4071848926094,625.303842084382,0.221456650687727,0.1651820540214597,0.7458888839350355,6.053926414246457,81.95927995443344,489.8007986545563,632.742645919323,0.06858517150998614,0.4098751453176203,0.5294917539073832,111,533,661,0.09288702928870293,0.44602510460251044,0.5531380753138075,0,True,0.9643688418100617,-0.2644869115504096,-0.006277783402320979,0.21902040817966442,0.44215452076616885,0.5727024734555558,0.1138312250557293,0.2518199877327228,0.8317112897293287,208,4.2918002537012,73.09794496460044,9:6=78;9:8=74;17:29=66;8:6=65;17:28=63,0.035321770501711175,0.011409428901970387,78
112,1691509844.1574552,1297,1210,1210,1210,0.9999999999999997,1.0,1.0,1.0,1.0000000000000002,104.32648045267719,471.42070623328806,634.2528133140345,0.22130228705111227,0.1644872174985884,0.7432693972141292,6.0794997642207775,80.92532855272293,498.3845267891884,641.3134996891022,0.06688043682043217,0.41188803866875073,0.530011156767853,109,547,671,0.09008264462809917,0.45206611570247934,0.5545454545454546,0,True,0.964741798802666,-0.2631978689662461,-0.0003787012319544825,0.2157203084886844,0.4441850169241401,0.5747918265358366,0.10650766588633208,0.2635862666850918,0.8213861868007877,200,4.232342275101213,68.87837548309929,9:8=81;8:6=76;17:28=66;17:29=61;9:6=61,0.03039713523311901,0.012367509305477142,87
113,1691509844.2574804,1290,1191,1191,1191,0.9999999999999998,1.0,1.0,1.0,1.0000000000000002,109.79073340494162,462.28697492211876,618.9222916729394,0.2374947583661383,0.17739017463432866,0.746922483067402,5.637290802951154,87.84251743555069,488.186070561409,627.1391532421112,0.0737552623304372,0.40989594505575905,0.5265652000353579,118,535,658,0.09907640638119228,0.44920235096557515,0.5524769101595298,0,True,0.9613831615708823,-0.27506228508644626,0.00911898958202775,0.22405794175843094,0.4409944853086163,0.5703522065003579,0.11165049195523322,0.25616554062961655,0.7895820509402819,206,4.273849293241831,71.79747391851105,9:8=83;8:6=65;9:6=63;17:29=61;17:28=57,0.032688691872642006,0.011845762841403484,99
114,1691509844.3574495,1307,1206,1206,1206,0.9999999999999998,1.0,1.0,1.0,1.0000000000000002,110.44275069190891,469.5515191670844,626.0057301410072,0.23520901580260709,0.17642450440035395,0.7500754331135568,5.668146856350154,87.77392899990082,493.5269168019295,631.6861848831177,0.0727810356549758,0.4092262991724125,0.5237862229544923,117,537,659,0.09701492537313433,0.44527363184079605,0.5464344941956882,0,True,0.9636166744004117,-0.2672052224958188,0.006653862671496851,0.2243197547698526,0.4430805253150025,0.5700133661145256,0.10757348334551481,0.2643665829283253,0.8067235837859759,214,4.288472311930484,72.85508359858619,9:6=81;9:8=80;17:29=64;17:28=64;8:6=54,0.03285955917644972,0.012566940393298864,101
115,1691509844.4571123,1280,1187,1187,1187,0.9999999999999998,1.0,1.0,1.0,1.0000000000000002,108.74503343683857,480.0317063501986,598.223260212963,0.2265371891028914,0.18178001537106087,0.8024290232033285,5.501154777431044,86.15033012628555,506.96505731344223,604.3961399197578,0.07257820566662641,0.4270977736423271,0.509179561853208,116,554,633,0.09772535804549284,0.4667228306655434,0.5332771693344566,0,True,0.955282428996086,-0.29561956855586635,0.006674693864258614,0.22965824847283364,0.4537551220326438,0.5549009003208524,0.10722153191104088,0.3044083633692587,0.6583317260857424,207,4.206038916739333,67.09026266890292,9:8=84;9:6=73;17:29=69;17:28=66;8:6=60,0.03225896546158665,0.013073056004941463,93
116,1691509844.556647,1255,1137,1137,1137,0.9999999999999997,1.0,1.0,1.0,1.0000000000000002,100.8246717409531,462.91790213159834,573.2574261274488,0.2178024899808058,0.17588027148999788,0.8075218584759871,5.685686015425948,75.79518812894821,488.4010486602783,579.9177966117859,0.06666243459010397,0.42955237349188946,0.5100420374773842,102,534,608,0.08970976253298153,0.46965699208443273,0.534740545294635,0,True,0.9603987006088225,-0.2785028569983775,0.00839610103720856,0.2282093284864718,0.4601747221482561,0.5551380611351044,0.11367706864610991,0.3603606104278136,0.6871736879194617,202,4.2060832991626365,67.0932403634184,9:6=88;9:8=77;17:29=69;8:6=57;17:28=54,0.03169208974859771,0.01297185942530632,118
117,1691509844.6563659,1266,1165,1165,1165,0.9999999999999998,1.0,1.0,1.0,1.0000000000000002,112.91127820839006,449.34078936093294,602.7479324306772,0.2512820578095662,0.18732752471345246,0.74548706877997,5.338243814034594,92.34712302684784,472.6312032341957,613.1982930898666,0.07926791676124278,0.4056920199435156,0.5263504661715593,122,516,644,0.10472103004291845,0.4429184549356223,0.5527896995708155,0,True,0.9620448829264997,-0.27284049195327487,0.005263951522628572,0.2297173725904341,0.43866057685301724,0.5670519177863257,0.1132160841098707,0.2357878654292489,0.7917271890634722,200,4.231665163342712,68.83175291128035,9:6=87;9:8=74;17:30=69;8:6=59;17:28=56,0.03597522219340706,0.011893902905285358,101
118,1691509844.756414,1263,1165,1165,1165,0.9999999999999998,1.0,1.0,1.0,1.0000000000000002,104.17554033381447,456.14993478862874,604.6745248775567,0.22838003995788675,0.17228366013089347,0.7543726683061381,5.804380979834329,84.68514776229858,480.5501644015312,611.4862619638443,0.07269111395905457,0.4124894115034603,0.5248809115569479,117,523,640,0.10042918454935622,0.44892703862660943,0.5493562231759657,0,True,0.9596805496917401,-0.2810897557042164,-0.0013385744295691816,0.2267486695791395,0.44475976236846304,0.5693694775733559,0.11063968780483079,0.29527660713339465,0.8248430298729782,200,4.23066201169327,68.76273884638739,9:6=83;9:8=77;17:28=67;17:30=63;17:29=59,0.028249249392902496,0.011561280116438866,98
119,1691509844.8564978,1268,1149,1149,1149,0.9999999999999997,1.0,1.0,1.0,1.0000000000000002,93.0010527150216,471.39288069568056,584.6060665892977,0.19728989665217442,0.15908328365048846,0.8063427795846795,6.286015582863093,69.21004462242126,497.7451297044754,590.4807378649712,0.06023502578104549,0.43319854630502647,0.513908388046102,94,542,616,0.08181026979982593,0.47171453437771976,0.536118363794604,0,True,0.9540323080955541,-0.29968249724623314,0.00357154786209895,0.22464594188683573,0.4559723646806672,0.5581230985818589,0.11538206545977713,0.33722060596819425,0.7380341439500697,184,4.1430551088437015,62.994984294158385,9:6=83;17:29=78;9:8=75;8:6=61;17:28=60,0.032104500320600256,0.012642390094697475,119
120,1691509844.9564373,1265,1155,1155,1155,0.9999999999999998,1.0,1.0,1.0,1.0000000000000002,98.86669242359696,466.289792494894,589.8435150815088,0.2120284295622439,0.1676151214613843,0.7905313537785674,5.966048834265727,78.2865092754364,487.3456130027771,593.5738736987114,0.06778052751120035,0.42194425368205807,0.5139167737651181,106,527,617,0.09177489177489177,0.4562770562770563,0.5341991341991342,0,True,0.9526413759739208,-0.30408601484054393,0.0024707004899627333,0.23038942093272005,0.4489073112291589,0.5606038373028266,0.11378977339187227,0.260751880312233,0.7663612867770387,199,4.220404525954688,68.06101116689543,9:6=97;9:8=80;17:29=63;17:30=57;8:6=57,0.02922946840508656,0.011705612763762474,110
121,1691509845.0569363,1278,1162,1162,1162,0.9999999999999998,1.0,1.0,1.0,1.0000000000000002,102.43949414759636,463.23418696685354,596.3263188855497,0.2211397539942931,0.1717842914246036,0.776813251899687,5.821254037298874,87.07227700948715,485.78745836019516,600.407971560955,0.07493311274482543,0.4180614960070526,0.5167022130472935,123,527,627,0.10585197934595525,0.4535283993115318,0.5395869191049913,0,True,0.9562278036172683,-0.29215725987280466,0.016508273468463574,0.22854253999039503,0.4495520484709661,0.5646649855566841,0.11512669770461753,0.2911773693746207,0.7670095310563823,213,4.223456824216745,68.26907104185848,9:6=95;9:8=80;17:30=63;17:29=63;8:6=60,0.02928933429607057,0.011041900143027306,116
122,1691509845.157435,1303,1199,1199,1199,0.9999999999999998,1.0,1.0,1.0,1.0000000000000002,103.87798299634478,478.16815362578757,616.9538633778682,0.2172415335665354,0.1683723681177797,0.7750468584600175,5.939216815555393,85.83334958553314,504.9138100743294,626.3546221256256,0.07158744752755057,0.42111243542479515,0.5223975163683283,119,553,659,0.09924937447873228,0.46121768140116765,0.5496246872393661,0,True,0.9479310830059342,-0.3183309413138898,0.009595502770027659,0.2354573879421309,0.44483777254480894,0.5665768427389805,0.1163673050408195,0.25583139985086273,0.7445296489594954,209,4.21195148749579,67.48811359585848,9:6=103;9:8=84;17:29=77;17:28=68;8:6=64,0.03380959222518281,0.012181350030004978,104
123,1691509845.2573142,1307,1201,1201,1201,0.9999999999999997,1.0,1.0,1.0,1.0000000000000002,95.36769152360733,496.046349357081,609.5859591193117,0.1922556060481286,0.15644666694979012,0.813743069269074,6.391954648167348,74.81003898382187,522.0003505945206,617.3253793120384,0.0622897909940232,0.4346380937506416,0.5140094748643118,103,567,647,0.08576186511240633,0.47210657785179017,0.5387177352206495,0,True,0.9530998491933346,-0.30171010204451765,0.023910077204590773,0.22789294506835714,0.45810375727361835,0.5582521774194644,0.11813887546740796,0.316043741682317,0.6948338526778371,215,4.1997222280050845,66.66781001814812,9:6=111;17:29=73;9:8=71;8:6=66;17:30=64,0.033433583576948527,0.011136272922158241,106
124,1691509845.3573868,1313,1211,1211,1211,0.9999999999999998,1.0,1.0,1.0,1.0000000000000002,111.69074090515086,491.9947723904018,607.3144867044477,0.22701611312350156,0.18390923211997354,0.8101153243687289,5.437464930241502,101.28679984807968,513.6532202363014,612.5665370821953,0.08363897592739858,0.42415625122733397,0.5058352907367426,140,556,640,0.11560693641618497,0.4591246903385632,0.5284888521882741,0,True,0.9498274329589615,-0.3124031115418745,0.015236256021237635,0.23959111804040092,0.45241200509980994,0.5511811865637651,0.11715453402747965,0.3047591633472736,0.6526547165063967,209,4.211476844726775,67.45608845159853,9:6=109;9:8=87;8:6=80;17:29=63;17:30=59,0.03723308689588907,0.011782096698880196,102
125,1691509845.4572587,1295,1195,1195,1195,0.9999999999999997,1.0,1.0,1.0,1.0000000000000002,103.53736593307967,490.38190456570214,601.0807295012186,0.21113618787539817,0.17225201350074187,0.8158336817296153,5.8054473772272805,91.18299895524979,512.3156453967094,605.3585442304611,0.07630376481610861,0.42871602125247654,0.5065761876405532,128,555,633,0.10711297071129706,0.46443514644351463,0.5297071129707113,0,True,0.9433876627297244,-0.33147805357008503,0.011917122586236189,0.24018878027447754,0.45232432692771807,0.5520350686385123,0.117181641485974,0.32744779017382103,0.6979751260377293,219,4.19332892383415,66.2429420326062,9:6=100;8:6=92;9:8=73;17:28=68;17:29=62,0.03243244449042609,0.011951478198170662,100
126,1691509845.5571206,1277,1178,1178,1178,0.9999999999999998,1.0,1.0,1.0,1.0000000000000002,87.61755525401149,491.3143060159986,599.06813872999,0.17833300227809448,0.14625640989647454,0.820130923766991,6.8373071697017265,72.26685625314713,510.9612599015236,599.3875442147255,0.06134707661557481,0.43375319176699795,0.5088179492484937,102,549,619,0.0865874363327674,0.46604414261460103,0.5254668930390493,0,True,0.9379309660975697,-0.34659211101902465,0.01262582332585226,0.2320274861777037,0.45067781807518303,0.5560605452545169,0.11248620700052521,0.2598240621393767,0.766271520917891,194,4.144088931779982,63.060143629596595,9:6=111;8:6=84;17:28=67;9:8=65;17:30=59,0.029124211780805462,0.011620801873505116,99
127,1691509845.657104,1264,1153,1153,1153,0.9999999999999998,1.0,1.0,1.0,1.0000000000000002,90.5903834054328,469.00068852750337,593.4089280670636,0.19315618424752132,0.15266097141564208,0.7903499026467288,6.550462706524722,78.81164234876633,491.96670043468475,598.4419773221016,0.06835354930508789,0.4266840420075323,0.5190303359255001,113,534,625,0.09800520381613183,0.46313963573287076,0.5420641803989592,0,True,0.9381073105804643,-0.3462272698021034,0.00901950557790606,0.23512195395087296,0.4451181578062014,0.562983523463479,0.1168985858340107,0.2596098925524564,0.7976900878032491,208,4.1660999253237705,64.46354855211654,9:6=112;17:29=73;8:6=72;9:8=71;17:28=65,0.029723677421416662,0.012055862694978714,111
128,1691509845.7576032,1272,1171,1171,1171,0.9999999999999998,1.0,1.0,1.0,1.0000000000000002,96.46879376656814,470.8068621941487,603.7243440392836,0.2049009934073282,0.15978947133576418,0.7798374652977617,6.258234611082159,86.16715949773788,490.62822633981705,604.9780669212341,0.07358425234648837,0.41898225989736726,0.5166337036048114,118,531,629,0.10076857386848848,0.45345858240819814,0.5371477369769427,0,True,0.9373369704932755,-0.34785334739236046,0.019936209630164917,0.23798862825705336,0.4398703097355197,0.5631686384045831,0.11305095331045285,0.23485203295196505,0.7962178104119794,196,4.135329131457578,62.510161745700444,9:6=110;8:6=83;9:8=82;17:29=71;17:30=61,0.03284877902166112,0.010339171625673771,101
129,1691509845.8582,1240,1124,1124,1124,0.9999999999999998,1.0,1.0,1.0,1.0000000000000002,81.22437695299595,478.15843778658916,564.6171852604148,0.16986916999517193,0.14385742955296935,0.8468719165288092,6.9513267622496535,66.67802095413208,496.44153052568436,570.7503811717033,0.05932208269940577,0.4416739595424238,0.5077850366296293,92,532,596,0.08185053380782918,0.47330960854092524,0.5302491103202847,0,True,0.9368467390550339,-0.34944524900429513,0.014359856206629166,0.2347135400970557,0.4575809905863088,0.5480731243224095,0.11546468306436633,0.3238729219599404,0.707431680349999,196,4.070033923814988,58.558949101152365,9:6=112;9:8=83;8:6=77;17:30=65;17:29=64,0.029821899668242627,0.012021961156278849,116
130,1691509845.9581625,1221,1100,1100,1100,0.9999999999999997,1.0,1.0,1.0,1.0000000000000002,94.07352793873271,452.0354939569023,553.8909781043649,0.20811093198734923,0.16984123529270997,0.8161091475148187,5.887851664977395,83.82311570644379,469.40321058034897,553.6187015175819,0.07620283246040344,0.4267301914366809,0.5032897286523472,116,508,577,0.10545454545454545,0.4618181818181818,0.5245454545454545,0,True,0.9257696146199076,-0.3776183932896606,0.018840639475432776,0.250590732698968,0.446361653855065,0.5504742903304908,0.12146703674785173,0.3141983254685564,0.6835738720185547,194,4.125554388590539,61.90211756712888,9:6=102;8:6=77;9:8=65;17:28=64;17:29=63,0.02998877585122793,0.01192387705668807,121
131,1691509846.0581343,1242,1137,1137,1137,0.9999999999999997,1.0,1.0,1.0,1.0000000000000002,89.96719858610918,467.0495361201468,579.9832652937445,0.19262881477943583,0.15512033530923247,0.8052810556242515,6.4466080350232575,82.83967971801758,482.5450136065483,587.7479034662247,0.07285811760599611,0.42440194688350774,0.516928674992282,117,519,616,0.10290237467018469,0.45646437994722955,0.5417766051011433,0,True,0.9272049414034262,-0.3744403439522404,0.00924258935562408,0.24843411113896077,0.44340416746175854,0.5589474753123392,0.13021248901499044,0.2650510275390505,0.7709171159639489,208,4.147710955408934,63.28896310448262,9:6=115;8:6=88;9:8=78;17:29=67;17:28=66,0.030903663931324345,0.011705771088600159,105
132,1691509846.1581137,1229,1122,1122,1122,0.9999999999999998,1.0,1.0,1.0,1.0000000000000002,89.85767468331193,454.81339950508135,577.3289258116066,0.19757042070680683,0.1556438118131538,0.7877890387454718,6.4249261718189805,83.48180049657822,472.69899725914,581.6643018126488,0.07440445677056882,0.42130035406340466,0.5184173812946958,112,509,605,0.09982174688057041,0.4536541889483066,0.5392156862745098,0,True,0.9237387968024751,-0.38248374410825886,0.020317991407712278,0.24661316024620072,0.4375067912842432,0.562430662620293,0.11521927634138457,0.24584532210927218,0.7880639965936777,190,4.038495873462576,56.74093304487687,9:6=118;9:8=76;8:6=76;17:28=73;17:29=58,0.035216601244906824,0.012828914914280176,107
133,1691509846.2576964,1208,1103,1103,1103,0.9999999999999998,1.0,1.0,1.0,1.0000000000000002,90.27171522223975,431.9287472112149,580.7995375665455,0.2089967750585874,0.1554266306761596,0.7436795645894025,6.433903866085587,84.08059000968933,448.4085842370987,588.2401279807091,0.07622900272863947,0.4065354344851303,0.5333092728746229,112,484,618,0.10154125113327289,0.43880326382592927,0.5602901178603807,0,True,0.9240912213918602,-0.38142452482855294,0.023890299408182488,0.24206846113406394,0.42410661219394796,0.5746400918088929,0.11284799466564827,0.1988175795004886,0.8332864337513555,203,4.096985389153485,60.158659019181535,9:6=104;17:29=77;8:6=75;9:8=73;17:28=57,0.038785950516068604,0.012562892399728298,105
134,1691509846.3570473,1223,1102,1102,1102,0.9999999999999998,1.0,1.0,1.0,1.0000000000000002,87.85738954354834,440.3425384374776,573.800072018974,0.19952055927938211,0.15311498521499511,0.7674145750593713,6.5310393923616195,77.3291420340538,458.25875437259674,578.0005605816841,0.07017163523961326,0.4158427898117938,0.5245014161358295,103,492,601,0.09346642468239565,0.44646098003629764,0.5453720508166969,0,True,0.9238914136290852,-0.3820370411077466,0.021733730560778253,0.2434348162141051,0.43045302658801904,0.5681073964684487,0.11195226714446266,0.2154257193690785,0.8133438044503342,203,4.098239294612309,60.23413960298957,9:6=98;9:8=87;8:6=79;17:29=68;17:28=60,0.03327103466729698,0.01205499330535531,121
135,1691509846.4563882,1195,1082,1082,1082,0.9999999999999998,1.0,1.0,1.0,1.0000000000000002,86.16083007722673,446.51003838138723,549.3291315413863,0.19296504595856886,0.15684737096586218,0.8128278890444157,6.375624875584621,75.75064480304718,463.9656553864479,553.1069619655609,0.07000983808045026,0.4288037480466247,0.5111894288036607,102,498,577,0.09426987060998152,0.4602587800369686,0.533271719038817,0,True,0.9228849856831954,-0.3838741909112678,0.030395867362977655,0.2479228630926141,0.4432759188721982,0.5579525153036325,0.11598862046069573,0.2525987902482118,0.7038048047998244,189,4.069060626142263,58.50198153996952,9:6=108;9:8=78;17:29=73;8:6=73;17:28=60,0.034585628241832665,0.012356121093034744,113
136,1691509846.555962,1182,1050,1050,1050,0.9999999999999998,1.0,1.0,1.0,1.0000000000000002,78.21532150071714,417.68247874510615,554.1021997541767,0.18726024068739694,0.14115685073153794,0.7538004341625206,7.084317869218197,65.46520048379898,432.80968832969666,560.8885686993599,0.06234780998457046,0.4121997031711397,0.5341795892374857,86,463,584,0.08190476190476191,0.44095238095238093,0.5561904761904762,0,True,0.9265529289980738,-0.3753545726969264,0.02467011391538779,0.23533594950682507,0.4296400358623428,0.5722327195536949,0.10855913324622779,0.2177200364743802,0.8486660007582538,181,3.9979452763753116,54.48608109917851,9:6=103;9:8=82;8:6=68;17:29=64;17:28=64,0.029040658949424987,0.01136221969500184,132
137,1691509846.6559157,1169,1071,1071,1071,0.9999999999999998,1.0,1.0,1.0,1.0000000000000002,71.97415072941882,433.78696084657145,565.2388884240102,0.1659205029790551,0.12733403911768346,0.7674400500928893,7.853359611688666,58.17997771501541,449.65638142824173,569.3611162304878,0.054323041750714667,0.41984722822431536,0.5316163550237981,77,480,590,0.0718954248366013,0.4481792717086835,0.5508870214752568,0,True,0.9218800886994095,-0.3872359654384365,0.013616502140072394,0.23277069038032314,0.4308109413955656,0.5722452316018064,0.11064328937816956,0.20200787775345805,0.8703885365086546,184,4.042738880050569,56.982196677228146,9:6=106;9:8=80;8:6=70;17:29=65;17:28=62,0.02879767975747835,0.011427315883338451,98
138,1691509846.7560945,1170,1071,1071,1071,0.9999999999999998,1.0,1.0,1.0,1.0000000000000002,77.97750857341232,440.15523525392587,552.867256172662,0.17715910735090323,0.1410420090949639,0.796131856860165,7.090086183661053,63.697156846523285,454.63494020700455,557.4567089676857,0.05947446951122622,0.42449574249020033,0.5205011288213686,88,487,582,0.08216619981325864,0.45471521942110177,0.5434173669467787,0,True,0.918091128056661,-0.39543707993418625,0.027169769906492187,0.24726235739981803,0.4380371721708197,0.5641133073290732,0.12070629395062255,0.2563309899812496,0.7923078797682038,196,4.068421626662338,58.464610745421645,9:6=101;8:6=81;9:8=76;17:29=61;17:30=53,0.02972389704137545,0.011660024523735046,99
139,1691509846.8566318,1159,1067,1067,1067,0.9999999999999998,1.0,1.0,1.0,1.0000000000000002,80.02092386581407,445.44811228837625,541.5309638458094,0.1796414030238605,0.14776795642030638,0.8225718232710495,6.767367054570563,67.66807156801224,460.2159073352814,545.0496802330017,0.06341899865793087,0.4313176263685861,0.5108244425801328,89,492,566,0.08341143392689784,0.4611059044048735,0.5304592314901593,0,True,0.926853157370228,-0.37471127074538574,0.023123326949589813,0.24369479445761555,0.44762038697868684,0.5553743078369663,0.12174525846799214,0.2662850651317002,0.763917995757315,196,4.08275241099537,59.30848673323971,9:6=102;9:8=78;8:6=76;17:30=60;17:29=60,0.029160471694660885,0.011934260837733746,92
140,1691509846.9566748,1147,1040,1040,1040,0.9999999999999997,1.0,1.0,1.0,1.0000000000000002,72.53447197813593,440.3392946035739,527.1262334182902,0.16472404999294202,0.13760360873669075,0.8353583386432443,7.267251267468824,58.915481090545654,458.6782678961754,530.9957744479179,0.05664950104860159,0.4410367960540148,0.5105728600460749,82,492,555,0.07884615384615384,0.47307692307692306,0.5336538461538461,0,True,0.9220397082501651,-0.38587309982541657,0.030736415553450257,0.24583086748951466,0.45076160274004745,0.557992301160043,0.11986338755832376,0.31834329917054127,0.7340799088036242,191,4.079332938448651,59.10602933709626,9:6=105;9:8=71;8:6=70;17:30=62;17:31=52,0.03157266983636615,0.011050170753151178,107
141,1691509847.0567045,1154,1046,1046,1046,0.9999999999999998,1.0,1.0,1.0,1.0000000000000002,81.55163136185004,441.8440114783788,522.6043571597716,0.1845710912522817,0.1560485102058151,0.8454656097390658,6.408263678269551,70.84394937753677,460.2912942767143,525.5802193880081,0.06772844108751126,0.440049038505463,0.5024667489369102,96,496,548,0.09177820267686425,0.47418738049713194,0.5239005736137667,0,True,0.9216480520493585,-0.38789187236762385,0.01023540447476484,0.2516791131209416,0.44970263717316283,0.5479306062162823,0.13188001293690277,0.31716089923141644,0.6374839742566142,183,4.04428164901052,57.07017488910878,9:6=97;9:8=78;8:6=75;17:29=60;17:30=56,0.03198474080224066,0.011863827239722013,108
142,1691509847.1570253,1156,1030,1030,1030,0.9999999999999998,1.0,1.0,1.0,1.0000000000000002,78.27951221550809,436.73841765303104,514.982070131461,0.17923660720339385,0.15200434491928128,0.8480652880624436,6.578759314617152,68.36687451601028,447.9357227087021,516.3435113430023,0.06637560632622358,0.4348890511734972,0.5013043799446625,94,481,541,0.0912621359223301,0.4669902912621359,0.525242718446602,0,True,0.9168128018431397,-0.39775365015496783,0.03530325997597361,0.2531116843493616,0.4476368831454247,0.5439107583582959,0.12136203066583387,0.3059899666539535,0.6641160107739524,177,4.002825609922317,54.75264127081599,9:6=104;8:6=84;9:8=75;17:29=62;17:30=53,0.03281170171185797,0.011031080968677998,126
143,1691509847.2570868,1128,1015,1015,1015,0.9999999999999997,1.0,1.0,1.0,1.0000000000000002,80.82386323108399,436.54280085226094,497.63333591665514,0.18514533528738042,0.16241649704235364,0.877237856358912,6.1570100218281905,69.89320319890976,453.1207468509674,498.98713779449463,0.06886029871813769,0.44642438113395805,0.49161294363989616,93,488,520,0.0916256157635468,0.4807881773399015,0.5123152709359606,0,True,0.9206064948299424,-0.3899424257743257,0.020702324945800963,0.25557368014400483,0.45715482107243555,0.5369572206782658,0.12657911659819132,0.34780031831340347,0.5919267204714954,179,3.990547771866116,54.08450722212015,9:6=105;8:6=93;9:8=67;17:29=56;17:28=56,0.03026173053558198,0.01145902369171381,113
144,1691509847.3561416,1113,996,996,996,0.9999999999999998,1.0,1.0,1.0,1.0000000000000002,81.62372933463072,425.45689881062657,488.91937185474296,0.1918495846766418,0.16694721877144394,0.87019848936775,5.9899170969061295,73.45520895719528,437.51821410655975,491.7856845855713,0.0737502097963808,0.4392753153680319,0.4937607274955535,100,467,515,0.10040160642570281,0.46887550200803213,0.5170682730923695,0,True,0.9225650558147107,-0.3851741578026744,0.022684487003241768,0.2586906851113765,0.4569313206580728,0.5392295076087787,0.14034334079291713,0.3528931734115819,0.6117474828012036,179,4.050112888643685,57.40393693226898,9:6=99;8:6=79;9:8=72;17:29=64;17:30=51,0.0349010987872358,0.011934270150959492,117
145,1691509847.4555795,1066,946,946,946,0.9999999999999997,1.0,1.0,1.0,1.0000000000000002,61.06546450546655,412.82364743678664,472.11088805774693,0.14792143057845822,0.12934559665990428,0.8744209419425453,7.731225691658889,46.5514942407608,425.9876143336296,470.771566927433,0.04920876769636449,0.4503040320651476,0.4976443625025719,65,457,489,0.06871035940803383,0.48308668076109934,0.5169133192389006,0,True,0.9120090186707855,-0.4101245790042292,0.006113882543391212,0.2492744501156608,0.4533541356204166,0.5437737350660626,0.12066854448231902,0.33237903126431767,0.6437076939402162,161,3.9501187212748334,51.941533033813265,9:6=91;8:6=76;9:8=74;17:29=59;17:30=52,0.030904156442677237,0.011651053559035063,120
146,1691509847.5550823,1073,972,972,972,0.9999999999999998,1.0,1.0,1.0,1.0000000000000002,69.67804508785608,434.75518743197,467.5667674801734,0.1602696117312211,0.14902266357245053,0.9298248243239513,6.710388715564924,55.238270461559296,434.7483973503113,459.94249165058136,0.0568294963596289,0.4472720137348882,0.4731918638380467,74,484,500,0.07613168724279835,0.49794238683127573,0.51440329218107,0,True,0.9197345176977534,-0.3919302738332544,0.02188783699388445,0.2570232269162009,0.47089454336998376,0.524105684382397,0.1418531149956483,0.4631429328194816,0.4818674164184745,167,3.9625257512671377,52.589987571190356,9:6=98;8:6=90;9:8=75;17:28=53;17:29=51,0.03375162959438392,0.011253148782998323,101
147,1691509847.6554947,1078,967,967,967,0.9999999999999998,1.0,1.0,1.0,1.0000000000000002,76.21998211789541,435.0800478197634,455.6999700623412,0.17518611230242018,0.1672591334765027,0.9547511002913673,5.978746745931722,67.33118969202042,587.0162079930305,589.5485946536064,0.06962894487282359,0.6070488190207141,0.6096676263222404,91,852,823,0.09410548086866598,0.8810754912099276,0.8510858324715616,0,True,0.9144543051685508,-0.4043004364737353,0.017733607243029477,0.2695883792852398,0.477013763820786,0.5143600716710007,0.1508644799761258,0.4771068100414549,0.4374568281026603,175,4.028071584379772,56.152521371025585,9:6=105;8:6=82;9:8=64;17:28=51;17:29=46,0.029211800567596796,0.01193398330360651,111
148,1691509847.7560177,1076,961,961,961,0.9999999999999998,1.0,1.0,1.0,1.0000000000000002,75.92425123644293,429.433483867234,455.6422648963235,0.17680095774719815,0.1666312743259642,0.9424794777651869,6.001274394888198,62.357007920742035,429.4557795524597,464.79707807302475,0.06488762530774406,0.44688426592347524,0.4836598106899321,83,456,501,0.08636836628511967,0.4745057232049948,0.5213319458896982,0,True,0.9069239985890518,-0.4196718430055249,0.03693785282865801,0.2834783954228753,0.48804819059556964,0.49758291226933526,0.18562725832488322,0.5634313411483304,0.3214775452304166,173,3.997317587306129,54.45189151298726,9:6=107;8:6=84;9:8=67;17:29=49;17:28=44,0.02933007070045712,0.011776217259466648,115
149,1691509847.8570101,1072,958,958,958,0.9999999999999997,1.0,1.0,1.0,1.0000000000000002,72.79544853738349,423.6395000060421,461.5650514565742,0.17183347760618464,0.15771438567036386,0.9178327056373758,6.340575691618156,57.87246084213257,427.0232014656067,455.3801742196083,0.060409666849825225,0.4457444691707794,0.47534464949854727,78,479,498,0.081419624217119,0.5,0.5198329853862212,0,True,0.9108779480592236,-0.41175606793276504,0.02753732485131022,0.2655932468525708,0.46613052953785356,0.5268455125707312,0.14354933619335924,0.4027431189977976,0.5300662233828954,181,3.996224564867685,54.392406888684576,9:6=104;8:6=86;9:8=67;17:29=59;17:28=46,0.02913979894874956,0.010672071482986212,114
150,1691509847.9575744,1081,971,971,971,0.9999999999999997,1.0,1.0,1.0,1.0000000000000002,69.54985661295872,442.85323167067884,458.5969117163622,0.15704945033500045,0.1516579262443325,0.9656698951879976,6.593786587777308,54.48122066259384,584.7683908343315,585.8542388081551,0.05610836319525627,0.602233152249569,0.6033514302864624,74,840,816,0.07621009268795056,0.8650875386199794,0.8403707518022657,0,True,0.9139762367186411,-0.4049342744005467,0.025993694030153187,0.26858935828656705,0.47965792607103536,0.5165060357795802,0.1673186826947914,0.5128417510084501,0.5084972713982272,177,3.976853942697287,53.348931140764506,9:6=115;8:6=95;9:8=73;17:30=47;17:29=47,0.026453269134331246,0.010653267614543438,110
151,1691509848.0583208,1100,979,979,979,0.9999999999999997,1.0,1.0,1.0,1.0000000000000002,69.06073707234378,448.68638496676334,461.25287796089293,0.15391761235959833,0.14972424102294504,0.9727557407344892,6.6789451939632904,57.93003594875336,462.31774896383286,514.42893242836,0.05917266184755195,0.4722346771847118,0.5254636694875996,80,592,673,0.08171603677221655,0.6046986721144024,0.6874361593462717,0,True,0.9105256292676583,-0.413365872617922,0.008469580955324813,0.2674472278950875,0.4759842451949,0.5150641181698824,0.14937196580361556,0.4724861724891685,0.4568016030475928,176,3.9747621740476817,53.23745415179689,9:6=117;8:6=89;9:8=63;17:29=60;17:30=50,0.03189906109632159,0.011238768696784973,121
152,1691509848.1596107,1127,1019,1019,1019,0.9999999999999998,1.0,1.0,1.0,1.0000000000000002,74.95435844191081,433.6378014418813,510.40784011620775,0.17285014865558632,0.14685189480013763,0.8495907926162581,6.809581867234189,66.30765640735626,449.39024525880814,511.96190732717514,0.06507130167552136,0.44101103558273613,0.5024160032651376,93,483,535,0.09126594700686948,0.47399411187438667,0.5250245338567223,0,True,0.9097810093099485,-0.4146420816396211,0.019247317541238894,0.26280934259420047,0.4475213492576411,0.5515549975345784,0.13893851396122872,0.2960923860423198,0.6515472686637734,182,4.056166056234223,57.75246637223157,9:6=115;8:6=75;9:8=70;17:29=62;17:28=53,0.029714326327071994,0.010995322838425636,108
153,1691509848.259931,1162,1042,1042,1042,0.9999999999999998,1.0,1.0,1.0,1.0000000000000002,72.7877798111543,455.16352793668943,514.0486922521558,0.15991566842165492,0.14159705278551662,0.8854482752256834,7.062293884850447,59.49868988990784,459.8078142404556,509.38416731357574,0.05710047014386549,0.4412742938967904,0.48885236786331643,84,511,551,0.08061420345489444,0.4904030710172745,0.5287907869481766,0,True,0.9219394782919377,-0.38661545186814883,0.023581576359028505,0.25284960844257814,0.4662867577639363,0.5364047820754114,0.1419946370691258,0.4011421933811154,0.6325714203784476,190,4.045909733551174,57.16316563643665,9:6=123;9:8=78;8:6=70;17:29=67;17:28=54,0.030502387860586355,0.010341386310756207,120
154,1691509848.3596416,1184,1060,1060,1060,0.9999999999999997,1.0,1.0,1.0,1.0000000000000002,80.86566654813892,464.7440924196848,514.3902410321759,0.1740004184391301,0.15720684433257093,0.9034854383845403,6.361046201554056,71.50931918621063,484.40691155195236,515.7916489243507,0.06746162187378361,0.4569876524075022,0.48659589521165164,99,520,535,0.09339622641509433,0.49056603773584906,0.5047169811320755,0,True,0.9145060289750688,-0.40304557267934277,0.0351139475398524,0.2658390507857978,0.4614346771010824,0.5317730131275039,0.15297125383248938,0.3788251700854993,0.5485408531443825,180,4.035549240201435,56.573984413290354,9:6=130;8:6=73;9:8=62;17:29=59;17:28=56,0.028183147304789786,0.010804136749356985,124
155,1691509848.4586887,1203,1074,1074,1074,0.9999999999999998,1.0,1.0,1.0,1.0000000000000002,76.58980250200689,478.88942172869764,518.520775769295,0.15993212425852424,0.14770826181144942,0.9235684356488919,6.77010200875904,64.85339307785034,488.0588984489441,514.757639169693,0.0603849097559128,0.45443100414240606,0.4792901668246676,89,529,544,0.08286778398510242,0.4925512104283054,0.5065176908752328,0,True,0.9107312366998404,-0.4116787853125158,0.033002912338016915,0.2658781440705822,0.46497993732388876,0.526414866201546,0.1640778908041286,0.38227662579980026,0.5252822567196831,187,4.026962981213388,56.09030500103761,9:6=118;8:6=105;17:29=80;9:8=66;17:28=48,0.026438334834290388,0.01034502498805523,129
156,1691509848.5580082,1222,1078,1078,1078,0.9999999999999998,1.0,1.0,1.0,1.0000000000000002,85.57404278644876,476.61404939885153,515.8119078147,0.17954578320631218,0.16590164261424986,0.9240074573270032,6.027667865381982,70.3924548625946,469.6557715535164,503.21634632349014,0.06529912324916011,0.43567325747079444,0.46680551607002796,92,534,562,0.08534322820037106,0.49536178107606677,0.5213358070500927,0,True,0.911686816197571,-0.41082277531488604,0.007196975344609483,0.2702024686975808,0.4675267866443874,0.5223078651823445,0.14478868337867773,0.45237195981618816,0.4499131331639402,181,4.057201007395567,57.8122682950708,9:6=115;8:6=84;9:8=73;17:29=55;17:30=49,0.028465943546102428,0.011361737735569477,144
157,1691509848.6568577,1225,1103,1103,1103,0.9999999999999998,1.0,1.0,1.0,1.0000000000000002,88.73285689709728,485.649023585714,528.6181195171888,0.18270984309193505,0.16785814488943562,0.9187142961147067,5.957411245422005,74.7532108426094,490.86510276794434,522.2108996510506,0.06777262995703481,0.4450272917207111,0.4734459652321401,98,537,557,0.08884859474161379,0.48685403445149594,0.5049864007252947,0,True,0.9093562768312129,-0.4149457275052958,0.029853057008878775,0.2756399519161437,0.4635060502739158,0.5228673700922334,0.1819817705843047,0.3897494199020581,0.5111383090613731,183,4.03458958657138,56.51971902593403,9:6=138;8:6=95;9:8=67;17:29=58;17:30=47,0.03085637063092894,0.0113043412566185,122
158,1691509848.7558658,1238,1103,1103,1103,0.9999999999999997,1.0,1.0,1.0,1.0000000000000002,85.59667092826312,497.4752937350782,519.9280353366586,0.17206215465615896,0.1646317665344559,0.9568156743326179,6.0741618768374765,78.09062975645065,687.7329367399216,713.3381921648979,0.07079839506477847,0.6235112753761755,0.6467254688711677,111,986,1007,0.10063463281958296,0.8939256572982774,0.9129646418857661,0,True,0.8998058024503852,-0.4355892288949533,0.024729366092126018,0.28560255314940813,0.47424582182605696,0.5097375612385913,0.19875818942307655,0.4690281359365482,0.4073131019295787,178,4.0317659205173655,56.36035132041587,9:6=125;8:6=103;9:8=59;17:30=54;17:29=52,0.027869968630068118,0.011549309827387333,135
159,1691509848.854639,1227,1097,1097,1097,0.9999999999999997,1.0,1.0,1.0,1.0000000000000002,82.28052204182602,497.12219301996964,517.5972849382042,0.1655136769130739,0.15896629375026466,0.9604420414981909,6.290641722898789,70.9809393286705,619.3487543463707,687.5583380460739,0.06470459373625388,0.5645840969429086,0.6267623865506599,99,864,980,0.0902461257976299,0.7876025524156791,0.8933454876937101,0,True,0.9020524180703599,-0.43051449764824273,0.03096291924379098,0.2809013510286969,0.47930062804397533,0.5090753863513483,0.1857429835122903,0.49656669297033296,0.4185282121692007,190,4.0604604263313275,58.0010101243207,9:6=137;8:6=95;9:8=62;17:29=54;17:28=53,0.030879286516702943,0.011514563113451004,130
160,1691509848.9529638,1200,1079,1079,1079,0.9999999999999998,1.0,1.0,1.0,1.0000000000000002,86.58658115427717,482.40155309303606,510.0118657526869,0.1794906765931951,0.16977366012159492,0.9458633915920702,5.890195212165315,77.658906519413,481.8193994164467,515.5600824356079,0.071973036625962,0.4465425388474946,0.4778128660200259,107,516,557,0.09916589434661724,0.4782205746061168,0.5162187210379982,0,True,0.9072625025531791,-0.4196663519922577,0.02747552486220161,0.28590714556935426,0.48593745372682234,0.49937370403559794,0.20680780455687872,0.5586257596165385,0.34860916986516166,190,4.041573504555476,56.915829700299305,9:6=141;8:6=109;9:8=56;17:29=49;17:28=49,0.02898061931189199,0.01157743576914072,121
161,1691509849.0523007,1187,1064,1064,1064,0.9999999999999997,1.0,1.0,1.0,1.0000000000000002,79.2373832331981,480.34104045133796,504.42157631546416,0.16496067701969644,0.1570856342268024,0.9522610907328312,6.365954499417726,65.19700592756271,500.7116473913193,536.1944566965103,0.06127538151086721,0.47059365356327,0.5039421585493518,87,630,691,0.08176691729323309,0.5921052631578947,0.6494360902255639,0,True,0.9073235454319842,-0.41926329991762756,0.03134117494471074,0.28099598868334263,0.4838026325444827,0.5067569742207423,0.2111887730490483,0.5205699355270537,0.37010761514945545,182,4.020649646269835,55.73730359902243,9:6=145;8:6=87;9:8=68;17:30=45;17:29=44,0.028528368419588352,0.011117258574813604,123
162,1691509849.1522617,1156,1044,1044,1044,0.9999999999999998,1.0,1.0,1.0,1.0000000000000002,79.39883706313867,472.89744366992414,491.70371926693707,0.16789863875550565,0.1614769910252285,0.9617528302916836,6.192832759955033,68.79953944683075,517.5628736615181,615.9817686080933,0.06589994199888002,0.49574987898612843,0.5900208511571775,95,677,863,0.09099616858237548,0.6484674329501916,0.8266283524904214,0,True,0.8994818396302456,-0.4352240755843453,0.03888989852315028,0.28655362190831124,0.4787999504232217,0.5070074082958888,0.21166284588158063,0.4937530805994693,0.37036398457743436,186,4.045369133772944,57.132271593179546,9:6=120;8:6=106;9:8=54;17:30=46;17:28=46,0.028417728027532757,0.011601563543081284,112
163,1691509849.2527175,1096,990,990,990,0.9999999999999998,1.0,1.0,1.0,1.0000000000000002,78.82703619684152,441.3924071885045,469.7805566146536,0.1785872047481257,0.16779544212065142,0.9395714679408602,5.959637445223103,69.2237001657486,448.8599777817726,495.7173938155174,0.06992292946035211,0.45339391695128545,0.5007246402176944,97,559,637,0.09797979797979799,0.5646464646464646,0.6434343434343435,0,True,0.8983676816725977,-0.43773305422169634,0.03640441962107821,0.29150503909287345,0.47976196651483644,0.4996019112945741,0.2148232091588727,0.520577309680696,0.3431663373427139,173,4.056413986022562,57.7667867041404,9:6=110;8:6=93;9:8=56;17:28=44;17:29=43,0.027809083249607233,0.010772922076284885,106
164,1691509849.353366,1062,952,952,952,0.9999999999999998,1.0,1.0,1.0,1.0000000000000002,69.59582638840926,423.9196196013308,458.48455401026007,0.1641722231536716,0.15179535663670762,0.9246104713744494,6.587816795959732,59.38051289319992,416.7458964586258,453.2590175271034,0.062374488333193194,0.43775829459939686,0.4761124133688061,84,466,509,0.08823529411764706,0.4894957983193277,0.5346638655462185,0,True,0.9059788038815108,-0.4207493507912274,0.04660891251883171,0.28502558511813353,0.4905248249898313,0.4976396340435385,0.2082651202983088,0.6007850910091452,0.338068153775941,170,4.0304331739268395,56.285287286131435,9:6=122;8:6=84;9:8=55;17:28=42;17:30=40,0.030158707146950157,0.012405396904796362,110
165,1691509849.4542613,1032,919,919,919,0.9999999999999998,1.0,1.0,1.0,1.0000000000000002,72.9888816884197,404.29812221836687,441.7129960932135,0.18053232918306114,0.16524051212886895,0.9152959632028778,6.051784681108424,61.92003375291824,405.6509813070297,455.9557734131813,0.06737762105867055,0.4414047674722848,0.49614338782718315,84,425,490,0.09140369967355821,0.4624591947769314,0.5331882480957563,0,True,0.8981030876316877,-0.4370835386044185,0.04867056880157481,0.295825232910985,0.4905799168235099,0.48985713661657576,0.24671360221724323,0.5782123755476204,0.2954472471416043,159,4.0123723115449765,55.27785142344549,9:6=113;8:6=87;9:8=50;17:30=43;17:29=38,0.02868567497467529,0.01176315639168024,113
166,1691509849.555618,1065,953,953,953,0.9999999999999997,1.0,1.0,1.0,1.0000000000000002,66.46112360719059,431.2350324423154,455.3038439504938,0.15411809942894847,0.14597092576801757,0.9471368146173713,6.850679303008855,53.08131504058838,423.10820841789246,447.7398952841759,0.05569917632800459,0.4439750350659942,0.4698215060694395,74,472,504,0.0776495278069255,0.49527806925498424,0.5288562434417629,0,True,0.9017133310826102,-0.4283459224392721,0.05859043674143208,0.2873006320163597,0.4863852512209019,0.502781344759883,0.2376285686780751,0.5628005146319739,0.3522533792166612,166,4.000311574727653,54.61516408730817,9:6=120;8:6=96;9:8=51;17:29=45;17:30=43,0.032385862748136665,0.012347044423222542,112
167,1691509849.657168,1064,940,940,940,0.9999999999999998,1.0,1.0,1.0,1.0000000000000002,72.58710745291559,406.8737459952573,460.53914655182706,0.1784020428139438,0.15761332776245754,0.8834726625122399,6.344641117578087,63.1997150182724,407.43293982744217,470.21103727817535,0.06723373938114086,0.43343929768876827,0.5002245077427397,86,435,506,0.09148936170212765,0.4627659574468085,0.5382978723404256,0,True,0.8965330222337133,-0.44234914819418464,0.02357479875551717,0.30051293791132483,0.49416498672050874,0.4876691339216684,0.28138438497655605,0.6139929971869517,0.31953195282327673,181,4.0174742215652275,55.56059469959266,9:6=135;8:6=88;9:8=46;17:29=40;17:28=39,0.029452210529511396,0.012311435304582119,124
168,1691509849.7582974,1084,959,959,959,0.9999999999999997,1.0,1.0,1.0,1.0000000000000002,73.66537303790395,429.2855624681594,456.0490644939367,0.1715999313239606,0.16152949051578055,0.9413144240182229,6.190819997059951,63.14321506023407,423.2711077928543,461.2077651619911,0.06584276857167265,0.4413671614106927,0.4809257196683953,85,449,500,0.0886339937434828,0.4681960375391032,0.5213764337851929,0,True,0.9057574146461169,-0.42324195028575257,0.021673885943569896,0.2862420614515801,0.48714717901175997,0.49735918861855793,0.22862071032434442,0.5804153830420142,0.33190975917422055,173,3.976322190243539,53.32057025687863,9:6=128;8:6=90;9:8=52;17:29=46;17:28=40,0.029199296017413306,0.011710179969668388,125
169,1691509849.86,1131,1013,1013,1013,0.9999999999999997,1.0,1.0,1.0,1.0000000000000002,72.5841788873944,459.8569618900795,480.558859222526,0.1578407742030539,0.15104118360199414,0.9569212034381405,6.62071082967068,60.11304420232773,450.37764108181,468.74507534503937,0.05934160335866508,0.44459786878757157,0.4627295906663765,83,530,541,0.08193484698914116,0.5231984205330701,0.5340572556762093,0,True,0.89613960375595,-0.4433847276635592,0.018541678857104234,0.2849728605671778,0.4689928726907905,0.5195954780925232,0.23180437419169223,0.482506864795338,0.48181835372308185,182,4.080272815317526,59.16160784126513,9:6=121;8:6=91;9:8=53;17:29=48;17:30=42,0.030274896488536186,0.01231840718537569,118
170,1691509849.9607968,1110,1000,1000,1000,0.9999999999999998,1.0,1.0,1.0,1.0000000000000002,77.67153726077898,451.3604232909082,470.9680394483125,0.17208318065298908,0.16491891329136193,0.9583674166502414,6.063585916512206,68.9590705037117,629.1199395060539,638.7481033205986,0.0689590705037117,0.6291199395060539,0.6387481033205986,93,905,898,0.093,0.905,0.898,0,True,0.8943795195809937,-0.4462970301931028,0.030070513711729686,0.291951049459287,0.4710225983281414,0.5114423979893779,0.23547114038847008,0.4673221318973385,0.4314882469127712,180,4.044101190698197,57.05987703085934,9:6=118;8:6=84;17:28=49;9:8=47;17:29=46,0.031720243860307876,0.01263839891180396,110
171,1691509850.062145,1175,1050,1050,1050,0.9999999999999998,1.0,1.0,1.0,1.0000000000000002,80.89561306189862,474.1820524984359,494.92233443966575,0.1706003266797312,0.16345112643478876,0.9580938654451485,6.1180367600523375,69.55130815505981,476.2435054779053,489.21225571632385,0.06623934110005697,0.45356524331229076,0.4659164340155465,93,523,528,0.08857142857142856,0.4980952380952381,0.5028571428571429,0,True,0.8909214317868736,-0.4521369775736112,0.04279200735449503,0.29118753760229626,0.4621833717738319,0.5187431652808989,0.2280587713329843,0.4210222120599564,0.4303069378007799,186,4.047474877801366,57.252704288630255,9:6=138;8:6=88;17:29=52;17:28=51;9:8=49,0.03159168687812472,0.013465674594044685,125
172,1691509850.163026,1229,1090,1090,1090,0.9999999999999998,1.0,1.0,1.0,1.0000000000000002,71.45451842858756,488.45400579019366,530.0914757812191,0.14628709680247667,0.134796580766144,0.9214522928714097,7.418585800294748,55.618902146816254,494.60637056827545,524.181775867939,0.05102651573102408,0.45376731244795915,0.48090071180544863,75,538,557,0.06880733944954129,0.4935779816513762,0.5110091743119266,0,True,0.892546847834023,-0.4491012338095406,0.04084368020021616,0.27734894901372614,0.456810989976364,0.5314368957531288,0.19596763565333608,0.35993345635872664,0.46571574933053167,174,3.9996733358169934,54.58031768582315,9:6=146;8:6=92;17:28=50;17:27=50;17:30=46,0.026943680142489043,0.010378186590969563,139
173,1691509850.2621334,1280,1137,1137,1137,0.9999999999999997,1.0,1.0,1.0,1.0000000000000002,73.00956642375725,510.6004030890022,553.3900304872407,0.14298767878377688,0.1319314812366151,0.922677270928492,7.579692053987709,58.674860179424286,516.324765264988,545.8563657402992,0.0516049781701181,0.4541114909982304,0.4800847543890055,81,569,585,0.0712401055408971,0.5004397537379067,0.5145118733509235,0,True,0.8870824945804472,-0.4602858675741253,0.03495093590257041,0.28180343265067975,0.4538526348213464,0.5289973451832181,0.20720113481895408,0.31507853523740226,0.564377680694144,187,3.9770434873703118,53.35904410487276,9:6=160;8:6=112;17:28=63;17:30=55;17:29=52,0.02748676990457434,0.011464904062449932,143
174,1691509850.3600504,1275,1141,1141,1141,0.9999999999999998,1.0,1.0,1.0,1.0000000000000002,78.7832015071468,516.7773943410408,545.4394041518126,0.1524509438103533,0.14443987894431443,0.9474515233175301,6.923295749822165,68.25319051742554,712.3536131978035,732.2001742124557,0.059818747166893546,0.6243239379472423,0.6417179440950532,94,1030,1030,0.08238387379491674,0.9027169149868537,0.9027169149868537,0,True,0.8833045257551038,-0.468346418862858,0.02060938424329391,0.29447282883259096,0.4639085873672447,0.5182680660522931,0.2898106819439242,0.46322052344038017,0.44851541521242766,185,3.9509136517672783,51.98283935789928,9:6=144;8:6=122;17:28=67;17:29=63;9:8=51,0.02681400710260648,0.011205514892935753,134
175,1691509850.4574966,1277,1122,1122,1122,0.9999999999999998,1.0,1.0,1.0,1.0000000000000002,71.34138639471675,516.9602099903793,533.698403614904,0.1380016972603064,0.13367359900554232,0.9686373548971634,7.4809087765979765,55.70465296506882,514.8998300433159,530.615764439106,0.04964764078883139,0.4589125044949339,0.4729195761489358,76,573,594,0.0677361853832442,0.5106951871657754,0.5294117647058824,0,True,0.8895640423926132,-0.4547407009763752,0.043436267768167315,0.2904460293315499,0.47806261667531147,0.5088229248641445,0.24807912595649773,0.5058067752982978,0.40638750316888295,175,3.9858126612669063,53.82901646458546,9:6=152;8:6=115;17:29=58;17:28=48;9:8=44,0.028795142665657875,0.010402563493698835,155
176,1691509850.5545485,1252,1118,1118,1118,0.9999999999999997,1.0,1.0,1.0,1.0000000000000002,70.05572279056919,495.84810005017954,552.0961771592515,0.14128464500212787,0.12689043266162972,0.8981190607069767,7.880814802378628,55.199553430080414,489.1100072860718,555.1270252466202,0.049373482495599655,0.43748658970131643,0.4965358007572631,77,527,604,0.06887298747763863,0.47137745974955275,0.5402504472271914,0,True,0.888335200761476,-0.45789125411369735,0.03458569782805088,0.29890585605756326,0.49127676053853586,0.4959280629136988,0.30221420459090276,0.6168120252051037,0.30759585576646287,179,3.9381950413667233,51.32587655953321,9:6=162;8:6=111;17:29=56;9:8=51;9:5=50,0.02689597872901403,0.011947734747081995,134
177,1691509850.651751,1229,1080,1080,1080,0.9999999999999998,1.0,1.0,1.0,1.0000000000000002,73.63609015690172,480.3037370577077,526.0601727853905,0.15331150785540207,0.1399765539501163,0.9130205286490117,7.1440535702598575,57.85090798139572,480.2119529247284,534.4930195212364,0.05356565553832937,0.4446406971525263,0.4949009440011448,78,514,576,0.07222222222222222,0.4759259259259259,0.5333333333333333,0,True,0.8905800527966651,-0.45307902782665105,0.0398316972315478,0.29713859904936984,0.4872539807474308,0.49516766955444086,0.3062850739839664,0.5912173136892092,0.34964852858202133,179,3.9832595756686136,53.69176166406176,9:6=161;8:6=107;17:29=50;17:28=46;9:8=41,0.028443709778999852,0.011563399340957403,149
178,1691509850.749956,1208,1075,1075,1075,0.9999999999999997,1.0,1.0,1.0,1.0000000000000002,66.38893855230924,488.1498504991205,520.4612109485704,0.1360011449034109,0.12755789894757305,0.9379178317812377,7.839577229247129,52.51144623756409,482.0104338526726,510.845083296299,0.04884785696517589,0.4483817989327187,0.47520472864772,72,533,565,0.06697674418604652,0.4958139534883721,0.5255813953488372,0,True,0.8898255157428326,-0.45488764036377566,0.0358857377976035,0.2895468480985961,0.4806484218585952,0.5053135811628265,0.24667275797925053,0.5582023462477987,0.3966890412266361,169,3.9303843340412135,50.92654671393914,9:6=148;8:6=99;17:28=53;17:29=50;17:30=49,0.028741686001094106,0.01269617211073637,133
179,1691509850.8487792,1170,1048,1048,1048,0.9999999999999997,1.0,1.0,1.0,1.0000000000000002,69.0248857253928,472.64024193521834,506.3348723393887,0.14604106802834108,0.13632259892841522,0.9334538617723621,7.335540899752895,57.95503294467926,471.9302303791046,508.73804968595505,0.05530060395484662,0.4503151053235731,0.4854370703110258,81,512,554,0.07729007633587787,0.48854961832061067,0.5286259541984732,0,True,0.8878409659452355,-0.45930047175502836,0.027955247003732774,0.296427908155362,0.4816409979471865,0.501178322063775,0.29982353344966073,0.5452556812523657,0.37023959005366225,172,3.934241225751898,51.123344159074506,9:6=152;8:6=106;17:28=52;17:29=51;9:8=47,0.02895172911457876,0.012849160470068455,122
180,1691509850.9485214,1142,1040,1040,1040,0.9999999999999998,1.0,1.0,1.0,1.0000000000000002,63.2846801454838,479.7355020576712,496.97981779684505,0.13191577415897823,0.12733853142373128,0.965301778620268,7.853082557332182,52.20683389902115,496.76623088121414,501.63502246141434,0.050198878749058796,0.4776598373857828,0.48234136775135994,75,528,524,0.07211538461538461,0.5076923076923077,0.5038461538461538,0,True,0.8886550966928263,-0.4565881829311472,0.04265384308004245,0.28416351405719525,0.4634691959745683,0.5244104497772326,0.24010616082566943,0.4567818932931863,0.5438746439845943,176,4.001636576538264,54.687577241796845,9:6=142;8:6=110;17:29=50;17:28=46;17:30=39,0.027093760790271936,0.012247970793396235,102
181,1691509851.0488155,1037,937,937,937,0.9999999999999998,1.0,1.0,1.0,1.0000000000000002,56.89833603379887,430.5046860311576,449.5969779350438,0.13216658930788241,0.12655408916476155,0.9575346524979431,7.901759687101803,46.84735977649689,601.9988733530045,613.1889570951462,0.04999718225880137,0.6424747847950955,0.6544172434313192,65,866,862,0.06937033084311633,0.9242262540021344,0.919957310565635,0,True,0.8845856764888038,-0.4656348916503971,0.026312138426369935,0.29273830538471424,0.4668956869750039,0.5182950788912103,0.2965517544359891,0.4757147997419844,0.4449817489540293,159,3.9068634352724736,49.74268587818136,9:6=127;8:6=103;17:29=50;17:28=44;9:5=38,0.028467035863043336,0.011943439953029156,100
182,1691509851.150552,1043,953,953,953,0.9999999999999998,1.0,1.0,1.0,1.0000000000000002,55.25900086730908,428.9351220222619,468.805877110429,0.1288283426332272,0.11787181766557207,0.9149525271869078,8.483792137974973,42.76246619224548,425.13579523563385,478.3914570212364,0.0448714230768578,0.44610261829552345,0.5019847397914338,59,444,509,0.06190975865687303,0.46589716684155297,0.534102833158447,0,True,0.8871291029258878,-0.46062878053434664,0.0286893932551806,0.298023218764831,0.4871141364344782,0.5004396191776401,0.321684293726838,0.6205821592481437,0.32161467347613754,166,3.9222556065161522,50.51425665887989,9:6=144;8:6=103;17:30=47;17:29=40;9:8=34,0.027534231106488612,0.012222322635352612,90
183,1691509851.2538528,1086,987,987,987,0.9999999999999997,1.0,1.0,1.0,1.0000000000000002,64.67525603888477,453.62882054751697,468.69592341359805,0.14257307540738615,0.1379897985197803,0.9678531386483061,7.246912530687216,54.323645293712616,444.76852810382843,460.39712554216385,0.05503915429960751,0.45062667487723246,0.4664611201035095,72,491,512,0.0729483282674772,0.49746707193515705,0.5187436676798379,0,True,0.8738369610642278,-0.4837663599240356,0.04877575713285712,0.3056226937592176,0.46641785498260935,0.507088565348796,0.37095458019220595,0.4792807289261328,0.3541695402002322,161,3.9079588080321983,49.79720251385576,9:6=150;8:6=101;17:30=44;17:29=44;17:28=44,0.026707182807987596,0.01216556504368782,99
184,1691509851.358061,1134,995,995,995,0.9999999999999998,1.0,1.0,1.0,1.0000000000000002,57.867856047946155,460.81279268770015,476.31935126435394,0.1255777985468474,0.12148961803533759,0.9674450375877176,8.231156012928864,47.108319103717804,647.808254301548,654.2539850473404,0.047345044325344525,0.6510635721623598,0.657541693514915,66,932,919,0.06633165829145729,0.9366834170854271,0.9236180904522613,0,True,0.8850067130563347,-0.4637564389468621,0.0411470920059728,0.2858590741381884,0.4663775687687388,0.5156188276671578,0.2576870936301619,0.4586836474734784,0.45348697018129347,161,3.874545374443583,48.160798183630035,9:6=137;8:6=108;17:30=52;17:28=50;17:27=43,0.028776664656902543,0.011861658655107021,139
185,1691509851.4623868,1130,1000,1000,1000,0.9999999999999997,1.0,1.0,1.0,1.0000000000000002,69.22853832251356,444.95898567049386,485.8124760069926,0.1555840887631371,0.1425005361976688,0.9159068728076248,7.017517454200002,58.91121470928192,443.021361887455,491.14673322439194,0.05891121470928192,0.443021361887455,0.49114673322439195,78,470,526,0.078,0.47,0.526,0,True,0.8782462005318259,-0.47620003990662896,0.04378508015679282,0.3072110891981259,0.47948625315667315,0.4935972616948839,0.3738690340213351,0.5543181061653806,0.33586404103589595,168,3.880732683813354,48.45970771075574,9:6=159;8:6=114;17:28=50;17:29=44;17:30=42,0.02954891422923432,0.012204525526612997,130
186,1691509851.5665557,1138,1018,1018,1018,0.9999999999999997,1.0,1.0,1.0,1.0000000000000002,64.85382273084292,469.62033834172,483.52583892743746,0.13809841149522772,0.13412690183155965,0.9712414529561382,7.455625876275203,53.388672947883606,474.3401380777359,497.430255651474,0.052444668907547745,0.4659529843592691,0.48863482873425734,75,494,526,0.07367387033398821,0.48526522593320237,0.5166994106090373,0,True,0.8847277230165183,-0.46436291983346295,0.04029807451662977,0.2960660945953548,0.4742378888513234,0.5075635967111769,0.29798542242335235,0.5021682237932028,0.35956431623085366,167,3.9070188817718723,49.750418805584495,9:6=146;8:6=102;17:30=56;17:28=50;17:31=38,0.02788443388119268,0.013298511505126953,120
187,1691509851.6689599,1116,989,989,989,0.9999999999999997,1.0,1.0,1.0,1.0000000000000002,60.34782832561705,454.283550414777,474.3686212596058,0.13284176429130518,0.12721715902155076,0.9576593603693763,7.860574844550637,49.242131650447845,441.0757703781128,458.623267352581,0.049789819666782455,0.4459815676219543,0.46372423392576445,68,497,512,0.06875631951466127,0.5025278058645096,0.5176946410515673,0,True,0.8890041018719083,-0.45648749883671447,0.035928682980623954,0.28492385216070976,0.4644370239620571,0.5225107178165272,0.24280115811282402,0.4372921826690143,0.46705351481562646,163,3.895218860067776,49.16681283722116,9:6=132;8:6=108;17:29=52;17:28=45;17:30=42,0.026377937533304047,0.01233651489019394,127
188,1691509851.7694902,1120,980,980,980,0.9999999999999998,1.0,1.0,1.0,1.0000000000000002,66.14030824640068,452.7732319741544,461.08645977944474,0.14607822100705847,0.14344448170965185,0.9819703493152523,6.971338235402567,58.62819993495941,441.15948754549026,459.84128725528717,0.05982469381118307,0.4501627423933574,0.4692258033217216,83,533,559,0.08469387755102041,0.5438775510204081,0.5704081632653061,0,True,0.8894561142255177,-0.455469430805559,0.037622047638352946,0.2917916652153714,0.4674712091277277,0.5156450965076752,0.26629822812696113,0.4661557234765078,0.45297771905633094,173,4.003534950380309,54.79149331248475,9:6=132;8:6=102;17:29=49;17:30=41;9:8=38,0.027056614460827418,0.011461608577519655,140
189,1691509851.8682523,1181,1059,1059,1059,0.9999999999999998,1.0,1.0,1.0,1.0000000000000002,67.49000298180886,480.84162572931007,510.66837128888113,0.1403580708709324,0.1321601390966708,0.9415927297704163,7.56657799269213,55.30820894241333,519.1555364727974,625.574794948101,0.05222682619680201,0.49023185691482285,0.5907221859755439,75,673,864,0.0708215297450425,0.6355051935788479,0.8158640226628895,0,True,0.8881994131342267,-0.45804688078489625,0.0359841286019593,0.2929630227741137,0.4762482559117198,0.5070303107104692,0.28823800975278085,0.545109944171665,0.370890582954038,178,3.974157245444085,53.20525903185406,9:6=146;8:6=119;17:28=51;17:29=44;17:30=41,0.028898021920279102,0.011596230790019035,122
190,1691509851.9653103,1197,1055,1055,1055,0.9999999999999997,1.0,1.0,1.0,1.0000000000000002,65.39409311713052,470.12200632567544,519.4839005571938,0.1391002595862934,0.12588280993306897,0.9049789720555859,7.943896394842896,53.96977174282074,468.70711517333984,523.4637597799301,0.05115618174674952,0.44427214708373447,0.49617417988618967,77,506,567,0.07298578199052133,0.47962085308056873,0.5374407582938389,0,True,0.8809330004053619,-0.4712192421748693,0.04369753541045908,0.30565473792591047,0.4846878769252733,0.4958167062124932,0.37188299931267854,0.5561435792056324,0.32207412170223126,179,3.9287568831798394,50.843733666983226,9:6=148;8:6=129;17:29=53;17:30=47;17:28=45,0.029370801212711548,0.012191309593617916,142
191,1691509852.0607028,1211,1061,1061,1061,0.9999999999999998,1.0,1.0,1.0,1.0000000000000002,68.66988206312499,478.1358229715672,514.194294965308,0.14362003172309576,0.1335485102333896,0.9298738388449572,7.487915801175156,61.137050330638885,478.94412487745285,522.6557574272156,0.057622102102392915,0.45140822325867375,0.4926067459257451,85,505,557,0.08011310084825636,0.4759660697455231,0.5249764373232799,0,True,0.8899594506107725,-0.45390031556817484,0.04412119440454248,0.29860320180531247,0.486322617300837,0.4995072474626806,0.34574457568846206,0.5575217694082945,0.3739688543054308,169,3.8876713347873686,48.79712195497104,9:6=154;8:6=126;17:28=48;17:29=47;17:30=45,0.031724809588966785,0.01125685591250658,150
192,1691509852.1552637,1202,1062,1062,1062,0.9999999999999997,1.0,1.0,1.0,1.0000000000000002,75.47893227774186,462.1279800049928,524.3930877172653,0.16332906801472266,0.14393578795309656,0.8812625315422852,6.947542471687886,70.53131383657455,461.98019486665726,535.5601249337196,0.06641366651278206,0.43500959968611796,0.5042939029507718,98,489,574,0.09227871939736347,0.4604519774011299,0.5404896421845574,0,True,0.8895813263707043,-0.4552371944347601,0.03747213065342006,0.30346885677888386,0.49299260862796274,0.48543958428138667,0.3505098245908329,0.5797904047190016,0.29100165149319024,180,3.8812237939408645,48.48351260892352,9:6=150;8:6=134;17:30=47;17:28=46;17:31=45,0.030874321937615346,0.012095035053789616,140
193,1691509852.2500322,1184,1045,1045,1045,0.9999999999999998,1.0,1.0,1.0,1.0000000000000002,65.65972156959062,472.1537765099619,507.1865019204475,0.13906427277767472,0.12945873228284255,0.9309273309170588,7.724469275778103,52.137331366539,605.4448336362839,673.5150244832039,0.049892183125874644,0.5793730465418985,0.6445119851513913,70,857,951,0.06698564593301436,0.8200956937799043,0.9100478468899521,0,True,0.8836325233870268,-0.46743994691483737,0.026333621872610034,0.29452613392970833,0.472857186073192,0.5070687361726455,0.299274123459897,0.49003323220574996,0.3630441927964335,171,3.927974531024689,50.803971518402406,9:6=143;8:6=108;17:28=49;17:30=47;9:5=43,0.027689229262135077,0.012048052623867989,139
194,1691509852.3456185,1078,956,956,956,0.9999999999999997,1.0,1.0,1.0,1.0000000000000002,58.059584991009785,437.75352260179113,460.18689240719925,0.13263076592949438,0.12616522971200883,0.9512516106487496,7.926114051253668,47.38895434141159,608.5795310735703,635.1462851166725,0.04957003592197865,0.6365894676501781,0.6643789593270633,65,874,897,0.06799163179916318,0.9142259414225942,0.9382845188284519,0,True,0.8857017310254217,-0.4629742958895465,0.03445642181292689,0.2923893139812253,0.4704296613775448,0.5127973688412552,0.296792988434733,0.4959289632154773,0.3985462622741003,158,3.869684976687881,47.92728549020911,9:6=139;8:6=108;17:29=49;17:28=47;17:30=39,0.027264639625111026,0.010763945989310741,122
195,1691509852.4434302,993,878,878,878,0.9999999999999998,1.0,1.0,1.0,1.0000000000000002,52.86572233734124,396.5466143109576,428.5876633517012,0.13331527853087619,0.12334867953014167,0.925240384218781,8.107099352900965,45.35805296897888,393.4187227487564,418.34742599725723,0.05166065258425841,0.4480851056363968,0.4764777061472178,63,432,451,0.07175398633257403,0.4920273348519362,0.5136674259681093,0,True,0.8853879350674996,-0.46341863329884175,0.03648800828139202,0.2889437963241113,0.4550305718844784,0.5289708237706487,0.30087365587265136,0.3751730691861376,0.5692507377571949,165,3.891416385329318,48.98021227024339,9:6=132;8:6=94;17:30=43;17:28=43;8:5=38,0.02928282674067159,0.010858256835490465,115
196,1691509852.5435603,1012,905,905,905,0.9999999999999998,1.0,1.0,1.0,1.0000000000000002,58.75134094225771,397.444924301278,448.80373475646434,0.14782259717002202,0.1309065330620257,0.8855651001142953,7.639038148891952,53.739199101924896,395.98767817020416,458.230684697628,0.059380330499364524,0.4375554454919383,0.5063322482846718,77,416,491,0.08508287292817679,0.45966850828729283,0.5425414364640884,0,True,0.8757910443082266,-0.4809134132992361,0.04138037721413744,0.3103060735328198,0.48535971876047074,0.487144690702798,0.3779427455742893,0.5797325746531699,0.27477480810018895,162,3.8678012288670316,47.837087552364444,9:6=142;8:6=100;17:28=52;8:5=41;17:30=35,0.028366969594617007,0.01112526934593916,107
197,1691509852.6461794,1073,952,952,952,0.9999999999999997,1.0,1.0,1.0,1.0000000000000002,57.731052063094545,433.71605458369305,460.5528933532125,0.13310794344126436,0.12535162170573705,0.941729084418242,7.977559335829737,49.2446671128273,433.71797543764114,467.92530184984207,0.0517275915050707,0.4555861086529844,0.491518174212019,71,458,499,0.07457983193277311,0.4810924369747899,0.5241596638655462,0,True,0.8707318561864061,-0.4905449792117937,0.034520399654068674,0.30915458944497226,0.47212692944636875,0.5052912565981876,0.37330438715446185,0.5088622038834605,0.3737062773657242,159,3.88072764970402,48.459463759902874,9:6=147;8:6=98;17:29=54;17:28=47;9:5=41,0.02764069701307026,0.01111095305532217,121
198,1691509852.7504978,1093,977,977,977,0.9999999999999998,1.0,1.0,1.0,1.0000000000000002,67.85675316198903,445.7460267244984,463.3972201135126,0.15223187441652544,0.14643323312420176,0.9619091513222923,6.8290508832227985,61.940642952919006,612.1817105412483,616.4769062995911,0.06339881571434904,0.6265933577699574,0.6309896686792129,86,886,866,0.08802456499488229,0.9068577277379734,0.8863868986693961,0,True,0.8742642961905339,-0.4841235056096878,0.035866024628563566,0.3041774095312707,0.4622044595377175,0.5161225023464145,0.33428626689404967,0.4843720879836747,0.4290870154261872,177,3.9519314228691274,52.035772922146506,9:6=135;8:6=101;17:28=54;17:29=48;17:30=41,0.02710407548481561,0.012608765624463558,116
199,1691509852.8561223,1124,1003,1003,1003,0.9999999999999997,1.0,1.0,1.0,1.0000000000000002,64.98691737388657,463.75956565255007,474.2535169735631,0.1401306241143389,0.13702991131958062,0.9778726968900939,7.297676765387405,56.61695581674576,457.04908895492554,462.07242983579636,0.05644761297781232,0.4556820428264462,0.4606903587595178,78,516,517,0.07776669990029911,0.514456630109671,0.5154536390827518,0,True,0.8752419254891928,-0.48157082506368054,0.04517867100144229,0.3020548384826946,0.4617730211834881,0.5191909858708603,0.3315961383163465,0.43266880420799786,0.4598100757787816,176,3.9337196833255357,51.09668811785044,9:6=158;8:6=92;17:28=57;17:29=54;9:5=41,0.02677451001676376,0.011601369827985764,121
200,1691509852.9618053,1106,984,984,984,0.9999999999999997,1.0,1.0,1.0,1.0000000000000002,64.48026562701898,445.7493909522531,473.7703434207274,0.1446558692750426,0.13610025727118566,0.940855410521991,7.347524685478416,57.844347298145294,436.52324908971786,459.22704684734344,0.058784905790798064,0.4436211880993068,0.4666941533001458,82,490,515,0.08333333333333333,0.49796747967479676,0.5233739837398373,0,True,0.8734309033819629,-0.48523431691328467,0.040818068389698876,0.30650848541716713,0.4690554052878059,0.5033785267636375,0.3572329218164759,0.4875684071710005,0.3268561846512221,159,3.889929610185367,48.907443816663125,9:6=137;8:6=113;17:29=51;17:30=42;9:5=39,0.030161317918083606,0.013624747283756733,122
201,1691509853.065933,1116,983,983,983,0.9999999999999998,1.0,1.0,1.0,1.0000000000000002,65.86751022691577,439.7050231184098,477.4274666546742,0.149799312638687,0.13796338674950615,0.9209881161622625,7.248299882748273,57.66328835487366,433.2575807571411,467.98085165023804,0.05866051714636181,0.4407503364772544,0.476074111546529,80,505,535,0.08138351983723296,0.513733468972533,0.5442522889114955,0,True,0.8847574263322208,-0.4649961272421332,0.031351207310126916,0.2890348580309214,0.45761888098770037,0.5273464951055756,0.2487240603035473,0.3998205593800761,0.5191057372917542,170,3.9469809186782827,51.77880619245832,9:6=121;8:6=101;17:28=55;17:30=50;8:5=46,0.027628183631894357,0.012029915116727352,133
202,1691509853.1673791,1154,1023,1023,1023,0.9999999999999997,1.0,1.0,1.0,1.0000000000000002,69.9371104939378,462.91660764922506,490.14628185683694,0.15107928585472705,0.14268620018699885,0.9444458211445431,7.008386225783852,61.556414902210236,465.6172249317169,483.62924242019653,0.060172448584760736,0.4551488024747966,0.47275585769325174,87,512,522,0.08504398826979472,0.5004887585532747,0.5102639296187683,0,True,0.8801877505166187,-0.47094274674551495,0.05901231336157146,0.294155533587515,0.45544374625121137,0.523977841078719,0.2620097807199899,0.3834525130387385,0.45965952927810905,173,3.959434464722266,52.42766786783531,9:6=136;8:6=113;17:29=59;17:30=43;17:28=41,0.026748624039062734,0.01116780936717987,131
203,1691509853.2668679,1233,1093,1093,1093,0.9999999999999998,1.0,1.0,1.0,1.0000000000000002,71.24763568646753,486.38723381971766,535.365130493815,0.1464833587981791,0.13308232387258673,0.9085149669181468,7.514145912851672,59.78697711229324,487.57722133398056,528.1805419921875,0.05469988756842932,0.44609077889659704,0.48323928819047346,83,538,571,0.07593778591033852,0.4922232387923147,0.5224153705397987,0,True,0.8732924691505294,-0.4854231328121754,0.04152885088447561,0.2959254089757482,0.447332468449687,0.5332881735786156,0.2707095455246124,0.35198536150080917,0.6091235940828342,178,3.982681442330694,53.66072963786093,9:6=144;8:6=113;17:29=63;17:28=57;17:30=45,0.025846755478782513,0.011617281474173069,140
204,1691509853.3650537,1263,1116,1116,1116,0.9999999999999998,1.0,1.0,1.0,1.0000000000000002,66.18314918254576,519.6886978061124,530.1281530113422,0.1273515269082062,0.12484367941336208,0.9803076762742565,8.010017044507016,53.35856103897095,684.8804484009743,682.0516037344933,0.04781233068008149,0.6136921580653891,0.611157351016571,76,980,953,0.06810035842293907,0.8781362007168458,0.8539426523297491,0,True,0.8845056915950209,-0.4622901279023079,0.06274965482041844,0.2950025625891912,0.4699830743693721,0.5192221266815501,0.3399412169753786,0.477080204234381,0.46179208603776795,183,3.906713162838425,49.735211485309996,9:6=177;8:6=128;17:30=59;17:29=50;17:28=50,0.025629237185666398,0.01143840467557311,147
205,1691509853.4626923,1234,1079,1079,1079,0.9999999999999998,1.0,1.0,1.0,1.0000000000000002,62.15955573474992,485.06835831123584,531.772085954014,0.1281459709125498,0.11689134758405745,0.912173412489318,8.55495313099109,54.33973866701126,490.258592069149,540.4626256227493,0.05036120358388439,0.4543638480715005,0.5008921460822514,77,516,570,0.07136237256719184,0.4782205746061168,0.5282669138090825,0,True,0.8784870277176122,-0.47492088797851706,0.05206430921055223,0.3080200189659186,0.48563006015560334,0.4949143098540767,0.38750398005463593,0.5637608812186898,0.3315127888682298,175,3.830937460073595,46.105740271626125,9:6=180;8:6=136;17:28=54;17:30=53;9:5=44,0.025624987452433877,0.011739708483219147,155
206,1691509853.5596912,1200,1040,1040,1040,0.9999999999999998,1.0,1.0,1.0,1.0000000000000002,64.63454595058246,459.1750936472029,516.1903604022147,0.14076230798407152,0.1252145543752877,0.8895460451632891,7.986292048788855,56.763273537158966,460.8882640004158,526.3107862472534,0.054580070708806695,0.4431617923080921,0.5060680636992821,77,479,553,0.07403846153846154,0.46057692307692305,0.5317307692307692,0,True,0.8810707663722901,-0.47156854428363854,0.0365706533487703,0.3093877537640775,0.4874526242617499,0.48752364243325885,0.39076936479047686,0.6277196054284235,0.2695827931014377,154,3.8140253698057496,45.33255237084087,9:6=163;8:6=121;17:29=58;17:30=45;8:5=45,0.02792051445426358,0.012455421965569258,160
207,1691509853.6559045,1215,1044,1044,1044,0.9999999999999998,1.0,1.0,1.0,1.0000000000000002,61.98903704616922,439.2112476129733,542.7997153408576,0.1411371803046198,0.1142024125919861,0.8091589497926788,8.756382438020164,51.619283616542816,442.96301221847534,554.4013406038284,0.049443758253393505,0.4242940730062024,0.5310357668619047,71,464,582,0.06800766283524905,0.4444444444444444,0.5574712643678161,0,True,0.880156401754952,-0.472247904579119,0.048027336699078674,0.31850414405604627,0.5095319888969017,0.46752052320272985,0.3969362891919302,0.6884288598382283,0.2276504709460222,172,3.7586946939945984,42.89240171277045,9:6=175;8:6=138;17:29=51;8:5=50;17:30=48,0.026762597075604206,0.01110730180516839,171
208,1691509853.7518284,1207,1061,1061,1061,0.9999999999999998,1.0,1.0,1.0,1.0000000000000002,71.36672445110803,453.7607130164763,535.8725625324159,0.15727832402387085,0.13317853803494728,0.8467698194363654,7.508717356077228,63.61730498075485,458.5414654016495,551.0804716944695,0.059959759642558765,0.43217857248034824,0.5193972400513378,91,482,584,0.08576814326107446,0.45428840716305374,0.5504241281809613,0,True,0.8757039609790458,-0.47885169969067276,0.0619969549975133,0.32071802879465794,0.49724455484142904,0.47757684053075256,0.3964841799947004,0.6205321550982782,0.27089208573991996,180,3.912407040540447,50.01920544316127,9:6=170;8:6=127;17:30=54;17:29=42;17:28=42,0.027855888288073234,0.012318423949182034,146
209,1691509853.8482258,1221,1069,1069,1069,0.9999999999999998,1.0,1.0,1.0,1.0000000000000002,66.2485940448582,469.6213823527625,533.1300236023795,0.1410680955644704,0.12426348378808975,0.8808758868606071,8.047416421266043,57.05616909265518,472.07667046785355,542.4595896601677,0.05337340420267089,0.44160586573232324,0.5074458275586228,79,502,580,0.07390084190832553,0.4695977549111319,0.5425631431244153,0,True,0.8766505805344438,-0.47816238387179694,0.053333800714589166,0.3146569892928085,0.4898644333529662,0.48681286521237943,0.39137000972754055,0.5840311266731474,0.2910540982618562,177,3.8722752321542506,48.051590324575585,9:6=171;8:6=133;9:5=52;17:30=41;17:29=40,0.0291676974452845,0.012385327368974686,152
210,1691509853.9456973,1224,1060,1060,1060,0.9999999999999998,1.0,1.0,1.0,1.0000000000000002,60.662179243623996,488.45477921669305,510.88304153968295,0.12419200676243655,0.1187398568971917,0.9560990275672563,8.421771982307744,49.098873257637024,480.2249881029129,499.05645406246185,0.046319691752487756,0.45304244160652163,0.47080797553062437,69,540,563,0.06509433962264151,0.5094339622641509,0.5311320754716982,0,True,0.8729339751231281,-0.4853504083636541,0.04920626156261474,0.3034839244792204,0.4702087667763575,0.5099668299521943,0.345299156721979,0.4808504608769145,0.40372855919435774,165,3.8977146219414474,49.28967474741203,9:6=157;8:6=118;17:28=61;17:29=51;17:30=41,0.03278139126913593,0.011942225974053144,164
211,1691509854.0439043,1088,954,954,954,0.9999999999999998,1.0,1.0,1.0,1.0000000000000002,57.19363491931458,434.83674276845,461.96962231223546,0.13152898385537332,0.12380388700246316,0.9412669616500304,8.077290820280178,49.12531477212906,425.684393286705,450.99710911512375,0.051494040641644714,0.4462100558560849,0.4727433009592492,68,465,494,0.07127882599580712,0.48742138364779874,0.5178197064989518,0,True,0.8776032998105079,-0.4781813691478574,0.03398567877192699,0.3042245626436712,0.4761926228940219,0.5035201631174522,0.36990141253815745,0.4679486369122738,0.3775045765697402,160,3.8277678643228485,45.95983506558776,9:6=155;8:6=112;17:29=56;17:28=45;17:30=38,0.027689916127180206,0.011871002614498138,134
212,1691509854.1444123,967,858,858,858,0.9999999999999997,1.0,1.0,1.0,1.0000000000000002,53.13335804671415,380.48026213938317,424.3863798139023,0.13964813246278082,0.12520043190361968,0.8965421140664966,7.987192893789762,46.413652658462524,384.1756306886673,434.61992263793945,0.05409516626860434,0.44775714532478705,0.5065500263845448,65,403,459,0.07575757575757576,0.4696969696969697,0.534965034965035,0,True,0.8709217602685602,-0.49026061773948115,0.03376113422879043,0.31926518864267733,0.4843636058820277,0.4926083651081101,0.39700306099221216,0.5912032021752663,0.3196437984373355,162,3.8442804799930395,46.72505264281693,9:6=147;8:6=95;17:29=44;9:5=41;17:30=40,0.030721882595962424,0.012959560845047235,109
213,1691509854.2268207,856,752,752,752,0.9999999999999997,1.0,1.0,1.0,1.0000000000000002,46.54120358581266,337.63699407788766,367.8218023362995,0.13784391047823485,0.12653193282778824,0.9179363265943277,7.903143322413435,39.78404629230499,339.75472897291183,380.36358243227005,0.05290431687806515,0.45180150129376573,0.505802636213125,54,356,404,0.07180851063829788,0.4734042553191489,0.5372340425531915,0,True,0.8694340365126642,-0.4916514767892641,0.04861359402709385,0.3175176538314348,0.47852725621333186,0.5003917929065034,0.3931187227793759,0.5517688658119777,0.40380057152985094,158,3.904274136310897,49.61405379861345,9:6=114;8:6=83;8:5=37;17:29=34;17:31=32,0.03014201372156451,0.013866190798580647,104
214,1691509854.5087683,837,686,686,686,0.9999999999999998,1.0,1.0,1.0,1.0000000000000002,43.68619239752488,282.9348093309634,359.3789982715119,0.154403738800562,0.12156022641178334,0.7872881016747821,8.226374937905396,38.06171631813049,289.3316413164139,364.29754346609116,0.055483551484155236,0.42176624098602605,0.5310459817289959,50,307,381,0.0728862973760933,0.44752186588921283,0.5553935860058309,0,True,0.8587166528152372,-0.5095158805997085,0.05476566072366051,0.29352201420700946,0.41346712492144383,0.5653784366445139,0.28120878934297866,0.1688741595785006,0.8633737018471308,140,3.8919564401832343,49.00667141567765,9:6=101;8:6=63;17:28=39;17:29=38;17:30=27,0.05420500637055679,0.023919803090393543,151
215,1691509854.5682774,1236,1077,1077,1077,0.9999999999999998,1.0,1.0,1.0,1.0000000000000002,70.53411786250003,491.29256270434047,515.1733194331595,0.14356846249461222,0.13691337497855688,0.9536451989495598,7.303888317387678,60.979976177215576,684.2676890492439,700.5040127635002,0.05662021929175077,0.6353460436854632,0.6504215531694524,86,987,985,0.07985143918291551,0.9164345403899722,0.914577530176416,0,True,0.8798432357944334,-0.4726572603786449,0.04970910015414761,0.30301334152241083,0.467785464787635,0.5159075571402584,0.3418205739272513,0.49232884739708405,0.4784801859624837,183,3.947410767524681,51.801068036839304,9:6=172;8:6=96;17:29=58;17:30=45;17:28=43,0.0314777725000972,0.01434125006198883,159
216,1691509854.6719205,1236,1083,1083,1083,0.9999999999999997,1.0,1.0,1.0,1.0000000000000002,81.11538320196307,492.1329876129,509.751629185137,0.16482411308255254,0.15912726621713794,0.9654368116480545,6.284278136441086,67.84496581554413,687.7096251249313,701.4874766469002,0.06264539779828636,0.6350042706601398,0.6477262018900278,94,988,991,0.08679593721144968,0.9122807017543859,0.9150507848568791,0,True,0.8814472873828962,-0.4696527486502233,0.049769219911752934,0.307509200915424,0.4686417127279249,0.5105255896067336,0.3344689569692247,0.4735711852130336,0.41448888342800744,181,4.027778838444311,56.136085354534224,9:6=156;8:6=99;17:28=55;17:29=47;17:30=46,0.03338383406780524,0.01616670936346054,153
217,1691509854.773099,1322,1172,1172,1172,0.9999999999999998,1.0,1.0,1.0,1.0000000000000002,82.4330731469779,532.2649082041711,557.302018648851,0.1548722673172312,0.14791454254343542,0.9550744307272006,6.76066046518954,71.54875898361206,519.6005640625954,541.5258502960205,0.06104842916690449,0.4433451911796889,0.4620527732901199,100,605,632,0.08532423208191127,0.5162116040955631,0.5392491467576792,0,True,0.8846178288101041,-0.46524223588192426,0.03163793455466299,0.3063106654511059,0.4777514838105772,0.5087241791617542,0.3554406790430057,0.5030258584804452,0.41278357143477007,201,4.077258780693866,58.98356116105683,9:6=186;8:6=103;17:29=60;8:5=46;9:5=45,0.029538018174568578,0.013772128615528345,150
218,1691509854.8713906,1323,1172,1172,1172,0.9999999999999997,1.0,1.0,1.0,1.0000000000000002,76.81517479572007,538.9802035405955,556.2046216636843,0.14251947342614119,0.13810596281267018,0.969032227615139,7.240816975849341,67.95952588319778,747.5546705126762,762.1302236318588,0.057985943586346234,0.637845282007403,0.6502817607780366,96,1072,1077,0.08191126279863481,0.9146757679180887,0.9189419795221843,0,True,0.8701569408187381,-0.4893755480271541,0.057779506211958126,0.3130887695773838,0.46723003016386044,0.5143486629079929,0.3741577368545401,0.46163671720962685,0.45429280877611344,189,3.974531934437705,53.22519819207465,9:6=170;8:6=132;17:29=54;8:5=52;17:30=51,0.03325797773958508,0.011813686694949865,151
219,1691509854.9682803,1292,1126,1126,1126,0.9999999999999997,1.0,1.0,1.0,1.0000000000000002,71.55071370999491,499.4000853720455,555.0492009179598,0.14327333095406003,0.1289087770807738,0.899740211401296,7.757423680882515,62.41588234901428,499.53328812122345,556.3056839108467,0.05543151185525247,0.44363524699931034,0.4940547814483541,88,534,595,0.07815275310834814,0.47424511545293074,0.5284191829484902,0,True,0.8696420625615006,-0.49218530905648006,0.03842270907622802,0.3198474824648629,0.4811955661568316,0.49306472892230657,0.39605920448457377,0.5730681391142655,0.30618532313795976,177,3.887727502366719,48.79986284816446,9:6=176;8:6=132;8:5=51;17:30=48;17:29=48,0.030074419576411052,0.012737309094518423,166
220,1691509855.0631347,1226,1079,1079,1079,0.9999999999999998,1.0,1.0,1.0,1.0000000000000002,80.01951142164636,461.2990379574515,537.6814506209025,0.17346559354634306,0.14882326948277946,0.857941142333911,6.719379324721201,76.18899494409561,464.66822451353073,555.3133947253227,0.07061074600935645,0.43064710334896267,0.514655602155072,106,486,591,0.09823911028730306,0.45041705282669137,0.5477293790546802,0,True,0.8752339700399911,-0.4808646283188269,0.05229442532271296,0.3290217658751721,0.49709239147441375,0.4789646812267379,0.4004961236200854,0.6212069005299019,0.26182335095152937,188,3.9611885496858994,52.51971115399277,9:6=170;8:6=120;8:5=50;9:5=49;17:29=48,0.032765065406906484,0.013360636308789253,147
221,1691509855.1576974,1182,1047,1047,1047,0.9999999999999998,1.0,1.0,1.0,1.0000000000000002,69.14686527111289,456.0366696813402,521.8164650475469,0.15162566931170227,0.1325118502437679,0.873940743973625,7.546494884498305,67.0808093547821,464.6146516799927,532.6121439933777,0.06406954093102397,0.44375802452721363,0.5087030983699883,98,491,561,0.0936007640878701,0.4689589302769819,0.5358166189111748,0,True,0.873014324499616,-0.4844581412397136,0.056091876462113895,0.3262703952949599,0.49165017426838475,0.486596590716485,0.39936238646830824,0.6084767298208316,0.3077338808676822,188,3.9489173265670834,51.87916822079336,9:6=166;8:6=132;17:29=51;17:30=43;8:5=43,0.03239763135187535,0.013577690348029137,135
222,1691509855.2522259,1181,1021,1021,1021,0.9999999999999997,1.0,1.0,1.0,1.0000000000000002,66.81147960433776,442.5001349610569,511.68838543460527,0.15098634853573015,0.13057063929170695,0.8647844030800447,7.658689621377337,59.327017188072205,440.6850937008858,522.0166643857956,0.05810677491486014,0.43162105161693026,0.5112797888205638,83,463,556,0.08129285014691479,0.4534769833496572,0.544564152791381,0,True,0.869387914663972,-0.49148184444839005,0.05109060984015075,0.32756394294244223,0.4901363723943604,0.48551683294593184,0.3979941097068838,0.6086987668222508,0.29690337001818246,169,3.903965436303892,49.5987403036179,9:6=162;8:6=133;17:30=43;17:29=43;9:5=41,0.03165696477831994,0.012352160178124905,160
223,1691509855.346503,1200,1048,1048,1048,0.9999999999999998,1.0,1.0,1.0,1.0000000000000002,63.97199312070205,458.93512676909694,525.0928801102008,0.13939223517507768,0.12182986199941677,0.8740075216269941,8.208168207600755,53.53880512714386,463.12523424625397,537.5784380435944,0.051086646113686886,0.4419133914563492,0.5129565248507579,76,488,570,0.07251908396946564,0.46564885496183206,0.5438931297709924,0,True,0.8664192924310343,-0.4965804573313998,0.05220592973833103,0.32492257791470414,0.4871172990558143,0.48765306474531156,0.39595067817044516,0.5795784604211811,0.27763270669629736,170,3.9062983692643956,49.7145859171552,9:6=155;8:6=124;8:5=52;9:5=49;17:28=44,0.033248387490134805,0.012633525766432285,152
224,1691509855.4423332,1275,1131,1131,1131,0.9999999999999998,1.0,1.0,1.0,1.0000000000000002,90.09161899963138,504.10207560209807,536.8063053982702,0.17871701657253883,0.1678289135087378,0.9390762935023499,5.958448869705256,83.05370396375656,493.9779158234596,523.7241759300232,0.07343386734195982,0.43676208295619773,0.46306293185678443,114,564,598,0.10079575596816977,0.4986737400530504,0.5287356321839081,0,True,0.8724484262762096,-0.4865495968127482,0.04586102189787214,0.3233106747261188,0.47484383619811865,0.501269132264194,0.38673108948263873,0.49499610906451524,0.3761190743527941,199,4.070956615367702,58.61300588385709,9:6=157;8:6=131;17:29=52;17:28=51;9:5=49,0.03842596288258957,0.014962284825742245,144
225,1691509855.540305,1195,1042,1042,1042,0.9999999999999998,1.0,1.0,1.0,1.0000000000000002,66.39010188973053,462.0729884950192,513.5369096152501,0.14367882032222742,0.12928009778200955,0.8997853510494728,7.73514266431162,57.3435874581337,456.7990645170212,509.0753903388977,0.055032233645041936,0.4383868181545309,0.48855603679356785,80,497,555,0.07677543186180422,0.47696737044145876,0.5326295585412668,0,True,0.8815020498176455,-0.4698128214436167,0.0472233943557349,0.3085009022221162,0.4864470915176487,0.49331685390643704,0.37971639679861596,0.5970205886605837,0.3005826497382195,169,3.9229657958842346,50.550144088822826,9:6=164;8:6=121;17:29=43;8:5=43;17:28=42,0.039640655236268744,0.014935261569917202,153
226,1691509855.640809,1037,906,906,906,0.9999999999999998,1.0,1.0,1.0,1.0000000000000002,56.44168465572025,414.18571038126817,435.37260496301144,0.13627144356033985,0.12963995440300027,0.9513361788495092,7.713671333849659,49.48043352365494,411.2510868906975,431.5265499949455,0.05461416503714673,0.4539195219544122,0.47629862030347186,70,453,478,0.0772626931567329,0.5,0.5275938189845475,0,True,0.8561867646952681,-0.5139933782491274,0.052488389922901876,0.3275750816946537,0.4670239119925402,0.5090985870989135,0.3959883067366916,0.49568134351851545,0.390487017935482,161,3.9430631745341924,51.576346928465256,9:6=139;8:6=92;9:5=51;17:29=38;17:28=37,0.034233748202101094,0.011792674195021391,131
227,1691509855.7433648,972,849,849,849,0.9999999999999998,1.0,1.0,1.0,1.0000000000000002,60.92144187943502,384.38135996504786,403.69719815551724,0.15849218569020793,0.15090875576492385,0.9521526572918441,6.626520740504526,55.321524262428284,517.7828243970871,530.2471571564674,0.06516080596281305,0.6098737625407387,0.6245549554257567,77,749,744,0.09069493521790342,0.8822143698468787,0.8763250883392226,0,True,0.8719425543559058,-0.48864026842826735,0.03077125238999613,0.31740575655257847,0.4617244736747398,0.5168765588968214,0.38580635411021824,0.4415733204722128,0.5168233207500214,170,4.006957422251151,54.97933691848111,9:6=113;8:6=106;8:5=45;9:5=33;17:28=32,0.03501141787581481,0.01375807449221611,123
228,1691509855.849432,1070,933,933,933,0.9999999999999998,1.0,1.0,1.0,1.0000000000000002,61.01185816804806,430.7510024044309,441.23713942752136,0.14164066439191753,0.13827453021567332,0.9762346908587622,7.231989856991398,54.702134013175964,421.24664545059204,425.57725924253464,0.0586303687172304,0.45149694046151345,0.4561385415246888,77,485,490,0.08252947481243302,0.5198285101822079,0.5251875669882101,0,True,0.8704605326893592,-0.49061795577022055,0.03990592068862741,0.31306311240871726,0.467447457735717,0.509178368806507,0.3789786678445116,0.5082427888020695,0.42177251795359777,173,3.964134036183097,52.674635305523054,9:6=141;8:6=108;17:29=46;9:5=38;17:30=37,0.03723966017124885,0.015039109624922276,137
229,1691509855.9580882,1126,994,994,994,0.9999999999999998,1.0,1.0,1.0,1.0000000000000002,73.43358139556152,448.66246687757393,471.9039517268649,0.1636722186872816,0.15561128726903398,0.950749543918329,6.426269055091841,65.80036056041718,449.11305862665176,478.4442881345749,0.06619754583542975,0.45182400264250683,0.48133228182552806,91,475,511,0.09154929577464789,0.4778672032193159,0.5140845070422535,0,True,0.8701413131312156,-0.49021961970034367,0.05038670105428947,0.32199681339488384,0.47207772766809813,0.5021288945324062,0.39193625070829174,0.49230651409137316,0.3588894150262493,174,4.035805882557687,56.588505557243344,9:6=139;8:6=96;9:5=58;17:28=38;17:29=35,0.0406501709740005,0.015748456120491028,132
230,1691509856.0656419,1139,1003,1003,1003,0.9999999999999997,1.0,1.0,1.0,1.0000000000000002,70.59787247941003,451.35679169367114,481.0453358269189,0.1564125626967938,0.1467592911134914,0.9382832720283775,6.813878647224341,61.535036444664,455.6191011071205,490.34105682373047,0.06135098349418146,0.45425633211078814,0.488874433523161,83,479,517,0.08275174476570289,0.47756729810568294,0.5154536390827518,0,True,0.8631385969918557,-0.502290738784696,0.05192086395713043,0.32849107783513004,0.47263728452144854,0.4996872081429328,0.3949647571288546,0.5150916926241449,0.35065685376404476,171,3.9419765848224357,51.52033503700629,9:6=140;8:6=115;17:29=49;9:5=48;17:28=42,0.037978314508416634,0.01321639958769083,136
231,1691509856.170541,1192,1029,1029,1029,0.9999999999999998,1.0,1.0,1.0,1.0000000000000002,71.7243167180941,473.3060136663277,483.96966961557837,0.15153899305547058,0.14820002413594513,0.9779662722299914,6.747637227661256,61.42644792795181,524.4899036288261,607.895305454731,0.05969528467245074,0.5097083611553218,0.5907631734253945,85,687,852,0.0826044703595724,0.6676384839650146,0.8279883381924198,0,True,0.857758540703163,-0.5105823197227887,0.059632043712056444,0.3249602428891608,0.4617480080148319,0.5130831808660692,0.3932640804744736,0.4824174757391113,0.4223731557806239,177,4.01648047737637,55.50540910620329,9:6=146;8:6=111;17:28=50;17:29=49;9:5=41,0.03663595594797766,0.013967842794954777,163
232,1691509856.2728755,1234,1063,1063,1063,0.9999999999999998,1.0,1.0,1.0,1.0000000000000002,72.12847075294394,485.5371957352454,505.33433351181054,0.14855395505532862,0.14273415829810854,0.9608236835225793,7.006031435806993,67.68354374170303,491.1359345316887,504.2771620750427,0.06367219542963597,0.4620281604249188,0.47439055698498844,95,527,538,0.08936970837253057,0.49576669802445905,0.5061147695202258,0,True,0.8610975772368306,-0.5059291794698543,0.05046412426487131,0.3205105738482767,0.45343212336480543,0.5238701272353933,0.39027715701990967,0.4137416098049791,0.5306027290840487,175,3.9703043947592658,53.00066150810683,9:6=166;8:6=102;17:28=48;8:5=47;17:29=45,0.03581687391694527,0.012235894799232483,171
233,1691509856.3726165,1323,1146,1146,1146,0.9999999999999997,1.0,1.0,1.0,1.0000000000000002,82.44695913045383,513.4658873435965,550.0871535259498,0.16056949675272725,0.14987981195704198,0.9334264289801747,6.672012640946043,76.69660741090775,492.92142832279205,542.600932776928,0.06692548639695266,0.4301234104038325,0.47347376333065266,104,577,635,0.09075043630017451,0.5034904013961605,0.5541012216404887,0,True,0.861787211322914,-0.5053075549300914,0.0445766455764431,0.31846443809965563,0.4522578210417858,0.5237998758305092,0.3840803314069296,0.40977493481463984,0.4735972419164596,185,4.011327276228885,55.220114290436385,9:6=180;8:6=107;17:29=53;17:30=46;17:28=44,0.03491011010423561,0.012605137191712856,177
234,1691509856.4712477,1319,1159,1159,1159,0.9999999999999998,1.0,1.0,1.0,1.0000000000000002,86.72927938462385,528.3241435580854,543.9465770572906,0.16415922013431247,0.15944448047420873,0.9712794708926723,6.2717755862471325,82.70427322387695,720.2814370393753,741.5823948383331,0.07135830304044603,0.6214680216042927,0.6398467599985618,114,1029,1050,0.09836065573770492,0.8878343399482312,0.90595340811044,0,True,0.8630964943290709,-0.5040155592054363,0.03213654548484483,0.3239341615967437,0.4621817443122986,0.5137094051094504,0.3911823657631283,0.4849470956043645,0.41267200171713053,191,4.029000595483652,56.20471192593899,9:6=167;8:6=118;17:29=64;8:5=56;17:28=54,0.03546595573014884,0.012768455781042576,160
235,1691509856.5680335,1305,1136,1136,1136,0.9999999999999997,1.0,1.0,1.0,1.0000000000000002,84.07470334703628,505.42880067417997,546.496495978784,0.16634331726821056,0.1538430785296384,0.9248527747080041,6.500129934720115,75.0767874121666,499.0577709674835,535.3647782802582,0.06608872131352693,0.43931141810517915,0.4712718118664245,100,550,589,0.0880281690140845,0.4841549295774648,0.5184859154929577,0,True,0.8632304472731247,-0.5019603011701436,0.053563522567319125,0.32875122831925757,0.4739596587192424,0.4975082723976036,0.3942497686875094,0.519676317403067,0.3419511841589157,193,3.969637913960787,52.96534935364859,9:6=173;8:6=133;17:29=61;17:28=51;8:5=47,0.038890761137680786,0.012776128016412258,169
236,1691509856.6634665,1253,1096,1096,1096,0.9999999999999998,1.0,1.0,1.0,1.0000000000000002,73.19962108265196,478.6189842975934,544.1813946197547,0.15293923451464736,0.13451327407803054,0.8795210366058678,7.434210540588763,64.71706080436707,478.35218995809555,550.0565557479858,0.05904841314267068,0.4364527280639558,0.5018764194780893,90,517,596,0.08211678832116788,0.4717153284671533,0.5437956204379562,0,True,0.8623212322544132,-0.5050590976580639,0.03629600909263075,0.33176790551446267,0.4839034142652393,0.49198737565266515,0.40553749442714876,0.577196916533504,0.3131993355998013,178,3.892815128931943,49.048770965652075,9:6=177;8:6=125;17:30=61;8:5=56;17:29=54,0.03477737275702531,0.013500723987817764,157
237,1691509856.7580812,1222,1071,1071,1071,0.9999999999999997,1.0,1.0,1.0,1.0000000000000002,78.23227306658036,465.7288798850351,527.0388470483842,0.16797814446441878,0.1484373941403191,0.8836708764321491,6.736846909712601,72.7090236544609,470.11595046520233,542.7639983892441,0.06788891097522026,0.4389504672877706,0.5067824448078843,101,495,579,0.09430438842203548,0.46218487394957986,0.5406162464985994,0,True,0.8594980473664608,-0.5092512966770086,0.04388876172810112,0.33736415421568283,0.48150760319527747,0.4885583671333047,0.4093303089599474,0.5627193435317228,0.31177839183091355,187,3.999361346699952,54.56329187677217,9:6=160;8:6=121;9:5=61;17:29=52;8:5=40,0.033000204729680765,0.012314326129853725,151
238,1691509856.8528993,1233,1073,1073,1073,0.9999999999999997,1.0,1.0,1.0,1.0000000000000002,77.29299026713649,467.71623255806,527.9907771748034,0.16525616364521134,0.1463907962194326,0.8858416714411886,6.831030541708709,72.43741142749786,466.8566623330116,532.6014003157616,0.06750923711789177,0.43509474588351504,0.49636663589539753,102,502,575,0.09506057781919851,0.4678471575023299,0.5358807082945014,0,True,0.8655354565810198,-0.49895932302289636,0.043450746479413466,0.33071365240116185,0.48314043054746375,0.48837839444510767,0.40543489647664194,0.5762959738059911,0.30633478270454584,178,3.930948087594686,50.95526482982456,9:6=154;8:6=139;9:5=60;17:30=51;17:29=38,0.03243485624313786,0.012955252081155777,160
239,1691509856.9118147,658,571,571,571,0.9999999999999998,1.0,1.0,1.0,1.0000000000000002,32.56297360783993,241.63288420522858,296.80414218693136,0.13476217740372987,0.10971199177985635,0.814115606422517,9.114773907364288,24.606941282749176,243.29218071699142,303.7162033319473,0.04309446809588297,0.4260808769124193,0.5319022825428149,34,254,318,0.0595446584938704,0.4448336252189142,0.5569176882661997,1,False,0.8676856084501515,-0.49448498489918513,0.051051783492284813,0.3362233062782284,0.5066751393497498,0.47501559306798224,0.40362738033108775,0.6562814031857553,0.2294792455374694,123,3.8094016913547026,45.1234330481189,9:6=91;8:6=67;8:5=34;9:5=30;17:30=29,0.029639236658714898,0.011446984484791756,87
240,1691509857.0409539,182,13,13,13,0.9999999999999999,1.0,1.0,1.0,1.0,1.0796695571112822,3.2853915564958918,8.634938886392826,0.3286273610147182,0.12503499692541603,0.3804765267850479,7.997760823687666,1.1402862668037415,3.3065536618232727,8.699539601802826,0.08771432821567242,0.25435028167871326,0.6691953539848328,2,4,9,0.15384615384615385,0.3076923076923077,0.6923076923076923,3,False,-0.011307144030920998,-0.014001299964575397,0.999838042931537,0.6271860078490388,0.6651353157898758,0.19328519834617855,0.6117388000417162,0.7026710466340463,0.05317284031772089,11,2.3114234446919735,10.088775252531292,8:6=3;12:34=1;11:30=1;9:6=1;9:5=1,0.11163120485521198,0.07709933817386627,169
241,1691509857.1447258,1108,283,283,283,0.9999999999999998,1.0,1.0,1.0,1.0000000000000002,31.786253979908704,120.00811323019329,131.20563278989812,0.26486754207140956,0.2422628762502033,0.9146567161667852,4.127747575188631,33.00575906038284,120.59410053491592,136.12888497114182,0.1166281238882786,0.4261275637276181,0.48102079495103117,44,128,148,0.15547703180212014,0.45229681978798586,0.5229681978798587,0,True,0.7753890447728108,-0.6269120561141452,0.07584921321307748,0.40057343586170147,0.4404670199346612,0.4837614115091958,0.44185632681194137,0.40076574914485297,0.32887093310075255,101,3.952373748188239,52.05879475320355,9:5=27;9:4=23;9:6=17;17:30=15;8:6=15,0.1256025229802253,0.08298049867153168,825
242,1691509857.2434173,974,545,545,545,0.9999999999999998,1.0,1.0,1.0,1.0000000000000002,64.69255183735591,176.64594983577675,303.66149832686756,0.366227201345397,0.21304166709906536,0.5817199441123463,4.693917455757589,65.18857795000076,179.468687415123,310.7408106327057,0.11961206963302892,0.32930034388095963,0.5701666250141388,84,195,330,0.15412844036697249,0.3577981651376147,0.6055045871559633,0,True,-0.7188200180925984,0.6654406765244412,-0.20121254338646602,0.4934665139917714,0.5122447425248536,0.39354302031572036,0.6307480238284973,0.6682546425684711,0.1365011322296028,132,3.7151237889920177,41.063670000099606,9:4=118;9:5=71;17:28=28;17:29=17;8:4=17,0.06958740367132893,0.02677939645946026,429
243,1691509857.346937,1029,672,672,672,0.9999999999999997,1.0,1.0,1.0,1.0000000000000002,70.43395130724046,205.7799870377409,395.7860616550187,0.3422779460780245,0.17795965581181383,0.5199273217890783,5.6192511467737685,68.53088134527206,209.2925649881363,404.26667833328247,0.10198047819236915,0.31144726932758376,0.6015873189483371,90,230,428,0.13392857142857142,0.34226190476190477,0.6369047619047619,0,True,-0.7195876545677476,0.6448646423334243,-0.25757173847662923,0.5085182061619788,0.5350820432912874,0.3773009151782572,0.6290195694408075,0.701293967380558,0.13725089600091855,162,3.764242157476323,43.131006959953325,9:4=152;9:5=100;17:28=20;16:28=20;16:29=19,0.06826868272592697,0.030634254217147827,357
244,1691509857.4528232,1093,775,775,775,0.9999999999999998,1.0,1.0,1.0,1.0000000000000002,83.35167492212246,257.4530402224217,434.1952848554557,0.323754867490057,0.19196817153339277,0.5929429664537426,5.209196878900576,80.83823907375336,265.16747599840164,443.40103781223297,0.10430740525645595,0.3421515819334215,0.5721303713706232,105,295,470,0.13548387096774195,0.38064516129032255,0.6064516129032258,0,True,-0.7081844366377068,0.6624048164843109,-0.24432491236572607,0.5072844907560965,0.5171920276843583,0.4094793932610642,0.6266597465348808,0.6556468051413128,0.18979880740523186,174,3.9874162593486804,53.915405820521876,9:4=153;9:5=85;8:4=31;17:28=21;16:30=19,0.06029947428289327,0.02565222978591919,318
245,1691509857.5607097,1103,806,806,806,0.9999999999999997,1.0,1.0,1.0,1.0000000000000002,81.61270980295505,266.05005788545026,458.3372323115947,0.30675697066788077,0.17806257936180864,0.5804679156079983,5.616003112973454,80.4080810546875,271.345154941082,472.23156809806824,0.0997618871646247,0.33665651977801736,0.585895245779241,111,300,504,0.13771712158808933,0.37220843672456577,0.6253101736972705,0,True,-0.6936085795406195,0.6785223839977609,-0.24189773211346693,0.5127262258818782,0.5066934309473322,0.4075838976467224,0.6278804844849895,0.627337218963695,0.19062325096950827,173,4.024920347761887,55.97585000233764,9:4=165;9:5=79;8:4=26;16:28=25;9:3=20,0.05705280685640345,0.0271536186337471,297
246,1691509857.666776,1096,830,830,830,0.9999999999999998,1.0,1.0,1.0,1.0000000000000002,82.29492367973678,277.3595056329985,470.34557068726497,0.29670850289381917,0.17496693667060187,0.589693031929105,5.715365537219359,80.45479547977448,279.07906424999237,484.75857734680176,0.09693348852984876,0.33623983644577393,0.5840464787310865,108,306,518,0.13012048192771083,0.3686746987951807,0.6240963855421687,0,True,-0.7059516532563208,0.6771049071518751,-0.20775275684216254,0.5049248498181684,0.5082487504723627,0.41970460795899645,0.6211726031863498,0.6276175387925331,0.21990162245904632,189,4.091870161081882,59.851719460011445,9:4=143;9:5=102;8:4=31;16:29=25;16:28=23,0.04886503877942814,0.02206489071249962,266
247,1691509857.7712831,1187,891,891,891,0.9999999999999997,1.0,1.0,1.0,1.0000000000000002,76.67907772413247,311.0751567130582,503.2457655628092,0.2464969512009689,0.15236904703684445,0.6181376536078047,6.5630127604472674,73.75934600830078,316.36345160007477,515.1930626630783,0.08278265545263837,0.3550656022447528,0.5782189255477871,100,348,545,0.1122334455667789,0.39057239057239057,0.611672278338945,0,True,0.710139023888909,-0.6768441457474151,0.19386740086347465,0.4996618252397702,0.5042657321238466,0.4327927928812583,0.6156152471326283,0.6285835172847751,0.22840393478652063,187,4.090714874010881,59.78261346865751,9:4=152;9:5=100;8:4=43;10:4=29;16:28=24,0.061729259909017564,0.027833253145217896,296
248,1691509857.7844725,209,165,165,165,0.9999999999999998,1.0,1.0,1.0,1.0000000000000002,11.444177598786172,50.223138573006935,103.3326838282069,0.22786663525917097,0.1107508019225785,0.48603342826655044,9.029279992925563,10.794719159603119,49.84014904499054,106.48082482814789,0.06542254036123102,0.302061509363579,0.6453383322918054,15,54,112,0.09090909090909091,0.32727272727272727,0.6787878787878788,1,False,-0.7117401119313912,0.6695272649344899,-0.21250706947589282,0.5202962156168605,0.5367381535822836,0.3787457480689302,0.6287150219517238,0.683966927905838,0.17109855349763903,62,3.4559933094375594,31.689750782413554,9:4=36;9:5=14;16:29=8;10:4=7;8:4=7,0.04137493261610491,0.021009566262364388,44
249,1691509857.972953,984,761,761,761,0.9999999999999997,1.0,1.0,1.0,1.0000000000000002,62.7042479384482,272.67564528432456,425.6201067772271,0.22995910717682608,0.14732444952669516,0.6406549900779127,6.787739599317493,57.661123514175415,274.5254578590393,436.95140039920807,0.07577020172690593,0.36074304580688477,0.5741805524299712,77,299,466,0.1011826544021025,0.392904073587385,0.6123521681997371,0,True,-0.6942729911520786,0.6876455756367422,-0.21243487487688628,0.5037463544212136,0.49241059762382106,0.44300113219713877,0.6188631756847056,0.6003458989369632,0.24326394427463754,164,3.99160273865034,54.14159468817619,9:4=151;9:5=68;16:29=30;10:4=27;16:28=22,0.049199110270964956,0.01905992440879345,223
250,1691509858.0684407,1308,1008,1008,1008,0.9999999999999998,1.0,1.0,1.0,1.0000000000000002,95.48601415234393,369.83733885011856,542.6766469975378,0.2581838125085604,0.17595379252200835,0.6815059039232926,5.683310292245731,89.40556901693344,379.7191381454468,554.1709977984428,0.08869600100886255,0.37670549419191146,0.549772815276233,120,415,587,0.11904761904761904,0.4117063492063492,0.5823412698412699,0,True,-0.6935791777879778,0.6856638993394059,-0.2209365096167524,0.49506917843850223,0.49489748648417176,0.4415271200945895,0.6213191436220387,0.5994448907900988,0.22517466293003974,196,4.071279645034765,58.63194268204242,9:4=206;9:5=86;16:28=40;8:4=39;16:29=33,0.04995156525290168,0.017625849694013596,300
251,1691509858.163113,1230,960,960,960,0.9999999999999998,1.0,1.0,1.0,1.0000000000000002,76.80685025865634,356.35799490500415,526.8351548363394,0.21553283876549778,0.1457891516038186,0.6764127101876987,6.859220929671746,73.924664914608,366.02394503355026,542.1178008913994,0.07700485928605,0.3812749427432815,0.5647060425952077,104,402,579,0.10833333333333334,0.41875,0.603125,0,True,-0.6890300417744424,0.6880937249178398,-0.22751841081767935,0.4988831386371485,0.4886823800793468,0.44923249764945833,0.6255538870142197,0.5999860567131589,0.24432442190606435,187,4.050924064035752,57.450520484477444,9:4=176;9:5=89;8:4=46;10:4=37;16:29=33,0.04376126152735474,0.01511860266327858,270
252,1691509858.2579675,1231,984,984,984,0.9999999999999997,1.0,1.0,1.0,1.0000000000000002,89.69992284124969,339.55888910033013,554.74118805842,0.26416602751561563,0.16169688635379162,0.6121032589787998,6.184410983721771,85.24299716949463,348.8434352874756,567.8353327512741,0.08662906216412056,0.35451568626775976,0.5770684275927582,112,385,602,0.11382113821138211,0.391260162601626,0.6117886178861789,0,True,-0.6989636769786871,0.6826542428932634,-0.21315009482582567,0.5068403598517867,0.5036497679672901,0.42683825525831603,0.6242620239890746,0.6314728533062781,0.2190885104090486,199,4.012670087968723,55.294314315363636,9:4=194;9:5=106;8:4=48;16:29=37;16:28=37,0.047561639013224064,0.017155874520540237,247
253,1691509858.3528726,1235,982,982,982,0.9999999999999997,1.0,1.0,1.0,1.0000000000000002,81.80536284378941,338.03239707226334,562.1622400839472,0.242004504752547,0.1455191348881303,0.6013075460596309,6.871948495081163,78.02907747030258,347.69470435380936,577.8886051177979,0.07945934569277249,0.3540679270405391,0.588481267940731,107,382,613,0.10896130346232179,0.3890020366598778,0.6242362525458248,0,True,-0.6897671109961714,0.6914677775597313,-0.21469430636279355,0.5092774337840126,0.5026974383435547,0.41984058390302775,0.6302916634514775,0.6030332637951124,0.18023520425595796,182,3.884428270754928,48.63912609768956,9:4=213;9:5=109;8:4=42;16:28=40;16:29=30,0.04743087406422413,0.016866054385900497,253
254,1691509858.4486742,1268,994,994,994,0.9999999999999998,1.0,1.0,1.0,1.0000000000000002,82.7358025250345,349.7005788433622,561.5636186316036,0.2365904077101728,0.14733113004478796,0.6227265571361247,6.78743181903244,77.84755402803421,358.9182285666466,575.6109234690666,0.07831745878071852,0.36108473698857807,0.57908543608558,104,393,611,0.10462776659959759,0.3953722334004024,0.6146881287726358,0,True,-0.6983337737078352,0.6796852774991062,-0.22440557936454394,0.5028390762012984,0.5020360278920916,0.43113323725622466,0.62160466853673,0.6302929587740738,0.2008552202108494,189,3.944862578827229,51.66923717703974,9:4=196;9:5=122;16:28=46;8:4=36;10:4=31,0.050782350288943644,0.018182282336056232,274
255,1691509858.545873,1254,973,973,973,0.9999999999999998,1.0,1.0,1.0,1.0000000000000002,82.73172116603544,374.8329504735112,515.4353283604532,0.22071624456047376,0.16050844133869624,0.7272162574998812,6.230201923709757,81.53238081932068,383.9286732673645,524.1866663694382,0.08379484154092567,0.39458239801373535,0.5387324423118584,111,417,555,0.11408016443987667,0.42857142857142855,0.5704008221993834,0,True,-0.6965164831521728,0.6843377565492331,-0.21574666546320356,0.48529129587439473,0.4824750280411001,0.4583249458783287,0.6152174278863316,0.590202640549785,0.2556039301398508,195,3.9991531039583568,54.55193065026884,9:4=178;9:5=116;8:4=40;16:29=37;10:4=34,0.04442803852754573,0.016521155834197998,281
256,1691509858.6440804,1092,868,868,868,0.9999999999999998,1.0,1.0,1.0,1.0000000000000002,83.21851055482819,333.1421733501452,451.63931609502663,0.2497987862598301,0.18425878259305195,0.737628814582765,5.427149718060213,82.80452680587769,339.9887641072273,463.021123111248,0.09539692028326922,0.3916921245474969,0.53343447363047,110,370,496,0.12672811059907835,0.42626728110599077,0.5714285714285714,0,True,-0.6825970401100923,0.6977311215718384,-0.21733053817410322,0.4894254883347513,0.47377834865880125,0.45967211593623186,0.6171358436150982,0.558626837732738,0.2714766313340417,173,3.9699096019622973,52.97974135854276,9:4=160;9:5=102;16:29=33;16:28=32;10:4=29,0.040966296269748854,0.018473949283361435,224
257,1691509858.7441525,892,737,737,737,0.9999999999999998,1.0,1.0,1.0,1.0000000000000002,62.462076820324356,279.61378146633655,394.9241417133391,0.22338697503665186,0.15816221451881582,0.7080189634729849,6.32262265069028,59.17229324579239,287.17853581905365,403.6784537434578,0.08028805053703174,0.3896588002972234,0.5477319589463471,80,313,426,0.10854816824966079,0.42469470827679784,0.5780189959294437,0,True,-0.6799109078817073,0.7044954466910124,-0.20348789382934532,0.4953100842962351,0.4736037947460088,0.45292064866306814,0.6206514232588611,0.5690180757043798,0.23206544815439983,161,3.9155258508534345,50.17544937789391,9:4=135;9:5=84;16:29=32;8:4=26;16:30=25,0.04356097238796222,0.01876496523618698,155
258,1691509858.8471434,998,812,812,812,0.9999999999999998,1.0,1.0,1.0,1.0000000000000002,69.3979247064462,296.8034145324192,445.7986607611348,0.23381781107799895,0.1556710031114934,0.6657790627402774,6.423803919884734,64.0767810344696,306.20325618982315,456.8083800673485,0.07891229191437144,0.3770976061451024,0.5625718966346657,86,336,487,0.10591133004926108,0.41379310344827586,0.5997536945812808,0,True,-0.6920500024746329,0.6869921562515533,-0.22160453813878062,0.49976095309674545,0.49047981876013097,0.4426545781468661,0.6186895015492454,0.6058537550942076,0.23092384687794554,179,3.96338041533547,52.63495355659038,9:4=170;9:5=89;16:29=38;8:4=26;16:28=19,0.04153256717320654,0.015032744500786066,186
259,1691509858.9536715,1053,867,867,867,0.9999999999999998,1.0,1.0,1.0,1.0000000000000002,64.49647103635252,326.08880761006344,476.4147213535843,0.1977880550671255,0.1353788372725046,0.6844641716435284,7.386678894184147,58.47378635406494,335.81443560123444,485.9961966872215,0.06744381355716833,0.3873292221467525,0.5605492464673836,78,367,515,0.08996539792387544,0.4232987312572088,0.5940023068050749,0,True,-0.7036973451792825,0.6814250728220912,-0.20117136107567124,0.4879446905850545,0.489055799213213,0.4532758261655779,0.6152658890554217,0.6046317245974641,0.2213327096367742,184,3.8981881338812925,49.31301952349493,9:4=199;9:5=98;16:29=32;16:28=26;8:4=24,0.039926469039353166,0.015632836148142815,186
260,1691509859.060722,1087,891,891,891,0.9999999999999997,1.0,1.0,1.0,1.0000000000000002,82.48543407687754,312.0746910922655,496.4398748308571,0.26431311615875497,0.16615392569942392,0.6286253520601925,6.018515637175025,80.67132371664047,319.4696437716484,509.72339737415314,0.09054020619151568,0.35855178874483545,0.5720801317330563,112,354,545,0.12570145903479238,0.39730639730639733,0.611672278338945,0,True,-0.6729712312682111,0.7059665604179437,-0.2207281981465123,0.5190471396688252,0.48420622123774426,0.433108736684232,0.6275756050245664,0.5744962507654956,0.22613392335023727,184,3.9882980503379764,53.9629689068272,9:4=185;9:5=99;16:29=34;16:28=25;8:4=25,0.04296148871732046,0.017830386757850647,196
261,1691509859.168227,1097,878,878,878,0.9999999999999997,1.0,1.0,1.0,1.0000000000000002,72.41559783756685,327.38000278506894,478.20439937736404,0.22119737681445692,0.15143231206541397,0.6846026577993158,6.603610460415024,67.69736802577972,333.678993165493,488.32810366153717,0.07710406381068306,0.3800444113502198,0.5561823504117736,94,361,517,0.1070615034168565,0.41116173120728927,0.5888382687927107,0,True,-0.6843550163403402,0.7000500938385601,-0.20393155157168608,0.5001114000205631,0.4794578471276763,0.4513675416402709,0.6213460498997405,0.5648588120316782,0.24177807018137404,180,3.9776413922383838,53.390957276668395,9:4=190;9:5=89;16:29=33;16:28=30;8:4=27,0.04284609483302365,0.01732746697962284,219
262,1691509859.2743397,1129,905,905,905,0.9999999999999998,1.0,1.0,1.0,1.0000000000000002,83.96673171075183,323.0734392288819,497.95982906036613,0.2598998293117667,0.1686214967765458,0.6487941805235794,5.930441960939192,82.20888257026672,327.0161226987839,511.1542994379997,0.09083854427653781,0.36134378198760647,0.5648113805944749,111,357,543,0.12265193370165746,0.39447513812154694,0.6,0,True,-0.675139392258482,0.7092211750855624,-0.20295843375209113,0.5096940823118482,0.48941272243462325,0.43876222690355116,0.6274934485115805,0.5607199831414756,0.23782489111924682,177,3.98400930166905,53.732030867338665,9:4=191;9:5=88;16:28=35;8:4=31;16:29=29,0.04558042148176482,0.020315002650022507,224
263,1691509859.375755,1131,900,900,900,0.9999999999999997,1.0,1.0,1.0,1.0000000000000002,71.90558843926209,348.66587454823286,479.42853701250516,0.20623064569318783,0.1499818698472397,0.7272530682484978,6.667472548638879,60.31153076887131,355.5748163461685,491.0053463578224,0.06701281196541256,0.3950831292735206,0.545561495953136,82,385,521,0.09111111111111111,0.42777777777777776,0.5788888888888889,0,True,-0.6802631634439427,0.702110191964113,-0.21043599217186348,0.49339254196232446,0.4753840719301732,0.4649966757086784,0.6189714604248698,0.5316580977801824,0.27891975228755705,174,4.025996940285895,56.03614563506504,9:4=180;9:5=84;16:28=32;16:30=29;8:4=29,0.04191656856753542,0.018830014392733574,231
264,1691509859.4739332,1240,1008,1008,1008,0.9999999999999998,1.0,1.0,1.0,1.0000000000000002,88.19296582886727,380.5181154954582,539.2889186756745,0.23177074162168224,0.16353565366305264,0.705592312984832,6.11487450963073,81.65708583593369,390.1606134772301,553.1884930729866,0.08100901372612469,0.3870641006718552,0.548798108207328,108,428,587,0.10714285714285714,0.4246031746031746,0.5823412698412699,0,True,-0.6860781165759764,0.6974998866597963,-0.20685919381340453,0.495247570516771,0.4819884664031809,0.4598554460198665,0.6167615344616396,0.5671856373815061,0.2765782579407439,194,4.009309401335389,55.1087993557709,9:4=204;9:5=107;16:28=43;16:29=37;8:4=27,0.04792805350121863,0.01771276630461216,232
265,1691509859.5695322,1258,998,998,998,0.9999999999999998,1.0,1.0,1.0,1.0000000000000002,74.42006015281584,357.5317772796896,566.0481625674945,0.20814949853981393,0.1314730177998628,0.6316278382708436,7.6061234216306515,66.74592173099518,368.3657314181328,576.6848026514053,0.06687968109318154,0.36910393929672625,0.5778404836186426,91,404,608,0.09118236472945891,0.40480961923847697,0.6092184368737475,0,True,-0.6950211415050035,0.6839846927465992,-0.22160900917927942,0.5030196556615645,0.4987432341032641,0.43514074356094384,0.6295223231311888,0.609472909304706,0.202445451317285,190,3.9044188953508883,49.62123640127221,9:4=215;9:5=117;8:4=38;16:29=31;16:28=30,0.04345008053080002,0.014475140254944563,260
266,1691509859.6641014,1279,1051,1051,1051,0.9999999999999998,1.0,1.0,1.0,1.0000000000000002,84.3235857762002,373.7408297537518,592.9355844700482,0.22562048099416604,0.14221373785748856,0.6303228201218393,7.031669479091347,80.3846617937088,377.8588000535965,607.1575371026993,0.07648397887127384,0.3595231208882935,0.577695087633396,112,412,643,0.1065651760228354,0.39200761179828736,0.6117982873453853,0,True,-0.688987132476697,0.6863472677101837,-0.23286081548492493,0.5053266303281834,0.4962145586704206,0.4365447666583297,0.624327162413115,0.6005101686976169,0.2270066149543586,187,3.9590461773158507,52.40731481632702,9:4=205;9:5=130;8:4=36;16:28=34;10:4=33,0.04192930579844459,0.014260441064834595,228
267,1691509859.757985,1236,1009,1009,1009,0.9999999999999997,1.0,1.0,1.0,1.0000000000000002,83.75742482550172,366.15357827272425,559.0889969017741,0.22874943683635449,0.14981054052154238,0.6549110790979374,6.675097736905919,79.48511618375778,373.144654750824,570.1384742856026,0.07877613100471534,0.3698163079790129,0.5650529973098143,106,408,605,0.10505450941526263,0.4043607532210109,0.599603567888999,0,True,-0.6997369080002919,0.6817830292062965,-0.21340140737229907,0.49891403060132533,0.49652755406802057,0.4471868863971242,0.6195069230031345,0.6079705206183673,0.23653072028486716,187,3.9059135377209606,49.69545785710197,9:4=212;9:5=128;16:29=46;16:28=31;16:30=26,0.046047073919986775,0.015634890645742416,227
268,1691509859.8530653,1205,1007,1007,1007,0.9999999999999997,1.0,1.0,1.0,1.0000000000000002,92.50662934755317,372.756946569095,541.7364240833516,0.24816876036515645,0.17075947865990287,0.6880780578854757,5.856190285001241,88.07960480451584,382.977804005146,552.5910001993179,0.08746733347022427,0.3803155948412572,0.5487497519357676,117,421,584,0.11618669314796425,0.41807348560079444,0.579940417080437,0,True,-0.6787141086683,0.7023117091268962,-0.21472173135910733,0.5042639748912178,0.4852093334404248,0.44769513037680186,0.6226981586485391,0.5556474157851137,0.24395805439756962,182,3.987515339144212,53.92074801255385,9:4=206;9:5=117;16:29=36;16:28=32;8:4=28,0.03962811816727472,0.01629658229649067,198
269,1691509859.949584,1154,928,928,928,0.9999999999999998,1.0,1.0,1.0,1.0000000000000002,77.9444233477094,353.53347520874286,496.5221014435478,0.2204725402642206,0.1569807731037554,0.7120196143956301,6.370206874564547,73.62786167860031,364.1417393088341,509.19809168577194,0.07934036818814688,0.3923941156345195,0.5487048401786335,100,397,542,0.10775862068965517,0.42780172413793105,0.584051724137931,0,True,-0.6765991254306873,0.7119153401478695,-0.1881227576041035,0.496572359972398,0.4732405415154414,0.45657933410529655,0.6264442125585206,0.5293483117555118,0.24233889508620138,175,3.9237436070310943,50.58947784950619,9:4=192;9:5=106;16:28=35;16:29=33;10:4=27,0.0408772798947843,0.01459384523332119,226
270,1691509860.0470607,1083,870,870,870,0.9999999999999997,1.0,1.0,1.0,1.0000000000000002,74.34681430670074,334.5810986489356,461.07208704436374,0.22220865018053598,0.1612477015975751,0.7256589762215266,6.201638783637946,70.78094857931137,339.40562629699707,469.31529396772385,0.08135741216012801,0.39012140953677826,0.5394428666295676,96,366,494,0.1103448275862069,0.4206896551724138,0.5678160919540229,0,True,-0.6890750302368043,0.7005644977806919,-0.18543189357128767,0.4866751527985303,0.4784791181591529,0.46448804960223783,0.621582647976744,0.5484574395996276,0.2818644869634682,180,3.927822823972927,50.79626478226344,9:4=173;9:5=101;16:29=36;16:28=34;10:4=24,0.035770887636925854,0.01388593576848507,213
271,1691509860.1472795,1044,854,854,854,0.9999999999999998,1.0,1.0,1.0,1.0000000000000002,72.85758627230754,330.4920579921657,450.6503557355267,0.2204518520503589,0.16167209310950925,0.7333669080383943,6.185359394850204,69.39304810762405,342.2441051006317,463.288950920105,0.08125649661314292,0.40075422142931116,0.5424929167682728,98,375,494,0.11475409836065574,0.43911007025761123,0.5784543325526932,0,True,-0.6816700551840817,0.7081630269704076,-0.18393222419532784,0.49260884251206766,0.4703437165588097,0.46900311022914376,0.6200133369991951,0.5210526372828898,0.28509977177146195,180,3.9655401711009697,52.74875504847914,9:4=172;9:5=104;16:28=37;16:29=27;16:30=23,0.0372297888199175,0.014830890577286482,190
272,1691509860.2490537,1008,820,820,820,0.9999999999999997,1.0,1.0,1.0,1.0000000000000002,72.38828613841505,311.91082147362283,435.7008923879622,0.2320800727477699,0.16614215716124395,0.7158829071111641,6.018941953603516,67.71430993080139,322.2346684932709,448.4685297012329,0.08257842674487975,0.392969107918623,0.5469128410990646,95,355,481,0.11585365853658537,0.4329268292682927,0.5865853658536585,0,True,-0.6735878639476569,0.7136777000759906,-0.1922069976787438,0.5002430701097376,0.46763436243912004,0.4626942709940313,0.6216846618353877,0.5320130877971972,0.29448428174370567,179,4.010104059772371,55.152609432849175,9:4=170;9:5=88;16:29=32;16:28=27;10:4=20,0.036736072439057306,0.01576377358287573,188
273,1691509860.3531992,1049,869,869,869,0.9999999999999998,1.0,1.0,1.0,1.0000000000000002,79.08666054661842,343.59764112609025,446.3156983272915,0.23017230353335263,0.17719892184617428,0.7698533625723463,5.643375194280789,71.33821684122086,352.7650417089462,457.1705244779587,0.0820923093684935,0.4059436613451625,0.5260880603889053,92,387,488,0.10586881472957423,0.44533947065592633,0.5615650172612198,0,True,-0.6799550327623205,0.7024377199919017,-0.21033878138320342,0.4884870583765678,0.46901079144928776,0.4726281419682245,0.6128060252229772,0.5104471740320873,0.2955240323055071,186,4.048330801860499,57.30172923350322,9:4=167;9:5=92;16:28=38;16:29=26;8:4=26,0.038423981684284104,0.015417399816215038,180
274,1691509860.4571717,1052,847,847,847,0.9999999999999997,1.0,1.0,1.0,1.0000000000000002,71.18739718367537,323.2627441091512,452.54985870717337,0.22021528456628647,0.1573028823543128,0.7143140979706313,6.357162596344395,68.79329341650009,330.35594725608826,465.0757292509079,0.08121994500177107,0.3900306343047087,0.5490858668841888,96,363,499,0.11334120425029516,0.42857142857142855,0.58913813459268,0,True,-0.6866334723249452,0.6950334516232153,-0.21322048636964752,0.49418680065675974,0.47264197608092023,0.4628820708967794,0.6211441557623579,0.5770674631477675,0.26199863879067437,180,3.939427380379226,51.38916642884631,9:4=158;9:5=114;16:29=43;10:4=29;16:30=25,0.04498332874994124,0.01687256246805191,205
275,1691509860.560559,1061,860,860,860,0.9999999999999998,1.0,1.0,1.0,1.0000000000000002,65.13741471466206,333.764512161535,461.0980731238028,0.19515979782517118,0.14126585755038049,0.7238471197686412,7.0788513044871015,54.62313103675842,342.4517912864685,470.090735912323,0.06351526864739351,0.3981997573098471,0.5466171347817709,72,373,497,0.08372093023255814,0.43372093023255814,0.577906976744186,0,True,-0.6741295098454606,0.7104268396021387,-0.20209678257813898,0.4934537663805396,0.46850364667746786,0.46243798306200284,0.6257006620051327,0.5117430814715473,0.2673601841930956,167,3.9666492213669544,52.80728852157833,9:4=164;9:5=100;16:28=33;16:29=32;8:4=27,0.04082725111248312,0.018755896016955376,201
276,1691509860.663406,1087,874,874,874,0.9999999999999998,1.0,1.0,1.0,1.0000000000000002,82.88202934338432,323.39869449774733,467.7192761588682,0.25628436587260756,0.17720464724920196,0.6914376015323771,5.643192859348125,77.24333554506302,328.4506624341011,480.7276895046234,0.08837910245430551,0.3758016732655619,0.5500316813554044,103,357,514,0.11784897025171624,0.408466819221968,0.5881006864988558,0,True,-0.6783529563433415,0.7065120577747728,-0.2016878252128892,0.5004730681284629,0.4781830420278461,0.4485772448436823,0.627147457831079,0.5359010701194847,0.23656738560317297,192,4.059291736321067,57.93326451772102,9:4=176;9:5=87;8:4=31;16:28=27;17:28=24,0.04062417950426984,0.018867808394134045,213
277,1691509860.7645547,1071,885,885,885,0.9999999999999997,1.0,1.0,1.0,1.0000000000000002,80.02753258459154,327.3990873744004,477.5733800410079,0.2444341956673669,0.1675711752981705,0.6855471872119161,5.967613452735136,72.70210295915604,340.04067385196686,489.0388486981392,0.0821492688804023,0.3842267501152168,0.5525862697154115,99,376,521,0.11186440677966102,0.4248587570621469,0.5887005649717514,0,True,-0.6688697244236256,0.7108955873453984,-0.2173493861097933,0.5094441402249005,0.47533976361425306,0.4494716949367853,0.6309204757162911,0.5471981016326317,0.24981189537409781,180,3.9742451464758792,53.20993603457351,9:4=198;9:5=78;16:28=35;16:29=27;10:4=26,0.03722925496349262,0.016607824712991714,186
278,1691509860.8646991,1069,864,864,864,0.9999999999999998,1.0,1.0,1.0,1.0000000000000002,76.89889813871503,330.1699073563059,456.93119450497926,0.2329070470245154,0.16829426194467675,0.722581236139937,5.941973234528514,73.33031100034714,339.24629986286163,468.5931403040886,0.08487304513929067,0.3926461803968306,0.5423531716482507,99,369,499,0.11458333333333333,0.4270833333333333,0.5775462962962963,0,True,-0.6807208207139103,0.7031403979512783,-0.20545740438226745,0.4933155010539696,0.4731796690554362,0.456711961514923,0.6220646435816858,0.5476943178925278,0.24145977350065456,184,3.992610580229889,54.19618834474346,9:4=171;9:5=95;16:29=34;16:28=32;8:4=28,0.038255258409084336,0.014863567892462015,205
279,1691509860.963838,1060,874,874,874,0.9999999999999998,1.0,1.0,1.0,1.0000000000000002,83.19181415164832,327.6286134421476,463.17957240620393,0.25392108850815703,0.17961028315534155,0.7073468541372124,5.567609952126843,77.7687531709671,336.79586201906204,476.2137998342514,0.08898026678600354,0.38534995654354925,0.5448670478652762,105,370,506,0.12013729977116705,0.4233409610983982,0.5789473684210527,0,True,-0.6783144953112443,0.7036739758077168,-0.2115003102163509,0.5001075460598847,0.478573641632667,0.4555290869736176,0.6249432458457991,0.5449118979635912,0.2683384449043781,178,4.021534118000446,55.786623476199615,9:4=172;9:5=97;16:29=31;16:28=30;16:30=27,0.04650861864552672,0.01680618990212679,186
280,1691509861.0634332,1093,880,880,880,0.9999999999999997,1.0,1.0,1.0,1.0000000000000002,73.00860021827415,342.6314496234771,464.3599501582488,0.21308201654723874,0.1572241537914577,0.73785745197602,6.360345887607072,65.5702536702156,352.5378230214119,472.87086021900177,0.07451165189797228,0.4006111625243317,0.5373532502488656,88,386,502,0.1,0.43863636363636366,0.5704545454545454,0,True,-0.67591813144838,0.7050021295726117,-0.2147246536320716,0.49273421983062543,0.4705548886592787,0.46507918329347897,0.6242089439825144,0.5241793109135333,0.2584266704990211,181,4.024132934921528,55.93179124778675,9:4=166;9:5=99;16:29=32;16:28=29;8:4=23,0.03966458590488042,0.015639785677194595,213
281,1691509861.1629598,1116,919,919,919,0.9999999999999997,1.0,1.0,1.0,1.0000000000000002,93.28754640199149,340.98217175662137,484.73028184138695,0.27358482093479125,0.19245248315746233,0.7034472252513353,5.196087800965456,90.44997960329056,350.21547746658325,496.17614382505417,0.09842217584688853,0.38108321813556395,0.5399087528020176,119,384,528,0.1294885745375408,0.4178454842219804,0.5745375408052231,0,True,-0.6735622040696893,0.7155591507399522,-0.18517305160605974,0.5010081466766102,0.4735863932310071,0.45150158674899316,0.624920908239597,0.5302647636002863,0.2578625994838806,176,3.961526709987578,52.53747423857644,9:4=197;9:5=101;16:30=29;16:29=29;16:28=28,0.039508347176658146,0.016650043427944183,197
282,1691509861.2615166,1145,941,941,941,0.9999999999999998,1.0,1.0,1.0,1.0000000000000002,84.25334471881148,340.7475871521246,515.9990681290639,0.24726028267134026,0.16328197069095807,0.6603647335791222,6.124374882103112,77.21599489450455,349.8237065076828,527.2921304702759,0.08205738033422375,0.37175739267553964,0.5603529548036938,102,383,560,0.10839532412327312,0.4070138150903294,0.5951115834218916,0,True,-0.692396385221157,0.6949530086899653,-0.1939782499287994,0.4979890611783088,0.4900962772053185,0.4430321208918292,0.6238989225853353,0.5714099590086056,0.23402886373922815,186,4.004728583382427,54.856933295029584,9:4=192;9:5=108;16:29=30;16:28=29;8:4=25,0.04181518386465087,0.020297134295105934,204
283,1691509861.3600836,1128,940,940,940,0.9999999999999997,1.0,1.0,1.0,1.0000000000000002,89.15043492957679,349.3482740572872,501.5012910131357,0.2551907123919485,0.17776710953121294,0.6966049346583573,5.62533757024618,84.2015460729599,357.64388144016266,514.0382442474365,0.08957611284357436,0.3804722142980454,0.5468491960079112,113,390,548,0.1202127659574468,0.4148936170212766,0.5829787234042553,0,True,-0.679754615663916,0.7030798194477224,-0.20883589243460976,0.4996700155155374,0.47789642733847576,0.45237196453994055,0.6265129279175934,0.5497455763239181,0.24249985686153064,186,4.023829316368181,55.91481189599554,9:4=177;9:5=109;8:4=30;16:28=29;16:29=25,0.04006192907019729,0.018656187690794468,188
284,1691509861.4584596,1098,920,920,920,0.9999999999999998,1.0,1.0,1.0,1.0000000000000002,91.9078741481112,340.6110109983971,487.481114853492,0.26983236354782353,0.18853627627345784,0.6987163207353471,5.304019044852537,87.57308334112167,348.524733543396,494.46259635686874,0.0951881340664366,0.37883123211238695,0.5374593438661617,115,381,526,0.125,0.4141304347826087,0.5717391304347826,0,True,-0.6787520261279474,0.706704614319435,-0.19966039949580638,0.5019744371850149,0.48040688030130635,0.45306800289783117,0.6253498377111106,0.5308485589465722,0.2572324801633251,189,4.07099713970872,58.615381185424056,9:4=174;9:5=108;16:28=27;16:29=26;17:28=25,0.03985714601247443,0.01785180252045393,178
285,1691509861.5577981,1103,909,909,909,0.9999999999999998,1.0,1.0,1.0,1.0000000000000002,83.07765435196455,332.7939056236942,493.1284400243412,0.24963694631446884,0.16847062065182,0.6748625279192317,5.935753047807134,79.27018016576767,342.8403566479683,506.6409884095192,0.08720591877422186,0.3771621085236175,0.5573608233328043,108,379,541,0.1188118811881188,0.41694169416941695,0.5951595159515951,0,True,-0.6840957363266087,0.7029150100798633,-0.19473960086274378,0.5030385764274967,0.4816229903266159,0.4500118567906832,0.6279248852651379,0.5804849094249381,0.2601987136420735,191,4.002518698879447,54.735839659015674,9:4=190;9:5=104;16:29=26;10:4=24;8:4=24,0.03907454012277931,0.017834927886724472,194
286,1691509861.6573982,1084,887,887,887,0.9999999999999997,1.0,1.0,1.0,1.0000000000000002,84.29819021774891,320.21575668385134,482.4860530983996,0.2632543479144795,0.1747163253246553,0.6636787833088837,5.72356360026354,80.06290525197983,328.78203147649765,495.01342165470123,0.0902625763832918,0.3706674537502792,0.5580760108846688,107,361,527,0.12063134160090191,0.4069898534385569,0.5941375422773394,0,True,-0.6842395737304038,0.7028243069725645,-0.19456155650531246,0.5033393220345661,0.4836872872165285,0.4432114314637059,0.6260110646757807,0.5693945396155351,0.25758037597886324,184,3.954766645621472,52.183515271738,9:4=172;9:5=116;8:4=32;16:28=30;17:28=29,0.03966057400073447,0.016518669202923775,197
287,1691509861.7578964,1089,903,903,903,0.9999999999999997,1.0,1.0,1.0,1.0000000000000002,79.832847926227,328.5514427020697,494.6157093717033,0.2429843170666561,0.16140378563316654,0.6642559798988583,6.195641546306532,73.28369724750519,333.187052488327,506.21221631765366,0.08115581090532135,0.3689779097323666,0.5605893868412555,97,363,541,0.10741971207087486,0.4019933554817276,0.5991140642303433,0,True,-0.6861989852820123,0.6965264864506298,-0.20971839754937435,0.5016973093483463,0.47941186424804333,0.44458559252161517,0.6264381118437312,0.5928040767051325,0.21711526580089988,182,3.990806879151712,54.098522727660644,9:4=163;9:5=114;16:28=32;16:29=31;8:4=30,0.04114370642672583,0.019048765301704407,186
288,1691509861.8587523,1105,923,923,923,0.9999999999999998,1.0,1.0,1.0,1.0000000000000002,75.87689363405546,348.9951507214164,498.12795564452796,0.21741532361469346,0.15232410221963616,0.7006134603906168,6.564949245905285,67.19422000646591,359.6401578783989,513.3164409399033,0.07279980499075396,0.3896426412550367,0.5561391559478909,91,398,552,0.09859154929577464,0.4312026002166847,0.5980498374864572,0,True,-0.6768393920000884,0.7074842864607831,-0.20335786645228807,0.4999072050914253,0.4700386673233719,0.46144319175768655,0.6225314161816544,0.5163941812383392,0.26802756712873577,186,4.040891029830344,56.87699933694687,9:4=178;9:5=109;16:29=33;10:4=26;16:30=22,0.04221664974992542,0.01981130987405777,182
289,1691509861.9590535,1106,906,906,906,0.9999999999999997,1.0,1.0,1.0,1.0000000000000002,81.41036000831303,327.593089995288,496.996549996399,0.248510614218035,0.1638046783401271,0.6591456017102364,6.104831743105537,78.49853074550629,336.9945191144943,509.57858842611313,0.08664296991777735,0.371958630369199,0.5624487730972552,104,374,546,0.11479028697571744,0.41280353200883,0.6026490066225165,0,True,-0.6935021695791362,0.6958678054604491,-0.1866085156489106,0.5012669778247842,0.485048289017716,0.44842950818473437,0.6264092169453908,0.5872398496913442,0.24760002925142355,194,4.037224776314597,56.66885562511573,9:4=180;9:5=110;16:29=28;8:4=27;16:28=25,0.038214246181277695,0.017143351025879383,200
290,1691509862.0592966,1081,920,920,920,0.9999999999999998,1.0,1.0,1.0,1.0000000000000002,79.15037747881826,327.9864923877967,512.863130133385,0.24132206452342053,0.154330410646273,0.6395205135968621,6.479604348957581,76.03037869930267,334.28655564785004,524.6773659586906,0.0826417159775029,0.36335495179114136,0.5703014847377073,104,365,558,0.11304347826086956,0.3967391304347826,0.6065217391304348,0,True,-0.688423565879719,0.6916676694412459,-0.21833192389379832,0.5055842624762207,0.4900086275189986,0.437237798783723,0.6260835537727358,0.6058948978387175,0.2351122712078939,178,3.9494668003813223,51.90768229838725,9:4=190;9:5=112;16:29=29;16:28=29;8:4=29,0.037042660130834966,0.01792619563639164,161
291,1691509862.1599638,1095,909,909,909,0.9999999999999997,1.0,1.0,1.0,1.0000000000000002,78.23986440837656,330.4487924106453,500.3113431809782,0.23676849849446172,0.1563823516591243,0.6604863090044146,6.3945834641223325,73.50586223602295,333.4153813123703,515.202984392643,0.08086453491311656,0.36679359880348766,0.5667799608279901,99,360,549,0.10891089108910891,0.39603960396039606,0.6039603960396039,0,True,-0.6870605768024404,0.7060409046932834,-0.17162169065647723,0.5024222086798255,0.48341899580313413,0.4486604915392001,0.6279304607320518,0.5811852835564915,0.23463112347565504,180,3.963046691751341,52.61739096192803,9:4=191;9:5=97;16:28=30;10:4=27;8:5=26,0.03702699628686767,0.017440246418118477,186
292,1691509862.2603333,1077,884,884,884,0.9999999999999997,1.0,1.0,1.0,1.0000000000000002,84.73146085012391,312.605556264076,486.66298288580055,0.271049119736523,0.17410705936105036,0.6423450462790415,5.743592498028893,76.27024871110916,318.8626204133034,500.04513734579086,0.08627856189039498,0.36070432173450606,0.5656619200744241,99,353,539,0.11199095022624435,0.3993212669683258,0.6097285067873304,0,True,-0.6830963756872648,0.7065656938968299,-0.18478165961754717,0.5129267071087203,0.4795152595243486,0.44421461057675304,0.6273060278559481,0.5752257862081,0.2479166312483962,177,4.024027119569173,55.925873118708,9:4=184;9:5=102;10:4=25;17:28=23;8:4=22,0.039659642679267346,0.018611490726470947,193
293,1691509862.360626,1086,869,869,869,0.9999999999999998,1.0,1.0,1.0,1.0000000000000002,73.54102588222659,321.4222725760158,474.0367015417576,0.228798786384146,0.1551378314021713,0.6780535589979036,6.445881001183081,65.82541930675507,327.12000477313995,484.23507779836655,0.07574846870742816,0.376432686735489,0.5572325406195242,90,357,516,0.10356731875719218,0.4108170310701956,0.5937859608745685,0,True,-0.6707731300766692,0.7066582791947613,-0.2251610188568308,0.5089306909728732,0.4736749236538851,0.4502211567499564,0.6242267530536397,0.5398792520147973,0.25761086712063225,174,4.028352346156119,56.16828906605153,9:4=161;9:5=109;8:4=24;10:4=23;16:29=22,0.0419816683228085,0.018670815974473953,217
294,1691509862.4624364,1120,922,922,922,0.9999999999999998,1.0,1.0,1.0,1.0000000000000002,80.3298451978199,331.477000219855,510.19315458232546,0.24233912200406196,0.15744986869450003,0.6497088352571524,6.351227906961928,74.4516710639,338.0302372574806,522.4386844038963,0.08075018553568329,0.366627155376877,0.5666363171408854,102,372,557,0.11062906724511931,0.403470715835141,0.60412147505423,0,True,-0.6797202024760229,0.7025342283687499,-0.21077500875644478,0.5115684362045597,0.4819352451414418,0.4425494099477144,0.6281631412388196,0.5774445038462541,0.21699693006662993,185,4.026620595836876,56.07110378813599,9:4=190;9:5=104;16:29=27;17:28=26;8:4=24,0.040815009881105514,0.018868920393288136,198
295,1691509862.562442,1096,904,904,904,0.9999999999999998,1.0,1.0,1.0,1.0000000000000002,86.56012406513474,327.50271930279,489.9371566320753,0.2643035277673718,0.17667597342517583,0.6684586275393121,5.660079186848294,82.00481820106506,335.44801020622253,507.56258261203766,0.09071329447020472,0.37107080775024615,0.5614630338628736,112,367,546,0.12389380530973451,0.4059734513274336,0.6039823008849557,0,True,-0.6779838054052634,0.7098628900269409,-0.19087335322353538,0.5069052042725576,0.4752294688587248,0.44508755541387524,0.6264842238254602,0.543642748140351,0.23494147094565337,187,4.0803502152661135,59.16618712388622,9:4=172;9:5=112;16:29=25;8:4=23;16:30=18,0.042836202882332225,0.020457275211811066,192
296,1691509862.6619437,1124,935,935,935,0.9999999999999998,1.0,1.0,1.0,1.0000000000000002,74.76970850585593,348.98238926906606,511.247902225078,0.21425066365801154,0.14624941868795854,0.6826089412791875,6.837634015719578,66.27436083555222,360.3135784268379,523.8625419139862,0.0708816693428366,0.3853621159645325,0.5602807934908943,92,401,561,0.09839572192513368,0.4288770053475936,0.6,0,True,-0.6995441256032915,0.681689265927157,-0.21433096149091607,0.4967355569539414,0.48396005802458125,0.4588807683816081,0.6187756857872178,0.5844716143935845,0.2710030118898793,181,4.050317408619944,57.41567838472737,9:4=182;9:5=112;10:4=28;8:4=27;16:29=26,0.04169411102408555,0.01860467903316021,189
297,1691509862.7613077,1084,886,886,886,0.9999999999999998,1.0,1.0,1.0,1.0000000000000002,73.50608491829522,320.1160748923543,492.37784018935025,0.2296232232105594,0.14928796326420277,0.6501431396044337,6.698463681430548,64.84870326519012,328.77772974967957,504.9586843252182,0.07319266734220105,0.3710809590854171,0.5699307949494562,89,360,538,0.10045146726862303,0.40632054176072235,0.6072234762979684,0,True,-0.6840816489572882,0.7084731063920069,-0.17348819867396528,0.5073799771881057,0.47877810139692256,0.44605828065623065,0.6246060677555144,0.5655577511969434,0.23791101868111708,184,4.068160123158071,58.449324043686275,9:4=175;9:5=100;10:4=25;8:4=24;16:28=22,0.03577175018478109,0.018183059990406036,198
298,1691509862.8613439,1119,915,915,915,0.9999999999999998,1.0,1.0,1.0,1.0000000000000002,92.1849557528196,337.45298632754816,485.3620579196323,0.2731786633630216,0.18993028863431238,0.6952603336444247,5.265089666268966,91.36793076992035,346.6457529067993,500.25547671318054,0.09985566204362879,0.37884781738448015,0.5467272969542957,124,383,539,0.1355191256830601,0.41857923497267757,0.5890710382513661,0,True,-0.681239261355793,0.7076512690764212,-0.18746399697527,0.5038967216835154,0.4762411795028653,0.45550067218838824,0.6278156671816937,0.5523028328832128,0.2835184368482545,190,4.100409728514526,60.3650157993441,9:4=194;9:5=91;16:28=26;8:4=26;16:29=25,0.040771639260650736,0.019579268991947174,204
299,1691509862.960837,1095,872,872,872,0.9999999999999998,1.0,1.0,1.0,1.0000000000000002,75.79136994341033,316.01939487827093,480.18923517831865,0.23983138747735652,0.15783646194247805,0.6581142843839822,6.335671667326402,66.6791620850563,322.2518674135208,490.1948258280754,0.0764669289966242,0.36955489382284495,0.5621500296193526,88,352,523,0.10091743119266056,0.4036697247706422,0.5997706422018348,0,True,-0.6780593927089343,0.7058479126609881,-0.20497361818370083,0.50898131714619,0.47964615860527865,0.4472460798125182,0.627387991397214,0.5705780935210376,0.24922001237461722,188,4.100294569994842,60.358064653733464,9:4=157;9:5=96;10:4=31;8:4=28;16:29=26,0.04036130759480063,0.020408987067639828,223
300,1691509863.060836,1143,915,915,915,0.9999999999999998,1.0,1.0,1.0,1.0000000000000002,80.49778701722408,334.2569432782911,500.24526970448454,0.24082607298363384,0.16091663808191017,0.6681861149346807,6.214397789562181,75.13382524251938,341.0155258178711,512.4891347289085,0.08211347021040369,0.37269456373537824,0.5600974150042717,106,375,548,0.11584699453551912,0.4098360655737705,0.5989071038251366,0,True,-0.6730694012145185,0.7162816986838452,-0.1841686978813557,0.5093993268079341,0.47101765710851506,0.4550465669520606,0.6260115799398192,0.5332183436403097,0.274520649696747,192,4.11824335512369,61.451199461116836,9:4=182;9:5=87;10:4=29;16:28=23;17:28=22,0.04678172427863992,0.02680574171245098,228
301,1691509863.16108,1169,969,969,969,0.9999999999999998,1.0,1.0,1.0,1.0000000000000002,88.08207179821325,365.95652353581374,514.961404665973,0.24068998947519304,0.17104596771741995,0.7106484490292813,5.846381609252963,81.72833490371704,375.3868762254715,523.9011697769165,0.08434296687690097,0.3873961570954298,0.5406616819163225,112,415,560,0.11558307533539731,0.4282765737874097,0.5779153766769866,0,True,-0.6801439580635263,0.7036296826717332,-0.20569264929247327,0.4991029339325163,0.4690241257921797,0.4628793220783326,0.6200683103954376,0.5377729373363868,0.2934040326542477,195,4.1544912246097,63.719537366942994,9:4=182;9:5=98;16:29=29;16:28=29;8:4=26,0.046484121814146497,0.020841402933001518,200
302,1691509863.2601564,1151,951,951,951,0.9999999999999997,1.0,1.0,1.0,1.0000000000000002,88.09967287442657,357.207264043,505.6930630825736,0.24663460613113758,0.17421570376582554,0.7063716908939927,5.7400106786249525,83.55442821979523,367.782623231411,520.946545779705,0.08785954597244504,0.3867325165419674,0.5477881659092587,114,406,559,0.11987381703470032,0.42691903259726605,0.5878023133543638,0,True,-0.6724439619464941,0.7148550125807253,-0.19183698556303994,0.5053681619193029,0.468419715960547,0.461948120780181,0.624438065086894,0.5361340995302551,0.29178906222544526,197,4.179802739197351,65.35296036500776,9:4=174;9:5=95;8:4=28;16:28=25;16:30=23,0.04131847133389893,0.018307529389858246,200
303,1691509863.359685,1141,930,930,930,0.9999999999999998,1.0,1.0,1.0,1.0000000000000002,82.96301989940754,351.35824090301446,495.6787391975779,0.236120888145919,0.1673725607713395,0.7088426698950322,5.974694988183737,78.653739631176,359.68669962882996,507.2282351255417,0.08457391358190967,0.3867598920740107,0.5454067044360663,106,396,543,0.11397849462365592,0.4258064516129032,0.5838709677419355,0,True,-0.6862848888874729,0.6993274286318168,-0.19988546432374635,0.4938439381925404,0.47261332180579263,0.4628806168704423,0.6203573432940028,0.5578920361790379,0.27164361053754643,192,4.111878596624817,61.06131947921876,9:4=168;9:5=101;10:4=34;8:4=31;16:28=26,0.04149834398507974,0.018668118864297867,211
304,1691509863.4596024,1146,925,925,925,0.9999999999999998,1.0,1.0,1.0,1.0000000000000002,79.83699950605882,346.22472429322704,498.9382762007143,0.2305930047862287,0.16001377988876075,0.6939229576244151,6.249461769450015,70.1972314119339,352.5692491531372,510.0706931948662,0.07588889882371232,0.3811559450304186,0.5514277764268823,94,389,546,0.10162162162162162,0.4205405405405405,0.5902702702702702,0,True,-0.6924869209052766,0.693533102352518,-0.1986798940920319,0.49508937295294597,0.47444861371125474,0.46128587045533476,0.6208285575670048,0.5461614726846452,0.27773651079271355,186,4.101106096368495,60.40706669559798,9:4=178;9:5=100;16:28=26;8:4=24;17:29=22,0.03999262135960181,0.019103657454252243,221
305,1691509863.5596142,1149,932,932,932,0.9999999999999998,1.0,1.0,1.0,1.0000000000000002,76.46646463145406,355.66317065558826,499.8703647129577,0.21499685922077522,0.15297259055428034,0.7115108151286823,6.537118815708119,69.42270117998123,365.18037259578705,511.8011298775673,0.07448787680255498,0.3918244341156513,0.5491428432162739,96,404,548,0.10300429184549356,0.4334763948497854,0.5879828326180258,0,True,-0.6844138798841859,0.699318991716389,-0.20622945678696902,0.4956509914364927,0.4722025510965756,0.4696850138650482,0.6172079346926744,0.535855753017485,0.31168599032163263,191,4.130911877313368,62.23464743103735,9:4=173;9:5=98;16:30=34;16:28=26;16:31=19,0.03885102464846885,0.018993555568158627,217
306,1691509863.6597335,1108,907,907,907,0.9999999999999997,1.0,1.0,1.0,1.0000000000000002,78.22567974524833,330.0118508870383,498.76246936771287,0.237039001887313,0.15683954697797522,0.6616613541620288,6.375942925545614,67.63429933786392,337.60241013765335,514.5671016573906,0.07456923852024688,0.3722187542862771,0.5673286677589753,91,372,555,0.10033076074972437,0.4101433296582139,0.6119073869900772,0,True,-0.6721023395640129,0.7123597647197241,-0.20204457617327895,0.513657226918325,0.4740089168092968,0.44977485908715964,0.6268705925076292,0.5538964473314766,0.26323894265868286,195,4.18590686136945,65.75310283619743,9:4=155;9:5=97;8:4=38;16:29=22;10:4=19,0.044341378795148635,0.02029832825064659,201
307,1691509863.7600963,1111,931,931,931,0.9999999999999998,1.0,1.0,1.0,1.0000000000000002,81.07773180681367,351.165740996033,498.7565271971531,0.23088166737691415,0.16255974084678898,0.7040824968636871,6.151584610008024,72.77818191051483,360.7808331847191,516.0207557082176,0.07817205360957555,0.3875196919277326,0.5542650437252606,100,399,556,0.10741138560687433,0.42857142857142855,0.5972073039742213,0,True,-0.6762455744711099,0.7101580050214216,-0.19587631534270045,0.49781296792841007,0.47082062395844615,0.46423836973875937,0.6216391676058414,0.5322284236050402,0.3136004913509132,188,4.190463556515392,66.05340335006215,9:4=150;9:5=91;16:28=32;16:29=28;8:4=28,0.038630774699312656,0.01766347698867321,180
308,1691509863.860142,1086,905,905,905,0.9999999999999997,1.0,1.0,1.0,1.0000000000000002,73.07559358077484,333.63574744728965,498.28865897193555,0.21902806920388496,0.14665313421249385,0.6695631968338267,6.818810967592719,63.08597141504288,337.8937931060791,511.91629534959793,0.0697082557072297,0.37336330729953493,0.56565336502718,84,369,545,0.09281767955801105,0.40773480662983425,0.6022099447513812,0,True,-0.6818067004644807,0.7040015205199925,-0.19880010640660153,0.5031162951955901,0.47824642672529255,0.4523895082147618,0.626986904884312,0.5475881165709473,0.26017780895908416,174,4.032822398388572,56.41992624865482,9:4=178;9:5=86;8:4=28;16:29=24;16:27=23,0.042055657741746105,0.01879349909722805,181
309,1691509863.9594207,1041,849,849,849,0.9999999999999998,1.0,1.0,1.0,1.0000000000000002,66.95633363253545,311.4673410718535,470.5763252956109,0.21497063994612856,0.1422858100446813,0.6618848512538177,7.028107719849049,57.967622101306915,315.0934442281723,483.51207852363586,0.06827752897680438,0.37113479885532663,0.5695077485555192,80,346,519,0.09422850412249706,0.4075382803297998,0.6113074204946997,0,True,-0.6779763268166982,0.7113755155126847,-0.1851836283400883,0.5088662853892562,0.4707030713266934,0.4590700983446508,0.6246168523863699,0.5322649101616339,0.2816620042300254,172,4.066505015858494,58.352664154116326,9:4=148;9:5=106;10:4=26;16:28=23;16:29=19,0.03837078034970333,0.017975034192204475,192
310,1691509864.0592365,1020,835,835,835,0.9999999999999998,1.0,1.0,1.0,1.0000000000000002,74.75495972146055,299.2797930908315,460.96524718770786,0.24978285018652227,0.1621704893753517,0.6492458919988017,6.166350017514284,70.49727755784988,307.1374946832657,472.2211482524872,0.08442787731479028,0.3678293349500188,0.5655343092844158,96,342,507,0.11497005988023952,0.4095808383233533,0.6071856287425149,0,True,-0.6803814460500168,0.7055010003128326,-0.19836689852009246,0.5100331529045303,0.4803773495422433,0.451812955732219,0.6232813654095087,0.5659621521860406,0.2823514066863147,187,4.168939432621967,64.64685339325246,9:4=144;9:5=80;10:4=28;16:28=23;9:3=23,0.037143232177135416,0.017959684133529663,185
311,1691509864.1593673,998,810,810,810,0.9999999999999998,1.0,1.0,1.0,1.0000000000000002,55.96548366533965,291.6536501677645,462.38086616689594,0.19189022195726774,0.12103762884759803,0.6307649634933042,8.261893508002613,47.885249853134155,293.86332708597183,476.0262323021889,0.05911759241127673,0.3627942309703356,0.5876867065459122,65,323,511,0.08024691358024691,0.3987654320987654,0.6308641975308642,0,True,-0.6994229603720038,0.6854624458653836,-0.2023579941902671,0.5007154965119051,0.48682251268802407,0.4485980670707267,0.6221679049445499,0.6003756122871988,0.25095846640078767,167,4.031044274618237,56.31969377595162,9:4=145;9:5=94;8:4=25;10:4=20;16:28=19,0.03862639133759539,0.018766705878078938,188
312,1691509864.259569,1042,869,869,869,0.9999999999999997,1.0,1.0,1.0,1.0000000000000002,64.11453686039823,327.47948258255633,477.40598055704544,0.19578184365866402,0.1342977245186336,0.6859559702215035,7.446142543250996,54.205967128276825,327.90378814935684,490.6129269003868,0.06237740751240141,0.3773346238772806,0.5645718376299043,74,362,533,0.08515535097813579,0.41657077100115075,0.6133486766398158,0,True,-0.6819166463147373,0.7066976405818945,-0.18859515443098118,0.5000834088152193,0.46551215698522996,0.4665510698295397,0.6175366372452683,0.5133621508437599,0.29512118959698147,186,4.144724702596493,63.10024817590049,9:4=139;9:5=92;8:4=32;10:4=23;16:28=22,0.037186134739139017,0.019482212141156197,173
313,1691509864.3603256,1087,919,919,919,0.9999999999999998,1.0,1.0,1.0,1.0000000000000002,70.83712021977172,360.20682775566496,487.95605202456335,0.19665679482295062,0.14517110695904603,0.7381952252895357,6.888423054334829,59.491762697696686,362.39912962913513,501.80206829309464,0.06473532393655787,0.3943407286497662,0.5460305422122901,79,401,548,0.08596300326441784,0.4363438520130577,0.5963003264417845,0,True,-0.6825593233371143,0.7039132558702732,-0.19651691615657954,0.4871384103144638,0.4602043440231899,0.48032947633556333,0.6121709800597278,0.5113791898699184,0.2968514159978254,173,4.144951867558275,63.11458396959915,9:4=150;9:5=83;10:4=33;16:29=30;8:4=28,0.043102081375364726,0.021107923239469528,168
314,1691509864.4618165,1083,910,910,910,0.9999999999999998,1.0,1.0,1.0,1.0000000000000002,66.7057254884808,354.3505203749138,488.94375413660543,0.18824785530977653,0.136428218837302,0.7247265506042485,7.329861875515313,57.352039873600006,351.7551935315132,500.670794904232,0.06302421964131869,0.3865441687159486,0.5501876867079473,78,401,559,0.08571428571428572,0.44065934065934065,0.6142857142857143,0,True,0.6846820166377954,-0.692848659434817,0.22621067881994045,0.48611338400710885,0.45904949565834774,0.4844262782925228,0.6076278944636868,0.4900999142406228,0.3367294268831962,176,4.172244298565012,64.86085600755223,9:4=149;9:5=69;10:4=30;16:28=27;16:29=25,0.0416329820584023,0.020696789026260376,173
315,1691509864.5634642,1095,919,919,919,0.9999999999999998,1.0,1.0,1.0,1.0000000000000002,62.18372756955655,373.20801264506713,483.60825978537616,0.1666194868883892,0.12858284843429577,0.771715546816127,7.777087007922271,50.85752886533737,375.22430527210236,500.2375916838646,0.055340074935078754,0.4082963060632235,0.5443281737582858,73,413,545,0.0794341675734494,0.44940152339499456,0.5930359085963003,0,True,-0.6811041512447973,0.7018504867218158,-0.20857379855929692,0.47880444548334966,0.45825351799681546,0.48972141652687795,0.6035168717868359,0.48097260735325986,0.34150029202851784,179,4.235913969984583,69.12482788878586,9:4=132;9:5=70;16:29=33;8:4=31;10:4=30,0.03956554951541992,0.018989238888025284,176
316,1691509864.6646996,1087,884,884,884,0.9999999999999997,1.0,1.0,1.0,1.0000000000000002,60.02763650526473,368.24226796131063,455.7300955334246,0.16301126113955916,0.13171751677931948,0.8080271010636001,7.592004650948647,53.939843237400055,367.7416190505028,460.4761672616005,0.06101792221425346,0.4159973066182158,0.5209006416986431,75,411,506,0.08484162895927602,0.4649321266968326,0.5723981900452488,0,True,0.7075233905043449,-0.6838240800189522,0.1783123088164976,0.4576485234410167,0.4582502884609593,0.5069822567085679,0.5724005447205304,0.5028436819114039,0.3845911550223622,171,4.137821826599218,62.666174888005365,9:4=124;9:5=93;16:28=33;10:4=27;17:28=26,0.03892435446755381,0.019924020394682884,203
317,1691509864.766531,1202,983,983,983,0.9999999999999997,1.0,1.0,1.0,1.0000000000000002,60.48484659125886,408.8358035638127,513.6793498449283,0.14794410387743387,0.11774825406066698,0.7958969027803703,8.49269492764431,44.66512453556061,412.2798374891281,522.1603693962097,0.04543756310840347,0.41940980415984547,0.5311906097621666,60,459,571,0.061037639877924724,0.4669379450661241,0.5808748728382502,0,True,0.6866898123998572,-0.6973679797971244,0.20526812295124247,0.47425560207652684,0.45588540605478217,0.5003032277208729,0.5905224442510161,0.47230137142112477,0.399154245789223,184,4.14248614486409,62.959152611633804,9:4=152;9:5=104;16:28=34;16:29=28;8:4=28,0.04008422684081321,0.017896832898259163,219
318,1691509864.8676646,1278,1058,1058,1058,0.9999999999999998,1.0,1.0,1.0,1.0000000000000002,65.0922510820904,435.0930145847807,557.814734333129,0.14960536919722656,0.11669152332433204,0.7799955573151669,8.569602757010921,54.294319212436676,437.35288071632385,570.0710563063622,0.05131788205334279,0.4133770139095689,0.5388195239190569,76,475,614,0.07183364839319471,0.44896030245746693,0.5803402646502835,0,True,-0.6965019012427155,0.6918523022695537,-0.1903299593064647,0.46744161036398846,0.46161740861318024,0.495288205888118,0.597130845965917,0.5239602291131987,0.33310471038572076,187,4.148201074849945,63.31998985848812,9:4=168;9:5=85;10:4=37;16:29=34;8:4=34,0.03832116826554882,0.016741296276450157,220
319,1691509864.9671462,1290,1058,1058,1058,0.9999999999999998,1.0,1.0,1.0,1.0000000000000002,60.73060149513204,415.85639314212244,581.4130053627456,0.14603743623192741,0.10445346240103798,0.7152512745783322,9.573641476436713,49.18648570775986,424.03509175777435,597.6489423513412,0.04649006210563313,0.400789311680316,0.5648855787819861,71,466,642,0.0671077504725898,0.44045368620037806,0.6068052930056711,0,True,-0.6972493476532129,0.6897218097754757,-0.19526180455278863,0.4790939630395228,0.4724539198443502,0.4798904540325572,0.6019129107546364,0.5522884312300025,0.31387541415507403,183,4.0693957884817475,58.52159248720884,9:4=180;9:5=95;8:4=43;16:30=36;10:4=36,0.03996558804725254,0.01930605061352253,232
320,1691509865.0639787,1245,1040,1040,1040,0.9999999999999998,1.0,1.0,1.0,1.0000000000000002,62.28961430512897,394.151297757398,583.5590879374732,0.15803478171843677,0.10674088638613256,0.6754265436092913,9.36848131823193,52.457006216049194,394.84678304195404,597.2382387518883,0.05043942905389345,0.3796603683095712,0.574267537261431,74,435,644,0.07115384615384615,0.4182692307692308,0.6192307692307693,0,True,0.70810560176086,-0.6785114694912832,0.1954703111054724,0.48299108650385725,0.4826290387715957,0.4705170556484869,0.5986190911061255,0.5752458922217134,0.30026875398563585,182,4.096101777274093,60.105525591544925,9:4=169;9:5=103;16:29=35;10:4=34;10:5=32,0.037932000365968735,0.016488611698150635,205
321,1691509865.1602793,1136,941,941,941,0.9999999999999997,1.0,1.0,1.0,1.0000000000000002,52.876656360299265,374.6365809510021,513.4867626886988,0.14114119936198885,0.10297569519305354,0.7295934543460186,9.71102936596108,46.987356185913086,377.92482084035873,525.8649988174438,0.04993342846536991,0.40162042597275105,0.5588363430578575,69,412,562,0.07332624867162593,0.43783209351753455,0.5972369819341127,0,True,-0.7037505895053876,0.6862811163079164,-0.18372081311049104,0.46991006366881827,0.47177203503252313,0.48084487518484004,0.590693831747697,0.5496501878042123,0.28932522965866325,173,4.089903168817446,59.73410729984571,9:4=155;9:5=85;10:4=37;16:29=33;8:4=31,0.03684137006558139,0.017795393243432045,195
322,1691509865.2557285,1198,1006,1006,1006,0.9999999999999998,1.0,1.0,1.0,1.0000000000000002,54.56080254837702,386.1111218672374,565.3280755843858,0.14130854942618698,0.09651175114905963,0.6829859307236954,10.361432551933792,39.987364053726196,383.27928894758224,578.7372665405273,0.039748870828753675,0.38099332897373983,0.5752855532212001,54,416,618,0.0536779324055666,0.4135188866799205,0.614314115308151,0,True,0.7096521595996825,-0.6782482075302086,0.19071754339222638,0.4755146468529481,0.48509838975374603,0.4709632718336472,0.6020419812647483,0.58463156550669,0.3009139994308965,175,4.080070398249329,59.149633733978774,9:4=148;9:5=104;10:4=40;8:4=37;16:29=33,0.03693931587017495,0.018088385462760925,192
323,1691509865.352293,1236,1037,1037,1037,0.9999999999999998,1.0,1.0,1.0,1.0000000000000002,57.51965515953705,416.77805234110605,562.7022924993572,0.13801027869975482,0.10222040309104083,0.7406723908834655,9.782782788572721,47.915502429008484,422.12164705991745,579.3654223680496,0.046205884695283014,0.4070604118224855,0.5586937534889582,68,463,627,0.06557377049180328,0.446480231436837,0.6046287367405979,0,True,0.7177743731690368,-0.672750100793297,0.1794637877244466,0.45933031633991717,0.4757977979718941,0.4877321151867969,0.5843854161734323,0.5574547266265311,0.32683800856806045,184,4.137603288668083,62.65248144811567,9:4=146;9:5=118;8:4=35;10:4=33;17:28=29,0.036371278447199076,0.01695903204381466,199
324,1691509865.4494224,1247,1053,1053,1053,0.9999999999999998,1.0,1.0,1.0,1.0000000000000002,51.32011785053825,434.51395687814505,567.1659252713167,0.11810925066540601,0.0904851923641007,0.7661143547548019,11.051532011736567,38.688438296318054,435.23193699121475,580.2692900300026,0.03674115697656036,0.41332567615499977,0.5510629534947793,54,479,627,0.05128205128205128,0.45489078822412155,0.5954415954415955,0,True,0.7228011256840988,-0.6655349113113467,0.18606938097279016,0.4491839086277225,0.4748953174222663,0.4990246840429443,0.5745573345283553,0.5684865706307698,0.35535277647263,187,4.137719236085061,62.65974626266699,9:4=137;9:5=119;10:4=37;17:29=34;8:4=34,0.04326612765513511,0.018907515332102776,194
325,1691509865.5485716,1130,979,979,979,0.9999999999999998,1.0,1.0,1.0,1.0000000000000002,47.0444943457558,412.21959015412756,519.735915500117,0.11412483896790547,0.09051615049632876,0.7931327773595719,11.04775219136787,37.77989572286606,413.99046099185944,529.9099186062813,0.03859029185175287,0.42287074667197083,0.5412767299349145,56,450,574,0.05720122574055159,0.45965270684371806,0.5863125638406538,0,True,0.7069545320879682,-0.68620549385219,0.171281376008467,0.45254534076926545,0.4601138710137061,0.503055605702095,0.5717904310255376,0.5092236822575222,0.35565033427716636,170,4.045003664932379,57.11139534316335,9:4=154;9:5=97;8:4=39;10:4=34;10:5=28,0.034747175114102094,0.020342953503131866,151
326,1691509865.6481502,1002,877,877,877,0.9999999999999998,1.0,1.0,1.0,1.0000000000000002,42.08501879710532,359.3263549582218,475.58862624467315,0.1171219929080862,0.08849038112920325,0.7555402613294655,11.300663272541652,30.481898605823517,360.6808103322983,482.30564910173416,0.03475701095304848,0.41126660243135493,0.549949428850324,44,407,532,0.05017103762827822,0.4640820980615735,0.6066134549600912,0,True,0.7105685407204542,-0.679970193980833,0.18092231547289453,0.45887194440971796,0.46246286868115677,0.5026189444659713,0.5837475749796431,0.5257980155206229,0.37248340582222894,163,4.099322915184772,60.299445933078985,9:4=126;9:5=81;10:4=32;8:4=31;16:28=28,0.035972439970201435,0.02070944383740425,125
327,1691509865.7506814,1018,888,888,888,0.9999999999999997,1.0,1.0,1.0,1.0000000000000002,45.355796075134315,363.11663052180904,479.5275734030567,0.12490696449225344,0.09458433381266997,0.7572382708774894,10.572575390556336,34.236390233039856,368.6091893315315,493.9812750220299,0.03855449350567551,0.41510043843640937,0.556285219619403,50,409,542,0.05630630630630631,0.4605855855855856,0.6103603603603603,0,True,0.7126737789456982,-0.6807880926530384,0.16918527626568594,0.45898518913605224,0.4666271824899958,0.5005284670916444,0.572590782232373,0.5357353127611588,0.35675544405962056,169,4.108927869889627,60.881409774070214,9:4=112;9:5=101;10:4=43;16:29=29;17:28=28,0.03646715162236357,0.01776896510273218,130
328,1691509865.8553677,1039,905,905,905,0.9999999999999998,1.0,1.0,1.0,1.0000000000000002,42.40456402409171,379.79732598803685,482.7981099878715,0.11165050705340512,0.08783084098062639,0.786658684305077,11.385522315795413,30.04363489151001,382.2793674468994,496.24173748493195,0.03319738662045305,0.4224081408253032,0.5483334115855601,42,428,549,0.04640883977900553,0.47292817679558014,0.6066298342541436,0,True,0.7137630954991595,-0.6797622568689419,0.1687172713147656,0.45016908844691217,0.4598578487219556,0.5055711851256026,0.5581495244139502,0.5087080696001288,0.3685101752800821,169,4.150486043805238,63.46483949500285,9:4=130;9:5=85;10:4=28;8:5=25;8:4=25,0.03926484896375917,0.017329100519418716,134
329,1691509865.9616501,1052,905,905,905,0.9999999999999997,1.0,1.0,1.0,1.0000000000000002,41.52613011474102,375.32921385416637,488.1446560310926,0.11063921640503033,0.08506931214278415,0.7688893224926744,11.755120322608875,29.579894244670868,373.32156985998154,500.13270354270935,0.032684966016210903,0.41251002194473096,0.552632821594154,42,421,558,0.04640883977900553,0.46519337016574586,0.6165745856353592,0,True,0.7264059270412155,-0.6660594036886399,0.16940867721969116,0.44260066044569224,0.4673347207465448,0.5084052206595062,0.5581415831961709,0.5332482533718949,0.39202307900150773,165,4.091705548071292,59.84186789915191,9:4=125;9:5=89;10:4=35;16:28=34;10:5=28,0.0369670494796164,0.018348218873143196,147
330,1691509866.0672991,1068,914,914,914,0.9999999999999997,1.0,1.0,1.0,1.0000000000000002,41.12330694094634,395.64148633736113,477.2352067216925,0.10394083623950584,0.08616989350688888,0.8290282878649519,11.604981267849132,31.773919880390167,400.28927105665207,485.0417727828026,0.034763588490580054,0.4379532506090285,0.5306802765676177,46,445,533,0.05032822757111598,0.486870897155361,0.5831509846827133,0,True,0.7306643574213905,-0.6658365106880648,0.1509680026652296,0.4303306667617478,0.4611528080716258,0.5186355605261007,0.5338745040684705,0.5178201979790185,0.4168155144717315,160,4.145535361613416,63.15142170039144,9:4=104;9:5=87;8:5=35;10:4=32;10:5=27,0.03718337112303533,0.02071939781308174,154
331,1691509866.1716986,1128,959,959,959,0.9999999999999997,1.0,1.0,1.0,1.0000000000000002,45.832742826132396,409.55190435160523,503.6153528222625,0.11190948531589402,0.09100743765908946,0.8132236280257834,10.988112902881229,37.90133196115494,410.31492853164673,513.392485499382,0.039521722587231425,0.42785706833331255,0.5353414864435683,56,447,555,0.058394160583941604,0.46611053180396245,0.5787278415015641,0,True,0.7340843962413638,-0.6572501487225664,0.1707112802339568,0.42821406327326933,0.470156797673537,0.5062311803636932,0.5293027808779047,0.5357368736160744,0.33339967479809324,168,4.0814184014831145,59.229421396461014,9:4=121;9:5=91;10:4=36;8:5=36;10:5=35,0.03952250717131823,0.01901090331375599,169
332,1691509866.2734327,1179,1007,1007,1007,0.9999999999999998,1.0,1.0,1.0,1.0000000000000002,35.763619965333106,419.1706356336639,552.0657444010028,0.08531995546698765,0.06478145099210424,0.7592766620368168,15.436517470438924,18.49020653963089,419.0996996164322,563.8507995605469,0.018361674815919455,0.41618639485246495,0.5599312805963723,28,466,619,0.027805362462760674,0.4627606752730884,0.6146971201588878,1,False,0.7291983649666371,-0.6700125243538511,0.13911492277596657,0.43535321370668134,0.46471766026173783,0.5088567198806261,0.5413137050635378,0.5389920202747741,0.3842840608368691,162,4.099443026530022,60.306689015627285,9:4=125;9:5=103;17:28=38;8:4=35;16:29=29,0.03615200910799107,0.015887906774878502,172
333,1691509866.3715982,1205,1063,1063,1063,0.9999999999999998,1.0,1.0,1.0,1.0000000000000002,38.07939814442938,450.16465432594737,574.7559475296232,0.08458993343546141,0.06625316068167655,0.7832274833532639,15.093619530163293,22.13357263803482,448.2673981189728,589.2653418779373,0.020821799283193623,0.4217002804505859,0.5543418079754819,32,484,636,0.030103480714957668,0.4553151458137347,0.5983066792097836,1,False,0.7426716084449554,-0.6522738530509216,0.1515839788232496,0.4243258052210194,0.4782905169551887,0.5074809713961878,0.5193867724734712,0.56363695448903,0.36895218778548905,162,4.093765933601185,59.96529232514046,9:4=117;9:5=113;10:4=39;8:5=38;8:4=37,0.03450617863186692,0.01575048640370369,142
334,1691509866.4676216,1207,1052,1052,1052,0.9999999999999997,1.0,1.0,1.0,1.0000000000000002,46.340534050719356,430.4924404797888,575.167025469492,0.10764540719709804,0.08056882957240626,0.7484650917329455,12.411747884475743,31.283303260803223,433.8444879055023,588.9221011996269,0.029736980285934623,0.41239970333222653,0.5598118832696073,45,478,639,0.04277566539923954,0.4543726235741445,0.6074144486692015,0,True,0.7345410116642437,-0.6601623517631379,0.15695595400567844,0.4385570736555302,0.47694793522632106,0.4978633199296442,0.5523164566223817,0.5690009680357151,0.308421386248575,173,4.118924245457686,61.49305523682184,9:4=152;9:5=89;10:4=42;10:5=35;8:5=34,0.03329672719985887,0.015002559404820204,155
335,1691509866.5625432,1192,1054,1054,1054,0.9999999999999998,1.0,1.0,1.0,1.0000000000000002,40.96124465540336,426.8801333500062,586.1586219945905,0.09595490971658442,0.06988081914758798,0.728267259632574,14.310078390581033,26.32099324464798,423.331624686718,605.2628445625305,0.024972479359248557,0.40164290767240796,0.574253173209232,38,452,647,0.036053130929791274,0.428842504743833,0.6138519924098672,0,True,0.7498768269372038,-0.6451900844906878,0.1463369375704245,0.4272815313150024,0.49159226490168245,0.48730952657371773,0.5440099090905284,0.6104652797435821,0.304331975424787,166,4.023230415297772,55.881334481129784,9:4=131;9:5=126;10:5=42;17:28=39;8:4=39,0.03651350772324929,0.014911174774169922,138
336,1691509866.6579506,1201,1070,1070,1070,0.9999999999999997,1.0,1.0,1.0,1.0000000000000002,42.15265498732624,434.87000541703435,592.9773395956393,0.09693162200713848,0.0710864516611559,0.7333669878744088,14.067378194183163,27.796981155872345,432.8158850669861,610.299553155899,0.02597848706156294,0.40450082716540753,0.5703734141643916,41,470,659,0.038317757009345796,0.4392523364485981,0.6158878504672897,0,True,0.746827057684574,-0.6519568289797352,0.1311550191829887,0.4274324950447933,0.4837560273886167,0.4965495978094236,0.5438425260528317,0.6027947976497569,0.3111368032217183,174,4.044657889352058,57.09165103104284,9:4=155;9:5=101;10:5=44;10:4=40;17:28=39,0.033746461041931596,0.014285871759057045,131
337,1691509866.753083,1223,1109,1109,1109,0.9999999999999998,1.0,1.0,1.0,1.0000000000000002,38.304928768190905,474.13454183072963,596.5605294010794,0.08078915453045839,0.06420962648441957,0.7947802753674299,15.57398874205645,26.596417784690857,476.8945573568344,611.4677774310112,0.023982342456889863,0.4300221436941699,0.5513686000279632,39,513,653,0.0351668169522092,0.4625788999098287,0.5888187556357078,0,True,0.7492306720970145,-0.6484228373915372,0.1349119117726972,0.4147936099432541,0.4784511022942302,0.5085884621651457,0.5267596729258026,0.5973035434293856,0.34266743867525934,177,3.9712596425649758,53.05131446292387,9:4=147;9:5=134;17:27=49;10:4=47;8:5=38,0.03166086067680411,0.01545216515660286,114
338,1691509866.8490086,1229,1084,1084,1084,0.9999999999999997,1.0,1.0,1.0,1.0000000000000002,33.8757249880909,476.5086468640578,573.6156281478511,0.07109152207631447,0.0590564889200671,0.830710711984361,16.932940279492385,21.648163616657257,473.1730958223343,583.1687819957733,0.019970630642672748,0.436506545961563,0.5379785811769127,32,526,645,0.02952029520295203,0.48523985239852396,0.5950184501845018,1,False,0.7551156254743534,-0.6409232460982589,0.1379049845920967,0.4004848705649885,0.46899214131436745,0.5233927467701595,0.505298317911735,0.569543245353881,0.38927427747238225,160,3.9676044479662647,52.85775554809723,9:4=130;9:5=128;17:27=47;10:4=43;10:5=41,0.030954198373532346,0.015526280738413334,145
339,1691509866.9467533,1210,1088,1088,1088,0.9999999999999997,1.0,1.0,1.0,1.0000000000000002,37.38782353680976,494.2686965999856,556.3434798632047,0.0756427097123408,0.06720277111183685,0.8884236348406883,14.880338763647554,26.20690232515335,496.2388283610344,559.6650715470314,0.02408722640179536,0.45610186430242133,0.5143980437013156,37,564,628,0.03400735294117647,0.5183823529411765,0.5772058823529411,0,True,0.7667954994721307,-0.6291724436334536,0.12714833133625691,0.3818270128689514,0.46977385935112276,0.5355027848508833,0.4497566562218942,0.5603712673252008,0.40566507211919023,168,3.9803877125912206,53.537787478394314,9:5=132;9:4=132;17:27=50;17:28=46;10:5=41,0.04038362950646535,0.015512246638536453,122
340,1691509867.046626,1116,970,970,970,0.9999999999999997,1.0,1.0,1.0,1.0000000000000002,29.54617195509784,441.58819110610716,498.865636938795,0.06690888151037157,0.059226713101353204,0.8851846236911382,16.884273119947157,15.699579060077667,440.2733654975891,501.4851481318474,0.01618513305162646,0.45389006752328775,0.5169949980740695,23,485,547,0.023711340206185566,0.5,0.5639175257731959,1,False,0.7565547807113688,-0.6438102647357061,0.11460020420449676,0.3881025973430095,0.4615325113620208,0.5335240968692063,0.4816384611868027,0.5623046670148031,0.4296628639805229,161,3.965547461799768,52.74913962516611,9:4=123;9:5=115;17:27=48;17:28=35;17:29=30,0.028537107454114596,0.01403455762192607,146
341,1691509867.1483448,1052,953,953,953,0.9999999999999997,1.0,1.0,1.0,1.0000000000000002,26.09368988580388,427.436549865218,499.469760248978,0.06104693174702048,0.0522427821712301,0.855780637554809,19.14140017892646,13.427429020404816,424.2521678209305,505.11538726091385,0.014089642203992461,0.4451754121940509,0.5300266393084091,21,472,561,0.022035676810073453,0.49527806925498424,0.5886673662119623,1,False,0.7655085169101399,-0.6328011135681368,0.11644509953177198,0.382230519113999,0.47081200356074393,0.5319503351389052,0.4638936975728045,0.558220551952134,0.41911793645874923,152,3.9047675950642224,49.63854232929134,9:5=120;9:4=118;17:27=50;17:28=44;10:5=31,0.03256159170590982,0.016621123999357224,99
342,1691509867.2530904,1079,990,990,990,0.9999999999999997,1.0,1.0,1.0,1.0000000000000002,25.489466058401376,428.28527162140307,536.2252623201954,0.05951515904785452,0.04753499666933053,0.7987040180991356,21.037132009419025,14.968456029891968,430.45663183927536,546.9709275960922,0.015119652555446433,0.4348046786255307,0.5524958864606992,23,470,594,0.023232323232323233,0.47474747474747475,0.6,1,False,0.7746954598385928,-0.6206272031664207,0.12111490079794864,0.38870124442282084,0.4838573892711711,0.5133165313569221,0.4986582333074213,0.6447820013116778,0.349029389231181,147,3.839758924832755,46.51425965511485,9:5=153;9:4=108;17:27=48;17:28=44;10:4=44,0.03068116599433357,0.015890528447926044,89
343,1691509867.3587384,1122,1001,1001,1001,0.9999999999999997,1.0,1.0,1.0,1.0000000000000002,28.110538012879754,445.941419289091,526.9480426980292,0.06303639177023047,0.05334593875508267,0.8462720859647266,18.74556945358324,14.837940216064453,441.72192001342773,537.764534175396,0.014823117098965487,0.4412806393740537,0.5372273068685275,22,480,585,0.02197802197802198,0.47952047952047955,0.5844155844155844,1,False,0.7677204688014587,-0.6316887550044188,0.10758530840331185,0.3831164215214325,0.4753213724691088,0.526348744661765,0.4923315958741713,0.5905850448353491,0.4113848397860634,156,3.8624837527088474,47.58339009271037,9:5=125;9:4=120;17:28=64;17:27=54;8:5=40,0.031653622988761246,0.01416626013815403,121
344,1691509867.464025,1129,1029,1029,1029,0.9999999999999997,1.0,1.0,1.0,1.0000000000000002,26.507892944315774,461.9793667431318,540.5127403125528,0.0573789542402975,0.04904212420411686,0.8547057863538816,20.390633893383733,14.392571687698364,454.10657888650894,537.9049558639526,0.013986950133817653,0.44130862865549947,0.5227453409756585,23,507,595,0.022351797862001945,0.49271137026239065,0.5782312925170068,1,False,0.7777077821326961,-0.618988039338268,0.10965588340991803,0.37119788275080456,0.47608389225656694,0.5342173390406159,0.43534274251045346,0.5893502346540467,0.4597873397353613,158,3.8655992866162974,47.73186893330539,9:5=136;9:4=131;17:27=59;17:28=54;10:5=39,0.03509891097596887,0.016221581026911736,100
345,1691509867.567889,1135,1023,1023,1023,0.9999999999999997,1.0,1.0,1.0,1.0000000000000002,23.434946056575995,476.4307381241566,523.1343158192675,0.04918856862352342,0.04479718754422584,0.9107235440634981,22.322829954732185,11.953783869743347,474.38368397951126,519.8119819760323,0.011685028220667984,0.46371816615788003,0.5081251045709015,18,528,573,0.017595307917888565,0.5161290322580645,0.5601173020527859,1,False,0.7731380971553743,-0.6260121512700004,0.10181487705278304,0.36470850433893787,0.466195203088404,0.5414457947288154,0.4436191690092946,0.5716670803087022,0.4370332096722597,156,3.857111902304262,47.32846456332053,9:5=129;9:4=126;17:27=64;17:28=53;10:4=42,0.03185744415503925,0.014959135092794895,112
346,1691509867.6702886,1112,1014,1014,1014,0.9999999999999998,1.0,1.0,1.0,1.0000000000000002,23.372474755762674,469.21116036215585,521.416364882081,0.049812273727084556,0.044824973533480084,0.8998780858523084,22.30899253633899,12.291652381420135,473.0676067471504,524.4526603221893,0.012121945149329523,0.4665361013285507,0.5172116965702065,18,559,610,0.01775147928994083,0.5512820512820513,0.6015779092702169,1,False,0.7755875646577896,-0.6234384628729247,0.09893640664004255,0.3639903792758027,0.4621910073121107,0.5448757428858506,0.4618184368844523,0.5637990814896507,0.4928953116884043,150,3.8768547386251253,48.27214752951829,9:5=139;9:4=97;17:27=70;17:28=41;10:4=40,0.03362677776134985,0.014460039790719748,98
347,1691509867.7706213,1139,1010,1010,1010,0.9999999999999997,1.0,1.0,1.0,1.0000000000000002,22.68020756242385,455.7373490089099,531.5824434286661,0.049765961933439073,0.04266545639870693,0.8573220478641824,23.438164838904832,10.060644447803497,455.92534816265106,542.372033894062,0.009961034106736136,0.451411235804605,0.537002013756497,15,482,574,0.01485148514851485,0.4772277227722772,0.5683168316831683,1,False,0.7804418726816765,-0.6175085853719274,0.09794707936982407,0.36910588388324045,0.4815045579954307,0.524352589994102,0.4887945852486053,0.6458296553628852,0.35986784239201597,149,3.7538789742690817,42.686340492541945,9:5=145;9:4=134;17:27=66;17:28=49;0:8=43,0.032993519066958854,0.014568731654435396,129
348,1691509867.8695965,1157,1035,1035,1035,0.9999999999999998,1.0,1.0,1.0,1.0000000000000002,23.567091231995057,455.01382133595865,556.419087432046,0.051794231574768666,0.04235492952040982,0.8177537967576073,23.61000269208627,14.748973906040192,451.7409723997116,562.1702948212624,0.01425021633433835,0.4364647076325716,0.5431597051413163,22,487,601,0.021256038647342997,0.47053140096618357,0.5806763285024155,1,False,0.7823736465505866,-0.6157841046045661,0.09328136844778005,0.37276217018263813,0.4832627803762915,0.5179458779487621,0.49045102476775543,0.6444268050584505,0.35434097317306434,154,3.7184407288092105,41.200101865219594,9:5=156;9:4=138;17:27=66;17:28=59;10:5=43,0.032590201165949795,0.013390963897109032,122
349,1691509867.967718,1168,1045,1045,1045,0.9999999999999997,1.0,1.0,1.0,1.0000000000000002,20.373419807480595,443.2236160591055,581.4029641334138,0.04596645816987271,0.035041823080223466,0.7623346343267,28.537328029727124,10.836568832397461,443.13156163692474,589.6223425865173,0.010369922327653073,0.42404934127935384,0.5642319067813563,17,476,625,0.016267942583732056,0.45550239234449763,0.5980861244019139,1,False,0.7865461975049394,-0.6108517095763275,0.09058293491711988,0.37865170987737873,0.4990770758881278,0.5072462521604535,0.5079803822913038,0.683367769331539,0.3157974061669901,140,3.6944119117565233,40.22191159793763,9:5=174;9:4=134;17:27=72;10:5=44;17:28=38,0.02930901845632688,0.013943658210337162,123
350,1691509868.0655465,1186,1072,1072,1072,0.9999999999999997,1.0,1.0,1.0,1.0000000000000002,25.354106652663535,450.2124158081588,596.4334775391777,0.0563158761562614,0.04250952974214649,0.754840955047809,23.52413696565879,14.403462707996368,444.8001621365547,606.694132745266,0.013436065958951837,0.41492552438111446,0.5659460193519272,21,468,639,0.01958955223880597,0.43656716417910446,0.5960820895522388,1,False,0.7870405496420125,-0.6113804636576049,0.08234744608675514,0.38033699326300036,0.500606432099479,0.5018172056731853,0.5082934528927445,0.6874050594692104,0.29079502886452957,157,3.7363874454216406,41.94618324836941,9:5=175;9:4=130;17:27=70;10:5=53;0:8=43,0.02896883005644442,0.01372951129451394,114
351,1691509868.1628609,1171,1066,1066,1066,0.9999999999999997,1.0,1.0,1.0,1.0000000000000002,25.48034242440323,435.20716295661794,605.3124946189789,0.058547617303217836,0.04209452580429904,0.7189793153544008,23.756058083397434,14.495969414710999,433.6839819550514,615.4420658349991,0.013598470370272982,0.40683300371017955,0.5773377728283293,21,457,644,0.019699812382739212,0.42870544090056284,0.6041275797373359,1,False,0.7912479450539323,-0.6045157921387735,0.0921267957912417,0.3833678142559259,0.5149122610620783,0.4887696324102262,0.509708980714824,0.6927149029324844,0.27876208876214414,149,3.688933217427408,40.002150590349785,9:5=178;9:4=147;17:27=61;10:5=45;10:4=42,0.0327650745811555,0.013789466116577387,105
352,1691509868.260664,1161,1054,1054,1054,0.9999999999999997,1.0,1.0,1.0,1.0000000000000002,25.493076513796318,426.0929909888832,602.41393249732,0.059829842435642024,0.04231820537103818,0.7073093233792012,23.630491681586815,17.095740854740143,423.61671257019043,613.5068507790565,0.016219867983624424,0.40191338953528505,0.5820748109858221,25,442,638,0.023719165085388995,0.41935483870967744,0.6053130929791272,1,False,0.7888393770628943,-0.6090459962109241,0.0824342871290069,0.38694951122957927,0.5138039114818785,0.48266102835774766,0.5304245710741387,0.7054708120224635,0.2555024376985341,143,3.5910553602402775,36.27233611514228,9:5=195;9:4=138;17:27=58;10:5=48;17:28=40,0.028407148236256046,0.013486724346876144,107
353,1691509868.357876,1186,1075,1075,1075,0.9999999999999997,1.0,1.0,1.0,1.0000000000000002,22.436200983019734,420.34563357435155,632.218165442629,0.05337560138840166,0.0354880675839355,0.6648743369783734,28.17848556095157,13.171392321586609,420.5284583568573,647.131509065628,0.012252457973568939,0.3911892635877742,0.6019827991308168,21,447,677,0.01953488372093023,0.4158139534883721,0.6297674418604651,1,False,0.7924093915742009,-0.6037844550510431,0.08678529820032764,0.39339419120287955,0.5266968639404682,0.4745978121336001,0.5369983064861935,0.715094859565202,0.24932407095846978,146,3.5577606741951913,35.08454338892089,9:5=200;9:4=168;17:27=71;10:5=43;8:5=40,0.03154311233038751,0.012575957924127579,111
354,1691509868.4554448,1203,1105,1105,1105,0.9999999999999998,1.0,1.0,1.0,1.0000000000000002,26.121731466128725,449.687275642943,629.1909928909284,0.058088660455826835,0.04151637858976309,0.7147071091669255,24.086879298440905,14.899862468242645,451.2849466204643,641.7491698265076,0.013484038432798775,0.4084026666248546,0.5807684794810023,23,479,671,0.02081447963800905,0.4334841628959276,0.6072398190045248,1,False,0.7985179546191908,-0.5972980319376181,0.07486078542355719,0.37699960337601673,0.5191517145128358,0.4884644287965879,0.5076739882711715,0.7076423221248712,0.2682003843236564,149,3.594140140468225,36.38440105940763,9:5=208;9:4=161;17:27=82;0:8=49;17:28=36,0.031662046588679035,0.012862969189882278,98
355,1691509868.5530605,1227,1121,1121,1121,0.9999999999999997,1.0,1.0,1.0,1.0000000000000002,25.216103571362154,485.65841846572295,610.1254779629149,0.05192147940320707,0.041329373189845475,0.7959976037834673,24.195866591214052,15.708590686321259,485.5666039586067,620.4265394210815,0.014013015777271418,0.433154865261915,0.5534581083149701,24,509,649,0.021409455842997322,0.45405887600356826,0.5789473684210527,1,False,0.7926287593633111,-0.6034600917149687,0.08703773628455556,0.3670981821809517,0.4967914903037501,0.5068775294817,0.49521628399311035,0.6925746820348725,0.29405041369533863,148,3.569474870160825,35.497947224973444,9:5=213;9:4=168;17:27=74;17:28=56;10:5=52,0.02981412143609084,0.012352511286735535,106
356,1691509868.651445,1226,1126,1126,1126,0.9999999999999997,1.0,1.0,1.0,1.0000000000000002,25.53553421027102,487.44164968326777,613.0228161064612,0.052386853332831995,0.04165511223947066,0.7951443843137737,24.006657196147017,16.17072480916977,488.5372906923294,620.8617907762527,0.01436121208629642,0.43386970754203324,0.5513870255561747,25,515,652,0.022202486678507993,0.4573712255772647,0.5790408525754884,1,False,0.7948020592332743,-0.6019910734371471,0.07678824220242611,0.36532655285240145,0.49845592267437,0.508774288961893,0.4826977729423388,0.6839724526735294,0.29406567867557887,152,3.561725798941224,35.22393414836281,9:5=210;9:4=169;17:27=70;0:8=69;17:28=43,0.030796853199481736,0.012564338278025389,100
357,1691509868.7516036,1235,1127,1127,1127,0.9999999999999998,1.0,1.0,1.0,1.0000000000000002,21.023016457163067,492.49726202328,613.4797215195566,0.042686565141085646,0.034268478190428484,0.8027930585926956,29.181336692077256,9.6416956782341,494.624114215374,618.3071271777153,0.008555186937208607,0.4388856381680337,0.5486309912845744,14,517,640,0.012422360248447204,0.4587400177462289,0.5678793256433008,1,False,0.7938938736302931,-0.6038309156485228,0.07155936500105808,0.36221345613885775,0.49801322653389263,0.5078916764163892,0.5088363094075334,0.698579062854464,0.29061619971036745,135,3.450046606294353,31.501860459516372,9:5=228;9:4=167;17:27=93;0:8=50;17:28=44,0.025388730946580312,0.011594490148127079,108
358,1691509868.8531594,1201,1084,1084,1084,0.9999999999999998,1.0,1.0,1.0,1.0000000000000002,24.608576233952352,473.1256855814236,586.2657381846238,0.05201276739754871,0.04197512259569012,0.80701575201454,23.823635004765347,15.452185869216919,475.5955014824867,593.3371478319168,0.014254784012192729,0.4387412375299693,0.5473589924648679,22,496,614,0.02029520295202952,0.4575645756457565,0.566420664206642,1,False,0.7939086869547589,-0.6036464221820705,0.07293828737060033,0.3645392653822691,0.4966361184574609,0.5070043556198067,0.49686277863324424,0.7073468125186336,0.2882681523514305,151,3.4604177476401343,31.830270758148988,9:5=229;9:4=163;17:27=91;0:8=55;10:5=38,0.03129621010128996,0.013172507751733065,117
359,1691509868.9561658,1155,1065,1065,1065,0.9999999999999997,1.0,1.0,1.0,1.0000000000000002,28.289815693750544,469.3706921719963,567.339492134253,0.0602717983154006,0.04986399869208497,0.8273189134186455,20.054548897594373,20.967599034309387,473.55245953798294,577.6662365794182,0.01968788641719191,0.44465019674927975,0.5424096118116603,29,494,599,0.027230046948356807,0.463849765258216,0.5624413145539906,1,False,0.7968484800337986,-0.5997977401899526,0.07263037058180842,0.36010315864685233,0.4968159161059553,0.5086755360331969,0.49238891167111104,0.7001754816556701,0.3101957022529402,148,3.4206563919383344,30.589487125492724,9:5=241;9:4=147;17:27=93;0:8=54;17:28=42,0.028175368248062316,0.012252102605998516,90
360,1691509869.0597923,1112,1016,1016,1016,0.9999999999999998,1.0,1.0,1.0,1.0000000000000002,25.44854023900521,446.54706539755506,544.0043943634396,0.05698960358489582,0.04678002696795037,0.8208519453598843,21.37664436758691,17.139890253543854,449.75989413261414,550.437600672245,0.01686997072199198,0.4426770611541478,0.5417692920002412,24,468,568,0.023622047244094488,0.46062992125984253,0.5590551181102362,1,False,0.8001365983454225,-0.5942629517757629,0.08144303613552893,0.3584453962289503,0.49870836811455527,0.5079597061894654,0.48284086104754975,0.716671781646545,0.27414475447105047,141,3.4158866908270875,30.443931818361964,9:5=229;9:4=136;17:27=81;0:8=68;10:5=31,0.026762924305561115,0.012809367384761572,96
361,1691509869.1631622,1094,986,986,986,0.9999999999999997,1.0,1.0,1.0,1.0000000000000002,29.527889615974107,428.73497853892565,527.7371318451002,0.06887212635787592,0.05595188936722581,0.8124025251737765,17.87249744931324,20.031723737716675,432.95587849617004,533.4230871200562,0.02031614983541245,0.4391033250468256,0.5409970457607061,27,452,550,0.02738336713995943,0.45841784989858014,0.5578093306288032,1,False,0.8036153400951745,-0.5893844079145005,0.08263416285647482,0.35892283843111766,0.5051606788344716,0.5044887131320259,0.4860145190104367,0.7085291423149028,0.28429549973577295,148,3.4840698509518324,32.592097498050755,9:5=222;9:4=118;17:27=80;0:8=56;10:5=40,0.02510383815833084,0.012294160667806864,108
362,1691509869.2655382,1066,968,968,968,0.9999999999999997,1.0,1.0,1.0,1.0000000000000002,20.73258513901413,419.81459138586615,527.4528234751197,0.04938509895659651,0.03930699432494763,0.7959282284620648,25.44076486065263,13.20048612356186,418.31206518411636,535.457658290863,0.013636865830125888,0.4321405632067318,0.5531587379037841,19,434,556,0.01962809917355372,0.44834710743801653,0.5743801652892562,1,False,0.8032306015229544,-0.5928443645767931,0.057932375806720754,0.354968878551344,0.5024997611964,0.5041374060311847,0.47998915947782483,0.7205530575655648,0.24872496402124927,125,3.395770814305031,29.837643895870446,9:5=202;9:4=140;17:27=86;0:8=52;10:5=38,0.0318534260742886,0.015259422827512026,98
363,1691509869.3675518,1083,990,990,990,0.9999999999999997,1.0,1.0,1.0,1.0000000000000002,25.86761885089126,416.5018769906597,547.6305041584488,0.06210684820388303,0.04723553318243727,0.7605527336916773,21.170503064667678,16.329329252243042,418.2004642486572,557.1174430251122,0.016494271971962668,0.42242471136228005,0.5627448919445577,24,438,579,0.024242424242424242,0.44242424242424244,0.5848484848484848,1,False,0.8055380582210734,-0.5899117102606839,0.05579077750612263,0.36465101648013365,0.5134577327915166,0.493505619439367,0.508883300680522,0.7262432996353718,0.25723316166752597,140,3.4597687083692916,31.809618365257393,9:5=226;9:4=121;17:27=72;0:8=54;10:5=38,0.02786780183127014,0.011827251873910427,93
364,1691509869.4683332,1098,990,990,990,0.9999999999999997,1.0,1.0,1.0,1.0000000000000002,23.14713739056274,431.2014997480229,535.6513628614143,0.05368055863462676,0.04321306542918561,0.8050040187419162,23.141149327596914,16.714565873146057,434.73747861385345,540.8980333209038,0.016883399871864706,0.4391287662766197,0.5463616498190947,24,454,558,0.024242424242424242,0.4585858585858586,0.5636363636363636,1,False,0.8014353426340289,-0.5941527160016125,0.06843932820377488,0.3587395489558719,0.5009368122993402,0.5060598434080497,0.4908047426125075,0.7174091717127051,0.24934088207380312,131,3.3838041993494716,29.48271617731688,9:5=208;9:4=136;0:8=73;17:27=64;10:5=51,0.03153935907660706,0.013130441308021545,108
365,1691509869.5679114,1106,1002,1002,1002,0.9999999999999998,1.0,1.0,1.0,1.0000000000000002,25.058979897397204,420.9198058311872,556.0212142714154,0.05953385787564314,0.04506838813737231,0.7570211262222093,22.18850154906615,17.186303317546844,424.4111399650574,562.574887752533,0.017151999318909025,0.42356401194117504,0.5614519837849631,24,441,578,0.023952095808383235,0.44011976047904194,0.5768463073852296,1,False,0.798000909547566,-0.5989342035240857,0.06687576698795442,0.37360464389442655,0.5090202007993905,0.49225296070076957,0.5089311514810018,0.716551696566698,0.2329803515630447,132,3.357585763587998,28.719770798311615,9:5=226;9:4=139;17:27=70;0:8=65;10:5=44,0.026244765475646366,0.012710208538919687,104
366,1691509869.6666791,1172,1067,1067,1067,0.9999999999999997,1.0,1.0,1.0,1.0000000000000002,27.518017235993447,445.41155947361744,594.0704232903889,0.06178110255718092,0.04632113661471125,0.7497622201196419,21.58841671606148,19.718818426132202,447.2827779650688,601.1881037950516,0.01848061708166092,0.4191966054030636,0.5634377730037972,27,470,624,0.02530459231490159,0.44048734770384257,0.584817244611059,1,False,0.8046087786988281,-0.5907510344909582,0.06014921852063239,0.36855757094735475,0.5141546328732625,0.49435329780544146,0.502048269298465,0.73041289154631,0.25568093556356036,146,3.3901828681409203,29.67137772396535,9:5=275;9:4=123;0:8=68;17:27=66;10:5=46,0.0350591807990014,0.014114255085587502,105
367,1691509869.764639,1163,1049,1049,1049,0.9999999999999997,1.0,1.0,1.0,1.0000000000000002,26.720464498614177,444.09794254076485,578.181592960621,0.06016795382059542,0.04621465785825193,0.7680942249764974,21.638156514480038,17.405814051628113,448.86057794094086,587.1250844597816,0.0165927684000268,0.4278937825938426,0.5596997945279139,25,468,606,0.023832221163012392,0.446139180171592,0.5776930409914204,1,False,0.8094337628771273,-0.583912463863943,0.062154791117932026,0.35946879247051655,0.5147204827405252,0.49422900662178754,0.48624678512211034,0.7306988615277203,0.24028403359976136,137,3.3792210329554915,29.34790115914711,9:5=251;9:4=139;0:8=77;17:27=70;10:5=37,0.03467989107881569,0.013020012527704239,114
368,1691509869.8623588,1167,1049,1049,1049,0.9999999999999998,1.0,1.0,1.0,1.0000000000000002,23.85924120989223,433.51831521689036,591.622443573217,0.0550362934446158,0.04032849238407822,0.7327617806359298,24.796364577089975,15.927676260471344,434.53672164678574,601.447397351265,0.01518367613009661,0.4142390101494621,0.5733530956637416,23,451,619,0.0219256434699714,0.4299332697807436,0.5900857959961868,1,False,0.8048594499897617,-0.5894494283033986,0.06892486659381271,0.36828540860547443,0.5188844181632571,0.4867259631694578,0.5157814581787056,0.7363840500624468,0.23101848659549967,125,3.2889401111135537,26.814428274863396,9:5=255;9:4=139;17:27=79;0:8=69;10:5=51,0.026234365759143778,0.011324159801006317,118
369,1691509869.960715,1176,1063,1063,1063,0.9999999999999998,1.0,1.0,1.0,1.0000000000000002,30.918351829308374,449.7052705805464,582.376377590145,0.06875247823845687,0.05308998273118071,0.7721900954180397,18.835945098408967,25.018270254135132,452.4753397703171,588.8008887767792,0.023535531753654873,0.4256588332740518,0.5539048812575533,36,470,605,0.03386641580432737,0.44214487300094074,0.5691439322671684,0,True,0.8010739652191409,-0.5957993431920174,0.057477342492878336,0.3679647294534574,0.5058080537925185,0.4928899514205632,0.5236486713479307,0.7263342023983625,0.23428446534895125,145,3.3646184805240713,28.92246071179421,9:5=261;9:4=146;0:8=81;17:27=70;10:5=34,0.027941539735060486,0.011542156338691711,113
370,1691509870.0596976,1186,1071,1071,1071,0.9999999999999997,1.0,1.0,1.0,1.0000000000000002,26.819810038944308,461.45787557728204,582.7223143837736,0.05811973629314014,0.04602502663263573,0.7919001283918085,21.727309534915367,19.475821495056152,467.05899757146835,587.454409301281,0.01818470727829706,0.43609616953451763,0.5485101860889645,27,486,603,0.025210084033613446,0.453781512605042,0.5630252100840336,1,False,0.7998777195380593,-0.5965883197270571,0.06540650236666604,0.36469872469201214,0.5049571412790189,0.5015126512280699,0.49735749310113464,0.7214969677042525,0.251359825738312,137,3.332517907300086,28.008776494688963,9:5=245;9:4=162;0:8=78;17:27=66;0:7=49,0.030793095349906853,0.011006874963641167,115
371,1691509870.1594224,1203,1108,1108,1108,0.9999999999999997,1.0,1.0,1.0,1.0000000000000002,26.79830791693015,474.0390594518375,607.1626326312327,0.056531856146872776,0.044136951908248304,0.7807447856227849,22.656752602191368,17.580371737480164,478.1340339779854,612.2543640136719,0.015866761495920725,0.4315289115324778,0.552576140806563,26,495,628,0.023465703971119134,0.44675090252707583,0.5667870036101083,1,False,0.8039259123969883,-0.5921344701470534,0.05549681648831828,0.36308956436160905,0.5080495719200392,0.4980085533024513,0.4993545334342143,0.7282910713981283,0.2327409503821072,132,3.3267393466326256,27.847392812266435,9:5=279;9:4=149;17:27=74;0:8=69;0:7=46,0.026131960715498292,0.010867586359381676,95
372,1691509870.2591455,1168,1055,1055,1055,0.9999999999999997,1.0,1.0,1.0,1.0000000000000002,25.801071202030027,438.69219225315646,590.5067365448134,0.05881360930887273,0.04369310222098032,0.7429080230651428,22.886907753595608,18.308016538619995,444.68795704841614,594.3874747157097,0.017353570178786724,0.4215051725577404,0.5634004499674974,26,464,608,0.024644549763033177,0.43981042654028435,0.576303317535545,1,False,0.8018073884081651,-0.5954237723369281,0.05074882491387962,0.3694573828832487,0.513248196931009,0.4863825329607327,0.5225190582177586,0.7332279170371215,0.2044810207339516,131,3.1798776808850873,24.0438123543395,9:5=307;9:4=135;17:27=80;0:8=75;0:7=45,0.025078348417646418,0.010622069239616394,113
373,1691509870.359354,1195,1088,1088,1088,0.9999999999999998,1.0,1.0,1.0,1.0000000000000002,28.363880791868255,453.04295649734763,606.5931627107843,0.06260748651995501,0.046759315032688195,0.7468645945047564,21.386113104970132,21.467350900173187,457.5298144221306,612.1130300760269,0.019731021047953295,0.42052372649092884,0.5626038879375247,31,477,631,0.02849264705882353,0.4384191176470588,0.5799632352941176,1,False,0.8069974352685388,-0.58795304822199,0.05537465626503481,0.3659086052552534,0.5189130998531927,0.4900342831799658,0.5024200879044365,0.7349584819977526,0.22506470730858236,143,3.3134374563990274,27.47942262501889,9:5=287;9:4=139;17:27=77;0:8=69;10:5=43,0.029788417718931478,0.011863891500979662,107
374,1691509870.460474,1226,1119,1119,1119,0.9999999999999998,1.0,1.0,1.0,1.0000000000000002,33.41828395950423,472.62919963811413,612.9525164023814,0.07070719283762443,0.05452018397060682,0.7710698414489418,18.341830991236655,26.503584682941437,479.1624057292938,620.8297145962715,0.023685062272512453,0.42820590324333674,0.5548076091119495,39,501,641,0.03485254691689008,0.4477211796246649,0.5728328865058088,0,True,0.8081264197138152,-0.5861658700409096,0.05780365524526787,0.36267179652945225,0.5139278991139516,0.4934592023871093,0.49569219392146363,0.7357385213252027,0.23556600667076028,139,3.333965847632112,28.049360906639247,9:5=284;9:4=150;0:8=81;17:27=67;0:7=46,0.03180566027100307,0.013859490863978863,107
375,1691509870.5615852,1183,1080,1080,1080,0.9999999999999998,1.0,1.0,1.0,1.0000000000000002,32.293568293620915,465.22778692486287,582.4786447815159,0.06941453026071404,0.055441634784283,0.79870359384483,18.03698617277222,22.519673705101013,468.9752488732338,590.3997682332993,0.020851549726945383,0.4342363415492905,0.5466664520678697,31,492,613,0.028703703703703703,0.45555555555555555,0.5675925925925925,1,False,0.8117648553927165,-0.5821689840008778,0.0460118856017406,0.3553469314882001,0.508670886122769,0.5065862209648605,0.4641747821807911,0.7275788115089837,0.29717106669295146,153,3.4737643001098983,32.25794276193647,9:5=261;9:4=127;17:27=74;0:8=67;10:5=47,0.030342931660099683,0.012094796635210514,103
376,1691509870.6622717,1129,1034,1034,1034,0.9999999999999997,1.0,1.0,1.0,1.0000000000000002,30.863765972917232,435.3172679273439,567.818966099739,0.07089947550178163,0.05435494024603596,0.7666479880330014,18.397591745543842,24.495760917663574,443.0645427107811,576.578685104847,0.023690291022885467,0.4284956892754169,0.557619618089794,35,465,595,0.033849129593810444,0.4497098646034816,0.5754352030947776,1,False,0.8017394338204629,-0.5952097490783812,0.05421471072775532,0.37186558359597616,0.5104619747474978,0.490799253801535,0.5290741121935065,0.73006591178906,0.22011612130349387,146,3.3142535175422925,27.501856666592328,9:5=292;9:4=126;0:8=65;0:7=57;17:27=51,0.029295350962709327,0.011563015170395374,95
377,1691509870.763043,1099,1011,1011,1011,0.9999999999999998,1.0,1.0,1.0,1.0000000000000002,30.697699648849014,430.47195563924294,549.8303447119077,0.0713117294790168,0.055831221292330736,0.7829177850574899,17.91112529607811,24.75425797700882,436.0758043527603,559.454288482666,0.024484923815043344,0.43133116157543056,0.553367248746455,36,456,578,0.03560830860534125,0.45103857566765576,0.5717111770524234,1,False,0.8097596977973984,-0.584933848401497,0.04627769243685868,0.36104769726372277,0.5095940675065794,0.49620818775455267,0.4979714744727851,0.7314348085069886,0.24147380917698597,137,3.3421372967824787,28.279503853078413,9:5=279;9:4=112;0:8=76;17:27=50;0:7=48,0.027657849215881894,0.011767798103392124,88
378,1691509870.8638506,1079,971,971,971,0.9999999999999998,1.0,1.0,1.0,1.0000000000000002,31.990484563822076,414.71087358002467,524.2986418561533,0.07713924712815382,0.06101576851423352,0.7909821625931369,16.389206009373197,28.163032233715057,420.63625156879425,530.5800830125809,0.029004152660880595,0.4331990232428365,0.5464264500644499,40,441,546,0.0411946446961895,0.45417095777548916,0.5623069001029866,0,True,0.8060838306440179,-0.5895098556004871,0.05202872402970288,0.36414457079138135,0.5072738928394137,0.49766028658819006,0.5107401936159406,0.7332488648186776,0.2514140305438264,145,3.368100593303077,29.023347529539066,9:5=276;9:4=104;0:8=69;17:27=55;0:6=31,0.02678981524754323,0.011386406607925892,108
379,1691509870.9645462,1066,961,961,961,0.9999999999999998,1.0,1.0,1.0,1.0000000000000002,32.96603943956545,421.9672127348126,506.06674782562163,0.07812464676084471,0.06514168255710955,0.8338173068035925,15.35115398843594,29.113993525505066,427.00615417957306,513.6658395528793,0.030295518757029204,0.4443352280744777,0.5345117997428505,42,444,530,0.043704474505723206,0.4620187304890739,0.5515088449531738,0,True,0.8052026311479468,-0.5913803601946735,0.04379488975259745,0.35928288243953155,0.4967612315287103,0.5073376912718353,0.4878975193892602,0.7294469151226165,0.26943083201985335,138,3.3510804199671256,28.53354520803108,9:5=265;9:4=108;0:8=63;0:7=51;17:27=46,0.026081717643740517,0.01209618803113699,105
380,1691509871.0649173,1064,942,942,942,0.9999999999999998,1.0,1.0,1.0,1.0000000000000002,26.986039900312544,423.84936234797664,491.16459775171086,0.06366894066047277,0.05494296621507376,0.8629477048796526,18.20069189722136,20.036595284938812,428.73308116197586,498.61090111732483,0.021270271003119758,0.4551306594076177,0.52931093536871,28,446,515,0.029723991507430998,0.4734607218683652,0.5467091295116773,1,False,0.8080651089659978,-0.5871330770347006,0.04801592989346605,0.3505294197490665,0.49550285928813304,0.5191625758186127,0.45192180710794105,0.7236511434040764,0.33862196073317063,136,3.3940113218434433,29.785190945181828,9:5=234;9:4=110;0:8=72;17:27=50;0:7=49,0.0285540278670571,0.012072487268596888,122
381,1691509871.164902,1098,962,962,962,0.9999999999999998,1.0,1.0,1.0,1.0000000000000002,25.899055149084596,409.7594572140742,526.341487636841,0.06320550921550525,0.049205802235665924,0.7785049570266733,20.322806550548798,19.95282816886902,412.0862240791321,532.074562728405,0.020740985622524966,0.4283640582943161,0.553092061048238,29,425,547,0.030145530145530147,0.4417879417879418,0.5686070686070686,1,False,0.8038708017836936,-0.5931063665579435,0.04490625778302971,0.36372477901535344,0.5055446913501338,0.49360114359386326,0.5119123127318674,0.731096449355481,0.2145584235001402,134,3.29338981463019,26.934010385815423,9:5=259;9:4=130;0:8=73;0:7=42;17:27=40,0.025760052171299508,0.011729932855814695,136
382,1691509871.2643445,1127,989,989,989,0.9999999999999998,1.0,1.0,1.0,1.0000000000000002,30.662545774525945,412.7673821081189,545.5700721173553,0.07428529264576023,0.05620276357081819,0.7565799577424955,17.792719369394565,25.554004967212677,418.48067647218704,551.9821437001228,0.02583822544713112,0.42313516326813655,0.5581214799799018,38,436,568,0.03842264914054601,0.4408493427704752,0.5743174924165824,0,True,0.805045155524936,-0.5916743695093939,0.04270524594816024,0.3710282762581337,0.513972528129641,0.4873476534880391,0.5386040995378387,0.7349399024331658,0.21801404628694718,139,3.235054158952594,25.407747798594663,9:5=288;9:4=120;0:8=86;0:7=50;17:27=36,0.02766828980791685,0.011476361192762852,138
383,1691509871.363588,1161,1032,1032,1032,0.9999999999999997,1.0,1.0,1.0,1.0000000000000002,33.16904075241512,428.7406710899719,570.0902881576131,0.07736387748820439,0.058182083507524796,0.7520574898329749,17.187421620448987,27.145713448524475,436.4983236193657,574.8917654752731,0.02630398589973302,0.4229634918792303,0.5570656642202259,39,457,590,0.0377906976744186,0.4428294573643411,0.5717054263565892,0,True,0.8068224810704764,-0.5886348586268968,0.05046273128333402,0.37050182606215704,0.5146218102001298,0.4861281936382543,0.5348121052747101,0.742337563462699,0.202466573941855,145,3.233204610322323,25.360798364470128,9:5=321;9:4=116;0:8=81;17:27=50;0:7=50,0.030782428078849684,0.012746222782880068,129
384,1691509871.462659,1172,1029,1029,1029,0.9999999999999998,1.0,1.0,1.0,1.0000000000000002,31.060225717978767,420.4698231913219,577.4699510906995,0.07387028510687142,0.05378673930879624,0.7281241602219427,18.59194316016961,27.52295470237732,429.83960992097855,585.6784906983376,0.026747283481416247,0.41772556843632513,0.5691724885309403,41,453,604,0.03984450923226433,0.4402332361516035,0.586977648202138,0,True,0.8059983850133609,-0.5898307783622251,0.04966141613431777,0.37424371636355713,0.5216966819416591,0.48039332310813565,0.5285808644005824,0.7417103178548613,0.19266535085539438,138,3.2214679967081765,25.064888360555894,9:5=306;9:4=133;0:8=63;17:27=47;0:7=45,0.028362568420737946,0.011448115110397339,143
385,1691509871.5618608,1130,1002,1002,1002,0.9999999999999998,1.0,1.0,1.0,1.0000000000000002,34.601848201283964,401.3332639893791,566.0648878093369,0.08621724463437366,0.061126999654037235,0.7089880906454613,16.359383016665916,29.238807499408722,407.6661294102669,573.026816546917,0.029180446606196328,0.40685242456114457,0.5718830504460249,40,427,588,0.03992015968063872,0.42614770459081835,0.5868263473053892,0,True,0.8061409918116114,-0.5894252321829213,0.052101794471025226,0.38068083418888904,0.5267558711253236,0.47242062776791977,0.5373549502491883,0.7445804723978514,0.1901788242475545,137,3.1755707824516,23.940480775610773,9:5=306;9:4=128;0:8=70;17:27=58;0:7=43,0.02849527718836515,0.011572082061320543,128
386,1691509871.6607041,1089,966,966,966,0.9999999999999997,1.0,1.0,1.0,1.0000000000000002,27.390144877452887,394.11908967027375,544.4907654522733,0.06949712814055242,0.050304149519784166,0.7238306224402253,19.879075772997794,18.708273708820343,398.41499024629593,549.5964776873589,0.019366742969793314,0.41243787810175564,0.568940453092504,26,414,563,0.026915113871635612,0.42857142857142855,0.582815734989648,1,False,0.8001007386221703,-0.5984099473247271,0.04176533250286487,0.37961719675305006,0.5170976211272764,0.47857686448341535,0.5486179416853987,0.7434524829257928,0.18988264432874136,131,3.1425536398046616,23.162941207976704,9:5=282;9:4=141;0:8=82;10:5=38;17:27=37,0.028130789410583647,0.011050273198634386,123
387,1691509871.760334,1097,955,955,955,0.9999999999999998,1.0,1.0,1.0,1.0000000000000002,25.266359739831987,400.0619757890175,529.6716644711506,0.06315611397459284,0.04770192825976281,0.755301826818428,20.96351314258113,19.250216126441956,404.6919565796852,535.1035652756691,0.02015729437323765,0.4237612110782044,0.5603178693986064,27,419,548,0.028272251308900525,0.4387434554973822,0.5738219895287958,1,False,0.8033480601159856,-0.5929642281585149,0.055002894762542415,0.37016709788631064,0.5130374680682587,0.4860286524390293,0.541737462725763,0.7438305866056125,0.18011197465311232,127,3.1051351756227907,22.312234841676002,9:5=296;9:4=129;0:8=69;17:27=51;0:7=32,0.029626168961689396,0.012697862461209297,142
388,1691509871.8598864,1082,941,941,941,0.9999999999999997,1.0,1.0,1.0,1.0000000000000002,22.267146090419836,420.40794580744677,498.3249081021331,0.05296556906804641,0.04468399176598277,0.8436422482042237,22.379379291741895,14.697815716266632,425.401398897171,505.89962857961655,0.01561935782812607,0.45207375015639856,0.5376191589581473,21,440,521,0.022316684378320937,0.4675876726886291,0.5536663124335813,1,False,0.8058705360691907,-0.5908127939653501,0.038896292656394806,0.3517117859082104,0.49190170859791676,0.5098149200596738,0.4614650961847153,0.7283371512110721,0.22268344933094633,122,3.139190404124042,23.085169633014342,9:5=280;9:4=109;0:8=70;17:27=49;0:7=49,0.030320457281306567,0.010800669901072979,141
389,1691509871.9602993,1083,936,936,936,0.9999999999999998,1.0,1.0,1.0,1.0000000000000002,26.110659795653817,412.0553672813968,497.8339729229494,0.06336687219468393,0.05244852946123668,0.8276963600175421,19.066311491899377,22.336553990840912,414.944857776165,503.73330783843994,0.023863839733804394,0.443317155743766,0.5381766109385042,33,428,518,0.035256410256410256,0.45726495726495725,0.5534188034188035,1,False,0.8081302043147711,-0.587355140071861,0.04403989447456829,0.3532719165301029,0.49672970789787374,0.5027245539984011,0.48753471431019324,0.7367387773644262,0.21346769281271583,115,3.123418883233283,22.723937475872674,9:5=279;9:4=108;0:7=63;0:8=62;17:27=48,0.025867569716273665,0.010933702811598778,147
390,1691509872.060656,1123,976,976,976,0.9999999999999998,1.0,1.0,1.0,1.0000000000000002,29.16207559993183,428.529801518089,518.3081228819792,0.06805145288991259,0.05626397564016597,0.8267858106010562,17.77336188248517,24.625931918621063,431.7461113333702,523.974658370018,0.025231487621537974,0.44236281898910884,0.5368592811168217,35,447,538,0.035860655737704916,0.45799180327868855,0.5512295081967213,1,False,0.8076730279845914,-0.5877869819738405,0.04659124046734597,0.3564573927693545,0.4984583239990772,0.5078277212177579,0.4838183672389992,0.7302828661226978,0.30583441909725984,141,3.24782930715579,25.734417727791598,9:5=282;9:4=103;0:8=80;0:7=72;17:27=39,0.0337404564332766,0.014263367280364037,147
391,1691509872.160947,1149,996,996,996,0.9999999999999997,1.0,1.0,1.0,1.0000000000000002,30.120097838615276,414.9449246809963,550.9349774803884,0.07258818230340129,0.054670876001310806,0.753164967994371,18.29127449825431,24.85316413640976,421.19194638729095,559.7891153097153,0.024952976040572047,0.4228834803085251,0.562037264367184,36,440,578,0.03614457831325301,0.44176706827309237,0.5803212851405622,1,False,0.8111468550678497,-0.583687178188815,0.03674312903816794,0.36516678655481644,0.5164143073858869,0.48961775792017853,0.5193971271429418,0.7456522616519293,0.1985841941188417,136,3.1369985864368566,23.034626560735266,9:5=311;9:4=124;0:8=81;0:7=57;0:6=39,0.0314282198389062,0.013936708215624094,153
392,1691509872.2610843,1166,1015,1015,1015,0.9999999999999998,1.0,1.0,1.0,1.0000000000000002,25.995624197933605,432.9793695207692,556.0250062812972,0.06003894418042623,0.046752617066258745,0.7787048507342161,21.389176964848403,21.232684195041656,437.15845090150833,563.6511710882187,0.020918900684770106,0.4306979811837521,0.5553213508258312,31,452,579,0.030541871921182268,0.44532019704433495,0.5704433497536946,1,False,0.7976882338585973,-0.6015405022019661,0.04292441932231994,0.37025822818608384,0.5013139995452194,0.49454293241576686,0.531912989368675,0.7373046466758986,0.19736135902417043,124,3.123428037444705,22.724145496552808,9:5=321;9:4=106;0:8=76;0:7=56;0:6=39,0.028717569361563413,0.011338295415043831,151
393,1691509872.3612666,1181,1056,1056,1056,0.9999999999999998,1.0,1.0,1.0,1.0000000000000002,35.86585615637602,460.96895484330093,559.1651890003232,0.07780536146640948,0.0641417900504448,0.824387790784012,15.590459811201749,31.975355207920074,468.0002872347832,565.2141337990761,0.030279692431742496,0.44318209018445376,0.5352406570067009,45,487,583,0.04261363636363636,0.46117424242424243,0.5520833333333334,0,True,0.8081390665418434,-0.5881246973735165,0.031946665994869686,0.35939919120529407,0.49925035438191917,0.5061824894910849,0.4861787781157717,0.7414705981052065,0.24371777642949055,147,3.1929941387858154,24.361259345749996,9:5=327;9:4=116;0:8=80;0:7=67;17:27=46,0.03445912743006712,0.011500108055770397,125
394,1691509872.4611025,1173,1026,1026,1026,0.9999999999999997,1.0,1.0,1.0,1.0000000000000002,28.976759241012413,427.57504903629297,569.4481917226952,0.06776999571495772,0.05088568137050693,0.7508585596571876,19.651893677493227,23.887641489505768,432.65211153030396,575.7548368573189,0.023282301646691782,0.4216882178657933,0.5611645583404667,35,450,592,0.0341130604288499,0.43859649122807015,0.5769980506822612,1,False,0.8058861938678956,-0.5901072308794006,0.048175705464088024,0.36974820230491023,0.5140280204142685,0.4887069315651331,0.5321270530259958,0.7454433676244537,0.2069873679753404,134,3.129600907910749,22.86485253953421,9:5=335;9:4=108;0:8=68;0:7=64;0:6=40,0.03136304343156783,0.012176132295280695,147
395,1691509872.5612445,1160,1020,1020,1020,0.9999999999999998,1.0,1.0,1.0,1.0000000000000002,29.84031186609825,430.9165954272544,559.2430927066478,0.06924846288760715,0.05335839146743124,0.7705353915802277,18.741194636843158,23.692326247692108,438.87933003902435,564.7198173999786,0.023227770831070693,0.43027385297943566,0.5536468798039006,35,458,579,0.03431372549019608,0.44901960784313727,0.5676470588235294,1,False,0.8032377784570482,-0.5942251535608766,0.04129816139900756,0.37139298399578474,0.5081864843848075,0.4931945144948011,0.5202818247250828,0.7449975000417459,0.19852771085190613,132,3.1475025069255076,23.277855639736053,9:5=334;9:4=111;0:8=66;0:7=58;17:27=42,0.027508359686499645,0.010755043476819992,140
396,1691509872.6615012,1158,1036,1036,1036,0.9999999999999997,1.0,1.0,1.0,1.0000000000000002,30.617221967069813,441.8378724735953,563.5449055593346,0.0692951507204705,0.05432969345483008,0.7840331233853645,18.40614103282957,24.821089804172516,446.3072801232338,570.3577100038528,0.023958580892058413,0.4307985329374844,0.5505383301195491,36,464,589,0.03474903474903475,0.44787644787644787,0.5685328185328186,1,False,0.8125434108476511,-0.5821229033717705,0.030102007542441758,0.3599275384480081,0.5092033559326246,0.5003159619559213,0.4872691636732997,0.7467809855031483,0.21407610578537833,136,3.2121073791284083,24.83136021493059,9:5=321;9:4=113;0:8=66;0:7=61;17:27=40,0.033743440541775305,0.010986980516463518,122
397,1691509872.761798,1113,982,982,982,0.9999999999999998,1.0,1.0,1.0,1.0000000000000002,29.247313515312353,419.9294357899884,532.8232506946991,0.06964816234015868,0.05489121106704611,0.7881214553653226,18.217852741098458,24.593687057495117,426.8060750365257,536.2721275091171,0.025044487838589733,0.434629404314181,0.5461019628402415,36,445,550,0.03665987780040733,0.4531568228105906,0.560081466395112,1,False,0.8072659633658982,-0.5879650046398619,0.0511743852896707,0.36438242888926775,0.5103344253214198,0.49664121020547874,0.5095523811198535,0.7426519598251339,0.199454509872705,124,3.1382149362612477,23.06266177156269,9:5=306;9:4=115;0:8=69;0:7=66;0:6=31,0.026714229182398287,0.01211363822221756,131
398,1691509872.861447,1104,983,983,983,0.9999999999999998,1.0,1.0,1.0,1.0000000000000002,26.851169745735927,418.0383756091535,538.1104546451108,0.0642313512643646,0.04989899288138629,0.7768635082268638,20.040484632166347,18.790793478488922,424.4672931432724,542.3988571166992,0.019115761422674387,0.4318080296472761,0.5517791018481172,26,441,556,0.026449643947100712,0.4486266531027467,0.5656154628687691,1,False,0.8043320544833108,-0.5931706318670149,0.034620046521382425,0.3690751799926914,0.5056457220965997,0.49499427538113766,0.5302030659216656,0.7414250015390422,0.1935892502803877,137,3.1608690251259364,23.59108827205459,9:5=313;9:4=113;0:8=70;0:7=58;0:6=44,0.02275185930002296,0.012124191038310528,121
399,1691509872.9613976,1108,979,979,979,0.9999999999999997,1.0,1.0,1.0,1.0000000000000002,29.54647630996898,419.9911102077843,529.4624134822467,0.07035024216429558,0.0558046719797225,0.7932406522410621,17.91964659094073,24.19997626543045,426.09443414211273,532.9812675118446,0.02471907687990853,0.4352343556099211,0.544413960686256,34,442,546,0.03472931562819203,0.4514811031664964,0.557711950970378,1,False,0.8021010584100323,-0.5963082197663231,0.032409861718685457,0.3715358462041152,0.5007074700441778,0.4978450826987931,0.5241524910096363,0.738356560118002,0.2043525050150091,136,3.194597417630072,24.400348564564027,9:5=311;9:4=114;0:8=56;0:7=48;17:27=35,0.0280107094917376,0.012509177438914776,129
400,1691509873.0622883,1099,963,963,963,0.9999999999999998,1.0,1.0,1.0,1.0000000000000002,28.056262414289996,420.6390297894176,514.3047077962924,0.06669914208468877,0.05455182888468254,0.8178790188248204,18.331191097440684,21.83171659708023,427.5837599635124,520.3712167143822,0.02267052606135019,0.44401221180011674,0.5403647110222037,33,445,537,0.03426791277258567,0.4620976116303219,0.557632398753894,1,False,0.8057384504379536,-0.5908741854153536,0.040660133983886265,0.3630411346165343,0.5000593659895602,0.5044702447786509,0.4992090250439399,0.7420738646628555,0.23423871806426494,137,3.2216901918092606,25.070458274739735,9:5=308;9:4=105;0:8=56;0:7=52;0:6=40,0.0309180950602547,0.012165102176368237,136
401,1691509873.1625497,1068,921,921,921,0.9999999999999998,1.0,1.0,1.0,1.0000000000000002,29.79840018727001,410.4840165317691,480.71758328096087,0.07259332638342517,0.06198733148867158,0.8538984859471159,16.13232859012093,24.999360024929047,419.33979219198227,481.89194828271866,0.027143713382116227,0.4553092206210448,0.523226871099586,36,438,493,0.03908794788273615,0.4755700325732899,0.5352877307274702,1,False,0.8011431210071652,-0.5969905989689114,0.042094232451009204,0.3638089179929005,0.4904669813554892,0.5144878138099679,0.4959203210332668,0.7295555556677701,0.27705124254857255,128,3.236164150577932,25.435965843869525,9:5=279;9:4=104;0:8=54;0:7=53;0:6=51,0.03497001644564516,0.01059814728796482,147
402,1691509873.2629461,1115,973,973,973,0.9999999999999998,1.0,1.0,1.0,1.0000000000000002,37.41282548264455,446.7032765554751,488.8838979618804,0.08375319243488542,0.07652701518420991,0.9137205754121723,13.067280849682655,32.98086619377136,454.3261120915413,493.4105660915375,0.03389605980860366,0.46693331150209794,0.5071023289738309,48,474,510,0.04933196300102775,0.48715313463514903,0.5241521068859198,0,True,0.8118924749371441,-0.5829906075870915,0.03086358057116734,0.34683895225079914,0.48579688874050647,0.527203953775418,0.39939789243414037,0.7228996373491071,0.406526744446877,137,3.2723660202577474,26.37366620939871,9:5=291;9:4=98;0:8=73;0:7=59;0:6=45,0.027500710596415134,0.011750319041311741,142
403,1691509873.3636687,1154,1016,1016,1016,0.9999999999999997,1.0,1.0,1.0,1.0000000000000002,34.87868293375243,450.8828434298438,530.2384736364037,0.07735642072435489,0.06577923833884132,0.8503397355112036,15.202365142156411,27.986582279205322,456.9302705526352,531.1513870954514,0.02754584870000524,0.44973451826046773,0.5227867983222947,40,475,546,0.03937007874015748,0.4675196850393701,0.5374015748031497,0,True,0.8041592313906644,-0.5927851855428377,0.04397333703643131,0.3621078822260384,0.49271823945179327,0.5121152189000389,0.4826004352734723,0.7347763945456112,0.27108814916165874,142,3.282263579677315,26.635997214645364,9:5=315;9:4=105;0:7=66;0:8=65;0:6=40,0.032468864742503815,0.012262153904885054,138
404,1691509873.4642882,1180,1033,1033,1033,0.9999999999999998,1.0,1.0,1.0,1.0000000000000002,35.19939530960428,448.618268886144,549.1823358042518,0.07846179647788179,0.0640941869662585,0.8168840103517961,15.602038926345008,28.81350153684616,455.57767021656036,554.1979886293411,0.02789303149743094,0.4410238821070284,0.5364936966402141,43,472,570,0.041626331074540175,0.4569215876089061,0.5517909002904162,0,True,0.8065622545692096,-0.590512539466907,0.027427545216050675,0.3650418531898875,0.4958748869391098,0.5048404265530313,0.5003560745186171,0.73781428431803,0.21878511530241923,135,3.282586823360953,26.64460852420313,9:5=322;9:4=106;0:8=57;0:7=56;10:5=33,0.035709002630086056,0.012461542151868343,147
405,1691509873.564231,1237,1063,1063,1063,0.9999999999999997,1.0,1.0,1.0,1.0000000000000002,37.726712816742356,462.3455368990712,562.9277502841865,0.08159852276237717,0.06701874760605875,0.8213230501883453,14.92119795908565,32.18049842119217,470.56469643116,567.2983468770981,0.03027328167562763,0.4426761020048542,0.5336767139013152,47,490,582,0.04421448730009407,0.4609595484477893,0.5475070555032926,0,True,0.8030902861940153,-0.5948154113479512,0.03522241677941321,0.36876344089077745,0.49614220964698685,0.5066130869355825,0.4853220005484075,0.7411931033835044,0.2254058875029735,142,3.2051316411712794,24.65874590899875,9:5=332;9:4=111;0:7=93;0:8=63;0:6=42,0.02947739044487027,0.011994275264441967,174
406,1691509873.6634207,1235,1083,1083,1083,0.9999999999999998,1.0,1.0,1.0,1.0000000000000002,39.693557475759846,458.1766946712549,585.1297478529852,0.08663373309338718,0.06783718930956303,0.7830343549485241,14.741176781907583,35.329912185668945,467.828519821167,590.5286567211151,0.03262226425269524,0.4319746258736537,0.5452711511736982,53,490,609,0.048938134810710986,0.45244690674053556,0.5623268698060941,0,True,0.802626018855087,-0.5954583279695608,0.03494071419602669,0.3742459178404909,0.5046967477056129,0.4953716868900512,0.5151434380871608,0.7438505586055058,0.20626662875213958,159,3.302808175590501,27.18888297471061,9:5=330;9:4=116;0:7=79;0:8=66;0:6=41,0.028426054761669546,0.012325708754360676,152
407,1691509873.7624743,1183,1040,1040,1040,0.9999999999999997,1.0,1.0,1.0,1.0000000000000002,33.45088960184568,424.3745055277827,582.1746048703717,0.07882398486743153,0.057458517293611476,0.7289471268199252,17.40386016036625,28.10749977827072,434.02119475603104,585.3745173811913,0.02702644209449108,0.41732807188079907,0.56286011286653,42,454,601,0.04038461538461539,0.43653846153846154,0.5778846153846153,0,True,0.8043086758472249,-0.5933297216600395,0.03236348794095137,0.3811721704611137,0.5179898268811315,0.4833423043346668,0.5443971779307539,0.7518357326097548,0.19063603955799258,152,3.1708241048582146,23.827112306582354,9:5=352;9:4=113;0:7=70;0:8=49;0:6=45,0.03162619322841399,0.011703134514391422,143
408,1691509873.8625426,1165,1027,1027,1027,0.9999999999999998,1.0,1.0,1.0,1.0000000000000002,35.40948142090677,437.6169273604916,553.9735912186014,0.08091433216370499,0.06391907842215888,0.7899599083736922,15.644781256003359,31.830174386501312,447.11044043302536,558.9183086156845,0.03099335383301004,0.4353558329435495,0.544224253764055,47,468,576,0.045764362220058426,0.45569620253164556,0.560856864654333,0,True,0.8009555087934266,-0.5982783767917804,0.023092353644779195,0.3759750685455078,0.5010497764772193,0.5002600069551645,0.5144930308169308,0.7434069749433468,0.22168596698955992,145,3.200582957570235,24.54683579067667,9:5=332;9:4=107;0:7=69;0:8=58;0:6=41,0.031374765304204376,0.011894525960087776,138
409,1691509873.9621394,1102,978,978,978,0.9999999999999997,1.0,1.0,1.0,1.0000000000000002,36.53454184037964,401.2670767270219,540.1983814325986,0.09104794277760728,0.06763171289682605,0.7428142891929206,14.78596293318086,27.73599535226822,407.9800940155983,546.39851552248,0.02835991344812701,0.41715756034314755,0.5586896886732925,39,427,565,0.03987730061349693,0.43660531697341515,0.5777096114519428,0,True,0.802672777708411,-0.5960505947391008,0.020978570900517735,0.3809588079294345,0.5109057599654383,0.48804921997258627,0.5286477366033377,0.7443919044216533,0.21284874145899002,145,3.306269958146162,27.283168078605442,9:5=284;9:4=115;0:7=66;0:8=55;10:5=45,0.03215433297566681,0.013106164988130331,124
410,1691509874.0614414,1112,973,973,973,0.9999999999999998,1.0,1.0,1.0,1.0000000000000002,31.37764831825289,416.75929629779773,524.8630553839497,0.07528961824484849,0.059782543267975684,0.794034352432995,16.727291034064788,27.04464840888977,421.1055718064308,529.5191427469254,0.027795116555899044,0.4327909268308642,0.5442128907984844,40,437,544,0.041109969167523124,0.44912641315519014,0.5590955806783144,0,True,0.8102968647009837,-0.5850023963357107,0.034513581924103774,0.36444964258319895,0.5065509469098147,0.5006433586206698,0.4996338614779988,0.746452216041763,0.23746479683563806,134,3.244393938513826,25.64616219804753,9:5=296;9:4=91;0:8=75;0:7=53;10:5=44,0.027637152214955905,0.011996238492429256,139
411,1691509874.1609757,1103,987,987,987,0.9999999999999997,1.0,1.0,1.0,1.0000000000000002,34.650603582669696,421.009164190686,531.3402322266443,0.08230368013313728,0.06521358911118443,0.7923532581494859,15.334227323312518,28.823167502880096,426.1626824736595,537.4467148184776,0.029202803954285813,0.4317757674505162,0.5445255469285487,41,443,554,0.04154002026342452,0.44883485309017224,0.5612968591691996,0,True,0.8057204945579499,-0.5918316720887692,0.02344688810703506,0.3715033008397973,0.5016249017505969,0.5011812694644118,0.49532019741765065,0.7430360846412629,0.22895268700904509,140,3.277193956055534,26.501304443283054,9:5=302;9:4=90;0:7=77;0:8=60;10:5=42,0.029360326793887937,0.012342051602900028,116
412,1691509874.2603521,1089,941,941,941,0.9999999999999998,1.0,1.0,1.0,1.0000000000000002,31.245512292931664,396.7180175313583,513.0364701757102,0.07876000310588839,0.060903101649343504,0.7732744952722097,16.41952499821131,21.73053139448166,404.1637878417969,516.3794825077057,0.023093019547801977,0.42950455668628784,0.5487560919316745,30,421,529,0.031880977683315624,0.44739638682252925,0.5621679064824655,1,False,0.8087627761516092,-0.5878207403118616,0.019223661741650102,0.3726504945133908,0.5088898849303611,0.4954516337529402,0.49623577053234197,0.7452830768265197,0.2022433004679615,139,3.2443001965619715,25.643758189425505,9:5=293;9:4=92;0:8=60;0:7=59;0:6=39,0.030575516596514907,0.013737166300415993,148
413,1691509874.3609157,1062,937,937,937,0.9999999999999997,1.0,1.0,1.0,1.0000000000000002,34.92834733438146,401.77946375197166,500.29218891364656,0.0869341280119374,0.06981589580726055,0.8030896197368399,14.32338564788571,29.70790594816208,407.61552280187607,505.5300868153572,0.03170534252738749,0.43502190267009183,0.5395198365158561,44,424,521,0.04695837780149413,0.45250800426894344,0.5560298826040555,0,True,0.8049605509766183,-0.5930618821192284,0.01777963297194412,0.37231309788518135,0.4988659336938844,0.5029182779432041,0.4867999003135595,0.7407580622973138,0.2526277021760549,146,3.288061501434726,26.79087920538396,9:5=286;9:4=92;0:7=65;0:8=55;0:6=49,0.03069888468349794,0.011651099659502506,125
414,1691509874.4614718,1060,920,920,920,0.9999999999999998,1.0,1.0,1.0,1.0000000000000002,35.3732876984153,387.82861235946905,496.7980999421155,0.09120855597324687,0.07120254224510282,0.7806563922137724,14.04444235372478,28.734235107898712,394.3665027022362,502.9255073070526,0.031232864247715993,0.428659242067648,0.5466581601163615,41,413,519,0.04456521739130435,0.4489130434782609,0.5641304347826087,0,True,0.8051961498224809,-0.5918541835081411,0.03698358791362152,0.37557580772678834,0.5063638011729538,0.49610138614583343,0.5174308793612206,0.7453897451926526,0.23394654364583636,139,3.234451993387185,25.392452733318734,9:5=287;9:4=87;0:7=62;0:8=56;0:6=47,0.03589864753199227,0.013825577683746815,140
415,1691509874.5623453,1082,922,922,922,0.9999999999999997,1.0,1.0,1.0,1.0000000000000002,32.730778980766864,398.4533669163116,490.8158541029216,0.08214456621128617,0.06668647458544276,0.8118184520436416,14.995544542075608,28.650449693202972,405.3413804769516,495.4785475730896,0.031074240448159405,0.43963273370602124,0.5373953878233076,43,425,511,0.046637744034707156,0.4609544468546638,0.5542299349240781,0,True,0.8075009839007018,-0.5895795024300272,0.01838943484068669,0.36583136945020495,0.49879888932390654,0.5088458336656113,0.49323407319614754,0.7396477448640602,0.2439177979768417,129,3.2918677242403174,26.893045571430395,9:5=267;9:4=89;0:7=77;10:5=43;0:8=41,0.037323356676494605,0.013667605817317963,160
416,1691509874.6629133,1131,963,963,963,0.9999999999999998,1.0,1.0,1.0,1.0000000000000002,38.599798358730034,402.39430038126125,522.005901260009,0.09592531087581864,0.0739451379104307,0.7708615925796408,13.523539589733323,37.30008625984192,407.50516986846924,529.0864471793175,0.03873321522309649,0.42316217016455787,0.5494147945787305,53,424,547,0.055036344755970926,0.4402907580477674,0.5680166147455867,0,True,0.7999329485822724,-0.5993006801561576,0.030756666543015426,0.3787356102481551,0.5004170727982215,0.49392547087955285,0.5239573753618273,0.7454112733363598,0.21664649233325736,144,3.258256572882069,26.004161239338064,9:5=303;9:4=83;0:7=69;0:8=59;0:6=45,0.03451960345503956,0.012496070004999638,168
417,1691509874.763446,1159,999,999,999,0.9999999999999998,1.0,1.0,1.0,1.0000000000000002,36.924891981394666,418.22670517024983,543.8484028483555,0.08828917791455582,0.06789556021127206,0.7690133922979755,14.728503555877271,32.68762755393982,424.1851536035538,550.3547429442406,0.03272034790184166,0.4246097633669207,0.5509056485928334,50,443,569,0.05005005005005005,0.44344344344344344,0.5695695695695696,0,True,0.8063915819811239,-0.5905847611749862,0.030696194843415285,0.37411831817540225,0.5083233456759968,0.49285327761506836,0.5029469090781423,0.7465264351938452,0.20757881348512355,155,3.291728536446146,26.889302648229418,9:5=306;9:4=87;0:7=74;0:6=65;0:8=47,0.03531591959610262,0.014635380357503891,160
418,1691509874.8637104,1186,1035,1035,1035,0.9999999999999998,1.0,1.0,1.0,1.0000000000000002,43.06647553482976,412.0361510030086,579.8973734621613,0.10452110920363222,0.07426568476713384,0.7105328802284948,13.465169049953314,36.66094470024109,420.64210963249207,588.8840141892433,0.03542120260892859,0.4064174972294609,0.5689700620185926,53,443,611,0.051207729468599035,0.4280193236714976,0.5903381642512078,0,True,0.8147007221834717,-0.5789262485231486,0.03327359380414514,0.3786554454769631,0.5287802094436084,0.4772783443883004,0.5100868468709174,0.7501522857885432,0.19692744963430417,154,3.320533766618772,27.675118671320615,9:5=327;9:4=76;0:7=69;10:5=58;0:6=51,0.03381687593133347,0.013311676681041718,151
419,1691509874.9629922,1220,1062,1062,1062,0.9999999999999997,1.0,1.0,1.0,1.0000000000000002,33.69526318688261,435.4030068253412,592.9017299877762,0.07738867821002261,0.056831109579621744,0.7343594811813382,17.59599640754816,26.738719046115875,441.09829837083817,601.2653610706329,0.025177701550014947,0.41534679695935794,0.5661632401795037,42,458,621,0.03954802259887006,0.4312617702448211,0.5847457627118644,0,True,0.8120849552186512,-0.582366849286802,0.03697131806257674,0.37302062375693296,0.5190395858790965,0.48435489415922767,0.4917675047879394,0.7504185351200998,0.19773375635756923,136,3.262408572247381,26.112354954988476,9:5=344;0:7=84;9:4=82;0:6=51;10:5=40,0.036307810408684985,0.015871799550950527,158
420,1691509875.060663,1240,1081,1081,1081,0.9999999999999998,1.0,1.0,1.0,1.0000000000000002,42.39439470319667,446.24423203463994,592.3613732621634,0.0950026726617853,0.07156846583315964,0.7533310782523696,13.972634293030666,35.1350212097168,452.9976797699928,600.4687319993973,0.03250233229391008,0.41905428285845775,0.5554752377422731,51,474,620,0.04717853839037928,0.43848288621646625,0.5735430157261795,0,True,0.8167321639951262,-0.5769599916777478,0.008108039161924492,0.3742796685125671,0.516289314387516,0.4912304601636067,0.4904746107342649,0.7483250202693243,0.22962029441138865,155,3.4126853042398544,30.3466248650708,9:5=309;9:4=78;0:7=75;10:5=60;0:6=52,0.03425288042564029,0.01337836030870676,159
421,1691509875.1586516,1265,1104,1104,1104,0.9999999999999998,1.0,1.0,1.0,1.0000000000000002,38.650229928832985,477.08088976241845,588.2688803087485,0.08101399732879767,0.0657016395437197,0.810991207816443,15.220320329062293,29.839596807956696,481.73417168855667,595.987008035183,0.027028620297062225,0.4363534163845622,0.5398433043796947,45,498,614,0.04076086956521739,0.45108695652173914,0.5561594202898551,0,True,0.8190641805151088,-0.5732354091664508,0.02313079927035063,0.35641106924087856,0.5053465743597344,0.5060917993400362,0.44400838716052293,0.7417088345498242,0.24629387909255887,144,3.3903096187014126,29.675138826078307,9:5=307;0:7=84;9:4=72;10:5=64;0:8=64,0.02652887661172684,0.011845477856695652,161
422,1691509875.2566102,1228,1072,1072,1072,0.9999999999999998,1.0,1.0,1.0,1.0000000000000002,44.93975518390112,451.44373128370194,575.6165135323967,0.09954674762259466,0.07807238695797394,0.7842786311207764,12.808625929911633,35.79059702157974,459.3044154047966,582.9570187926292,0.03338675095296618,0.42845561138507143,0.5438031891722288,52,481,603,0.048507462686567165,0.44869402985074625,0.5625,0,True,0.8173496803721864,-0.5752392407436303,0.0322384227929466,0.36704287546679537,0.5103238766491518,0.5017369300541245,0.46436476094373935,0.7477925559800129,0.2514044622968804,163,3.4589975750549953,31.78509836413082,9:5=296;0:7=85;9:4=72;10:5=71;0:8=49,0.035087099517631726,0.014188743196427822,156
423,1691509875.3556342,1142,1001,1001,1001,0.9999999999999997,1.0,1.0,1.0,1.0000000000000002,38.31268838725226,415.3273514444911,547.3599601682564,0.09224696676971149,0.06999541649972914,0.7587828516298872,14.286649755186037,31.916523575782776,420.89433085918427,556.207159280777,0.03188463893684593,0.4204738570021821,0.555651507773004,47,439,576,0.04695304695304695,0.4385614385614386,0.5754245754245755,0,True,0.8248589912002742,-0.5651251017790708,0.015532674440061251,0.3633207671277626,0.5222229851570214,0.4945867279256942,0.4621622293969789,0.754465963720531,0.2296499534344022,139,3.345826385003382,28.384022107631033,9:5=291;0:7=83;10:5=66;9:4=56;0:6=49,0.03181898330267351,0.012391888536512852,141
424,1691509875.4553785,1039,904,904,904,0.9999999999999997,1.0,1.0,1.0,1.0000000000000002,37.10080156083738,396.1739511795127,470.72524725965013,0.09364775611919629,0.07881625593023,0.8416246068929988,12.687737931692968,26.82748633623123,401.4103556871414,479.18476408720016,0.029676422938308883,0.44403800407869626,0.5300716416893807,37,418,499,0.04092920353982301,0.46238938053097345,0.5519911504424779,0,True,0.8099958545434958,-0.5864311016778537,-0.002297521980412793,0.3631226667977196,0.49329644215357477,0.5148062662688274,0.44261428052683516,0.7237396769175444,0.2733592625689426,141,3.4998148010723287,33.109319580372684,9:5=222;0:7=87;9:4=72;10:5=54;0:6=36,0.031224931411654458,0.012424038723111153,135
425,1691509875.5555809,1006,888,888,888,0.9999999999999998,1.0,1.0,1.0,1.0000000000000002,39.36532289003669,365.44569464867635,483.1889824612867,0.10771866645708003,0.08146982716682837,0.7563204210227538,12.274482894781011,34.22964525222778,368.248920917511,489.822631418705,0.03854689780656282,0.4146947307629628,0.5516020624084516,51,385,508,0.057432432432432436,0.43355855855855857,0.5720720720720721,0,True,0.8181510135525529,-0.5749443709389602,0.008239499288969644,0.37484927510300936,0.5176147387892682,0.4905642651812367,0.49323850835909344,0.749843015380431,0.23973661887259146,143,3.444851997105941,31.338644893278087,9:5=255;0:7=61;9:4=60;10:5=54;0:6=40,0.030970469287454123,0.014280583243817091,118
426,1691509875.6564305,1073,944,944,944,0.9999999999999997,1.0,1.0,1.0,1.0000000000000002,36.772223802390904,393.49297312320255,513.7348030744063,0.09345077628839266,0.07157822203660404,0.7659457190137289,13.970729805060188,28.147239208221436,398.2049672603607,521.3927251696587,0.02981699068667525,0.4218272958266533,0.5523228020865029,42,416,542,0.04449152542372881,0.4406779661016949,0.5741525423728814,0,True,0.8201113774636952,-0.5720249708440863,0.014309482360383534,0.3658827234629443,0.5130192308184841,0.49952157620239407,0.4694070471187806,0.745296528235396,0.26472834601689155,138,3.4286694755335168,30.835587939327148,9:5=272;0:7=66;10:5=60;9:4=46;0:6=40,0.03147226217623933,0.012896286323666573,129
427,1691509875.7583735,1129,979,979,979,0.9999999999999998,1.0,1.0,1.0,1.0000000000000002,40.34484561208081,431.8286676319704,506.82648675594874,0.09342790008204144,0.07960287527654014,0.8520246650801186,12.562360298243036,33.74020874500275,438.78255146741867,513.1351619958878,0.03446395173136133,0.4481946388839823,0.5241421470846658,51,457,531,0.05209397344228805,0.466802860061287,0.5423901940755873,0,True,0.8179461992891335,-0.5752209402902497,0.009213301257555326,0.35827477124273016,0.4963200353878826,0.5147180491838663,0.43563346662897,0.723912060944337,0.2670971935128403,146,3.4627420589914415,31.90434026473858,9:5=267;0:7=76;0:6=58;9:4=54;10:5=53,0.030032149902676806,0.012456202879548073,150
428,1691509875.8616984,1145,989,989,989,0.9999999999999997,1.0,1.0,1.0,1.0000000000000002,43.23019493000819,455.457520055053,490.31228501493865,0.09491597575287104,0.08816869625995821,0.9289131314365829,11.34189391948795,36.83592939376831,462.2900356054306,498.64010787010193,0.03724563133849172,0.46743178524310475,0.5041861555814984,54,482,520,0.054600606673407485,0.487360970677452,0.5257836198179979,0,True,0.8241242569846065,-0.5662146700118923,0.014837672084739316,0.34384944029926284,0.4858098861827073,0.5347781981742828,0.3822884435390319,0.6555971868334345,0.40731606672145443,157,3.5757221240012287,35.72040606701555,9:5=249;0:7=97;0:6=54;10:5=48;9:4=43,0.031038957167680004,0.013578062877058983,156
429,1691509875.9657123,1124,966,966,966,0.9999999999999998,1.0,1.0,1.0,1.0000000000000002,40.40076486924516,417.00498330251577,508.5942518282392,0.09688317043428825,0.07943614133273605,0.8199168232899049,12.588728294483442,33.79000735282898,423.04972982406616,515.411043047905,0.03497930367787679,0.4379396789069008,0.5335518043974171,52,441,534,0.053830227743271224,0.45652173913043476,0.5527950310559007,0,True,0.8227192810502872,-0.5683306001207231,-0.011546148904170125,0.36109624006492247,0.5040835057854051,0.5071445765819944,0.4235453816426385,0.7385173737490864,0.26967183037662124,141,3.5353773317716675,34.30795775464695,9:5=251;0:7=68;0:6=57;9:4=50;10:5=46,0.02965376196050712,0.01374978618696332,158
430,1691509876.069795,1092,944,944,944,0.9999999999999998,1.0,1.0,1.0,1.0000000000000002,45.209025291888466,383.9032970880269,514.8876776200848,0.11776149263318854,0.08780366525929256,0.745605913240157,11.389046198093268,37.43164390325546,389.110488653183,522.1516937017441,0.03965216515175367,0.41219331425125316,0.5531267941755763,53,407,539,0.05614406779661017,0.4311440677966102,0.5709745762711864,0,True,0.8139712747706783,-0.5808123862214961,0.010379588618447146,0.38241237209088424,0.5125143459916478,0.4891242719180173,0.48205168098097245,0.7450842705062102,0.24662889461667548,151,3.49395509109315,32.91587588550818,9:5=258;10:5=63;0:6=58;0:7=53;9:4=50,0.03431287470630613,0.012583690229803324,148
431,1691509876.1718516,1075,908,908,908,0.9999999999999998,1.0,1.0,1.0,1.0000000000000002,39.20187273216481,384.29681039478055,484.5013168730542,0.10200936274202613,0.08091179810443368,0.7931801153297411,12.359137028561518,32.644810259342194,388.37144017219543,493.4230350255966,0.035952434206324005,0.42772185040990685,0.5434174394555029,48,406,513,0.05286343612334802,0.44713656387665196,0.5649779735682819,0,True,0.8174934930328596,-0.5757916483095867,0.012975615047588896,0.36875935875367827,0.5073158192543898,0.5010151479924461,0.4505708191985205,0.7423734094684444,0.2618763962346152,146,3.523171624362991,33.89175008222085,9:5=243;0:7=60;10:5=52;9:4=48;0:6=44,0.03195138004897518,0.014992625452578068,167
432,1691509876.2723048,1108,955,955,955,0.9999999999999998,1.0,1.0,1.0,1.0000000000000002,42.26377666344242,434.48521136241686,478.2510119741405,0.09727322255898134,0.08837153629635741,0.9084878034422432,11.315860761393361,33.45775908231735,434.9476197361946,483.2790057063103,0.035034302703997225,0.4554425337551776,0.5060513148757175,48,455,507,0.050261780104712044,0.47643979057591623,0.5308900523560209,0,True,0.8095115445023869,-0.5870902930588838,-0.00400588484527617,0.3608008208407309,0.4789287417313273,0.528861804213462,0.4062301885019264,0.6163269009501225,0.3561269249249777,147,3.5676356542464878,35.432718838441666,9:5=241;0:7=62;10:5=58;0:6=57;9:4=47,0.033248923506405924,0.017109863460063934,153
433,1691509876.3717213,1173,976,976,976,0.9999999999999998,1.0,1.0,1.0,1.0000000000000002,41.44313449556031,461.56252934413556,472.9943361603045,0.08978877586629394,0.08761866966947071,0.9758309858232752,11.413092709263463,31.416189908981323,468.09908068180084,480.48820185661316,0.03218871916903824,0.4796097138133205,0.49230348550882497,46,490,501,0.0471311475409836,0.5020491803278688,0.5133196721311475,0,True,0.8264004997375898,-0.5630809523301106,0.001433581695475944,0.3407745566992007,0.47832227845779063,0.5501613578523847,0.33420276636371615,0.5806123448623235,0.50414642100331,149,3.6660670912419357,39.09783486814752,9:5=215;0:7=69;0:6=65;10:5=64;9:4=45,0.035424677652796575,0.013866570312529802,197
434,1691509876.4702878,1246,1064,1064,1064,0.9999999999999998,1.0,1.0,1.0,1.0000000000000002,52.15730520061513,477.20902701632804,534.6336677830569,0.10929656030758725,0.09755709066526552,0.89259067614494,10.250408178234476,45.326281905174255,480.38898849487305,539.9759588837624,0.04259988900862242,0.4514934102395423,0.5074962019584233,65,508,567,0.06109022556390977,0.4774436090225564,0.5328947368421053,0,True,0.8215607677700495,-0.5700421383451219,0.00947973480685262,0.3557897721372089,0.49022960312330466,0.5265799277042479,0.40107773137253905,0.6492079639213943,0.34036024620900873,157,3.5862832801664144,36.09965397693396,9:5=257;0:7=85;0:6=66;10:5=64;9:4=48,0.032087398886663156,0.012485947459936142,182
435,1691509876.5689435,1291,1095,1095,1095,0.9999999999999998,1.0,1.0,1.0,1.0000000000000002,55.16903488487497,479.05799050300726,560.772974612118,0.11516149605801983,0.09838033818058892,0.8542815224545507,10.164632674512463,46.486444771289825,486.3391218185425,570.837133705616,0.042453374220356006,0.44414531672926255,0.5213124508727087,66,509,595,0.06027397260273973,0.4648401826484018,0.54337899543379,0,True,0.8261805042459746,-0.5633731882348907,0.006035327822248537,0.35829187382394484,0.4993890125176977,0.5156070978146156,0.39533442833240345,0.7266135545181723,0.3056875930079363,160,3.6358595804784337,37.934446596435905,9:5=266;0:6=73;10:5=65;0:7=65;9:4=58,0.0306864384060185,0.012043963186442852,196
436,1691509876.666636,1212,1057,1057,1057,0.9999999999999997,1.0,1.0,1.0,1.0000000000000002,47.163191380585516,460.63590882827754,549.2008997911369,0.10238713586301776,0.08587602714875714,0.8387384452637625,11.644693323641635,37.73719924688339,465.71558153629303,558.5415521860123,0.035702175257221754,0.44060130703528194,0.5284215252469369,56,486,579,0.052980132450331126,0.4597918637653737,0.5477767265846736,0,True,0.8248396144512757,-0.5653441906541342,-0.005055346228827315,0.35814698684721413,0.5008062270138993,0.516039168504918,0.4018419837907263,0.7379716399596786,0.309128637817888,152,3.52062382332584,33.805510553441415,9:5=278;0:7=70;0:6=65;10:5=58;0:5=58,0.03190128170454437,0.012707028537988663,155
437,1691509876.76307,1117,983,983,983,0.9999999999999998,1.0,1.0,1.0,1.0000000000000002,47.791597487714576,430.7590207045235,504.4493818077623,0.11094740955058706,0.09474012499816523,0.8539192161577055,10.555189789113813,38.955738961696625,435.42245161533356,513.28531229496,0.03962943943204133,0.44295264660766387,0.5221620674414649,57,455,537,0.05798575788402848,0.46286876907426244,0.5462868769074263,0,True,0.823363286982074,-0.5675146054881036,0.00026496746496388734,0.35903862157263,0.49736687711089517,0.5159979754129864,0.40834826464378354,0.7188533747211954,0.2775793371884393,154,3.613072680799045,37.07981237943423,9:5=243;10:5=66;0:6=56;0:7=52;0:5=51,0.03286964582364576,0.014040286652743816,134
438,1691509876.8599687,1081,952,952,952,0.9999999999999997,1.0,1.0,1.0,1.0000000000000002,46.84965456575818,409.6239483209183,495.5263971133235,0.11437235239247778,0.09454522471190163,0.8266440510680606,10.576948788764335,41.200610756874084,413.50623017549515,503.85713905096054,0.04327795247570807,0.43435528379778904,0.5292617006837821,59,430,524,0.06197478991596639,0.45168067226890757,0.5504201680672269,0,True,0.8211665318063868,-0.5704834949865433,0.015300620543275549,0.36375578869739744,0.5010430890350799,0.5080312312087698,0.42088834518096374,0.7381948356659909,0.27038756328763486,144,3.545112717597275,34.64359006442431,9:5=251;0:6=62;0:7=61;10:5=52;9:4=39,0.03536566174426075,0.015527005773037672,129
439,1691509876.9564226,1056,905,905,905,0.9999999999999998,1.0,1.0,1.0,1.0000000000000002,37.382731450739364,402.83676314231366,464.7805054069467,0.09279870873536147,0.08043093678812595,0.8667247409389576,12.433026891558352,27.229757249355316,407.45942348241806,473.57224559783936,0.03008812955729869,0.4502314071628929,0.5232842492793806,40,424,492,0.04419889502762431,0.4685082872928177,0.543646408839779,0,True,0.8272402115681586,-0.5618432234969085,-0.0024134156854700734,0.3544935070912234,0.4937098417022952,0.5213799918046084,0.37978693660093626,0.710571948832669,0.3114608981139564,138,3.5588942049980323,35.12433534800081,9:5=239;0:7=53;10:5=51;0:6=49;0:5=36,0.031990288666622735,0.015997914597392082,151
440,1691509877.0535164,1052,895,895,895,0.9999999999999997,1.0,1.0,1.0,1.0000000000000002,42.94173373179043,393.780319681935,458.27794658627437,0.10904997427620407,0.09370237876743719,0.8592608974863747,10.67208765832862,36.49789601564407,397.28541737794876,466.54457515478134,0.040779772084518516,0.4438943210926802,0.5212788549215434,52,412,486,0.05810055865921788,0.46033519553072627,0.5430167597765363,0,True,0.8251710177034277,-0.5647960527198349,0.009910114751230997,0.3557607575898644,0.4979710246842063,0.5168309386435456,0.41776826522561983,0.7166303132191291,0.28762619540161993,149,3.5725278932659794,35.60648888382373,9:5=224;0:7=58;0:6=58;10:5=56;9:4=37,0.032448836458665746,0.014852721244096756,157
441,1691509877.151556,1093,929,929,929,0.9999999999999998,1.0,1.0,1.0,1.0000000000000002,38.9094610554533,408.64605772231215,481.44448122223446,0.09521555468398402,0.08081816818561208,0.8487916544081879,12.373455405513983,29.72893065214157,412.044997215271,489.7036316394806,0.03200100177840858,0.4435360572823154,0.5271298510651029,44,427,507,0.04736275565123789,0.4596340150699677,0.5457481162540366,0,True,0.8246442226588174,-0.565648771186963,0.0018367607665339472,0.35491119770761365,0.49597601445800416,0.5191325969689056,0.39195104521476354,0.7271293554205661,0.28762619540163786,136,3.5369155028729393,34.36076987043129,9:5=241;0:6=71;0:7=55;10:5=51;0:5=35,0.03300181682091547,0.013441822491586208,164
442,1691509877.250209,1145,974,974,974,0.9999999999999997,1.0,1.0,1.0,1.0000000000000002,42.25996128167678,423.5042645625805,508.23577415574243,0.09978638898790144,0.08315030824399769,0.8332830668326842,12.026413625137538,30.8643679022789,431.2989846467972,516.9466776847839,0.03168826273334589,0.4428120992266911,0.5307460756517289,46,451,537,0.04722792607802875,0.46303901437371664,0.5513347022587269,0,True,0.8230559968616478,-0.5679458181308058,-0.004046442611601678,0.36327845569093004,0.49887672225649543,0.5124980739582957,0.4199893223978638,0.7207846045334683,0.26483732049445186,143,3.5492161221666754,34.786038792697944,9:5=249;0:6=73;0:7=61;10:5=49;9:4=47,0.03344609183414117,0.01245984761044383,171
443,1691509877.3494632,1183,1025,1025,1025,0.9999999999999998,1.0,1.0,1.0,1.0000000000000002,46.518570383839496,459.3689804493023,519.1124491668584,0.10126624209222909,0.08961174107555843,0.8849122789995878,11.159251990839287,34.63554245233536,464.3982192873955,530.021201312542,0.033790773124229616,0.45307143345111756,0.5170938549390653,52,484,554,0.050731707317073174,0.4721951219512195,0.5404878048780488,0,True,0.8213550183298894,-0.5701944899755714,0.015942944075830547,0.35588343727127086,0.4911379798567965,0.5253499695200167,0.3826764776801527,0.5978363455622058,0.3223078838791387,154,3.6020034111417267,36.671629249767655,9:5=256;0:7=74;0:6=65;10:5=50;0:5=46,0.03298667596923186,0.013424360193312168,158
444,1691509877.4503932,1235,1040,1040,1040,0.9999999999999998,1.0,1.0,1.0,1.0000000000000002,43.500369518230585,477.58263441828956,518.9169960634803,0.09108448754887284,0.08382914772155409,0.9203449454175631,11.929025013132524,35.784175515174866,482.60342383384705,527.760301053524,0.034407861072283524,0.4640417536863914,0.5074618279360807,53,502,549,0.05096153846153846,0.4826923076923077,0.5278846153846154,0,True,0.8167762691750211,-0.5767802684897662,0.0141791393746887,0.3530314825665157,0.4808107158407441,0.5326941429563573,0.39091478026726356,0.5823029915885943,0.3997868178401925,147,3.4744180779674294,32.279039186079785,9:5=267;0:6=88;0:7=77;10:5=54;0:5=51,0.03163210773148184,0.012688952032476664,195
445,1691509877.552405,1276,1076,1076,1076,0.9999999999999998,1.0,1.0,1.0,1.0000000000000002,46.06919698545317,498.0182880397891,531.9125149747581,0.09250503062203305,0.08661047764149596,0.9362785684097367,11.545947179038416,37.261296808719635,494.4410607814789,529.9205576181412,0.03462945800066881,0.4595177144809283,0.4924912245521758,55,526,564,0.05111524163568773,0.4888475836431227,0.5241635687732342,0,True,0.8207211243225516,-0.5713030262356538,-0.005448697524247919,0.3459446035102158,0.47877088626034325,0.5363735027134088,0.3387788352441602,0.5756236181452963,0.38976227109142747,155,3.556554457220937,35.042249330185,9:5=261;0:6=82;0:7=65;10:5=64;0:5=58,0.03388379200805284,0.0150018404237926,200
446,1691509877.6558971,1187,1015,1015,1015,0.9999999999999998,1.0,1.0,1.0,1.0000000000000002,38.181781936695174,470.9750911360775,505.8431269272276,0.08106964180333567,0.0754814682738353,0.9310694681116694,13.248284948196185,30.04684966802597,473.2091198563576,509.38980120420456,0.02960280755470539,0.4662158816318794,0.5018618731075907,46,497,535,0.04532019704433497,0.4896551724137931,0.5270935960591133,0,True,0.8158795841149951,-0.5780668581372065,-0.013386999205241345,0.3515634005380027,0.47700793808532693,0.5362465006958275,0.3699513934867843,0.5616944404442595,0.3437035084546645,138,3.4889102704678625,32.750239350535836,9:5=267;0:7=72;0:6=70;10:5=51;0:5=48,0.030319237862583545,0.012458642944693565,172
447,1691509877.7602487,1075,921,921,921,0.9999999999999998,1.0,1.0,1.0,1.0000000000000002,42.28448642760853,422.3763330721856,456.33918050020606,0.10011092742827037,0.09266021467027952,0.9255754296819466,10.792118316997025,32.546080470085144,427.6842601299286,464.68254792690277,0.035337763811167364,0.46436944639514505,0.5045413115384395,46,445,484,0.0499457111834962,0.4831704668838219,0.5255157437567861,0,True,0.8152649741101231,-0.5786853701958065,-0.021593154252271953,0.35619036947432775,0.4772846333310984,0.5351081572782742,0.39493767844058186,0.5618253252479801,0.3746132933558928,145,3.5300843297491458,34.126845401722996,9:5=236;0:6=77;0:7=71;10:5=41;9:6=36,0.029652327777883063,0.011839635670185089,154
448,1691509877.864473,1115,977,977,977,0.9999999999999998,1.0,1.0,1.0,1.0000000000000002,46.37624963522979,448.8224542798214,481.80129608494883,0.10332871983788093,0.09625596695583184,0.931550948340926,10.388966332433826,39.780307590961456,456.1581639647484,489.67069190740585,0.04071679384949996,0.46689679013792057,0.5011982516964236,59,478,513,0.06038894575230297,0.48925281473899696,0.5250767656090072,0,True,0.8180140102276741,-0.5751278585519041,0.009001410375022275,0.35440488748055005,0.4824545737214084,0.5381532816364267,0.37952623266747937,0.574843079799553,0.4212484497628195,157,3.5730913060832723,35.626555688456314,9:5=250;0:6=74;0:7=70;10:5=54;0:5=40,0.03141834707819069,0.013606328517198563,138
449,1691509877.9676158,1126,965,965,965,0.9999999999999997,1.0,1.0,1.0,1.0000000000000002,44.06156202423625,440.0245827760439,480.9138551997196,0.10013431919248462,0.09162048784379033,0.9149758902107433,10.91458934059557,39.076327085494995,444.54583245515823,488.47069931030273,0.04049360319740414,0.4606692564302158,0.5061872531712982,59,463,509,0.061139896373056994,0.47979274611398964,0.5274611398963731,0,True,0.8212959282708994,-0.5703755410895694,-0.012030807638007839,0.35077951997960055,0.4814831794728055,0.5346239884247124,0.37204254227487515,0.5703739196379072,0.37332073024128415,146,3.512335231166189,33.52646849415918,9:5=240;0:6=77;10:5=64;0:7=58;0:5=56,0.03439015770498028,0.014126177877187729,161
450,1691509878.07046,1135,953,953,953,0.9999999999999998,1.0,1.0,1.0,1.0000000000000002,43.42190092964792,444.7968914133481,464.78120765700424,0.09762186240032894,0.09342439025996957,0.9570027447013219,10.703842938844199,39.325635850429535,451.25683575868607,469.9043875336647,0.04126509533098587,0.4735118948149906,0.4930791054917783,59,471,488,0.06190975865687303,0.49422875131164745,0.5120671563483735,0,True,0.8149584571710787,-0.5794450204902827,-0.009283389162970482,0.3535624302595613,0.4712901750257727,0.5415422376279638,0.39405611878975055,0.5327129267386616,0.4586367519505469,147,3.544478716951298,34.62163296708694,9:5=228;0:6=81;10:5=69;0:7=67;0:5=46,0.03703562338313828,0.014093860052525997,182
451,1691509878.1724186,1119,960,960,960,0.9999999999999997,1.0,1.0,1.0,1.0000000000000002,45.886052269487536,425.1544407237574,488.959507006755,0.10792796187515737,0.09384427874280725,0.8695084861452215,10.655950617305432,36.04273694753647,425.8880716562271,497.63847345113754,0.03754451765368382,0.4436334079752366,0.518373409844935,53,446,521,0.05520833333333333,0.46458333333333335,0.5427083333333333,0,True,0.8152186577384026,-0.5790328127342176,-0.011812783427201911,0.3614667103757298,0.48780124289121607,0.527090183836552,0.4125961506524096,0.5787112012563862,0.3043818379876106,146,3.601934400034459,36.669098587350724,9:5=221;0:6=70;0:7=67;10:5=66;0:5=55,0.0336689030506964,0.013985236175358295,159
452,1691509878.2733617,1080,892,892,892,0.9999999999999997,1.0,1.0,1.0,1.0000000000000002,41.121565332639314,385.24309376072273,465.6353409066377,0.10674186247237495,0.08831280987515164,0.8273493438247549,11.323385604123638,35.67918652296066,390.6496628522873,479.21292757987976,0.03999908803022496,0.43794805252498575,0.5372342237442598,54,410,505,0.06053811659192825,0.45964125560538116,0.5661434977578476,0,True,0.8173372380003201,-0.5759261662969559,-0.01639787646310601,0.3671991190825898,0.49665340173229244,0.5124108421703444,0.40654445706339454,0.7027863781169892,0.2717348764550411,148,3.5229488698063287,33.88420138124176,9:5=233;0:6=66;10:5=58;0:7=53;0:5=37,0.03428442908707847,0.01449745474383235,188
453,1691509878.37427,1116,923,923,923,0.9999999999999997,1.0,1.0,1.0,1.0000000000000002,47.63891932767861,411.791824081702,463.56925659061943,0.11568689940339068,0.10276548466144035,0.8883070182657898,9.730893629261692,41.82573878765106,417.2354479432106,473.42284417152405,0.045314993269394435,0.4520427388333809,0.5129174909767324,63,436,495,0.06825568797399784,0.4723726977248104,0.5362946912242686,0,True,0.8204111981210569,-0.571702074171783,-0.009066663402441093,0.3588300445950118,0.48772852459688326,0.5281942368751671,0.40035462524680415,0.58562510723611,0.35211522571930537,139,3.563000636316751,35.2688675714463,9:5=207;0:6=75;10:5=66;0:7=66;0:5=49,0.028611423574484398,0.013391947373747826,193
454,1691509878.4744835,1197,993,993,993,0.9999999999999998,1.0,1.0,1.0,1.0000000000000002,42.85108531987436,462.19607413770416,487.9528405424216,0.09271191971896227,0.08781808765010965,0.947214639890024,11.387175771627629,34.37776297330856,470.99530452489853,488.5922623872757,0.034620103699202986,0.47431551311671555,0.4920365180133693,53,500,513,0.05337361530715005,0.5035246727089627,0.5166163141993958,0,True,0.814019767049472,-0.5807751828513861,-0.008485625295897673,0.3420505397900523,0.45642403925155384,0.5654851037491034,0.2975983005748491,0.3691965377027916,0.6052471863876929,146,3.657732364865935,38.773319365197366,9:5=212;0:6=82;0:7=62;10:5=49;0:5=49,0.03316183481470393,0.01441378053277731,204
455,1691509878.5731082,1218,1003,1003,1003,0.9999999999999998,1.0,1.0,1.0,1.0000000000000002,43.33996990452355,475.7533534074943,483.90667668798176,0.0910975605197717,0.08956266154696753,0.9831510419812937,11.165367160014448,34.6048464179039,479.69102317094803,485.43193781375885,0.03450134239073171,0.47825625440772485,0.48397999782029794,54,509,514,0.053838484546360914,0.5074775672981057,0.5124626121635095,0,True,0.8271534103863534,-0.5615353231503035,-0.022255708047803285,0.3361901676702577,0.4713629431714123,0.5602110644693356,0.32570986023837417,0.4576108658676779,0.5878100708502401,149,3.6390007409309,38.05379212346492,9:5=202;0:6=89;0:7=83;10:5=65;0:5=40,0.03777515432900862,0.016422340646386147,215
456,1691509878.67054,1296,1056,1056,1056,0.9999999999999998,1.0,1.0,1.0,1.0000000000000002,55.2559988784455,496.1343334529944,504.60966766855984,0.11137305998130577,0.1095024578774797,0.983204177885208,9.132215106247951,48.199467062950134,683.3244263529778,696.6316851377487,0.04564343471870278,0.6470875249554714,0.6596890957743833,71,973,987,0.06723484848484848,0.9214015151515151,0.9346590909090909,0,True,0.8208958122820093,-0.5710778863878614,0.0003362389518290895,0.3470999465391996,0.47028836271183627,0.5510844749492202,0.36151662294465153,0.48109956366184575,0.48029051172591913,162,3.7373736878810524,41.9875727619922,9:5=205;0:6=102;10:5=70;0:7=69;0:5=42,0.02867301473373518,0.012879770714789629,240
457,1691509878.767579,1311,1093,1093,1093,0.9999999999999997,1.0,1.0,1.0,1.0000000000000002,46.74876113704701,517.0858201607691,529.1654187021843,0.09040812823394032,0.0883443238821268,0.9771723583694466,11.319346349112903,33.577187180519104,520.4920017719269,528.887955725193,0.030720207850429188,0.4762049421518087,0.48388651027007595,51,552,556,0.04666056724611162,0.505032021957914,0.5086916742909423,0,True,0.8215902991729335,-0.5698551242134455,-0.015953611271698018,0.33738480344238975,0.4667403243516954,0.5593556717833286,0.3197039078786686,0.44489523088090743,0.5843608074484841,146,3.605287193205228,36.79224882394553,9:5=215;0:6=119;10:5=78;0:7=60;0:5=56,0.02728476560192793,0.011815626174211502,218
458,1691509878.8649626,1265,1080,1080,1080,0.9999999999999997,1.0,1.0,1.0,1.0000000000000002,44.80997603270437,499.4369835025798,535.7530404647156,0.08972098085017549,0.08363923794783491,0.9322149307251061,11.956110846247686,33.491342186927795,490.4130642414093,532.9245362877846,0.031010502024933145,0.4540861705938975,0.49344864471091165,54,529,576,0.05,0.4898148148148148,0.5333333333333333,0,True,0.8235671382116844,-0.5667729837562892,-0.022484522272211552,0.34740695032321867,0.48098240823960614,0.5415371156070409,0.3651182113016243,0.540777207000688,0.4016156379154536,135,3.56263796967023,35.25607904864308,9:5=234;0:6=119;10:5=74;0:7=52;0:5=44,0.03297857306797323,0.013738642446696758,185
459,1691509878.9632888,1206,1017,1017,1017,0.9999999999999997,1.0,1.0,1.0,1.0000000000000002,47.373475076263546,481.2284427299696,488.39808219376687,0.09844279944784165,0.09699766809786245,0.9853200908742454,10.309526193878026,36.63271015882492,670.1813665032387,666.8374181389809,0.036020363971312606,0.6589787281251118,0.6556906766361661,54,959,937,0.05309734513274336,0.9429695181907571,0.9213372664700098,0,True,0.8220323283388896,-0.5693053946948794,-0.012418483685669626,0.34519661789759165,0.46771814305718656,0.5514032512115191,0.33086607040553523,0.4136842222739042,0.49892827763528697,151,3.651475739022751,38.53148653089719,9:5=222;0:6=98;0:7=52;0:5=52;10:5=48,0.031211312524765347,0.012213070876896381,189
460,1691509879.0600698,1144,944,944,944,0.9999999999999998,1.0,1.0,1.0,1.0000000000000002,44.9042081052442,432.38840531857187,466.7073865761839,0.10385155465063874,0.09621490766337844,0.9264657422515212,10.393399778531643,35.857679545879364,434.2596061825752,478.4545071721077,0.03798483002741458,0.46002076926120256,0.5068374016653683,54,453,505,0.057203389830508475,0.4798728813559322,0.534957627118644,0,True,0.8182989716572948,-0.5747231715484341,-0.008948132203032694,0.35400915436234,0.4777261077335514,0.5384990684094609,0.35376971489809017,0.4954531471001367,0.4034415001314947,146,3.6612539370611485,38.91010311415358,9:5=206;0:6=92;10:5=60;0:5=42;0:7=38,0.030668905458670445,0.012935040052980185,200
461,1691509879.1566088,1095,915,915,915,0.9999999999999998,1.0,1.0,1.0,1.0000000000000002,42.82836655728739,382.3145240972447,489.8571093454677,0.11202390664706648,0.08743032557905174,0.7804613157663096,11.437679013282771,32.84479320049286,388.0831582546234,504.1806741952896,0.03589594885299766,0.42413459918538077,0.5510171302680761,51,407,530,0.05573770491803279,0.4448087431693989,0.5792349726775956,0,True,0.8243522009351553,-0.5659134587577335,-0.013616387561487284,0.370931760145214,0.5107502576370158,0.5028954449367795,0.42552809244296474,0.735268169189104,0.2789522881504406,135,3.606997647266926,36.85523412676287,9:5=224;0:6=67;10:5=59;9:6=39;0:5=35,0.03493249477010344,0.012823598459362984,180
462,1691509879.2545226,1103,903,903,903,0.9999999999999998,1.0,1.0,1.0,1.0000000000000002,46.08749142005819,378.29946256845403,478.61304601148754,0.12182806474835679,0.09629384699002128,0.790407753656122,10.38487952510224,36.83612871170044,380.64400082826614,489.14580273628235,0.04079305505171699,0.4215326697987443,0.5416897040268908,52,396,512,0.05758582502768549,0.43853820598006643,0.5669988925802879,0,True,0.8224863044597244,-0.5684116207108874,-0.02060360203963188,0.3713268480337506,0.5084379198641649,0.50162695664424,0.4360361078706929,0.7309034733844499,0.2606402962144504,140,3.539290297186545,34.44246659939934,9:5=228;0:6=73;10:5=61;0:5=37;9:6=35,0.030902271067749256,0.014333788305521011,200
463,1691509879.3526144,1118,942,942,942,0.9999999999999997,1.0,1.0,1.0,1.0000000000000002,45.315849668625305,405.36733452771557,491.31681580365955,0.11178959380489252,0.09223345957435021,0.8250630173621185,10.84205238115232,35.94186347723007,407.40451234579086,504.07581079006195,0.03815484445565825,0.43248886660911984,0.5351123256794713,53,423,527,0.05626326963906582,0.44904458598726116,0.559447983014862,0,True,0.8158849409438845,-0.5781402390935639,-0.00925349025129341,0.37415396629686115,0.4953067276482995,0.5163510217698672,0.417148054711566,0.6891323381613803,0.3299072832747265,138,3.6721937276151637,39.33810836797848,9:5=207;10:5=83;0:6=67;0:5=34;0:7=33,0.03006929038686218,0.012737941462546587,176
464,1691509879.4517398,1191,985,985,985,0.9999999999999998,1.0,1.0,1.0,1.0000000000000002,49.77772749204704,447.4798386329224,487.74243387503054,0.11124015697359901,0.10205740578397389,0.9174511126246927,9.798407007490587,43.56187868118286,445.8654035925865,492.75516867637634,0.044225257544348084,0.4526552320736919,0.500259054493783,64,472,524,0.0649746192893401,0.47918781725888326,0.531979695431472,0,True,0.8262443917985456,-0.5630083979779422,-0.018486449842050976,0.3523776665540585,0.48499891208419554,0.5343713741438906,0.37075958240461176,0.5933555439729626,0.3566745506664784,141,3.635776020854691,37.93127694078089,9:5=207;0:6=94;10:5=67;9:6=47;0:7=46,0.02883847394527813,0.012656421400606632,206
465,1691509879.5515168,1201,1016,1016,1016,0.9999999999999998,1.0,1.0,1.0,1.0000000000000002,44.802599743138494,466.9749968553869,504.22240340147437,0.09594218115496447,0.0888548375496627,0.9261290131203668,11.254311274173233,34.933959007263184,471.1311255097389,515.7369650602341,0.03438381792053463,0.4637117377064359,0.5076151230907816,52,489,538,0.051181102362204724,0.4812992125984252,0.5295275590551181,0,True,0.8246371250499288,-0.5655713381914999,-0.010132788642046598,0.34915233642053733,0.4868431368826219,0.538804277476466,0.376104547670699,0.5553445381650159,0.3911616790107776,148,3.6278067697273046,37.630194364041266,9:5=221;0:6=104;10:5=59;0:7=48;0:5=42,0.027828302117266734,0.01315606664866209,185
466,1691509879.6529386,1125,958,958,958,0.9999999999999998,1.0,1.0,1.0,1.0000000000000002,45.95436372695117,435.5929433340523,476.4526929389963,0.10549841183195934,0.09645105255567324,0.9142417490540334,10.367953210492779,38.14346069097519,439.48448902368546,491.1482903957367,0.03981572097179038,0.4587520762251414,0.5126808876782221,60,457,517,0.06263048016701461,0.477035490605428,0.5396659707724426,0,True,0.8185141789098112,-0.5742518489977024,-0.01641197265161056,0.35447754472103515,0.4837849947071663,0.5362189360087727,0.35526150287966396,0.5624459942900777,0.3919527880229432,139,3.6144472933618506,37.13081780367446,9:5=206;0:6=91;10:5=65;0:5=47;9:4=46,0.03117665428662269,0.014441566076129675,167
467,1691509879.7555873,1045,905,905,905,0.9999999999999998,1.0,1.0,1.0,1.0000000000000002,47.85672477481459,409.0385238470935,448.1047513780919,0.11699808693986084,0.10679807484218148,0.9128189839298624,9.36346466429969,43.897724747657776,413.83932930231094,457.19446885585785,0.048505773201831796,0.45728102685338223,0.5051872584042628,66,431,479,0.07292817679558011,0.47624309392265196,0.5292817679558011,0,True,0.8135952391908996,-0.5813977066950804,-0.006284378696752978,0.36562627846978907,0.4791515747385758,0.5319220312841614,0.39636284336757677,0.5504540231862346,0.3590646479728667,148,3.6445522386297657,38.26563514181812,9:5=202;0:6=76;10:5=58;0:7=45;0:5=43,0.034601997682324886,0.013853257521986961,140
468,1691509879.85904,1040,905,905,905,0.9999999999999997,1.0,1.0,1.0,1.0000000000000002,46.09988242354824,425.8592878180644,433.0408297583874,0.10825144300537841,0.1064562028695294,0.9834160165813235,9.393534364790185,35.833262860774994,419.0683958530426,429.9900611639023,0.039594765592016565,0.4630590009425885,0.47512713940762685,53,459,473,0.05856353591160221,0.507182320441989,0.5226519337016574,0,True,0.822053883379746,-0.5693375758253358,0.00906297818648109,0.3480683346539329,0.4737634342094794,0.5542099624963679,0.3402392403598353,0.4449828172513158,0.5195376103684209,161,3.787192859727462,44.1323405604292,9:5=192;10:5=66;0:6=64;0:5=43;0:7=42,0.032284496633531216,0.012813089415431023,135
469,1691509879.961797,1065,883,883,883,0.9999999999999998,1.0,1.0,1.0,1.0000000000000002,38.46962104250764,404.9471695930641,439.5832093644277,0.09499911082516317,0.08751385453991525,0.9212070910955806,11.426762142489084,29.098177134990692,410.1161945462227,449.86310905218124,0.032953767989796934,0.46445775146797585,0.509471244679707,44,426,469,0.04983012457531144,0.4824462061155153,0.5311438278595696,0,True,0.8193802246809895,-0.5730768764173643,-0.014104648788523601,0.35621029939143856,0.48238123891113915,0.5381546487968003,0.3807397081483961,0.5447261271654624,0.37124971084382,140,3.6083499382657456,36.90510684174351,9:5=214;0:6=74;10:5=51;0:5=39;9:6=31,0.028740584719896774,0.013337471522390842,182
470,1691509880.0643532,1115,934,934,934,0.9999999999999997,1.0,1.0,1.0,1.0000000000000002,39.067927942990764,426.37256130999003,468.5595107470191,0.09162861658582858,0.08337879617618947,0.9099645862064119,11.993456920232804,28.536284923553467,431.3901093006134,482.43530333042145,0.030552767584104353,0.4618737786944469,0.5165260206963828,44,452,508,0.047109207708779445,0.48394004282655245,0.5438972162740899,0,True,0.8334256152752637,-0.5523414663618218,-0.017906656313237616,0.34633728792944785,0.4932421051074596,0.5386747543249768,0.3346662612676655,0.5946995567765163,0.4036548940827822,142,3.6773387250744634,39.54102438917652,9:5=191;10:5=65;0:6=63;9:6=48;0:5=47,0.031723037288997606,0.013233019970357418,181
471,1691509880.16753,1129,946,946,946,0.9999999999999998,1.0,1.0,1.0,1.0000000000000002,48.22271708886576,431.9000587587529,465.8772241523812,0.11165249022529446,0.10350949689932225,0.9270684128088759,9.660949284418246,40.917685091495514,434.6169598698616,475.90520507097244,0.04325336690432929,0.4594259618074647,0.5030710413012394,60,455,502,0.06342494714587738,0.4809725158562368,0.5306553911205074,0,True,0.832661986852988,-0.5537733807704937,-0.0030097176033654586,0.3466750674114911,0.48731806847911646,0.5391312191624243,0.34579528470641996,0.591323078516165,0.4293439729197131,148,3.689957028967314,40.043126225830285,9:5=206;0:6=69;10:5=60;0:5=50;9:6=47,0.032548007876267625,0.01353357220068574,183
472,1691509880.2697673,1126,957,957,957,0.9999999999999997,1.0,1.0,1.0,1.0000000000000002,49.12115865894374,430.4428056122018,477.4360357288547,0.11411773647623324,0.10288531862484007,0.9015716732715559,9.719559732777709,41.34655261039734,433.5531829595566,487.14938336610794,0.04320433919581749,0.4530336290068512,0.5090380181464033,62,456,514,0.06478578892371996,0.47648902821316613,0.5370950888192267,0,True,0.8281005632138526,-0.560467106241379,-0.011228536249875862,0.3537980046214083,0.49083803490334604,0.5308102726502492,0.3523872442279058,0.5885052097523796,0.3454998538229169,156,3.7129470973338927,40.97438426117283,9:5=196;0:6=84;10:5=64;9:6=50;0:5=43,0.03455761433328977,0.01481546089053154,169
473,1691509880.3705518,1127,942,942,942,0.9999999999999998,1.0,1.0,1.0,1.0000000000000002,48.98141874988049,424.63149428270566,468.38708696741384,0.11535041420472282,0.10457465654532055,0.9065824103563463,9.562546347609759,38.8477041721344,419.6413348913193,468.1819236278534,0.04123960103198981,0.44547912408844936,0.4970084114945365,56,449,501,0.059447983014861996,0.47664543524416136,0.5318471337579618,0,True,0.8175508587356789,-0.5758488479858176,-0.0029491785230415755,0.36265901421183366,0.4841058784881542,0.5314182859759736,0.3899539842843798,0.5590989881665305,0.3826706259861876,162,3.6844331885997272,39.822544179626526,9:5=202;0:6=81;10:5=71;0:5=53;9:6=35,0.030692203714318807,0.012769022025167942,185
474,1691509880.4711375,1113,914,914,914,0.9999999999999998,1.0,1.0,1.0,1.0000000000000002,42.12323906304944,400.9438297230894,470.93293121386114,0.10506020030821206,0.08944636543992363,0.8513820188569736,11.179884113588125,32.06598258018494,402.27086359262466,482.3633299469948,0.03508313192580409,0.44012129495910796,0.5277498139463838,48,417,505,0.0525164113785558,0.4562363238512035,0.5525164113785558,0,True,0.8196653923456452,-0.5728054214631124,-0.006526387463628776,0.36378089683860365,0.49399775059256956,0.5236017270975635,0.39074640864408683,0.6233708333236119,0.31723456888585516,146,3.6495707726568325,38.45815521404905,9:5=203;0:6=72;10:5=62;0:5=46;9:6=30,0.03394041774157504,0.012534224428236485,199
475,1691509880.5707316,1081,906,906,906,0.9999999999999997,1.0,1.0,1.0,1.0000000000000002,44.78936214686182,396.007025919515,465.2036119336231,0.11310244317727047,0.0962790507165119,0.8512552692218105,10.386475485144137,34.73225164413452,401.3365619778633,474.3143366575241,0.038335818591759954,0.44297633772391093,0.523525757900137,50,419,494,0.05518763796909492,0.4624724061810154,0.5452538631346578,0,True,0.8150275400584045,-0.5790238543106917,-0.02148220392643701,0.3754078939064102,0.4930870329441831,0.5212703134737915,0.4207949538496643,0.6442154134255902,0.318607338958139,147,3.612035465013458,37.04137255135211,9:5=237;0:6=58;10:5=57;0:5=36;9:4=32,0.033490679719024696,0.012752963230013847,175
476,1691509880.6707158,1059,869,869,869,0.9999999999999998,1.0,1.0,1.0,1.0000000000000002,40.09133031904922,387.2918642887262,441.61680539222476,0.10351709915899789,0.09078307217824705,0.8769862459032791,11.015269433012365,34.00004595518112,395.57692754268646,448.9972199201584,0.03912548441332695,0.45520935275337915,0.5166826466284906,51,416,468,0.05868814729574223,0.47871116225546606,0.5385500575373993,0,True,0.8245623620947611,-0.5654767395307051,-0.01824741259552289,0.36318656593619497,0.4923481454725221,0.5275700648491172,0.40968519817195265,0.6787840568732317,0.35845119316214236,143,3.569706730185925,35.506178734150105,9:5=220;0:6=73;10:5=61;9:6=45;0:5=26,0.031925416703144305,0.01529762428253889,190
477,1691509880.7691014,1040,840,840,840,0.9999999999999998,1.0,1.0,1.0,1.0000000000000002,39.889577817200944,389.8470098625392,410.2634123202597,0.1023211075320703,0.09722918646730884,0.9502358683601475,10.284977549783653,32.300783693790436,394.59955447912216,421.55171740055084,0.03845331392117909,0.46976137437990734,0.5018472826197033,50,412,443,0.05952380952380952,0.49047619047619045,0.5273809523809524,0,True,0.8209891632122903,-0.5709197324636223,-0.0052395583448492,0.3523071291479701,0.48069554571463347,0.5470524176405216,0.35157031155684615,0.5160716572958302,0.4423103426921887,148,3.7085050639759647,40.79277832788642,9:5=173;0:6=69;10:5=68;0:5=43;9:6=31,0.03177209410807526,0.014438484329730272,200
478,1691509880.8662589,1088,897,897,897,0.9999999999999998,1.0,1.0,1.0,1.0000000000000002,47.21675498430596,402.9540702161257,446.82917479956825,0.11717651830388784,0.10567070739166869,0.9018078785855391,9.463360515734015,41.079005658626556,403.1271352171898,458.1468462944031,0.04579599293046439,0.44941709611726843,0.5107545666604271,61,418,482,0.06800445930880714,0.4659977703455964,0.5373467112597548,0,True,0.8334985406612891,-0.551056850738948,-0.04020609368210445,0.3519351634657211,0.4925980385605689,0.5356940367147554,0.3600880139008107,0.5963516310782834,0.35032471748725896,145,3.756200985563817,42.78557382316715,9:5=168;10:5=80;0:6=65;0:5=44;10:6=38,0.039708902317523304,0.016489114612340927,191
479,1691509880.9642918,1128,896,896,896,0.9999999999999998,1.0,1.0,1.0,1.0000000000000002,51.095617831089406,407.44883627372275,437.45554589518787,0.1254037643066516,0.11680185177794422,0.9314062653839241,8.561508099213464,48.396985948085785,410.92221796512604,451.10124319791794,0.054014493245631456,0.45861854683607817,0.5034612089262477,71,430,475,0.07924107142857142,0.4799107142857143,0.5301339285714286,0,True,0.8257160654378922,-0.56386031435376,-0.015953845136684405,0.35690087098610934,0.4835541307947251,0.5424346211487336,0.376502146895725,0.5518644912719229,0.4136066801339282,142,3.7351361524304565,41.89372910785709,9:5=160;10:5=79;0:6=61;0:5=50;9:6=42,0.031821017416573234,0.01270301267504692,232
480,1691509881.0622954,1191,967,967,967,0.9999999999999997,1.0,1.0,1.0,1.0000000000000002,44.84070619855376,448.4771643434651,473.682129457981,0.09998436880102242,0.09466412898004727,0.9467892843174027,10.56366345705007,30.664062678813934,442.9766165614128,475.82453298568726,0.03171050949205164,0.4580937089569936,0.4920625987442474,46,477,515,0.047569803516028956,0.4932781799379524,0.532574974146846,0,True,0.8260782826192343,-0.56294069373316,-0.026314374856429658,0.34812238776671284,0.4827057432346286,0.5459328121115329,0.33372624950295926,0.5372193438275741,0.43358384921139037,151,3.7811342035601427,43.86576623962604,9:5=182;0:6=85;10:5=71;0:5=45;9:6=37,0.03001820304968293,0.01315139140933752,224
481,1691509881.1604679,1223,1015,1015,1015,0.9999999999999998,1.0,1.0,1.0,1.0000000000000002,55.90925205715101,464.3294809122403,494.7612670306085,0.12040857700292787,0.11300248378920125,0.9384919795742912,8.849363009271855,45.282693564891815,455.387402176857,492.11594688892365,0.04461349119693775,0.4486575390904995,0.484843297427511,66,499,544,0.06502463054187192,0.4916256157635468,0.5359605911330049,0,True,0.8177307723457625,-0.5752184293971564,-0.0209795719849403,0.3595041715603049,0.4784032449271724,0.543254922290481,0.35637117509416566,0.5050881105648771,0.4201554263592386,154,3.7721544030002754,43.473623723272574,9:5=193;10:5=83;0:6=80;0:5=52;10:6=35,0.03385501032896678,0.01334170252084732,208
482,1691509881.259042,1226,1040,1040,1040,0.9999999999999998,1.0,1.0,1.0,1.0000000000000002,62.13645870567283,476.73252283933545,501.131018454992,0.13033819957488732,0.12399244193113838,0.9513131402424896,8.06500770873897,56.467318654060364,484.1574609875679,516.6611885428429,0.054295498705827276,0.4655360201803537,0.49678960436811814,84,513,552,0.08076923076923077,0.4932692307692308,0.5307692307692308,0,True,0.8241735636193652,-0.5662350966611052,-0.010758826150899792,0.35584658542342923,0.48112351745038934,0.5451514359753517,0.3523341915075927,0.47813662931319406,0.46304223518306337,170,3.83823802249944,46.44356977889812,9:5=202;10:5=81;0:6=78;0:5=51;9:6=41,0.03339455635831245,0.013120465446263552,186
483,1691509881.3576374,1238,1036,1036,1036,0.9999999999999998,1.0,1.0,1.0,1.0000000000000002,59.206850780271544,472.5845337914276,504.2086154283009,0.1252830902130245,0.11742530565444262,0.9372797674033987,8.51605192276684,50.48392575979233,478.21408128738403,518.0267850756645,0.04872965806929761,0.461596603559251,0.5000258543201395,78,504,550,0.07528957528957529,0.4864864864864865,0.5308880308880309,0,True,0.8144384694270348,-0.5800870733126181,-0.0137465229403646,0.3637662797398586,0.4821770342567076,0.5433035539127724,0.3857650343186581,0.48123314507674086,0.4411835960654278,161,3.7993966168296582,44.674220686454916,9:5=200;10:5=85;0:6=76;0:5=57;9:6=43,0.03426870281766592,0.013469032011926174,202
484,1691509881.4565465,1220,1039,1039,1039,0.9999999999999997,1.0,1.0,1.0,1.0000000000000002,57.33892209808721,480.8074293400167,500.8536485618957,0.11925548275490218,0.11448238874314848,0.9599758945962802,8.734967980477677,48.448790192604065,486.9141440987587,512.0681472420692,0.046630211927434134,0.4686372897966879,0.4928471099538684,70,513,542,0.06737247353224254,0.4937439846005775,0.5216554379210779,0,True,0.8285235047029772,-0.5591116974478361,-0.030706871082784998,0.3541017494092407,0.48080150275382977,0.5470605838563201,0.3666519073422076,0.5277393249050695,0.46085720374972255,156,3.7577663509793946,42.85260132829794,9:5=211;0:6=84;10:5=76;0:5=48;9:6=39,0.03428060088248057,0.013499211519956589,181
485,1691509881.5564265,1173,988,988,988,0.9999999999999998,1.0,1.0,1.0,1.0000000000000002,47.94163997017446,460.80628865058867,479.25207137923684,0.10403859745613568,0.10003428849499488,0.9615113135023847,9.99657232579841,36.176874935626984,610.6805077791214,612.8573808073997,0.036616270177760105,0.6180976799383819,0.6203009927200402,56,876,850,0.05668016194331984,0.8866396761133604,0.8603238866396761,0,True,0.8196635558334343,-0.5725323828168136,-0.01892949720917745,0.3482042399047669,0.46820451796891194,0.5552177740287685,0.32207824048539146,0.44064569133139064,0.5533306166295041,143,3.737610746783549,41.99752746978908,9:5=174;0:6=81;10:5=76;0:5=61;9:6=47,0.030391490733957204,0.012112780939787626,185
486,1691509881.6564376,1074,926,926,926,0.9999999999999997,1.0,1.0,1.0,1.0000000000000002,50.28321711987861,426.19480570404227,449.5219771760791,0.11798176901009963,0.11185930760440334,0.9481067163421478,8.939801447158564,41.62557804584503,427.3446216583252,453.97667598724365,0.044952028127262456,0.46149527176924965,0.49025558961905363,61,454,484,0.06587473002159827,0.490280777537797,0.5226781857451404,0,True,0.8163663897108886,-0.5774197335013426,-0.011505177688684726,0.3635117627714947,0.4761527400027111,0.5447976935299266,0.3667780567082929,0.5360300622124294,0.41649483748874055,150,3.762285523207276,43.04669786161002,9:5=185;0:6=65;10:5=63;1:6=34;0:4=34,0.035211173415955345,0.016539711505174637,148
487,1691509881.7582924,1044,863,863,863,0.9999999999999998,1.0,1.0,1.0,1.0000000000000002,44.43434486384138,401.5934183797387,416.9722367564198,0.11064510231047948,0.10656427681970185,0.9631178840675072,9.384007754230051,32.35282498598099,403.17068499326706,398.22735154628754,0.037488789091519106,0.4671734472691391,0.46144536679755216,47,476,458,0.054461181923522596,0.5515643105446119,0.5307068366164542,0,True,0.8325745719061337,-0.5535667957474868,-0.01958021606565801,0.34454900510178316,0.4812647227138116,0.5474763930282965,0.33550450602942516,0.5145730452891736,0.4304997540663402,140,3.786477121988468,44.10076468015252,9:5=145;0:6=56;10:5=54;0:5=48;9:6=40,0.028892849186811623,0.01268027164041996,181
488,1691509881.8612835,1032,862,862,862,0.9999999999999997,1.0,1.0,1.0,1.0000000000000002,41.64392773019263,400.9368965589614,419.41917571084616,0.10386653881845596,0.099289517842414,0.9559336334096782,10.071556612724581,33.06500172615051,401.3394743204117,426.41150242090225,0.038358470679988994,0.4655910374946771,0.49467691696160354,50,426,456,0.058004640371229696,0.494199535962877,0.5290023201856149,0,True,0.8307073437208948,-0.5562185579513933,-0.023371454354565415,0.34823531222829696,0.4851661000555558,0.5473846512154398,0.32267737622318515,0.549881383987999,0.4756581653782411,146,3.751588032654322,42.58866051101515,9:5=165;10:5=72;0:6=62;0:5=53;10:6=28,0.033876061837858504,0.013319447636604309,170
489,1691509881.964796,1057,877,877,877,0.9999999999999997,1.0,1.0,1.0,1.0000000000000002,44.37524678849695,403.4222528192909,429.2025003922122,0.10999702291676611,0.1033900006359379,0.9399345354480394,9.672115232122405,37.90742015838623,408.99396377801895,430.2821215391159,0.04322396825357609,0.4663557169646738,0.4906295570571447,58,433,451,0.0661345496009122,0.49372862029646525,0.5142531356898518,0,True,0.817291691917414,-0.5755707427035013,-0.027433746855123776,0.3480703576411634,0.45918935942397143,0.5680699740583903,0.3466033407007203,0.35812267269712295,0.6241515997620763,140,3.7554161453341477,42.75200715753903,9:5=159;0:6=73;10:5=60;0:5=43;9:6=38,0.03177529385419249,0.014018083922564983,180
490,1691509882.0678654,1103,907,907,907,0.9999999999999997,1.0,1.0,1.0,1.0000000000000002,51.005038428790755,418.89478928299377,437.10017228821556,0.12176097610594329,0.11668958664962273,0.9583496320536394,8.569744985065752,39.547372817993164,426.56210893392563,442.4083060622215,0.043602395609694776,0.4703000098499731,0.487771009991424,59,449,464,0.06504961411245866,0.49503858875413453,0.5115766262403528,0,True,0.8293408796686953,-0.5585325246826868,-0.015333759550047564,0.3448920022718398,0.46986803140761213,0.5653913594545843,0.32270261281992435,0.4358792399566981,0.6367368666409399,148,3.8286564829223693,46.000693981165455,9:5=151;10:5=69;0:6=68;1:6=51;0:5=47,0.03742047863162164,0.015744559466838837,196
491,1691509882.1710389,1182,938,938,938,0.9999999999999998,1.0,1.0,1.0,1.0000000000000002,52.919679042029074,417.7533244468175,467.32699651115365,0.12667685915391458,0.11323907978161507,0.8939208039885772,8.83087359883646,42.4846556186676,430.1274227499962,471.5432690382004,0.04529280982800384,0.45855801998933493,0.5027113742411518,64,453,491,0.06823027718550106,0.48294243070362475,0.523454157782516,0,True,0.8246200613030806,-0.5654507833467026,-0.016345216704100104,0.33954262472549723,0.453566847407109,0.5776469426166388,0.2844048505194636,0.30940791730683975,0.7063342160276309,147,3.821949416808728,45.693196640579956,9:5=151;0:6=71;10:5=65;0:5=61;1:6=43,0.03293688134953943,0.015288295224308968,244
492,1691509882.2722301,1221,969,969,969,0.9999999999999998,1.0,1.0,1.0,1.0000000000000002,55.72484738484333,442.87538160424697,470.39977101090966,0.12582511853106118,0.11846274343435201,0.9414872389339995,8.441472576178903,46.61305159330368,451.117140352726,469.3685904741287,0.04810428441001412,0.4655491644506976,0.4843845102932185,69,484,497,0.07120743034055728,0.49948400412796695,0.5128998968008256,0,True,0.829657923531856,-0.5579340781289265,-0.019424067113617244,0.3432873325670465,0.4667036841226404,0.5654313314020968,0.31717502035393813,0.4055642786726776,0.5915255364146271,153,3.8778021037669252,48.31790054839324,9:5=137;10:5=80;0:6=67;0:5=61;9:6=43,0.03403970591482757,0.014823061414062977,252
493,1691509882.3712049,1272,1019,1019,1019,0.9999999999999998,1.0,1.0,1.0,1.0000000000000002,63.190066395471995,458.47870019650617,497.3312334080218,0.13782552246895752,0.12705831074082058,0.921877954567072,7.870402134023696,54.03181952238083,477.32445472478867,500.10719442367554,0.05302435674424026,0.46842439129027347,0.49078233015081013,83,512,521,0.08145240431795878,0.5024533856722276,0.5112855740922473,0,True,0.8258747262804077,-0.5635918951923894,-0.01717882896800791,0.3431733565098177,0.45680165673393475,0.5714635467546263,0.2856314729973285,0.3431937116951961,0.6189528405879938,161,3.9789874690588363,53.46287399853748,9:5=136;10:5=72;0:6=70;0:5=59;9:6=52,0.03587947305072697,0.014231494627892971,253
494,1691509882.4694216,1259,1028,1028,1028,0.9999999999999998,1.0,1.0,1.0,1.0000000000000002,60.791229679844605,481.1991054303691,486.0096648897864,0.12633279861456698,0.12508234726902062,0.9901019263464479,7.994733244406198,52.5067532658577,487.71153724193573,484.10870784521103,0.05107660823527013,0.47442756541044334,0.4709228675537072,80,535,525,0.07782101167315175,0.5204280155642024,0.5107003891050583,0,True,0.8307403314764518,-0.5554557927224758,-0.03659732216215911,0.34951062793380355,0.4743955728157392,0.5597939018924827,0.3175722230444485,0.43559168865447134,0.4957676568135817,168,4.0100567880422915,55.15000233520437,9:5=138;10:5=74;0:6=64;9:6=49;0:5=47,0.030493185479750072,0.013763509225100279,231
495,1691509882.5677528,1252,1020,1020,1020,0.9999999999999997,1.0,1.0,1.0,1.0000000000000002,64.88770787228857,464.6389282550198,490.47336387269155,0.13965189726133875,0.132296089149361,0.94732754616135,7.55880242892902,57.13316512107849,474.1870300769806,490.58806270360947,0.0560129069814495,0.4648892451735104,0.4809686889251073,85,512,520,0.08333333333333333,0.5019607843137255,0.5098039215686274,0,True,0.8292634458330337,-0.5582969904057589,-0.025032137523488967,0.3465852637436062,0.4670828793495007,0.5645039050550825,0.3168650548640123,0.39951030663676124,0.5780913754267132,168,4.017870021976957,55.58258995842983,9:5=140;10:5=64;0:6=58;0:5=56;9:6=47,0.03070151904151985,0.013005286455154419,232
496,1691509882.6651046,1201,985,985,985,0.9999999999999998,1.0,1.0,1.0,1.0000000000000002,60.23454753913892,454.21921030392417,470.5462421569368,0.13261118458383822,0.1280098365317504,0.9653019610183876,7.811899671881613,48.04718452692032,449.93758177757263,461.9309975504875,0.04877886754002063,0.4567894231244392,0.46896547974668784,72,507,516,0.07309644670050762,0.5147208121827411,0.5238578680203045,0,True,0.8270169276149828,-0.5620049212101094,-0.013909348435242837,0.35798070454155445,0.48064682263821235,0.5497776660620104,0.3451578185964916,0.47827720019205405,0.49119273302317235,167,3.962137182555174,52.56955671711002,9:5=146;10:5=83;0:5=58;0:6=55;9:6=44,0.02970599511981939,0.012126065790653229,216
497,1691509882.7627187,1168,974,974,974,0.9999999999999998,1.0,1.0,1.0,1.0000000000000002,63.076077307106054,447.6350653982319,463.2888572946616,0.140909598426994,0.1361484877392342,0.9662115942355299,7.34492183207576,50.37621295452118,450.28961914777756,462.95826399326324,0.051720957858851314,0.4623096705829338,0.4753164928062251,76,515,529,0.07802874743326489,0.528747433264887,0.5431211498973306,0,True,0.8339485796686084,-0.5512227153930747,-0.02613971123399179,0.3557737891179216,0.4844362882298491,0.5526012588131152,0.32698569450986664,0.4832010888982234,0.47420445126347316,158,4.060595595838686,58.008850622171686,9:5=144;10:5=71;0:5=45;9:6=41;0:6=39,0.030332252175821688,0.013543298933655024,194
498,1691509882.8597713,1136,947,947,947,0.9999999999999997,1.0,1.0,1.0,1.0000000000000002,67.27007703554207,429.5249296989649,450.20499326549293,0.15661507024211307,0.1494209927517882,0.9540652283384767,6.69250004021294,64.87128096818924,434.7468372583389,466.0934302806854,0.06850188064222729,0.4590779696497771,0.49217891265119895,97,458,498,0.10242872228088701,0.4836325237592397,0.5258711721224921,0,True,0.8235003148990265,-0.5672996810467252,-0.004278229246795214,0.36414614144634627,0.47879736402863005,0.5459346714827288,0.36447513631632367,0.46369067599935865,0.44408995405450263,165,3.9488288527227677,51.874578474380215,9:5=158;10:5=77;0:6=51;0:5=49;10:6=38,0.036538088479099985,0.013647184707224369,189
499,1691509882.9558942,1141,934,934,934,0.9999999999999997,1.0,1.0,1.0,1.0000000000000002,66.77694773082075,408.06856731995356,459.1544849492255,0.1636414884130565,0.14543459754771887,0.8887391514101813,6.875942979605576,57.22237765789032,406.99041670560837,478.35295754671097,0.06126592896990398,0.43574991081970915,0.5121552007994764,83,424,512,0.08886509635974305,0.4539614561027837,0.5481798715203426,0,True,0.8293676554556052,-0.5584808722408486,-0.01576094620171487,0.36669128526096145,0.4933546082371316,0.5295690345077172,0.35143008575719037,0.5529890219799154,0.34674912478924946,162,3.9556942580819654,52.23194380872099,9:5=160;10:5=61;0:5=57;0:6=55;9:6=39,0.03262294861124619,0.01494258688762784,207
500,1691509883.053608,1171,935,935,935,0.9999999999999997,1.0,1.0,1.0,1.0000000000000002,53.765836656567195,430.3349493570656,450.8992139863671,0.12493950755544048,0.11924136256798354,0.9543927689571816,8.386351669118726,46.577396392822266,432.94043105840683,462.3881056904793,0.049815397211574616,0.46303789418011426,0.4945327333588014,70,455,491,0.0748663101604278,0.48663101604278075,0.5251336898395722,0,True,0.8294597167660283,-0.5584953924612485,-0.008914867468226468,0.35384311462407325,0.48558701731646253,0.548397305367061,0.340961555659524,0.5044790156189878,0.452229818145288,161,3.8635713617786513,47.635170372594025,9:5=169;10:5=67;0:6=61;0:5=51;1:6=36,0.03685403509956137,0.015531830489635468,236
501,1691509883.1528761,1196,948,948,948,0.9999999999999997,1.0,1.0,1.0,1.0000000000000002,55.30831328039204,443.3047159104557,449.3869708091523,0.12476364743109099,0.1230750263649291,0.9864654400465926,8.125125214557382,43.62260574102402,442.7573221921921,451.96703642606735,0.046015406899814364,0.4670435888103292,0.4767584772426871,64,486,499,0.06751054852320675,0.5126582278481012,0.5263713080168776,0,True,0.8415907169135145,-0.5396451841547948,-0.02254197026735847,0.3437284440699357,0.4872595746791596,0.5562455952508045,0.3116870847373142,0.508251904606618,0.5227439248581216,162,3.9379416034537806,51.3128702847092,9:5=148;10:5=83;0:5=52;0:6=49;10:6=38,0.03859706687201126,0.01574317179620266,248
502,1691509883.253972,1212,951,951,951,0.9999999999999998,1.0,1.0,1.0,1.0000000000000002,58.21589762995128,435.8600099279871,456.92409244206164,0.133565585976951,0.12740824699965478,0.9539002585714049,7.848785487196206,46.199188470840454,438.165704369545,465.72894847393036,0.048579588297413726,0.46074206558311775,0.48972549786953773,68,467,496,0.07150368033648791,0.491062039957939,0.5215562565720294,0,True,0.8341358350402625,-0.5512909278770562,-0.017196556112726812,0.3543385357036343,0.48885061844405103,0.5473750990825904,0.3238777887077069,0.5057352210431709,0.4656561046890796,154,3.935804240829043,51.20331319691466,9:5=152;10:5=79;0:6=44;1:4=37;0:5=37,0.030228060276577425,0.013617408461868763,261
503,1691509883.354957,1175,967,967,967,0.9999999999999998,1.0,1.0,1.0,1.0000000000000002,67.47715339870959,441.2351861468491,458.28766045444115,0.15292786141550432,0.14723755235259614,0.9627908936263249,6.791745611236844,60.120557367801666,595.0553758144379,591.537843465805,0.062172241331749395,0.6153623327967299,0.6117247605644313,88,857,823,0.09100310237849017,0.8862461220268872,0.8510858324715616,0,True,0.8230222791373252,-0.5673039145898582,-0.028294814624342433,0.36121054719079143,0.46928887367972627,0.5516736301021063,0.3249925913727628,0.43743764472519925,0.47468535393870626,158,3.9739370146095467,53.19354288343158,9:5=160;10:5=53;0:5=49;9:6=46;0:6=43,0.03474894456116089,0.013965809717774391,208
504,1691509883.4570143,1086,883,883,883,0.9999999999999997,1.0,1.0,1.0,1.0000000000000002,52.12462822324955,410.76215293494687,420.1132188418034,0.1268973488691998,0.12407281153149681,0.977741557543378,8.05978350660767,40.41874647140503,403.4617068171501,427.11148703098297,0.04577434481472823,0.4569215252742357,0.48370496832500903,61,474,505,0.06908267270668177,0.5368063420158551,0.5719139297848245,0,True,0.8400381827770851,-0.5419674809137232,-0.024639421839932656,0.3412763977702656,0.4777657346442298,0.5621729288728429,0.2944554332777847,0.46068127144783433,0.5155057401478912,141,3.931906640544802,51.00413156618662,9:5=137;10:5=65;0:5=47;0:6=44;9:6=38,0.03663317621222544,0.014509888365864754,203
505,1691509883.5597746,1009,838,838,838,0.9999999999999998,1.0,1.0,1.0,1.0000000000000002,54.17838490828653,376.58167346418037,407.2399416275332,0.14386888350115068,0.13303799399381794,0.9247169419560686,7.516649717722506,46.361329317092896,375.46035373210907,415.16546654701233,0.055323782001304174,0.44804338154189627,0.4954241844236424,69,408,454,0.08233890214797136,0.48687350835322196,0.5417661097852029,0,True,0.8429334323125064,-0.537685139531188,-0.018918758341486302,0.355143439844283,0.495176920929261,0.5423599327481452,0.3302311036435782,0.5514203891259091,0.4268076124519906,150,3.968468915044922,52.90346909370108,9:5=128;10:5=66;9:6=46;0:5=33;0:6=32,0.031352080461121305,0.015117090195417404,171
506,1691509883.6628416,948,796,796,796,0.9999999999999997,1.0,1.0,1.0,1.0000000000000002,48.347198352641755,365.10560599818496,382.5471956491735,0.13241976446913856,0.12638231021560023,0.9544066984430756,7.912499765940845,42.39403969049454,385.1174171566963,385.9261764883995,0.05325884383227957,0.4838158506993672,0.48483188001055216,66,481,468,0.0829145728643216,0.6042713567839196,0.5879396984924623,0,True,0.8325722914493454,-0.5524788028605107,-0.039881723892067684,0.35301939762326223,0.47863080675965863,0.5558918158479682,0.33350009610209197,0.4775202407624386,0.5008718334431683,151,3.9371922231321825,51.27443183378131,9:5=131;10:5=67;0:5=37;10:6=32;0:6=32,0.033195863683333125,0.01617557741701603,152
507,1691509883.7662299,1017,816,816,816,0.9999999999999998,1.0,1.0,1.0,1.0000000000000002,47.12959642824469,369.35922633349395,399.5111772382615,0.1275982649630402,0.11796815486876208,0.9245278915268359,8.476863956315041,39.31436747312546,378.24724584817886,403.1846082806587,0.04817937190334002,0.4635382914806114,0.49409878465767,59,403,424,0.07230392156862746,0.49387254901960786,0.5196078431372549,0,True,0.8267618532078161,-0.5611705179571786,-0.039401622505289495,0.3500310399180802,0.4610382982331593,0.5752191412067189,0.296172277047021,0.38697746526322097,0.6680561684556425,156,3.9644133560431376,52.68935043230219,9:5=132;10:5=58;0:5=39;1:4=32;9:6=28,0.029911915613107375,0.01543244393542409,201
508,1691509883.8699331,1029,806,806,806,0.9999999999999998,1.0,1.0,1.0,1.0000000000000002,54.84782794363622,371.7723476751631,379.379824381201,0.1475306818450081,0.14457233732209518,0.9799475981137207,6.916952568679048,47.05055630207062,380.51647394895554,402.8011704683304,0.0583753800273829,0.4721048063882823,0.4997533132361419,72,473,502,0.08933002481389578,0.586848635235732,0.6228287841191067,0,True,0.8278648228679306,-0.5605309139343392,-0.021093353971915245,0.35756849772330307,0.4705748767096502,0.5586506115126522,0.30479975968863515,0.4182848130287798,0.5035463433521064,150,4.039966426977035,56.824435005382476,9:5=126;10:5=53;10:6=36;9:6=32;0:5=29,0.04094992565238173,0.015555171761661768,223
509,1691509883.9725773,1047,833,833,833,0.9999999999999998,1.0,1.0,1.0,1.0000000000000002,50.333760243636206,388.93964412795253,393.7265956284114,0.12941277908681767,0.12783937077783755,0.987841940184867,7.822316348363642,40.01877015829086,434.7724132537842,456.84827810525894,0.04804174088630356,0.5219356701726101,0.5484373086497706,59,568,613,0.07082833133253301,0.6818727490996399,0.7358943577430972,0,True,0.836381752567493,-0.5473737120828652,-0.029113283785132237,0.34792659841967155,0.47792581158784847,0.5551741176631109,0.31107443283605635,0.48926954591646404,0.4945771999582575,148,3.9988549202608947,54.535666578844825,9:5=123;10:5=62;9:6=39;0:4=35;10:6=33,0.037924536142053634,0.016655704006552696,214
510,1691509884.0736935,1080,848,848,848,0.9999999999999997,1.0,1.0,1.0,1.0000000000000002,54.05199144134392,391.5931849429549,402.3548236157011,0.13803098092531388,0.13433911629445333,0.9732533623530636,7.4438482817479175,38.460705518722534,397.2755874991417,415.13089644908905,0.04535460556453129,0.46848536261691237,0.4895411514729824,58,419,442,0.06839622641509434,0.49410377358490565,0.5212264150943396,0,True,0.8152654078715748,-0.5786776984389362,-0.021781553145042414,0.36740184123478775,0.4730739592170289,0.5534454570649524,0.33772577501592005,0.4496421747485405,0.5055484666046037,159,4.064635452989444,58.24367209540298,9:5=127;10:5=63;1:4=30;10:6=29;9:6=29,0.04185465180825389,0.017725695855915546,232
511,1691509884.1732953,1166,905,905,905,0.9999999999999998,1.0,1.0,1.0,1.0000000000000002,66.88919970757597,404.18982938840225,433.9209709040216,0.16548956664443787,0.1541506499863799,0.9314825889754115,6.487160450431807,57.40932649374008,405.34329414367676,439.08880829811096,0.06343571988258573,0.4478931427001953,0.4851810036443215,85,440,476,0.09392265193370165,0.4861878453038674,0.5259668508287293,0,True,0.8307740239744178,-0.5541535558054258,-0.05223368336195179,0.36862615036282836,0.48806828156687854,0.5402017656070262,0.34126201236094156,0.5169570642873184,0.4074826962342061,175,4.161144194214123,64.14487482197696,9:5=119;10:5=76;0:5=39;10:6=38;9:6=32,0.039845689738390894,0.016104726120829582,261
512,1691509884.2712924,1257,990,990,990,0.9999999999999998,1.0,1.0,1.0,1.0000000000000002,58.94843719950941,464.0753485513101,466.9762142491806,0.12702341846755477,0.12623434642016745,0.9937879797528134,7.921774290109034,42.95481473207474,472.5233356952667,469.13655561208725,0.04338870174957044,0.4772962986820876,0.473875308699078,64,508,499,0.06464646464646465,0.5131313131313131,0.5040404040404041,0,True,0.8244613871149584,-0.565262663807089,-0.027231269933534995,0.35758695224635706,0.4719202835409329,0.5593044073181411,0.3203969271194528,0.4560040203627661,0.5596996558521228,158,3.9873078436412848,53.90956086050878,9:5=143;10:5=73;1:4=56;9:6=55;0:5=38,0.03720873529621257,0.015075949486345053,267
513,1691509884.3693302,1282,1013,1013,1013,0.9999999999999998,1.0,1.0,1.0,1.0000000000000002,68.45453006492716,468.5918056725817,475.9536642624915,0.14608563196420524,0.14382603855146295,0.9845324048480281,6.952843936129035,56.38734978437424,613.2820672392845,612.0476144552231,0.055663721406095004,0.6054117149449996,0.6041931041018984,83,869,851,0.08193484698914116,0.857847976307996,0.8400789733464955,0,True,0.826031190776042,-0.5612407940441949,-0.05178072001967003,0.36143358152271005,0.4708656157517348,0.5559020409827017,0.33544159509712895,0.4327250709419684,0.5033525387063232,171,4.1140683784536325,61.19517695290078,9:5=134;10:5=72;9:6=58;0:5=39;10:6=36,0.03500156447932981,0.015554009936749935,269
514,1691509884.4668639,1282,1026,1026,1026,0.9999999999999997,1.0,1.0,1.0,1.0000000000000002,70.32374044327196,461.12476953387517,494.5514900228531,0.15250479932873315,0.14219700448182315,0.9324100297677128,7.032496947766777,53.11697417497635,476.5554820895195,499.059389770031,0.05177092999510365,0.4644790273776993,0.4864126605945721,78,518,532,0.07602339181286549,0.5048732943469786,0.5185185185185185,0,True,0.8272006851840107,-0.5608724166537548,-0.03407577831950783,0.35149893103676166,0.4628754848882412,0.5695866141032409,0.3016945478770232,0.40826638949875216,0.5813545342738777,183,4.146095637671687,63.18681384377538,9:5=122;10:5=66;0:5=54;9:6=49;10:6=46,0.031130204233892043,0.013765664771199226,256
515,1691509884.5642018,1206,981,981,981,0.9999999999999998,1.0,1.0,1.0,1.0000000000000002,67.94345693085813,446.0512336810681,467.0053093880738,0.1523220917250921,0.1454875470685457,0.9551309689937739,6.873440511914433,57.14899122714996,458.9852522611618,470.672100007534,0.058255852423190584,0.46787487488395696,0.4797880734021754,84,491,498,0.0856269113149847,0.5005096839959225,0.5076452599388379,0,True,0.8244546034235314,-0.5649896851826492,-0.03257702458724961,0.3571561466532993,0.46371585555500644,0.5649961447843614,0.33082480590488034,0.398308211883671,0.5625588323302312,170,4.108963436646567,60.88357516688156,9:5=122;10:5=70;9:6=57;0:5=54;0:6=42,0.030461536669685745,0.012934318743646145,225
516,1691509884.6603134,1170,924,924,924,0.9999999999999997,1.0,1.0,1.0,1.0000000000000002,63.25362399175093,405.36909822762357,455.37727778062566,0.15603958039305857,0.13890377732510154,0.8901829713666717,7.199228266194086,54.4398729801178,401.8260672092438,464.17640340328217,0.05891761145034394,0.4348766961139002,0.502355414938617,82,435,509,0.08874458874458875,0.4707792207792208,0.5508658008658008,0,True,0.820328666153089,-0.571192356495948,-0.028287300473881546,0.3753098241551323,0.4865548957920225,0.5293558030033535,0.3730909791137997,0.5247020110131578,0.36078365291476644,160,4.024921481317476,55.975913454111215,9:5=136;10:5=78;9:6=47;0:4=35;10:6=32,0.03442015550698716,0.015853002667427063,246
517,1691509884.7570848,1167,938,938,938,0.9999999999999997,1.0,1.0,1.0,1.0000000000000002,69.56887169924646,414.6865919364998,453.7445363642538,0.16776252970797623,0.15332167359343904,0.9139208490735427,6.522235092813336,62.484174966812134,418.0607496500015,470.6589444875717,0.06661425902645217,0.4456937629530933,0.5017685975347247,93,440,504,0.09914712153518124,0.4690831556503198,0.5373134328358209,0,True,0.8444368435948575,-0.5342903672462744,-0.03821283354313733,0.3560777815951893,0.494671255515001,0.5362250678438011,0.31518554564559714,0.537788105502413,0.41249075417290465,158,4.071105748359758,58.621747668626,9:5=125;10:5=65;9:6=52;0:5=42;10:6=35,0.03057108853692537,0.013664738740772009,229
518,1691509884.8550572,1099,886,886,886,0.9999999999999998,1.0,1.0,1.0,1.0000000000000002,58.50424898399502,399.8000474269096,427.6957035890954,0.1463337719955889,0.13678942409999617,0.9347768613804307,7.31050668996879,51.82182377576828,397.71120405197144,428.79750269651413,0.05848964308777458,0.44888397748529507,0.4839700933369234,79,441,476,0.08916478555304741,0.49774266365688485,0.5372460496613995,0,True,0.8221528504592127,-0.5661132947561806,-0.05983667756562905,0.3685512450846985,0.48270095404070196,0.5397679981867273,0.3390133146327129,0.48854713974248454,0.40124746870871103,157,3.985934357237696,53.835567637618375,9:5=137;10:5=71;9:6=42;1:5=38;0:5=38,0.03545035927483832,0.013273569289594889,213
519,1691509884.9537027,1191,979,979,979,0.9999999999999997,1.0,1.0,1.0,1.0000000000000002,65.24109304897833,433.7264079892919,480.0324989617298,0.1504199233600483,0.1359097419239101,0.9035355083820489,7.357824287238043,55.04321068525314,440.61883890628815,495.2895240187645,0.05622391285521261,0.45007031553247,0.5059137119701373,83,467,529,0.08478038815117467,0.4770173646578141,0.5403472931562819,0,True,0.8436480438259193,-0.5323946423523892,-0.06938243973204909,0.3583805784187601,0.4997234740429534,0.535990658238868,0.32319072779939606,0.5950202407705126,0.40915021565042187,173,4.048066380562718,57.28657943894663,9:5=154;10:5=85;0:5=42;1:4=41;9:6=38,0.040184922426223325,0.01590856723487377,212
520,1691509885.0531523,1210,987,987,987,0.9999999999999998,1.0,1.0,1.0,1.0000000000000002,67.89711940126271,445.633195217126,473.4696853816114,0.1523610003248999,0.14340330859099962,0.9412074499721149,6.97333980523489,56.39576184749603,491.14991837739944,534.9369938969612,0.05713856316868899,0.49761896492137736,0.5419827699057358,82,639,706,0.08308004052684904,0.6474164133738601,0.7152988855116514,0,True,0.8259575633864172,-0.5626308729797239,-0.03522221252059659,0.3675994039416546,0.48002932193368497,0.5443708351281297,0.3466938781955561,0.4846533334609002,0.4507380016481296,169,3.9745963476079895,53.22862670624878,9:5=157;10:5=83;0:5=52;9:6=40;10:6=35,0.03422024763444331,0.014192801900207996,223
521,1691509885.1544394,1179,1007,1007,1007,0.9999999999999997,1.0,1.0,1.0,1.0000000000000002,64.86800322263645,460.7385983725196,481.39339840484405,0.14079133689205026,0.13475050434340088,0.9570937198125968,7.421122502455204,56.100772857666016,453.4434182047844,478.2947281599045,0.05571079727672891,0.4502913785549001,0.47496993858977604,85,498,529,0.08440913604766634,0.4945382323733863,0.5253227408142999,0,True,0.8279786519624599,-0.560241355526421,-0.024103432376857036,0.36103601902149085,0.47957526797779776,0.547859350009669,0.33615198594610146,0.5068884620286201,0.4365432134377886,164,3.9697132351540443,52.96933891721064,9:5=148;10:5=94;0:5=51;1:4=41;9:6=38,0.030497726273910397,0.014121300540864468,172
522,1691509885.2556787,1044,896,896,896,0.9999999999999998,1.0,1.0,1.0,1.0000000000000002,59.682656012335244,406.933423007497,429.3839209801678,0.14666442380486328,0.13899601986980747,0.9477146281550964,7.194450610432325,50.887461721897125,547.9440451264381,585.0398335456848,0.056794042100331614,0.6115446932214711,0.6529462427965232,77,779,828,0.0859375,0.8694196428571429,0.9241071428571429,0,True,0.8242219999521343,-0.5642468599868521,-0.047786774215062604,0.3629520014625019,0.47847711580885816,0.5515014109003479,0.3465317721976684,0.48226224224557634,0.4648463226849757,162,4.023714550638918,55.90839516004942,9:5=132;10:5=82;0:5=44;1:5=35;9:6=33,0.03240857289822338,0.017443611286580563,148
523,1691509885.3573446,960,800,800,800,0.9999999999999998,1.0,1.0,1.0,1.0000000000000002,55.18276584544859,363.4734459030003,381.34378825155125,0.15182062532341123,0.14470608292443876,0.9531384989106919,6.910559527218841,51.02255618572235,373.55936485528946,383.9545736312866,0.06377819523215295,0.46694920606911183,0.47994321703910825,76,398,402,0.095,0.4975,0.5025,0,True,0.8391096169721667,-0.5423939491805483,-0.04127777364578511,0.3495407118231683,0.46987888389947635,0.5637975583682292,0.3056450808348012,0.4257200575202418,0.5643171129773139,154,4.03590552208526,56.59414429011879,9:5=97;10:5=65;0:4=38;9:6=35;0:5=35,0.028592999103047252,0.015925291925668716,160
524,1691509885.4590888,1032,841,841,841,0.9999999999999997,1.0,1.0,1.0,1.0000000000000002,50.65360668407437,389.1817498833762,401.1646434325494,0.13015411616617026,0.12626637843918345,0.9701297366421875,7.919764646466461,42.530302941799164,533.3418657183647,551.8163722157478,0.05057110932437475,0.6341758213060222,0.6561431298641472,65,758,783,0.07728894173602854,0.901307966706302,0.9310344827586207,0,True,0.8366263882175471,-0.5468707563963181,-0.031443001392692745,0.34833373040501836,0.4752311485101509,0.5625764873047283,0.3034857542949866,0.5118427790478564,0.5462292475753732,150,3.953193552037904,52.10149025212711,9:5=124;10:5=65;0:4=49;0:5=40;10:6=38,0.02976153180658801,0.015390681102871895,191
525,1691509885.5617702,1115,907,907,907,0.9999999999999997,1.0,1.0,1.0,1.0000000000000002,52.86521131154099,414.0183955659028,440.116393122556,0.1276880734714262,0.12011643314731064,0.9407020552643084,8.325255535798346,41.08802139759064,413.2336049079895,450.8807802796364,0.045301015873859575,0.45560485656889693,0.49711221640533226,60,433,481,0.06615214994487321,0.47739801543550164,0.5303197353914002,0,True,0.8259101780986894,-0.5623768539588807,-0.040058105850164366,0.3650519494551381,0.481444429726978,0.5479273753026276,0.3475511308673,0.52285530165242,0.4040877578357036,154,3.870391768401444,47.961172072414215,9:5=118;10:5=106;1:4=50;0:5=41;9:6=40,0.03646307979086087,0.01599925011396408,208
526,1691509885.664324,1161,951,951,951,0.9999999999999998,1.0,1.0,1.0,1.0000000000000002,62.38179728738954,418.01434678348676,470.6038559291236,0.14923362742786575,0.13255691916129284,0.8882510024449157,7.543929101001648,49.44161057472229,422.7842814922333,487.22711104154587,0.05198907526258916,0.44456811933988777,0.5123313470468411,74,443,518,0.07781282860147214,0.4658254468980021,0.544689800210305,0,True,0.8141240849313851,-0.5745459807706028,-0.08425491270531693,0.3792315298288763,0.48401063766899405,0.5294164308043796,0.37017273990473726,0.503383002818734,0.3596629635337317,148,3.9694625121254576,52.95605994887623,9:5=147;10:5=86;1:4=46;9:6=36;10:6=34,0.03175944179399232,0.015350756235420704,210
527,1691509885.7674563,1152,928,928,928,0.9999999999999997,1.0,1.0,1.0,1.0000000000000002,63.88926482656274,415.6028687160194,448.50786645741755,0.15372671758485418,0.14244848218872555,0.926634513679099,7.020081819300336,56.05151253938675,418.66297620534897,460.91044598817825,0.060400336788132274,0.4511454484971433,0.496670739211399,82,439,489,0.08836206896551724,0.4730603448275862,0.5269396551724138,0,True,0.8148067961677968,-0.5769630695114896,-0.05659948178783127,0.375599183349989,0.47775610362127985,0.5392459430484856,0.3644038480544135,0.46625061380729005,0.39047551305251654,165,3.9914030413371915,54.130783836672315,9:5=141;10:5=81;9:6=46;0:4=38;10:6=37,0.0374158168567182,0.01525948429480195,224
528,1691509885.8714097,1174,914,914,914,0.9999999999999998,1.0,1.0,1.0,1.0000000000000002,54.0948523640462,394.2998634236684,465.60528421228526,0.13719216612033724,0.1161817835799787,0.8468543566698304,8.60720131148277,46.961299538612366,396.69543129205704,479.1404056549072,0.05137997761336145,0.4340212596193184,0.5242236385721085,71,414,506,0.07768052516411379,0.45295404814004375,0.5536105032822757,0,True,0.8267301391664361,-0.5614010470710634,-0.03668979887323678,0.3743440642800944,0.49974984951784956,0.5281006101625136,0.37902688211094937,0.6046500873826245,0.3607620759613616,143,3.833712094735364,46.23384449571531,9:5=161;10:5=93;0:5=36;9:6=35;10:6=32,0.03151039738628714,0.015677781775593758,260
529,1691509885.9742188,1196,984,984,984,0.9999999999999998,1.0,1.0,1.0,1.0000000000000002,60.39636888655104,415.1780481530142,508.42558296043455,0.14547100733103285,0.11879097140407086,0.8165955098788236,8.418148182309846,51.032956421375275,415.19183522462845,519.7631937861443,0.05186276059082853,0.42194292197624844,0.5282146278314475,73,433,545,0.0741869918699187,0.4400406504065041,0.5538617886178862,0,True,0.8230186000195836,-0.5659380119313955,-0.04852371248105794,0.38387806576566263,0.5045121661951391,0.5188505623814104,0.405931766406478,0.6596048130753438,0.32506173149837253,158,3.838117542146504,46.4379745782822,9:5=182;10:5=99;10:6=41;9:6=40;1:4=38,0.03328604359497563,0.01597443036735058,212
530,1691509886.0754023,1228,1014,1014,1014,0.9999999999999997,1.0,1.0,1.0,1.0000000000000002,59.36366707987249,445.35456650998947,509.2817664101383,0.13329529220969813,0.11656350373255919,0.8744757733017551,8.579014597007813,50.84430879354477,452.6789100766182,521.2821739912033,0.05014231636444257,0.44642890540100416,0.514084984212232,78,476,546,0.07692307692307693,0.46942800788954636,0.5384615384615384,0,True,0.8240693567301742,-0.5658689278632401,-0.02649625968366471,0.376750949126082,0.4955086807161139,0.5351796130005331,0.3918083950812938,0.5915837014048324,0.35866063731017594,161,3.820011647936707,45.6047395188745,9:5=191;10:5=109;1:5=41;1:3=35;10:6=34,0.03138394185168701,0.01604753453284502,214
531,1691509886.17539,1177,997,997,997,0.9999999999999997,1.0,1.0,1.0,1.0000000000000002,61.714414480679416,445.476082045849,489.8095034734716,0.1385358652640922,0.12599676821914074,0.9094884417039008,7.936711505653408,50.87173157930374,452.79867827892303,501.79043996334076,0.05102480599729563,0.45416116176421567,0.5033003409862996,75,476,528,0.07522567703109329,0.477432296890672,0.5295887662988967,0,True,0.8241973229917727,-0.5657339258130639,-0.025375144479084323,0.370408374201954,0.4884586405213665,0.5385818410477851,0.3655396210271734,0.541256812266936,0.3803972154692252,168,3.919644731689311,50.38254227747507,9:5=173;10:5=95;1:5=42;9:6=41;0:5=40,0.031042869134138854,0.01579180918633938,180
532,1691509886.274384,1207,1006,1006,1006,0.9999999999999997,1.0,1.0,1.0,1.0000000000000002,62.77465402435594,465.67878885222694,477.54655712341724,0.13480247657205643,0.13145242717796926,0.9751484581049483,7.607314839809932,55.97195363044739,636.1407945752144,646.3589681982994,0.055638124881160426,0.6323467142894775,0.6425039445311127,82,909,915,0.08151093439363817,0.9035785288270378,0.9095427435387674,0,True,0.8251326799770194,-0.563200483149515,-0.044286298265881784,0.36648870507986214,0.473812193315752,0.5563664093540343,0.3375644020509226,0.4662428221000916,0.5248260819672799,167,3.875456987028998,48.204722191175016,9:5=206;10:5=81;1:4=47;1:5=34;0:4=34,0.03442514145373558,0.016462710686028004,201
533,1691509886.3734453,1260,1070,1070,1070,0.9999999999999997,1.0,1.0,1.0,1.0000000000000002,65.95248753967596,493.83101296290715,510.21649949741675,0.13355274538950393,0.1292637294259236,0.9678852280342758,7.736122146878519,51.35705488920212,498.4287985563278,511.07894617319107,0.04799724756000198,0.4658213070619886,0.477643874928216,75,534,544,0.07009345794392523,0.49906542056074765,0.508411214953271,0,True,0.814875192370109,-0.5774395328618274,-0.05041831758491135,0.36650657256319286,0.46313573163316785,0.5643484327764708,0.32473474325325224,0.4108207470306977,0.5622091137869685,171,3.9796199276405613,53.49669774693404,9:5=176;10:5=92;1:4=42;1:5=37;10:6=36,0.03452345772776649,0.01472422992810607,190
534,1691509886.4713304,1284,1079,1079,1079,0.9999999999999998,1.0,1.0,1.0,1.0000000000000002,67.11290272199555,498.53892576682995,513.3481715111744,0.13461918268220588,0.1307356419025146,0.9711516538556092,7.649023521417885,55.27346557378769,663.1478208303452,687.2109156250954,0.05122656679683753,0.6145948293144997,0.6368961219880402,84,940,975,0.0778498609823911,0.871177015755329,0.9036144578313253,0,True,0.8200085368001184,-0.5709288014408905,-0.04032745045496008,0.3647376419842616,0.4738151200976137,0.5561179195669929,0.336500790332058,0.4726889009354779,0.49392733568140085,170,3.960470576983917,52.48201696838559,9:5=177;10:5=93;1:5=53;1:4=50;9:6=39,0.03294338112687574,0.01384629588574171,205
535,1691509886.5688572,1222,1049,1049,1049,0.9999999999999997,1.0,1.0,1.0,1.0000000000000002,68.18238318029223,483.90333742208105,496.9142793976267,0.14090083268183923,0.1372115594322321,0.9738165262803117,7.288015704638162,61.07431471347809,492.9965536594391,495.0867015719414,0.05822146302524127,0.46996811597658633,0.4719606306691529,92,599,595,0.0877025738798856,0.5710200190657769,0.567206863679695,0,True,0.824891947793948,-0.5626397339216295,-0.05467910274779915,0.3679138908555114,0.4764411357574584,0.5529948116330001,0.3449835297759144,0.48485134500426935,0.48005580880212934,171,3.959963309730185,52.45540131096418,9:5=178;10:5=101;1:4=52;1:5=42;9:6=35,0.028850535375704582,0.014982654713094234,173
536,1691509886.6665332,1142,955,955,955,0.9999999999999997,1.0,1.0,1.0,1.0000000000000002,61.20177620954953,427.67437396784067,466.12384982260977,0.1431036787211189,0.13129938799063973,0.917512318090135,7.616181730194276,50.57588869333267,427.23518031835556,470.34920424222946,0.05295904575218081,0.44736668096162885,0.49251225575102564,75,467,515,0.07853403141361257,0.48900523560209425,0.5392670157068062,0,True,0.8238945584407732,-0.5652289308635532,-0.041400631474991706,0.3738136083379481,0.4872135657847964,0.5405211388383889,0.36959908395986585,0.5260815886446649,0.4082358070862919,161,3.9131217970780128,50.054969777128775,9:5=173;10:5=92;1:4=39;1:5=36;0:4=35,0.030678073102880968,0.015077987685799599,187
537,1691509886.7638168,1122,967,967,967,0.9999999999999998,1.0,1.0,1.0,1.0000000000000002,54.83154631566369,419.2095378707585,492.9589158135779,0.130797468478802,0.11122944439532018,0.8503944739064032,8.990425201135622,43.72937488555908,426.2162276506424,502.70203560590744,0.0452216906779308,0.44076135227574187,0.5198573274104523,65,452,531,0.0672182006204757,0.4674250258531541,0.5491209927611168,0,True,0.8238064072308116,-0.5641073499111607,-0.05590975927036307,0.37923541677132566,0.49934758527957157,0.524206513876567,0.3964741181782276,0.6076018650504843,0.31734748273696495,168,3.821917326381028,45.691730349883855,9:5=199;10:5=96;1:4=39;9:6=37;1:5=33,0.03212243110228085,0.01576504297554493,155
538,1691509886.8608968,1081,885,885,885,0.9999999999999998,1.0,1.0,1.0,1.0000000000000002,54.731190810210656,381.16741690532945,449.10139228445945,0.14358832466470828,0.12186822786677999,0.8487335453725318,8.205584158433386,42.88235539197922,387.15184730291367,460.3407481312752,0.048454638860993465,0.4374597144665691,0.5201590374364691,64,410,486,0.07231638418079096,0.4632768361581921,0.5491525423728814,0,True,0.8215404353719692,-0.5686069721067573,-0.041921645010901065,0.38234604472170697,0.5011327366485505,0.5276573002231048,0.4008120211740267,0.6057323712971557,0.3644527573621762,156,3.909605651558502,49.8792782788651,9:5=168;10:5=74;1:5=36;9:6=34;0:4=31,0.03357830459814678,0.013488112017512321,196
539,1691509886.9586675,1103,917,917,917,0.9999999999999997,1.0,1.0,1.0,1.0000000000000002,55.6938411531159,391.3229156485988,469.9832431982848,0.14232195183562418,0.11850175928425345,0.8326316338123156,8.438693282192311,45.9452400803566,397.83112782239914,479.8276627063751,0.050103860502024644,0.4338398340484178,0.5232580836492641,68,419,504,0.07415485278080698,0.4569247546346783,0.549618320610687,0,True,0.8162456698555225,-0.5756768489962201,-0.048364987045303294,0.3877017029650309,0.5001262260620425,0.5218436040042074,0.42482680823754465,0.613945862910936,0.3207370648897794,149,3.8332304640914683,46.21158222094829,9:5=174;10:5=97;1:4=38;10:6=33;9:6=30,0.03473348067727599,0.013593928888440132,186
540,1691509887.0559976,1134,943,943,943,0.9999999999999998,1.0,1.0,1.0,1.0000000000000002,54.021460959422846,404.265038381105,484.7135006594721,0.13362882225916414,0.1114502915349469,0.8340288393681757,8.972609997044602,42.75759965181351,412.60773009061813,494.11596804857254,0.045342099312633624,0.4375479640409524,0.5239829989910632,64,434,516,0.06786850477200425,0.4602332979851538,0.5471898197242842,0,True,0.8184071856683155,-0.5726496990487534,-0.04777029020049074,0.38507943679047985,0.5019312196206532,0.5248416674930979,0.4069292914090063,0.6183517934344608,0.3196438451714497,151,3.794130564357707,44.4395822475777,9:5=178;10:5=103;9:6=40;1:3=38;1:4=35,0.027859758334742378,0.013677548617124557,191
541,1691509887.1538937,1156,949,949,949,0.9999999999999998,1.0,1.0,1.0,1.0000000000000002,47.76993641464388,427.0975189332919,474.13254465206376,0.11184784340108761,0.10075228320321114,0.9007977278731458,9.925333384088793,40.990884721279144,431.97011786699295,483.188736975193,0.04319376682958814,0.4551845288377165,0.5091556764754405,60,450,503,0.06322444678609063,0.47418335089567965,0.530031612223393,0,True,0.8166907955551644,-0.5735688174115908,-0.06352130468230519,0.37536989377771957,0.4837427031327321,0.5389095914232386,0.395988995892762,0.581112754037505,0.3480135945539257,147,3.705140965991248,40.65577799499894,9:5=181;10:5=116;9:6=42;1:5=39;1:4=36,0.03213111930140632,0.013358107767999172,207
542,1691509887.2531195,1202,994,994,994,0.9999999999999998,1.0,1.0,1.0,1.0000000000000002,51.6775127026424,444.2502825715607,498.072204725797,0.11632522190758109,0.10375506244339082,0.8919395187212529,9.638083930079114,39.24971383810043,449.2498230934143,508.77167880535126,0.03948663363994007,0.4519615926493102,0.5118427352166511,57,468,532,0.05734406438631791,0.4708249496981891,0.5352112676056338,0,True,0.8159691392893892,-0.577214948925503,-0.03189461497278771,0.3735217081846018,0.48855044681524196,0.5362156416945366,0.37919002659710727,0.557040050619996,0.34769223813076794,147,3.750333454054103,42.53526319149704,9:5=184;10:5=103;1:5=59;1:4=42;0:5=41,0.03263516989537187,0.01586654596030712,208
543,1691509887.3530617,1292,1075,1075,1075,0.9999999999999998,1.0,1.0,1.0,1.0000000000000002,64.279452442357,489.54003708068956,521.1805104769533,0.1313058127496158,0.12333433647304326,0.9392907586522984,8.108042160818423,54.785896956920624,489.34352350234985,513.8301523327827,0.05096362507620523,0.4552032776766045,0.4779815370537514,80,586,608,0.07441860465116279,0.5451162790697675,0.5655813953488372,0,True,0.8237762633616796,-0.5647798783145851,-0.04915645403028582,0.3687393653252456,0.4812328089473275,0.5464608065790895,0.3735834180039921,0.5046532129092132,0.4237196324124984,168,3.8197118790795295,45.591070687074456,9:5=188;10:5=106;0:5=58;1:4=50;9:6=48,0.03715560250918485,0.015523468144237995,217
544,1691509887.455089,1196,1015,1015,1015,0.9999999999999998,1.0,1.0,1.0,1.0000000000000002,59.03716312612329,461.13443119288075,494.8284056809961,0.12802592721910533,0.11930835507487643,0.9319077601421348,8.381642671818017,54.00250542163849,468.19064289331436,507.30936646461487,0.053204438839052695,0.46127156935301905,0.4998121837089802,79,490,533,0.07783251231527094,0.4827586206896552,0.5251231527093596,0,True,0.8145241459413765,-0.5790274350749964,-0.035744161886130985,0.37557070821589217,0.47937506962799004,0.5446429601477251,0.3767687859933661,0.548571562028407,0.4199680552604163,158,3.7361399963629465,41.93580498890701,9:5=185;10:5=112;1:5=58;1:4=49;0:5=38,0.03202750311417875,0.013640047051012516,181
545,1691509887.5575194,1058,904,904,904,0.9999999999999998,1.0,1.0,1.0,1.0000000000000002,53.890440617678955,398.8416378576763,451.26792152464475,0.13511738871383674,0.11942005635057283,0.8838244839344174,8.373802781204292,48.2762188911438,402.25215768814087,458.46723037958145,0.05340289700347765,0.44496920098245674,0.5071540159066167,71,422,480,0.07853982300884955,0.4668141592920354,0.5309734513274337,0,True,0.820463764141783,-0.5707837493214349,-0.032328365886041335,0.3771966866598645,0.48887523977394204,0.5315757606397321,0.38416453667723116,0.5865269213682469,0.3332825262043153,146,3.7060507532803175,40.69278293580596,9:5=162;10:5=95;1:5=50;9:6=42;1:4=39,0.025825114177997557,0.011887351050972939,154
546,1691509887.6605766,1119,952,952,952,0.9999999999999997,1.0,1.0,1.0,1.0000000000000002,53.18693936839656,427.4663137535251,471.3467468780785,0.12442369762746702,0.11284036586796307,0.9069041349809003,8.862076902250754,42.98432385921478,432.15871101617813,479.764801800251,0.045151600692452505,0.45394822585732997,0.5039546237397594,61,449,500,0.06407563025210083,0.47163865546218486,0.5252100840336135,0,True,0.8179814685741505,-0.5731587001239171,-0.04894304385239643,0.3764542786242207,0.4868820279871458,0.5403754196700233,0.3813555544038921,0.5500140386097399,0.38227834715619374,145,3.7440256676670307,42.26780426107522,9:5=174;10:5=93;1:5=51;10:6=38;1:3=36,0.026582742421882535,0.01344520878046751,167
547,1691509887.764128,1209,1034,1034,1034,0.9999999999999998,1.0,1.0,1.0,1.0000000000000002,57.53158310184873,459.7622744934188,516.7061424047325,0.12513332714224742,0.11134294404571761,0.8897944823216172,8.981260631921122,50.72071397304535,466.0795959830284,527.6078611016273,0.049052914867548696,0.4507539612988669,0.510259053289775,74,488,552,0.07156673114119923,0.47195357833655704,0.5338491295938105,0,True,0.8228140683145609,-0.5672319534899012,-0.03499885603375738,0.3735211906390668,0.4900294697403646,0.5364721242308753,0.38245967727083063,0.5883763335623312,0.36628620127115447,154,3.7273573616488687,41.569110760047465,9:5=185;10:5=132;9:6=42;1:5=42;1:4=39,0.03247847428561199,0.013312122784554958,175
548,1691509887.867769,1234,1022,1022,1022,0.9999999999999997,1.0,1.0,1.0,1.0000000000000002,50.026800360334335,478.2023279928053,493.7708716468603,0.10461429698662404,0.10131581920472817,0.9684701051681528,9.870126973748365,39.16518259048462,482.8969607949257,503.6145457625389,0.03832209646818456,0.47250191858603297,0.49277352814338443,59,501,525,0.057729941291585124,0.49021526418786693,0.5136986301369864,0,True,0.8150877772882176,-0.5771756815504162,-0.05000147939976826,0.3665729628460914,0.47209860160759404,0.555134924358123,0.34546887298256534,0.48742489824548635,0.45308614755785637,155,3.6934874642750586,40.18474573465241,9:5=199;10:5=117;1:5=49;0:4=45;0:5=44,0.02984130026631137,0.015050007030367851,212
549,1691509887.9701521,1152,962,962,962,0.9999999999999998,1.0,1.0,1.0,1.0000000000000002,47.75639693321469,448.9772484665045,465.2663546002809,0.10636707560645473,0.10264313432731044,0.9649897183135653,9.742492827734393,38.31047207117081,444.92056810855865,461.0385676622391,0.039823775541757596,0.46249539304423976,0.47925007033496786,57,484,500,0.059251559251559255,0.5031185031185031,0.5197505197505198,0,True,0.8209081286911537,-0.5691569696511873,-0.046585278213892765,0.35609034090300534,0.46444748032665406,0.5710452534546531,0.32203848950514,0.4403428017450419,0.5677916644083809,146,3.736817927076661,41.964244197930775,9:5=143;10:5=130;1:5=50;0:4=40;9:6=37,0.032636395599293516,0.01275514392182231,190
550,1691509888.0718734,1112,946,946,946,0.9999999999999998,1.0,1.0,1.0,1.0000000000000002,47.8576266602556,446.5817428546815,451.5606304850627,0.10716431521435607,0.10598272619304153,0.9889740440280791,9.435499877390932,35.35395759344101,498.52406108379364,502.1656925678253,0.037372048196026436,0.5269810370864626,0.5308305418264538,52,656,652,0.05496828752642706,0.693446088794926,0.6892177589852009,0,True,0.8211008446818241,-0.5696353193486123,-0.03618018536988678,0.3627469959953313,0.470000642632014,0.5640265247019618,0.3320512158826211,0.47869623772490455,0.6311342235658142,143,3.7671906017418593,43.25836399038125,9:5=153;10:5=106;1:4=47;10:6=41;1:5=39,0.0365805115425715,0.013337372336536646,166
551,1691509888.1727428,1123,931,931,931,0.9999999999999997,1.0,1.0,1.0,1.0000000000000002,42.94061466804367,429.32788383161477,458.73150150034155,0.10001822915579661,0.09360729430527609,0.935902335957835,10.682928156632297,31.02344501018524,430.87607502937317,463.7834147810936,0.033322712148426685,0.46280996243756517,0.49815619203124983,48,460,494,0.05155746509129968,0.4940923737916219,0.5306122448979592,0,True,0.8145529486703147,-0.5774259557288435,-0.05552260317319153,0.3718789030471435,0.47900956420661184,0.5502824893694513,0.3722127447526449,0.5372483478542016,0.44622459690639715,139,3.6537237661267747,38.61820379183374,9:5=174;10:5=115;1:4=51;1:5=43;1:3=35,0.033432986927424246,0.01427903026342392,192
552,1691509888.273032,1149,966,966,966,0.9999999999999998,1.0,1.0,1.0,1.0000000000000002,47.75730958918533,437.8729159498834,480.36977446093135,0.10906659866273022,0.09941780713155476,0.9115330298232487,10.058560220270685,36.072236359119415,443.05216616392136,488.7409842014313,0.03734185958500975,0.4586461347452602,0.5059430478275686,52,461,508,0.053830227743271224,0.4772256728778468,0.525879917184265,0,True,0.8085892865803099,-0.5860796462378681,-0.0519038909258303,0.378490165562664,0.4793169492530224,0.5436808047188,0.4127409733453657,0.5574576511394916,0.3458429968819169,147,3.590728621152571,36.26048646110903,9:5=188;10:5=129;1:4=52;0:5=48;1:5=40,0.02995909267629974,0.014546905644237995,183
553,1691509888.3739998,1153,953,953,953,0.9999999999999997,1.0,1.0,1.0,1.0000000000000002,50.210352356250034,416.86899664559894,485.9206509981512,0.12044635787327776,0.10333035291484467,0.8578952052959467,9.67769848636932,42.769223153591156,421.13531881570816,496.4935373067856,0.044878513277640246,0.44190484660619955,0.5209795774467845,62,439,519,0.06505771248688352,0.46065057712486884,0.5445960125918153,0,True,0.8143079627081021,-0.5793455988216452,-0.0355136452109516,0.37894576618055603,0.4924061519141333,0.5333569713732724,0.40951747074358735,0.6102078870023656,0.32752067115732464,145,3.6633971013184765,38.99358328029782,9:5=160;10:5=125;1:5=53;1:4=45;9:6=42,0.03330255594283148,0.016642119735479355,200
554,1691509888.473138,1133,929,929,929,0.9999999999999998,1.0,1.0,1.0,1.0000000000000002,47.47672083074248,410.6907881881705,470.8324909810871,0.1156021079513222,0.10083569367061708,0.8722651814712327,9.917123228869045,35.18887937068939,414.37168848514557,479.7068638205528,0.037878233983519256,0.44604056887529125,0.516369067621693,48,431,500,0.05166846071044134,0.4639397201291712,0.5382131324004306,0,True,0.8093142667461206,-0.5843113464168395,-0.05992218361950313,0.38438454092184937,0.48524210622977865,0.5358708371378924,0.40521091271608806,0.5957018094080664,0.34158854802161576,140,3.6458151448641813,38.313991579398746,9:5=176;10:5=107;1:4=47;1:5=44;10:6=36,0.02947467100829801,0.014257576316595078,204
555,1691509888.5704658,1152,954,954,954,0.9999999999999998,1.0,1.0,1.0,1.0000000000000002,51.53488800279078,389.80259670276246,512.6625152944465,0.1322076570005198,0.10052400256568757,0.7603493235289112,9.947872890820761,40.05920714139938,393.8562608361244,524.1351665854454,0.04199078316708531,0.4128472335808432,0.5494079314312845,58,413,549,0.06079664570230608,0.4329140461215933,0.5754716981132075,0,True,0.8171758067110056,-0.5740506858459365,-0.051860495620721585,0.39133389624221165,0.5139333250987528,0.5089105688232664,0.43448667219052894,0.6797205579010269,0.28880963111909386,146,3.703136841837919,40.57438036107344,9:5=185;10:5=112;1:5=50;9:6=39;1:4=37,0.03895731276318347,0.015092580113559961,198
556,1691509888.6680565,1154,939,939,939,0.9999999999999998,1.0,1.0,1.0,1.0000000000000002,50.40565090086581,389.53313459749324,499.0612145016408,0.1294001624610195,0.10100093823400112,0.7805317730140148,9.900898125155814,38.525433361530304,395.1422655582428,512.9280771613121,0.04102815054476071,0.42081178440707434,0.5462492834518766,58,416,539,0.0617678381256656,0.443024494142705,0.5740149094781682,0,True,0.8050317894433403,-0.5911127797030344,-0.05009490650160818,0.4011034169001201,0.501828899377724,0.5127963995132058,0.4571959296383145,0.6345646229119881,0.29128053774817086,142,3.695253555210038,40.255778356390486,9:5=182;10:5=117;1:5=48;10:6=33;1:4=32,0.03125636456355131,0.013970427215099335,215
557,1691509888.76602,1171,962,962,962,0.9999999999999998,1.0,1.0,1.0,1.0000000000000002,49.06146637971677,416.702703443408,496.23583017687537,0.11773733641346477,0.09886723891386398,0.8397271581434999,10.114573957822664,39.749763548374176,422.02897477149963,506.10145086050034,0.041319920528455484,0.43869955797453186,0.5260929842624744,57,439,527,0.059251559251559255,0.45634095634095634,0.5478170478170478,0,True,0.804095369758241,-0.5913326661866738,-0.06128877738964167,0.3920631564048869,0.4895560833994528,0.5263579146709243,0.44077369974932473,0.590889447676874,0.3009119154166208,144,3.625086955061395,37.52798626607692,9:5=185;10:5=114;1:5=62;1:4=48;9:6=36,0.02821320780255776,0.01451059291139245,209
558,1691509888.864035,1091,916,916,916,0.9999999999999998,1.0,1.0,1.0,1.0000000000000002,44.08243190586979,402.8848774238393,469.032690670291,0.10941694358881231,0.09398584103566839,0.858969716690919,10.63990053161829,33.22479486465454,407.5799133181572,478.96801936626434,0.03627161011425168,0.4449562372468965,0.5228908508365331,49,425,499,0.05349344978165939,0.46397379912663755,0.5447598253275109,0,True,0.806024430071656,-0.5901365310189446,-0.04542568529575191,0.38738243777538567,0.48672510549517006,0.5339553202121923,0.4257341025246443,0.604591456789817,0.32305713953023996,144,3.6133036413288835,37.08837734159373,9:5=160;10:5=117;1:5=71;1:4=47;9:6=35,0.04117086404380605,0.018529601395130157,175
559,1691509888.961816,955,786,786,786,0.9999999999999998,1.0,1.0,1.0,1.0000000000000002,38.0759799990755,361.7887757774637,386.13524422346075,0.10524367406714696,0.09860788562734903,0.9369483391888789,10.141176779503411,25.94043868780136,364.2602896094322,394.76545464992523,0.03300310265623583,0.4634354829636542,0.5022461255088108,39,380,415,0.04961832061068702,0.48346055979643765,0.5279898218829516,0,True,0.8120247015448405,-0.5818600477985013,-0.04532955831395631,0.3716806478555012,0.47448605909503,0.5525537856402675,0.3581942620549241,0.508456576167261,0.390549316119788,130,3.69067875326573,40.07203675447258,9:5=112;10:5=93;1:4=54;1:5=53;9:6=29,0.03543155223654904,0.014200455974787474,169
560,1691509889.0622237,962,791,791,791,0.9999999999999998,1.0,1.0,1.0,1.0000000000000002,46.655934087027866,347.0318187159337,397.3122471970384,0.1344428135139347,0.11742888475292801,0.8734485814725735,8.515792363216374,42.143928945064545,348.68678092956543,406.6521291732788,0.05327930334395012,0.44081767500577174,0.5140987726590124,63,365,429,0.07964601769911504,0.461441213653603,0.5423514538558787,0,True,0.811098827392654,-0.580958253914423,-0.06786898710726756,0.3838347016739791,0.4880148945900835,0.5308628157435099,0.4076953698748333,0.5675046173488713,0.3383100866499766,133,3.6756421132952104,39.47399549851534,9:5=122;10:5=96;1:5=64;1:4=43;9:6=29,0.03170187977155225,0.014904013834893703,171
561,1691509889.1627553,1023,861,861,861,0.9999999999999998,1.0,1.0,1.0,1.0000000000000002,47.974885032697486,372.82669539318965,440.19841957411285,0.12867878192601612,0.10898468258725841,0.8469514628287294,9.175601343788395,39.59078222513199,373.7143050432205,451.4694788455963,0.04598232546472937,0.43404681189688793,0.5243547954071966,58,390,475,0.06736353077816493,0.4529616724738676,0.5516840882694541,0,True,0.8165042778777103,-0.5745044135691731,-0.05714405478209718,0.38323009580690903,0.49913192089781705,0.5263534388742233,0.4017420436118564,0.5838160753728534,0.34727658544845236,139,3.6647468589722765,39.046250703912555,9:5=154;10:5=88;1:4=66;1:5=52;9:6=33,0.029442780264075343,0.014428757131099701,162
562,1691509889.2639856,1087,907,907,907,0.9999999999999998,1.0,1.0,1.0,1.0000000000000002,51.73982962962476,413.91105347375895,441.3491168966161,0.12500229021524537,0.11723107093413435,0.9378313847871946,8.530161773936575,41.53702688217163,420.17316794395447,451.45069432258606,0.04579606050956078,0.4632559734773478,0.49774056705908054,60,441,474,0.06615214994487321,0.4862183020948181,0.5226019845644984,0,True,0.820206991105516,-0.5677847105488537,-0.06986425558602899,0.3728306574052726,0.4819834138860638,0.5482704091795381,0.3712390762148397,0.511822132273233,0.4372659966248087,143,3.7171354728158645,41.14636026623557,9:5=143;10:5=101;1:4=67;1:5=45;9:6=37,0.0327971937566844,0.014310094527900219,180
563,1691509889.3658876,1141,925,925,925,0.9999999999999998,1.0,1.0,1.0,1.0000000000000002,51.0931563873364,420.2218585494029,453.6849850632608,0.12158614633638742,0.11261813388030041,0.9262414943946362,8.879564645094192,41.81086152791977,417.39626455307007,454.64489686489105,0.04520093138153489,0.4512392049222379,0.49150799661069305,64,453,493,0.06918918918918919,0.4897297297297297,0.532972972972973,0,True,0.8082381725073987,-0.5852717536354454,-0.06486933712001988,0.38340842945356896,0.4765822917820214,0.5470110201551023,0.4073267161132186,0.501341236593303,0.40453501506174216,137,3.7268158692120608,41.546607494190056,9:5=131;10:5=111;1:4=60;1:5=55;9:6=38,0.03410112825388972,0.01582007110118866,216
564,1691509889.4690268,1174,955,955,955,0.9999999999999998,1.0,1.0,1.0,1.0000000000000002,54.69781392621521,437.3024577056754,462.99972836810895,0.12508005148928147,0.1181378963633594,0.9444983029406815,8.464684328932668,46.23358851671219,438.2137694954872,470.6659246087074,0.048412134572473495,0.4588625858591489,0.4928439001138298,70,465,504,0.07329842931937172,0.4869109947643979,0.5277486910994764,0,True,0.8172527228556813,-0.5704068650368114,-0.08206092434192792,0.3753907620616954,0.4775509460250108,0.5483681418296501,0.3685088938923384,0.5126813229127325,0.4181330141195211,146,3.7403478006275948,42.11263441888949,9:5=143;10:5=111;1:4=75;1:5=49;1:3=42,0.03338839914360098,0.01763021945953369,219
565,1691509889.5726259,1198,1011,1011,1011,0.9999999999999998,1.0,1.0,1.0,1.0000000000000002,54.094852865274326,472.35250157037365,484.55264556435196,0.11452221102975355,0.1116387524874016,0.9748218400917634,8.9574630468291,36.542557537555695,612.4310508966446,651.8923620581627,0.03614496294515895,0.6057676072172548,0.6447995668231085,54,861,929,0.05341246290801187,0.8516320474777448,0.9188921859545005,0,True,0.8164443338217815,-0.5751811331693018,-0.05084598131991441,0.36803000487630233,0.4723595623709349,0.5604823206995988,0.3487281890753529,0.49411167913149906,0.470998616852882,149,3.789844012798137,44.24949738233533,9:5=133;10:5=106;1:4=76;1:5=55;10:6=38,0.03144758052319372,0.015918251127004623,187
566,1691509889.6749537,1207,983,983,983,0.9999999999999998,1.0,1.0,1.0,1.0000000000000002,46.61985928007445,466.4521847819923,469.9279559379329,0.09994563387427025,0.09920639683379873,0.9926036084637627,10.079995160748636,33.469339311122894,459.09726041555405,452.93112701177597,0.034048157997073135,0.46703688750310685,0.4607641170007894,50,530,517,0.0508646998982706,0.5391658189216684,0.525940996948118,0,True,0.8136082931492933,-0.579045389494813,-0.05242120013404545,0.36693568877645194,0.4658154168979331,0.562071905962973,0.32925751655827873,0.45805926585946,0.48800682043283844,139,3.7000851674478614,40.45074930044892,9:5=134;10:5=117;1:4=72;1:5=55;1:3=43,0.03171932741700402,0.013598385266959667,224
567,1691509889.7758527,1192,982,982,982,0.9999999999999997,1.0,1.0,1.0,1.0000000000000002,55.837681029069195,452.99464882069174,473.16767015023913,0.12326344510787224,0.11800823376487185,0.9573660192735862,8.473984976272693,48.821915447711945,450.57003581523895,477.62365275621414,0.049716818174859415,0.45882895704199483,0.4863784651285276,73,481,514,0.07433808553971487,0.48981670061099797,0.5234215885947047,0,True,0.8044255026915819,-0.5912258280195504,-0.05789327164699629,0.3818062441629373,0.4671924068309208,0.5549657855762012,0.3738691165795319,0.48540606262711794,0.41091890285566357,148,3.7568679610153692,42.81412026941896,10:5=127;9:5=123;1:4=67;1:3=50;1:5=48,0.0333615627074365,0.013406884390860796,210
568,1691509889.8753934,1240,1005,1005,1005,0.9999999999999997,1.0,1.0,1.0,1.0000000000000002,49.4557854373373,465.9932944724396,489.5509200902233,0.10612982208966588,0.10102276067262357,0.9518791107298049,9.89875938196364,34.3722283244133,475.014607667923,487.08275389671326,0.034201222213346566,0.4726513509133562,0.484659456613645,54,506,510,0.05373134328358209,0.5034825870646766,0.5074626865671642,0,True,0.7964034481003185,-0.601147989597405,-0.0660503024741108,0.3739956777946486,0.44822413055477867,0.5708611937673381,0.32818408770566543,0.38688993360450874,0.6021894766157952,144,3.747653404724848,42.4214192097963,9:5=127;10:5=109;1:4=80;1:3=61;1:5=41,0.029049363179648638,0.013683328405022621,235
569,1691509889.9731877,1258,1024,1024,1024,0.9999999999999997,1.0,1.0,1.0,1.0000000000000002,47.94467190183024,477.74888614216655,498.3064419560033,0.10035538185967233,0.09621523597734943,0.9587451534177601,10.39336431327171,34.05239713191986,483.48750591278076,497.1830766797066,0.03325429407414049,0.47215576749294996,0.48553034832002595,51,514,521,0.0498046875,0.501953125,0.5087890625,0,True,0.7922981088380153,-0.6076665016721492,-0.054819061258256974,0.3738004588599217,0.44698775251703576,0.5749856016923233,0.33051449018340545,0.3863985958787697,0.6182997154188412,138,3.721835233196109,41.34019342793493,9:5=137;10:5=117;1:4=76;1:3=56;1:5=47,0.03457093978754289,0.01300572557374835,234
570,1691509890.0703635,1279,1053,1053,1053,0.9999999999999998,1.0,1.0,1.0,1.0000000000000002,51.02705050652399,484.58528186714346,517.3876676263325,0.10530045466901705,0.09862440428977663,0.9365999852495913,10.139478227537031,35.94125175476074,491.7621011734009,513.8650697469711,0.034132242882014004,0.4670105424248821,0.48800101590405615,52,527,540,0.04938271604938271,0.5004748338081672,0.5128205128205128,0,True,0.8090114358007181,-0.585913204121988,-0.046970352129462836,0.36417376017173336,0.45666692307689494,0.5739850389331657,0.3237102887525797,0.4167383866337984,0.6598327641795059,142,3.6480509831614945,38.39975130580935,10:5=140;9:5=137;1:4=95;1:5=59;1:3=49,0.03169350417820839,0.013141530565917492,226
571,1691509890.1682467,1220,1015,1015,1015,0.9999999999999998,1.0,1.0,1.0,1.0000000000000002,57.112879062953326,476.0361053733385,481.85101556370824,0.11997593967827648,0.11852808693603782,0.9879321408432293,8.436818865891569,46.62968999147415,480.3686635494232,494.54905438423157,0.04594058127238833,0.4732696192605155,0.48724044766919367,68,500,520,0.06699507389162561,0.49261083743842365,0.5123152709359606,0,True,0.8105217250905891,-0.5847251113984263,-0.03392752947495001,0.3717715941076094,0.4676286339150305,0.5616251947931067,0.35387218317611924,0.5072047313106411,0.4898014125768898,154,3.7361458954630944,41.9360523731501,10:5=136;9:5=132;1:4=71;1:3=58;1:5=50,0.03267381999747152,0.01543738879263401,205
572,1691509890.2655373,1157,934,934,934,0.9999999999999998,1.0,1.0,1.0,1.0000000000000002,51.77931358828296,424.3457212980965,457.8749651136201,0.12202152864859162,0.1130861425791954,0.9267720526995762,8.84281643349617,40.68918818235397,425.71087741851807,469.70038479566574,0.04356444130873016,0.4557932306408116,0.5028912042780147,59,440,494,0.06316916488222699,0.47109207708779444,0.5289079229122056,0,True,0.8102119942061048,-0.5832868943796853,-0.05773147572571537,0.37748312139797474,0.4778297229267821,0.5443335002888325,0.37050678797165165,0.5139008250170682,0.3698775296525372,140,3.6890614428721857,40.00728021276832,9:5=120;10:5=111;1:4=71;1:5=59;1:3=44,0.03013219914348337,0.014112000819295645,223
573,1691509890.3620913,1135,942,942,942,0.9999999999999997,1.0,1.0,1.0,1.0000000000000002,53.75652935131673,421.59608683540824,466.647383813275,0.12750718289352472,0.11519732289515407,0.9034575173019856,8.68075728556767,46.22389769554138,425.3221296072006,481.7858653664589,0.04906995509080826,0.4515096917273892,0.5114499632340328,71,451,516,0.07537154989384288,0.47876857749469215,0.5477707006369427,0,True,0.8039026140092191,-0.5923128066268298,-0.05390849928343604,0.3854755363250428,0.47602895755413005,0.5411660036649224,0.38422962369986235,0.5044531966997456,0.3917932221132678,154,3.7605594276352474,42.97245923695353,9:5=125;10:5=114;1:5=65;1:4=65;10:6=45,0.029089935454311034,0.015087115112692118,193
574,1691509890.4593537,1144,963,963,963,0.9999999999999997,1.0,1.0,1.0,1.0000000000000002,53.81486327628571,428.12004632639884,481.06509039731526,0.1257004051505153,0.11186607457182066,0.8899420366853293,8.939260663499697,39.53901243209839,430.2685769200325,495.922347843647,0.04105816451931297,0.44680018371758307,0.5149764775115753,58,446,522,0.060228452751817235,0.46313603322949115,0.5420560747663551,0,True,0.8061721617255413,-0.5895207137575548,-0.05051508398044152,0.3865890696531123,0.4821222078672044,0.5407803609074879,0.3779426014239757,0.5491446609466479,0.35215066027378017,145,3.732549885739327,41.78552073986227,9:5=126;10:5=97;1:4=80;1:5=50;1:3=49,0.02934104545921763,0.013469872996211052,181
575,1691509890.55631,1158,958,958,958,0.9999999999999997,1.0,1.0,1.0,1.0000000000000002,60.17643950803305,426.58601598091116,471.2375445110557,0.1410651949517394,0.12769873752413047,0.905246241412123,7.830930981686769,48.624347150325775,431.0900101661682,481.37250232696533,0.050756103497208535,0.44998957219850544,0.50247651599892,71,452,508,0.07411273486430063,0.4718162839248434,0.5302713987473904,0,True,0.7894328865530595,-0.6118732077008056,-0.04906011951097533,0.3962874478171689,0.46792269961330063,0.5421420323720505,0.41077638777285397,0.48928287596168907,0.3799645153451243,145,3.775474221423024,43.61818809116599,9:5=134;10:5=114;1:4=72;1:5=48;1:3=40,0.03442970043033789,0.015223082154989243,200
576,1691509890.653825,1177,960,960,960,0.9999999999999998,1.0,1.0,1.0,1.0000000000000002,47.91809063524695,445.50516671355876,466.5767426511942,0.10755900091739291,0.10270141276859528,0.954837920514636,9.73696440041365,36.64750528335571,447.9651598930359,481.00146275758743,0.0381744846701622,0.46663037488857906,0.5010431903724869,57,464,506,0.059375,0.48333333333333334,0.5270833333333333,0,True,0.8000811971721221,-0.5973629313220725,-0.055023687752865556,0.3803074596719479,0.46684379261491527,0.5557921414695024,0.3532741016168859,0.46747614099962564,0.4196091487223084,137,3.6895442381839434,40.02660020351642,9:5=124;10:5=115;1:4=79;1:5=50;1:3=47,0.03547569889847509,0.015861614607274532,217
577,1691509890.7531252,1105,911,911,911,0.9999999999999998,1.0,1.0,1.0,1.0000000000000002,48.70024097221686,416.89790122800633,445.40185779977674,0.11681574992046345,0.10934000413197485,0.9360039567132118,9.145783448050603,36.712258100509644,427.44732761383057,446.95423209667206,0.040298856312304766,0.4692067262500884,0.49061935466155,55,457,470,0.06037321624588365,0.5016465422612514,0.5159165751920965,0,True,0.8117120851390743,-0.5819538113969728,-0.049530316370007765,0.3605410885177913,0.4577573629479576,0.5712645618793735,0.3107822180064413,0.3747495404681445,0.597570573842492,138,3.731130556675116,41.7262554042688,9:5=113;10:5=108;1:5=64;1:4=64;1:3=53,0.03317809100769403,0.015930119901895523,194
578,1691509890.8539891,941,770,770,770,0.9999999999999998,1.0,1.0,1.0,1.0000000000000002,38.72382860425243,364.89369666297847,366.3824747327692,0.10612358875581884,0.10569236051068405,0.9959365467169886,9.461421763769897,26.92015051841736,361.60529893636703,360.32313591241837,0.03496123443950306,0.46961727134593123,0.4679521245615823,41,407,400,0.053246753246753244,0.5285714285714286,0.5194805194805194,0,True,0.8067834169025683,-0.5882087615363571,-0.05577607966576335,0.3681727169264426,0.4660381259235001,0.5685811859272244,0.3189073386980302,0.47634164893380015,0.49149555466298894,125,3.7148851066047266,41.05386999490389,9:5=97;10:5=86;1:4=60;1:5=55;1:3=43,0.037564572171356496,0.019602227956056595,171
579,1691509890.9560401,836,682,682,682,0.9999999999999998,1.0,1.0,1.0,1.0000000000000002,36.99808394684209,305.62162757316423,339.38028847999345,0.1210584612111096,0.10901659643389434,0.9005285160843415,9.172915250627748,26.87234914302826,312.1865680217743,337.72994488477707,0.03940227147071592,0.4577515660143318,0.4952051977782655,39,338,357,0.05718475073313783,0.49560117302052786,0.5234604105571847,0,True,0.802197708288574,-0.5944302494819537,-0.05595994386507477,0.3693136834207927,0.44810682504154503,0.5800171496209734,0.296570562957832,0.36917881010388015,0.6320723145061339,124,3.7702749293410722,43.39199292810875,9:5=87;10:5=63;1:4=56;1:5=47;1:3=29,0.033330835238886906,0.017096633091568947,154
580,1691509891.0594852,968,816,816,816,0.9999999999999998,1.0,1.0,1.0,1.0000000000000002,46.917407758810185,379.22133615508886,389.86125608610087,0.12372037985653458,0.12034385829929321,0.972708444953396,8.309522514335683,35.24557018280029,379.15501058101654,383.59444004297256,0.043193100714216046,0.4646507482610497,0.47009122554285854,52,419,418,0.06372549019607843,0.5134803921568627,0.5122549019607843,0,True,0.7939829116397928,-0.6044058033449323,-0.06545808511531676,0.3806986045184526,0.454496937288792,0.5653273340510209,0.3453912951558113,0.39544315581959877,0.5328710354453439,129,3.792656291568858,44.374114451275354,9:5=97;10:5=81;1:4=74;1:3=54;1:5=34,0.030566279582760078,0.016071480698883533,152
581,1691509891.1635282,1047,844,844,844,0.9999999999999998,1.0,1.0,1.0,1.0000000000000002,53.71858488138662,382.9334810997807,407.34793401883275,0.14028176571844134,0.13187395932368487,0.9400648662233714,7.582998228979371,43.556815683841705,376.28578144311905,401.7171788215637,0.05160760152113946,0.44583623393734484,0.47596822135256367,65,428,457,0.07701421800947868,0.5071090047393365,0.5414691943127962,0,True,0.8018899290755594,-0.5954706561974623,-0.048859382465990024,0.38538626017938094,0.4707609484441759,0.5481436236344736,0.3630595927623831,0.4753351635566609,0.43636150180898725,144,3.887242112472692,48.77618163568363,9:5=105;10:5=68;1:4=57;1:3=49;10:6=42,0.03449366350559759,0.015569711569696665,203
582,1691509891.269187,1138,913,913,913,0.9999999999999998,1.0,1.0,1.0,1.0000000000000002,53.88820087843573,408.62909604231,450.48270307925435,0.13187558448568254,0.11962324082608577,0.9070916446938897,8.359579569106055,41.889165580272675,414.6356238126755,466.0658307671547,0.045880794720999644,0.4541463568594474,0.5104773611907499,65,436,495,0.07119386637458927,0.47754654983570644,0.5421686746987951,0,True,0.7863402145622378,-0.6148372365370541,-0.0603675370517328,0.39624557032682933,0.47157725221560076,0.5456284047292757,0.38765576003053526,0.4860860665189577,0.4234697759491885,148,3.949819607378,51.92599892281008,9:5=99;10:5=88;1:3=53;1:4=49;10:6=35,0.04035415461056765,0.019441969692707062,225
583,1691509891.3735173,1161,914,914,914,0.9999999999999997,1.0,1.0,1.0,1.0000000000000002,61.74169534284424,418.8434978563842,433.41480680077143,0.14740994108499839,0.1424540518091371,0.9663802234816466,7.019807350512015,47.265354096889496,410.32533752918243,437.2590202689171,0.051712641243861594,0.4489336296818189,0.4784015539047233,71,454,494,0.07768052516411379,0.49671772428884026,0.5404814004376368,0,True,0.7937555006852604,-0.6049359247750388,-0.06328295227358116,0.3881425974217774,0.46040461977528574,0.5573260275868249,0.3624711276340348,0.4476345856057219,0.42878481132496227,152,3.980657593355232,53.55223824728702,9:5=86;10:5=84;1:4=55;1:3=43;1:5=41,0.03399307657543303,0.015068004839122295,247
584,1691509891.4763258,1165,941,941,941,0.9999999999999998,1.0,1.0,1.0,1.0000000000000002,66.28235194298611,427.78624402143083,446.9314040355829,0.154942691284074,0.14830542527217214,0.9571630907085961,6.742841660477264,54.725494027137756,429.7670421600342,461.26289200782776,0.05815674179292004,0.4567131160042871,0.490183732208106,82,455,497,0.0871413390010627,0.48352816153028694,0.5281615302869288,0,True,0.7979010802241633,-0.5974402730951444,-0.08011857625490208,0.38871559981477877,0.46834600538907495,0.5469807592680174,0.357071209904949,0.47515554706766605,0.4272598502975764,154,4.008443025535881,55.06107510222345,9:5=106;10:5=80;1:4=62;1:5=42;1:3=40,0.030897807841495796,0.01623431406915188,224
585,1691509891.5779884,1159,914,914,914,0.9999999999999998,1.0,1.0,1.0,1.0000000000000002,53.72322264757964,427.33117349111785,432.94560386130263,0.12571800509820819,0.12408769639520413,0.9870320189878093,8.05881670020791,40.058551251888275,550.8952015638351,541.0162132978439,0.04382773659944013,0.6027299798291413,0.5919214587503763,62,780,745,0.06783369803063458,0.8533916849015317,0.8150984682713348,0,True,0.7921853292921437,-0.6067358764538533,-0.06568089736043638,0.3841918071870958,0.45785634681599413,0.5601695512761092,0.32738683957591963,0.4793710930196884,0.5081539430314725,151,3.920131074646479,50.407051431520074,9:5=100;10:5=84;1:3=55;1:4=51;1:5=37,0.03395960875216376,0.016131805256009102,245
586,1691509891.6771724,1168,921,921,921,0.9999999999999998,1.0,1.0,1.0,1.0000000000000002,55.28961424383794,426.6766174428225,439.03376831333964,0.12958201125527372,0.12593476455409594,0.9718537575868246,7.940619125630276,44.46808868646622,570.0098564624786,568.579604268074,0.04828239813948558,0.61890321005698,0.6173502760782563,67,818,793,0.0727470141150923,0.8881650380021715,0.8610206297502715,0,True,0.7923447437420226,-0.6067540216508308,-0.0635559932259094,0.38676246235140616,0.45354874786418314,0.5612080570874488,0.3625005291836705,0.4442062995518975,0.49459563705792764,143,3.8859118004645468,48.71133723674657,9:5=113;10:5=83;1:4=59;1:3=48;1:2=36,0.03425564876815873,0.017240913584828377,247
587,1691509891.7752287,1233,980,980,980,0.9999999999999998,1.0,1.0,1.0,1.0000000000000002,57.548793002196405,440.555098025673,481.89610897213055,0.13062791296729653,0.11942157641601671,0.9142117768192055,8.373696194701052,43.38976174592972,446.4625874757767,481.45674270391464,0.04427526708768339,0.45557406885283336,0.49128239051419864,67,484,515,0.06836734693877551,0.49387755102040815,0.5255102040816326,0,True,0.77819217827309,-0.6250308428093992,-0.061264828503431804,0.38748970839474495,0.4389541656354539,0.5750766279301549,0.3492322272881616,0.3645077625356657,0.6721836875336353,142,3.870635014246016,47.97283984723297,9:5=101;10:5=100;1:4=67;1:3=59;1:2=48,0.03226649546962056,0.016203375533223152,253
588,1691509891.8727949,1282,993,993,993,0.9999999999999998,1.0,1.0,1.0,1.0000000000000002,59.928009663404644,460.4884906072935,472.58349972930193,0.1301400814260774,0.1268093568601775,0.9744066199329081,7.885853416184578,45.35212153196335,450.2743031978607,464.6321228146553,0.04567182430207789,0.4534484422939181,0.4679074751406398,68,505,527,0.06847935548841894,0.5085599194360524,0.5307150050352467,0,True,0.7821391916101551,-0.6188471544766946,-0.07270821372796461,0.39376801040165593,0.45219393045743994,0.5537039238579734,0.3612376552952024,0.4502516596979163,0.41635113104310056,149,3.85604192214737,47.27785112789615,9:5=122;10:5=100;1:4=60;1:3=48;1:2=41,0.03028814123257608,0.015896935015916824,289
589,1691509891.969866,1271,1015,1015,1015,0.9999999999999997,1.0,1.0,1.0,1.0000000000000002,62.558496009100956,463.0847614144672,489.3567425764316,0.13509081106020296,0.12783822223381355,0.9463132335243934,7.822386626833874,45.917747020721436,477.9660001397133,493.1606736779213,0.04523915962632654,0.47090246319183576,0.485872584904356,68,508,513,0.06699507389162561,0.5004926108374385,0.5054187192118227,0,True,0.776770456146132,-0.6280587450593134,-0.04658187644406632,0.38844639298367184,0.44190294375679406,0.5713186674523697,0.3511244840396025,0.3784309744504376,0.6201836026981932,152,3.876484688828179,48.254287735837146,10:5=108;9:5=100;1:3=73;1:4=61;1:2=44,0.032044980461163795,0.013426225632429123,256
590,1691509892.0667534,1231,998,998,998,0.9999999999999998,1.0,1.0,1.0,1.0000000000000002,57.324348328545405,466.41981398923485,474.2558376822198,0.12290290122595107,0.12087220393258753,0.9834772224812643,8.273200681917878,44.76243257522583,479.0001516342163,484.11110347509384,0.044852136848923675,0.47996007177777184,0.48508126600710805,70,589,597,0.07014028056112225,0.5901803607214429,0.5981963927855711,0,True,0.777222249757345,-0.6238625944646605,-0.08198193526597129,0.3971250987452264,0.45201804172417137,0.5621972135094985,0.3903028157962131,0.44082707881924776,0.4900857444670321,152,3.8591431601306505,47.42469858233934,9:5=107;10:5=102;1:4=88;1:3=44;1:5=41,0.031482705904416236,0.01388720702379942,233
591,1691509892.1635954,1180,951,951,951,0.9999999999999997,1.0,1.0,1.0,1.0000000000000002,55.7014737670028,433.865354702955,461.4331715300421,0.1283842398643208,0.12071406479578657,0.9402561009307666,8.284038829209438,41.87866032123566,431.65159595012665,465.0924788713455,0.044036446184264624,0.453892319611069,0.48905623435472717,65,469,510,0.0683491062039958,0.4931650893796004,0.5362776025236593,0,True,0.7807991056514799,-0.6227409846937368,-0.0504620906872141,0.3979129196149976,0.45830503586717664,0.5484081133586118,0.38355325370164667,0.4694079040522059,0.4108096326928741,150,3.843375160788325,46.68277069753449,10:5=110;9:5=91;1:4=82;1:3=45;1:5=44,0.035603063352247624,0.01582888700067997,229
592,1691509892.259352,1145,926,926,926,0.9999999999999997,1.0,1.0,1.0,1.0000000000000002,59.98810814582965,412.49793847378305,453.51395338038725,0.14542644350607412,0.13227400766545833,0.9095595304160315,7.56006427603794,43.13488817214966,416.5168904066086,464.55196964740753,0.046581952669708056,0.4498022574585406,0.501675993139749,62,437,490,0.06695464362850972,0.4719222462203024,0.5291576673866091,0,True,0.7789642989250006,-0.6243046963614701,-0.05880703275369706,0.4082929001989535,0.46743375242741425,0.5453560612032559,0.403620873798901,0.48908026017430223,0.4164496042527521,151,3.868425073780214,47.866939786709565,10:5=118;9:5=94;1:4=59;1:5=50;1:3=49,0.03043016452390037,0.013737181201577187,219
593,1691509892.356844,1206,963,963,963,0.9999999999999998,1.0,1.0,1.0,1.0000000000000002,58.947645542955335,440.26645771356,463.7858967434845,0.13389083930919632,0.12710098766879646,0.949288153876458,7.867759474897471,44.58843237161636,441.0046764612198,477.1727024316788,0.046301591247784386,0.45794878137198314,0.4955064407390226,65,459,503,0.06749740394600208,0.4766355140186916,0.5223260643821391,0,True,0.7862402960261813,-0.6146265757370984,-0.0637210271602069,0.39488365635618894,0.46401481412277934,0.553382070254888,0.38529033670687957,0.477307440895223,0.42484520082382826,147,3.849008018389682,46.946470090631294,10:5=114;9:5=92;1:4=75;1:3=53;1:5=52,0.028927975383741165,0.01414971612393856,243
594,1691509892.4550142,1224,965,965,965,0.9999999999999997,1.0,1.0,1.0,1.0000000000000002,62.961766688216905,438.10293771537977,463.9352955964031,0.14371455032132419,0.13571238766664134,0.9443190502507143,7.368524105967108,51.27532649040222,449.71672934293747,465.74015295505524,0.053135053357929764,0.46602769880097145,0.4826322828549795,73,481,489,0.07564766839378238,0.49844559585492226,0.5067357512953368,0,True,0.7769008796883657,-0.6270642509983864,-0.05670492270761006,0.3921321571989976,0.4435406250740076,0.5700571928887076,0.354874680451072,0.37786107637153876,0.5527170862966156,156,3.8174362391086567,45.48743978233995,9:5=100;1:4=99;10:5=93;1:3=53;1:5=51,0.03175204939342965,0.014566333033144474,259
595,1691509892.553869,1167,936,936,936,0.9999999999999998,1.0,1.0,1.0,1.0000000000000002,51.98694338334031,424.9236738611776,459.089382755482,0.1223441916308114,0.11323926306313502,0.9255793965670915,8.83085930577333,35.963557720184326,437.36025482416153,457.1057650446892,0.038422604401906334,0.4672652295129931,0.4883608600904799,55,469,479,0.05876068376068376,0.5010683760683761,0.5117521367521367,0,True,0.7799850341917604,-0.6236965354171808,-0.05124429866320139,0.384321289968501,0.4409336990326933,0.5773919369270022,0.34206102493545676,0.4059126684290749,0.6461298608749801,139,3.80405382232266,44.88276294758106,10:5=117;1:4=93;9:5=64;1:3=57;1:5=54,0.03008462152051803,0.013490007258951664,231
596,1691509892.6543047,1088,873,873,873,0.9999999999999997,1.0,1.0,1.0,1.0000000000000002,52.90659643287312,388.2419763507079,431.851427216419,0.13627222107761316,0.12251110705802853,0.8990174673109126,8.162525211092417,42.08540827035904,402.4515964984894,433.1207522749901,0.0482077987060241,0.46099839232358464,0.49612915495416965,62,429,450,0.07101947308132875,0.49140893470790376,0.5154639175257731,0,True,0.7813182393680694,-0.6207363961566641,-0.06502411335202446,0.3799590950396357,0.43852854539183594,0.5795002735643869,0.3005020811493377,0.34053155658852796,0.6312345373724827,143,3.75830548140263,42.87571069831128,10:5=97;1:4=85;9:5=79;1:5=70;1:3=53,0.033167345666359115,0.015287506394088268,215
597,1691509892.7564073,1109,914,914,914,0.9999999999999998,1.0,1.0,1.0,1.0000000000000002,45.387211430156505,412.8959720444395,455.71681652540383,0.10992408379627287,0.09959520865657237,0.9060362862896956,10.040643656345301,27.18160128593445,421.00531190633774,455.40010821819305,0.029739169897083643,0.4606185031798006,0.498249571354697,39,454,481,0.04266958424507659,0.49671772428884026,0.526258205689278,0,True,0.7766303534967863,-0.6276784130803336,-0.05352666420029172,0.38361460055051266,0.4401698003062858,0.5805923354210988,0.3230084398242352,0.40998118459453436,0.6732692323752124,131,3.691296501066974,40.096798814635676,10:5=105;1:4=85;9:5=79;1:5=69;1:3=64,0.02772162670347169,0.014207211323082447,195
598,1691509892.8591774,1164,970,970,970,0.9999999999999997,1.0,1.0,1.0,1.0000000000000002,60.56179765927999,440.6347199598865,468.80348238083326,0.13744218264233302,0.12918376235542234,0.9399134957831567,7.740910945515794,43.652790546417236,450.0558949112892,467.98290449380875,0.045002876851976535,0.46397514939308165,0.48245660257093687,62,479,490,0.06391752577319587,0.49381443298969074,0.5051546391752577,0,True,0.777111542219606,-0.625946588203156,-0.06548679001061244,0.39163346396801046,0.44594622992162186,0.5729342672842959,0.3403666928249915,0.4052770643752778,0.5238057068521818,136,3.801858965720064,44.78435974894186,10:5=103;1:4=95;9:5=80;1:3=60;1:5=54,0.03107807758840584,0.013080398086458445,194
599,1691509892.9625022,1229,1028,1028,1028,0.9999999999999998,1.0,1.0,1.0,1.0000000000000002,51.49003841246836,470.4567858221867,506.0531757653449,0.10944690344402742,0.10174827642291906,0.9296587954629019,9.828176310756135,37.2848687171936,481.42543202638626,509.07488483190536,0.03626932754590818,0.46831267706846913,0.49520903193765115,56,509,531,0.054474708171206226,0.49513618677042803,0.5165369649805448,0,True,0.7806450371549594,-0.6212695072268655,-0.06795237564220645,0.3861629553561877,0.44119191213360875,0.5809772511482614,0.3398968073486719,0.3860081713878756,0.5947728744948374,140,3.6887737437891057,39.99577181049236,10:5=107;9:5=107;1:4=103;1:3=78;1:5=51,0.02816283954856201,0.01342351920902729,201
600,1691509893.0673902,1266,1059,1059,1059,0.9999999999999997,1.0,1.0,1.0,1.0000000000000002,58.97892026490576,485.82545225929766,514.1956274757962,0.12139940382009294,0.1147013259417146,0.9448261056676646,8.718295030941048,41.77798342704773,469.437428355217,509.17438155412674,0.03945040927955404,0.44328369060927003,0.480806781448656,59,550,595,0.05571293673276676,0.5193578847969783,0.5618508026440038,0,True,0.7808515269041229,-0.6220870967745691,-0.057258509918506714,0.39272988845751605,0.4473731815639916,0.5695785897617732,0.36328156817396867,0.41811028820883356,0.5083245901823151,149,3.704041602302407,40.6111070682262,10:5=117;1:4=113;9:5=101;1:3=72;1:5=51,0.02882209220854476,0.012379156425595284,207
601,1691509893.1722062,1294,1087,1087,1087,0.9999999999999998,1.0,1.0,1.0,1.0000000000000002,61.376362987933206,506.5553436668744,519.068293345192,0.12116418029200793,0.11824332900857142,0.9758934424646195,8.457136722930985,40.59888970851898,495.0864705443382,505.60959792137146,0.03734948455245537,0.45546133444741327,0.4651422243986858,57,560,570,0.05243790248390064,0.515179392824287,0.5243790248390064,0,True,0.7774996386165673,-0.6264259335547433,-0.055541531498289234,0.3983215389114022,0.45460982964634433,0.5608903988990085,0.3664854925676351,0.45283993933081973,0.4076083807047329,151,3.726793068270668,41.54566020322712,10:5=126;1:4=115;9:5=107;1:5=61;1:3=61,0.03129086511532295,0.013173882849514484,207
602,1691509893.2757773,1248,1043,1043,1043,0.9999999999999998,1.0,1.0,1.0,1.0000000000000002,51.162712151555176,486.6959546868625,505.14133316158205,0.10512253422051347,0.10128395518802162,0.9634847175160395,9.873232123919518,36.399849236011505,483.54583913087845,511.6674414277077,0.034899184310653406,0.4636105840181001,0.49057281057306584,54,508,544,0.05177372962607862,0.48705656759348037,0.5215723873441994,0,True,0.7790485507681292,-0.6244660375890663,-0.055906381065922627,0.3962693244959909,0.45830627650046,0.5610306079802386,0.3913080505647028,0.47371417428392887,0.40975231411429497,137,3.5600762875422722,35.16587976131904,1:4=126;10:5=121;9:5=112;1:3=78;1:5=59,0.031068180713294927,0.011896584182977676,205
603,1691509893.3771198,1192,1004,1004,1004,0.9999999999999998,1.0,1.0,1.0,1.0000000000000002,52.80714555455988,473.4566690432268,477.7361854022131,0.11153532943420967,0.11053620631667407,0.9910420929170702,9.04680948733766,40.91451549530029,464.04687893390656,464.1324636936188,0.040751509457470414,0.46219808658755634,0.46228333037213026,62,536,532,0.061752988047808766,0.5338645418326693,0.5298804780876494,0,True,0.7679266616465896,-0.6388331090948043,-0.04670011837876042,0.3957322952370029,0.44595647683451883,0.564925045901699,0.32628565063318593,0.39006150494926084,0.45004580188521304,130,3.550015675768111,34.813863217371484,1:4=132;10:5=119;9:5=101;1:3=78;1:5=50,0.028142182760984746,0.01117165107280016,188
604,1691509893.4763372,1143,959,959,959,0.9999999999999997,1.0,1.0,1.0,1.0000000000000002,48.53077262463688,441.0921344862053,469.37709288915767,0.11002411702753823,0.1033939946364134,0.9397393719645543,9.671741608557786,32.962108731269836,440.3804430961609,482.3830141425133,0.03437133340069847,0.4592079698604389,0.5030062712643517,50,460,512,0.05213764337851929,0.4796663190823775,0.5338894681960376,0,True,0.7799342134661076,-0.6236097667467793,-0.053042261292590175,0.39553547385310217,0.46309185368816985,0.553751969147521,0.3735229030231251,0.47447855708486275,0.402309822737919,134,3.6231879362297237,37.45678753870182,1:4=109;10:5=105;9:5=95;1:3=60;1:5=55,0.025847612377522266,0.011889605782926083,184
605,1691509893.5738018,1138,968,968,968,0.9999999999999997,1.0,1.0,1.0,1.0000000000000002,51.699775124157,449.8048895832583,466.49533529258514,0.11493822393095049,0.1108259208888573,0.9642216235691646,9.023159852674343,41.280895352363586,437.36454951763153,458.19504231214523,0.042645553049962384,0.45182288173309043,0.47334198585965415,61,489,515,0.06301652892561983,0.5051652892561983,0.5320247933884298,0,True,0.7758772394516784,-0.628794364137303,-0.05130455077289133,0.398159451932023,0.4574815404554536,0.5607637302213162,0.41050833160640926,0.4736190113923665,0.4415230609911164,143,3.5956676759983788,36.44002199543191,10:5=133;1:4=104;9:5=99;1:5=70;1:3=67,0.03363995083955326,0.012737732846289873,170
606,1691509893.6703537,1096,933,933,933,0.9999999999999998,1.0,1.0,1.0,1.0000000000000002,50.94701113981683,431.6673974471478,450.3855914130353,0.11802376422475744,0.11311865235292315,0.9584396252394282,8.84027504924707,35.85253393650055,421.26022070646286,440.9739468693733,0.03842715320096522,0.45151149057498696,0.47264088624798856,52,483,501,0.055734190782422297,0.5176848874598071,0.5369774919614148,0,True,0.7849414439296477,-0.6176819017711827,-0.048332161403916885,0.38535726926919994,0.4507028150252985,0.5678722869618827,0.3039177586784443,0.4306054663971415,0.4593886985366237,135,3.637995273657933,38.01554950994248,1:4=108;10:5=95;9:5=86;1:3=76;1:5=57,0.02751847078231933,0.011934041045606136,163
607,1691509893.7675843,1104,926,926,926,0.9999999999999998,1.0,1.0,1.0,1.0000000000000002,51.9919631262719,427.13055440477774,446.8774824689503,0.12172382094913492,0.11634500543420058,0.9558113155420745,8.59512616178057,39.66372287273407,412.2358740568161,441.55779272317886,0.042833394031030314,0.4451791296509893,0.4768442685995452,57,484,519,0.061555075593952485,0.5226781857451404,0.5604751619870411,0,True,0.7800960700207966,-0.6231801135337478,-0.05564771005327626,0.3912548220173422,0.44953272896045793,0.5680016895685058,0.353048713654985,0.4334623058088446,0.5110835322593881,131,3.6321777461557176,37.79503505153683,1:4=113;10:5=112;9:5=87;1:3=62;1:5=54,0.029214628419410135,0.013298166915774345,178
608,1691509893.8642342,1073,878,878,878,0.9999999999999998,1.0,1.0,1.0,1.0000000000000002,40.37218227685721,402.96804314213074,434.6597745810117,0.10018705692405874,0.09288226019022301,0.9270884188226757,10.766318540827909,29.62281310558319,403.677717089653,428.18506652116776,0.03373896709064145,0.45976960944151823,0.4876823081106694,46,442,460,0.05239179954441914,0.5034168564920274,0.5239179954441914,0,True,0.7922218666682659,-0.6078350526391487,-0.054046857039160276,0.37789415289784983,0.45032703906301275,0.5773620372866085,0.3237678333195367,0.39432853188882766,0.6043430501414097,135,3.6307234146180534,37.74010849049042,1:4=103;10:5=93;9:5=89;1:5=62;1:3=56,0.02995457085344745,0.012325869407504797,195
609,1691509893.9620812,1082,933,933,933,0.9999999999999997,1.0,1.0,1.0,1.0000000000000002,49.51303823718298,434.21252362401884,449.27443813879836,0.11402950293542415,0.11020666664745007,0.9664750245369483,9.07386123199778,34.81302845478058,452.7544387578964,495.82838106155396,0.03731299941562763,0.4852673512946371,0.531434492027389,53,578,637,0.05680600214362272,0.6195069667738478,0.6827438370846731,0,True,0.771129986816575,-0.6342480799511282,-0.05556902474019444,0.39470950752699574,0.4436679358493698,0.5654986278327098,0.3594569381503106,0.38225676557347293,0.49776167135994015,137,3.6926686557079167,40.15185558778107,1:4=107;9:5=97;10:5=90;1:3=66;1:5=47,0.04027848906056521,0.018887558951973915,149
610,1691509894.0588992,1037,861,861,861,0.9999999999999998,1.0,1.0,1.0,1.0000000000000002,52.52920918275197,395.0572340350541,413.413556782194,0.13296607341226654,0.12706213504852928,0.9555981596491019,7.870165251182553,39.47779315710068,429.7856810092926,467.31858652830124,0.04585109542055828,0.4991703612186906,0.5427625859794439,57,565,610,0.06620209059233449,0.6562137049941928,0.7084785133565621,0,True,0.7748253343120023,-0.6296376235046546,-0.05658766982041543,0.3971906869074326,0.45029339511502964,0.5691561072466452,0.35548306102564736,0.42939821591561206,0.5175468239786638,145,3.745659495598722,42.336919025730175,10:5=112;1:4=91;9:5=68;1:3=63;1:5=44,0.03143131922272118,0.01259191520512104,176
611,1691509894.1585813,1056,870,870,870,0.9999999999999998,1.0,1.0,1.0,1.0000000000000002,53.313854484835126,397.51964772766075,419.1664977875042,0.13411627523216224,0.1271901613469655,0.9483573945577651,7.8622433481476035,41.05397891998291,538.8081284761429,537.5691778063774,0.047188481517221735,0.6193196879036125,0.617895606673997,62,782,745,0.07126436781609195,0.8988505747126436,0.8563218390804598,0,True,0.7560160278232643,-0.6516853099923519,-0.06120475810348172,0.40853534924691,0.4377123854171543,0.5620611173025447,0.3787959842050379,0.37358499917905374,0.4309160969513936,137,3.7313665550859008,41.736103896300726,1:4=102;10:5=87;9:5=76;1:3=66;1:5=43,0.03354257509152679,0.01351112313568592,186
612,1691509894.2591686,1062,888,888,888,0.9999999999999998,1.0,1.0,1.0,1.0000000000000002,47.0397539500902,408.8528306456146,432.1074154042951,0.11505302256513741,0.10886125133047793,0.9461833240308484,9.18600500892855,33.0219960808754,407.00116533041,433.6326153278351,0.03718693252350833,0.4583346456423536,0.4883250172610755,51,488,523,0.057432432432432436,0.5495495495495496,0.588963963963964,0,True,0.7635147660962985,-0.641436394691856,-0.07486356602265487,0.4071370228418892,0.4505386271033579,0.5549242037429322,0.39174108158495746,0.42601028428312826,0.4331252847335103,140,3.7101938415301627,40.8617264589415,9:5=101;10:5=92;1:4=89;1:3=63;1:5=52,0.03744515480970742,0.017877074889838696,174
613,1691509894.3596685,1055,896,896,896,0.9999999999999997,1.0,1.0,1.0,1.0000000000000002,57.22337342634336,409.29391778504964,429.48270878860717,0.13980997747539353,0.13323789818627807,0.9529927734215383,7.50537207215558,42.77907335758209,410.85678827762604,442.47064876556396,0.047744501515158584,0.45854552263127907,0.4938288490687098,62,435,477,0.06919642857142858,0.48549107142857145,0.5323660714285714,0,True,0.758493024764519,-0.6487537241268708,-0.0617003793755543,0.412608055814543,0.44748591782989194,0.5537827953624423,0.38838619175088296,0.42639583853333496,0.3963112594211574,149,3.763626212524734,43.10444881397702,10:5=105;1:4=95;9:5=76;1:3=60;1:5=40,0.029188213530718533,0.012877767905592918,159
614,1691509894.4619002,1099,928,928,928,0.9999999999999997,1.0,1.0,1.0,1.0000000000000002,59.47556874609221,419.49177863744313,449.0326526164643,0.14178005809619346,0.13245265884236826,0.9342121919043309,7.549867316669714,46.17224699258804,406.5155047774315,445.1686859726906,0.04975457650063367,0.43805550083774947,0.4797076357464338,66,441,492,0.07112068965517242,0.47521551724137934,0.5301724137931034,0,True,0.7760693241633196,-0.6282529167557263,-0.05490607143668805,0.40334759282315186,0.4587803910047625,0.5438848953625807,0.38849466160456825,0.4502858514193354,0.3485304772026604,141,3.6992892842303906,40.41856803590947,1:4=113;10:5=105;9:5=94;1:3=65;9:4=38,0.04356882500072961,0.022082642652094364,171
615,1691509894.563102,1045,852,852,852,0.9999999999999998,1.0,1.0,1.0,1.0000000000000002,56.264918825653936,388.2838265149597,407.4512546593862,0.1449066764656657,0.13808993881412704,0.952957739299515,7.241657202455773,48.360163033008575,523.1682063937187,522.1526573300362,0.05676075473357814,0.6140471906029562,0.6128552316080237,73,758,722,0.08568075117370892,0.8896713615023474,0.8474178403755869,0,True,0.7734080252774004,-0.6313902097707192,-0.056448467137722697,0.3990408592058484,0.4503830412785463,0.5594413212083097,0.36158611038226635,0.42023071067813655,0.5032543516528534,138,3.761496561352641,43.01274905294771,1:4=104;9:5=82;10:5=75;1:3=59;1:2=37,0.0369834430067469,0.015205676667392254,193
616,1691509894.6656163,1062,850,850,850,0.9999999999999998,1.0,1.0,1.0,1.0000000000000002,56.45795991578732,390.135248930012,403.40679115420085,0.14471381417246806,0.13995292383217828,0.967101341585705,7.145259796066353,43.24917525053024,388.40237188339233,394.2742643356323,0.05088138264768264,0.456943966921638,0.4638520756889792,65,447,447,0.07647058823529412,0.5258823529411765,0.5258823529411765,0,True,0.7646576745007833,-0.6418380138336702,-0.05781526463749857,0.40360500920471193,0.4446166076693627,0.5658083869043189,0.330625014356903,0.4058407358737109,0.5421308950463708,144,3.814760559331695,45.365892642735915,1:4=95;10:5=73;9:5=71;1:3=62;1:5=39,0.03875055340394629,0.014816576149314642,212
617,1691509894.766764,1083,881,881,881,0.9999999999999998,1.0,1.0,1.0,1.0000000000000002,65.38568290541834,393.1366333895893,422.47768370499233,0.16631796009867805,0.15476718753995972,0.9305500587437151,6.461317905268567,49.59646141529083,403.372435092926,423.20071291923523,0.0562956429231451,0.45785747456631787,0.48036403282546564,72,445,455,0.08172531214528944,0.5051078320090806,0.5164585698070374,0,True,0.7648518469854921,-0.6400563022651562,-0.07300398683316041,0.40004662107186006,0.4363069544730473,0.5690520299150794,0.34236170668975097,0.37781811400885257,0.5172054451779879,155,3.9838474128500803,53.72333295638696,1:4=89;10:5=73;9:5=68;1:3=57;9:3=37,0.031903969018161685,0.0172871220856905,202
618,1691509894.86824,1082,909,909,909,0.9999999999999997,1.0,1.0,1.0,1.0000000000000002,61.996642516591784,417.3839281361225,429.61942934728575,0.14853624765439616,0.14430595611279112,0.9715201399765545,6.92972089951983,45.22861087322235,579.1598960161209,579.4944199323654,0.049756447605305114,0.6371395995776907,0.6375076126868706,68,836,817,0.0748074807480748,0.9196919691969196,0.8987898789878987,0,True,0.7638341844196831,-0.6424125561079108,-0.062156628502665914,0.40551196867626377,0.4458817022048061,0.5588030193886876,0.35832054967015153,0.40467797062082633,0.47693012562321735,152,3.8897079224125903,48.89660283607203,1:4=91;10:5=86;1:3=74;9:5=66;9:4=35,0.0520330717894794,0.025504007935523987,173
619,1691509894.9674814,1025,823,823,823,0.9999999999999998,1.0,1.0,1.0,1.0000000000000002,60.222332657685534,353.763534261588,409.0141330807262,0.17023329660980419,0.14723777930138074,0.8649176291220394,6.791735142602917,46.254958391189575,367.7083396911621,412.33339166641235,0.056202865602903496,0.4467902061861022,0.5010126265691524,70,399,438,0.0850546780072904,0.4848116646415553,0.5321992709599028,0,True,0.7709224576579747,-0.63310700353234,-0.06967127354146543,0.3879884151052422,0.430382378627498,0.5818016913479857,0.29894781584836605,0.3407211104735992,0.7056115222642562,148,3.953438755434138,52.1142672809072,1:4=89;10:5=68;9:5=63;1:3=55;1:5=40,0.03405825731452787,0.01537802629172802,202
620,1691509895.0687616,1057,828,828,828,0.9999999999999998,1.0,1.0,1.0,1.0000000000000002,63.452249003021535,360.5295560924475,404.01819490453073,0.1759973570287564,0.15705294910793624,0.8923597022100462,6.367279351836556,48.2160986661911,377.7799554467201,405.7914020419121,0.05823200322003756,0.45625598483903396,0.4900862343501354,69,413,427,0.08333333333333333,0.49879227053140096,0.5157004830917874,0,True,0.7526319069114266,-0.6561323463182828,-0.055095887448470465,0.3992589564017048,0.4277319515210213,0.5752913660752896,0.30850569972012526,0.3429974435096465,0.5862881085768405,149,3.8883692403125583,48.83118962262073,1:4=89;1:3=69;9:5=66;10:5=58;1:2=42,0.03435800493558687,0.015273031778633595,229
621,1691509895.168157,1049,839,839,839,0.9999999999999998,1.0,1.0,1.0,1.0000000000000002,69.44385017069712,371.49063130410025,398.0655185252025,0.18693297843587003,0.17445331720260635,0.933239916585692,5.73219252024094,54.44758993387222,381.0552159547806,395.1659423112869,0.06489581636933518,0.45417784976731895,0.47099635555576513,77,430,430,0.09177592371871275,0.5125148986889154,0.5125148986889154,0,True,0.7535765901658112,-0.6532357435921218,-0.07352133056274704,0.4092339628660069,0.4323863396753785,0.5638930367698244,0.3333179888490035,0.3598355199599979,0.49037783199271934,155,4.0248904245047665,55.97417504764567,1:4=82;10:5=68;1:3=59;9:5=56;1:5=35,0.029124419270841084,0.014378965832293034,210
622,1691509895.2672565,1042,828,828,828,0.9999999999999997,1.0,1.0,1.0,1.0000000000000002,61.17682818327424,369.00858944946646,397.8145823672594,0.16578700315498224,0.1537822666510406,0.9275893991960318,6.5027003553613785,49.939317405223846,385.79119020700455,403.8017475605011,0.060313185272009476,0.46593138913889437,0.4876832700006052,76,421,431,0.09178743961352658,0.5084541062801933,0.5205314009661836,0,True,0.7644159261037945,-0.6426458509157398,-0.051716556533312266,0.400091236507572,0.43628855632807095,0.5727407480738927,0.3279676208514717,0.38922172526621923,0.5858258297298778,158,3.9316562075784582,50.99136004949386,1:4=81;10:5=75;1:3=70;9:5=50;1:5=37,0.03738311446158835,0.018049942329525948,214
623,1691509895.3660069,990,790,790,790,0.9999999999999997,1.0,1.0,1.0,1.0000000000000002,57.961994162786745,340.15228555591597,391.88572028129727,0.170400131423661,0.1479053488378739,0.8679884669228396,6.761080703688057,44.06615835428238,358.33901607990265,394.0918603539467,0.055779947283901746,0.4535936912403831,0.4988504561442363,65,393,415,0.08227848101265822,0.49746835443037973,0.5253164556962026,0,True,0.7572351446409367,-0.650487658297135,-0.05882807258213555,0.3951637260281809,0.42105698301258393,0.5844580165433007,0.3039506494840918,0.3062918180835503,0.6467491569265873,152,3.9803228868259737,53.53431696284203,1:4=89;10:5=66;1:2=49;1:3=47;9:5=32,0.03144994250658981,0.015175383072346449,200
624,1691509895.4656851,1007,805,805,805,0.9999999999999998,1.0,1.0,1.0,1.0000000000000002,56.10937546705174,340.28720755409324,408.60341697885525,0.16488828913185755,0.1373198880271609,0.8328055846182576,7.282266351704329,44.95563280582428,356.40511095523834,412.96556919813156,0.055845506591086065,0.4427392682673768,0.5130007070784243,69,385,431,0.08571428571428572,0.4782608695652174,0.5354037267080746,0,True,0.7584755177943249,-0.649366020705156,-0.055124042487660105,0.387706431895274,0.41523004397555785,0.5960348699973501,0.2785230953501095,0.26304400959213403,0.7418140527884691,140,3.885059730395497,48.669849442027896,1:4=96;10:5=74;1:3=58;1:2=47;9:5=44,0.030691776927298915,0.01646539382636547,202
625,1691509895.565291,1010,814,814,814,0.9999999999999998,1.0,1.0,1.0,1.0000000000000002,67.24640797801928,348.2993620319529,398.4542299900279,0.19307071820547897,0.16876821204709572,0.874126401018932,5.925286449802195,56.53955900669098,363.92272436618805,400.76990699768066,0.06945891769863756,0.447079513963376,0.49234632309297377,85,398,424,0.10442260442260443,0.48894348894348894,0.5208845208845209,0,True,0.7828805321860985,-0.6197072419817922,-0.05532636405305854,0.38418523762798784,0.4381820474667476,0.5779838761378839,0.3038428898468438,0.34617566727204574,0.6210624099797766,146,4.007746424952715,55.02273288135468,1:4=81;10:5=69;1:3=60;9:5=49;1:2=33,0.03244768660851147,0.017335588112473488,196
626,1691509895.6647115,1008,818,818,818,0.9999999999999997,1.0,1.0,1.0,1.0000000000000002,58.33761046159094,355.34021092349974,404.3221786149091,0.16417396249632524,0.14428496270335386,0.8788541161427073,6.930729171382703,42.55916482210159,370.81124007701874,408.8217360973358,0.05202831885342493,0.4533144744217833,0.4997820734686257,63,399,429,0.07701711491442542,0.4877750611246944,0.5244498777506112,0,True,0.75163527350849,-0.6571123543324309,-0.0569892042540256,0.4004915018474994,0.42067530942998743,0.5864848859322777,0.3533565500616428,0.3001683460842267,0.654178976904693,153,3.9747414140128288,53.23634895186525,1:4=89;10:5=70;1:3=54;9:5=48;1:2=43,0.037526374382457435,0.02022293210029602,190
627,1691509895.7633164,1055,862,862,862,0.9999999999999998,1.0,1.0,1.0,1.0000000000000002,72.5990030603171,388.1233144243534,401.2776825153297,0.1870513838314315,0.1809196130849955,0.9672187897205727,5.527316706841525,60.327148139476776,385.7787368297577,418.53849732875824,0.06998509064904498,0.4475391378535472,0.48554350038139005,89,403,450,0.10324825986078887,0.46751740139211134,0.5220417633410673,0,True,0.7710397196855953,-0.6322245954877281,-0.07609081105847759,0.40874923551983616,0.45376316055720267,0.5483112361148024,0.36617459492665727,0.4489131563936123,0.4268064665885507,161,4.076494866209409,58.93851997034045,10:5=75;1:4=63;1:2=56;9:5=54;1:3=53,0.037544860028651914,0.01943328883498907,193
628,1691509895.8646789,1006,814,814,814,0.9999999999999998,1.0,1.0,1.0,1.0000000000000002,68.08267896773658,351.15304262702875,394.76427840523456,0.19388320960684213,0.17246413288146642,0.8895258812312347,5.798307064155154,57.754785001277924,367.65311056375504,400.8355043530464,0.07095182432589425,0.45166229798987106,0.49242690952462703,86,399,423,0.10565110565110565,0.49017199017199015,0.5196560196560197,0,True,0.7648622672680925,-0.6409550874837652,-0.06451579603625937,0.3983071039498264,0.43179066708471514,0.5795141818928394,0.3191604896127978,0.3631931223961121,0.6526945054426055,160,4.115479427959366,61.28158732741423,1:4=76;10:5=62;9:5=57;1:3=49;9:4=29,0.035913943409391545,0.019963005557656288,192
629,1691509895.9653761,1011,811,811,811,0.9999999999999997,1.0,1.0,1.0,1.0000000000000002,61.0040636786618,360.11639501232895,389.879541309009,0.16940096181006495,0.15646900443619705,0.9236606614526344,6.391042133892833,44.18650156259537,378.12636429071426,395.6577630639076,0.054483972333656434,0.46624705831160823,0.48786407282849276,67,411,419,0.08261405672009864,0.5067817509247842,0.5166461159062885,0,True,0.7605191481810659,-0.644460993372961,-0.07925057268362232,0.4001842697144954,0.43452734083287964,0.5748051811278917,0.3275956846739621,0.36938150158464705,0.5822783216470433,154,4.0585998090739555,57.89319277844994,1:4=79;10:5=68;1:3=47;9:5=44;1:2=31,0.03782321900079706,0.017115481197834015,200
630,1691509896.065793,987,793,793,793,0.9999999999999997,1.0,1.0,1.0,1.0000000000000002,58.93815420244665,360.122238301415,373.93960749613836,0.16366152359943018,0.15761409869655302,0.9630491958654953,6.344610084185761,42.981124460697174,359.7237808704376,369.75457006692886,0.05420066136279593,0.453623935523881,0.46627310222815743,65,419,430,0.08196721311475409,0.5283732660781841,0.5422446406052963,0,True,0.759395907774082,-0.6457837388203229,-0.07925413510488205,0.4146546100011884,0.4480572930181626,0.5530434202264707,0.38303142740519874,0.4310705976925071,0.4583314200182473,142,4.006040555694508,54.92895130512573,1:4=73;10:5=64;9:5=56;1:3=47;1:2=37,0.03518659092817145,0.01699789986014366,194
631,1691509896.165543,999,808,808,808,0.9999999999999998,1.0,1.0,1.0,1.0000000000000002,63.15990677630505,341.96887645956593,402.8712167641291,0.1846948980568207,0.1567744334867278,0.8488292591520135,6.378591060797282,46.83661609888077,356.68676912784576,408.87456852197647,0.05796610903326828,0.44144402119782894,0.5060328818341293,67,388,433,0.08292079207920793,0.4801980198019802,0.5358910891089109,0,True,0.7506046211647472,-0.6552503926693019,-0.08508598940397093,0.40359358353343205,0.4164824878798267,0.5849836454543024,0.34580184707568257,0.31781722703407705,0.704254191495117,160,4.048539277874935,57.31367651495168,1:4=77;10:5=62;1:3=59;9:5=43;1:2=34,0.03378608528873379,0.016549990512430668,191
632,1691509896.2663176,941,752,752,752,0.9999999999999997,1.0,1.0,1.0,1.0000000000000002,56.32915862566654,328.3118639648858,367.3589774094478,0.17157210813341536,0.15333546228511974,0.8937085634331968,6.521648580812632,39.34068959951401,334.7425374388695,367.91974943876266,0.052314746807864375,0.44513635297722004,0.4892549859558014,57,371,398,0.07579787234042554,0.4933510638297872,0.5292553191489362,0,True,0.7460082618556846,-0.6628432052102881,-0.0641136377817707,0.4107622430871819,0.425844340225583,0.5748411050501911,0.3492633340207262,0.35991387836133226,0.5659162483825098,147,4.006857396885805,54.973837865246345,1:4=72;10:5=62;1:2=48;9:5=42;1:3=42,0.035578145477839565,0.018732030875980854,189
633,1691509896.3669136,952,771,771,771,0.9999999999999998,1.0,1.0,1.0,1.0000000000000002,61.68092319417588,345.6991814886152,363.61989531720917,0.1784236888515954,0.1696302209766812,0.9507158049947718,5.895175955335626,43.89246451854706,347.35762828588486,362.5455187559128,0.056929266561020826,0.45052870075990253,0.4702276507858791,64,397,408,0.08300907911802853,0.5149156939040207,0.5291828793774319,0,True,0.7713872445440696,-0.6275821326851638,-0.10536785889942558,0.40623459579615484,0.44624338171022965,0.5639298442124002,0.3609427554019855,0.41559054428394177,0.5002562455638472,157,4.147107185568318,63.250762670611664,10:5=72;1:4=63;1:3=45;9:5=36;1:2=31,0.03163137373989414,0.01616610214114189,181
634,1691509896.4677691,985,784,784,784,0.9999999999999997,1.0,1.0,1.0,1.0000000000000002,57.720530812752834,356.4608129757533,369.81865621149404,0.16192672156835097,0.1560779312867961,0.9638800179185617,6.407055704515211,43.64299774169922,470.71210861206055,501.73628175258636,0.055667088956249,0.600398097719465,0.6399697471334009,68,665,713,0.08673469387755102,0.8482142857142857,0.9094387755102041,0,True,0.7481120873658652,-0.6582725249002853,-0.08369938887764242,0.4199383632748111,0.44637495647259273,0.5588777281026868,0.3698575626399462,0.43210325343696654,0.4876237180614629,149,4.056223817250931,57.755802309749285,10:5=65;1:4=60;1:3=59;9:5=39;10:3=35,0.03465016289985872,0.0149563392624259,201
635,1691509896.5673852,956,757,757,757,0.9999999999999998,1.0,1.0,1.0,1.0000000000000002,54.09036730977485,333.9211223418508,368.9885103483741,0.16198546210682652,0.14659092571393717,0.904963468988736,6.821704652793012,37.31043243408203,346.40510207414627,373.89196622371674,0.049287229107109684,0.4576025126474852,0.49391276911983717,58,377,399,0.07661822985468957,0.49801849405548215,0.5270805812417437,0,True,0.7592410498376966,-0.6471891486160419,-0.06855096027770272,0.401085472332883,0.4304323329486895,0.5785789163787137,0.31280801626787347,0.3689671153161628,0.6250944370864154,147,4.0325921271883,56.40693586023184,1:4=62;1:3=58;10:5=53;9:5=49;1:2=29,0.034448911061220576,0.01924564503133297,199
636,1691509896.6667612,932,773,773,773,0.9999999999999998,1.0,1.0,1.0,1.0000000000000002,54.58294580847115,337.9023085102377,380.5147456812912,0.16153469341218607,0.14344502132432035,0.8880137033986469,6.971312010467492,40.401822328567505,342.9468701481819,381.8691683411598,0.052266264331911394,0.44365701183464673,0.494009273403829,60,384,419,0.07761966364812418,0.49676584734799484,0.5420439844760673,0,True,0.7626479730425318,-0.6404474691118696,-0.09052683868510077,0.403189218618413,0.4358770389425971,0.5762673975085987,0.33732881900078254,0.366620047776894,0.5719863721231969,141,3.976598474588123,53.33530393093293,1:4=72;10:5=62;1:3=56;9:5=41;1:2=38,0.03422056315437425,0.016651488840579987,159
637,1691509896.7674174,990,781,781,781,0.9999999999999997,1.0,1.0,1.0,1.0000000000000002,55.07851474448107,350.8255584617118,375.09592679380717,0.15699687042753527,0.14683847733371444,0.9352955694839178,6.810204097440594,37.81527590751648,352.1327683329582,372.85285544395447,0.04841904725674325,0.45087422321761617,0.4774044243840646,59,403,419,0.07554417413572344,0.5160051216389244,0.5364916773367477,0,True,0.7596188972306203,-0.6466350632372871,-0.06958610466354695,0.40547843393782534,0.437372876823161,0.5686066463660866,0.3310007741570456,0.3873754993282202,0.5695777254742048,142,4.002219124258046,54.719444646460204,1:4=64;1:3=61;10:5=59;9:5=48;9:4=36,0.03544974823495845,0.020126793533563614,209
638,1691509896.8666644,952,754,754,754,0.9999999999999998,1.0,1.0,1.0,1.0000000000000002,58.52417383507032,315.972140984447,379.5036851804825,0.18521941096683914,0.15421239930051717,0.8325930770189452,6.484562879092994,46.578124046325684,326.94321620464325,384.3296060562134,0.06177470032669189,0.4336116925791024,0.509720962939275,69,353,405,0.09151193633952255,0.46816976127320953,0.5371352785145889,0,True,0.7481313644917167,-0.658743560284832,-0.07972692924618605,0.4009921403940635,0.4139378862264264,0.5889106599525438,0.33097357326614046,0.30652764427181933,0.7341714789292707,154,4.063132844309772,58.15622036749342,10:5=59;1:4=59;9:5=57;1:3=49;1:2=40,0.03432786712511459,0.016306613571941853,198
639,1691509896.966652,997,814,814,814,0.9999999999999997,1.0,1.0,1.0,1.0000000000000002,58.751775798236245,369.01571199157297,386.23251221019075,0.1592121253622337,0.15211504454151978,0.9554237417246525,6.57397171340965,44.56416356563568,363.6688238978386,391.49573588371277,0.05474712968751312,0.44676759692609164,0.4809529924861336,67,435,467,0.08230958230958231,0.5343980343980343,0.5737100737100738,0,True,0.7337852252392103,-0.6732402345512437,-0.09114181149191566,0.42226247219082214,0.4234808811940942,0.5609881580092653,0.3528170293632463,0.35721918198391256,0.49502566824072003,147,3.9669734126809852,52.824410961157675,10:5=68;1:4=62;9:5=61;1:3=50;1:2=38,0.03718586401058191,0.019894564524292946,183
640,1691509897.0655787,961,755,755,755,0.9999999999999997,1.0,1.0,1.0,1.0000000000000002,56.456864332248244,331.3667989420104,367.1763367257413,0.17037574226658797,0.15375953917863214,0.9024731873980254,6.50366153112775,45.95086586475372,335.64061295986176,389.04063016176224,0.06086207399305129,0.44455710325809505,0.5152856028632612,69,416,477,0.0913907284768212,0.5509933774834437,0.6317880794701987,0,True,0.7561111746550712,-0.6504142762569641,-0.07250628112693608,0.40667805905755733,0.4329623804455899,0.560683441765367,0.33433269876189037,0.35305733173348375,0.5061491841715795,145,4.050589633659468,57.43131049767469,1:3=58;1:4=57;10:5=51;9:5=43;1:2=36,0.03421353190201127,0.015941282734274864,206
641,1691509897.1656013,987,767,767,767,0.9999999999999998,1.0,1.0,1.0,1.0000000000000002,50.999402431957634,349.0477026101823,366.9528949578598,0.14611012205662316,0.13898078781423515,0.9512057471307489,7.195239109859001,41.179301023483276,358.5939618945122,363.7500216960907,0.05368878881810075,0.46752798160953346,0.47425035423219125,64,405,398,0.08344198174706649,0.5280312907431551,0.5189048239895697,0,True,0.7547819218559546,-0.6511029255196461,-0.07980746092433738,0.4061103452677404,0.43423685452699085,0.5678521936689115,0.3329601469369496,0.3434996987881323,0.5119858953450133,135,3.9426842488759997,51.55680702957654,1:4=68;10:5=59;9:5=56;1:3=55;1:2=40,0.02861271079352238,0.014605123549699783,220
642,1691509897.2657895,998,813,813,813,0.9999999999999998,1.0,1.0,1.0,1.0000000000000002,58.7950157176812,359.7620267739611,394.4429575083577,0.16342751969935443,0.14905834823134195,0.9120761821849442,6.708782244440125,47.14786696434021,366.5564923286438,392.9620432257652,0.057992456290701364,0.4508689942541744,0.4833481466491577,73,410,428,0.0897908979089791,0.5043050430504306,0.5264452644526445,0,True,0.7577628788191547,-0.6476722127013953,-0.07947404845725323,0.40572636167351483,0.4310146396510423,0.5726794594681274,0.35318650150050196,0.36368929882779294,0.5534797409045826,142,4.056186939794761,57.75367246195299,10:5=61;1:3=61;1:4=57;9:5=43;1:2=36,0.034653033904464274,0.01862189918756485,185
643,1691509897.3662581,1034,841,841,841,0.9999999999999998,1.0,1.0,1.0,1.0000000000000002,66.09066929171887,356.34155804064136,418.5677726676397,0.1854700014646653,0.15789717605468306,0.8513353901318902,6.3332354953180365,49.053340792655945,373.31100940704346,423.27183198928833,0.0583273968997098,0.4438894285458305,0.5032958763249564,71,406,446,0.08442330558858502,0.4827586206896552,0.5303210463733651,0,True,0.7515650179750656,-0.6541702842970245,-0.08491915507640149,0.40305385001774174,0.4171811732681635,0.5856114266184863,0.32069833631143607,0.33109635193280657,0.6813695031572599,156,4.076416939564451,58.933927268169626,1:4=66;1:3=60;1:2=49;10:5=48;9:5=43,0.03486164479026699,0.016624057665467262,193
644,1691509897.467062,1068,839,839,839,0.9999999999999997,1.0,1.0,1.0,1.0000000000000002,58.586470381519064,370.88795854632906,409.5255710721516,0.1579627190139709,0.1430593704518566,0.905652747337198,6.990104855358129,38.190456449985504,387.2273100018501,413.25617253780365,0.04551901841476222,0.4615343385004173,0.4925580125599567,57,417,433,0.06793802145411204,0.4970202622169249,0.5160905840286055,0,True,0.757726920420876,-0.6464389818585192,-0.08925557015232527,0.40110670789255826,0.42784578396164147,0.5772105964424028,0.3310371365007227,0.3556969809683215,0.6949337129620434,154,4.035012888004909,56.543648968452494,1:3=72;1:4=60;9:5=53;10:5=52;1:2=41,0.03495171259083481,0.0176641084253788,229
645,1691509897.5652888,1028,805,805,805,0.9999999999999998,1.0,1.0,1.0,1.0000000000000002,59.76505743752051,351.8190017055298,393.4159408569498,0.16987444438132843,0.1519131566131727,0.8942672758485272,6.582708320296255,45.85727912187576,365.312529027462,394.91712099313736,0.05696556412655374,0.45380438388504596,0.49058027452563646,70,401,424,0.08695652173913043,0.49813664596273294,0.5267080745341615,0,True,0.7432452619346356,-0.6637955095464162,-0.08343861287035234,0.4140655361748223,0.42002800454302236,0.5770334606563396,0.3469746275165461,0.33676580271623635,0.6483420691367726,145,4.049851248971949,57.38891974968468,1:3=62;1:4=56;10:5=52;9:5=45;1:2=36,0.04024104893417687,0.017477337270975113,223
646,1691509897.6646225,1012,806,806,806,0.9999999999999998,1.0,1.0,1.0,1.0000000000000002,58.994655432050926,365.4516877363446,381.5536568316046,0.16142942394785892,0.15461693100241392,0.957798939134879,6.467597005818126,41.91746473312378,380.40891629457474,385.1343759894371,0.0520067800659104,0.47197136016696617,0.47783421338639837,63,420,415,0.07816377171215881,0.5210918114143921,0.5148883374689827,0,True,0.7686683129053412,-0.6350539830313422,-0.0765209995444664,0.3995912968170974,0.44105280389478463,0.5674539613062844,0.31509725562813157,0.41786934428252354,0.5206711143344953,154,4.086754214431197,59.54630316916319,10:5=61;1:4=51;9:5=48;1:2=48;1:3=47,0.03701464680137732,0.0173895712941885,206
647,1691509897.765263,1009,812,812,812,0.9999999999999998,1.0,1.0,1.0,1.0000000000000002,68.16334744302021,351.3887870487484,392.4478655082315,0.19398270507010762,0.17368764983533974,0.8953769861729013,5.757461747844623,53.31246072053909,369.1349984407425,396.18588119745255,0.06565573980361958,0.4545997517743134,0.4879136467948923,77,402,417,0.09482758620689655,0.49507389162561577,0.5135467980295566,0,True,0.7478627404635472,-0.6595993394890107,-0.07503354431195569,0.41058035127262227,0.42391532219745787,0.5787712321996437,0.3456043387393991,0.3725554074956015,0.6661691599661348,162,4.182194564508,65.50946031539678,10:5=57;1:4=51;9:5=50;1:3=49;1:2=35,0.03299962090642157,0.017634333111345768,197
648,1691509897.86514,1005,774,774,774,0.9999999999999997,1.0,1.0,1.0,1.0000000000000002,57.68721123190018,344.4212484175565,371.89154035054315,0.16749027969947872,0.1551183745065147,0.9261335928558814,6.4466895245733875,39.28365683555603,356.0127046108246,371.6889118552208,0.0507540785989096,0.45996473463930826,0.4802182323710863,58,389,395,0.07493540051679587,0.5025839793281653,0.5103359173126615,0,True,0.732132803725139,-0.6740574227699777,-0.09812312937458723,0.42203950163245824,0.42142319071369827,0.5702364382848238,0.3785121278232279,0.3747952800170559,0.6370575917181263,151,4.184359431957541,65.65143323449804,10:5=53;9:5=48;1:3=44;1:4=37;10:4=35,0.03667642623429061,0.015989518724381924,231
649,1691509897.9653418,1009,815,815,815,0.9999999999999998,1.0,1.0,1.0,1.0000000000000002,64.95083501526474,371.00128355656426,379.04788142817114,0.1750690304697075,0.17135258683030735,0.9787715529729674,5.835920066910415,52.283807039260864,378.81906086206436,379.19283241033554,0.06415191047762069,0.4648086636344348,0.46526727903108656,80,420,416,0.09815950920245399,0.5153374233128835,0.5104294478527608,0,True,0.7489243554031514,-0.6556734572447522,-0.09594074915638426,0.42062947256624683,0.4382087232801827,0.5629406171243454,0.38034681386778835,0.41107560248247327,0.5536150491119685,162,4.173982109948205,64.97366993772042,10:5=66;9:5=58;1:3=44;1:4=43;9:4=36,0.037809874795085026,0.016227778047323227,194
650,1691509898.0657225,1012,810,810,810,0.9999999999999998,1.0,1.0,1.0,1.0000000000000002,65.21048616798303,358.50645949430805,386.2830543377089,0.181894870904044,0.16881529084879973,0.928092639499746,5.9236340201886994,53.68894600868225,458.3500216603279,512.7321121692657,0.06628264939343488,0.5658642242720098,0.6330026076163775,80,645,722,0.09876543209876543,0.7962962962962963,0.891358024691358,0,True,0.7380603305282311,-0.6677198614085649,-0.09704192486283797,0.4340853109200594,0.4386219010318275,0.5450972886619698,0.40264535675366897,0.4264468292759183,0.40307650367619363,156,4.091891277784135,59.852983344295076,10:5=72;9:5=54;1:3=53;1:4=43;1:2=38,0.03463863684257671,0.016194116324186325,202
651,1691509898.1653073,1014,792,792,792,0.9999999999999997,1.0,1.0,1.0,1.0000000000000002,63.263970967477945,354.25216263383317,374.4838663986888,0.17858457234845365,0.16893643930744104,0.9459744315304728,5.9193860371363565,48.844448924064636,366.9920170903206,377.8686559200287,0.06167228399503111,0.463373758952425,0.477106888787915,72,399,404,0.09090909090909091,0.5037878787878788,0.51010101010101,0,True,0.7508069345270677,-0.6536832765429288,-0.09480042739444018,0.41448532396177057,0.4367912984824499,0.5677281840839026,0.3640493882050402,0.41174191054490195,0.5866104499417901,160,4.137893530227457,62.67066844121277,10:5=56;1:3=56;1:4=53;9:5=50;10:4=35,0.031293920184102215,0.015353498980402946,222
652,1691509898.2656572,1025,826,826,826,0.9999999999999998,1.0,1.0,1.0,1.0000000000000002,56.57905187182381,376.40661521878064,393.01433290939536,0.1503136490811621,0.14396180274897866,0.9577427175042915,6.94628700742006,39.43716323375702,497.4909416437149,528.4966435432434,0.047744749677671935,0.6022892755977178,0.639826444967607,59,703,746,0.07142857142857142,0.851089588377724,0.9031476997578692,0,True,0.7337143670115426,-0.6704446749042523,-0.11030487538356283,0.4326913820459748,0.43685826728437527,0.5562817088311512,0.3952409242343736,0.43884909940280004,0.48436257640966907,154,4.01344803754647,55.33734724038972,10:5=64;1:3=54;9:5=51;1:4=51;10:4=43,0.03877006239378426,0.015209535136818886,199
653,1691509898.3657455,1052,872,872,872,0.9999999999999998,1.0,1.0,1.0,1.0000000000000002,59.59918888509921,400.99593645582905,411.40487465907165,0.14862791232215952,0.14486748348445955,0.9746990401806288,6.902860296508662,49.723482847213745,401.8383470773697,403.77123576402664,0.05702234271469466,0.4608237925199194,0.4630404079862691,74,476,478,0.08486238532110092,0.5458715596330275,0.5481651376146789,0,True,0.7381140957720979,-0.6712391045374329,-0.0680121030576409,0.4258958239859752,0.43390957541416575,0.5558499179800368,0.38842784412778136,0.42047162611424893,0.4628902114064028,145,3.929167354014324,50.864607820592376,10:5=70;9:5=62;1:3=62;10:4=56;1:4=54,0.03331799314669671,0.014327432960271835,180
654,1691509898.4657817,1088,871,871,871,0.9999999999999997,1.0,1.0,1.0,1.0000000000000002,58.40142428000431,391.4748477837003,421.1237279362954,0.149183081903317,0.13867996601901014,0.9295957976581168,7.210846877932757,40.17604750394821,389.00696021318436,423.2831836938858,0.04612634615837912,0.44662107946404633,0.4859738044705922,60,423,463,0.06888633754305395,0.4856486796785304,0.5315729047072331,0,True,0.7567408432618571,-0.6501178580806624,-0.06848406197024992,0.42149605484857694,0.4522400584799979,0.5481361607622334,0.38709317104304425,0.46632171482569995,0.42198629957268274,145,3.9758400665985194,53.294869345198315,10:5=87;9:5=68;1:3=52;1:4=43;1:2=39,0.03497366176415954,0.015522101894021034,217
655,1691509898.5651436,1090,881,881,881,0.9999999999999998,1.0,1.0,1.0,1.0000000000000002,59.820883234401336,399.490357231171,421.6887595344276,0.1497429966745983,0.1418602746263561,0.9473583257761835,7.049189793505524,46.3954895734787,397.7196381688118,413.2358103990555,0.05266230371563984,0.4514411329952461,0.46905313325658965,69,442,455,0.07832009080590238,0.5017026106696936,0.5164585698070374,0,True,0.7370153928148586,-0.670999130011944,-0.08104614905826199,0.4327609061376947,0.44195652743812386,0.5508966888713239,0.41952544213724263,0.4582264123015793,0.4182334888404157,154,3.9747415370106793,53.236355499822146,9:5=73;10:5=72;1:4=59;10:4=58;1:3=58,0.03221550870499833,0.014462633989751339,209
656,1691509898.664139,1040,845,845,845,0.9999999999999998,1.0,1.0,1.0,1.0000000000000002,52.84862901506526,378.64592586677315,413.50544511816173,0.13957268626114858,0.1278063678217428,0.9156975569174736,7.82433627559735,40.624864757061005,391.41171365976334,438.4545289874077,0.0480767630261077,0.4632091285914359,0.5188810993933819,62,489,552,0.07337278106508875,0.578698224852071,0.6532544378698225,0,True,0.7591495836823559,-0.6449466446692399,-0.08795302794557683,0.42164714640862155,0.45125318793957675,0.5461661760025179,0.40253007949792524,0.48741540813914286,0.3839029304565846,141,3.878782676126919,48.365302983124366,10:5=70;9:5=70;1:4=57;1:3=48;10:4=47,0.03086270926600018,0.014561187475919724,195
657,1691509898.7631063,994,805,805,805,0.9999999999999997,1.0,1.0,1.0,1.0000000000000002,59.99386759306195,346.2755072858949,398.7306251210431,0.17325472443400194,0.15046215116997733,0.8684447230025927,6.646189704348294,48.29379749298096,344.7655151486397,400.64004796743393,0.05999229502233659,0.4282801430417884,0.49768950058066325,74,379,441,0.09192546583850932,0.47080745341614905,0.5478260869565217,0,True,0.7541167136197439,-0.6501249662617986,-0.09298123726028097,0.4349035294455033,0.46093027360606664,0.5296497417538,0.4223900331577524,0.4908280581933511,0.3421140348169431,141,3.927756256258582,50.79288350356286,10:5=85;9:5=51;1:3=51;10:4=48;1:4=47,0.03421212049553549,0.015124352648854256,189
658,1691509898.8633742,993,821,821,821,0.9999999999999998,1.0,1.0,1.0,1.0000000000000002,52.81308627717224,371.2224484335938,396.9644652892339,0.14226802958717008,0.13304235238963236,0.9351528433738167,7.516403476325839,36.120267033576965,366.7691451907158,390.5145272612572,0.043995453146865975,0.4467346470045259,0.4756571586617018,55,425,452,0.06699147381242387,0.5176613885505481,0.5505481120584653,0,True,0.7679939686466999,-0.6373172294476038,-0.06334045446254742,0.4162362919674688,0.4570350194189933,0.551243161044497,0.39912646724665835,0.5050032283960252,0.46180904316920546,144,3.923321022087652,50.56810401431893,10:5=80;9:5=60;1:4=56;1:3=46;10:4=44,0.032588596976484425,0.015130901709198952,172
659,1691509898.9635525,979,798,798,798,0.9999999999999998,1.0,1.0,1.0,1.0000000000000002,55.407297233614536,352.7200382778466,389.87266448853893,0.15708576553841488,0.14211639409575313,0.9047057421698655,7.036485877387477,41.331867814064026,352.7191741466522,389.1220610141754,0.05179432056900254,0.44200397762738375,0.4876216303435782,63,394,433,0.07894736842105263,0.49373433583959897,0.5426065162907269,0,True,0.7591022830389774,-0.6470143817690996,-0.07166668451213651,0.42533668484913795,0.4594294756640933,0.5428445596849893,0.40776243745526053,0.5168218076216412,0.4350894957000662,150,3.98492607062785,53.781313312187265,10:5=70;9:5=62;1:4=49;1:3=47;9:4=41,0.030498883897657782,0.014400217682123184,181
660,1691509899.0647202,1012,825,825,825,0.9999999999999998,1.0,1.0,1.0,1.0000000000000002,55.34437575846564,364.85683879752946,404.798785444005,0.15168792214739868,0.13672070606081727,0.9013288871342214,7.3141810689243485,41.08597481250763,360.6752117872238,403.8199588060379,0.04980118159091834,0.4371820748936046,0.4894787379467126,60,393,442,0.07272727272727272,0.4763636363636364,0.5357575757575758,0,True,0.7422242995457982,-0.6661693988710925,-0.07294807174611792,0.433664898712242,0.4498408448662424,0.540657973008057,0.39624009026277945,0.48361028541297374,0.3761363998826383,145,3.884646963390523,48.649764279572516,10:5=88;1:3=64;1:4=61;10:4=52;9:4=48,0.03097255146820401,0.014495681039988995,187
661,1691509899.1657774,1049,857,857,857,0.9999999999999998,1.0,1.0,1.0,1.0000000000000002,51.386913890512055,385.5747830536351,420.0383030558532,0.13327353382278612,0.12233863796864033,0.91795148263506,8.174032477428227,34.938104927539825,378.38273483514786,414.1568318605423,0.040767917068307846,0.44152011065944907,0.4832635144230365,53,439,479,0.061843640606767794,0.5122520420070011,0.558926487747958,0,True,0.7480475961108798,-0.6593497718435811,-0.07538350166019143,0.4258530418388606,0.4491874523150129,0.5489224609266826,0.4095459893949955,0.47773284116096776,0.4028893015320355,140,3.8504354849646063,47.0135324607547,10:5=86;1:3=67;1:4=66;10:4=52;9:5=52,0.02990187616622516,0.013545543886721134,192
662,1691509899.2673736,1080,903,903,903,0.9999999999999997,1.0,1.0,1.0,1.0000000000000002,52.75455556710271,412.9885802821337,437.2568641507637,0.12773853342642882,0.12064889060017875,0.9444987926815885,8.2885138439766,38.37585526704788,582.623545229435,600.1243150234222,0.04249817859030773,0.6452087987036932,0.6645894961499692,57,842,844,0.06312292358803986,0.9324473975636767,0.9346622369878184,0,True,0.7374869859941374,-0.6718573044926774,-0.06870740781834526,0.42683350114551816,0.4339946941128725,0.5615053773813916,0.39186976155280745,0.42862662367465304,0.5345582166368625,150,3.810165457435036,45.157909960181264,10:5=73;1:4=70;1:3=66;9:5=64;9:4=63,0.03231830993637546,0.014106621034443378,177
663,1691509899.369331,1109,893,893,893,0.9999999999999997,1.0,1.0,1.0,1.0000000000000002,51.966928105369284,405.81933524962744,435.2137366450032,0.12805434239204844,0.11940553279860709,0.9324598492180584,8.37482130486055,42.854940474033356,396.5906146764755,448.684135556221,0.0479898549541247,0.4441104307687296,0.5024458404884894,65,480,550,0.07278835386338185,0.5375139977603584,0.6159014557670772,0,True,0.7398881708478763,-0.6684735142729077,-0.07555564409766152,0.42094019239143937,0.42790512657703483,0.5680619106234243,0.3740206519707073,0.40171995459067866,0.5361137507448677,143,3.7222483729738745,41.35727623481106,10:5=86;1:4=84;1:3=82;9:5=63;10:4=57,0.030290173848886763,0.01291914563626051,216
664,1691509899.4711378,1142,944,944,944,0.9999999999999997,1.0,1.0,1.0,1.0000000000000002,51.30678490274051,435.50094434478683,457.1922707524728,0.11781096130556457,0.11222146170209071,0.9525553518829504,8.910951477843474,35.08800685405731,425.74059641361237,447.4136261343956,0.037169498786077663,0.4509963945059453,0.4739551124305038,54,485,512,0.057203389830508475,0.513771186440678,0.5423728813559322,0,True,0.7459943066958722,-0.66100977720457,-0.0809849913089445,0.4170913725349226,0.43298306049169877,0.571577247481888,0.3875296395319723,0.4054759486494886,0.5896255949171361,136,3.7662322939858406,43.21692902155358,10:5=83;1:4=80;1:3=79;9:5=77;10:4=61,0.033018486467908406,0.01475235866382718,198
665,1691509899.571659,1167,990,990,990,0.9999999999999998,1.0,1.0,1.0,1.0000000000000002,56.85498733334611,443.8244950468628,489.3205176197912,0.12810240977651058,0.11619170929088901,0.9070220419241046,8.606466038781422,39.52543818950653,452.2254464030266,485.3600122332573,0.03992468503990559,0.45679338020507737,0.4902626386194518,60,492,514,0.06060606060606061,0.49696969696969695,0.5191919191919192,0,True,0.7544604717851494,-0.6523296555975023,-0.0724942545431995,0.4031279013020045,0.4299110528135752,0.5777132353498772,0.3278515396576517,0.3679841776052294,0.6769910506863036,146,3.839460182135011,46.50036593512893,1:3=97;9:5=86;1:4=75;10:5=66;10:4=50,0.027235370546785344,0.012946074362844229,177
666,1691509899.6710665,1225,1000,1000,1000,0.9999999999999998,1.0,1.0,1.0,1.0000000000000002,54.495462337792965,454.26557501316114,491.2389626490459,0.11996388310123236,0.11093473132489688,0.9247344155347476,9.01430947780708,36.746270537376404,460.1265290379524,492.1616092324257,0.036746270537376405,0.4601265290379524,0.4921616092324257,55,494,524,0.055,0.494,0.524,0,True,0.7399071172501287,-0.6697790246656442,-0.06271774836952129,0.4148100806199299,0.42450480441434935,0.5808771954513314,0.3889930262573762,0.36631440420973593,0.6741881004896748,147,3.7538434249728976,42.68482305015292,1:4=97;10:5=94;1:3=92;9:5=76;10:4=56,0.02700742819583799,0.011692604050040245,225
667,1691509899.7705972,1248,1045,1045,1045,0.9999999999999998,1.0,1.0,1.0,1.0000000000000002,55.89415689935346,477.02586793854766,512.0799751620991,0.11717217169143952,0.10915122561014057,0.9315456395020034,9.161601204293726,39.78654491901398,471.1242823600769,503.71501672267914,0.03807324872632917,0.45083663383739414,0.48202393944753985,61,530,562,0.05837320574162679,0.507177033492823,0.5377990430622009,0,True,0.745760087812859,-0.6616108171736037,-0.07818579170305198,0.4105330173721663,0.42811973082245774,0.5717972326661515,0.33833010646316064,0.3756092740998106,0.5683878601993131,141,3.743135787077988,42.23020769323084,1:4=116;10:5=93;1:3=87;10:4=65;9:5=63,0.02963038747424672,0.013381403870880604,203
668,1691509899.8693976,1234,1012,1012,1012,0.9999999999999997,1.0,1.0,1.0,1.0000000000000002,56.420885546825616,461.17342950284063,494.40568495033364,0.12234201265161589,0.11411860191796434,0.9327834277414682,8.762813276654608,41.57516968250275,453.07188165187836,478.3128518462181,0.04108218348073394,0.44769948779829877,0.4726411579508084,62,515,534,0.06126482213438735,0.508893280632411,0.5276679841897233,0,True,0.7217244401985141,-0.6888335005502435,-0.06798706450376754,0.4243933615312835,0.41852588513263744,0.5720267321914919,0.37612957334179536,0.37506555997841406,0.5860062380788422,142,3.671357111193874,39.305211223599755,1:4=124;10:5=99;1:3=80;1:2=59;9:4=57,0.028411329924058086,0.013366170693188906,222
669,1691509899.967831,1197,1001,1001,1001,0.9999999999999997,1.0,1.0,1.0,1.0000000000000002,57.37593959334267,453.33740787673713,490.2866525299203,0.1265634350848524,0.11702529387099976,0.9246374657304621,8.545161194829621,42.498977184295654,458.8824003338814,486.4177541732788,0.04245652066363202,0.45842397635752385,0.48593182235092786,63,491,513,0.06293706293706294,0.4905094905094905,0.5124875124875125,0,True,0.7352434424321352,-0.6743847372230798,-0.06798754710313339,0.4163374802990104,0.42138264637157263,0.5770258185347817,0.36708962518998556,0.36826656312571077,0.6465094214852507,149,3.7417736786857425,42.17272473082589,1:4=110;10:5=92;1:3=84;10:4=63;9:5=53,0.02937588506968004,0.013749755918979645,196
670,1691509900.0654233,1161,987,987,987,0.9999999999999998,1.0,1.0,1.0,1.0000000000000002,56.62039731362811,447.5970128242828,482.78258986208925,0.12649860408218608,0.11727928575428162,0.9271192089841982,8.526654929457498,41.87697911262512,447.5088372826576,475.7271572947502,0.04242855026608422,0.45340307728739376,0.48199306716793333,63,495,519,0.06382978723404255,0.5015197568389058,0.5258358662613982,0,True,0.737910986834128,-0.6724392746965244,-0.057556905364127976,0.41396222057061555,0.4244856619438888,0.5758663410654898,0.3422345325571496,0.36939216304726186,0.5854659184334093,147,3.7094785182453265,40.83250756626986,1:3=109;1:4=108;10:5=96;10:4=62;9:5=54,0.026589194512477897,0.01452612690627575,174
671,1691509900.1619294,1132,952,952,952,0.9999999999999998,1.0,1.0,1.0,1.0000000000000002,47.75395212072331,433.077773101798,471.16827477747864,0.11026645809758148,0.10135222313785101,0.9191573293136728,9.866581798012282,32.03530317544937,434.3732771873474,461.8876002430916,0.033650528545640095,0.4562744508270456,0.4851760506755164,48,485,506,0.05042016806722689,0.509453781512605,0.5315126050420168,0,True,0.7345617070321829,-0.6744119026420994,-0.07475081361851175,0.4157264343580947,0.4195168641368373,0.575975857276913,0.35991804453257487,0.31589546717117944,0.6235464375778921,138,3.6402693888346045,38.102099623195386,1:4=107;1:3=105;10:5=88;9:4=67;9:5=59,0.025699499747660295,0.012467020191252232,180
672,1691509900.2587152,1136,950,950,950,0.9999999999999998,1.0,1.0,1.0,1.0000000000000002,53.10080916883056,433.5519107748173,463.3472800563521,0.12247854950963555,0.11460261331926339,0.9356953832168583,8.72580450861247,35.95757192373276,435.34513783454895,456.0924808382988,0.037850075709192375,0.458258039825841,0.4800973482508408,54,480,494,0.056842105263157895,0.5052631578947369,0.52,0,True,0.7505019132457272,-0.6569896374160269,-0.071494716884957,0.406818930004556,0.4301900177421154,0.5731944026795532,0.32577068044037105,0.4014442230326668,0.583850830283047,151,3.728670292734795,41.62372398163168,1:4=111;1:3=89;10:5=83;9:5=62;10:4=58,0.03125574032418518,0.0130564384162426,186
673,1691509900.356824,1145,947,947,947,0.9999999999999998,1.0,1.0,1.0,1.0000000000000002,55.13119668072817,433.55583761643743,458.3129657028344,0.12716054518795847,0.12029159287733243,0.9459820473365154,8.313132913783525,40.012204349040985,421.36303728818893,463.71973502635956,0.04225153574344349,0.4449451291321953,0.48967237067197417,59,499,556,0.06230200633579725,0.5269271383315733,0.587117212249208,0,True,0.7462246812846185,-0.6620430994083968,-0.06962513603141765,0.4130864943346108,0.43380456509004145,0.5683116251253363,0.34492214683574723,0.41725096605786144,0.5191019403078833,137,3.670886547408477,39.28671996561994,1:4=102;1:3=97;10:5=90;10:4=60;9:5=54,0.030449686732830907,0.014914465136826038,198
674,1691509900.4553282,1136,960,960,960,0.9999999999999998,1.0,1.0,1.0,1.0000000000000002,52.044223838019605,437.0570725270961,470.898703634884,0.11907878194739208,0.11052105991434755,0.928133947181075,9.048049310918548,33.841449320316315,425.3522126674652,472.5071737766266,0.03525150970866283,0.4430752215286096,0.49219497268398604,51,503,561,0.053125,0.5239583333333333,0.584375,0,True,0.7277702929466036,-0.6818581375389273,-0.07361984091506903,0.4232606596224627,0.4188156608985572,0.5685431335301888,0.36124099000024135,0.3351455688165005,0.5517677077333409,133,3.664141157455227,39.02260749171369,1:3=113;1:4=101;10:5=80;10:4=64;9:5=56,0.030636392270958844,0.013439016416668892,176
675,1691509900.5554578,1185,984,984,984,0.9999999999999997,1.0,1.0,1.0,1.0000000000000002,56.73334519107757,455.0435212401653,472.2231335687571,0.12467674528462198,0.12014096971980943,0.9636197146913169,8.323555256230923,48.13229697942734,623.0025159716606,616.8414579629898,0.04891493595470258,0.6331326381825819,0.6268714003688921,75,903,860,0.07621951219512195,0.9176829268292683,0.8739837398373984,0,True,0.7472723751803696,-0.6605064041015449,-0.07290601781152896,0.41405214523697287,0.43669920904338394,0.5637362309447322,0.33467248780319764,0.4270102412843903,0.5075181889810805,140,3.6947854726452087,40.236939737766654,1:3=109;1:4=103;10:5=82;9:5=68;10:4=55,0.03395520221873129,0.013547691982239485,201
676,1691509900.6566741,1172,980,980,980,0.9999999999999998,1.0,1.0,1.0,1.0000000000000002,51.69189401667186,448.45265454588116,479.8554514374471,0.11526722719261609,0.10772388614493068,0.9345577990257353,9.28299224792735,34.80807030200958,526.929447889328,566.0069431066513,0.03551843908368325,0.537683110091151,0.5775581052108687,51,722,756,0.05204081632653061,0.736734693877551,0.7714285714285715,0,True,0.718171129954972,-0.692347690115911,-0.06989208889682359,0.4309653972734432,0.41642386333171405,0.5664208549325195,0.421679083835205,0.3555024255420938,0.5387214719350223,138,3.635514026313986,37.92134045500977,1:4=106;1:3=97;10:5=85;9:5=62;10:4=59,0.02922952413562167,0.013200726360082626,192
677,1691509900.7582335,1084,923,923,923,0.9999999999999997,1.0,1.0,1.0,1.0000000000000002,41.93388713538325,406.9084012560341,474.1577116085829,0.1030548570782585,0.0884386905637837,0.8581710078606439,11.307268273932443,27.360269367694855,420.1763287782669,478.06691986322403,0.02964276204517319,0.4552289585896716,0.5179489922678484,43,448,498,0.04658721560130011,0.48537378114842905,0.5395449620801733,0,True,0.728574904969088,-0.681688118558164,-0.0669321810933626,0.4056800997338533,0.4008072496086784,0.5938999092276988,0.2907867560372208,0.23385914842319097,0.7824234030392531,125,3.5695274494712086,35.499813731627945,1:4=116;1:3=104;10:5=72;9:5=58;10:4=56,0.0328685220883135,0.013486718758940697,161
678,1691509900.8607736,1008,842,842,842,0.9999999999999998,1.0,1.0,1.0,1.0000000000000002,37.66840874713554,369.09938118513367,435.2322100677307,0.1020549225148707,0.08654784245236259,0.8480516208294753,11.554303049789103,24.1572887301445,381.01006841659546,436.25359839200974,0.028690366662879455,0.45250601949714425,0.518115912579584,38,408,454,0.04513064133016627,0.4845605700712589,0.5391923990498813,1,False,0.7283664094534559,-0.6805441169508717,-0.0796371676005534,0.40650322050226395,0.4047792585209365,0.5969497524734411,0.29616610929976156,0.30307271084736387,0.8052852669414005,126,3.570509339755705,35.53468777227143,1:3=104;1:4=99;10:5=72;10:4=61;9:5=49,0.025403601363715424,0.013861249666661024,166
679,1691509900.964688,999,853,853,853,0.9999999999999998,1.0,1.0,1.0,1.0000000000000002,46.84850363023362,390.04892905166247,416.1025673181038,0.12010929947721631,0.11258883580600137,0.9373864995970482,8.88187530176679,34.35524332523346,402.78235644102097,415.13541650772095,0.04027578349968752,0.4721950251360152,0.48667692439357674,52,432,433,0.06096131301289566,0.5064478311840562,0.5076201641266119,0,True,0.7419967317162918,-0.666897574882376,-0.06847243780052145,0.4091956983183621,0.42471162325232936,0.5770836912401377,0.3300281512928582,0.3614325270475795,0.5896334956705417,128,3.644473880590664,38.26263683915552,1:3=108;1:4=85;10:5=70;9:4=47;9:5=45,0.02896360189202697,0.013154057785868645,146
680,1691509901.0683196,1007,846,846,846,0.9999999999999998,1.0,1.0,1.0,1.0000000000000002,47.36429861723734,366.85138341362455,431.78431796913816,0.1291103175801143,0.1096943465663862,0.8496172004094074,9.11624009168793,35.39245593547821,375.4343677163124,430.9847369790077,0.04183505429725557,0.44377584836443545,0.5094382233794418,52,400,448,0.061465721040189124,0.4728132387706856,0.5295508274231678,0,True,0.7401187254018247,-0.6684030804717038,-0.07390260026220512,0.4029544111477169,0.41283723411654416,0.5910821824344955,0.31134323341342685,0.3074376931767518,0.79756034596554,132,3.603744297905104,36.73552600609112,1:3=101;1:4=97;10:5=67;9:4=55;1:2=55,0.05118191801251444,0.01837297063320875,161
681,1691509901.1738305,1091,917,917,917,0.9999999999999998,1.0,1.0,1.0,1.0000000000000002,52.41706904299531,386.2909481722681,478.29198278473706,0.13569323664198235,0.10959219666992923,0.8076467138821445,9.124737256721016,42.41047078371048,400.1817064881325,481.18733835220337,0.04624915025486421,0.43640316956175845,0.5247408269925882,64,425,499,0.0697928026172301,0.46346782988004365,0.5441657579062159,0,True,0.7303958105111419,-0.6813225078133399,-0.04818298802184598,0.40004221594512956,0.39829153617232405,0.6049416201372566,0.2783829744212196,0.25860439798628476,0.8172442395903373,136,3.706268586946289,40.70164815942847,1:3=121;1:4=90;10:5=64;9:5=54;1:2=51,0.034539205758748054,0.017588406801223755,174
682,1691509901.2754407,1119,947,947,947,0.9999999999999997,1.0,1.0,1.0,1.0000000000000002,66.27881320224908,392.90606221188006,487.81512458587054,0.1686887008796197,0.13586871308780415,0.8054405089334544,7.360046159808383,55.17106318473816,409.26980966329575,490.3963280916214,0.058258778442173344,0.43217508940157945,0.5178419515223035,81,444,513,0.08553326293558607,0.46884899683210135,0.5417106652587117,0,True,-0.7069089159274293,0.7047450658643425,0.06011802327230957,0.4126899191014094,0.39111401965890863,0.5971048695125569,0.2941847368265331,0.24304039287718404,0.7702724188256783,153,3.761025231584128,42.9924806408217,1:3=118;1:4=106;10:5=67;1:2=57;9:4=49,0.04157157945695757,0.013362438417971134,172
683,1691509901.3751116,1144,946,946,946,0.9999999999999998,1.0,1.0,1.0,1.0000000000000002,59.13445830749153,393.86786963837017,492.9976720541379,0.15013780728492993,0.11994875769108652,0.7989244005905124,8.3368933472023,48.521383821964264,407.18691343069077,495.31409215927124,0.05129110340588189,0.4304301410472418,0.5235878352635003,73,437,517,0.07716701902748414,0.4619450317124736,0.5465116279069767,0,True,0.7206331230210006,-0.6904691985519007,-0.06277091568629214,0.4045149505531588,0.394427637457129,0.6012878745390277,0.2835283894731246,0.23157881011349335,0.8045884659749585,143,3.7937672910796225,44.4234414667926,1:4=104;1:3=103;10:5=55;1:2=48;10:4=47,0.03545659270323482,0.014109763782471418,198
684,1691509901.4732773,1186,1002,1002,1002,0.9999999999999998,1.0,1.0,1.0,1.0000000000000002,61.983658948092106,436.01832171688704,503.99801933502124,0.14215838156530264,0.12298393360726657,0.8651191175159237,8.131143399538445,45.43408417701721,454.0347827076912,509.610347867012,0.04534339738225271,0.45312852565637846,0.5085931615439242,69,487,532,0.0688622754491018,0.48602794411177647,0.530938123752495,0,True,0.7206320391565699,-0.6896431736405291,-0.07128644465859531,0.4124757184988664,0.4056748604396546,0.5918285496361869,0.3052037235967763,0.3006605955695627,0.7317910132528018,151,3.767300274038099,43.26310849465723,1:4=120;1:3=109;10:5=65;9:4=55;1:2=54,0.03764283888347289,0.013578511774539948,184
685,1691509901.571284,1198,1007,1007,1007,0.9999999999999998,1.0,1.0,1.0,1.0000000000000002,59.1200431940406,443.7127041968373,504.16725260912165,0.1332394647141185,0.11726275930871709,0.8800902912685714,8.52785663492111,41.47995764017105,456.27984470129013,504.3722243309021,0.04119161632588982,0.45310808808469727,0.5008661612024847,61,487,525,0.0605759682224429,0.48361469712015887,0.5213505461767627,0,True,0.7245536234421109,-0.6868324708053848,-0.05729924785088929,0.4144799962961044,0.409471467046545,0.5868480521402014,0.3270261755506648,0.3200743580663592,0.6908585322613051,145,3.714852725137077,41.05254063186424,1:3=114;1:4=109;10:5=85;1:2=63;9:4=62,0.03325377468717984,0.012553761713206768,191
686,1691509901.6691644,1205,1031,1031,1031,0.9999999999999998,1.0,1.0,1.0,1.0000000000000002,62.068706861991146,446.11012730167096,522.8211658363383,0.13913314911144958,0.11871881040374878,0.8532748030352684,8.42326499565753,44.58653163909912,464.0056051015854,528.4815441966057,0.043245908476332806,0.4500539331732157,0.5125912164855535,65,497,551,0.06304558680892337,0.48205625606207564,0.5344325897187197,0,True,0.7266030557677478,-0.6823726586255685,-0.08009715418942806,0.4079290938671263,0.40505687069563806,0.5949652248271573,0.3106206913990233,0.28687801753102893,0.7493907905420765,153,3.7544819661253204,42.712087770150795,1:4=118;1:3=118;10:5=82;10:4=52;1:2=52,0.031287198418106774,0.013402479700744152,174
687,1691509901.7668915,1205,984,984,984,0.9999999999999997,1.0,1.0,1.0,1.0000000000000002,60.02587406775857,423.29461159148786,500.6795143407535,0.14180637415174138,0.11988881579625812,0.8454402456406498,8.3410616191207,45.82322472333908,440.72530937194824,503.62057143449783,0.04656831780827143,0.44789157456498807,0.5118095238155466,70,473,522,0.07113821138211382,0.4806910569105691,0.5304878048780488,0,True,0.7252215149405273,-0.6831653148802814,-0.08566741978075756,0.4087423551164726,0.3997073671807483,0.5946193624642926,0.29125286058642186,0.21880958145351753,0.7199874711795529,143,3.72783677021022,41.58904412536481,1:4=117;1:3=111;1:2=70;10:5=66;10:4=55,0.035030925212479205,0.013912893366068602,221
688,1691509901.8645146,1144,966,966,966,0.9999999999999998,1.0,1.0,1.0,1.0000000000000002,52.62461112592011,432.18438673956996,481.1910021345099,0.12176425789678326,0.10936324846575096,0.8981555864977689,9.14383958074515,37.69949972629547,440.04143077135086,480.14999228715897,0.03902639723218993,0.4555294314403218,0.4970496814566863,55,470,503,0.056935817805383024,0.4865424430641822,0.520703933747412,0,True,0.7162847829770284,-0.6945822236839622,-0.0670197300635689,0.4178386777984157,0.40800852349804284,0.5814591835276224,0.3476054066752743,0.34995915841445957,0.6604769183365016,137,3.6698612116957814,39.246458532874215,1:4=108;1:3=103;10:5=70;10:4=60;9:4=57,0.025903833333900377,0.01310099707916379,178
689,1691509901.961889,1130,970,970,970,0.9999999999999997,1.0,1.0,1.0,1.0000000000000002,64.80072463410443,425.95341499020407,479.24586037569156,0.15213101328368195,0.13521394756191674,0.8887993620983803,7.395686747050139,49.98676186800003,438.8662627339363,480.5061598420143,0.05153274419381446,0.4524394461174601,0.4953671750948601,74,473,506,0.07628865979381444,0.48762886597938143,0.5216494845360825,0,True,0.7319436855986147,-0.6785027334732846,-0.06238975702466994,0.41298430611405357,0.4150345592565902,0.5804447013034729,0.3240900450736118,0.33870501155523736,0.626364708878066,149,3.7698332830290084,43.37283324567192,1:4=109;1:3=109;10:5=65;9:4=53;10:4=52,0.027171387701953733,0.01255014631897211,160
690,1691509902.0587225,1129,968,968,968,0.9999999999999998,1.0,1.0,1.0,1.0000000000000002,53.34830377694853,433.74375312805336,480.9079430949985,0.12299497892987202,0.1109324654394617,0.9019267811144714,9.014493602377584,38.563507199287415,444.4309093952179,480.080630838871,0.03983833388356138,0.459122840284316,0.49595106491618907,58,480,503,0.05991735537190083,0.49586776859504134,0.5196280991735537,0,True,0.7106641558575771,-0.6994549289736544,-0.07562578868149003,0.4236434964055422,0.4051126297173501,0.5825174160890041,0.3455976686549844,0.3102188860472757,0.6254802215629631,145,3.662263599598718,38.94940902711571,1:3=118;1:4=100;1:2=73;10:5=68;10:4=64,0.03323754404554531,0.013306443113833666,161
691,1691509902.1560152,1134,963,963,963,0.9999999999999998,1.0,1.0,1.0,1.0000000000000002,51.37433804204489,442.26692286673796,469.3587390912174,0.1161613844169956,0.10945644293641363,0.9422790842737152,9.136054243795666,34.03565102815628,452.6275339126587,466.5842841863632,0.03534335516942501,0.4700182075936227,0.48451119853204905,52,487,490,0.05399792315680166,0.505711318795431,0.5088265835929388,0,True,0.7264010374545405,-0.6833119187030805,-0.07366379397833095,0.4196701226779406,0.41736403458229343,0.5786380141506843,0.32827515875235413,0.370322275676229,0.5938933134490755,142,3.66668604829412,39.122042239653126,1:3=124;1:4=96;10:5=71;10:4=63;1:2=58,0.029582754995354017,0.013001101091504097,171
692,1691509902.2545319,1122,948,948,948,0.9999999999999998,1.0,1.0,1.0,1.0000000000000002,56.25772850533864,430.96339378515967,460.7788777095019,0.13053945953791096,0.12209268095141794,0.9352932927990258,8.19049915365452,42.52408754825592,439.3212379217148,456.3197246193886,0.04485663243486911,0.463419027343581,0.48134992048458713,61,476,482,0.06434599156118144,0.5021097046413502,0.5084388185654009,0,True,0.7205917532266022,-0.6898315500505496,-0.0698566942867172,0.42569157920797535,0.4140762248537322,0.5740429972849171,0.34586254786543846,0.34598166667861774,0.5663098792147231,140,3.6787351523141547,39.59627912334789,1:3=101;1:4=94;1:2=71;10:4=67;9:4=59,0.028724777562855176,0.013867377769201994,174
693,1691509902.3541138,1144,953,953,953,0.9999999999999998,1.0,1.0,1.0,1.0000000000000002,55.19193243140594,437.21344800552424,460.59461956306967,0.12623566974707645,0.11982756655681787,0.949236985052658,8.345325109525914,40.341833651065826,610.5179444551468,618.9736493229866,0.042331409917172956,0.6406274338459043,0.6495001566872892,59,882,867,0.06190975865687303,0.925498426023085,0.9097586568730325,0,True,0.7182074635930483,-0.6935960211847341,-0.05570097517949151,0.4317870156850315,0.42300904884275614,0.5649120029368537,0.3693120058343994,0.413731525594906,0.4956432602482098,152,3.6888649857922777,39.99942127132029,1:3=108;1:4=89;10:4=82;10:5=67;1:2=56,0.031649699401972514,0.013989071361720562,191
694,1691509902.4550693,1139,958,958,958,0.9999999999999997,1.0,1.0,1.0,1.0000000000000002,58.59555976387771,442.0401517745166,457.3642884616055,0.1325570981021813,0.12811573015674277,0.9664946803375635,7.805442772535061,46.11190539598465,598.2534177303314,627.6346687078476,0.04813351293944118,0.6244816469001372,0.6551510111772939,67,853,892,0.06993736951983298,0.8903966597077244,0.9311064718162839,0,True,0.7188399988755954,-0.691204233227014,-0.07420083547770705,0.4339416398104338,0.42513070446749335,0.5579084588602151,0.3864464941552087,0.43684031670307494,0.43471945454058547,139,3.6425485096883525,38.18903794685878,1:3=131;1:4=81;10:4=73;10:5=65;9:4=57,0.030457644679636294,0.013396643102169037,181
695,1691509902.5562227,1146,927,927,927,0.9999999999999997,1.0,1.0,1.0,1.0000000000000002,46.40172911684662,416.52667273437726,464.07159814877616,0.11140157918875321,0.09998829771515287,0.8975482972798595,10.00117036544421,32.59246891736984,422.01514345407486,460.19100946187973,0.03515908189576035,0.4552482669407496,0.4964304309189641,49,454,487,0.05285868392664509,0.48975188781014023,0.5253505933117584,0,True,0.7122602119073849,-0.6997598230706491,-0.05496890529910025,0.4239040252999195,0.4042872512282912,0.5829290080150811,0.3361614836598953,0.3224302829401181,0.6623150486332078,116,3.5570297948907337,35.05891019077967,1:3=121;1:4=83;10:4=67;10:5=62;1:2=61,0.031949497953451214,0.015048435889184475,219
696,1691509902.6586032,1167,978,978,978,0.9999999999999998,1.0,1.0,1.0,1.0000000000000002,55.92084937553935,424.9901145365808,497.08903608787966,0.13158152969397124,0.11249664610517215,0.8549577312774354,8.889153895886892,38.3211567401886,431.21791112422943,491.8616067767143,0.03918318685090859,0.4409181095339769,0.5029259782992989,56,469,519,0.05725971370143149,0.47955010224948874,0.5306748466257669,0,True,-0.7057462834345307,0.7052172015295705,0.06775604832889837,0.42405634943091386,0.3971681158399786,0.5867778904198008,0.31436631741892057,0.28858225011938066,0.6959607717025921,134,3.674694248256077,39.43659720529477,1:3=123;1:4=86;1:2=76;10:4=70;10:5=62,0.03181846812749375,0.014333012979477644,189
697,1691509902.7613614,1092,911,911,911,0.9999999999999998,1.0,1.0,1.0,1.0000000000000002,54.886198320949916,396.3182970460027,459.7955046330476,0.13849019520433342,0.11937088937995023,0.861944697267746,8.37725181737619,47.868989050388336,410.9141070842743,460.4732311964035,0.05254554231656239,0.45105829537241965,0.5054590902265681,73,441,479,0.0801317233809001,0.4840834248079034,0.5257958287596048,0,True,0.7213438625467183,-0.6881337965631131,-0.07832566625198664,0.41478514142533807,0.4045569644486366,0.5890935630940639,0.299224641648934,0.2776017773101861,0.7045659226459554,136,3.632578905999984,37.81019994348162,1:3=115;1:4=100;10:4=70;10:5=65;1:2=58,0.029068119986211005,0.013157733716070652,181
698,1691509902.863784,1009,834,834,834,0.9999999999999997,1.0,1.0,1.0,1.0000000000000002,42.762225931593264,357.68351701057264,433.554257057834,0.11955324720856307,0.0986317749980921,0.8250028945347421,10.138720508876006,29.120606303215027,365.96224093437195,435.4286057949066,0.03491679412855519,0.4388036462042829,0.5220966496341806,42,385,448,0.050359712230215826,0.4616306954436451,0.5371702637889688,0,True,0.7123283250707781,-0.698503631226423,-0.06841808580603337,0.41328726410680156,0.3915469034133579,0.6014578463724026,0.3000631176223042,0.25072736551176755,0.8354729884019051,120,3.540607153581205,34.48785225842764,1:3=97;1:4=92;1:2=67;10:4=62;10:5=49,0.03288989367130778,0.01384398015215993,175
699,1691509902.966309,969,816,816,816,0.9999999999999997,1.0,1.0,1.0,1.0000000000000002,42.435236383733574,358.1111310656619,415.45363255060454,0.11849739564770136,0.10214193127452009,0.861976170161521,9.790298533834907,27.293586909770966,366.1345804929733,415.1620216369629,0.033448023173738926,0.4486943388394281,0.5087769873001996,40,392,434,0.049019607843137254,0.4803921568627451,0.5318627450980392,0,True,0.724262403626691,-0.6860748799616695,-0.06888562824326518,0.4141441075763443,0.40589806471862283,0.5913460854818439,0.31469479677174345,0.2977632043418412,0.7605534985117428,121,3.5739311158636733,35.65648778524009,1:3=103;1:4=94;1:2=62;10:5=58;9:4=49,0.03400460008769036,0.014779379591345787,153
700,1691509903.0694542,1003,852,852,852,0.9999999999999998,1.0,1.0,1.0,1.0000000000000002,51.409305788185726,373.15577569122894,427.43491852058514,0.13776902070711833,0.12027399625215662,0.8730119125100395,8.314349162419795,39.73919224739075,382.2218971848488,429.95005148649216,0.04664224442182013,0.44861725021695864,0.504636210664897,57,407,448,0.06690140845070422,0.47769953051643194,0.5258215962441315,0,True,-0.7081579488930491,0.702979847918443,0.06581529336068369,0.42326009355671673,0.40017938993347735,0.5889148322843948,0.32983175736993153,0.291101561644253,0.7164886229585796,132,3.653636641730326,38.61483935070102,1:3=113;1:4=98;10:4=61;10:5=54;9:4=49,0.03288783900504938,0.01486901193857193,151
701,1691509903.1719384,1015,866,866,866,0.9999999999999998,1.0,1.0,1.0,1.0000000000000002,50.065104666844775,390.50419459579047,425.4307007373647,0.12820631726803086,0.11768098677427598,0.9179031835712869,8.497549412277627,36.441318929195404,402.8093451857567,423.6689357161522,0.04208004495288153,0.46513781199279064,0.48922509897939054,55,433,444,0.06351039260969978,0.5,0.5127020785219399,0,True,0.7102076405983564,-0.6989433568244102,-0.08416229076457449,0.4293783095780817,0.40806781654322977,0.577782152846059,0.3661943972077576,0.3265375252760547,0.6258252534436386,132,3.65057582418312,38.49682707199476,1:3=95;1:4=91;10:5=58;9:4=56;1:2=54,0.03148021559735855,0.014081984292715788,149
702,1691509903.2731068,1089,916,916,916,0.9999999999999997,1.0,1.0,1.0,1.0000000000000002,54.45683737575055,399.6822200172827,461.86094260696666,0.13625033751412755,0.11790743133283757,0.865373499134356,8.481229628157433,39.33916848897934,405.55353504419327,458.36390578746796,0.042946690490152116,0.44274403389104067,0.5003972770605546,58,442,486,0.06331877729257641,0.48253275109170307,0.5305676855895196,0,True,-0.7066038824911282,0.7045945644706867,0.06524916065994053,0.4246204332326749,0.4022917491208645,0.585119339500224,0.32876158779293796,0.31132215166469634,0.6513441226712231,131,3.690077914665599,40.04796715969954,1:3=105;1:4=104;10:4=57;1:2=54;10:5=50,0.032308958384117945,0.014462316408753395,173
703,1691509903.3735058,1122,941,941,941,0.9999999999999998,1.0,1.0,1.0,1.0000000000000002,50.68223703706845,402.0090414658863,488.3087214970452,0.12607238098989185,0.10379138198000654,0.8232681985146949,9.634711292240345,38.162672340869904,415.718619287014,487.6285534501076,0.04055544350783199,0.44178386746760256,0.5182025010096786,58,442,502,0.061636556854410204,0.46971307120085015,0.5334750265674814,0,True,-0.7105041934244785,0.6995829337601224,0.07594412365556365,0.4154427090069258,0.3912730741235854,0.6004179335352509,0.2898872513622397,0.2288633614375428,0.8613313498451964,120,3.58746119926357,36.14220150260607,1:4=106;1:3=105;1:2=76;10:5=65;10:4=63,0.023899903099997254,0.012785227969288826,181
704,1691509903.473049,1180,997,997,997,0.9999999999999998,1.0,1.0,1.0,1.0000000000000002,53.95366741222159,436.46324492365,506.5830876641282,0.12361560346658662,0.10650507039428375,0.861582740427038,9.389224346765664,37.39297640323639,450.36048609018326,508.1743121743202,0.037505492881882034,0.4517156329891507,0.5097034224416451,55,482,529,0.055165496489468405,0.4834503510531595,0.5305917753259779,0,True,-0.7013494292024852,0.7086999597446947,0.07650715793451623,0.42248041594877744,0.3941026602293018,0.5917795458883662,0.3139100728840476,0.276598519553478,0.7713119706200388,135,3.645161365267705,38.28895085989223,1:3=143;10:4=88;1:4=79;1:2=66;10:5=58,0.02713466246012175,0.012235188856720924,183
705,1691509903.5718057,1186,990,990,990,0.9999999999999997,1.0,1.0,1.0,1.0000000000000002,53.860567605055934,438.14419538681034,497.9952370081338,0.12292886262593478,0.10815478462934822,0.8798160360309913,9.24600796374427,39.536754071712494,451.0678950548172,497.15557914972305,0.03993611522395201,0.4556241364190073,0.5021773526764879,58,482,517,0.05858585858585859,0.4868686868686869,0.5222222222222223,0,True,-0.699756448901104,0.711485387295389,0.06426084255942661,0.43017486593174,0.39430756190096633,0.5887578000595048,0.35203676494877945,0.24299244698505795,0.745303138364757,137,3.5978724245733176,36.520451713069576,1:3=131;1:4=91;10:4=90;10:5=76;1:2=76,0.03254631542111109,0.012304025702178478,196
706,1691509903.6701458,1222,1008,1008,1008,0.9999999999999998,1.0,1.0,1.0,1.0000000000000002,59.700640256756394,445.20954197154185,503.089817771702,0.13409559910234922,0.11866795579601266,0.8849504129172702,8.426874747206194,42.96075654029846,459.70750719308853,503.9963618516922,0.042619798155057995,0.4560590349137783,0.49999639072588514,63,490,523,0.0625,0.4861111111111111,0.5188492063492064,0,True,0.715193216451352,-0.6934811369316344,-0.08707798724119033,0.4219206103910275,0.40382193104150343,0.5865186482944117,0.3377465459889076,0.3149921489208318,0.6789597246679584,145,3.6953769718680043,40.26074689661307,1:3=124;10:4=92;1:4=86;1:2=80;10:5=63,0.030725954213231276,0.012899385299533606,214
707,1691509903.7679577,1207,1009,1009,1009,0.9999999999999998,1.0,1.0,1.0,1.0000000000000002,57.38192246445236,460.70097853480644,490.91709900074136,0.12455350680380006,0.11688719456147056,0.9384496475526323,8.555257089980918,44.067545771598816,451.93907076120377,504.67749094963074,0.043674475492169296,0.44790789966422573,0.5001759077796142,67,545,613,0.06640237859266601,0.5401387512388504,0.6075322101090188,0,True,-0.7067721013410921,0.7032145123250211,0.07721752664634966,0.4352697941986129,0.41157371186781117,0.5674954460335316,0.39937021679326107,0.3498121392080976,0.4898554228689488,140,3.6314273003808415,37.766682567002825,1:3=135;1:4=99;10:4=85;9:4=64;10:5=57,0.027451554907737503,0.011914183385670185,198
708,1691509903.8655908,1176,975,975,975,0.9999999999999997,1.0,1.0,1.0,1.0000000000000002,58.350787039775554,453.22432507317205,463.42488788705225,0.12874592957991599,0.12591207025117096,0.9779887462229557,7.94205033723286,43.752579629421234,447.051045358181,448.72249060869217,0.04487444064556024,0.45851389267505743,0.4602281954960945,63,505,501,0.06461538461538462,0.517948717948718,0.5138461538461538,0,True,0.7167159115838635,-0.6944885654008822,-0.06327665138055466,0.4315233928866219,0.42115438041605674,0.5690507628330697,0.37565197509058385,0.3975637678483154,0.5088840343649399,144,3.5665315341625066,35.39361845167546,1:3=141;1:4=107;10:4=91;10:5=69;9:4=55,0.0255766470031209,0.011362799443304539,201
709,1691509903.9631991,1164,968,968,968,0.9999999999999998,1.0,1.0,1.0,1.0000000000000002,58.482799279340206,448.3329010602598,461.18429966040026,0.13044503122798837,0.1268100395490585,0.9721339199760188,7.885810962255349,49.143845319747925,437.1139993071556,445.49657940864563,0.05076843524767347,0.4515640488710285,0.4602237390585182,71,505,507,0.07334710743801653,0.5216942148760331,0.5237603305785123,0,True,-0.6852132929104378,0.7249384293519732,0.07033503300297586,0.4467506612627884,0.4034017097146171,0.5671358319214911,0.4031406959669949,0.3338005655723424,0.4629249706068326,128,3.554073952609034,34.95543458581049,1:3=132;1:4=101;10:4=89;10:5=63;9:4=55,0.027274135781568974,0.011845663655549288,196
710,1691509904.0609324,1160,989,989,989,0.9999999999999998,1.0,1.0,1.0,1.0000000000000002,53.86660162177308,449.14627729120946,485.9871210870172,0.11993108781094942,0.11083956608004047,0.9241937858077286,9.02204903326553,39.49442392587662,434.41270089149475,468.9340938925743,0.03993369456610376,0.43924438917239106,0.47414974104405894,60,497,533,0.06066734074823053,0.5025278058645096,0.538928210313448,0,True,0.70199869693242,-0.7083182709787789,-0.07404766372288554,0.44771264514407294,0.423370776144605,0.5500126247177646,0.43068050405134073,0.4382495421821152,0.36676015946189305,143,3.5784945812832034,35.81957677668611,1:3=124;10:4=96;1:4=88;9:4=62;1:2=59,0.026483410767359977,0.012143989093601704,171
711,1691509904.1592925,1168,984,984,984,0.9999999999999997,1.0,1.0,1.0,1.0000000000000002,56.001649023688586,449.31766570544124,478.6806852708703,0.12463709597476974,0.11699166218081061,0.9386584408585162,8.547617679407786,44.59761321544647,439.7034233212471,505.4729381799698,0.04532277765797406,0.4468530724809422,0.5136920103454977,67,537,627,0.06808943089430894,0.5457317073170732,0.6371951219512195,0,True,0.7015474124703276,-0.7096556797672163,-0.06496186750946967,0.43789049864883256,0.41178333453565835,0.5691080395074205,0.3772195174715822,0.393399971583196,0.501506041565784,141,3.6114025220725283,37.01793489420566,1:3=128;1:4=98;10:4=91;1:2=69;9:4=60,0.026545314575790156,0.011279500089585781,184
712,1691509904.258688,1182,994,994,994,0.9999999999999998,1.0,1.0,1.0,1.0000000000000002,53.967841646685415,461.75664420350984,478.2755141498047,0.11687507331870722,0.11283839554826487,0.9654616022405846,8.862231646782549,38.72357189655304,458.66667038202286,469.7843363881111,0.038957315791300844,0.46143528207446965,0.472620056728482,56,507,512,0.056338028169014086,0.5100603621730382,0.5150905432595574,0,True,0.7106628884126014,-0.6984663280853317,-0.08427957975721255,0.43159980384640234,0.41697840241162903,0.5730402725473182,0.3543861445203973,0.4057707946456067,0.5099743449611542,142,3.5983167211080924,36.536681228305824,1:3=125;1:4=95;10:4=94;1:2=71;10:5=65,0.02956903427461412,0.012881720904260874,188
713,1691509904.3589628,1140,949,949,949,0.9999999999999998,1.0,1.0,1.0,1.0000000000000002,55.602388538503284,429.2309124769961,464.1666989845003,0.12953957164369703,0.11978969766713056,0.92473439696571,8.347963301308113,45.22166961431503,428.36556845903397,452.7003833055496,0.0476519174018072,0.45138626813386085,0.4770288549057425,66,475,490,0.06954689146469968,0.5005268703898841,0.5163329820864068,0,True,0.7185106722569878,-0.6925993631296045,-0.06362810735262797,0.42602972238141645,0.4126376119523646,0.5733939815817821,0.3397413140507612,0.3279095721134784,0.5057081407547741,131,3.5177648191900968,33.70899848889408,1:3=148;10:4=92;1:4=89;1:2=62;10:5=59,0.029475846997822224,0.011481803841888905,191
714,1691509904.4602864,1135,951,951,951,0.9999999999999998,1.0,1.0,1.0,1.0000000000000002,54.82286661498103,438.2977462144451,457.8793871705741,0.12508133361050403,0.11973211319634669,0.9572340631511455,8.351978206215376,45.84442222118378,427.0248892903328,449.18651872873306,0.048206542819331,0.4490272232285308,0.4723307242152819,69,486,511,0.07255520504731862,0.5110410094637224,0.53732912723449,0,True,-0.706333026102594,0.7043174060591026,0.07092705942677616,0.4345459232944783,0.4139816295597485,0.569795575434161,0.3845360852992806,0.3629393382556657,0.5175059886664555,146,3.5962556692463763,36.461454782871755,1:3=133;1:4=90;10:4=78;10:5=65;9:4=61,0.029641496581938605,0.012161344289779663,184
715,1691509904.562239,1092,935,935,935,0.9999999999999998,1.0,1.0,1.0,1.0000000000000002,51.39357299516418,422.4631112667259,461.1433157381101,0.12165221441716927,0.11144815774441653,0.9161210774366916,8.97278178696587,41.02764844894409,430.299820125103,458.55865228176117,0.04387983791330919,0.4602137113637465,0.4904370612639157,61,464,485,0.06524064171122995,0.49625668449197863,0.5187165775401069,0,True,-0.6965134895091311,0.7144835422899425,0.06619838916944767,0.4323114227663193,0.4013729623613075,0.5787028061596541,0.370116887310106,0.3346592739430788,0.6342440405440963,139,3.5729049941892335,35.61991865568619,1:3=137;1:4=80;10:4=79;9:4=69;1:2=61,0.02999233271403571,0.011993392370641232,157
716,1691509904.6646824,1081,944,944,944,0.9999999999999998,1.0,1.0,1.0,1.0000000000000002,47.45481193658044,419.53711778284406,477.0080702805752,0.11311230860184211,0.09948429574507536,0.8795178612723955,10.051837755000658,31.73014259338379,430.79769295454025,472.8776693344116,0.03361243918790656,0.4563534882993011,0.5009297344644191,48,464,494,0.05084745762711865,0.4915254237288136,0.5233050847457628,0,True,-0.7007291327161264,0.7088075245791632,0.08105908747860227,0.4252985079225939,0.39810618366083644,0.5876150529835077,0.30882225426879445,0.31418968633302635,0.7167382642478717,134,3.5871172293212816,36.12977180948401,1:3=139;1:4=84;10:4=73;1:2=65;10:5=53,0.030853960197560492,0.01269466569647193,137
717,1691509904.7673461,1080,927,927,927,0.9999999999999998,1.0,1.0,1.0,1.0000000000000002,51.061059105534916,426.1349245526295,449.80401634183556,0.11982369001822721,0.11351845970786145,0.9473791008321759,8.809139963434047,39.75342124700546,418.5153288245201,472.56582790613174,0.04288394956527019,0.45147284662839277,0.5097797496290526,60,513,588,0.06472491909385113,0.5533980582524272,0.6343042071197411,0,True,0.6994590905378709,-0.7117028134619884,-0.06508522085869431,0.4389584857269802,0.40869019278086155,0.5702506478210035,0.3797460313369451,0.3375689865426406,0.4920783172621458,138,3.5799291160426137,35.870998078643865,1:3=123;1:4=92;10:4=84;10:5=62;1:2=58,0.025433362871277766,0.01289858017116785,153
718,1691509904.8693862,1095,935,935,935,0.9999999999999997,1.0,1.0,1.0,1.0000000000000002,50.179476726072565,427.5752261635049,457.24529711042254,0.11735824167437595,0.10974301330857529,0.9351112605544143,9.112197395092489,37.419873774051666,427.17074620723724,442.7142706513405,0.04002125537331729,0.4568671082430345,0.4734911985575834,57,481,485,0.06096256684491978,0.5144385026737968,0.5187165775401069,0,True,0.722337374626562,-0.6887727440435831,-0.06181281647262502,0.42159039033965523,0.4171831477460987,0.5726297169117822,0.3363728608437879,0.34458086805255234,0.5723884827800195,130,3.519175651426253,33.75658979439074,1:3=141;1:4=102;10:4=90;1:2=59;9:4=55,0.02813898838073986,0.01230711955577135,160
719,1691509904.970552,1091,937,937,937,0.9999999999999997,1.0,1.0,1.0,1.0000000000000002,43.650939061019585,433.56776710221027,459.78129383677026,0.10067846914166295,0.09493848411439802,0.9429869655726659,10.533136370652706,32.25367283821106,416.79580664634705,465.1954018473625,0.03442227624142055,0.44481943078585595,0.4964732143515075,51,495,560,0.054429028815368194,0.528281750266809,0.5976520811099253,0,True,-0.7025280985051141,0.709920433550361,0.04967140866188491,0.43261544264288887,0.40920738605319595,0.5737491434086848,0.3317629978334223,0.32775197281510876,0.5288654803044142,123,3.4136002492576196,30.374403064121683,1:3=150;10:4=100;1:4=91;1:2=72;10:5=58,0.028173513787722003,0.011143862269818783,154
720,1691509905.0707765,1116,929,929,929,0.9999999999999998,1.0,1.0,1.0,1.0000000000000002,49.14731363030038,433.1501367451393,446.7025496245603,0.11346484616076229,0.11002246052010937,0.9696612144013699,9.08905322851987,32.81486040353775,434.83945178985596,436.67181730270386,0.03532277761414182,0.4680726068782088,0.47004501324295356,47,478,470,0.05059203444564048,0.5145317545748116,0.5059203444564048,0,True,-0.6933799487779406,0.717395473882235,0.06758683811204705,0.4410314323647994,0.4078168270609058,0.5726772611075893,0.3813099876222003,0.3343135181362695,0.5142924487819488,136,3.5152223119013284,33.623401975528985,1:3=131;1:4=97;10:4=86;9:4=69;10:5=63,0.030580687671603966,0.011693605221807957,187
721,1691509905.1699474,1129,959,959,959,0.9999999999999997,1.0,1.0,1.0,1.0000000000000002,52.050098506119674,441.4901817449653,465.4597197489149,0.11789638967823603,0.1118251403885116,0.9485035181629045,8.9425329270835,41.16718453168869,430.0297791957855,454.77279901504517,0.042927199720217614,0.4484147853970652,0.4742156402659491,62,479,509,0.06465067778936393,0.4994786235662148,0.5307612095933264,0,True,0.700814076275243,-0.7116295602197872,-0.049426708527581284,0.44435479620979984,0.41953790274914765,0.5586213874109587,0.4076107251549308,0.41568837126196106,0.41410600916644236,125,3.4546276650365937,31.646503388691407,1:3=146;10:4=117;1:4=83;9:4=62;1:2=59,0.030858319926608466,0.012596185319125652,170
722,1691509905.268847,1155,943,943,943,0.9999999999999998,1.0,1.0,1.0,1.0000000000000002,48.33686347059737,441.847499684397,452.8156368450058,0.10939716419154447,0.10674733718867263,0.9757779187197921,9.367915175556378,37.73593044281006,432.82333409786224,436.7254899740219,0.04001689336459179,0.45898550805711796,0.4631235312555906,58,496,495,0.061505832449628844,0.5259809119830329,0.5249204665959704,0,True,-0.7039058074737796,0.7074933341228044,0.0630063201312765,0.4349553652064752,0.41369738263620587,0.5707457602094113,0.37827959263383687,0.3740971765531081,0.4871207136405439,136,3.489772669585011,32.778495310244246,1:3=141;1:4=92;10:4=87;1:2=68;10:5=63,0.030083831234278203,0.011686086654663086,212
723,1691509905.3672585,1169,982,982,982,0.9999999999999998,1.0,1.0,1.0,1.0000000000000002,51.70669581976279,455.6262475787523,474.6670566014851,0.11348489270435544,0.10893255620049073,0.9598859690009648,9.179992050856649,41.42952352762222,639.9685115814209,651.4280028343201,0.04218892416254809,0.6516990952967626,0.6633686383241548,63,919,917,0.06415478615071284,0.9358452138492872,0.9338085539714868,0,True,-0.7018352201205196,0.7083962726742367,0.07484680794549789,0.43946258938259025,0.4170170700479771,0.5654655697872082,0.40352522931254536,0.39226161324546,0.4822959514043703,133,3.517610608248906,33.703800593306994,1:3=145;10:4=104;1:4=93;1:2=64;9:4=61,0.02753539463090878,0.011706689838320017,187
724,1691509905.4656096,1170,988,988,988,0.9999999999999998,1.0,1.0,1.0,1.0000000000000002,52.45156587536107,448.0662435167718,487.48219060786704,0.11706207873121718,0.10759688638051879,0.9191438213528469,9.29394923625836,37.61549925804138,438.2051759958267,472.26238363981247,0.03807236767008237,0.44352750606865055,0.47799836400790735,55,491,525,0.05566801619433198,0.49696356275303644,0.5313765182186235,0,True,0.7100741409921427,-0.7011507174634015,-0.06467136688541322,0.44424476385603334,0.4292530758416131,0.5495548958028414,0.4116707635528464,0.4773405308503855,0.41535207951180647,139,3.520306061361148,33.794770154526034,1:3=147;10:4=108;1:4=85;9:4=63;1:2=57,0.028758457274026147,0.012634103186428547,182
725,1691509905.5641413,1164,973,973,973,0.9999999999999998,1.0,1.0,1.0,1.0000000000000002,51.50333924070912,447.6453082635743,473.8513524957168,0.1150539015822408,0.10869091956675309,0.9446956432769085,9.200400585311499,42.94198679924011,436.93102437257767,454.2698294520378,0.04413359383272365,0.44905552350727407,0.4668754670627316,64,505,521,0.065775950668037,0.5190133607399794,0.5354573484069887,0,True,0.6849105124058888,-0.7267309846044678,-0.05253252337098657,0.45388782969008656,0.4103766592308704,0.5577665461772534,0.4239841085904477,0.40389963138928586,0.41058090056167984,133,3.468547832638137,32.090108384683404,1:3=137;10:4=97;1:4=82;1:2=70;9:4=68,0.0264308851529057,0.012119106017053127,191
726,1691509905.6627717,1156,985,985,985,0.9999999999999997,1.0,1.0,1.0,1.0000000000000002,58.37837874018232,445.8837185963915,480.737902663426,0.1309273613397526,0.12143494077905932,0.927498572769211,8.234862170513312,50.83958822488785,437.31367790699005,464.1038148999214,0.051613795152170405,0.44397327706293405,0.4711713856851994,74,494,512,0.0751269035532995,0.5015228426395939,0.5197969543147208,0,True,-0.6902423263576699,0.7213111352447394,0.05723440465573978,0.44115988289468155,0.4010061059647513,0.5722695818082457,0.36079601787499915,0.2981591789654329,0.4972205309928897,138,3.5057684245222847,33.30702795846532,1:3=136;10:4=110;1:4=96;1:2=86;10:5=58,0.02955577899581458,0.012041992507874966,171
727,1691509905.7627678,1149,977,977,977,0.9999999999999997,1.0,1.0,1.0,1.0000000000000002,54.43138795245184,452.2613035909376,470.3073084566107,0.12035384747770522,0.11573579013916926,0.9616293335417346,8.640369576235027,42.31547635793686,634.5032414793968,643.1824588179588,0.043311644173937416,0.6494403699891472,0.658323908718484,62,913,905,0.06345957011258956,0.9344933469805528,0.9263050153531218,0,True,-0.7050527309220536,0.7059630287477386,0.06720750449669759,0.43852131725558546,0.4172686185385735,0.5645186549310194,0.38031319761727717,0.396952661344681,0.46085131869454976,141,3.5598802410084063,35.15898628822432,1:3=135;10:4=107;1:4=99;1:2=65;9:4=64,0.03105367939212513,0.01390725839883089,172
728,1691509905.8632526,1130,973,973,973,0.9999999999999998,1.0,1.0,1.0,1.0000000000000002,51.80702971861963,442.65351625689027,478.5394540244903,0.11703742953790038,0.10826072810282493,0.9250094480908496,9.236959860922147,42.83511632680893,535.6175308227539,613.6714828014374,0.04402375778705954,0.550480504442707,0.6307003934238822,64,740,858,0.065775950668037,0.7605344295991778,0.881808838643371,0,True,0.7089978004416071,-0.7022914712982316,-0.06409998682315224,0.4432722858535029,0.42502423696908037,0.5573217547877047,0.39834211143165976,0.4416792475315923,0.4163339988018736,139,3.538663870901903,34.42089768938498,1:3=120;10:4=119;1:4=91;10:5=68;9:4=63,0.030139266162580773,0.013150276616215706,157
729,1691509905.9641078,1163,988,988,988,0.9999999999999998,1.0,1.0,1.0,1.0000000000000002,56.04046304715165,446.3730611673081,485.5864757855402,0.12554624802088302,0.11540779210643004,0.9192452496647564,8.66492618694058,46.885349690914154,442.7558950781822,484.36611372232437,0.047454807379467764,0.44813349704269456,0.4902491029578182,68,477,524,0.06882591093117409,0.48279352226720645,0.5303643724696356,0,True,0.7091488877998449,-0.7013058636517259,-0.0726494359231375,0.4453217812825709,0.4319457787315509,0.5489489349200545,0.43846711167414343,0.4939328180766598,0.3792387744326831,147,3.5550474818095332,34.9894812921383,1:3=126;10:4=112;1:4=84;1:2=68;10:3=64,0.0270785578531882,0.012339999433606863,175
730,1691509906.0648322,1196,1021,1021,1021,0.9999999999999997,1.0,1.0,1.0,1.0000000000000002,58.596668283089315,453.3626861934756,509.040645523435,0.12924898776976715,0.11511196364847386,0.8906217807564129,8.687194348050355,47.42317634820938,442.55306631326675,505.0603112578392,0.04644777311283975,0.43345060363689203,0.4946721951594899,69,486,559,0.06758080313418217,0.47600391772771794,0.5475024485798237,0,True,0.7011655721777165,-0.7109019019574597,-0.054638138566043284,0.4528949077106682,0.4293118469566434,0.5424200073709202,0.443120939264089,0.47732265953347086,0.3624785541950888,142,3.532988169575087,34.22608831756294,1:3=139;10:4=124;1:4=79;9:4=73;1:2=63,0.03030894840639144,0.011803249828517437,175
731,1691509906.1653018,1165,1003,1003,1003,0.9999999999999997,1.0,1.0,1.0,1.0000000000000002,60.84757534492989,452.69943965240884,489.45298500266097,0.1344105382406698,0.12431750793102037,0.924908936146232,8.043919288945743,52.02703148126602,448.7095848917961,484.07423090934753,0.05187141722957729,0.4473674824444627,0.48262635185378616,77,491,530,0.07676969092721835,0.48953140578265203,0.5284147557328016,0,True,-0.696463176016841,0.7138898794439527,0.07280305268348035,0.4526876655997182,0.4245884371988126,0.5506160304955687,0.454713000705704,0.4569249161568337,0.3817858869370547,144,3.541199713046873,34.50829441773327,1:3=129;10:4=123;1:4=81;1:2=80;9:4=62,0.03066037620746233,0.011941536329686642,162
732,1691509906.2666245,1190,1030,1030,1030,0.9999999999999997,1.0,1.0,1.0,1.0000000000000002,64.57864059891335,458.3300434358398,507.09131596524685,0.14089986358913764,0.12735110731681157,0.9038412392517704,7.852307067203572,55.9268599152565,445.95230704545975,492.7431601881981,0.054297922247821845,0.4329634048985046,0.47839141765844473,80,515,564,0.07766990291262135,0.5,0.5475728155339806,0,True,-0.7017439813189511,0.7094830717853855,0.06472368602452169,0.4544692789103361,0.4281190054219823,0.5451478586583501,0.4459150331013153,0.45569942367567173,0.3696541972102866,136,3.5037333711672094,33.239315302273944,1:3=149;10:4=122;1:4=95;10:5=67;1:2=64,0.028727999297230435,0.011847803369164467,160
733,1691509906.367399,1171,986,986,986,0.9999999999999997,1.0,1.0,1.0,1.0000000000000002,58.227138104869674,440.73040378003816,487.04245811509224,0.13211509259508666,0.1195524889764541,0.9049116692735849,8.364526816308695,48.75328189134598,436.8072449564934,494.1485307812691,0.0494455191595801,0.44300937622362413,0.5011648385205568,72,463,533,0.07302231237322515,0.4695740365111562,0.5405679513184585,0,True,-0.6930779789794229,0.7164774085110427,0.07939167555291632,0.45745020566156575,0.4241730809467444,0.5446024117619478,0.45491387996734245,0.4443468376763352,0.3509723446887643,138,3.4738405213304837,32.26040159541381,1:3=146;10:4=112;1:4=89;9:4=73;1:2=68,0.029050576072312373,0.012009336613118649,185
734,1691509906.467618,1165,987,987,987,0.9999999999999998,1.0,1.0,1.0,1.0000000000000002,50.260983947782435,446.8482991808116,489.89071687140597,0.11247885253210946,0.102596318355989,0.9121387358277033,9.746938447929459,37.423693120479584,438.7730174064636,489.66193974018097,0.03791660903797323,0.44455219595386386,0.49611138778133834,54,465,526,0.0547112462006079,0.47112462006079026,0.5329280648429585,0,True,-0.699330619288068,0.7110693052535423,0.07291863995174282,0.45039946723422486,0.4262398376046318,0.5489365390043107,0.42422953073739433,0.4844313013186189,0.3629792113884116,127,3.425033884246947,30.723685882825116,1:3=133;10:4=117;1:4=86;1:2=77;9:4=76,0.02529984042175185,0.010996702127158642,178
735,1691509906.5677392,1184,1029,1029,1029,0.9999999999999997,1.0,1.0,1.0,1.0000000000000002,55.90338870265546,466.6057486242713,506.490862673073,0.11980861544779423,0.1103739333176079,0.9212520560819148,9.060110208471391,41.033549785614014,459.3361070752144,487.5378398299217,0.039877113494279894,0.4463907746114814,0.4737977063458909,60,539,562,0.05830903790087463,0.5238095238095238,0.5461613216715258,0,True,0.6982898536714166,-0.7125012545415433,-0.0687985649289177,0.4500227056847281,0.42465884336067616,0.554210100401136,0.4167619134295756,0.44421038355697756,0.36889621467932027,134,3.446566780515253,31.39242998332194,1:3=149;10:4=125;1:4=110;1:2=68;9:4=67,0.024817604023298346,0.010857369750738144,155
736,1691509906.6668963,1185,1017,1017,1017,0.9999999999999998,1.0,1.0,1.0,1.0000000000000002,52.413324842732216,459.6414432119311,504.9452319453366,0.11403089433466408,0.10380001934230815,0.9102797969616041,9.633909572812643,37.05587691068649,441.8228904604912,491.32229149341583,0.03643645713931808,0.43443745374679565,0.48310943116363403,54,497,555,0.05309734513274336,0.4886922320550639,0.5457227138643068,0,True,-0.6877932345720912,0.723061475122653,0.0642072400147616,0.45571441346204344,0.4187244608555258,0.5491812343283832,0.4302738197807843,0.43248905520581343,0.35058619446882616,139,3.4819887529266143,32.52434067705742,1:3=138;10:4=119;1:4=88;1:2=77;9:4=68,0.02470425932357246,0.010834237560629845,168
737,1691509906.7664092,1191,1030,1030,1030,0.9999999999999998,1.0,1.0,1.0,1.0000000000000002,53.81078447287309,464.87754635268715,511.3116691744397,0.11575259957177762,0.10524067357929774,0.9091862642275996,9.502029643002146,39.07562357187271,450.40224516391754,496.7475287914276,0.03793749861346865,0.437283733168852,0.4822791541664346,57,512,563,0.05533980582524272,0.4970873786407767,0.5466019417475728,0,True,-0.6875583635377986,0.7216767437861249,0.08028807014419763,0.4587381855641233,0.4173183837755655,0.5491201227881215,0.4397506125100489,0.42386044167117787,0.36449980824200623,134,3.4554423134159715,31.672294665374487,1:3=153;10:4=119;1:4=97;9:4=72;1:2=68,0.027243492003542338,0.011865704786032438,161
738,1691509906.8659265,1192,1036,1036,1036,0.9999999999999998,1.0,1.0,1.0,1.0000000000000002,57.77612675472828,468.9502890942993,509.27358415097234,0.12320309443952665,0.11344811227750771,0.9208219387151262,8.814602375700002,44.810739636421204,456.8094028830528,496.607987344265,0.043253609687665256,0.4409357170685838,0.4793513391353909,67,519,562,0.06467181467181467,0.500965250965251,0.5424710424710425,0,True,-0.6944561241311314,0.7157598307017972,0.07361084438111778,0.4545346230315204,0.42211656636192246,0.5540320557792291,0.43965442818601685,0.42031275423853837,0.41527471414695294,146,3.4908491153690235,32.81379858094677,1:3=165;10:4=120;1:4=96;9:4=72;10:5=61,0.027608750931531166,0.011868837289512157,156
739,1691509906.9660656,1156,989,989,989,0.9999999999999997,1.0,1.0,1.0,1.0000000000000002,47.54826737958511,450.7960321314795,490.65570048893534,0.1054762331309011,0.09690760207657541,0.9187624472359417,10.319107877726767,38.79983627796173,446.1926395893097,500.7897071838379,0.039231381474177686,0.45115534842195115,0.5063596634821415,60,468,539,0.06066734074823053,0.47320525783619816,0.544994944388271,0,True,0.6815034257112387,-0.7293497167778882,-0.06001725901655568,0.45816332372612456,0.4138937409191649,0.5529908633806878,0.45314267728880786,0.41095363674077345,0.3885565344959427,139,3.4062691707587986,30.152540171706132,1:3=150;10:4=120;1:4=85;9:4=79;1:2=70,0.026659596622669993,0.011029928922653198,167
740,1691509907.0658817,1129,968,968,968,0.9999999999999998,1.0,1.0,1.0,1.0000000000000002,45.87932375323548,450.6566621643884,471.464014082376,0.1018054931949499,0.09731246157255868,0.9558665109181544,10.276176183811508,35.388371646404266,503.73729729652405,568.55079382658,0.036558235171905235,0.5203897699344256,0.5873458613910951,54,663,777,0.05578512396694215,0.6849173553719008,0.8026859504132231,0,True,0.6797227329022723,-0.7316601607131082,-0.05148218722174862,0.45244640781615136,0.4095882117379714,0.5652800060485671,0.4281778474827984,0.40693577476607,0.45013591358037214,132,3.457017244102529,31.72221563487136,1:3=136;10:4=114;1:4=98;1:2=67;9:4=64,0.024268810523356846,0.011197867803275585,161
741,1691509907.165629,1145,971,971,971,0.9999999999999998,1.0,1.0,1.0,1.0000000000000002,44.83270031869737,444.55144173152144,481.6158579497808,0.10084929686444082,0.09308808997599946,0.9230415369293672,10.74251282046743,31.282498598098755,480.51612943410873,551.1045608520508,0.0322167853739431,0.4948672805706578,0.5675639143687443,48,620,731,0.04943357363542739,0.6385169927909372,0.752832131822863,0,True,0.6819617289503761,-0.7280286824882135,-0.07001741013126044,0.45644392066145956,0.41063359674306,0.5588374499597468,0.44514703428221364,0.40936358299517395,0.3671934887993395,126,3.420321474477406,30.579243887548927,1:3=157;10:4=119;1:4=86;9:4=75;1:2=54,0.02723018101126148,0.011558234691619873,174
742,1691509907.265442,1132,983,983,983,0.9999999999999998,1.0,1.0,1.0,1.0000000000000002,39.27067120174138,444.59917989311,499.13014890514887,0.0883282583003927,0.07867821907348678,0.8907479960253782,12.709997910171088,26.00436496734619,429.15354973077774,485.4369157552719,0.026454084402183307,0.4365753303466712,0.49383206078867947,40,501,566,0.04069175991861648,0.5096642929806714,0.5757884028484231,0,True,0.6880679341816954,-0.7228513943195495,-0.06362687860658578,0.45687986784117596,0.41869561961783064,0.5502818005103959,0.45049674668998096,0.45423175731458526,0.33394994027209546,118,3.2730852233073366,26.3926410531302,1:3=156;10:4=148;1:4=87;9:4=80;1:2=63,0.028478032864343004,0.010888243094086647,149
743,1691509907.3643124,1160,1003,1003,1003,0.9999999999999997,1.0,1.0,1.0,1.0000000000000002,53.802407477752006,444.5550981642176,504.6424943580304,0.12102528505449177,0.10661489684136793,0.8809307641239139,9.379552291720525,39.68047910928726,444.95602828264236,513.0425388813019,0.03956179372810295,0.44362515282416987,0.5115080148367915,57,472,548,0.05682951146560319,0.47058823529411764,0.5463609172482552,0,True,0.7079448378170153,-0.7035684981968975,-0.061688531780244714,0.45312419290709394,0.4368185715020097,0.5421818987514371,0.4637061667182402,0.502196662640336,0.3461514911408976,136,3.4158708111561875,30.443448382582197,1:3=150;10:4=124;1:4=92;9:4=70;1:2=62,0.0276368716887572,0.012097661383450031,157
744,1691509907.4643521,1146,984,984,984,0.9999999999999997,1.0,1.0,1.0,1.0000000000000002,51.717258806593044,441.63355485931606,490.64918633409087,0.11710445965336072,0.10540577717656284,0.9001004529509211,9.487146025449084,38.69350731372833,440.0167326927185,494.23972845077515,0.03932267003427676,0.4471714763137383,0.5022761467995682,55,465,527,0.05589430894308943,0.4725609756097561,0.5355691056910569,0,True,-0.6942666932688931,0.7167253822605099,0.06556283277134167,0.4577663347229436,0.42497943948784694,0.5456058792039445,0.4680073159669916,0.47396429183825173,0.3459696673992826,124,3.4502309687795654,31.50766875619906,1:3=130;10:4=114;1:4=88;9:4=79;1:2=63,0.029105814227959544,0.011283077765256166,162
745,1691509907.5654266,1127,957,957,957,0.9999999999999998,1.0,1.0,1.0,1.0000000000000002,51.916200348421384,432.7962896917343,472.2875099598445,0.11995528054410884,0.1099249911411705,0.9163830941210622,9.097112400179828,40.44671303033829,424.6587738394737,469.16145265102386,0.04226406795228661,0.4437395755898367,0.49024185229992046,58,462,514,0.06060606060606061,0.4827586206896552,0.5370950888192267,0,True,0.686591880307456,-0.7246258961257273,-0.0592359735284136,0.45983800298588245,0.4205864965194964,0.5525929894197501,0.4555264402377774,0.43822568938709017,0.36692833284255777,120,3.404386757184204,30.09583400974768,1:3=133;10:4=123;1:4=95;9:4=74;1:2=60,0.022927525543346514,0.010556687600910664,170
746,1691509907.666979,1165,1020,1020,1020,0.9999999999999997,1.0,1.0,1.0,1.0000000000000002,58.548807050411796,442.65902961220434,518.7921633373841,0.13226615325503252,0.11285599742634504,0.853249260290641,8.860849425859227,42.26339000463486,445.9460607767105,528.6326798796654,0.04143469608297535,0.43720202036932404,0.5182673332153582,59,470,561,0.05784313725490196,0.46078431372549017,0.55,0,True,0.6863502688949182,-0.7257616699959654,-0.0468327529891277,0.4686159835819988,0.43048277562513665,0.5354230287919011,0.5006896040791304,0.4743047712258406,0.32964051591922183,141,3.4946169692422426,32.93766939604364,1:3=128;10:4=127;1:4=93;1:2=81;9:4=78,0.029560202911097455,0.0116983731277287,145
747,1691509907.767613,1114,950,950,950,0.9999999999999998,1.0,1.0,1.0,1.0000000000000002,52.66863086034198,430.2959999988825,467.0353691407753,0.12240093066279668,0.11277225311059136,0.9213349318500572,8.86742946440326,41.905720710754395,420.5603865981102,453.75140565633774,0.04411128495868884,0.4426951437874844,0.47763305858561866,62,473,509,0.06526315789473684,0.4978947368421053,0.5357894736842105,0,True,0.6880706712871221,-0.7235936001721011,-0.0545073674329135,0.45758867581799056,0.4170868661098637,0.5520440118717648,0.44481020162643864,0.4273390015124884,0.3944032919555492,130,3.383767891715082,29.481645749069575,1:3=144;10:4=126;1:4=92;9:4=58;10:5=57,0.024331648293672736,0.010969042778015137,164
748,1691509907.8677833,1084,954,954,954,0.9999999999999997,1.0,1.0,1.0,1.0000000000000002,53.31851945321708,435.6615156919638,465.01996485481897,0.12238519477335737,0.11465855981014347,0.936866260845336,8.721546840077554,42.94048935174942,602.8808081746101,615.896891117096,0.04501099512761994,0.6319505326777884,0.6455942254896184,62,877,859,0.0649895178197065,0.9192872117400419,0.90041928721174,0,True,0.6860824008952567,-0.7246540411741714,-0.06455586566487995,0.44931703730078815,0.4072162759901898,0.565548560107935,0.3849716759355266,0.3682847483269006,0.4929284728714467,136,3.4170417739283288,30.47911740676788,1:3=152;10:4=116;1:4=87;9:4=76;1:2=76,0.031837448278175036,0.011178202461451292,130
749,1691509907.9676065,1166,1026,1026,1026,0.9999999999999998,1.0,1.0,1.0,1.0000000000000002,57.17915476114679,452.14345944784895,516.6773857910044,0.12646241710755507,0.11066703582083175,0.8750982177314426,9.036114436271564,48.066038966178894,450.9791199564934,520.6014345288277,0.04684799119510613,0.43955079917786877,0.5074088055836526,70,475,552,0.0682261208576998,0.46296296296296297,0.5380116959064327,0,True,0.6797807866720004,-0.7302339807484189,-0.06823793250029045,0.4694991851266315,0.4235126364774658,0.5411872722544805,0.5040439773240823,0.4799390007794129,0.33368937895908035,134,3.458738989152229,31.776880248366048,1:3=148;10:4=126;9:4=91;1:4=74;1:2=68,0.026650991004638403,0.010572955943644047,140
750,1691509908.067498,1096,977,977,977,0.9999999999999997,1.0,1.0,1.0,1.0000000000000002,54.76310048526098,415.41174741024486,506.82515210449407,0.1318284830091216,0.10805126828822074,0.8196352246634315,9.254865915433363,45.055396258831024,414.32349103689194,520.4489333629608,0.0461160657715773,0.42407726820562125,0.5327010576898268,67,434,553,0.06857727737973388,0.44421699078812693,0.5660184237461617,0,True,0.700170324360376,-0.7115718336452921,-0.05854094676175204,0.46327274497441,0.4436844978422072,0.5315748798985472,0.46796061327901184,0.518732151604238,0.3395112697143164,136,3.4612309655932965,31.856166233689226,1:3=144;10:4=133;1:4=80;9:4=68;1:2=58,0.029885779155785257,0.010583775117993355,119
751,1691509908.167535,1115,972,972,972,0.9999999999999997,1.0,1.0,1.0,1.0000000000000002,42.19963274902825,415.82098938946393,513.9793778615075,0.10148509533149964,0.08210374689468378,0.8090227104432729,12.179712105986116,26.298697412014008,413.60057723522186,522.2382934689522,0.02705627305762758,0.42551499715557806,0.5372821949269055,37,432,551,0.03806584362139918,0.4444444444444444,0.5668724279835391,0,True,0.7011056544804269,-0.7095138422210638,-0.07099978135371789,0.4675227438339494,0.4434123267678817,0.5275168959315976,0.5202661227621066,0.5405091538636237,0.2948842905268725,119,3.3517244427743855,28.55192738055085,1:3=138;10:4=135;9:4=87;1:4=72;1:2=69,0.02584363721394635,0.011107154190540314,143
752,1691509908.2674308,1070,942,942,942,0.9999999999999998,1.0,1.0,1.0,1.0000000000000002,50.17206075771663,423.98634306866415,467.8415961736193,0.11833414348818144,0.10724155604816599,0.9062604662269489,9.32474347491624,41.50311589241028,421.5127102136612,467.5928964018822,0.04405850943992599,0.44746572209518176,0.4963831171994503,61,455,507,0.06475583864118896,0.4830148619957537,0.5382165605095541,0,True,-0.693986161535957,0.717184068897212,0.06348400520310019,0.45739984639990106,0.42528822306077924,0.5490501492785692,0.46742366160007914,0.46747301262288493,0.3807705367496427,140,3.4654802665060007,31.991820684110316,10:4=137;1:3=137;1:4=77;9:4=68;1:2=59,0.023712400007272528,0.011300219222903252,128
753,1691509908.3672357,1102,954,954,954,0.9999999999999998,1.0,1.0,1.0,1.0000000000000002,50.9568893194067,434.54727130264195,468.49583937795126,0.11726431779597483,0.10876700503267026,0.9275370980447024,9.193964655914087,42.74478995800018,430.25243693590164,465.87415182590485,0.044805859494759105,0.4509983615680311,0.48833768535210154,62,465,506,0.0649895178197065,0.48742138364779874,0.5303983228511531,0,True,-0.6953973041859307,0.7148303884964806,0.07375706754549446,0.45311802482667635,0.421103901930387,0.5531836562859147,0.4460011395765931,0.42562495267459804,0.39858104815248324,121,3.349117759476365,28.47759846637873,1:3=143;10:4=131;1:4=93;9:4=82;1:2=60,0.02856004997986238,0.01119825104251504,148
754,1691509908.466645,1075,931,931,931,0.9999999999999998,1.0,1.0,1.0,1.0000000000000002,50.20012176478947,415.75661009317366,465.0432681420371,0.12074401355528493,0.10794720664455885,0.8940170486807049,9.263787652169002,38.02019000053406,412.8941675424576,468.722010910511,0.04083801288993991,0.44349534644732286,0.5034608065633845,55,440,504,0.05907626208378088,0.47261009667024706,0.5413533834586466,0,True,-0.6902711949108109,0.7182767209831911,0.08720223374453673,0.46217438438446246,0.4252870475238675,0.5431096009391733,0.46185341835895477,0.4668058874505129,0.34262264213153687,132,3.450784714315574,31.525120818677735,1:3=120;10:4=113;1:4=82;9:4=75;1:2=72,0.024558282833549563,0.010619872249662876,144
755,1691509908.5658207,1067,946,946,946,0.9999999999999998,1.0,1.0,1.0,1.0000000000000002,49.840504985377436,415.4857711049433,480.67372390967915,0.11995718855264657,0.10368884860189008,0.8643821170949112,9.644238637844914,40.566641449928284,415.6005575656891,491.332318007946,0.042882284830791,0.43932405662335,0.5193787716785898,61,432,517,0.06448202959830866,0.45665961945031713,0.5465116279069767,0,True,0.6843605479862429,-0.7258129179641215,-0.06961500180548005,0.46788517157991244,0.4254506073790694,0.5415828955169353,0.4833565833760632,0.45922218953899474,0.3309413455088039,128,3.3856410212254286,29.536920441903444,1:3=136;10:4=131;9:4=84;1:4=74;1:2=60,0.023888448796890796,0.009953150991350412,121
756,1691509908.6652277,1062,942,942,942,0.9999999999999998,1.0,1.0,1.0,1.0000000000000002,48.50326922485722,428.99684274436026,464.49988803078264,0.11306206571259168,0.10442041101556279,0.9235671607221796,9.57667174716407,40.137777626514435,420.25943434238434,458.4472990036011,0.04260910576063103,0.4461352806182424,0.48667441507813275,59,455,498,0.06263269639065817,0.4830148619957537,0.5286624203821656,0,True,-0.6928019778171779,0.7176303947392719,0.07093684570773624,0.4558827965484547,0.4219065069098755,0.5551838041231223,0.43529688592454474,0.44151192240839876,0.3738180450914862,126,3.392400248628614,29.737243455680364,10:4=148;1:3=128;1:4=91;9:4=65;1:2=57,0.028934383056492353,0.009597248863428831,120
757,1691509908.765215,1084,950,950,950,0.9999999999999998,1.0,1.0,1.0,1.0000000000000002,55.24973621944313,431.8775359147877,462.8727278657691,0.127929173492238,0.11936269495545931,0.9330373338392711,8.377826928029348,46.59684199094772,423.40655928850174,448.21077996492386,0.04904930735889234,0.44569111504052816,0.4718008210157093,68,482,507,0.07157894736842105,0.5073684210526316,0.5336842105263158,0,True,0.6867391050771828,-0.7234908936096845,-0.07035857034968053,0.45634508020868286,0.4177970610234065,0.5537975702478736,0.4233010101922513,0.39623709948518804,0.4052506290676773,131,3.4321120181782065,30.941923693450192,10:4=137;1:3=133;1:4=94;9:4=65;1:2=62,0.027005557854076278,0.010946751106530428,134
758,1691509908.865286,1087,955,955,955,0.9999999999999998,1.0,1.0,1.0,1.0000000000000002,50.50948396467161,427.40444448094763,477.0860715543808,0.11817725486222258,0.10587079979113218,0.895864436135042,9.445475069356762,45.58369255065918,412.13123220205307,463.7593363523483,0.04773161523629234,0.4315510284838252,0.4856118705260192,68,464,522,0.0712041884816754,0.48586387434554973,0.5465968586387434,0,True,-0.6881323767798546,0.7218201560751506,0.07382069026332182,0.46110043553206337,0.4200204646839839,0.5471086402933935,0.45598810760398534,0.43425308539185803,0.3580949937319677,123,3.335634908920408,28.096216100307615,10:4=143;1:3=141;1:4=85;9:4=80;1:2=68,0.02572895866789058,0.011132354848086834,132
759,1691509908.9651601,1098,957,957,957,0.9999999999999997,1.0,1.0,1.0,1.0000000000000002,51.465120204382806,430.5032391260195,475.03164066959755,0.11954641806845413,0.10834040471880639,0.9062622408039778,9.230166737843225,39.97221910953522,420.75213927030563,465.3613024353981,0.04176825403295216,0.439657407805962,0.48627095343301785,59,463,514,0.06165099268547544,0.48380355276907,0.5370950888192267,0,True,0.6961551763978128,-0.7149273927269414,-0.06516742670373882,0.45550482310542695,0.42438938888036887,0.5495613939042283,0.4552053883323358,0.4510968853666597,0.3857804492765537,133,3.4265857419297054,30.77140168529634,1:3=136;10:4=135;1:4=87;9:4=71;1:2=62,0.027507848881379457,0.010457880795001984,141
760,1691509909.0651472,1078,949,949,949,0.9999999999999998,1.0,1.0,1.0,1.0000000000000002,51.8242277998214,434.327241204173,462.8485309960056,0.11932069389923286,0.11196800752138208,0.9383787829455621,8.931122578108162,43.751043260097504,424.6336053609848,444.78907054662704,0.04610225844056639,0.4474537464288565,0.4686923820301655,63,490,508,0.06638566912539515,0.5163329820864068,0.5353003161222339,0,True,0.7016246601455346,-0.7086211835315028,-0.074691729971094,0.45035351365262005,0.4218899054983152,0.5567820927535434,0.424048502093508,0.44451055847719406,0.44086208782702946,134,3.383662694634162,29.478544529118558,10:4=146;1:3=144;1:4=82;9:4=78;1:2=61,0.02247075690691554,0.01050074677914381,129
761,1691509909.1656175,1084,940,940,940,0.9999999999999998,1.0,1.0,1.0,1.0000000000000002,52.05929078329176,428.3145031916712,459.6262060250367,0.12154454354303097,0.1132644094285085,0.9318757233096933,8.828898725077371,46.205390989780426,433.8060520887375,458.4172485470772,0.04915467126572386,0.4614958000944016,0.4876779239862523,67,533,560,0.07127659574468086,0.5670212765957446,0.5957446808510638,0,True,0.6833507338734038,-0.7263475779842203,-0.0738306878685055,0.45970166485852215,0.4135933552212289,0.5569232499297637,0.45807796746870155,0.4066201268979193,0.40295232067154163,128,3.358226986212993,28.73819247069753,10:4=154;1:3=141;1:4=86;9:4=80;1:2=70,0.024863860699391522,0.009971552062779665,144
762,1691509909.2662585,1102,966,966,966,0.9999999999999998,1.0,1.0,1.0,1.0000000000000002,52.16590092597986,436.1334572946325,477.70064177938775,0.11960994978364818,0.10920207419371895,0.9129848678244986,9.157335218981745,45.07519572973251,423.60138261318207,458.80225986242294,0.04666169330200053,0.4385107480467723,0.47495057956772563,67,491,528,0.06935817805383022,0.5082815734989649,0.546583850931677,0,True,-0.7071595874902535,0.7028544502937686,0.07694764143792095,0.44777373073514776,0.42609492208458083,0.5486588188503111,0.40680846288246175,0.4797820594487133,0.34737835047898724,121,3.3643302829156423,28.914126528790675,1:3=141;10:4=134;1:4=95;9:4=70;1:2=60,0.02400459102492939,0.010225517675280571,136
763,1691509909.3667364,1096,972,972,972,0.9999999999999998,1.0,1.0,1.0,1.0000000000000002,54.32968610263626,448.40898273232256,469.26133116504127,0.12116101192171774,0.1157770361511596,0.9555634631539992,8.63729141152301,41.11019665002823,609.1930249929428,634.3396864533424,0.04229444099797143,0.6267417952602292,0.652612846145414,59,871,895,0.060699588477366256,0.8960905349794238,0.9207818930041153,0,True,0.6820905640721688,-0.7277724759554004,-0.07141208332947821,0.4571261696645363,0.4103269654825551,0.5645010511392159,0.4304971426848888,0.36979838061950565,0.4620567896107547,140,3.445894644644346,31.371337094492898,1:3=156;10:4=135;1:4=90;9:4=82;1:2=63,0.029289035308184556,0.010223707184195518,124
764,1691509909.4671295,1108,980,980,980,0.9999999999999998,1.0,1.0,1.0,1.0000000000000002,51.306605155676884,453.0366769559379,475.65671788838523,0.11325044475519791,0.10786477563787122,0.9524446095645069,9.270867102688348,41.94906955957413,476.27995800971985,535.7144842743874,0.0428051730199736,0.48599995715277533,0.5466474329330483,60,607,709,0.061224489795918366,0.6193877551020408,0.7234693877551021,0,True,0.6808289039283448,-0.7285191076660961,-0.07570940061262821,0.45591676932166597,0.4113842256334177,0.561402965815883,0.42661086452314745,0.42291435672359723,0.4017858598657562,136,3.3246939759778185,27.79049278285751,1:3=163;10:4=147;1:4=90;9:4=87;1:2=65,0.027882569006736774,0.011308675166219473,128
765,1691509909.5669684,1081,933,933,933,0.9999999999999997,1.0,1.0,1.0,1.0000000000000002,51.67409097166832,424.266325673553,457.05958335477845,0.1217963525378358,0.11305766874503514,0.9282516790469074,8.845043517173304,45.08549648523331,414.9098641872406,438.9879031777382,0.048323147358235057,0.44470510631001137,0.47051222205545357,65,482,505,0.06966773847802786,0.5166130760986066,0.5412647374062165,0,True,0.6875314324097239,-0.7228429499849344,-0.06927192148129607,0.455163987497308,0.4182954501155289,0.554982650246036,0.44236878235077176,0.4164548784470681,0.4042180808183176,122,3.3615787876342713,28.834678796235444,1:3=139;10:4=123;1:4=98;9:4=77;1:2=63,0.027091236633555248,0.009725354611873627,148
766,1691509909.6667018,1110,977,977,977,0.9999999999999998,1.0,1.0,1.0,1.0000000000000002,51.60305197835076,448.1981065566814,477.1988414649679,0.11513447117123146,0.10813742091228241,0.9392271472846492,9.247492603057065,46.88870471715927,625.1456778049469,653.0129480957985,0.04799253297559802,0.6398625156652475,0.6683858220018408,70,900,918,0.07164790174002048,0.9211873080859775,0.9396110542476971,0,True,0.6808882183194027,-0.7300787088100732,-0.05810605042546146,0.45567594688106133,0.4079558784887775,0.5627108192324962,0.4146775061301371,0.3740124763240244,0.4362508684082006,131,3.3336959252630507,28.041790778412103,1:3=150;10:4=131;1:4=107;9:4=80;1:2=70,0.02565010830300997,0.009323840029537678,133
767,1691509909.766351,1101,962,962,962,0.9999999999999998,1.0,1.0,1.0,1.0000000000000002,53.82727080290887,440.2986531492057,467.8740760478854,0.1222517271354637,0.11504649126445686,0.9410622979336486,8.692138186998719,44.49352967739105,494.407448887825,558.761006295681,0.04625107035071835,0.5139370570559512,0.5808326468770073,62,667,751,0.06444906444906445,0.6933471933471933,0.7806652806652806,0,True,0.6772581218197794,-0.7330723334349752,-0.06266091589935212,0.4516908901245555,0.40450683309162794,0.5676712703203601,0.4014984299082265,0.3644021643741159,0.4589471802515508,127,3.334384230335691,28.061098729368812,1:3=148;10:4=134;1:4=109;9:4=80;1:2=61,0.02296181494176396,0.009192123543471098,139
768,1691509909.8660414,1091,939,939,939,0.9999999999999997,1.0,1.0,1.0,1.0000000000000002,45.283649024941674,435.74260706499143,457.97374391006707,0.1039229313147878,0.0988782645885352,0.9514576170780629,10.113446106293704,37.53378027677536,606.5937945842743,604.6790199875832,0.03997207697207174,0.6459997812399088,0.6439606176651578,56,881,842,0.059637912673056445,0.9382321618743344,0.8966986155484558,0,True,0.6844746824699666,-0.725005131476065,-0.07656349254711585,0.44969634736923636,0.4037278612502428,0.5691819423278214,0.4047986606184174,0.3292761052945152,0.4903641928985158,121,3.358099337040564,28.7345242983361,1:3=150;10:4=132;1:4=91;9:4=77;1:2=63,0.02494433479111617,0.009808048605918884,152
769,1691509909.9660707,1091,945,945,945,0.9999999999999998,1.0,1.0,1.0,1.0000000000000002,40.467890996537406,430.89661523480913,473.63549376865353,0.09391554624880304,0.08544100163300658,0.9097641982154316,11.703982641674598,31.701219379901886,418.4850813150406,459.9223585128784,0.03354626389407607,0.44284135588893186,0.4866903264686544,46,465,510,0.04867724867724868,0.49206349206349204,0.5396825396825397,0,True,-0.6823466616151037,0.7286599622866501,0.0588021491370936,0.4621327506207047,0.41546929411173084,0.5549744702703499,0.48369196867775965,0.43187737277032506,0.41555828265171807,124,3.242413063015454,25.59541062658956,10:4=147;1:3=138;1:4=115;9:4=91;1:2=52,0.026905811551011717,0.009914224036037922,146
770,1691509910.0657663,1097,956,956,956,0.9999999999999997,1.0,1.0,1.0,1.0000000000000002,46.402784938108276,437.10594347154563,472.491271590346,0.10615912602233689,0.09820876644328763,0.9251090332320895,10.182390393605722,34.666379570961,425.63461780548096,461.07051372528076,0.03626190331690481,0.4452244956124278,0.48229133234862004,50,467,506,0.05230125523012552,0.4884937238493724,0.5292887029288703,0,True,-0.6833767728042879,0.7272693686826218,0.06383926509270736,0.458944414063554,0.4170944165193998,0.5548018282638132,0.48358904856146523,0.4462456497990351,0.39324510865292106,136,3.320472678265937,27.67342809554423,10:4=148;1:3=145;1:4=105;9:4=86;1:2=56,0.023711007055364382,0.009902485180646181,141
771,1691509910.1657465,1103,970,970,970,0.9999999999999997,1.0,1.0,1.0,1.0000000000000002,50.46632730932184,443.06117324801573,476.4724994426624,0.11390374593052395,0.10591655839183399,0.9298777448148037,9.44139438802893,41.253236293792725,440.3823210000992,476.8971465229988,0.042529109581229615,0.4540023927836074,0.49164654280721526,64,477,520,0.06597938144329897,0.4917525773195876,0.5360824742268041,0,True,-0.7048387268928976,0.7068544676381044,0.05965844996352755,0.44533956439585226,0.42721961106715334,0.5556336883097756,0.3870432141585538,0.45896588916165837,0.4048431984088027,133,3.3848661900683537,29.514043179813296,1:3=159;10:4=132;1:4=92;9:4=75;1:2=58,0.02714549843476818,0.01019258564338088,133
772,1691509910.2657588,1119,956,956,956,0.9999999999999998,1.0,1.0,1.0,1.0000000000000002,49.20166442959651,442.3640276024159,464.43430796798725,0.11122437937882589,0.10593891016549946,0.9524792204474855,9.43940237291269,38.54638260602951,435.005168735981,457.0815369486809,0.04032048389752041,0.4550263271296872,0.4781187624986202,56,470,496,0.058577405857740586,0.4916317991631799,0.5188284518828452,0,True,0.6847086323179602,-0.7264222631136439,-0.05903206317011328,0.4533234786186451,0.4135200271662133,0.5594091075955028,0.42455317814304905,0.4222243543161246,0.39659375427617094,126,3.3107672859992836,27.406145758520974,10:4=138;1:3=138;1:4=119;9:4=75;1:2=61,0.026043413634755413,0.009800362400710583,163
773,1691509910.3659084,1138,1007,1007,1007,0.9999999999999997,1.0,1.0,1.0,1.0000000000000002,50.63748414570779,469.4442826360555,486.91823321823676,0.10786686731248432,0.10399586766555129,0.9641131726230727,9.615766688114771,37.12742781639099,658.9957080483437,664.2867307662964,0.03686934241945481,0.6544148044174217,0.6596690474342566,52,948,932,0.05163853028798411,0.9414101290963257,0.9255213505461768,0,True,-0.6980092114390448,0.713160076618817,0.06469811329000241,0.4427131189555903,0.41664508660575666,0.5680576574907092,0.3691981618688919,0.391451042628952,0.44479197840156204,130,3.2630388345130776,26.128817774387056,1:3=178;10:4=159;1:4=99;1:2=72;9:4=66,0.023577283238077732,0.00931707676500082,131
774,1691509910.4662457,1157,1026,1026,1026,0.9999999999999997,1.0,1.0,1.0,1.0000000000000002,52.33151075641488,470.4435971359783,503.2248921076065,0.11123865023353445,0.10399229365868617,0.9348575647076328,9.616097162758107,40.36256945133209,656.2323119044304,692.2691366672516,0.03933973630734122,0.639602643181706,0.6747262540616488,60,944,972,0.05847953216374269,0.9200779727095516,0.9473684210526315,0,True,0.6859478654853468,-0.7245678362480916,-0.0669102123061519,0.4525432360249315,0.4107304725589556,0.56301479881151,0.4225078821414813,0.37770668478831904,0.4443183356550443,134,3.3110160288363613,27.41296368889083,1:3=163;10:4=149;1:4=125;9:4=67;1:2=62,0.023016988629829243,0.009252052754163742,131
775,1691509910.566386,1161,1010,1010,1010,0.9999999999999997,1.0,1.0,1.0,1.0000000000000002,47.30616300196891,469.94899397067013,492.7448430273608,0.10066233486802895,0.0960053944173742,0.9537370113979562,10.416081367809358,38.50102871656418,543.1816432476044,598.4789912104607,0.038119830412439784,0.537803607175846,0.5925534566440205,58,741,812,0.05742574257425743,0.7336633663366336,0.803960396039604,0,True,0.686160182709265,-0.7256436913603974,-0.05123901690357151,0.447247519960329,0.40589731748491864,0.574785516727658,0.4036442606862769,0.34525782898364976,0.5276425620831431,135,3.277342584336435,26.50524357933036,1:3=173;10:4=146;1:4=108;1:2=80;9:4=74,0.025893685097869264,0.01010192185640335,151
776,1691509910.6658375,1173,1040,1040,1040,0.9999999999999998,1.0,1.0,1.0,1.0000000000000002,47.380526647158156,483.4897824466101,509.12969090623164,0.09799695540079009,0.09306180231371422,0.9496397304702786,10.745547315202096,38.1779807806015,672.7750988006592,703.7430605888367,0.03670959690442452,0.6468991334621723,0.6766760197969584,59,964,992,0.05673076923076923,0.926923076923077,0.9538461538461539,0,True,0.6786862398745384,-0.7316519393666565,-0.06379990145737885,0.4548206694411708,0.40493598499205274,0.5687395570438161,0.4163542986598536,0.3625456833533741,0.44358434110255734,123,3.243333193147887,25.618972573525376,1:3=184;10:4=163;1:4=109;1:2=69;9:4=66,0.022676662591010623,0.008816463872790337,133
777,1691509910.7653735,1212,1062,1062,1062,0.9999999999999997,1.0,1.0,1.0,1.0000000000000002,52.6037853560143,491.23137637834,518.1648382656462,0.10708555659420979,0.10151940361697422,0.9480214404793359,9.850333673875111,44.155822575092316,570.8353295922279,630.0765827894211,0.041577987358843986,0.537509726546354,0.5932924508374963,66,780,855,0.062146892655367235,0.7344632768361582,0.8050847457627118,0,True,0.6873721893222271,-0.7239070747220843,-0.05897474471062437,0.447266944146161,0.4071668973228297,0.5730912084887838,0.41075442662120276,0.386496080836617,0.5430680939547126,133,3.3076564768533636,27.321022938709547,1:3=183;10:4=144;1:4=118;9:4=83;1:2=62,0.02666965277319321,0.009940724819898605,150
778,1691509910.865235,1226,1083,1083,1083,0.9999999999999998,1.0,1.0,1.0,1.0000000000000002,59.3789825630694,493.59059612814997,530.0304213087808,0.12030006857677845,0.11202938581609617,0.9312495590523813,8.92622942378322,52.20621418952942,685.8969902396202,701.0694947838783,0.04820518392384988,0.6333305542378764,0.647340253724726,77,998,978,0.07109879963065559,0.9215143120960295,0.9030470914127424,0,True,0.6824407831327517,-0.7284884592277824,-0.05982593324878706,0.4506054606392331,0.40578224847820055,0.5680707834950921,0.41738897861711766,0.34514689959498007,0.4453548715389502,139,3.3781277974506008,29.315834522992233,1:3=174;10:4=146;1:4=119;9:4=76;1:2=72,0.024960448618427927,0.009992637671530247,143
779,1691509910.9659169,1202,1062,1062,1062,0.9999999999999998,1.0,1.0,1.0,1.0000000000000002,57.74077957896587,486.986545635583,517.2726747854509,0.11856750478312779,0.11162542000293173,0.9414503594986344,8.958532921746105,47.04082804918289,468.0019600391388,517.5785005688667,0.04429456501806299,0.44067981171293674,0.48736205326635285,68,553,619,0.064030131826742,0.5207156308851224,0.5828625235404896,0,True,-0.7072081031724471,0.7042117702460862,0.06278918262012062,0.43556063543731127,0.4164581571995141,0.5732309553698755,0.3462684322420354,0.37980244800679364,0.5045277106950725,141,3.3288325387604685,27.905743804295426,1:3=182;10:4=151;1:4=110;9:4=81;1:2=71,0.02611872080598953,0.01184952026233077,140
780,1691509911.066085,1193,1042,1042,1042,0.9999999999999998,1.0,1.0,1.0,1.0000000000000002,57.55927782049101,473.1542535506499,511.2864686288589,0.1216501328870109,0.11257735409045823,0.9254190802653746,8.882781160378661,47.55668359994888,459.7955849170685,537.7234153747559,0.04563981151626572,0.4412625575019851,0.5160493429700153,66,562,671,0.06333973128598848,0.5393474088291746,0.6439539347408829,0,True,-0.705257877002194,0.7062603848649577,0.0617057185093919,0.4385848240694479,0.4178891617348451,0.5714473303177917,0.3777907715664267,0.40130277871478903,0.4969265610548806,145,3.32553233259444,27.813800895251156,1:3=184;10:4=158;1:4=117;9:4=70;1:2=61,0.0240303426196009,0.00962251890450716,151
781,1691509911.1663473,1171,1046,1046,1046,0.9999999999999997,1.0,1.0,1.0,1.0000000000000002,54.12311356259188,477.85554002357924,514.0213464138288,0.11326250096403871,0.10529351347019428,0.9296414309589135,9.497261199124795,39.84014058113098,633.4982314705849,653.36327958107,0.03808808850968545,0.60563884461815,0.6246302864063766,57,915,901,0.05449330783938815,0.8747609942638623,0.861376673040153,0,True,0.6992789157935594,-0.7121231335136529,-0.062366983583303184,0.4437140108606185,0.41154231785718476,0.5711321963505157,0.37878304167595317,0.3654568624332739,0.5317688915041012,137,3.415643306477211,30.436523143423003,1:3=165;10:4=151;1:4=112;1:2=66;9:4=64,0.025070623159929972,0.009560247883200645,125
782,1691509911.2658565,1115,984,984,984,0.9999999999999998,1.0,1.0,1.0,1.0000000000000002,50.81726498807702,445.0989575839275,488.0837774279954,0.11417071220279136,0.1041158656324607,0.9119314719481549,9.604684107704573,39.37052822113037,624.3320719599724,666.2883422374725,0.04001069941171786,0.6344838129674516,0.6771222990218216,56,902,928,0.056910569105691054,0.9166666666666666,0.943089430894309,0,True,-0.6925779992313553,0.7185086446882729,0.06388303756799887,0.4485725461093455,0.4149895959550475,0.5613302202222383,0.39825188370311726,0.37656222777956116,0.42616602715666035,128,3.2760917954657347,26.472111840370783,1:3=170;10:4=145;1:4=119;1:2=60;9:4=58,0.026990575358874624,0.012496988754719496,131
783,1691509911.366022,1084,953,953,953,0.9999999999999998,1.0,1.0,1.0,1.0000000000000002,52.320981042491645,439.0675846958285,461.61143426167996,0.11916384371380523,0.11334420501557971,0.9511627141517649,8.822683081702724,41.99536508321762,611.6794023513794,636.7330585122108,0.04406649011880128,0.6418461724568514,0.6681354234126032,62,877,897,0.06505771248688352,0.9202518363064008,0.9412381951731374,0,True,0.6992718381752202,-0.7102931399792538,-0.08063840048922848,0.4471334745114944,0.41725721497379437,0.5642463374327532,0.4049725641091843,0.4023784362349725,0.4396661440150427,131,3.349155449413086,28.478671805489807,1:3=176;10:4=140;1:4=82;1:2=60;9:4=55,0.025267407459901286,0.010878759436309338,131
784,1691509911.4665902,1044,927,927,927,0.9999999999999997,1.0,1.0,1.0,1.0000000000000002,45.311222048686595,410.7705166701721,470.9182612811414,0.11030787315504731,0.09621886805879352,0.8722756164788847,10.392971983301244,33.263649225234985,402.9977844953537,466.93996238708496,0.03588311674782631,0.434733316607717,0.5037108547864995,47,440,509,0.05070118662351672,0.4746494066882416,0.5490830636461704,0,True,-0.6947116139757832,0.7150891441334968,0.07760985343102988,0.46381249494832266,0.4314069045566693,0.5448328993002335,0.4980239050975877,0.49323217827422144,0.34171439326728226,124,3.2855185911730027,26.72283895052772,1:3=154;10:4=146;1:4=77;9:4=75;1:2=63,0.025079255202256134,0.012597549706697464,117
785,1691509911.567282,1037,909,909,909,0.9999999999999997,1.0,1.0,1.0,1.0000000000000002,46.3637391435599,407.4120612133114,455.2241996431288,0.11380060522873163,0.10184814247552429,0.8949701301747588,9.818539402820388,34.43700420856476,396.7317352294922,451.024278819561,0.037884493078729105,0.43644855360780216,0.4961763243339505,50,433,497,0.05500550055005501,0.47634763476347636,0.5467546754675467,0,True,0.6903677363589923,-0.7202400638762948,-0.06816625985069481,0.45961711101096336,0.4229526804212097,0.5473819107651953,0.4659739605571087,0.43709308175878636,0.3478807183252587,116,3.2459778985040866,25.686816882069454,1:3=168;10:4=141;1:4=84;10:5=53;9:4=52,0.02676544599306674,0.011440052650868893,128
786,1691509911.6677568,1019,899,899,899,0.9999999999999998,1.0,1.0,1.0,1.0000000000000002,50.73132647774244,399.12794033634566,449.1407331859118,0.1271054249797473,0.11295196077605221,0.8886478354015945,8.853321298093105,41.461200058460236,393.94368958473206,446.0879238843918,0.04611924366903252,0.4382021018740067,0.49620458719064714,58,423,480,0.06451612903225806,0.47052280311457173,0.5339265850945495,0,True,-0.6938538698883635,0.7171121700634704,0.06570344578332404,0.4631457151774357,0.42818295253115896,0.5439309235825223,0.46107430123935744,0.49412366118680434,0.3534621667629533,132,3.384018915421398,29.489047269993545,1:3=141;10:4=122;1:4=84;9:4=61;10:3=54,0.024307134192521455,0.011026963591575623,120
787,1691509911.7694721,1063,919,919,919,0.9999999999999998,1.0,1.0,1.0,1.0000000000000002,53.79606459936632,403.353203411201,461.85073198943263,0.13337210202970318,0.11647933168285463,0.8733410504163278,8.585214093799586,42.88975101709366,400.6967086791992,468.084808409214,0.0466700228695252,0.43601382881305684,0.5093414672570338,63,421,497,0.06855277475516866,0.4581066376496192,0.5408052230685527,0,True,0.697838790816602,-0.7136119403580846,-0.061473739189933506,0.45970451107547977,0.433474164463847,0.5423536955652066,0.44182000718176334,0.48673055727925024,0.352923494520212,122,3.3237903249480203,27.765391218670977,1:3=155;10:4=145;1:4=85;9:4=60;1:2=49,0.023350348956132694,0.011779571883380413,144
788,1691509911.86989,1054,917,917,917,0.9999999999999997,1.0,1.0,1.0,1.0000000000000002,47.10212036906548,412.76729797115513,457.1305816597796,0.11411301379877496,0.10303865516510409,0.9029527109572338,9.705095610939885,35.70002210140228,406.2571209669113,456.4282969236374,0.03893132181178002,0.44302848524199706,0.49774078181421744,53,436,495,0.05779716466739367,0.47546346782988,0.5398037077426391,0,True,-0.6922759482094802,0.7183654340047647,0.06859383906598744,0.45674231744173155,0.4253724155828816,0.5513342207947634,0.43315672098678987,0.4630395193435812,0.3424083326166391,125,3.325343984892507,27.80856272308484,1:3=163;10:4=124;1:4=83;10:3=62;9:4=53,0.025601157250321666,0.011253145523369312,137
789,1691509911.9712245,1099,989,989,989,0.9999999999999997,1.0,1.0,1.0,1.0000000000000002,53.767001822366524,449.5045429926401,485.7284551849933,0.11961392306383624,0.11069353925721515,0.9254235328285285,9.0339509126755,46.43535751104355,596.2688525319099,651.9918465018272,0.04695182761480642,0.6029007609018301,0.6592435252799063,66,853,919,0.06673407482305359,0.8624873609706775,0.9292214357937311,0,True,0.6882695717888511,-0.7219145749316569,-0.07158451683735137,0.4575958149672294,0.4165273886485248,0.5578476203037442,0.44510292137746205,0.4278578824383423,0.3653158243437942,131,3.2597496188974144,26.043015647150423,1:3=172;10:4=160;1:4=99;9:4=71;1:2=61,0.025853393276247822,0.010058113373816013,110
790,1691509912.0721917,1143,1034,1034,1034,0.9999999999999998,1.0,1.0,1.0,1.0000000000000002,59.01796879929599,473.71183685922347,501.2701943414805,0.12458622353748532,0.11773684026202276,0.9450229481159149,8.493518237575469,47.01066076755524,455.23550736904144,492.3606131672859,0.04546485567461822,0.44026644813253524,0.47617080577106957,64,534,578,0.061895551257253385,0.5164410058027079,0.5589941972920697,0,True,0.6918479005078995,-0.717751341600993,-0.07860975889027177,0.4485994337341884,0.40911403002219987,0.5727350732923612,0.39636041249703624,0.38140516090104487,0.5154410274127259,141,3.3643548325606236,28.91483636904503,1:3=191;10:4=158;1:4=86;9:4=70;1:2=68,0.02719542968864783,0.010098366998136044,109
791,1691509912.172804,1213,1080,1080,1080,0.9999999999999997,1.0,1.0,1.0,1.0000000000000002,51.90482537230688,496.76876149690526,531.3264131307877,0.10448488189133091,0.09768914943727885,0.93495965798076,10.236551405763322,39.81432491540909,490.5017566680908,514.6063648462296,0.03686511566241582,0.45416829321119523,0.47648737485761994,58,545,560,0.053703703703703705,0.5046296296296297,0.5185185185185185,0,True,-0.6974603676968244,0.7131671493848429,0.07029688848382662,0.43925097980988104,0.4071738137951162,0.5788670972533595,0.3584616029687346,0.3454761464644023,0.5531482457821983,130,3.259573446036233,26.038427978693274,1:3=186;10:4=161;1:4=114;9:4=76;1:2=76,0.022982484869656105,0.00992684904485941,133
792,1691509912.2733624,1246,1103,1103,1103,0.9999999999999998,1.0,1.0,1.0,1.0000000000000002,60.23167154732556,487.8695428402842,554.8987856123902,0.12345856065674475,0.10854532954303274,0.8792045603449429,9.212740927775714,51.85264652967453,495.69804352521896,548.5904021263123,0.04701055895709386,0.44940892432023477,0.4973621052822414,74,532,573,0.06708975521305531,0.4823209428830462,0.5194922937443336,0,True,-0.6890398805871082,0.7211849032536468,0.07152886326184169,0.4375993600539545,0.3954975897713466,0.5882844170845365,0.35046627853851836,0.27747705102439,0.7145474047727307,142,3.3182551096545394,27.612128363331493,1:3=205;10:4=151;1:4=111;1:2=79;9:4=70,0.024363050763308663,0.010072512552142143,143
793,1691509912.372765,1273,1120,1120,1120,0.9999999999999998,1.0,1.0,1.0,1.0000000000000002,59.93446865224325,502.7262936240416,557.3392377237153,0.11921888592734835,0.10753678297804328,0.9020113058561535,9.299143719076836,51.812968254089355,509.8139892220497,548.2437906861305,0.04626157879829407,0.45519106180540153,0.48950338454118797,74,552,576,0.06607142857142857,0.4928571428571429,0.5142857142857142,0,True,-0.7062199100147188,0.7042626327332658,0.07257811539583661,0.4300741331622867,0.407004862066879,0.5843188341175823,0.298622996508888,0.3095014038672554,0.5907901633489085,145,3.2892713623183205,26.823312057835253,1:3=220;10:4=160;1:4=113;1:2=75;9:4=61,0.02813922173899801,0.011256041936576366,153
794,1691509912.470561,1239,1107,1107,1107,0.9999999999999998,1.0,1.0,1.0,1.0000000000000002,60.26900490979252,505.7698310047929,540.9611640854149,0.11916291011280462,0.11141096424488683,0.9349466552924943,8.975777265529722,49.508436501026154,649.0777989029884,682.4848913550377,0.04472306820327566,0.5863394750704503,0.6165175170325544,70,929,941,0.06323396567299007,0.8392050587172538,0.8500451671183379,0,True,0.6986872935006896,-0.7118692844264402,-0.07126140463721922,0.4433876550749143,0.4130380232930217,0.5681810095748041,0.3659513091786789,0.3759856644333332,0.4488337515153609,141,3.2710121464968243,26.337983754958277,1:3=205;10:4=184;1:4=110;1:2=70;9:4=66,0.022853948942820886,0.009496567770838737,132
795,1691509912.5684783,1195,1060,1060,1060,0.9999999999999998,1.0,1.0,1.0,1.0000000000000002,49.31753001349911,487.7273316754745,522.9551383110262,0.10111701110552926,0.09430546982056354,0.9326370389067674,10.603838800683729,39.08850306272507,469.9984385371208,509.73171430826187,0.036875946285589684,0.4433947533369064,0.4808789757625112,57,550,592,0.05377358490566038,0.5188679245283019,0.5584905660377358,0,True,-0.6884370431786023,0.7229663444716075,0.05808702385959297,0.44576828508139443,0.40299044577565374,0.5761488640635596,0.38044940656450404,0.34120568124090656,0.5714164637734791,126,3.2404969743044134,25.54641450468188,1:3=202;10:4=150;1:4=99;9:4=74;1:2=72,0.02184936484444048,0.009218789637088776,135
796,1691509912.6656911,1150,1038,1038,1038,0.9999999999999998,1.0,1.0,1.0,1.0000000000000002,57.86917217116411,470.60613300010834,509.5246948287276,0.12296731409395123,0.1135748134653539,0.9236179085653514,8.804769028346684,52.093001306056976,499.191177546978,571.0547542572021,0.05018593574764641,0.48091635601828325,0.5501490888797709,75,641,754,0.07225433526011561,0.617533718689788,0.7263969171483622,0,True,0.6950008133666998,-0.7161646266893512,-0.06389128969215985,0.45413388732590493,0.4208431396318851,0.5552323313376311,0.4459817920078719,0.44839345274730036,0.3777381855840375,128,3.3119779178049047,27.439344601978863,1:3=174;10:4=142;1:4=98;9:4=80;1:2=73,0.02584838419132191,0.010653589386492968,112
797,1691509912.7629075,1119,990,990,990,0.9999999999999998,1.0,1.0,1.0,1.0000000000000002,50.75493682085415,454.24921839838134,484.99584478076457,0.11173368002659177,0.10465025085688556,0.9366043509171057,9.555638823719113,40.500900864601135,603.2273356318474,658.0478576421738,0.04091000087333448,0.6093205410422701,0.6646948056991654,60,860,931,0.06060606060606061,0.8686868686868687,0.9404040404040404,0,True,0.6872340241845475,-0.7222190438743397,-0.078160403455633,0.45585454309892065,0.4155653486231973,0.5633680528593824,0.42389737553757223,0.40443499688928586,0.4382136185241702,133,3.314434194279757,27.506826061242556,1:3=185;10:4=148;1:4=81;1:2=67;9:4=63,0.023851730327769213,0.010593796148896217,129
798,1691509912.8602958,1116,1011,1011,1011,0.9999999999999998,1.0,1.0,1.0,1.0000000000000002,52.79018341063587,457.4471326996821,500.7626838896823,0.1154017145087082,0.10541956321622702,0.9135008406506132,9.485905362260807,41.18680262565613,525.7227360010147,640.326596736908,0.04073867717671229,0.5200027062324577,0.6333596406893254,61,707,895,0.06033630069238378,0.6993076162215628,0.8852621167161226,0,True,0.6894757242500951,-0.7209514159301653,-0.06965831994885313,0.45709340230276796,0.41834145678269485,0.5557262154760437,0.4270138045723148,0.4117415881476496,0.3663173988279394,134,3.3088474295562715,27.35358036815571,1:3=178;10:4=150;1:4=108;9:4=64;1:2=61,0.022768317701610145,0.009929051622748375,105
799,1691509912.9578388,1124,985,985,985,0.9999999999999997,1.0,1.0,1.0,1.0000000000000002,51.44977822432263,443.7219147117055,489.8283070639718,0.11595050079451343,0.10503635147734176,0.9058723399865807,9.520513478761856,43.32389807701111,431.61808371543884,478.94970655441284,0.04398365287006204,0.4381909479344557,0.48624335690803333,61,475,527,0.06192893401015229,0.48223350253807107,0.5350253807106599,0,True,0.6781369416135915,-0.7326167527987273,-0.05833508324852697,0.46647534567454807,0.4182569114967962,0.5512186170208848,0.4597029469120707,0.45602060306163594,0.3704977618909784,124,3.207665012887091,24.721294874869365,1:3=177;10:4=152;1:4=104;9:4=77;10:3=52,0.022611830996362665,0.00975255947560072,139
800,1691509913.0568666,1120,991,991,991,0.9999999999999998,1.0,1.0,1.0,1.0000000000000002,53.664738079359445,455.9233185973675,481.41194332327296,0.11770562261315605,0.11147363255864019,0.947054440423823,8.970731257671671,48.77104765176773,453.1761375069618,482.52293968200684,0.04921397341248005,0.45729176337735805,0.4869050854510664,75,487,522,0.07568113017154389,0.49142280524722504,0.5267406659939455,0,True,-0.6836421395172617,0.726539336533046,0.0690942656548422,0.45825761159998735,0.4164560676071133,0.5634939286935122,0.4495221666654005,0.41834472386341776,0.424540406638754,129,3.3164430700827774,27.56213939874573,1:3=185;10:4=166;1:4=82;9:4=64;10:5=51,0.026350332774084516,0.01189762819558382,129
801,1691509913.1557062,1126,997,997,997,0.9999999999999997,1.0,1.0,1.0,1.0000000000000002,48.56164106374215,460.8598508151804,487.57850812107733,0.10537181960599326,0.09959758327100657,0.9452013227390612,10.040404266426671,39.83209550380707,503.1376233100891,574.4458757638931,0.03995195135788071,0.5046515780442218,0.5761743989607755,59,656,778,0.05917753259779338,0.6579739217652959,0.7803410230692076,0,True,0.6703466448639966,-0.7399249377335065,-0.05609333507333411,0.4643216554323776,0.40667805918138045,0.5660616025506116,0.4715362488608068,0.4043445404974912,0.44729394812923545,128,3.274064386753378,26.418496418742595,1:3=177;10:4=158;1:4=95;10:3=64;9:4=64,0.023340292248498252,0.010631495155394077,129
802,1691509913.255148,1184,1051,1051,1051,0.9999999999999997,1.0,1.0,1.0,1.0000000000000002,56.40661268187435,481.6721160802864,512.921271237839,0.11710582946111903,0.10997128769050189,0.9390761177009901,9.093282628592599,46.87676239013672,678.6642149090767,699.2579547166824,0.0446020574596924,0.6457318885909388,0.665326312765635,68,977,977,0.06470028544243578,0.9295908658420552,0.9295908658420552,0,True,-0.674883626935697,0.7341615340125983,0.0744240019777736,0.4607241674971646,0.407187313324198,0.5667951610529447,0.4308945733658502,0.3704860425129088,0.4551317668953909,135,3.2877547347890834,26.782661917695638,1:3=210;10:4=177;1:4=85;1:2=70;9:4=61,0.028515914759824124,0.011306828819215298,133
803,1691509913.3562024,1076,941,941,941,0.9999999999999997,1.0,1.0,1.0,1.0000000000000002,45.71679758625263,425.9236051553844,469.35959725836295,0.10733567483204962,0.09740249875211869,0.9074569000896154,10.2666770648761,35.461051285266876,426.05913054943085,460.9570058584213,0.03768443282175014,0.45277272109397537,0.4898586672246773,53,468,496,0.0563230605738576,0.4973432518597237,0.5270988310308182,0,True,-0.6943575808577152,0.716430969108525,0.06778064921230323,0.438048517906967,0.4016290835495227,0.5847990102734495,0.33392309126437336,0.3052438195797044,0.6235853242821296,131,3.3181130620851813,27.60820640617151,1:3=176;10:4=136;1:4=88;1:2=69;9:4=58,0.0284797870286675,0.012601071037352085,135
804,1691509913.459344,997,884,884,884,0.9999999999999998,1.0,1.0,1.0,1.0000000000000002,48.072627588469004,405.25462397279796,430.6727484387329,0.11862326731081493,0.11162217196871876,0.9409804206138412,8.958793601330765,39.5356662273407,384.77360767126083,427.1063559651375,0.044723604329570926,0.43526426207156205,0.4831519863859021,55,450,505,0.06221719457013575,0.5090497737556561,0.5712669683257918,0,True,0.6734457198300807,-0.7366535006108113,-0.06174530330625703,0.4567470219720284,0.3993907886706487,0.5762380303396968,0.4032536212653153,0.34271432440826965,0.5273227619279073,114,3.2866409660707925,26.752848832182046,1:3=153;10:4=139;1:4=89;1:2=60;9:4=59,0.025662532709011397,0.013062269892543554,113
805,1691509913.562887,944,830,830,830,0.9999999999999998,1.0,1.0,1.0,1.0000000000000002,53.045790376072624,369.17304779148515,407.78116183244197,0.14368814487788323,0.1300839649818577,0.9053214869773191,7.687342557089694,43.482971012592316,351.7175050973892,403.65232115983963,0.05238912170191845,0.4237560302378183,0.48632809778293934,60,413,474,0.07228915662650602,0.4975903614457831,0.5710843373493976,0,True,0.6927104021017013,-0.7179794157025898,-0.06824849776710801,0.44554491399489304,0.40838903667343845,0.5709068153103906,0.36665934886876617,0.3363366328188606,0.5074078527760474,125,3.372183569240314,29.142091408358358,1:3=140;10:4=96;1:4=84;1:2=60;9:4=52,0.02386646447046659,0.013695884961634874,114
806,1691509913.6664982,1019,889,889,889,0.9999999999999998,1.0,1.0,1.0,1.0000000000000002,41.296975304193374,399.6111010275247,448.091923668282,0.10334291314231757,0.09216183805795419,0.8918060779942841,10.850478040283543,33.14867663383484,396.06639617681503,440.0429441332817,0.037287600263031316,0.44551900582318904,0.4949864388450863,49,437,478,0.05511811023622047,0.4915635545556805,0.5376827896512936,0,True,-0.6945104372768643,0.7163171234445717,0.06741684636345067,0.43831267973787413,0.4021849446844831,0.5864773524498502,0.34950197970665464,0.30035742130354093,0.6606269448655931,126,3.266687945281985,26.22433890229798,1:3=161;10:4=128;1:4=95;1:2=64;9:4=49,0.024753770157544503,0.011524728499352932,130
807,1691509913.7709904,1060,942,942,942,0.9999999999999998,1.0,1.0,1.0,1.0000000000000002,52.384194738813115,425.248498873928,464.36730638725885,0.12318490218667011,0.11280767189739957,0.9157589111566184,8.864645313392483,44.87590605020523,419.5414184331894,451.3979620337486,0.047638966083020415,0.4453730556615599,0.47919104249867156,67,468,494,0.07112526539278131,0.4968152866242038,0.524416135881104,0,True,-0.6855564475095898,0.7249599826498434,0.06667368922123221,0.44463813521795165,0.4008597541929057,0.5787024520378321,0.35771076297474025,0.29232123761446993,0.5756969037196414,135,3.3110203428312075,27.413081948529992,1:3=187;10:4=144;1:4=87;1:2=58;9:4=55,0.02949493667570261,0.013012442737817764,118
808,1691509913.8748672,1064,925,925,925,0.9999999999999998,1.0,1.0,1.0,1.0000000000000002,43.48912311291269,425.1459678673142,456.3649090197733,0.10229221585016987,0.095294625536225,0.9315921523863123,10.493771231829472,33.37712049484253,568.3438881635666,616.7978277206421,0.03608337350793787,0.6144258250416936,0.6668084624006941,51,812,869,0.055135135135135134,0.8778378378378379,0.9394594594594594,0,True,0.7056707531965293,-0.7048589865170083,-0.07212903166727538,0.4453733358978474,0.4229248556575536,0.5627548709831028,0.4080234953098755,0.4356635242232955,0.4813431388436825,124,3.2730821379776995,26.392559623258176,1:3=174;10:4=139;1:4=80;1:2=66;9:4=64,0.03158144589394826,0.015375237911939621,139
809,1691509913.9767559,1101,974,974,974,0.9999999999999998,1.0,1.0,1.0,1.0000000000000002,62.623358868775426,436.614591409333,474.7620497218915,0.14342937707747164,0.13190472765348293,0.919649309933461,7.581229405416198,54.86042100191116,423.52871799468994,473.9764351248741,0.05632486755843035,0.43483441272555434,0.486628783495764,80,463,527,0.08213552361396304,0.4753593429158111,0.5410677618069816,0,True,0.6773172163538539,-0.7322446116135471,-0.07112817440081189,0.4643241549555448,0.41526435551208396,0.5512622049416345,0.4303142776264418,0.3947457511469483,0.38563988309807673,130,3.3532183028984877,28.594611840699432,1:3=177;10:4=150;1:4=79;1:2=60;9:4=58,0.035119103923831524,0.016438771970570087,127
810,1691509914.0779428,1186,1042,1042,1042,0.9999999999999998,1.0,1.0,1.0,1.0000000000000002,64.57483845691648,465.8730231838123,511.55213835927134,0.13861038360969485,0.12623315125615706,0.9107048690638492,7.921849292748482,54.70665693283081,467.39289224147797,499.3628036379814,0.05250159014667064,0.44855363938721493,0.47923493631284203,78,514,534,0.07485604606525911,0.4932821497120921,0.5124760076775432,0,True,-0.7080776732786905,0.7021126229291053,0.07525870931558903,0.43332963232147187,0.4113130276835773,0.5764922417784925,0.33031898353841727,0.3083357808766287,0.5519340837027711,136,3.42328104057688,30.669879235601332,1:3=174;10:4=121;1:4=110;1:2=75;9:4=59,0.028962621270326512,0.012808219995349646,144
811,1691509914.177867,1247,1095,1095,1095,0.9999999999999998,1.0,1.0,1.0,1.0000000000000002,59.35231535629571,486.1725803024311,549.4751043412734,0.1220807543678722,0.10801638670681718,0.8847945547692625,9.25785457640093,49.43435901403427,492.53404998779297,543.9865627884865,0.04514553334615002,0.4498027853769799,0.4967913815419968,72,530,571,0.06575342465753424,0.4840182648401826,0.5214611872146119,0,True,-0.7017908216832146,0.7087045580434179,0.07230139701058955,0.43040124804630947,0.40413928307328956,0.5884640816040748,0.3175751011475962,0.3325047778696521,0.6476669733277688,137,3.304477728594038,27.234314170285426,1:3=209;10:4=158;1:4=113;1:2=78;9:4=61,0.027821269023239403,0.014115581288933754,152
812,1691509914.2754343,1294,1130,1130,1130,0.9999999999999998,1.0,1.0,1.0,1.0000000000000002,60.25488033943426,507.63614442044224,562.1089752401236,0.11869698602377106,0.10719430394025353,0.9030920458147612,9.328853896540679,45.72312372922897,499.89234721660614,553.7671488523483,0.040462941353299975,0.4423826081562886,0.4900594237631401,66,559,615,0.0584070796460177,0.4946902654867257,0.5442477876106194,0,True,-0.6726920331027062,0.7376879812259208,0.057461908730679634,0.449715782165919,0.39583285379995325,0.5830211451929894,0.3688678496869723,0.3381030504181056,0.6049401351027136,148,3.4402638721978365,31.195188625351808,1:3=205;10:4=143;1:4=114;9:4=71;1:2=67,0.028053980901806358,0.011561797931790352,164
813,1691509914.3727164,1270,1108,1108,1108,0.9999999999999998,1.0,1.0,1.0,1.0000000000000002,54.31380641330047,512.3369259305474,541.3492676561522,0.10601189112936059,0.10033043297252389,0.9464073501914618,9.967065529098795,42.790778040885925,496.2952162027359,573.8631166219711,0.03861983577697286,0.4479198702190757,0.5179270005613458,63,600,718,0.05685920577617329,0.5415162454873647,0.648014440433213,0,True,0.683076139343143,-0.7272684399124159,-0.06698958252914304,0.4488379381955794,0.40478462442755747,0.5719440436911698,0.3982530486364607,0.36348551181631017,0.5658240076815717,134,3.304747034676526,27.241649524427288,1:3=202;10:4=129;1:4=112;9:4=82;1:2=81,0.02265605918193671,0.010221646632999182,162
814,1691509914.4700608,1198,1056,1056,1056,0.9999999999999997,1.0,1.0,1.0,1.0000000000000002,61.03237283483922,487.57440857861513,507.3932185865456,0.12517550503268166,0.12028614218545963,0.9609399391203137,8.313509618241639,51.343239188194275,673.1312895417213,697.9496278166771,0.048620491655487,0.6374349332781453,0.6609371475536715,77,966,987,0.07291666666666667,0.9147727272727273,0.9346590909090909,0,True,0.6841531625047047,-0.7261909932844446,-0.06768376103145421,0.4542837927868803,0.4108881142834395,0.5652309313735964,0.40207968411661843,0.3917322917206705,0.440792980900219,140,3.365169678292463,28.938407101998553,1:3=183;10:4=154;1:4=106;1:2=62;9:4=58,0.02436845655218918,0.009303107857704163,142
815,1691509914.566882,1156,1009,1009,1009,0.9999999999999998,1.0,1.0,1.0,1.0000000000000002,56.05220737703462,465.1479436252217,487.7998489977436,0.12050404209073945,0.11490820977538659,0.9535631152427301,8.702598377911555,47.57164263725281,634.8101543188095,668.9376575350761,0.047147316786177215,0.6291478239036764,0.6629709192617207,70,909,950,0.06937561942517344,0.9008919722497523,0.9415262636273538,0,True,0.6791875288366427,-0.730565017070316,-0.07056242984636948,0.4557327809396565,0.4079556640834769,0.5640674880963108,0.3871983713623088,0.3734233626701223,0.4004474025012491,128,3.2906652715023648,26.86072738958832,1:3=178;10:4=150;1:4=98;1:2=71;10:5=55,0.021995486080974482,0.00967346876859665,147
816,1691509914.6629148,1116,996,996,996,0.9999999999999997,1.0,1.0,1.0,1.0000000000000002,60.49841539977066,454.5561926981866,480.94539190204307,0.13309336969024646,0.12579061244460935,0.9451305706465084,7.949718826914371,49.428119361400604,446.87713837623596,465.04570204019547,0.049626625864860045,0.44867182567895175,0.46691335546204366,72,532,550,0.07228915662650602,0.5341365461847389,0.5522088353413654,0,True,0.6944992373060842,-0.7149910023106913,-0.0803658882612537,0.45375717481704825,0.4212250122521587,0.5585669230377662,0.4030525237029209,0.4265640924371757,0.4287848334153974,144,3.4060938315876084,30.147253713778262,1:3=171;10:4=149;1:4=88;9:4=64;1:2=57,0.02689706103001752,0.01194956200197339,120
817,1691509914.7587435,1139,996,996,996,0.9999999999999998,1.0,1.0,1.0,1.0000000000000002,54.61784532861608,459.35561050405937,482.02654416732423,0.1189010084554816,0.11330879178648878,0.9529674580423206,8.82544049965982,44.026494920253754,566.0662122964859,637.4319118261337,0.04420330815286522,0.5683395705788011,0.6399918793435078,63,785,904,0.06325301204819277,0.7881526104417671,0.9076305220883534,0,True,0.6807571294310939,-0.7291256870854431,-0.07032398709485357,0.4569409023161416,0.4107816977067467,0.5634074978320281,0.42318350124447446,0.3872162005245227,0.4503612772807748,136,3.373210608043075,29.17203684195725,1:3=164;10:4=130;1:4=98;1:2=66;10:3=60,0.02660197394665728,0.010563418734818697,143
818,1691509914.8561037,1178,1057,1057,1057,0.9999999999999997,1.0,1.0,1.0,1.0000000000000002,62.362399856923446,484.05886101511567,510.5787391279608,0.1288322658243334,0.1221406123635991,0.9480591805327822,8.187284971382905,51.55352830886841,680.8691912889481,695.8360531330109,0.048773442108673994,0.6441524988542555,0.6583122546196886,73,986,977,0.06906338694418164,0.9328287606433302,0.924314096499527,0,True,-0.6812460211357723,0.7285748348049658,0.0712921368426803,0.4567185976115014,0.40933038817295375,0.5637636207684863,0.407877638377304,0.3651358732216924,0.4628620374524491,139,3.3708538378750736,29.10336600825967,1:3=188;10:4=147;1:4=103;9:4=69;1:2=67,0.024934281277462417,0.01045586820691824,121
819,1691509914.9539065,1214,1053,1053,1053,0.9999999999999998,1.0,1.0,1.0,1.0000000000000002,62.41460727883673,467.32156451712655,523.2638282040368,0.13355815784646793,0.11927942256788164,0.8930897557377181,8.383675729406741,56.29728710651398,477.0603383779526,523.2625530362129,0.05346371045252989,0.4530487543950167,0.49692550145889164,81,510,549,0.07692307692307693,0.4843304843304843,0.5213675213675214,0,True,-0.6969280838350196,0.7136459725498973,0.07071542848176152,0.43195995071001586,0.40348362414262334,0.5866906082085985,0.3097452269115402,0.3150139832048345,0.6219541930001706,148,3.3223538251422062,27.72553487324697,1:3=205;10:4=156;1:4=112;1:2=63;9:4=59,0.02593255865682534,0.011666358448565006,161
820,1691509915.0525494,1207,1054,1054,1054,0.9999999999999997,1.0,1.0,1.0,1.0000000000000002,59.493151309478634,466.76498775878696,527.7418609317342,0.12745847025746343,0.1127315373551054,0.884457008838958,8.870632153715695,50.81941747665405,478.96903347969055,525.6809515953064,0.048215766106882406,0.4544298230357595,0.49874853092533816,74,511,547,0.07020872865275142,0.484819734345351,0.5189753320683111,0,True,-0.6849831766798209,0.7249999420423693,0.07192448612386713,0.43774391641894744,0.39388568666904583,0.5903333952822574,0.31630306744041237,0.2755846778812351,0.6446510037502975,134,3.2986285510670488,27.075480806992466,1:3=220;10:4=142;1:4=100;1:2=74;10:5=55,0.026253227450565204,0.012355572544038296,153
821,1691509915.1541104,1144,1006,1006,1006,0.9999999999999997,1.0,1.0,1.0,1.0000000000000002,58.567020170630364,449.10573203580384,498.3272477935659,0.1304080887704218,0.11752722820184217,0.9012265213758645,8.508666589861138,46.63036930561066,445.99099093675613,486.25203347206116,0.04635225577098475,0.44333100490731225,0.48335192194041865,67,495,529,0.06660039761431412,0.49204771371769385,0.525844930417495,0,True,-0.6902195022790419,0.720847209550967,0.06305822037019197,0.4405533801258801,0.4022118536645621,0.579409991218881,0.327339851453082,0.30819335681020077,0.5919524766608344,131,3.392314883027854,29.73470502637663,1:3=179;10:4=129;1:4=99;1:2=78;9:4=54,0.027330725724468975,0.012892976868897676,138
822,1691509915.2568896,1060,934,934,934,0.9999999999999998,1.0,1.0,1.0,1.0000000000000002,50.12383425277481,414.4558378001892,469.42032794703573,0.12093890272801444,0.10677815013249754,0.8829098637734152,9.365211878639332,38.515665113925934,419.7648206949234,464.14479303359985,0.04123732881576653,0.449427002885357,0.4969430332265523,55,453,490,0.058886509635974305,0.48501070663811563,0.5246252676659529,0,True,-0.6941224656269986,0.716962013111247,0.06449398783889806,0.4346121193449404,0.40105963742638434,0.5877747602175041,0.32589975058819476,0.29398848207370476,0.689369074865915,127,3.3229807019881776,27.74292081795492,1:3=180;10:4=123;1:4=97;1:2=63;10:3=49,0.023013846887966382,0.01177001278847456,126
823,1691509915.3604667,964,856,856,856,0.9999999999999997,1.0,1.0,1.0,1.0000000000000002,47.64927217908718,362.9228518432387,445.4278759776742,0.1312931162562033,0.10697415844147899,0.8147735501435683,9.348052039568579,42.13372087478638,376.23189371824265,444.4733200073242,0.049221636535965396,0.4395232403250498,0.5192445327188367,62,401,457,0.07242990654205607,0.46845794392523366,0.5338785046728972,0,True,-0.6817268466000108,0.7283858133515895,0.06857560450297655,0.4281208359266618,0.3804234210705075,0.6057273552967615,0.29642111543226757,0.18986466086866116,0.8443203710947006,125,3.327633526139918,27.87230451635847,1:3=164;10:4=111;1:4=98;1:2=56;10:5=40,0.02549759387453943,0.013873931020498276,108
824,1691509915.4642386,1009,893,893,893,0.9999999999999998,1.0,1.0,1.0,1.0000000000000002,50.558605923993625,383.8257903302392,458.6156037457672,0.13172279507454043,0.1102417918427841,0.8369226585299797,9.070970121985143,45.98408484458923,394.8779844045639,461.309825360775,0.05149393599618055,0.4421925917184366,0.5165843509079228,70,423,484,0.07838745800671892,0.47368421052631576,0.541993281075028,0,True,-0.6827820431382351,0.7266677905292159,0.07591181578229075,0.4341937743798771,0.38913002951910386,0.5995815962796378,0.31207585383449354,0.24667429415437236,0.776552264551282,132,3.3584120865022027,28.74351241078125,1:3=174;10:4=112;1:4=96;1:2=65;10:3=55,0.024849576651026897,0.012390664778649807,116
825,1691509915.5680437,1035,908,908,908,0.9999999999999997,1.0,1.0,1.0,1.0000000000000002,56.06159915734731,391.1793590255162,460.7590418171365,0.14331430803763465,0.12167227133786064,0.8489890018930226,8.218799476695812,49.708076655864716,399.4925580024719,458.075619161129,0.054744577814828985,0.43996977753576205,0.5044885673580716,72,432,481,0.07929515418502203,0.47577092511013214,0.5297356828193832,0,True,-0.6744300240482768,0.7346213858313969,0.07399704143679375,0.44310398648865795,0.3875130098459173,0.5921501971851982,0.35844450700353575,0.2156698501794989,0.7166224511940971,136,3.3035637677414114,27.209434444565208,1:3=169;10:4=134;1:4=114;1:2=62;9:4=48,0.02327448924006481,0.01206250861287117,127
826,1691509915.6719363,1060,936,936,936,0.9999999999999998,1.0,1.0,1.0,1.0000000000000002,64.06438463675195,403.2983530801743,468.63726228307377,0.15885109410307008,0.1367035654071715,0.8605767947589442,7.3150981616426805,56.15586572885513,403.9198397397995,461.4901245832443,0.059995583043648645,0.4315382903202986,0.49304500489662856,79,448,498,0.08440170940170941,0.47863247863247865,0.532051282051282,0,True,-0.6763847276960273,0.7333338968942043,0.06873933230350354,0.44324131932234234,0.39307422287552823,0.5791465259996196,0.33257946454055665,0.27008640027715586,0.6095007227105997,132,3.396095076110348,29.84732067296634,1:3=178;10:4=108;1:4=106;1:2=55;9:4=53,0.023773198623395338,0.011548607144504786,124
827,1691509915.7750142,1046,918,918,918,0.9999999999999998,1.0,1.0,1.0,1.0000000000000002,60.12995151831136,415.9256196489704,441.94442883271813,0.14456900146968432,0.13605772037251168,0.9411265139092947,7.349821805496266,56.8178625702858,571.1751165390015,581.5554614067078,0.06189309648179281,0.6221951160555571,0.6335026812709235,84,828,811,0.0915032679738562,0.9019607843137255,0.883442265795207,0,True,0.6931900412926656,-0.7178744337114407,-0.06437285201194018,0.44671167174027665,0.41607055912266444,0.5676869407076266,0.3725259806486524,0.3994662121662229,0.48838585190077677,135,3.340492790169944,28.233036240613064,1:3=162;10:4=151;1:4=109;10:3=45;9:4=44,0.024026481567313924,0.011468740180134773,128
828,1691509915.8762507,1097,949,949,949,0.9999999999999997,1.0,1.0,1.0,1.0000000000000002,53.915367662738916,439.00015572002997,456.084476617231,0.12281400578163612,0.1182135556610654,0.9625413234321959,8.459266743207845,48.09489804506302,562.7444984912872,567.9578160643578,0.05067955536887568,0.5929868266504608,0.5984803119750872,69,804,781,0.07270811380400422,0.8472075869336143,0.8229715489989463,0,True,0.6807471731438131,-0.7299417502680629,-0.061386704360997774,0.452192409437031,0.4025125535395533,0.5695082204749548,0.39032788956283915,0.3422412212421292,0.4626455134640835,128,3.3246959517722305,27.790547691212105,1:3=169;10:4=144;1:4=95;9:4=59;10:3=51,0.02358128424525227,0.012264568358659744,148
829,1691509915.9773738,1163,1038,1038,1038,0.9999999999999997,1.0,1.0,1.0,1.0000000000000002,57.85736149029098,474.0411700128977,506.1014684968114,0.12205134311164745,0.114319687042472,0.9366524294443621,8.747399733770093,43.909029603004456,478.05287170410156,497.7798937559128,0.042301569945090996,0.46055189952225584,0.4795567377224593,64,520,531,0.06165703275529865,0.5009633911368016,0.5115606936416185,0,True,-0.6756483503830714,0.7330758718014568,0.07809656078963144,0.4479146889299498,0.3991958471653125,0.5780352568199736,0.35843041655691765,0.3201358358226135,0.5752683661494642,138,3.368064022108117,29.022286130446606,1:3=194;10:4=161;1:4=102;1:2=57;10:3=56,0.024476631543681626,0.012754745315760374,125
830,1691509916.0763292,1184,1043,1043,1043,0.9999999999999998,1.0,1.0,1.0,1.0000000000000002,60.63336775175788,459.0429058967946,523.3237263514476,0.13208649338192782,0.11586206529271413,0.8771681519146639,8.630952654551757,49.10363030433655,463.44025164842606,515.0338414907455,0.0470792236858452,0.4443338941979157,0.4938004232893054,70,505,547,0.06711409395973154,0.4841802492809204,0.5244487056567594,0,True,-0.6757576549975678,0.7337060886422271,0.07090110860566234,0.4442936734937791,0.3917062121310561,0.5842620551884673,0.339210699245668,0.3079789391805406,0.6404620917340348,133,3.4005636358834948,29.980993649873394,1:3=186;10:4=138;1:4=118;1:2=64;10:3=53,0.0259550207256891,0.012895328924059868,141
831,1691509916.1749303,1271,1138,1138,1138,0.9999999999999998,1.0,1.0,1.0,1.0000000000000002,66.89420602600016,505.52207498638245,565.583718987617,0.13232697311547104,0.11827463164204831,0.8938059177008426,8.454898452158746,52.27256339788437,506.805013358593,554.3248188495636,0.04593371124594409,0.44534711191440507,0.48710441023687484,75,560,599,0.06590509666080843,0.492091388400703,0.5263620386643234,0,True,-0.6759040323369806,0.7324362313450339,0.08179795892132236,0.4478808327128404,0.3931623173399652,0.5788776902261974,0.37751787990024344,0.28834331452482476,0.6450862480858166,144,3.379374625817109,29.352409133456092,1:3=228;10:4=161;1:4=99;9:4=59;1:2=58,0.02333689211343428,0.010773302987217903,133
832,1691509916.2728071,1282,1122,1122,1122,0.9999999999999998,1.0,1.0,1.0,1.0000000000000002,72.00216759805753,487.8899945999115,562.1078378020311,0.1475786927278598,0.12809315714152342,0.8679651159245028,7.806818274415334,64.1646271944046,495.2534918785095,554.380842924118,0.057187724772196614,0.4414023991787072,0.494100573016148,93,541,587,0.08288770053475936,0.482174688057041,0.5231729055258467,0,True,-0.6941775123767073,0.7152244383429837,0.0810653076688807,0.4350339003498964,0.400233330153239,0.5821876730674678,0.3325913449182327,0.28026105153809294,0.6351212926139975,159,3.4552308439792956,31.66559765119523,1:3=169;10:4=158;1:4=146;1:2=71;9:4=63,0.024553970555122845,0.010436541866511106,160
833,1691509916.3705323,1258,1116,1116,1116,0.9999999999999997,1.0,1.0,1.0,1.0000000000000002,69.17131293989188,510.41005587600955,536.4186311840983,0.13552106221961896,0.1289502431845108,0.9515144072257947,7.7549291517747045,61.76878833770752,502.2036021947861,519.0816385149956,0.05534837664669132,0.4500032277731058,0.46512691623207486,90,572,582,0.08064516129032258,0.5125448028673835,0.521505376344086,0,True,-0.6781033127839162,0.7290637870436812,0.09296177500996713,0.45183069754627836,0.4030528844750245,0.5693209311761577,0.3826519163014001,0.337059341599929,0.5065578446318002,142,3.449957999390197,31.4990693008457,1:3=185;10:4=159;1:4=98;1:2=68;10:3=59,0.024463865116731685,0.010501180775463581,142
834,1691509916.4678972,1214,1063,1063,1063,0.9999999999999998,1.0,1.0,1.0,1.0000000000000002,62.609764663590624,489.8096904867529,510.5805448496563,0.12782467533741848,0.12262465794114123,0.9593191425477845,8.154966682802012,53.14746534824371,644.6687318086624,685.8511820435524,0.049997615567491736,0.6064616479855715,0.6452033697493438,76,917,972,0.07149576669802446,0.8626528692380057,0.9143932267168391,0,True,0.6718076576840019,-0.7366620410053896,-0.07748231036119543,0.4603953627699187,0.405166305574928,0.5608983651103406,0.43460321068922686,0.3514929015289545,0.3921775343830829,139,3.3558087889821238,28.66878181140101,1:3=182;10:4=171;1:4=101;1:2=72;9:4=58,0.02455471132910232,0.010630221106112003,151
835,1691509916.5649085,1145,1010,1010,1010,0.9999999999999997,1.0,1.0,1.0,1.0000000000000002,59.35391710489661,455.45804599414225,495.1880369009614,0.13031698007517464,0.11986137120022453,0.9197678700893874,8.342971467676042,48.30591195821762,445.64417231082916,483.58190727233887,0.04782763560219566,0.4412318537730982,0.4787939675963751,70,501,543,0.06930693069306931,0.49603960396039604,0.5376237623762377,0,True,-0.6835548294359253,0.725938849356666,0.07593143057747898,0.4617988475808009,0.4184358170253629,0.5513328215564187,0.4339600519994264,0.4324424899412608,0.3786978579761153,133,3.3830276805602937,29.459831180714055,1:3=165;10:4=148;1:4=100;9:4=63;1:2=63,0.02197021796084681,0.010417818557471037,135
836,1691509916.6621377,1089,957,957,957,0.9999999999999997,1.0,1.0,1.0,1.0000000000000002,57.551290648649584,411.4476628159605,488.00104653538983,0.139875118635422,0.11793271972927206,0.843128648467196,8.47941099209459,47.3010139465332,411.0064833164215,500.95660573244095,0.04942634686158119,0.42947385926480824,0.5234656277245987,68,428,530,0.07105538140020899,0.44723092998955066,0.5538140020898642,0,True,0.67897910403829,-0.7301276385180958,-0.07681801710113084,0.4750036875954545,0.42917311426685756,0.5339681853460563,0.4853080570526135,0.4656023573532007,0.32449362984660013,122,3.3282278199585473,27.888873777660613,1:3=159;10:4=154;1:4=94;9:4=63;10:3=58,0.023536525869938218,0.011345824226737022,132
837,1691509916.7597165,1124,992,992,992,0.9999999999999998,1.0,1.0,1.0,1.0000000000000002,71.3744497455838,423.77431508043526,496.8512351739811,0.1684256152523931,0.14365356205784777,0.8529199186393153,6.961191812266449,65.08648037910461,422.3783555626869,503.4843894839287,0.06561137134990384,0.42578463262367633,0.5075447474636378,92,446,536,0.09274193548387097,0.4495967741935484,0.5403225806451613,0,True,0.6727213337030568,-0.7361237354408114,-0.07461804943474766,0.4810652238528736,0.42865209370543295,0.5321802694553794,0.5098240844656982,0.4640453511172946,0.33249205845694385,142,3.412348650694345,30.33641028569938,10:4=177;1:3=165;1:4=88;9:4=57;10:3=50,0.024599110998210844,0.011011028196662664,132
838,1691509916.8569746,1135,1004,1004,1004,0.9999999999999998,1.0,1.0,1.0,1.0000000000000002,61.58263739027211,455.4072868486048,487.0100757611228,0.13522541067891297,0.1264504379997227,0.9351085521934478,7.908236743333329,54.97242724895477,450.72422260046005,488.20560282468796,0.054753413594576465,0.44892850856619526,0.4862605605823585,81,488,536,0.08067729083665338,0.4860557768924303,0.5338645418326693,0,True,-0.6727136059269985,0.7354251523305059,0.0812788393147193,0.46353263915553466,0.41507350041269453,0.5550583755528492,0.4413186217732219,0.4158647957349229,0.41512688133478515,142,3.42093692939088,30.598069826113782,1:3=174;10:4=159;1:4=101;9:4=58;1:2=47,0.02386486267340285,0.011184243950992823,131
839,1691509916.9561682,1190,1048,1048,1048,0.9999999999999998,1.0,1.0,1.0,1.0000000000000002,59.28127595544623,466.5780954697882,522.1406285747655,0.12705542015588428,0.11353507601440696,0.8935870337141916,8.80785071102701,48.76435327529907,456.28974908590317,521.7325804829597,0.046530871445896065,0.43539098195219766,0.49783643175854936,73,494,572,0.06965648854961833,0.4713740458015267,0.5458015267175572,0,True,-0.6801606353735918,0.7294755190657221,0.0724360212324448,0.466546672034816,0.4196168613953039,0.5452402222325811,0.4501227517292048,0.440419073616789,0.34876509320970644,132,3.330938890184825,27.96458505592727,10:4=175;1:3=174;1:4=102;10:3=66;1:2=64,0.02195792204556771,0.010097446385771036,142
840,1691509917.0570254,1221,1073,1073,1073,0.9999999999999997,1.0,1.0,1.0,1.0000000000000002,72.35467327677571,486.62633659536067,514.0189901278632,0.1486863078209021,0.1407626462570524,0.9467088686243119,7.1041574351611665,64.40619868040085,472.729509472847,510.5599018931389,0.06002441629114711,0.44056804237916775,0.4758246988752459,90,564,609,0.08387698042870456,0.5256290773532153,0.5675675675675675,0,True,0.6735394704631757,-0.7353073871905101,-0.0752836507566553,0.45461022342831714,0.4041362879267553,0.5660786735048632,0.3739469391011263,0.3406634959270811,0.4363351257015138,140,3.3386302335250693,28.180499552824585,1:3=192;10:4=163;1:4=118;9:4=66;1:2=64,0.022880594921926647,0.011064323596656322,148
841,1691509917.1577086,1136,1015,1015,1015,0.9999999999999998,1.0,1.0,1.0,1.0000000000000002,57.44161467344104,450.7337696022513,506.82461572430753,0.12744022868339824,0.11333627628040663,0.889328883440485,8.823300295537223,51.80078840255737,454.9989897608757,497.2413632273674,0.05103525950990874,0.44827486675948347,0.4898929686969137,78,496,527,0.07684729064039408,0.4886699507389163,0.5192118226600986,0,True,-0.6922394281255685,0.7174887941248345,0.0775525915342368,0.43738343193700413,0.4004082767764128,0.5824367192327633,0.3183172605587308,0.27873442798818254,0.6574529924232286,131,3.2971812609741757,27.036323074994662,1:3=191;10:4=145;1:4=111;1:2=58;9:4=55,0.02210656519168802,0.012195562943816185,121
842,1691509917.260174,1050,951,951,951,0.9999999999999998,1.0,1.0,1.0,1.0000000000000002,57.32046307451948,426.18452978358096,467.4950071418997,0.13449681785405762,0.12261192568655795,0.9116343988123499,8.155813509987397,52.79931861162186,419.9140096306801,451.5317666530609,0.055519788235143905,0.44154995755066256,0.474796810360737,77,476,499,0.08096740273396424,0.5005257623554153,0.5247108307045215,0,True,-0.6829941592064844,0.726085464699793,0.07949136079797185,0.44737468512918444,0.40361352283166646,0.5768695798603329,0.3622071012933873,0.31962641097871614,0.5175164539280129,138,3.296853461082902,27.027462023635422,1:3=179;10:4=143;1:4=109;9:4=63;1:2=55,0.024590092862185012,0.013220321387052536,99
843,1691509917.363578,895,792,792,792,0.9999999999999998,1.0,1.0,1.0,1.0000000000000002,42.840775464046224,352.650913338912,396.50831119704173,0.12148210551456727,0.10804508822201417,0.8893909746160777,9.255395284098164,36.53153294324875,348.69011121988297,385.9585916399956,0.04612567290814236,0.4402652919442967,0.4873214540909035,54,393,426,0.06818181818181818,0.4962121212121212,0.5378787878787878,0,True,-0.6821750657047209,0.7274126011535605,0.07421649017416261,0.44651837476317285,0.3985726652342261,0.580230167873464,0.3621241561744298,0.26317663688307213,0.6239657990822562,113,3.2389665335547555,25.507347133689997,1:3=143;10:4=109;1:4=105;10:3=51;9:4=46,0.024513739340533802,0.012962067499756813,103
844,1691509917.466812,919,802,802,802,0.9999999999999998,1.0,1.0,1.0,1.0000000000000002,41.314763085942225,352.4940418022181,408.19119511183976,0.1172069827753958,0.10121424366986272,0.8635513113055726,9.880032332818363,36.664862871170044,356.66756588220596,403.90893214941025,0.04571678662240654,0.4447226507259426,0.5036270974431549,54,388,427,0.06733167082294264,0.4837905236907731,0.5324189526184538,0,True,-0.6718983447523943,0.738658214537138,0.05419092558537428,0.4439584345891044,0.3855348960572468,0.5914892627767891,0.341123351466656,0.21781732652984687,0.7268462277138017,114,3.124325215151195,22.74454224167569,1:3=160;10:4=149;1:4=98;1:2=49;9:4=42,0.024075300804473124,0.012965037953108549,117
845,1691509917.5704198,989,887,887,887,0.9999999999999997,1.0,1.0,1.0,1.0000000000000002,48.731728656123884,401.6287973145774,436.63947402929875,0.12133524533589297,0.11160632868675074,0.9198178845544045,8.960065363378575,41.814778566360474,389.8864743113518,425.9250576496124,0.047141802216866376,0.4395563408245229,0.480186085287049,59,455,491,0.0665163472378805,0.5129650507328072,0.5535512965050733,0,True,0.6867809804904565,-0.7224836746761537,-0.07968202220707415,0.4467296636401179,0.40493547684330566,0.571154372992739,0.3564647404637256,0.34516750666376483,0.5410878601619279,117,3.2204170276253206,25.038559775511555,1:3=164;10:4=135;1:4=101;9:4=64;1:2=55,0.022730685822397973,0.01268406305462122,102
846,1691509917.6730447,1029,900,900,900,0.9999999999999997,1.0,1.0,1.0,1.0000000000000002,55.46219025789379,396.81390438211287,447.7239053599932,0.13976876728716225,0.12387587438133177,0.8862915283986321,8.072596903910945,47.8548966050148,395.2474382519722,437.3183238506317,0.05317210733890534,0.4391638202799691,0.4859092487229241,68,441,477,0.07555555555555556,0.49,0.53,0,True,-0.6845015498681234,0.7259166996500838,0.06710121755427485,0.4451486645128482,0.4021141166506244,0.5803252813639893,0.35285882087745457,0.31214938956608607,0.5734804611615378,123,3.2572930018646473,25.97911645138915,1:3=182;10:4=146;1:4=93;9:4=56;1:2=50,0.023242214361345312,0.012699565850198269,129
847,1691509917.774746,1072,946,946,946,0.9999999999999998,1.0,1.0,1.0,1.0000000000000002,49.80567733272731,431.82313003878824,464.3711926284843,0.11533814163278737,0.10725402032544655,0.9299093847629436,9.32365982147473,40.69774681329727,492.2750851511955,598.2624522447586,0.043020874009827986,0.5203753542824477,0.6324127402164468,58,661,839,0.0613107822410148,0.6987315010570825,0.8868921775898521,0,True,0.6666278839401453,-0.7409143270029357,-0.08156729979146893,0.4691130355734428,0.4072292855919439,0.5577106108107451,0.46805884464265946,0.3932161990579637,0.36719497110614463,119,3.26753811175243,26.246643435882156,10:4=167;1:3=151;1:4=99;9:4=57;1:2=56,0.02933961072900507,0.013428524136543274,126
848,1691509917.8764482,1094,963,963,963,0.9999999999999998,1.0,1.0,1.0,1.0000000000000002,61.66386694913765,430.63029852820614,470.7058345226563,0.14319444581556467,0.13100297983701667,0.9148607621677542,7.633414150152303,56.75445544719696,438.8447153568268,464.3216819167137,0.058935052385458944,0.455705831107816,0.48216166346491557,83,475,488,0.08618899273104881,0.4932502596053998,0.5067497403946002,0,True,-0.6882387207901788,0.72264015583069,0.06417685241653816,0.4423275124935587,0.40176882995774327,0.5787559918009353,0.3416063182210801,0.3019426035160642,0.5854246060358742,139,3.386484865932374,29.56185553507137,1:3=171;10:4=139;1:4=108;10:3=56;1:2=47,0.022237001416928408,0.010372827760875225,131
849,1691509917.9761543,1132,1013,1013,1013,0.9999999999999998,1.0,1.0,1.0,1.0000000000000002,72.1555843502741,456.5954308259937,484.24898482373226,0.15802958040938486,0.14900513292049317,0.9428939350119556,6.711178201717283,64.21137166023254,444.3139501810074,468.96210223436356,0.06338733628848227,0.4386119942556835,0.46294383241299464,88,516,539,0.08687068114511352,0.5093780848963475,0.5320829220138203,0,True,-0.6917261023345073,0.7192908903607405,0.06430874274283535,0.4479251486708868,0.4139165974519578,0.5684287162630536,0.36765266943762703,0.37730434900284454,0.4910998630137815,145,3.4014719565328146,30.008238377093683,1:3=189;10:4=164;1:4=107;9:4=53;1:2=38,0.02309881420364797,0.010632866993546486,119
850,1691509918.0751076,1164,1032,1032,1032,0.9999999999999997,1.0,1.0,1.0,1.0000000000000002,67.01812951165776,465.3766115381161,499.6052589502259,0.1440083748303469,0.13414216185889782,0.9314886166650221,7.454777723441533,60.32621473073959,453.1149128675461,483.3302928805351,0.058455634429011236,0.4390648380499478,0.4683433070547821,83,516,543,0.08042635658914729,0.5,0.5261627906976745,0,True,-0.6791813284093046,0.7301826595747778,0.07447151667904114,0.4512591726694637,0.4049083354040711,0.5708099933800079,0.3613529979472232,0.36905416792321066,0.5036065363760855,143,3.316219568655446,27.555979909602755,1:3=181;10:4=172;1:4=117;9:4=70;1:2=57,0.022101047699103916,0.010542515199631453,132
851,1691509918.1732914,1220,1098,1098,1098,0.9999999999999998,1.0,1.0,1.0,1.0000000000000002,68.6162223015964,493.08745572222085,536.2963219761831,0.13915629267245264,0.1279446072812031,0.9194309852904768,7.815882366985188,55.0954892039299,490.8324044942856,592.4124775528908,0.050178041169335066,0.4470240478090033,0.5395377755490809,75,616,764,0.06830601092896176,0.5610200364298725,0.6958105646630237,0,True,0.679571943156072,-0.7283616390826919,-0.08758593944152454,0.4552661317989564,0.405680597534413,0.5658337278986267,0.4082535978900497,0.3431774293106449,0.48441414769337904,141,3.3393321931157236,28.200288069312027,1:3=207;10:4=171;1:4=108;9:4=72;10:3=53,0.02106582083963679,0.010797166265547276,122
852,1691509918.2712183,1254,1099,1099,1099,0.9999999999999998,1.0,1.0,1.0,1.0000000000000002,73.16702844018914,495.71787992261943,530.1150916371913,0.14759812264913738,0.13802102523476992,0.9351136908622228,7.245272945183736,63.1426619887352,693.3666828870773,712.0734849572182,0.05745465149111483,0.6309068998062578,0.6479285577408719,89,1009,997,0.08098271155595996,0.9181073703366697,0.9071883530482256,0,True,-0.683564576425924,0.7254842181101051,0.08007570873127876,0.45499028167968303,0.4131028849841252,0.5629187808792641,0.40192678122679626,0.37140057674281307,0.44417659601926135,145,3.388989054115287,29.635976752371253,1:3=202;10:4=162;1:4=112;9:4=72;1:2=56,0.022472528454237677,0.01100027747452259,155
853,1691509918.368799,1243,1090,1090,1090,0.9999999999999997,1.0,1.0,1.0,1.0000000000000002,64.84635653806734,493.6894196094495,531.4642238524829,0.13135050896850564,0.12201452821792681,0.9289231475089499,8.195745331358635,57.488444089889526,630.045580804348,711.3281697034836,0.052741691825586724,0.5780234686278422,0.6525946511041134,85,890,1011,0.0779816513761468,0.8165137614678899,0.9275229357798165,0,True,0.6774200473124595,-0.7306174996851026,-0.08544090737506412,0.46352541851140994,0.4125515822614419,0.5581202136983915,0.4455428988608297,0.38766402942401756,0.4012691361994373,129,3.287628857756381,26.779290807862665,1:3=195;10:4=178;1:4=107;9:4=73;1:2=55,0.021054043597882446,0.010101933497935534,153
854,1691509918.466394,1215,1086,1086,1086,0.9999999999999998,1.0,1.0,1.0,1.0000000000000002,69.49674215243101,483.66043390309176,532.8428239444775,0.14368912005391715,0.13042634531130068,0.9076981281697611,7.667162624339485,59.75802141427994,466.6800505518913,516.448424577713,0.05502580240725593,0.42972380345478023,0.475551035522756,86,530,586,0.07918968692449356,0.4880294659300184,0.5395948434622467,0,True,-0.6866355876903114,0.7225278432246564,0.08053002845092448,0.46469073199808025,0.42210469807308443,0.5484328563333996,0.442956193720234,0.4193765005594801,0.3552272010384277,139,3.301987054340187,27.166566768537205,10:4=204;1:3=188;1:4=106;9:4=67;1:2=59,0.022946286927228235,0.010505369398742914,129
855,1691509918.5639293,1148,995,995,995,0.9999999999999998,1.0,1.0,1.0,1.0000000000000002,57.61567710241609,453.7975738655216,483.5867490320625,0.12696338724695325,0.11914238183270834,0.938399521438157,8.393318856124031,49.47134691476822,454.56354981660843,477.3788073658943,0.04971994664800826,0.4568477887604105,0.4797776958451199,70,555,580,0.07035175879396985,0.5577889447236181,0.5829145728643216,0,True,0.6694975083080676,-0.7386227700886214,-0.07880031647081337,0.4664442284584563,0.40935391966068685,0.5575904684001106,0.44654980459840454,0.4138383410223523,0.38668435038764587,128,3.281001271415873,26.6023955875771,1:3=179;10:4=162;1:4=91;9:4=72;10:3=49,0.021901279932232266,0.010390052571892738,153
856,1691509918.6620119,1149,1001,1001,1001,0.9999999999999998,1.0,1.0,1.0,1.0000000000000002,66.72901669239758,434.4371697915936,499.83381351600855,0.15359877407453085,0.13350240597570215,0.8691632259442559,7.4905017081265415,60.61940312385559,429.98882162570953,505.8534726500511,0.060558844279576016,0.4295592623633462,0.5053481245255256,88,457,545,0.08791208791208792,0.4565434565434565,0.5444555444555444,0,True,-0.6705113268969654,0.7385111757936969,0.07082233920650777,0.4762954373807967,0.4237444464384368,0.5380254931615733,0.5104749286200452,0.43756433543590156,0.3496504434099096,144,3.383207347511876,29.465124614289714,10:4=190;1:3=151;1:4=108;9:4=56;10:3=47,0.02337579646976155,0.010687648318707943,148
857,1691509918.7595646,1169,1043,1043,1043,0.9999999999999997,1.0,1.0,1.0,1.0000000000000002,71.79226694988925,474.6360019059117,496.57173114419925,0.1512575250541589,0.144575823485694,0.9558256584849417,6.9167857798779995,64.35373985767365,463.4199680685997,490.3739621043205,0.06170061347811471,0.4443144468538827,0.47015720240107434,90,508,543,0.0862895493767977,0.48705656759348037,0.5206136145733461,0,True,-0.6703311465611429,0.7369881983043771,0.08662880300507393,0.46634278715747834,0.41350010627602174,0.5588156428509204,0.45532778516020744,0.4153390259103236,0.4194731136532173,148,3.3884131696834157,29.61891476807337,10:4=188;1:3=165;1:4=108;9:4=61;1:2=55,0.022179394125566125,0.01073572039604187,126
858,1691509918.8582032,1216,1073,1073,1073,0.9999999999999998,1.0,1.0,1.0,1.0000000000000002,70.52450293305827,477.506809575896,524.9686874910459,0.14769318786405486,0.13434039898667513,0.9095910307679838,7.443777207325306,63.41337978839874,459.4475517272949,508.8711191415787,0.05909914239366146,0.42818970338051715,0.47425081001079095,90,515,573,0.08387698042870456,0.47996272134203166,0.5340167753960857,0,True,-0.6797864475203168,0.72942159183082,0.07638407647344042,0.4667163461355604,0.4183164039122948,0.5466319349606397,0.4499373329638326,0.40847627987853863,0.34846948061714894,137,3.2865868860609977,26.751402076975783,1:3=198;10:4=185;1:4=91;9:4=72;1:2=58,0.023184250368733457,0.01074079517275095,143
859,1691509918.9579248,1202,1060,1060,1060,0.9999999999999998,1.0,1.0,1.0,1.0000000000000002,75.5261347045445,474.2267814832222,510.24708381223337,0.1592616394804277,0.148018748368462,0.929406157385769,6.755900931621901,68.72516649961472,460.36030185222626,493.30420714616776,0.06483506273548557,0.43430217155870404,0.46538132749638467,96,519,555,0.09056603773584905,0.48962264150943396,0.5235849056603774,0,True,0.669948841715844,-0.7388947360892067,-0.07213264492073122,0.47128991310701024,0.4160151690603543,0.5508034602988299,0.48610293569331997,0.3800208805620906,0.3705943838026938,146,3.335546920350639,28.09374406319413,10:4=189;1:3=184;1:4=107;9:4=70;1:2=57,0.023287375218633007,0.011995876207947731,142
860,1691509919.0578904,1210,1071,1071,1071,0.9999999999999998,1.0,1.0,1.0,1.0000000000000002,65.70356854842706,488.32729775607595,516.9691336954968,0.1345482197090825,0.12709379393456693,0.9445966227525465,7.868204804042915,56.68578112125397,480.5763381123543,502.39174234867096,0.05292790020658634,0.44871740253254366,0.46908659416309145,77,579,602,0.0718954248366013,0.5406162464985994,0.5620915032679739,0,True,0.6829339285349775,-0.7277930560614719,-0.0625980575136767,0.4590161770566923,0.4166882311663251,0.5568965629204513,0.44733258663487524,0.42422024312079365,0.3773467668409275,141,3.3032724374558464,27.201508666824015,1:3=187;10:4=173;1:4=109;9:4=67;1:2=62,0.022348113028283247,0.011778735555708408,139
861,1691509919.1583035,1080,956,956,956,0.9999999999999998,1.0,1.0,1.0,1.0000000000000002,58.77289088640224,422.2626080729968,474.964501040601,0.13918563889569435,0.12374164965515644,0.8890403538535206,8.081353390606983,49.42597132921219,429.09372210502625,472.1597084403038,0.051700806829719864,0.44884280554919065,0.49389090841035965,70,459,494,0.07322175732217573,0.4801255230125523,0.5167364016736402,0,True,-0.6855160765948322,0.7236396567481418,0.08008343094210439,0.440589534144413,0.39977679399827215,0.5845250633385064,0.3379764178826452,0.26193088177027757,0.6425578272670001,127,3.225753744168933,25.172540662715164,1:3=191;10:4=155;1:4=113;1:2=52;9:4=50,0.0250733125536764,0.014293273445218801,124
862,1691509919.2595768,936,841,841,841,0.9999999999999997,1.0,1.0,1.0,1.0000000000000002,45.70235629332674,383.26457594799143,412.0330677586818,0.11924492677227883,0.11091914671298554,0.9301791674945386,9.015576026631368,38.25916147232056,491.6350948214531,549.424822807312,0.04549246310620756,0.5845839415237254,0.6532994325889561,55,697,778,0.06539833531510107,0.8287752675386445,0.925089179548157,0,True,0.6769152901462768,-0.7329004010934039,-0.0681373028766875,0.46412057265415596,0.4100275046878371,0.5597934226159569,0.45183470654598984,0.3538576201850336,0.4084272180726926,111,3.1900192466858845,24.288894919326854,1:3=153;10:4=149;1:4=82;1:2=61;9:4=58,0.02460657890854472,0.014816461130976677,95
863,1691509919.3614342,782,693,693,693,0.9999999999999998,1.0,1.0,1.0,1.0000000000000002,40.6336286006285,313.21934398915164,339.1470274102199,0.12972898826464513,0.1198112479738162,0.9235503149797416,8.346461763077054,35.620046734809875,429.6082981824875,461.1927657723427,0.05139977883810949,0.6199253942027236,0.665501826511317,50,621,649,0.07215007215007214,0.8961038961038961,0.9365079365079365,0,True,0.6780103527358353,-0.7296769572889211,-0.088732742460778,0.4649685288648694,0.41619287816757816,0.5556537106430056,0.4508860297348986,0.406968416860068,0.34635468213540216,107,3.099689805743714,22.19106667229113,10:4=140;1:3=136;1:4=73;9:4=40;1:2=37,0.023303150876381358,0.01404614094644785,89
864,1691509919.4641664,833,728,728,728,0.9999999999999998,1.0,1.0,1.0,1.0000000000000002,48.80087031533931,327.09451770536975,352.104611979291,0.14919501145322367,0.13859764585591264,0.9289697055277645,7.2151297651881405,43.836399137973785,441.94250482320786,477.73654371500015,0.06021483398073322,0.6070638802516591,0.6562315160920332,62,638,675,0.08516483516483517,0.8763736263736264,0.9271978021978022,0,True,0.680519516061245,-0.7293430934559542,-0.07036931353842076,0.462570212439679,0.41674346465497414,0.5582593333941769,0.44638953301182815,0.38966093740863317,0.4037908739753864,115,3.178879088206669,24.01981436346439,1:3=159;10:4=126;1:4=61;9:4=55;10:3=36,0.025070526266896147,0.015420154668390751,105
865,1691509919.567136,956,845,845,845,0.9999999999999997,1.0,1.0,1.0,1.0000000000000002,46.218909917346856,387.09799093357765,411.68309914907536,0.11939847532114313,0.11226817426529924,0.9402814731371929,8.907243807465106,41.0253369808197,541.6619948148727,557.8558255434036,0.048550694651857636,0.64102011220695,0.6601844089271048,61,786,782,0.07218934911242604,0.9301775147928995,0.9254437869822485,0,True,0.6703982628279578,-0.7393441909506915,-0.0627402303528114,0.4608861269735012,0.40475407765816973,0.5699597741049064,0.4341174060242498,0.3481198623320971,0.4723434152637283,115,3.125228516813302,22.765096706529963,10:4=158;1:3=150;1:4=111;9:4=67;1:2=43,0.0234069937759454,0.013398340903222561,111
866,1691509919.6702876,993,886,886,886,0.9999999999999997,1.0,1.0,1.0,1.0000000000000002,52.14957795443127,396.5870936603883,437.2633283851807,0.1314959028875731,0.11926355257601948,0.9069754262837217,8.384791316379683,49.90110832452774,396.49474143981934,499.1010218858719,0.056321792691340564,0.4475109948530692,0.5633194377944378,71,502,657,0.08013544018058691,0.5665914221218962,0.7415349887133182,0,True,0.6645098374412327,-0.7434051971214151,-0.07599597908242588,0.46206276234139976,0.39679209494888296,0.5692699883599849,0.42518308037764596,0.28970792703667014,0.46823367463313026,129,3.218907109840777,25.000782136548906,10:4=177;1:3=158;1:4=106;9:4=51;1:2=46,0.023186902024915353,0.012745975982397795,107
867,1691509919.773126,999,891,891,891,0.9999999999999998,1.0,1.0,1.0,1.0000000000000002,55.41752309048494,403.4475796076896,432.13489730182516,0.13735990966750294,0.1282412585433444,0.9336149015660291,7.797802449529212,52.399943470954895,387.754953622818,420.9667412042618,0.058810262032497077,0.4351907448067542,0.47246547834372815,73,460,496,0.0819304152637486,0.5162738496071829,0.5566778900112234,0,True,0.6706123737567335,-0.7391317845002308,-0.06295434302622235,0.4593354386856277,0.4027035690551022,0.5701416649635973,0.4366371448528754,0.3417097173924221,0.4546603737201272,125,3.212708482115668,24.846290906725656,10:4=162;1:3=158;1:4=107;9:4=69;1:2=42,0.02488100753370331,0.012838205322623253,108
868,1691509919.8750122,1085,975,975,975,0.9999999999999998,1.0,1.0,1.0,1.0000000000000002,64.32040215920917,446.0243559934348,464.6552418473557,0.14420827314676044,0.13842607672623464,0.9599038509070746,7.224072397700766,62.34442448616028,623.7990342378616,629.4055915474892,0.0639429994729849,0.6397938812696017,0.6455441964589632,88,904,886,0.09025641025641026,0.9271794871794872,0.9087179487179488,0,True,-0.6851417469337825,0.7252782880999217,0.06746992974186114,0.4526283638722013,0.4119506882242803,0.5637283465774797,0.3968373881347197,0.34577364375264347,0.43286870580051684,133,3.240611792896007,25.549347876415155,10:4=186;1:3=174;1:4=114;9:4=61;1:2=41,0.02701229631053333,0.01630392111837864,110
869,1691509919.9765947,1174,1049,1049,1049,0.9999999999999997,1.0,1.0,1.0,1.0000000000000002,62.87975004285662,480.1833461981959,505.9369037589475,0.13094946032739538,0.1242837784231204,0.9490972938138906,8.046102336827337,56.42954921722412,470.27483880519867,524.948943734169,0.05379365988295912,0.4483077586322199,0.5004279730544986,81,575,651,0.07721639656816015,0.5481410867492851,0.6205910390848427,0,True,0.6714273365906893,-0.7369246237817092,-0.07827790584142881,0.45665781214986384,0.40102677230275313,0.5702193063022373,0.39767305886376436,0.3498742134292309,0.4716489288148218,134,3.2792883104458,26.556865728793607,1:3=204;10:4=172;1:4=108;9:4=69;10:3=52,0.029142433442657475,0.015160297974944115,125
870,1691509920.0764177,1193,1054,1054,1054,0.9999999999999998,1.0,1.0,1.0,1.0000000000000002,63.018998803652394,462.6851326671495,528.2958685291983,0.13620277453130866,0.11928732090807447,0.8758068352025687,8.383120623277497,56.33646476268768,470.27284586429596,522.0850981473923,0.05345015632133556,0.4461791706492372,0.4953369052631805,81,506,547,0.07685009487666034,0.48007590132827327,0.5189753320683111,0,True,-0.6731170450816287,0.7357116701368687,0.07511179697621728,0.44414358599487497,0.39148345563179043,0.5863704703736947,0.32402853774409923,0.25747360652141604,0.6517035018390763,138,3.270390020093351,26.32160329573648,1:3=185;10:4=168;1:4=129;9:4=77;1:2=62,0.02184074092069125,0.011238991748541594,139
871,1691509920.1748974,1270,1134,1134,1134,0.9999999999999997,1.0,1.0,1.0,1.0000000000000002,71.2067556615606,510.3701003679574,552.4231439704823,0.139519841797596,0.1288989363294406,0.923875304535083,7.758015919108863,68.78509330749512,512.2373751401901,540.7715252637863,0.06065704877204155,0.4517084436862347,0.4768708335659491,102,561,580,0.08994708994708994,0.4947089947089947,0.5114638447971781,0,True,-0.6685264273815748,0.7395545790179916,0.07830351554016873,0.45339773259490934,0.39514769602152133,0.5778540456134749,0.3816793627861843,0.29214826020728224,0.5672201946954358,147,3.3448066168625363,28.35509173981744,1:3=207;10:4=191;1:4=123;9:4=73;10:3=52,0.023033943575301065,0.011997745372354984,136
872,1691509920.2722669,1300,1168,1168,1168,0.9999999999999997,1.0,1.0,1.0,1.0000000000000002,76.83345846417637,531.2617802324166,559.9047613034071,0.1446244795373069,0.13722594229296267,0.9488431193113768,7.2872518365740735,72.48800992965698,728.7037833929062,761.5159491896629,0.06206165233703509,0.6238902255076252,0.6519828332103279,104,1050,1078,0.08904109589041095,0.898972602739726,0.922945205479452,0,True,0.6817426015449959,-0.7267045075160264,-0.08442501995587734,0.45827282985210555,0.4127115090917773,0.55997411542554,0.40301299483025227,0.37302750950347685,0.4167865847491917,150,3.33808435422336,28.16512059931496,1:3=210;10:4=198;1:4=109;9:4=82;1:2=60,0.02213499809598639,0.011756485793739557,132
873,1691509920.370763,1297,1159,1159,1159,0.9999999999999997,1.0,1.0,1.0,1.0000000000000002,72.53997560616864,523.729070097584,562.7309542962474,0.13850668169451164,0.12890702928700146,0.9306917739269571,7.757528860381834,68.44509601593018,545.0595325827599,656.461392223835,0.0590553028610269,0.47028432492041405,0.5664032719791501,94,706,876,0.0811044003451251,0.6091458153580673,0.7558239861949957,0,True,0.6723805230851769,-0.737416824660378,-0.06419391624998125,0.45914891246471123,0.40294857496454667,0.5688137937742845,0.4417545298749024,0.3163449726881469,0.4346143842898301,143,3.219766800210696,25.022284309473335,10:4=220;1:3=216;1:4=119;1:2=71;9:4=69,0.022032232940139448,0.012018140405416489,138
874,1691509920.4687955,1256,1124,1124,1124,0.9999999999999998,1.0,1.0,1.0,1.0000000000000002,69.69462427009243,513.6366335720004,540.6687421579072,0.1356885777118598,0.12890448223791987,0.9500024571829013,7.757682142924194,61.517730474472046,508.5206072330475,524.7299854755402,0.05473107693458367,0.4524204690685476,0.46684162408855884,87,567,576,0.07740213523131673,0.5044483985765125,0.5124555160142349,0,True,-0.6744614623484287,0.7331685748115788,0.08698032372655758,0.45648335813778723,0.4026865885828139,0.5727275002573956,0.4033385531471452,0.3414841366527137,0.5168985233202876,152,3.342018131615022,28.276134122047434,1:3=204;10:4=200;1:4=110;9:4=68;10:3=50,0.021067025320861327,0.011031875852495432,132
875,1691509920.5665693,1132,991,991,991,0.9999999999999997,1.0,1.0,1.0,1.0000000000000002,65.57193733748211,442.1515810491493,483.27648161336873,0.14830194021220333,0.13568203674753002,0.9149039894783868,7.370172382219964,60.6676669716835,434.6013815999031,478.843637406826,0.06121863468383804,0.4385483164479345,0.4831923687253542,87,468,521,0.08779011099899092,0.4722502522704339,0.5257315842583249,0,True,-0.6779135305560198,0.7327025175073915,0.05983532340853434,0.4653167959667741,0.41701550125421294,0.5485258181870735,0.43228045115437236,0.40610815095215624,0.3546433992641171,131,3.315714246064224,27.542058768061057,10:4=189;1:3=163;1:4=87;9:4=66;1:2=63,0.02229750164504541,0.011121039278805256,141
876,1691509920.664529,1135,1006,1006,1006,0.9999999999999997,1.0,1.0,1.0,1.0000000000000002,72.52726388793113,442.58434853056065,490.88838758150825,0.16387218420337585,0.14774695373271288,0.901598733494328,6.76832905678101,63.48617786169052,436.49996268749237,485.2815608382225,0.06310753266569634,0.4338965831883622,0.48238723741374007,86,471,527,0.08548707753479125,0.46819085487077533,0.5238568588469185,0,True,-0.6900359162345787,0.7184555157892161,0.08759055964175806,0.46507596375468724,0.42986739553269293,0.5403201180454511,0.4649018030499386,0.4499612395527408,0.3264362465081352,142,3.393343105999244,29.765294656917607,10:4=179;1:3=151;1:4=102;9:4=74;1:2=50,0.022923246700873652,0.0114388526417315,129
877,1691509920.7613232,1170,1031,1031,1031,0.9999999999999998,1.0,1.0,1.0,1.0000000000000002,64.76618596831389,472.39635149728673,493.8374625343998,0.13710136787262187,0.1311487906080078,0.9565826559065079,7.6249273467485645,58.145064413547516,641.9797810316086,650.051072716713,0.056396764707611555,0.6226768002246446,0.6305054051568506,83,931,913,0.08050436469447139,0.9030067895247332,0.8855480116391853,0,True,0.6773448582522269,-0.7313566083316176,-0.07950757478972621,0.4584751171347226,0.4107805666761723,0.5670442354193852,0.4562263311301975,0.38139569760110215,0.49180149352168967,139,3.3233642217161012,27.75356281597648,10:4=199;1:3=176;1:4=115;9:4=53;1:2=49,0.025491119859679445,0.013914474286139011,139
878,1691509920.8584092,1198,1069,1069,1069,0.9999999999999998,1.0,1.0,1.0,1.0000000000000002,71.70547000596255,485.59887746849154,511.6956525255455,0.1476639945705295,0.14013304520382414,0.9489994200102158,7.136075566940657,65.24438405036926,645.0674715638161,655.3868726491928,0.06103310014066348,0.6034307498258336,0.6130840717017706,93,932,912,0.08699719363891488,0.8718428437792329,0.8531337698783911,0,True,0.6892514368415081,-0.7198899584323846,-0.0817979496083901,0.45183529316688925,0.4141225105229403,0.565287075556789,0.39414224491929434,0.38782022058414833,0.4569946117262733,132,3.300159772629587,27.116971124347852,10:4=189;1:3=176;1:4=125;9:4=65;1:2=56,0.02376695692727815,0.01362935733050108,129
879,1691509920.956966,1228,1087,1087,1087,0.9999999999999998,1.0,1.0,1.0,1.0000000000000002,67.01641110727645,473.6804267427933,546.3031621499302,0.1414802202575833,0.1226725667183382,0.8670651381161034,8.151781826625063,61.832271099090576,478.27631986141205,542.8323569893837,0.05688341407460035,0.43999661440792276,0.49938579299851305,88,515,573,0.08095676172953081,0.47378104875804966,0.5271389144434223,0,True,-0.6722288397247799,0.7354642979121114,0.08485666467002827,0.44733771985346676,0.38993353479336135,0.5845810093955629,0.36119177373906386,0.2648938426511635,0.7187221738349145,136,3.2850020955237116,26.709040284255366,1:3=211;10:4=179;1:4=104;9:4=69;1:2=69,0.022446715042523237,0.013955832459032536,141
880,1691509921.0560248,1216,1073,1073,1073,0.9999999999999998,1.0,1.0,1.0,1.0000000000000002,59.6220005234478,474.9860337141744,538.3919657623779,0.1255236918383282,0.11074088083580778,0.8822309096711372,9.0300889107309,50.10659545660019,481.31339251995087,537.7025644779205,0.046697665849580794,0.44856793338299245,0.5011207497464311,70,513,564,0.06523765144454799,0.47809878844361603,0.5256290773532153,0,True,-0.6766071708013672,0.7307426769622967,0.09065250402578938,0.44546599685033444,0.394115682066352,0.5869131435150493,0.36221856721374984,0.3030851237834123,0.7475576878107582,139,3.2414100973869315,25.569752178904626,1:3=196;10:4=193;1:4=110;9:4=73;1:2=72,0.022397697584505563,0.012901416048407555,143
881,1691509921.157048,1121,993,993,993,0.9999999999999998,1.0,1.0,1.0,1.0000000000000002,61.76052934654329,433.41705243126626,497.8224182221906,0.14249676841300013,0.12406136623396903,0.8706258227162068,8.060527062986605,56.91735661029816,440.0881044268608,496.8311057686806,0.05731858671731939,0.4431904374892858,0.5003334398476139,80,469,520,0.08056394763343404,0.47230614300100704,0.5236656596173213,0,True,-0.6727842895944466,0.7353174228732895,0.08166754125036621,0.4473708297545347,0.3884767141069387,0.587366279427246,0.3639541790836293,0.2184215438270759,0.7096597729284917,123,3.236390611690174,25.441726753271837,1:3=188;10:4=166;1:4=109;9:4=58;1:2=54,0.022807605547251603,0.012391862459480762,128
882,1691509921.2590678,1061,945,945,945,0.9999999999999998,1.0,1.0,1.0,1.0000000000000002,55.93812289190918,429.2516981474939,459.8101789605968,0.13031543761694903,0.12165481638174602,0.9335410954098918,8.2199787048468,45.943015933036804,606.4194556474686,624.9197264909744,0.04861694807728762,0.641713709679861,0.661290715863465,64,881,875,0.06772486772486773,0.9322751322751323,0.9259259259259259,0,True,-0.6710486173173664,0.7377945373295073,0.07316402041432837,0.4603436466037856,0.4033048641841546,0.5616375428644959,0.43022668408408854,0.33824923606937046,0.41316193158450465,131,3.2345308919465876,25.39445624029496,1:3=168;10:4=161;1:4=106;9:4=69;1:2=50,0.02061410890728964,0.011647327803075314,116
883,1691509921.361864,944,837,837,837,0.9999999999999997,1.0,1.0,1.0,1.0000000000000002,52.31948915565444,365.28615142815323,419.3943594161921,0.14322877818143884,0.12475010209599512,0.8709848933987597,8.016025503774744,46.68157798051834,356.80773508548737,406.2257151603699,0.055772494600380335,0.4262935903052418,0.4853353825094025,65,404,450,0.07765830346475508,0.4826762246117085,0.5376344086021505,0,True,-0.6584396015676274,0.7492496120037349,0.07129032192182279,0.46076515339506774,0.38923302583675723,0.5775607370005718,0.403475590288937,0.296080503837965,0.659508148339889,128,3.291314326513472,26.878167138368447,1:3=155;10:4=148;1:4=89;9:4=50;1:2=47,0.02334270909407236,0.013471760787069798,107
884,1691509921.4653976,940,832,832,832,0.9999999999999997,1.0,1.0,1.0,1.0000000000000002,54.2290335442709,366.6614255878468,411.1095408678823,0.14789947826480154,0.13190896380023057,0.891882549876604,7.5809859405343305,47.714956283569336,355.26857233047485,405.5849886536598,0.05734970707159776,0.42700549558951306,0.48748195751641804,65,425,480,0.078125,0.5108173076923077,0.5769230769230769,0,True,0.6797365415030812,-0.729829134054491,-0.07285375234469312,0.45479444602036406,0.40418127062367787,0.5689829968127522,0.39433025069889566,0.3136062454719052,0.5394563467744276,137,3.341935393276221,28.273794698463803,1:3=152;10:4=137;1:4=84;9:4=56;1:2=43,0.02597911223904176,0.013508894015103579,108
885,1691509921.5691745,982,868,868,868,0.9999999999999997,1.0,1.0,1.0,1.0000000000000002,53.27682455572056,391.86701365962165,422.8561617846577,0.13595639004715301,0.12599278281973372,0.9267146823774618,7.936962559440938,50.602271020412445,381.45065873861313,406.9027931690216,0.05829754725853968,0.43945928426107506,0.4687820197799788,75,447,466,0.08640552995391705,0.5149769585253456,0.5368663594470046,0,True,0.6685255050213895,-0.7395496629422089,-0.07835780227878597,0.45587804378347846,0.3971976098742595,0.5697387208275083,0.38457548451801127,0.30374237246731806,0.4947829451567569,117,3.2617340437849403,26.094747367427075,1:3=160;10:4=142;1:4=89;9:4=58;1:2=49,0.023356199767377572,0.013451661914587021,114
886,1691509921.6723258,1006,881,881,881,0.9999999999999998,1.0,1.0,1.0,1.0000000000000002,53.88858312672321,398.2120825861517,428.89933428712516,0.13532633861019175,0.12564389547559354,0.9284511556727436,7.95900187760615,48.86122155189514,540.3713801503181,560.585840523243,0.05546109143234409,0.6133613849606335,0.6363062889026594,69,786,781,0.07832009080590238,0.8921679909194098,0.8864926220204313,0,True,0.6664353453490239,-0.7413759021893064,-0.07890311858551247,0.46257996211169256,0.4008813576752903,0.5656608582273012,0.43137742099103216,0.35942644727703815,0.5105265439229553,132,3.3301513859214373,27.942571494996066,10:4=159;1:3=147;1:4=88;9:4=64;1:2=49,0.02410234131200663,0.012805815786123276,125
887,1691509921.774718,1057,956,956,956,0.9999999999999998,1.0,1.0,1.0,1.0000000000000002,68.75073531601376,427.6259914434683,459.6232732405182,0.16077305096433206,0.14958062247652307,0.9303836779816285,6.685357925669495,64.21726405620575,413.93887799978256,464.58605897426605,0.06717287035167965,0.43299045815876835,0.4859686809354247,88,500,564,0.09205020920502092,0.5230125523012552,0.5899581589958159,0,True,0.6791872865947892,-0.7291991860979428,-0.08350554904978752,0.4550509809955425,0.40682392184164856,0.5630972407606414,0.3967725418375393,0.3615215936402977,0.4418692479779115,135,3.382785896820943,29.452709133602827,10:4=160;1:3=160;1:4=95;9:4=69;1:2=54,0.02336296171026406,0.013488935306668282,101
888,1691509921.8760333,1115,967,967,967,0.9999999999999998,1.0,1.0,1.0,1.0000000000000002,55.12323042740951,443.7835440980325,468.0932254745576,0.12421197487041723,0.11776122239651093,0.9480665814979918,8.491759678181028,46.53178769350052,431.9822525382042,451.8078418970108,0.048119739083247695,0.4467241494707386,0.4672263101313452,66,500,516,0.06825232678386763,0.5170630816959669,0.5336091003102379,0,True,0.6772134600225035,-0.7308247239286656,-0.08530622755074263,0.4538958585243721,0.40094632202727226,0.5713114453324722,0.39647015172371103,0.31354441394391236,0.4669768943369658,130,3.305614797266136,27.26529906837457,10:4=174;1:3=155;1:4=103;9:4=62;1:2=57,0.021401321132850065,0.011232368648052216,148
889,1691509921.9755383,1126,997,997,997,0.9999999999999997,1.0,1.0,1.0,1.0000000000000002,64.3364458494148,427.2613099970429,505.40224415354237,0.15057868415434125,0.12729750727000974,0.8453886284431296,7.85561336938757,59.84150230884552,432.18794429302216,504.7430194616318,0.06002156700987515,0.4334884095215869,0.5062618048762606,85,461,527,0.08525576730190572,0.46238716148445336,0.5285857572718154,0,True,-0.6600976618747588,0.7476895388496044,0.07232862699058056,0.44867803970774145,0.38272353683873533,0.5906231162717233,0.3681113710344548,0.23603466167391618,0.7409487602462868,136,3.305373998324556,27.25873440363092,1:3=195;10:4=163;1:4=100;9:4=68;1:2=60,0.024005393822822865,0.013780951499938965,129
890,1691509922.074517,1188,1039,1039,1039,0.9999999999999998,1.0,1.0,1.0,1.0000000000000002,61.06056859245239,442.21874231679783,535.7206890907498,0.13807774919840385,0.11397836565932751,0.8254651188987159,8.77359483280294,55.65586304664612,450.31570160388947,536.0042787194252,0.0535667594289183,0.4334126098208753,0.5158847725884746,79,474,552,0.07603464870067372,0.45620789220404234,0.5312800769971127,0,True,-0.6795516585009821,0.7293138659465886,0.07944072234444463,0.4365883190757846,0.3854968848836054,0.5986240935127877,0.3306353431061246,0.2146347278044233,0.8209053376978304,141,3.315230578351862,27.528740784501924,1:3=177;10:4=160;1:4=130;9:4=74;1:2=60,0.021737132260874155,0.012927922420203686,149
891,1691509922.1732106,1279,1130,1130,1130,0.9999999999999998,1.0,1.0,1.0,1.0000000000000002,77.12891806766048,506.57129190659015,546.2997900257491,0.15225678853092758,0.14118423524201815,0.9272771125954736,7.082943774039637,66.63536095619202,498.64060962200165,531.4876967072487,0.05896934597893099,0.4412748757716829,0.47034309443119354,92,570,597,0.08141592920353982,0.504424778761062,0.5283185840707965,0,True,-0.6610470902267008,0.7465265685589237,0.0755964743784424,0.46051444170463585,0.3967857979280301,0.5694002826950193,0.41694955303939807,0.31454047897785314,0.5018376265738779,157,3.378692076624481,29.332381505998367,1:3=192;10:4=184;1:4=128;9:4=75;1:2=60,0.022361207993620603,0.013280980754643679,149
892,1691509922.2711585,1317,1164,1164,1164,0.9999999999999997,1.0,1.0,1.0,1.0000000000000002,71.50471599382995,531.2738903308823,561.2213936752879,0.13459105989435347,0.12740910592442814,0.9466386996613093,7.848732574837651,63.41946864128113,527.4595093727112,545.6597566604614,0.054484079588729493,0.4531439083958,0.46877985967393593,90,584,596,0.07731958762886598,0.5017182130584192,0.5120274914089347,0,True,-0.6782729405565662,0.7293552856654374,0.08936825711983742,0.4543959814066314,0.4042458746123793,0.5727785475558358,0.4172022545006996,0.3455411817277702,0.5190544788857913,149,3.367748591612938,29.01313306001591,10:4=203;1:3=171;1:4=144;9:4=80;1:2=60,0.02437563466012226,0.012994305696338415,153
893,1691509922.368729,1284,1128,1128,1128,0.9999999999999998,1.0,1.0,1.0,1.0000000000000002,81.6866277786998,514.2326988036164,532.0806734176837,0.15885148487979686,0.1535230123169231,0.9664562621689952,6.513681466434906,72.23242920637131,717.6052007079124,725.2856333851814,0.06403584149501003,0.6361748233226174,0.6429837175400545,102,1032,1022,0.09042553191489362,0.9148936170212766,0.9060283687943262,0,True,-0.6769138962916968,0.7312144716822936,0.08433844561988199,0.4587650101411378,0.4125395607029442,0.5617003822539226,0.4136884987633681,0.38575066948494385,0.4298330569268576,161,3.4781059959490417,32.398301414610685,1:3=196;10:4=179;1:4=111;9:4=75;1:2=46,0.024125767778551223,0.012842310592532158,156
894,1691509922.4662871,1279,1120,1120,1120,0.9999999999999998,1.0,1.0,1.0,1.0000000000000002,72.05633274440665,502.5203672330419,545.4233000225518,0.14338987520279112,0.13211084444215587,0.9213401173222047,7.56940131767794,64.2419576048851,494.0519005060196,525.9319132566452,0.057358890718647415,0.44111776830894606,0.4695820654077189,91,558,579,0.08125,0.4982142857142857,0.5169642857142858,0,True,-0.6712000504722213,0.7377922988359102,0.07178451103483391,0.4545522243422625,0.3972315587535096,0.5733770297610545,0.4064215084408721,0.2976826282127544,0.5127083759386086,144,3.389193070371081,29.642023590190707,1:3=186;10:4=165;1:4=129;9:4=86;1:2=53,0.022522341953569287,0.012128237169235945,159
895,1691509922.5644372,1244,1103,1103,1103,0.9999999999999998,1.0,1.0,1.0,1.0000000000000002,64.49084837263189,507.51630868732957,530.9928429400383,0.1270714798100476,0.12145332885384001,0.9557874751706216,8.233615409614874,57.42965930700302,702.2967514395714,701.1537014245987,0.05206678087670265,0.6367150965000647,0.6356787864230269,82,1019,980,0.0743427017225748,0.9238440616500453,0.8884859474161378,0,True,-0.6824529003954811,0.7262314460882976,0.0827401078939072,0.4534374050176216,0.4074195318789413,0.5668359168015894,0.39874652788669634,0.35354840008131366,0.4549301483077763,142,3.3212760938974326,27.695670293921793,10:4=188;1:3=182;1:4=117;9:4=82;1:2=63,0.022922800056164865,0.01304050162434578,141
896,1691509922.6630673,1223,1079,1079,1079,0.9999999999999998,1.0,1.0,1.0,1.0000000000000002,75.91772927219722,476.4835778481304,526.5986928796725,0.15932916222433688,0.14416619391333046,0.9048324355734901,6.9364389310380075,70.74436008930206,468.4521437883377,523.513137459755,0.06556474521714742,0.43415397941458544,0.4851836306392539,101,511,572,0.09360518999073215,0.4735866543095459,0.5301204819277109,0,True,-0.6743779884583466,0.7339284622391514,0.08101444931707205,0.4716430322995632,0.4224751725521792,0.5447903875335868,0.47333423522115303,0.44141990485707894,0.36060979880999394,143,3.4761505077714334,32.33500882334569,10:4=177;1:3=153;1:4=115;9:4=78;10:3=62,0.023244964773970096,0.012086647562682629,144
897,1691509922.7618964,1183,1032,1032,1032,0.9999999999999997,1.0,1.0,1.0,1.0000000000000002,70.6646720808644,462.1837917258365,499.15153619329925,0.15289301214349396,0.14156957748698407,0.9259388346284748,7.063664508654342,64.77401942014694,453.4290058016777,485.5840240716934,0.06276552269394084,0.43936919166829236,0.47052715510823007,89,507,536,0.08624031007751938,0.49127906976744184,0.5193798449612403,0,True,-0.673181026679267,0.7353626444023303,0.07790434221954076,0.45646502641412107,0.39997595215962284,0.5707651783908284,0.407903738307353,0.31390645956227425,0.48465090759633156,140,3.439051055101389,31.157377500883946,10:4=163;1:3=163;1:4=117;9:4=62;1:2=48,0.022280919902989804,0.012173131108283997,151
898,1691509922.8617733,1200,1060,1060,1060,0.9999999999999998,1.0,1.0,1.0,1.0000000000000002,68.32204828370067,483.70023293717816,507.9777187791211,0.14124873967669593,0.1344981202087103,0.9522075773317544,7.4350481512174955,63.93301218748093,630.8346979022026,681.6040660142899,0.06031416244101974,0.5951270734926439,0.6430227037870659,93,897,969,0.08773584905660377,0.8462264150943396,0.9141509433962264,0,True,0.674109681439605,-0.7343612618363962,-0.07930746814424598,0.4612589598004738,0.41146760162982365,0.5585442220575889,0.429652195776084,0.3943459043769677,0.414783955877422,141,3.373213903922151,29.172132989621534,1:3=179;10:4=166;1:4=111;9:4=81;10:3=55,0.02302667898218473,0.012793829664587975,140
899,1691509922.9614847,1237,1103,1103,1103,0.9999999999999998,1.0,1.0,1.0,1.0000000000000002,71.49777495853088,487.98945549190665,543.5127695495621,0.14651499976871257,0.13154755318404918,0.8978435886544661,7.601813760845042,64.17741996049881,487.21224212646484,529.6087571978569,0.0581844242615583,0.4417155413657886,0.48015299836614406,93,542,573,0.0843155031731641,0.4913871260199456,0.5194922937443336,0,True,-0.6642889345348736,0.743051436316304,0.08120821659659623,0.4539571054458273,0.3922892170588042,0.5764256379948199,0.39716796441642965,0.29120081894380395,0.6161959575557487,138,3.412078108801276,30.328204125936832,1:3=176;10:4=153;1:4=132;9:4=87;1:2=58,0.023675572379096416,0.013664647936820984,134
900,1691509923.061575,1238,1102,1102,1102,0.9999999999999998,1.0,1.0,1.0,1.0000000000000002,80.77298621525458,476.10654116179666,545.1204726229487,0.16965317472461539,0.14817456006853,0.8733969187965394,6.748796821380842,75.75199371576309,486.8468185067177,544.2177332043648,0.06874046616675417,0.4417847717846803,0.49384549292592084,106,525,570,0.09618874773139746,0.4764065335753176,0.5172413793103449,0,True,-0.6638291544407576,0.7440314898139903,0.07581553851054018,0.45139998929101,0.39024605165410214,0.5823943572830571,0.3844139054637983,0.2657331916767586,0.6511265410895817,150,3.461157559322261,31.853827877142592,1:3=178;1:4=147;10:4=144;9:4=92;10:3=49,0.023398833072310898,0.014588427264243364,136
901,1691509923.1626487,1202,1076,1076,1076,0.9999999999999998,1.0,1.0,1.0,1.0000000000000002,64.56129439087916,471.18092382721545,540.2577817819051,0.1370201787170699,0.11950090598961828,0.8721409292303816,8.368137393760643,54.419456243515015,479.77882462739944,536.9364209771156,0.05057570282854555,0.4458911009548322,0.4990115436590294,77,516,562,0.07156133828996282,0.4795539033457249,0.5223048327137546,0,True,-0.663375710606758,0.7421077666487184,0.09596212407314755,0.4517073022560027,0.3846117518886323,0.5871616673701617,0.3735601938154476,0.25979490982704334,0.6806288057897276,132,3.3783009301952918,29.32091049328176,10:4=162;1:3=151;1:4=138;9:4=78;1:2=60,0.02262168139055976,0.014424990862607956,126
902,1691509923.2642941,1191,1050,1050,1050,0.9999999999999998,1.0,1.0,1.0,1.0000000000000002,66.45624558063392,461.1388159016688,522.4049385176971,0.14411331965341376,0.12721213120458016,0.8827229260315408,7.860885518786088,60.599590837955475,472.11111265420914,518.7414566278458,0.05771389603614807,0.4496296310992468,0.49403948250271024,86,506,539,0.08190476190476191,0.4819047619047619,0.5133333333333333,0,True,-0.6688087499895232,0.7400973979368021,0.07036119317227599,0.45009896356015605,0.3875692356327811,0.5852727269202667,0.38091573791711564,0.228976162947941,0.6791698024992299,139,3.346364601253321,28.39930296140102,1:3=172;10:4=163;1:4=126;9:4=75;1:2=52,0.02419215309213173,0.01511632651090622,141
903,1691509923.365609,1152,1022,1022,1022,0.9999999999999998,1.0,1.0,1.0,1.0000000000000002,67.61680112728857,451.75563828356394,502.62756058914727,0.1496756108771485,0.13452664841544415,0.8987880365216054,7.433471448064385,61.151345789432526,462.3633108139038,499.0075117945671,0.05983497631059934,0.45241028455372195,0.48826566711797176,86,496,518,0.08414872798434442,0.48532289628180036,0.5068493150684932,0,True,-0.6727925606880067,0.7361572084750757,0.07363921980207377,0.449889895459527,0.3912440549024987,0.5821943041454872,0.377785581454318,0.23781351634586836,0.5875434343521677,131,3.3835604559818706,29.475530836514952,1:3=175;10:4=145;1:4=123;9:4=70;1:2=45,0.023496324953005836,0.013749692123383284,130
904,1691509923.4672043,1093,957,957,957,0.9999999999999997,1.0,1.0,1.0,1.0000000000000002,67.10741391975955,427.5653619815461,462.3272240986943,0.15695240982279554,0.14515133529197913,0.924811128773746,6.889361355088123,60.499547123909,417.71859163045883,445.2609778046608,0.06321791757984221,0.4364875565626529,0.46526747941970825,82,472,492,0.08568443051201671,0.49320794148380354,0.5141065830721003,0,True,-0.672075811122152,0.7357708773503573,0.08339856202349714,0.45673477628865505,0.39966241248252093,0.5688842811446427,0.41248071205351966,0.30419423318689864,0.4576054369369881,141,3.4053329839443336,30.12432497058514,10:4=156;1:3=148;1:4=106;9:4=75;10:3=43,0.023851619672410885,0.012819134630262852,136
905,1691509923.569291,1040,907,907,907,0.9999999999999998,1.0,1.0,1.0,1.0000000000000002,56.08147797889508,399.5116474669629,451.40687455414195,0.14037507625740164,0.12423709327485805,0.8850366930312341,8.049125857988587,48.354829490184784,402.52948319911957,448.21043437719345,0.05331293218322468,0.4438031788303413,0.4941680643629476,67,430,469,0.07386990077177508,0.474090407938258,0.5170893054024256,0,True,-0.6969805674572048,0.7129420887157571,0.07701731444711435,0.4362562654893187,0.40303142561392624,0.582876138618198,0.352043491086818,0.27533757987910995,0.7336836785836811,128,3.3631136687143406,28.878970581786046,1:3=141;10:4=136;1:4=113;9:4=63;1:2=47,0.023931608909435954,0.014912215061485767,133
906,1691509923.6703715,1045,909,909,909,0.9999999999999997,1.0,1.0,1.0,1.0000000000000002,60.10399023329046,385.9589142191333,462.9370955475762,0.15572639475082994,0.12983187308028885,0.8337178375446653,7.702268913440028,51.13220077753067,390.0282621383667,463.10183495283127,0.056251045959879724,0.42907399575177857,0.5094629647445889,69,416,486,0.07590759075907591,0.45764576457645767,0.5346534653465347,0,True,-0.680061008352788,0.7278594851072466,0.08796359961712931,0.43946421784723055,0.3910854208538784,0.5919265814539918,0.347053518466734,0.24703896546792645,0.7514071728278097,139,3.367992397059657,29.020207482238614,1:3=156;10:4=141;1:4=112;9:4=73;1:2=45,0.023407996213335384,0.012406415306031704,136
907,1691509923.7714934,1052,936,936,936,0.9999999999999998,1.0,1.0,1.0,1.0000000000000002,68.00168592714962,396.3781020054541,471.62021206739655,0.17155762536602975,0.14418738677262605,0.8404603786336663,6.93541940375779,61.887943267822266,398.33326852321625,465.87132078409195,0.06611959750835712,0.4255697313282225,0.4977257700684743,86,437,496,0.09188034188034189,0.4668803418803419,0.5299145299145299,0,True,-0.6688205900055952,0.7388613095264637,0.08223736176098356,0.45002263429807476,0.3901649013995268,0.5824819963797637,0.3876492671198883,0.2693570117833872,0.7450112565622564,146,3.5103396545924666,33.459630571309994,1:3=145;10:4=119;1:4=105;9:4=77;1:2=49,0.022353636726485604,0.011987015139311552,116
908,1691509923.8729115,1049,905,905,905,0.9999999999999997,1.0,1.0,1.0,1.0000000000000002,60.58752102500443,395.6551272034744,448.7573517715214,0.15313215186478793,0.1350117625612777,0.8816682905395982,7.406762055610752,55.98817181587219,387.50103855133057,441.0478100180626,0.061865383221958226,0.4281779431506415,0.48734564642879846,82,438,491,0.09060773480662983,0.4839779005524862,0.5425414364640884,0,True,-0.6722357920463724,0.7354119429959355,0.08525440745633048,0.4523489758864394,0.39704916161306386,0.5760198386202767,0.37733566946955827,0.27884196712224735,0.5805281181502083,135,3.440416141213313,31.19993904767328,1:3=161;10:4=123;1:4=103;9:4=71;10:3=39,0.024547090790775997,0.013388576917350292,144
909,1691509923.9741547,1064,931,931,931,0.9999999999999998,1.0,1.0,1.0,1.0000000000000002,64.59624460770956,420.46486391015424,445.9388914821362,0.1536305412228514,0.14485447634543713,0.9428755193624945,6.903480135576077,58.812566459178925,404.63816821575165,448.89528995752335,0.0631713925447679,0.4346274631748138,0.48216465086737204,84,484,545,0.09022556390977443,0.5198711063372717,0.5853920515574651,0,True,0.6799186058455235,-0.729016841615154,-0.07902616064662182,0.45512477717111843,0.4068782488595329,0.5670372873835609,0.4275759230391947,0.3445562116968988,0.5053079757312707,142,3.4707874015906848,32.162056931899386,10:4=146;1:3=133;1:4=107;9:4=66;1:2=50,0.02328445687956611,0.012696770019829273,133
910,1691509924.0745387,1127,986,986,986,0.9999999999999997,1.0,1.0,1.0,1.0000000000000002,66.24630572527055,446.5994656907791,473.15422858395027,0.1483349417420459,0.14000996234046478,0.9438771519116633,7.142348896346974,58.51524078845978,620.3167858719826,636.711779654026,0.059346085992352714,0.6291245292819296,0.6457523120223387,83,904,895,0.08417849898580122,0.9168356997971603,0.907707910750507,0,True,0.6614709931985554,-0.7461975468483687,-0.07513551912639638,0.46574826065072794,0.4005157033127116,0.5630208147445585,0.43505802533687665,0.32786590978564406,0.4733519229339591,137,3.45000855157675,31.50066168792222,10:4=159;1:3=142;1:4=110;9:4=74;1:2=42,0.022668698504882328,0.011681062635034323,141
911,1691509924.1743715,1155,1009,1009,1009,0.9999999999999997,1.0,1.0,1.0,1.0000000000000002,64.48618562537895,448.0398481082065,496.4739662664145,0.14392957657151254,0.12988835267703605,0.9024437907138567,7.698919721358492,57.71593290567398,454.0119186639786,490.42346155643463,0.05720112280046975,0.4499622583389282,0.48604902037307696,81,483,512,0.0802775024777007,0.4786917740336967,0.5074331020812686,0,True,-0.685081984140059,0.725159873749675,0.0693241120395729,0.44561733864916436,0.4001963799908239,0.5803606938631222,0.3767852956786252,0.3116746066190288,0.6621949746990295,141,3.4018709533333524,30.020213957146105,10:4=148;1:3=139;1:4=132;9:4=82;1:2=57,0.022146513657342198,0.01144426129758358,146
912,1691509924.2744105,1263,1098,1098,1098,0.9999999999999997,1.0,1.0,1.0,1.0000000000000002,68.21595720748653,492.3524296960085,537.4316130965051,0.13855107255102786,0.12692955818964297,0.9161210797765226,7.878385572775095,57.862611055374146,490.96434473991394,526.5235707163811,0.05269818857502199,0.4471442119671347,0.4795296636761212,81,537,563,0.07377049180327869,0.4890710382513661,0.5127504553734062,0,True,-0.695462419405161,0.7121789976769614,0.09556724576421644,0.4417824143413534,0.4070133056921054,0.574278019013626,0.36451656642961083,0.35803145871416264,0.5313820414252637,141,3.427724754352796,30.806470662300654,1:3=168;10:4=157;1:4=123;9:4=82;1:2=63,0.024749411287423067,0.014203036203980446,165
913,1691509924.372852,1292,1150,1150,1150,0.9999999999999998,1.0,1.0,1.0,1.0000000000000002,75.38477626087729,526.9623077656615,547.6529159734614,0.14305534788723573,0.13765064343148745,0.9622194868240188,7.264768075695395,64.11297124624252,512.9387703537941,533.9863650202751,0.05575040977934132,0.4460337133511253,0.46433596958284795,91,607,631,0.0791304347826087,0.5278260869565218,0.548695652173913,0,True,0.673269094899714,-0.7346305251671127,-0.08382551727017397,0.45748546840258836,0.40343434191204,0.5679863875904959,0.42740656890516354,0.3489690713850957,0.4907814148962424,159,3.521596343715487,33.83840309347752,10:4=184;1:3=161;1:4=123;9:4=76;10:3=54,0.022726538298388423,0.012272818014025688,142
914,1691509924.4709916,1299,1151,1151,1151,0.9999999999999997,1.0,1.0,1.0,1.0000000000000002,75.21186005864759,515.1581201413844,560.630019799968,0.14599762115368733,0.13415596276040137,0.9188914291910236,7.454010835030648,67.68035697937012,498.91992515325546,580.6168386340141,0.05880135271882721,0.4334664857977893,0.5044455591954945,100,605,716,0.08688097306689835,0.525629887054735,0.6220677671589921,0,True,0.6631097750925529,-0.7434968021028008,-0.08659059671588432,0.46314583994907954,0.39544165692216376,0.5679889101297407,0.43053367538528536,0.2901257122513313,0.4909056104683176,149,3.4851861484480833,32.62850028927756,1:3=173;10:4=166;1:4=118;9:4=85;1:2=66,0.02417410727865777,0.012401880696415901,148
915,1691509924.5692053,1255,1095,1095,1095,0.9999999999999998,1.0,1.0,1.0,1.0000000000000002,82.24351200141741,495.17408685585144,517.5824011427313,0.16609009676501724,0.15889935944467612,0.9567058032935312,6.293291574584158,76.93022692203522,697.36838722229,706.6629680395126,0.07025591499729243,0.6368661070523197,0.6453543087118837,109,1010,997,0.09954337899543379,0.9223744292237442,0.9105022831050228,0,True,0.666033657467557,-0.741057397046571,-0.08504764195995876,0.46766543702637975,0.40542438753330984,0.5580532852668648,0.43920206935041534,0.357105555721819,0.4538420305638975,156,3.566361275879683,35.38759290793889,10:4=161;1:3=149;1:4=107;9:4=88;1:2=51,0.020424527618167206,0.010892733000218868,160
916,1691509924.6677837,1210,1056,1056,1056,0.9999999999999997,1.0,1.0,1.0,1.0000000000000002,66.27378527028434,482.2456812073502,507.48053352236565,0.13742743139629846,0.13059374871048826,0.9502742457136962,7.657334366110343,53.28147113323212,508.39975756406784,586.1244422197342,0.050455938573136475,0.48143916435991274,0.5550420854353544,76,650,786,0.07196969696969698,0.615530303030303,0.7443181818181818,0,True,0.673527121354968,-0.7359886455400046,-0.06842463325060477,0.4619085619584743,0.4075678572809436,0.557671217812124,0.44168813594474754,0.35763702542242465,0.4355774485720404,153,3.529559565008689,34.1089415346231,10:4=152;1:3=143;1:4=115;9:4=75;1:2=55,0.028629885491028646,0.015104587655514479,154
917,1691509924.765289,1219,1067,1067,1067,0.9999999999999997,1.0,1.0,1.0,1.0000000000000002,73.16733185366691,477.1287592061668,516.7039089401663,0.15334923842235085,0.14160398361170437,0.9234084568565122,7.061948219918188,63.018373012542725,600.0381979346275,686.6553470492363,0.05906126805299224,0.5623600730408881,0.6435382821454886,89,845,972,0.08341143392689784,0.7919400187441424,0.9109653233364574,0,True,0.6668559579473783,-0.7410739267833416,-0.07818290345083805,0.4694032038400849,0.40890098005129355,0.5500514024709997,0.4617795647470878,0.3683103194920703,0.3971811477026203,150,3.469309019997576,32.11454426851193,1:3=161;10:4=151;1:4=113;9:4=82;1:2=59,0.022058671931488152,0.012407409027218819,152
918,1691509924.8635182,1202,1033,1033,1033,0.9999999999999998,1.0,1.0,1.0,1.0000000000000002,69.91921648651491,463.0181423681067,500.0626411453785,0.1510075094010637,0.13982091588839157,0.9259202833220604,7.152005790022317,59.82905846834183,531.7521998286247,639.398324072361,0.05791777199258647,0.51476495627166,0.6189722401474937,84,719,896,0.08131655372700872,0.6960309777347532,0.8673765730880929,0,True,0.6795024005930664,-0.7272595487034065,-0.09679894838260004,0.46331241818569,0.4149289544398894,0.5484929483493594,0.44338691309707295,0.3953820803130901,0.3554698827667798,143,3.470227860214628,32.144065964121715,10:4=143;1:3=138;1:4=119;9:4=98;1:2=54,0.021278606462989163,0.010811509564518929,169
919,1691509924.961546,1242,1102,1102,1102,0.9999999999999998,1.0,1.0,1.0,1.0000000000000002,77.79896941368484,493.5199287940602,530.681101792255,0.15764098848812527,0.1466021102898454,0.9299745687707902,6.821184210942879,70.66306912899017,492.3978058695793,521.5125612020493,0.06412256726768618,0.4468219653988923,0.4732418885681028,100,544,569,0.09074410163339383,0.49364791288566245,0.5163339382940109,0,True,-0.6780875048648185,0.7308868031034146,0.07747139340088674,0.45224968758707274,0.40289462915977553,0.5698404710910198,0.40735005788042583,0.32536719277585463,0.4932233804568769,152,3.5237317512695854,33.910739080981564,1:4=146;1:3=142;10:4=140;9:4=107;1:2=58,0.027977114646608417,0.015902734361588955,140
920,1691509925.0590918,1255,1095,1095,1095,0.9999999999999998,1.0,1.0,1.0,1.0000000000000002,70.90681115502059,493.37090839504145,530.7222804499379,0.14371907615243013,0.1336043610132722,0.9296216242829856,7.484785619390527,63.55358147621155,506.1051676273346,525.5969811677933,0.05803980043489639,0.4621965001162873,0.4799972430756103,94,549,552,0.08584474885844749,0.5013698630136987,0.5041095890410959,0,True,-0.6869670029132254,0.7217170066859862,0.08485811197899752,0.4432726386744744,0.40130609679518364,0.5729852733378824,0.3723289610339098,0.288382202346517,0.6020733013534318,148,3.489880516585931,32.78203056328792,1:3=168;10:4=152;1:4=119;9:4=73;1:2=56,0.02317123528459945,0.012966692447662354,160
921,1691509925.1582534,1244,1110,1110,1110,0.9999999999999997,1.0,1.0,1.0,1.0000000000000002,78.0225395411632,487.794466531156,544.182993927681,0.15994961996187346,0.14337555640618196,0.8963794752395025,6.974689584931806,66.28500646352768,493.47847813367844,538.8334196805954,0.059716222039214124,0.4445752055258364,0.4854355132257616,93,535,570,0.08378378378378379,0.481981981981982,0.5135135135135135,0,True,-0.6791208399861761,0.7298737804930947,0.07796889921750086,0.4466078848961651,0.39872978692733346,0.5775957528353206,0.38375779685291656,0.29168671685474157,0.6026774126953135,152,3.5359093934570387,34.32621656144655,1:3=164;10:4=147;1:4=133;9:4=82;1:2=54,0.02550650874906447,0.013317779172211885,134
922,1691509925.2586706,1123,975,975,975,0.9999999999999998,1.0,1.0,1.0,1.0000000000000002,62.59788308460872,438.2516367194038,474.1504801959876,0.14283548044040234,0.13202113189621617,0.9242880794684734,7.574544965923449,53.989576518535614,433.5419307947159,461.06439512968063,0.0553739246343955,0.44465839055868295,0.47288655910736477,76,478,499,0.07794871794871795,0.49025641025641026,0.5117948717948718,0,True,-0.6674171296965993,0.7417601249625787,0.06592641354611105,0.45455642895494835,0.3945246580062144,0.5725222601050577,0.4108518811180779,0.3221793815095322,0.4940461987008693,128,3.3528113147934775,28.582976541687636,1:3=144;10:4=141;1:4=131;9:4=66;1:2=52,0.02469340440621552,0.014057338237762451,148
923,1691509925.3608603,1083,941,941,941,0.9999999999999998,1.0,1.0,1.0,1.0000000000000002,62.18434339360354,415.4547184358124,463.36093817058435,0.1496777882983919,0.13420281743885507,0.8966114409127525,7.4514083913001,57.033498883247375,417.2759664654732,455.38362842798233,0.0606094568366072,0.44343885915565695,0.4839358431753266,81,454,484,0.08607863974495218,0.4824654622741764,0.5143464399574921,0,True,-0.6871844777695706,0.7230198922608416,0.07085004522005256,0.44356454133440015,0.4027235360512731,0.5799430443550235,0.37206875145611884,0.3420109410752278,0.6081034347201667,148,3.501067223749983,33.1508124209204,1:3=141;10:4=122;1:4=109;9:4=92;1:2=48,0.024601379770821878,0.013404306024312973,142
924,1691509925.4646904,1030,901,901,901,0.9999999999999998,1.0,1.0,1.0,1.0000000000000002,60.8818604101337,406.1747893703684,433.94335021949826,0.14989079086988555,0.14029909751892336,0.9360087881630542,7.127629597653836,54.204023599624634,400.7900759577751,421.2681187391281,0.060159848612236,0.44482805322727537,0.4675561806205639,78,454,469,0.08657047724750278,0.5038845726970034,0.5205327413984462,0,True,-0.6815358780965848,0.7286340719224901,0.06783241187491905,0.44916018398812263,0.40541221120158016,0.5705245254815089,0.3871634722749885,0.37445441703849336,0.5080868199090496,139,3.462879350736959,31.9087207679997,1:3=135;10:4=133;1:4=102;9:4=71;1:2=48,0.023158542655692275,0.011016261763870716,129
925,1691509925.5685453,1011,882,882,882,0.9999999999999998,1.0,1.0,1.0,1.0000000000000002,65.42702465638521,395.4535554878188,421.119419855796,0.1654480627331231,0.15536453930048963,0.9390532396326771,6.436475173179035,54.394344091415405,426.64523673057556,496.70530503988266,0.06167159194038028,0.4837247581979315,0.5631579422220891,75,561,665,0.08503401360544217,0.6360544217687075,0.753968253968254,0,True,0.6754403741379497,-0.7310503178893014,-0.09667333499128969,0.45821851060809676,0.4081893403374216,0.5620397000467318,0.44231528334189196,0.37440028338559966,0.490181337704659,137,3.5369166202406754,34.36080826406838,1:3=133;10:4=106;1:4=94;9:4=66;1:2=43,0.022012366421373292,0.011276764329522848,129
926,1691509925.6720524,1119,967,967,967,0.9999999999999997,1.0,1.0,1.0,1.0000000000000002,73.82293163564717,432.7786444556008,460.3984239087522,0.1705789612805646,0.16034575229188527,0.940008961762594,6.236523173870243,65.82119184732437,489.56767278909683,573.135984659195,0.06806741659495799,0.5062747391821063,0.5926949169174716,91,654,796,0.09410548086866598,0.6763185108583247,0.8231644260599793,0,True,0.679372465875622,-0.7289150168897985,-0.08447455689509176,0.4615333508217893,0.4197166683994974,0.5515836386122767,0.4402794648464362,0.40488446497541575,0.38686079711143606,150,3.5903785860843147,36.24779624039632,10:4=131;1:4=116;1:3=115;9:4=70;1:2=44,0.031292904689198854,0.015510470606386662,152
927,1691509925.7740223,1136,989,989,989,0.9999999999999998,1.0,1.0,1.0,1.0000000000000002,68.69515174601001,445.4011709923046,474.90367726168535,0.15423208608312547,0.14465070504846195,0.9378768628630264,6.913205156276097,60.892340898513794,429.20730632543564,474.4097146987915,0.06156960657079251,0.4339810984079228,0.47968626359837363,82,511,568,0.08291203235591507,0.5166835187057633,0.5743174924165824,0,True,0.6800746139066249,-0.7299526971836126,-0.06831968526072404,0.4543360779855299,0.40562794367207833,0.5653124898704527,0.399195954984655,0.34923423514877094,0.43039811126750244,134,3.42401176885171,30.692298773842058,1:3=142;10:4=125;1:4=124;9:4=81;10:3=53,0.027925491352300096,0.014262796379625797,147
928,1691509925.8766847,1220,1069,1069,1069,0.9999999999999998,1.0,1.0,1.0,1.0000000000000002,71.58706238024811,468.81476765561507,528.5981699641368,0.15269796798046897,0.13542813132536005,0.8869019877375327,7.383990240532408,62.345721781253815,472.9788629412651,526.7724254131317,0.05832153581034033,0.44244982501521524,0.4927712117990007,89,514,562,0.0832553788587465,0.480823199251637,0.5257249766136576,0,True,-0.6579797502696539,0.7487049573066596,0.08064449850744296,0.45580509069502145,0.38732620640965665,0.5805370733330777,0.3983966388915053,0.2606422518651947,0.6053080195655686,151,3.475187570774141,32.30388723351183,1:3=160;1:4=140;10:4=132;9:4=97;1:2=48,0.028773526615927324,0.016645586118102074,151
929,1691509925.9788885,1264,1107,1107,1107,0.9999999999999998,1.0,1.0,1.0,1.0000000000000002,68.16309803267362,492.4544181037389,546.3824838635874,0.13841504010694974,0.12475344661614658,0.9012997902522211,8.015810601825667,59.147697031497955,494.5321764945984,533.7739151120186,0.0534306206246594,0.4467318667521214,0.48218059179044137,86,544,572,0.07768744354110207,0.4914182475158085,0.5167118337850045,0,True,-0.6778602626492904,0.732599293447739,0.061674464415248854,0.4449217276400885,0.39697883044914484,0.578490457866578,0.35480167590340833,0.3039970245313175,0.6109539884219551,146,3.4557429564504685,31.681818151665343,1:3=159;10:4=146;1:4=146;9:4=87;1:2=53,0.030595359111188027,0.014767609536647797,157
930,1691509926.078321,1294,1139,1139,1139,0.9999999999999997,1.0,1.0,1.0,1.0000000000000002,83.98361122063834,499.96307074488277,555.0533180344792,0.16797962916643663,0.15130728615051967,0.9007478281822031,6.609067054478826,76.33577620983124,503.09678184986115,547.0902590155602,0.06701999667237159,0.44170042304641016,0.4803250737625638,108,548,583,0.09482001755926252,0.4811237928007024,0.5118525021949079,0,True,-0.673701608887225,0.7355540778825231,0.0713185858886425,0.44930884742073973,0.39803851218964603,0.5748569189548386,0.39431613601685606,0.3184076330262554,0.5549531751002393,154,3.529955513320754,34.122449586518755,1:3=159;10:4=153;1:4=141;9:4=86;1:2=63,0.028618685078052687,0.013683855533599854,155
931,1691509926.1773,1310,1152,1152,1152,0.9999999999999997,1.0,1.0,1.0,1.0000000000000002,94.13704015475616,511.50115432836503,546.3618055168794,0.18404071888823859,0.17229798862989495,0.936194933766399,5.8038982808328194,90.1481072306633,708.6670525074005,736.3837659358978,0.07825356530439523,0.6151623719682296,0.6392220190415779,125,1029,1036,0.10850694444444445,0.8932291666666666,0.8993055555555556,0,True,-0.6833330764472199,0.7251710111410055,0.0847520574022251,0.4578532240635018,0.41538909182564,0.5555123704033256,0.4214200085750103,0.4016343539551596,0.42939499020346317,169,3.6083761210950547,36.90607313450666,10:4=152;1:4=151;1:3=142;9:4=86;10:5=46,0.0282430384091961,0.012870424427092075,158
932,1691509926.2755833,1255,1098,1098,1098,0.9999999999999997,1.0,1.0,1.0,1.0000000000000002,76.56496048260087,493.0973733478029,528.337666169596,0.15527351111764348,0.14491671782118137,0.9332996773118936,6.900515102984465,67.75656700134277,480.38312232494354,537.2178991436958,0.06170907741470198,0.4375073973815515,0.48926948920190877,96,579,656,0.08743169398907104,0.5273224043715847,0.5974499089253188,0,True,0.6739373418714327,-0.7353881494839294,-0.07080062732681314,0.4547289650785641,0.40377241420197985,0.565407034714555,0.4274973804266502,0.33761509436980824,0.4764568394972503,166,3.55884114921395,35.1224718482837,1:3=145;10:4=141;1:4=139;9:4=85;1:2=58,0.028754160475762226,0.015316424891352654,157
933,1691509926.3710086,1247,1104,1104,1104,0.9999999999999998,1.0,1.0,1.0,1.0000000000000002,82.532289142883,490.54749421245333,530.9202166446638,0.16824525681327554,0.15545139656665308,0.9239570821255215,6.43287884243117,73.1620666384697,674.8070029616356,721.5257320404053,0.06626998789716458,0.6112382273203221,0.6535559167032656,105,971,1015,0.09510869565217392,0.8795289855072463,0.9193840579710145,0,True,0.6692342099022575,-0.7390001405690271,-0.07748783475784785,0.46485536084659923,0.4099189639228803,0.5532800984448297,0.4393741276492116,0.3640903251936026,0.4309347952065672,156,3.5657676353372327,35.36659163231008,10:4=156;1:3=147;1:4=142;9:4=80;10:3=41,0.0254250908308683,0.014231465756893158,143
934,1691509926.4668925,1242,1087,1087,1087,0.9999999999999998,1.0,1.0,1.0,1.0000000000000002,79.89076259789718,492.22893917035316,514.8802982317495,0.1623040748732739,0.15516375917327885,0.9560065530975106,6.44480389833332,68.7548435330391,479.57169795036316,528.5793725252151,0.06325192597335703,0.44118831458175084,0.4862735717803267,96,579,649,0.08831646734130635,0.5326586936522539,0.5970561177552898,0,True,0.6786102559996943,-0.7302043265775292,-0.07930801913732066,0.45409994317548735,0.41012993328849706,0.5645378792850978,0.4083211525701653,0.3682659618848981,0.4868589239617958,160,3.5833525743127415,35.99401138899761,1:3=143;1:4=139;10:4=125;9:4=79;10:3=54,0.028834531745857084,0.01334357913583517,155
935,1691509926.5635164,1257,1074,1074,1074,0.9999999999999998,1.0,1.0,1.0,1.0000000000000002,77.93247387192682,475.39717170636465,520.6703544217088,0.16393129473656784,0.14967718674608202,0.9130482802969884,6.6810448655508035,67.0624880194664,469.40974348783493,506.15455865859985,0.06244179517641192,0.4370668002680027,0.47127984977523263,94,545,574,0.08752327746741155,0.5074487895716946,0.5344506517690876,0,True,-0.6955276367778427,0.715219020951141,0.06857884912945689,0.44039621237434273,0.41002556209846597,0.56609758118483,0.36742598190320785,0.3283725105836188,0.5016779407266745,155,3.563019693953665,35.2695397191236,1:4=153;1:3=137;10:4=126;9:4=74;1:2=53,0.02483263532476856,0.013713242020457983,183
936,1691509926.6607928,1276,1126,1126,1126,0.9999999999999997,1.0,1.0,1.0,1.0000000000000002,79.90746375203537,495.71785916619274,550.3746770817721,0.1611954507478131,0.14518739157063923,0.9006916193793947,6.8876504301233465,69.23220068216324,482.2219787836075,540.2362001538277,0.06148508053478085,0.42826108240107236,0.47978348148652544,98,555,616,0.08703374777975133,0.4928952042628774,0.5470692717584369,0,True,-0.6905040653160862,0.7200233924821077,0.0690684447523998,0.44532989546972707,0.4071554004573501,0.5692045980336593,0.37560770629135554,0.35296301614351255,0.5255592016914228,157,3.569540127898569,35.500263816290826,1:3=163;10:4=142;1:4=126;9:4=80;1:2=56,0.024820403932176473,0.013377489056438208,150
937,1691509926.7584388,1234,1077,1077,1077,0.9999999999999998,1.0,1.0,1.0,1.0000000000000002,81.2750361970781,470.66672610780535,525.0582376951168,0.17268064999874708,0.1547924217965926,0.8964086120692488,6.460264581389298,74.307452917099,475.0287236571312,519.7807626128197,0.0689948495051987,0.4410665957819231,0.48261909249101176,101,523,559,0.09377901578458682,0.4856081708449396,0.5190343546889508,0,True,-0.6755440987853004,0.7332681037961413,0.07718846125922972,0.4480131620663363,0.40193121476662774,0.573408915835662,0.3858674526152701,0.3101372072101061,0.5274696694345667,151,3.5156433202907564,33.637560690101466,1:4=156;1:3=154;10:4=129;9:4=71;1:2=52,0.031765839100472315,0.015542775392532349,157
938,1691509926.8584087,1188,1038,1038,1038,0.9999999999999997,1.0,1.0,1.0,1.0000000000000002,76.80790710612202,440.06850488715435,521.1235880067237,0.17453625118166016,0.14738904335516476,0.8444609206242194,6.784764845717132,74.25176709890366,449.5957996249199,525.0365284085274,0.07153349431493608,0.4331366085018496,0.505815537965826,105,479,549,0.10115606936416185,0.4614643545279383,0.5289017341040463,0,True,-0.676425403393716,0.7335940879020478,0.06548578348627264,0.43600650599255286,0.38918992310481615,0.5885132298468256,0.30917402559075813,0.24081487781026473,0.7042186496988972,157,3.503315642569863,33.2254331893956,1:4=150;1:3=146;10:4=132;9:4=85;1:2=53,0.02643114746620265,0.014388111885637045,150
939,1691509926.9597063,1179,1028,1028,1028,0.9999999999999998,1.0,1.0,1.0,1.0000000000000002,78.29576321382677,450.6455956674252,499.058641118748,0.17374132570377712,0.15688690018132911,0.9029912690364513,6.374018473462123,73.85860973596573,457.07534044981,493.1146131157875,0.07184689663031686,0.444625817558181,0.4796834757935676,103,498,524,0.10019455252918288,0.48443579766536965,0.5097276264591439,0,True,-0.6995301203663837,0.7107886776847762,0.07373646570944323,0.4352092315809849,0.41006045326694973,0.5733376390458166,0.35305485986669005,0.3509433338602289,0.5552503611086543,151,3.5121712981573543,33.5209728497744,1:4=146;1:3=143;10:4=131;9:4=74;1:2=49,0.02691066769191013,0.01512878481298685,151
940,1691509927.0617726,1060,927,927,927,0.9999999999999997,1.0,1.0,1.0,1.0000000000000002,70.34537604331997,403.7822547518103,452.87236920486976,0.17421611577893292,0.1553315698346287,0.8916027609738051,6.437841329129901,61.09247446060181,409.1732785105705,448.0775740146637,0.06590342444509364,0.4413951224493749,0.48336307876447,84,448,478,0.09061488673139159,0.48327939590075514,0.5156418554476807,0,True,-0.6749743803603228,0.7328291401982355,0.08585474438557723,0.4479435052931916,0.3969852567160864,0.5738227744040706,0.39669229361838054,0.273307616860455,0.5813412721658786,140,3.5798507299202638,35.86818640039938,1:4=130;1:3=118;10:4=95;9:4=74;1:2=51,0.0293968594858742,0.015403487719595432,133
941,1691509927.1660776,1011,880,880,880,0.9999999999999998,1.0,1.0,1.0,1.0000000000000002,67.14999488676867,387.65440880169183,425.1955963115395,0.1732212851501964,0.15792730561952498,0.911708428225721,6.33202723289143,60.50549936294556,393.06872218847275,425.01089000701904,0.0687562492760745,0.44666900248690083,0.48296692046252165,86,428,456,0.09772727272727273,0.4863636363636364,0.5181818181818182,0,True,-0.6938783154247096,0.718100194665418,0.053525636893510815,0.437349428268962,0.40909589072711144,0.5760504906378655,0.3575428477482385,0.36443454566966377,0.5320129277895145,141,3.5956497853923053,36.4393700671848,1:4=121;1:3=116;10:4=94;9:4=72;10:5=36,0.02541521818398573,0.014443726278841496,131
942,1691509927.2711215,1066,931,931,931,0.9999999999999998,1.0,1.0,1.0,1.0000000000000002,66.08412761213084,419.7563806319786,445.15949175589066,0.15743448023978962,0.148450451660523,0.9429348096707725,6.73625434489619,58.43296700716019,558.3094930052757,563.4678735136986,0.06276365951359848,0.5996879624116818,0.6052286503906537,85,809,779,0.09129967776584318,0.8689581095596133,0.8367346938775511,0,True,0.677102174978623,-0.7333263967621925,-0.06135992544811195,0.4532912723514004,0.4054562280722607,0.561802108376743,0.3978934743709335,0.3322759836251722,0.44187507993595126,138,3.568953460354013,35.47944307171136,1:3=137;1:4=109;10:4=107;9:4=68;10:5=45,0.022795839027653458,0.012851933017373085,135
943,1691509927.3760624,1186,1038,1038,1038,0.9999999999999998,1.0,1.0,1.0,1.0000000000000002,77.97165265060701,446.73015519932414,513.2981921500691,0.17453859280177147,0.1519032286554616,0.870313127985296,6.583138547161127,75.02217572927475,452.91591757535934,508.68991404771805,0.07227569916115101,0.4363351807084387,0.4900673545739095,108,493,540,0.10404624277456648,0.4749518304431599,0.5202312138728323,0,True,-0.6966114673207724,0.7131717509254986,0.07822095166295842,0.43394324523369043,0.40443084090420317,0.5775709048134283,0.33293749993377275,0.30658712288282053,0.6460666441943897,145,3.5582855917836547,35.102964717245584,1:4=150;1:3=135;10:4=113;9:4=84;1:2=51,0.031153725829674423,0.015274100005626678,148
944,1691509927.4801402,1210,1060,1060,1060,0.9999999999999998,1.0,1.0,1.0,1.0000000000000002,86.8478114505286,446.4234251264434,526.728763423028,0.19454134026665407,0.1648814674295262,0.8475394854560288,6.0649630039678115,81.21019047498703,457.0779976248741,527.1927862167358,0.0766133872405538,0.4312056581366737,0.49735168511012817,114,493,554,0.10754716981132076,0.4650943396226415,0.5226415094339623,0,True,-0.6742227980317782,0.7353896790446438,0.06801204723293755,0.4409847599706673,0.3941487761491007,0.583085916642076,0.3626839992439931,0.282930862936134,0.6484017689792276,169,3.665269999136318,39.066682709846496,1:4=147;1:3=141;10:4=119;9:4=73;1:2=52,0.022548692764922385,0.011840115301311016,150
945,1691509927.581726,1255,1097,1097,1097,0.9999999999999998,1.0,1.0,1.0,1.0000000000000002,82.07335251183412,469.76776584349585,545.1588816446703,0.17471048138960013,0.15054941829844168,0.8617079931382028,6.6423371893583125,72.5693696141243,478.26326084136963,540.2870109677315,0.06615257029546426,0.4359738020431811,0.4925132278648418,101,521,573,0.09206927985414767,0.4749316317228806,0.5223336371923427,0,True,-0.6864784927644539,0.7242142522542591,0.06527630353848304,0.4387166900772835,0.3994194421752749,0.5794904576915835,0.34604306333606816,0.3035027524867089,0.6497486387548862,150,3.5506224246437146,34.83499289929119,1:4=158;1:3=154;10:4=117;9:4=71;1:2=54,0.02997704255462845,0.015538106672465801,158
946,1691509927.681188,1290,1121,1121,1121,0.9999999999999997,1.0,1.0,1.0,1.0000000000000002,77.88675369207603,495.3618018443135,547.7514444636105,0.15723205423205994,0.14219360711745305,0.9043550808513159,7.032664971878743,67.1230360865593,498.6250351667404,536.9129481315613,0.059877819880962795,0.4448037780256382,0.47895891893984055,97,556,583,0.08652988403211419,0.495985727029438,0.52007136485281,0,True,-0.6989557825663807,0.711186093026176,0.0753336253155387,0.43651487685755175,0.40784312948654305,0.5723575471377346,0.3448406968487933,0.3139035828899942,0.557585107682045,153,3.542642551040181,34.55812023264897,1:3=163;1:4=153;10:4=114;9:4=93;10:5=50,0.02583377096560852,0.013482048176229,169
947,1691509927.778186,1270,1112,1112,1112,0.9999999999999998,1.0,1.0,1.0,1.0000000000000002,80.40926706217058,485.46057543339697,546.1301575044324,0.16563500957906804,0.14723462155908865,0.8889100313590665,6.791880805009418,71.09829288721085,494.0571531653404,542.8468171358109,0.06393731374749177,0.444296001047968,0.4881715981437148,101,535,573,0.09082733812949641,0.48111510791366907,0.5152877697841727,0,True,-0.6941488855328094,0.7152526434374903,0.081061586273903,0.43589893342911745,0.4045272494473418,0.5769952114094197,0.3472678565584978,0.32357881425661184,0.6157455108451696,161,3.5966867658348267,36.4771765802017,1:3=149;1:4=146;10:4=124;9:4=84;10:3=52,0.02527405929621633,0.013252509292215109,158
948,1691509927.8743827,1251,1089,1089,1089,0.9999999999999998,1.0,1.0,1.0,1.0000000000000002,82.97511577656644,457.09884464945856,548.9260395739747,0.1815255425556778,0.1511590083082304,0.832714813464153,6.615550149422034,73.16221469640732,467.20455902814865,548.2653406262398,0.06718293360551636,0.4290216336346636,0.503457613063581,102,509,579,0.09366391184573003,0.4674012855831038,0.5316804407713499,0,True,-0.6967188879597374,0.7133819335601972,0.07529281526189055,0.4309222134186927,0.3969290980124122,0.5846320754008416,0.3372754948671556,0.27952691213178,0.68635434060126,159,3.644955171747618,38.28105674022012,1:3=151;1:4=143;10:4=106;9:4=71;1:2=54,0.03543157615066194,0.014801586046814919,162
949,1691509927.9714596,1240,1071,1071,1071,0.9999999999999998,1.0,1.0,1.0,1.0000000000000002,78.60283669290091,470.77437234057993,521.6227909665193,0.16696498643735855,0.1506890382363413,0.9025187942196277,6.636182775495559,67.18995052576065,483.64152842760086,523.2496249675751,0.06273571477662059,0.4515793916224098,0.48856174133293656,95,524,553,0.08870214752567694,0.4892623716153128,0.5163398692810458,0,True,-0.690854206679469,0.7189409557598111,0.07644846136091352,0.4391094605144537,0.40340740457228047,0.5778907685183413,0.3613366506582642,0.32667686777408156,0.5799523784776112,160,3.667024788893525,39.13529670847794,1:4=142;1:3=123;10:4=114;9:4=77;10:5=49,0.031349853760179666,0.015954554080963135,169
950,1691509928.0684972,1250,1079,1079,1079,0.9999999999999997,1.0,1.0,1.0,1.0000000000000002,74.82868898397761,466.24248949188853,537.9288215241338,0.16049307103161273,0.13910518639243516,0.8667363986388874,7.188804572525862,62.041918218135834,483.3987600207329,540.1785526275635,0.057499460813842294,0.44800626507945585,0.5006288717586316,91,520,563,0.08433734939759036,0.4819277108433735,0.5217794253938832,0,True,-0.6898062489370257,0.7189923835819384,0.08495464247816441,0.4327201199725968,0.3947841722779549,0.5826899707575791,0.33757013589735735,0.2916302726193558,0.7155203929937619,149,3.6643990367726706,39.03267191274576,1:3=143;1:4=130;10:4=108;9:4=77;1:2=51,0.029375380477263485,0.017601050436496735,171
951,1691509928.164916,1287,1109,1109,1109,0.9999999999999997,1.0,1.0,1.0,1.0000000000000002,83.1027136547982,466.62276916932194,559.2745171758797,0.17809399614754542,0.14859020231144232,0.8343358312221817,6.72991882670715,72.28865313529968,482.1310292482376,559.8045206665993,0.06518363673155968,0.43474393980905107,0.5047831565974745,101,520,584,0.09107303877366997,0.4688908926961226,0.5266005410279531,0,True,-0.6821211137392129,0.727824261833094,0.07058774736657888,0.4318973708923799,0.3905723620931992,0.588918316954384,0.3360377385136972,0.2710180855053027,0.7081179276829889,163,3.690375104790877,40.05987078880976,1:3=153;1:4=138;10:4=97;9:4=67;1:2=61,0.02757423208781711,0.01499166339635849,178
952,1691509928.262798,1263,1087,1087,1087,0.9999999999999997,1.0,1.0,1.0,1.0000000000000002,81.47931307494578,455.7820272641757,549.738659660878,0.1787681571474506,0.14821463188564657,0.8290885482664396,6.746972193484511,73.10761296749115,470.30543023347855,550.0886180400848,0.06725631367754475,0.4326636892672296,0.5060612861454322,100,506,571,0.09199632014719411,0.46550137994480223,0.5252989880404784,0,True,-0.690297931168549,0.719692849290734,0.07437048409285556,0.4285900250727815,0.3934072381864764,0.589225570990302,0.31780118495722603,0.2555943374883151,0.7509707773924046,165,3.609049432545019,36.93093078365215,1:4=154;1:3=152;10:4=104;9:4=65;1:2=63,0.03694095517099024,0.01757870428264141,176
953,1691509928.3612907,1222,1055,1055,1055,0.9999999999999998,1.0,1.0,1.0,1.0000000000000002,77.20068388512507,447.4020231992571,530.397292915618,0.17255327397288636,0.14555256015872445,0.8435224485024572,6.870370393413241,66.94759827852249,458.6460036635399,534.4802892804146,0.0634574391265616,0.43473554849624635,0.5066163879435209,95,490,557,0.09004739336492891,0.46445497630331756,0.5279620853080569,0,True,-0.6941277328194925,0.7152368827426494,0.08138115319562361,0.43018185138581444,0.39549712078763505,0.5898051307624622,0.32529501838976127,0.25830070616020334,0.7183798878265233,151,3.6411352527025125,38.1351051416314,1:4=146;1:3=129;10:4=115;9:4=69;1:2=56,0.037797774684559055,0.01873919740319252,167
954,1691509928.4608963,1172,1020,1020,1020,0.9999999999999998,1.0,1.0,1.0,1.0000000000000002,74.94219933110516,446.71058441112996,498.3472162577648,0.16776454811317415,0.1503814948418255,0.8963842273778724,6.649754353431727,63.015242516994476,455.87007761001587,495.56707549095154,0.061779649526465176,0.44693144863727047,0.4858500740107368,87,497,525,0.08529411764705883,0.4872549019607843,0.5147058823529411,0,True,-0.6845345471908938,0.7225377456727259,0.09670398016800509,0.44361208579848416,0.4009548772894728,0.5740954835997693,0.3854600299568975,0.31598029463806465,0.5888243366847545,158,3.6681796568348446,39.180518915833204,1:3=130;1:4=126;10:4=97;9:4=72;10:5=48,0.029140658135829188,0.01536085782572627,152
955,1691509928.5619924,1090,948,948,948,0.9999999999999998,1.0,1.0,1.0,1.0000000000000002,73.70741759321237,408.35132654139545,465.9412558653922,0.18050000772004468,0.15819036555652422,0.876400879726705,6.321497497536804,58.76409435272217,417.05096262693405,466.4163390994072,0.06198744130033984,0.43992717576680807,0.4920003576997966,80,455,499,0.08438818565400844,0.479957805907173,0.5263713080168776,0,True,-0.6857228618437119,0.7228722156355869,0.0850876995044945,0.43943303659034444,0.40134061727588305,0.5763216070182772,0.3490216500854614,0.3175119362531884,0.5752923397448807,145,3.6958754408415166,40.28082063244307,1:4=129;1:3=109;10:4=90;9:4=64;1:2=48,0.03208671443412553,0.014384988229721785,142
956,1691509928.6639972,1006,859,859,859,0.9999999999999997,1.0,1.0,1.0,1.0000000000000002,67.13530880557366,356.8859068357356,434.9787843586908,0.18811420546363608,0.15434157071488974,0.8204673875345643,6.479135824315718,57.87675052881241,365.01080697774887,435.9737285375595,0.06737689235018907,0.42492527005558656,0.5075363545256805,79,395,460,0.0919674039580908,0.459837019790454,0.5355064027939465,0,True,-0.668488751990217,0.7412102140358947,0.06107542117272162,0.4401075339445467,0.38557579527835806,0.5904115291965817,0.35946097000964794,0.2744352851399944,0.7098164985801589,150,3.699926503427412,40.44433173106685,1:4=121;1:3=107;10:4=85;9:4=51;1:2=39,0.030033783515155697,0.016530783846974373,147
957,1691509928.7673197,1023,887,887,887,0.9999999999999997,1.0,1.0,1.0,1.0000000000000002,65.77286616268694,376.4789537645479,444.7481800727651,0.17470529362929985,0.1478878815241602,0.8464991440840799,6.7618792675492605,60.27761548757553,392.0466312766075,447.6317335367203,0.06795672546513588,0.44199169253281567,0.5046580986885234,90,426,468,0.10146561443066517,0.48027057497181513,0.5276211950394588,0,True,-0.6876173593250058,0.7229271201853633,0.06751848676771316,0.4315757301061773,0.38813937319093317,0.5876545384703107,0.3251962842817633,0.25301547939325036,0.7542512012707439,135,3.6969568184449435,40.324402969957475,1:4=108;1:3=96;10:4=70;9:4=60;1:2=57,0.026424888727042056,0.013501478359103203,136
958,1691509928.8703415,1050,907,907,907,0.9999999999999998,1.0,1.0,1.0,1.0000000000000002,67.00587770601564,370.325524756065,469.6685975379191,0.1809377783239562,0.1426662929079602,0.7884826166734864,7.009364157552902,55.44401752948761,383.4151176214218,471.0001629590988,0.06112901601928072,0.42272890586705825,0.5192945567355004,78,415,492,0.08599779492833518,0.45755237045203967,0.5424476295479603,0,True,-0.6957812545365082,0.7129784778021139,0.08689151872641816,0.4236401144802566,0.38867534184581876,0.5942978778959767,0.32058015380578175,0.24760580061350043,0.8157245607106031,150,3.725981203864186,41.51194444862677,1:4=114;1:3=109;10:4=80;9:4=57;1:2=48,0.026426277897703077,0.01374141313135624,143
959,1691509928.973804,1050,900,900,900,0.9999999999999998,1.0,1.0,1.0,1.0000000000000002,74.4008592284526,380.0045855945245,445.5945551770227,0.19578937215205186,0.16696985715836485,0.8528034761186858,5.989104961930561,68.23816674947739,389.054558634758,443.21242386102676,0.0758201852771971,0.4322828429275089,0.4924582487344742,95,427,470,0.10555555555555556,0.47444444444444445,0.5222222222222223,0,True,-0.6979940490511674,0.7121588603429522,0.07506040983223917,0.4325887737179685,0.40094646145518953,0.5771779830443642,0.3375556792410337,0.29606702827505077,0.6149660231919634,147,3.7496150396324204,42.50471621899681,1:4=115;1:3=101;10:4=70;9:4=62;1:2=46,0.0260162508380578,0.013261058833450079,150
960,1691509929.0764,1110,963,963,963,0.9999999999999998,1.0,1.0,1.0,1.0000000000000002,81.33842849558526,419.8318993127016,461.8296721917132,0.1937404676222621,0.1761221363486154,0.90906220321509,5.67787798133793,75.49578803777695,427.1608244776726,458.58596724271774,0.07839645694473203,0.4435730264565655,0.4762055734607661,108,479,497,0.11214953271028037,0.4974039460020768,0.5160955347871236,0,True,-0.6995613035631257,0.7098261526099187,0.08222417909630153,0.4359123294091755,0.40896756493290826,0.5665222247431617,0.3447412122521681,0.3166383320149258,0.4768955393558601,152,3.781288343182933,43.872528213418285,1:3=114;1:4=103;10:4=75;9:4=61;10:5=59,0.027073426471774072,0.013670405372977257,147
961,1691509929.1770191,1164,1005,1005,1005,0.9999999999999998,1.0,1.0,1.0,1.0000000000000002,75.36835494213778,425.5079958825955,504.1236491752668,0.1771255902860475,0.14950370819825345,0.8440548198417501,6.688797301762728,64.88675445318222,438.5174053311348,501.2066836953163,0.06456393477928579,0.4363357266976466,0.49871311810479235,92,473,520,0.09154228855721393,0.47064676616915424,0.5174129353233831,0,True,-0.6959968433037717,0.7121393096861234,0.09190210939340136,0.4297327730264749,0.3948064063574734,0.5833672947443792,0.3276611413341386,0.252261233301233,0.706804781909824,149,3.729021322231989,41.63833770130556,1:4=125;1:3=118;10:4=74;9:4=71;1:2=64,0.02516626649125705,0.012151445262134075,159
962,1691509929.2780511,1242,1078,1078,1078,0.9999999999999997,1.0,1.0,1.0,1.0000000000000002,82.09836297435658,457.0610521581455,538.8405848674981,0.17962231213249408,0.1523611347770783,0.8482305620511819,6.563353583990524,72.3485558629036,474.8545676469803,537.8723394274712,0.06711368818451169,0.44049588835526926,0.49895393267854465,103,515,560,0.09554730983302412,0.4777365491651206,0.5194805194805194,0,True,-0.6970488766563279,0.7137941500588989,0.06797628184775767,0.428566120436696,0.39484286385645667,0.5843843327262364,0.3232018425114001,0.25077484588242693,0.6740875391065504,153,3.6726570255825197,39.35633785614132,1:3=153;1:4=126;10:4=87;9:4=77;1:2=63,0.03244163711523316,0.011972424574196339,164
963,1691509929.3786123,1296,1132,1132,1132,0.9999999999999997,1.0,1.0,1.0,1.0000000000000002,73.19724757929075,495.8302138640222,562.9725385566869,0.14762562976721816,0.13001921508809147,0.8807360571000498,7.691170872878085,62.716588497161865,507.5869423151016,558.7450542449951,0.05540334672894158,0.44839835893560215,0.4935910373189003,91,551,586,0.0803886925795053,0.48674911660777387,0.5176678445229682,0,True,-0.6885567752543084,0.7216997449182512,0.07098623413253491,0.4338730167737513,0.39618681082999996,0.5811909438139871,0.3560766597177828,0.25292737601603643,0.6542073402848229,155,3.6031295622576116,36.71295030847978,1:3=150;1:4=147;10:4=105;9:4=73;10:5=61,0.026462654149194555,0.012315275147557259,164
964,1691509929.4779298,1316,1141,1141,1141,0.9999999999999997,1.0,1.0,1.0,1.0000000000000002,82.09251818988503,484.77003475334726,574.1374470567678,0.16934321906190838,0.1429840861464801,0.8443449164280268,6.993785301222611,70.37629055976868,496.75832283496857,574.3686147332191,0.061679483400323115,0.43537101037245274,0.5033905475313051,98,534,600,0.08588957055214724,0.4680105170902717,0.5258545135845749,0,True,-0.7036672630572361,0.7074408788347512,0.06617995055190921,0.4273244447176163,0.39818391334567665,0.587427440136892,0.3428135126942713,0.2414542126923581,0.689998759018,145,3.5932629568032075,36.352499251055036,1:3=158;1:4=150;10:4=97;9:4=75;1:2=59,0.03128396641754053,0.011593376286327839,175
965,1691509929.5767934,1332,1149,1149,1149,0.9999999999999997,1.0,1.0,1.0,1.0000000000000002,91.24909284728719,496.9045910902609,560.846316062452,0.18363503675238155,0.16269892523841828,0.8859906481670266,6.14632210098871,79.8186931014061,513.2938650846481,562.1158924102783,0.06946796614569721,0.4467309530762821,0.4892218384771787,115,555,590,0.10008703220191471,0.4830287206266319,0.5134899912967799,0,True,-0.6929235129866419,0.7185351840634063,0.05970087447616144,0.43583830179515,0.40099274606930113,0.5791030439191569,0.36643623162891154,0.3158739531043064,0.6361041702437817,163,3.7380102619189066,42.01430946976914,1:4=155;1:3=135;10:4=87;9:4=74;1:2=61,0.040507291840639545,0.014242869801819324,183
966,1691509929.6755235,1301,1111,1111,1111,0.9999999999999997,1.0,1.0,1.0,1.0000000000000002,82.96076677287617,491.6502858396731,536.3889473874506,0.1687393848072116,0.15466531735403377,0.9165928720834335,6.465573647070264,76.26300245523453,494.1311728358269,524.6949751377106,0.0686435665663677,0.44476253180542474,0.47227270489442896,109,560,575,0.09810981098109811,0.504050405040504,0.5175517551755175,0,True,-0.6936603729040667,0.71555062124663,0.08259900420799623,0.4394712907665372,0.40836956943035335,0.5674036864840452,0.35579693736169765,0.3485631023027173,0.4807495861199051,156,3.7167192350334926,41.1292371603747,1:4=136;1:3=136;10:4=90;9:4=69;1:2=57,0.035264918255214286,0.015253458172082901,190
967,1691509929.7717147,1265,1083,1083,1083,0.9999999999999997,1.0,1.0,1.0,1.0000000000000002,86.77183987121771,477.790976227142,518.4371839016399,0.18161046187269628,0.1673719450796192,0.9215985871834967,5.974716966599735,75.86409640312195,477.77018666267395,504.81523364782333,0.07004995051073125,0.4411543736497451,0.4661267162029763,107,540,555,0.09879963065558633,0.4986149584487535,0.5124653739612188,0,True,-0.6930401526007915,0.7166060914723827,0.07855607263443279,0.4423488598084399,0.4093816304868392,0.5638193309684115,0.38636142028365256,0.3299894052196618,0.4863062401936499,154,3.7280474777383517,41.59780817334284,1:3=128;1:4=124;10:4=89;9:4=71;1:2=59,0.03516690803686302,0.014807888306677341,182
968,1691509929.868251,1283,1111,1111,1111,0.9999999999999998,1.0,1.0,1.0,1.0000000000000002,84.47671557191859,475.0797922825597,551.4434921455218,0.17781584682026425,0.15319197120858546,0.861520353489256,6.5277572454394805,73.58349245786667,488.50146621465683,551.7009175419807,0.06623176638871887,0.43969528912210337,0.49658048383616626,103,530,578,0.0927092709270927,0.47704770477047703,0.5202520252025202,0,True,-0.7014857153157116,0.7084775000120017,0.0773137968589606,0.42966955351020314,0.40104554104543017,0.5820191274052567,0.3355500718501841,0.2777695924317591,0.6200007506618647,164,3.724920190867916,41.46792309381088,1:3=144;1:4=134;10:4=93;9:4=62;1:2=57,0.03321917142532453,0.014848258346319199,172
969,1691509929.964788,1267,1082,1082,1082,0.9999999999999998,1.0,1.0,1.0,1.0000000000000002,74.63400867653296,468.7012785518397,538.6647127716271,0.1592357693308025,0.1385537365024593,0.8701169158458516,7.217416327002124,61.96139818429947,478.7700201869011,533.9250670075417,0.05726561754556328,0.44248615544075887,0.4934612449237908,90,522,565,0.08317929759704251,0.4824399260628466,0.522181146025878,0,True,-0.7086561829633922,0.7012586644215244,0.07773480508430435,0.4259925601900692,0.40509543387255276,0.5786900522827553,0.3268915483798995,0.29206312700717063,0.6869447816198835,157,3.707209624421639,40.739967963012774,1:4=134;1:3=133;10:4=77;9:4=70;1:2=65,0.03317587668115436,0.01519253384321928,185
970,1691509930.0630505,1280,1108,1108,1108,0.9999999999999998,1.0,1.0,1.0,1.0000000000000002,83.16813626353549,462.88939282492544,561.9424709115394,0.17967172623242944,0.14800115771393216,0.8237309276055647,6.756703903174025,72.5037311911583,476.4378247857094,562.8921478390694,0.06543658049743528,0.42999803681020704,0.5080254041868857,103,515,589,0.09296028880866426,0.4648014440433213,0.5315884476534296,0,True,-0.6941404904295718,0.7167624880661781,0.06648695546778764,0.42571891466982104,0.39269955683267693,0.5900211209945566,0.3156618762289485,0.2538263616129484,0.7437363843714933,171,3.746240910458292,42.36154149680181,1:4=143;1:3=132;10:4=84;9:4=78;1:2=76,0.03372708425918031,0.015651211142539978,172
971,1691509930.1615622,1209,1041,1041,1041,0.9999999999999998,1.0,1.0,1.0,1.0000000000000002,83.7414028762127,415.5094983415363,541.7490987822509,0.20153908204375098,0.1545759892622756,0.7669777379889006,6.469310044674907,68.39781653881073,429.8179175257683,539.0194157361984,0.06570395440807947,0.4128894500727841,0.517790024722573,93,468,561,0.0893371757925072,0.4495677233429395,0.5389048991354467,0,True,-0.7109049150666478,0.6997159458159002,0.07079404568918829,0.415003458450285,0.39055266522349497,0.5956115824665476,0.29716476566517225,0.2364522687231881,0.812350872841529,157,3.78393668816479,43.988871794322776,1:4=139;1:3=122;10:4=71;1:2=63;9:4=53,0.035985631182754454,0.014925168827176094,168
972,1691509930.2628374,1216,1052,1052,1052,0.9999999999999997,1.0,1.0,1.0,1.0000000000000002,84.04526824794245,439.7874710199557,528.1672607321016,0.19110428055857195,0.1591262361310428,0.8326670426530393,6.284318817020753,72.10582512617111,455.0764073729515,530.431646168232,0.06854165886518167,0.43258213628607556,0.5042125914146691,104,496,560,0.09885931558935361,0.4714828897338403,0.532319391634981,0,True,-0.7022783329098383,0.7053562841915259,0.0963205869837911,0.4268222400295938,0.3959778943029297,0.5843957408064985,0.3331435149155197,0.2421677046834892,0.6931324712810667,157,3.7637738269268373,43.11081212106301,1:4=152;1:3=116;10:4=64;10:5=62;9:4=62,0.03839256556126144,0.0161183075979352,164
973,1691509930.364808,1166,997,997,997,0.9999999999999998,1.0,1.0,1.0,1.0000000000000002,68.57153687560553,414.77078412900414,513.6576789953903,0.16532393191483338,0.13349656722686884,0.8074848310263973,7.490829320731253,56.66417634487152,428.75016206502914,513.5090544223785,0.05683468038602961,0.43004028291377044,0.5150542170735993,80,461,532,0.0802407221664995,0.46238716148445336,0.5336008024072216,0,True,-0.7010162734983505,0.7088424915615709,0.07822088242451629,0.4202461201189125,0.38900145730448665,0.5962061099646354,0.3091358028873192,0.2199249398022292,0.7925494218908211,150,3.6908109402932765,40.07733410801188,1:4=140;1:3=123;9:4=65;10:4=64;10:5=53,0.03635100507998757,0.016761869192123413,169
974,1691509930.465753,1010,857,857,857,0.9999999999999998,1.0,1.0,1.0,1.0000000000000002,69.01610181298265,353.0376684462827,434.94622974073474,0.1954921754291043,0.1586773193875532,0.8116811787441482,6.302097891870746,65.02575773000717,365.2119771242142,437.78222650289536,0.07587603002334559,0.4261516652557925,0.5108310694316165,96,399,464,0.11201866977829639,0.46557759626604434,0.5414235705950992,0,True,0.7157080500725655,-0.6954635321855519,-0.06397235700927287,0.41673943910770817,0.39995890723679267,0.5884561663425213,0.3100194886240788,0.2388219052668651,0.7292263502692694,151,3.7914247986559513,44.31950167833554,1:4=111;1:3=100;9:4=56;1:2=56;10:4=47,0.032568643370179166,0.017269497737288475,153
975,1691509930.567388,975,826,826,826,0.9999999999999997,1.0,1.0,1.0,1.0000000000000002,66.60469353345191,327.501101527399,431.89420493914906,0.2033724259943587,0.1542152980330821,0.7582901038775032,6.484440990967583,59.55332684516907,337.9532574415207,432.7448100447655,0.07209845865032574,0.4091443794691534,0.5239041283834933,84,364,451,0.1016949152542373,0.4406779661016949,0.5460048426150121,0,True,0.6781172680706754,-0.7312923063135166,-0.07327027685918386,0.4278413189131934,0.37676723702968357,0.6028363927537433,0.30854343002344237,0.1948649188936416,0.7854981343940071,144,3.794592486373971,44.46011461082167,1:4=110;1:3=95;10:4=48;1:2=48;9:4=44,0.03394821116723835,0.016646642237901688,149
976,1691509930.670173,1015,886,886,886,0.9999999999999998,1.0,1.0,1.0,1.0000000000000002,66.36574268243245,360.45662093500886,459.17763638255855,0.18411575437366803,0.14453173984096343,0.7850047397227738,6.918895469606589,58.941522657871246,375.47182178497314,463.3161808848381,0.06652542060707815,0.42378309456543245,0.5229302267323229,86,407,485,0.09706546275395034,0.45936794582392776,0.5474040632054176,0,True,-0.697789724699596,0.7124317161009968,0.07436766768596231,0.4185094832854505,0.3873056350098598,0.6019749123798361,0.3044140669720088,0.22501571812818089,0.7661523065011813,148,3.7656347403584594,43.191112303057565,1:4=116;1:3=110;10:4=55;10:5=54;9:4=46,0.035548537862426566,0.01732525136321783,129
977,1691509930.773842,1023,884,884,884,0.9999999999999997,1.0,1.0,1.0,1.0000000000000002,66.86430329790241,356.99125631949795,460.14444038259995,0.1872995545808567,0.14531155313385122,0.775824339032908,6.88176527215883,61.64258748292923,371.9877647161484,464.09895569086075,0.06973143380421859,0.42080063881917235,0.5249988186548199,94,400,482,0.10633484162895927,0.45248868778280543,0.5452488687782805,0,True,-0.7073932503121458,0.703888701791589,0.0643077359496427,0.4136544052005985,0.3870264846118217,0.6058231177039481,0.2945272392240879,0.22414421145067662,0.8299548922827686,151,3.812241312276173,45.25174859017768,1:4=105;1:3=99;1:2=57;10:4=51;9:4=47,0.03176254567245247,0.01573993917554617,139
978,1691509930.8754008,1042,891,891,891,0.9999999999999998,1.0,1.0,1.0,1.0000000000000002,61.315639796010466,380.47253053557046,449.2118296684193,0.16115654843649233,0.13649604873778573,0.8469779854560198,7.326219397903885,46.31245493888855,391.84504467248917,448.5873930454254,0.051978063904476485,0.4397811949186186,0.5034650875930701,66,427,472,0.07407407407407407,0.4792368125701459,0.5297418630751964,0,True,-0.6991452164812301,0.7114439120411608,0.07101778855317593,0.43017598121078293,0.39442449424215104,0.5872793881810041,0.3587765886682224,0.2666818260589366,0.6931994021616359,148,3.7909620048465933,44.29899563272645,1:4=99;1:3=90;1:2=63;10:4=62;10:5=60,0.033863986972928625,0.015612039715051651,151
979,1691509930.9779744,1064,931,931,931,0.9999999999999998,1.0,1.0,1.0,1.0000000000000002,65.9236558050422,402.7562767126104,462.3200674823473,0.1636812623831124,0.14259310906412115,0.8711633023110958,7.012961611983092,52.24909842014313,415.1294641494751,462.87928426265717,0.056121480580175215,0.4458963095053438,0.49718505291370263,76,448,484,0.08163265306122448,0.48120300751879697,0.5198711063372717,0,True,0.7175568977296295,-0.6917506268055742,-0.08119833024591752,0.42202772454846166,0.4048118708560151,0.5840734018210647,0.32976770689913715,0.26509733151507237,0.6465559961324507,139,3.7134988921486305,40.99699995298212,1:4=108;1:3=106;10:4=65;10:5=64;1:2=48,0.03685915669119604,0.01665346883237362,133
980,1691509931.078934,1158,985,985,985,0.9999999999999998,1.0,1.0,1.0,1.0000000000000002,81.16222504561857,414.9260641108988,488.91171084348264,0.19560647562483818,0.16600589277273697,0.8486727867390577,6.023882545958809,72.22755938768387,429.76250344514847,490.48826587200165,0.07332747145957753,0.43630711009659745,0.4979576303269052,104,464,512,0.10558375634517767,0.47106598984771575,0.5197969543147208,0,True,-0.7042465981854409,0.7067960771070056,0.06690317130287787,0.426365096171656,0.40092003024982875,0.5844704951233141,0.3434029792594288,0.28609734663382447,0.6660511724432367,164,3.844103719936993,46.716794249791526,1:3=117;1:4=115;10:4=56;9:4=55;10:5=53,0.04609068495678311,0.01820560358464718,173
981,1691509931.1770415,1180,1004,1004,1004,0.9999999999999998,1.0,1.0,1.0,1.0000000000000002,80.35965462413301,421.7112784622514,501.9290669136154,0.19055609543372987,0.16010161578859775,0.84018102608676,6.246033152597445,67.99712210893631,433.39377504587173,500.70975708961487,0.0677262172399764,0.43166710661939417,0.4987148974996164,97,473,529,0.09661354581673307,0.4711155378486056,0.5268924302788844,0,True,-0.7036981295633582,0.708195800889528,0.05716336284256808,0.4266057272257833,0.4013039525010035,0.5829434953550241,0.34597309810286525,0.3055425602085621,0.695658966533839,164,3.8039931286753568,44.88003893166279,1:4=133;1:3=103;9:4=61;1:2=57;10:5=55,0.03906646088499799,0.01646055281162262,176
982,1691509931.2744174,1193,989,989,989,0.9999999999999997,1.0,1.0,1.0,1.0000000000000002,75.44961090252515,407.35716250049256,506.1932265969825,0.18521734204792317,0.1490529839953708,0.8047463717344827,6.709023685369877,63.8047701716423,423.79618215560913,507.194131731987,0.06451442888942599,0.42850978984389193,0.5128353202547897,96,462,533,0.09706774519716886,0.4671385237613751,0.538928210313448,0,True,-0.699739419847661,0.7113393942583555,0.06603794732889903,0.4216801237566922,0.39211378898229604,0.593711524305256,0.3220110435973101,0.263067549424288,0.7721041630623185,154,3.878785862558843,48.36545709611534,1:4=129;1:3=105;9:4=55;10:4=51;10:5=47,0.04680171721127714,0.01810922659933567,204
983,1691509931.3724964,1218,1022,1022,1022,0.9999999999999998,1.0,1.0,1.0,1.0000000000000002,85.62478032355051,422.5826338574909,513.7925858189586,0.20262257239947554,0.16665242490229606,0.8224770958574971,6.000512747331902,74.01735907793045,437.4435130953789,511.22427582740784,0.0724240304089339,0.42802692083696564,0.5002194479720233,103,479,536,0.10078277886497064,0.46868884540117417,0.5244618395303327,0,True,-0.707082459315873,0.7021064724940947,0.08414806598915828,0.4247478644024459,0.40021562568685176,0.5821711054706493,0.34101572584015294,0.2777850519164696,0.6878414207570084,153,3.7697067734580356,43.36734651421548,1:4=137;1:3=117;10:5=70;1:2=55;9:4=51,0.04586251764721529,0.018764649517834187,196
984,1691509931.4699712,1243,1035,1035,1035,0.9999999999999998,1.0,1.0,1.0,1.0000000000000002,89.00539222555395,428.2395451142304,517.7550626602155,0.20784019888170832,0.17190636778759047,0.8271083684125539,5.817120173440066,83.73038798570633,444.54695695638657,520.5677796602249,0.08089892559005442,0.42951396807380343,0.5029640383190579,121,485,550,0.11690821256038647,0.46859903381642515,0.5314009661835749,0,True,-0.6972575011963466,0.7130722873261087,0.07321127012242173,0.4272405911709232,0.40013187222167473,0.5851270666512396,0.3495004094386531,0.29664038053296526,0.7071976511482567,186,3.950195662184741,51.94552961637527,1:4=132;1:3=110;10:4=61;10:5=57;9:4=57,0.04069440428406879,0.017787782475352287,208
985,1691509931.567305,1232,1044,1044,1044,0.9999999999999998,1.0,1.0,1.0,1.0000000000000002,88.31081071051148,432.166662672138,523.5225266173506,0.20434433828022552,0.16868578947522345,0.8254977402109273,5.92818163943134,79.86241847276688,446.2003738284111,526.8054521679878,0.07649656941835907,0.4273949940885164,0.5046029235325554,113,485,555,0.1082375478927203,0.46455938697318006,0.5316091954022989,0,True,-0.6965540469858773,0.7132967452036484,0.07759003099289075,0.4289551733492096,0.3977386298880802,0.5843463195882674,0.3498629775955695,0.29163108019643874,0.713601739627191,171,3.882153734681497,48.52862037307061,1:4=143;1:3=107;10:5=60;10:4=56;9:4=54,0.04127288473312972,0.014867985155433416,188
986,1691509931.666686,1264,1064,1064,1064,0.9999999999999998,1.0,1.0,1.0,1.0000000000000002,92.6965432593239,440.21294752300037,531.0905092176755,0.21057205105145316,0.17454001088415386,0.8288849826585254,5.729345351443357,81.9889822602272,456.40337163209915,532.7443988323212,0.07705731415434887,0.42895053724821347,0.5006996229627079,117,499,562,0.1099624060150376,0.46898496240601506,0.5281954887218046,0,True,-0.6932590804488279,0.7161426022281512,0.08081844250625934,0.430781208625319,0.39569305627560686,0.5821538385656245,0.33938595959319884,0.2754156533202379,0.6664758148394754,166,3.896902183671921,49.24964619192166,1:4=130;1:3=111;10:5=60;1:2=60;10:4=54,0.044326886866119554,0.014703522436320782,200
987,1691509931.7655334,1261,1043,1043,1043,0.9999999999999997,1.0,1.0,1.0,1.0000000000000002,90.9918470460151,431.4001363649495,520.6080165890355,0.21092215642935996,0.17477995756228135,0.8286467411536114,5.721479819238762,82.77634972333908,446.18705040216446,521.2437848448753,0.07936371018536825,0.4277919946329477,0.49975434788578654,121,495,557,0.11601150527325024,0.47459252157238735,0.5340364333652924,0,True,0.7237810149214225,-0.6826119431063361,-0.1009057856017546,0.419157525858325,0.41011297081076564,0.5780015365376414,0.32884923180507253,0.3071837494922051,0.6751663932321975,169,3.928571004687004,50.834283788690854,1:4=132;1:3=95;1:2=61;9:4=59;10:5=56,0.04767035373467354,0.01552330981940031,218
988,1691509931.864056,1217,1036,1036,1036,0.9999999999999997,1.0,1.0,1.0,1.0000000000000002,92.23822334710457,434.8482092402452,508.9135674126501,0.21211590938424388,0.18124536120357282,0.8544637775153883,5.517382587666952,82.26199293136597,449.9392320513725,508.0433639883995,0.07940346808046908,0.4343042780418654,0.4903893474791501,115,492,537,0.111003861003861,0.4749034749034749,0.5183397683397684,0,True,0.7217543415057405,-0.6880573517504142,-0.07515152173989545,0.4206462149897034,0.41261625616620384,0.5782931621919826,0.31628923728073044,0.3229909631032813,0.5918540079169345,165,3.847901271739051,46.89454098358279,1:4=142;1:3=91;10:5=60;1:2=57;9:4=52,0.04050245969367747,0.014070761390030384,181
989,1691509931.9640782,1217,1026,1026,1026,0.9999999999999997,1.0,1.0,1.0,1.0000000000000002,85.78842152274747,417.2436581398353,522.9679203374169,0.20560749060923122,0.1640414606452287,0.7978379589146334,6.096019848071781,70.84012120962143,433.28843343257904,529.2890069484711,0.06904495244602478,0.4223084146516365,0.5158762250959757,100,469,558,0.09746588693957114,0.4571150097465887,0.543859649122807,0,True,-0.7149660226292351,0.6921729942987732,0.09859073206545592,0.41779200071802486,0.39877821105364325,0.5921597317898518,0.3239578690168389,0.26661847157653795,0.7525971495997426,164,3.8843874806649374,48.637142143822075,1:4=119;1:3=110;10:5=62;1:2=57;10:4=49,0.04430294323201255,0.01418765215203166,191
990,1691509932.0645785,1193,1006,1006,1006,0.9999999999999998,1.0,1.0,1.0,1.0000000000000002,90.90492336104128,415.03524275111687,500.05983388784176,0.21902940761961753,0.1817880925454019,0.8299711646990727,5.500910351156516,79.90533977746964,433.67169922590256,507.79978382587433,0.0794287671744231,0.43108518809731866,0.504771156884567,113,471,535,0.11232604373757456,0.46819085487077533,0.5318091451292246,0,True,0.7258150604314694,-0.6818240760069867,-0.09115057557734649,0.4160275300970157,0.4087089489509077,0.587857594335697,0.3240085389666194,0.3081560682087271,0.6735021942188579,175,3.9433846744597685,51.59293138597232,1:4=120;1:3=107;10:5=61;9:4=58;10:4=47,0.056672583336183656,0.01725917961448431,187
991,1691509932.1664188,1212,1022,1022,1022,0.9999999999999997,1.0,1.0,1.0,1.0000000000000002,87.13123751056878,418.5761104747012,516.2926520147299,0.20816103769456526,0.16876327247842163,0.8107342005377972,5.925459878291124,79.07477575540543,442.30441892147064,516.8283239006996,0.07737257901703075,0.43278318876856225,0.5057028609595887,116,487,541,0.11350293542074363,0.4765166340508806,0.5293542074363993,0,True,0.7284227698828921,-0.6798897517032527,-0.08455881884832643,0.40742811911734095,0.40341966479985264,0.5879002214127405,0.2953144210131118,0.27476169071606216,0.7162133727960132,163,3.904497822326687,49.62515300995776,1:4=143;1:3=95;10:4=51;9:4=50;1:2=48,0.044551215379200676,0.017184763215482235,190
992,1691509932.267268,1146,947,947,947,0.9999999999999997,1.0,1.0,1.0,1.0000000000000002,78.12022032086853,386.6491327206754,482.2306469584558,0.20204421453417418,0.16199762668256668,0.8017929494099226,6.172929940260753,70.18355822563171,405.02695006132126,491.60042864084244,0.07411146591935767,0.42769477303201825,0.5191134410146171,103,444,522,0.10876451953537487,0.46884899683210135,0.5512143611404435,0,True,-0.7091868897279219,0.699726831452402,0.08623408133457544,0.41824269844526685,0.3941393253897872,0.5939084650685753,0.3203195174784577,0.2553767741250317,0.7450376965703607,164,3.9542262960667998,52.15532554933755,1:3=113;1:4=98;10:4=55;9:4=47;1:2=47,0.04121920733012309,0.015422960743308067,199
993,1691509932.3681843,1120,939,939,939,0.9999999999999998,1.0,1.0,1.0,1.0000000000000002,84.43990871384406,396.0678489356997,458.49224235045597,0.21319556470122017,0.18416867487433092,0.8638485286147085,5.429805045197608,76.8753057718277,413.18529438972473,462.70309978723526,0.0818693352202638,0.4400269375822415,0.4927615546189939,110,446,483,0.11714589989350373,0.4749733759318424,0.5143769968051118,0,True,0.73447116955296,-0.6755415364203805,-0.06477448314188913,0.41266963169767074,0.4148681041802376,0.5764807726821318,0.33183220550686365,0.3058620686586364,0.662990920186926,172,3.960888817677072,52.50397167439631,1:4=110;1:3=93;10:5=56;9:4=56;1:2=41,0.04978475296780163,0.017114121466875076,181
994,1691509932.4698112,1075,899,899,899,0.9999999999999997,1.0,1.0,1.0,1.0000000000000002,81.50291948361408,374.6936507541327,442.8034297622533,0.21751881655740904,0.18406117479120254,0.8461850689713727,5.432976297877006,72.97847104072571,392.91533917188644,449.13782888650894,0.08117738714207531,0.4370582193235667,0.49959714002948713,105,430,475,0.1167964404894327,0.4783092324805339,0.5283648498331479,0,True,0.7402228623086287,-0.6661034505088083,-0.09152216854883088,0.40990259379784477,0.4178788979067799,0.5812462457632173,0.3194793707248981,0.32070684587030374,0.6606052672948747,170,3.9779620152967583,53.408078393245695,1:4=105;1:3=85;10:4=54;9:4=52;10:5=49,0.05231325495499269,0.017223795875906944,176
995,1691509932.5712361,1085,894,894,894,0.9999999999999997,1.0,1.0,1.0,1.0000000000000002,77.60180166650728,360.1371426341993,456.26105569929337,0.21547847328074535,0.17008201926761,0.7893225558824679,5.879516272831773,68.789377450943,376.76477575302124,460.0275933742523,0.07694561236123378,0.4214371093434242,0.514572252096479,96,412,482,0.10738255033557047,0.4608501118568233,0.5391498881431768,0,True,0.7230116041172057,-0.6845600300165392,-0.09290740344891985,0.4121044718236784,0.39810111070241294,0.5936955259279655,0.32989757136169906,0.24432118071685396,0.7492979044955599,160,3.902516296893184,49.52691686797719,1:4=119;1:3=90;10:5=59;10:4=44;9:4=39,0.0477135570306909,0.015444748103618622,191
996,1691509932.6722095,1105,908,908,908,0.9999999999999998,1.0,1.0,1.0,1.0000000000000002,80.5461131171391,361.80070359462445,465.6531832882364,0.22262563979805328,0.17297447114686976,0.7769746166873557,5.781199927189929,72.54603761434555,380.69620472192764,474.6179750561714,0.0798965171964158,0.4192689479316384,0.522707020986973,103,416,499,0.11343612334801761,0.4581497797356828,0.5495594713656388,0,True,0.7451470102609603,-0.6611650270504066,-0.08727393714384478,0.3995864808226115,0.40553123331004287,0.5985081868037105,0.29945091654855555,0.26631703488037417,0.7851212768668844,167,3.9762129582647785,53.314746263569795,1:4=105;1:3=96;10:5=59;9:4=43;1:2=37,0.05016889535122489,0.01792155671864748,197
997,1691509932.7727375,1097,909,909,909,0.9999999999999998,1.0,1.0,1.0,1.0000000000000002,81.84390689403988,361.31872453873825,465.837368567222,0.22651443541577404,0.17569201703540344,0.775632761386335,5.691778242824154,74.55752944946289,377.6848384141922,473.5140807032585,0.08202148454286347,0.4154948717427857,0.5209175805316375,108,412,501,0.1188118811881188,0.45324532453245325,0.5511551155115512,0,True,0.7396098926127441,-0.6655965318014078,-0.09979210190843074,0.40409232678738716,0.4054439782561356,0.5993445371648378,0.30109128284983777,0.2663426165803729,0.732459131877521,161,3.9611565697469793,52.51803160369407,1:4=108;1:3=84;10:5=57;9:4=47;1:2=46,0.05397901483389946,0.016592616215348244,188
998,1691509932.8732767,1128,918,918,918,0.9999999999999997,1.0,1.0,1.0,1.0000000000000002,84.62157117026575,363.3895313516202,469.98889747811376,0.23286738848947433,0.18005014932125366,0.7731874801756191,5.554008168111844,74.9758985042572,381.175256729126,477.5853996872902,0.08167309205256776,0.41522359120819824,0.5202455334284207,103,419,503,0.11220043572984749,0.4564270152505447,0.5479302832244008,0,True,0.7292137246184849,-0.6767674479883319,-0.10115910819791084,0.4098389105771097,0.39745161505964854,0.5985888404356509,0.31495909857359206,0.25321052649353615,0.7601192220600849,173,4.04078898076135,56.87119538826621,1:4=96;1:3=96;10:5=48;10:4=48;9:5=41,0.048449692055204406,0.01651197113096714,210
999,1691509932.972473,1126,935,935,935,0.9999999999999997,1.0,1.0,1.0,1.0000000000000002,84.90271706903815,372.9958834171415,477.1013995138207,0.2276237375362313,0.17795528823758708,0.7817958274640033,5.619389060610021,73.7675352692604,391.35320776700974,487.04665875434875,0.07889575964626781,0.41855958049947567,0.5209055173843302,104,429,517,0.11122994652406418,0.4588235294117647,0.5529411764705883,0,True,0.7345981982851741,-0.6722664039567992,-0.09177891471993943,0.4043025511383814,0.4061291044209543,0.5993618627336663,0.3071654037534364,0.3037407205007073,0.7615759567021949,184,4.072945709033831,58.72970867052248,1:4=103;1:3=85;10:5=65;1:2=47;9:4=41,0.057550981489148036,0.017941921949386597,191
1000,1691509933.0712101,1093,891,891,891,0.9999999999999997,1.0,1.0,1.0,1.0000000000000002,85.11793880116697,354.4871686355654,451.39489256326743,0.2401157117443465,0.1885664640949318,0.7853149747056133,5.3031699183613075,77.81577944755554,370.4791818857193,452.45174527168274,0.08733533046863697,0.41580155093795657,0.5078021832454351,108,410,477,0.12121212121212122,0.4601571268237935,0.5353535353535354,0,True,0.7300335289793095,-0.6814029400413966,-0.05235532321508486,0.410908990098575,0.4078335323937049,0.5879578457675131,0.3124528823077104,0.30367717256216253,0.7227346023115202,174,3.964580527020165,52.69815929876579,1:4=103;1:3=94;10:5=56;9:4=47;1:2=41,0.0485653301705337,0.016324080526828766,202
1001,1691509933.1703522,1117,899,899,899,0.9999999999999997,1.0,1.0,1.0,1.0000000000000002,75.10638825930027,354.2059052198712,469.6877065208281,0.21204160391588736,0.15990707701430912,0.7541306708741037,6.253631913430048,66.51850599050522,368.8513621687889,473.95290607213974,0.07399166406062872,0.4102907254380299,0.527200117989032,94,401,496,0.10456062291434928,0.4460511679644049,0.5517241379310345,0,True,0.7321144024024767,-0.6780398199691143,-0.06534909587068059,0.4026130524861815,0.39518077436637866,0.6052961621075905,0.3029247599496648,0.2197649656475623,0.8069375579434176,166,3.918950670028323,50.34758581886932,1:4=117;1:3=90;10:5=58;10:4=42;9:5=42,0.048837343197459415,0.016096532344818115,218
1002,1691509933.2693958,1100,888,888,888,0.9999999999999998,1.0,1.0,1.0,1.0000000000000002,82.56156470139105,332.37965144524276,473.0587838533658,0.24839536458504438,0.17452707257409827,0.7026180736732088,5.729770088107299,74.3330546617508,348.1457163095474,478.3427313566208,0.08370839488935901,0.3920559868350759,0.5386742470232216,105,381,501,0.11824324324324324,0.42905405405405406,0.5641891891891891,0,True,0.7482622215889476,-0.6567230773007029,-0.09390658913764882,0.3887374590342548,0.3961805740322105,0.6164448150642449,0.27510259700391815,0.2396364464619507,0.8457724715920965,167,3.9725176167046685,53.11809363902674,1:4=124;1:3=83;10:5=48;1:2=42;9:4=39,0.0612766270232496,0.019563824869692326,212
1003,1691509933.3693202,1102,925,925,925,0.9999999999999998,1.0,1.0,1.0,1.0000000000000002,78.23942622726001,368.41194132472566,478.3486324480142,0.21236940894458742,0.16356151333988164,0.7701745470439153,6.113907725480597,68.80251848697662,383.02661710977554,485.1021295785904,0.07438110106700176,0.41408282930786544,0.5244347346795571,100,417,509,0.10810810810810811,0.4508108108108108,0.5502702702702703,0,True,0.7331549928399352,-0.6741038854252506,-0.0898204215557666,0.40238637625271806,0.4015477758313877,0.6001166894838563,0.30149737616785127,0.2849274005773965,0.8132340616450913,169,3.9894197546140324,54.023533361152076,1:4=116;1:3=83;10:4=54;10:5=46;1:2=44,0.05427246733744345,0.017519347369670868,177
1004,1691509933.4690766,1078,881,881,881,0.9999999999999998,1.0,1.0,1.0,1.0000000000000002,81.76737246136649,335.64536163022876,463.5872659084047,0.24361240108971727,0.17637967751582298,0.7240176474056675,5.669587415535955,72.89246028661728,349.1723228096962,471.66708052158356,0.08273832041613766,0.39633634825164155,0.5353769358928304,100,379,495,0.11350737797956867,0.4301929625425653,0.5618615209988649,0,True,0.7637132665437756,-0.6390194680187977,-0.09163059531624088,0.38734758070782843,0.40386263949105133,0.6092933490451622,0.28927105675445547,0.25170712494413894,0.8437721441079872,168,3.9822741508687223,53.63887853102294,1:4=104;1:3=88;10:5=63;9:5=46;1:2=45,0.056218630304067596,0.018199685961008072,197
1005,1691509933.569827,1095,877,877,877,0.9999999999999997,1.0,1.0,1.0,1.0000000000000002,70.31849076084984,338.10719359108674,468.5743156480635,0.20797691410817587,0.15006902515259632,0.7215657843376804,6.663600293152829,62.4222509264946,353.3137018084526,477.46107852458954,0.07117702500170421,0.40286625063677606,0.5444254031067155,93,387,504,0.10604332953249715,0.4412770809578107,0.5746864310148233,0,True,0.7445717449954548,-0.6612956875076842,-0.09110944099358242,0.39401068427716684,0.3936540535906592,0.6142985655805764,0.2893629431420896,0.22208220784810465,0.8588609465415271,165,3.9886192871078476,53.98030658125167,1:4=96;1:3=83;10:5=58;1:2=58;9:4=41,0.05434262598412811,0.01908096671104431,218
1006,1691509933.6699615,1140,922,922,922,0.9999999999999997,1.0,1.0,1.0,1.0000000000000002,90.629938393669,357.5423131742555,473.8277484320757,0.25348031562770207,0.19127190987351178,0.7545828929550547,5.228159224536946,85.48286467790604,374.54801243543625,483.5379143357277,0.09271460377213236,0.40623428680633,0.5244445925550192,124,411,514,0.13449023861171366,0.44577006507592193,0.5574837310195228,0,True,0.73921344703089,-0.668645455308608,-0.08047816364613361,0.40345528766204053,0.40044003087043795,0.5985981192462122,0.3017913481082842,0.2702228353278316,0.7713190307878068,179,4.095156206441612,60.04871842150875,1:4=105;1:3=75;10:5=55;1:2=53;9:5=44,0.05430176741177411,0.019783751107752323,218
1007,1691509933.7699788,1167,939,939,939,0.9999999999999997,1.0,1.0,1.0,1.0000000000000002,78.5221254263711,359.24214550367424,501.23572906995463,0.21857715306838352,0.1566570794385893,0.7167129649162277,6.383369354156811,72.87247169017792,377.4678835272789,508.81168526411057,0.07760646612372515,0.4019892263336304,0.5418654795144947,107,412,534,0.11395101171458999,0.4387646432374867,0.5686900958466453,0,True,0.7363261085183845,-0.6703749984593955,-0.09176722374975613,0.39542614727275804,0.39166100894397987,0.6174113324266829,0.2928464319928441,0.22884635092551864,0.8586002758716046,165,3.938291275672192,51.330816107289664,1:4=104;1:3=99;10:5=64;1:2=51;9:4=41,0.06161020299570565,0.01850075274705887,228
1008,1691509933.8698034,1114,940,940,940,0.9999999999999997,1.0,1.0,1.0,1.0000000000000002,98.91447872941906,365.84188406756385,475.2436372030174,0.2703749434855619,0.20813425154214993,0.7697985947180211,4.804591231816003,93.70257914066315,382.64009296894073,481.6723766922951,0.0996835948304927,0.4070639286903625,0.5124174220130798,131,419,507,0.13936170212765958,0.44574468085106383,0.5393617021276595,0,True,0.7553491619939923,-0.6491240406481654,-0.0899200941256879,0.39918545659328164,0.4108243596886694,0.5944688364498527,0.2942274884670021,0.2751444445727999,0.7186865605762234,181,4.088194906448186,59.632152879427245,1:4=106;1:3=91;10:5=54;9:5=43;10:4=42,0.05806202314940741,0.01988112460821867,174
1009,1691509933.969396,1133,925,925,925,0.9999999999999998,1.0,1.0,1.0,1.0000000000000002,87.41059152850825,350.9430890882962,486.64631938319593,0.24907340889826163,0.17961831426013364,0.7211460872304594,5.567361012818226,84.07903051376343,366.55450159311295,496.10807889699936,0.09089624920406857,0.3962751368574194,0.5363330582670264,121,401,524,0.1308108108108108,0.4335135135135135,0.5664864864864865,0,True,0.7580333310825811,-0.6473960055462107,-0.07914468378013254,0.39006731896098373,0.4024096396008484,0.6117821636023063,0.29331394326792704,0.22735309028629713,0.8176570744814877,182,4.063146575879687,58.15701894918226,1:4=105;1:3=79;10:5=57;1:2=52;9:5=47,0.05714521137129226,0.01645601913332939,208
1010,1691509934.0691452,1125,929,929,929,0.9999999999999998,1.0,1.0,1.0,1.0000000000000002,84.80122434535016,356.5716297120688,487.62714594258097,0.2378238123258069,0.17390587265487403,0.7312382681706892,5.750237095124189,75.39255505800247,375.89693892002106,497.490280687809,0.08115452643487887,0.4046253379117557,0.5355116046155102,109,415,529,0.11733046286329386,0.44671689989235736,0.5694294940796556,0,True,0.741222563556241,-0.6654298843235502,-0.08827332736597715,0.39826568769416076,0.39576106736219924,0.6039064370243635,0.2912085833255746,0.22703077522354337,0.8119440181950165,173,4.032601496428198,56.40746435282159,1:4=99;1:3=91;10:5=67;1:2=47;9:5=40,0.06396490049494827,0.019900334998965263,196
1011,1691509934.1695764,1101,882,882,882,0.9999999999999998,1.0,1.0,1.0,1.0000000000000002,87.35610118241688,341.76360371620837,452.8802951013746,0.25560387423511344,0.19289004650304498,0.7546444555281581,5.184300683883209,84.59201240539551,356.5137207508087,456.8961284160614,0.09590931111722846,0.40421056774468106,0.5180228213334029,121,391,479,0.13718820861678005,0.4433106575963719,0.5430839002267573,0,True,0.7543609877252279,-0.6508938818454366,-0.08530331045391852,0.3993308593007367,0.40505314023201433,0.598527680777808,0.31478110841655504,0.261526266247018,0.7912041584684968,173,4.085007181086471,59.442364610471536,1:4=96;1:3=74;10:5=72;1:2=42;9:5=36,0.058868213724396816,0.02076028101146221,219
1012,1691509934.2692528,1073,864,864,864,0.9999999999999998,1.0,1.0,1.0,1.0000000000000002,84.51751400661338,322.5011541706451,456.98133182274137,0.26206887297492465,0.18494741058568429,0.7057206317034854,5.406942421271208,74.71459019184113,336.0762524008751,464.9787052869797,0.08647522012944575,0.38897714398249433,0.538169797785856,106,368,491,0.12268518518518519,0.42592592592592593,0.5682870370370371,0,True,0.7361689409921909,-0.6719644259139694,-0.08074094763219755,0.39984753658899497,0.3919357397177564,0.6126301255197233,0.3026714632609736,0.23737757553796135,0.8136618979248587,174,4.120304417068027,61.57798480109792,1:3=88;1:4=85;1:2=46;10:5=41;9:5=37,0.06449868312415749,0.02314897533506155,209
1013,1691509934.3698027,1073,863,863,863,0.9999999999999998,1.0,1.0,1.0,1.0000000000000002,84.45113219107255,321.10933278096803,457.43953502795955,0.2629980619363609,0.18461703837188173,0.7019710982378059,5.416618145426311,78.07355362176895,335.42019337415695,462.5265805721283,0.09046761717470331,0.38866766323772534,0.5359520052979471,110,371,491,0.12746234067207415,0.4298957126303592,0.5689455388180765,0,True,0.7321912151237441,-0.6735620764478957,-0.10104530502113548,0.4046251085871601,0.3912611378060056,0.6060510444719127,0.3022543081161388,0.2202505832268387,0.8085109722532244,177,4.096534936006816,60.13156646434838,1:4=87;1:3=80;10:5=52;9:5=47;1:2=47,0.06690725343086613,0.02237638458609581,210
1014,1691509934.4699955,1083,864,864,864,0.9999999999999997,1.0,1.0,1.0,1.0000000000000002,81.03446658431425,322.29440588446147,460.6711275312244,0.25142995070588997,0.17590524289764983,0.6996192872161633,5.684878878691799,69.61783027648926,337.82401859760284,465.5644990205765,0.08057619244964034,0.3910000215250033,0.5388477997923339,99,370,491,0.11458333333333333,0.42824074074074076,0.5682870370370371,0,True,0.7564885865773041,-0.6491503433148511,-0.07955407062171058,0.3864082424268345,0.4001751045384813,0.610939619252441,0.2822592085347311,0.2544732194262816,0.8344688492948864,171,4.069114124559326,58.50511138709717,1:4=90;1:3=82;10:5=48;1:2=45;1:1=41,0.06398958311213859,0.020214294083416462,219
1015,1691509934.570958,1101,873,873,873,0.9999999999999997,1.0,1.0,1.0,1.0000000000000002,81.01314198922638,324.34023477598,467.64662323479376,0.24977826770453476,0.17323581089679269,0.693558380754386,5.772478535605794,71.0801916718483,341.92231571674347,472.11083537340164,0.08142060901700836,0.39166359188630406,0.5407913349065311,102,377,496,0.11683848797250859,0.43184421534937,0.56815578465063,0,True,0.7525389840976793,-0.650296868933891,-0.10391852418125547,0.38757594617031527,0.39168611071751025,0.6177699284131317,0.2917172432059174,0.2090727707298361,0.8509137072962294,168,4.149184595074353,63.38229698425989,1:4=78;1:3=78;10:5=51;1:2=51;9:4=36,0.06670357928691079,0.019190102815628052,228
1016,1691509934.6708622,1073,862,862,862,0.9999999999999998,1.0,1.0,1.0,1.0000000000000002,93.09818167614958,327.90757449804624,440.9942438258041,0.28391592301172747,0.21110974344808914,0.7435642961080736,4.7368727926378025,85.06612831354141,342.04946088790894,444.9998500943184,0.098684603611997,0.3968091193595231,0.5162411253994413,118,375,469,0.1368909512761021,0.43503480278422274,0.5440835266821346,0,True,0.7663994280218983,-0.6339252094760005,-0.10378220232060706,0.3952860818147182,0.4124955739861524,0.5963096804165191,0.2976785512923472,0.2808740620150688,0.7433922446721841,174,4.147269801780383,63.26104910639532,1:4=82;1:3=72;10:5=59;1:2=39;9:5=33,0.0692862711158329,0.022092646919190884,211
1017,1691509934.770647,1075,852,852,852,0.9999999999999998,1.0,1.0,1.0,1.0000000000000002,88.86093940922156,317.1245778775093,446.01448271326893,0.28020830174678063,0.19923330486635327,0.7110185659181395,5.019241138778505,78.8339005112648,334.0335750579834,455.52274864912033,0.09252805224326854,0.3920581866877739,0.5346511134379347,110,371,484,0.12910798122065728,0.4354460093896714,0.568075117370892,0,True,0.7313003300620523,-0.6736638182608721,-0.10666249208281109,0.4030858026605224,0.3950720792539797,0.602404830536523,0.3011094794792419,0.2746502475182216,0.8273992522054706,162,4.142493819878606,62.95963582589832,1:3=80;1:4=76;1:2=55;10:5=40;9:5=35,0.06914048621226546,0.024156800471246243,223
1018,1691509934.870403,1070,844,844,844,0.9999999999999997,1.0,1.0,1.0,1.0000000000000002,82.93493866800559,316.3694906538417,444.69557067815265,0.26214581721076746,0.18649823415495528,0.7114293721688839,5.361981063955451,70.48280411958694,329.6035270690918,448.78359097242355,0.08351043142131155,0.3905255060060329,0.5317341125265682,101,367,478,0.11966824644549763,0.43483412322274884,0.566350710900474,0,True,0.7478413189803392,-0.6551721164701134,-0.10715810480695884,0.39919044048450525,0.4018313495546308,0.6017517825310391,0.2956904103225537,0.27985792016368305,0.8001728173340155,164,4.144863272563663,63.108992581060626,1:4=80;1:3=80;10:5=45;1:2=43;10:4=31,0.06629295871455719,0.022993072867393494,226
1019,1691509934.969943,1070,834,834,834,0.9999999999999998,1.0,1.0,1.0,1.0000000000000002,80.72286688313316,312.1438696829232,441.1332634339435,0.2586078879752844,0.18298975292580907,0.7075954038312154,5.464786874735208,69.7269669175148,329.58969074487686,447.03451359272003,0.08360547592028153,0.3951914757132816,0.536012606226283,98,366,473,0.11750599520383694,0.43884892086330934,0.5671462829736211,0,True,0.7725206085950274,-0.6222029324211565,-0.12678888035818633,0.38834907515614525,0.40451692130497857,0.6049575086591249,0.3017055576267149,0.23995121244893075,0.8263412997119682,169,4.124011495346515,61.80668284986609,1:3=80;1:4=79;1:2=46;10:5=43;9:3=31,0.06924706640169877,0.021944924257695675,236
1020,1691509935.0696917,1104,895,895,895,0.9999999999999998,1.0,1.0,1.0,1.0000000000000002,92.72727535237043,331.19700624724817,471.07571840038133,0.27997618820004316,0.19684155164533176,0.7030653317727448,5.080228191869751,84.28502839803696,346.27155363559723,478.191298186779,0.09417321608719213,0.38689559065429857,0.5342919532813173,120,381,508,0.1340782122905028,0.42569832402234636,0.5675977653631284,0,True,0.7483454930123405,-0.6572662804884484,-0.0893311794447885,0.4010748576107063,0.3978408891515723,0.6086366098346069,0.3271871015942635,0.25389524688787596,0.7978304556038494,168,4.206559078976126,67.12516956783806,1:4=88;1:3=73;10:5=45;1:2=43;9:4=36,0.07336946788903452,0.02280496619641781,209
1021,1691509935.1700268,1097,851,851,851,0.9999999999999997,1.0,1.0,1.0,1.0000000000000002,97.35940628041692,296.97844964400224,456.6621440755807,0.3278332363749788,0.2131978915780312,0.6503242134185974,4.690477905753568,94.380994617939,319.68937784433365,461.201025724411,0.1109059866250752,0.37566319370662005,0.5419518516150541,136,361,488,0.1598119858989424,0.42420681551116335,0.5734430082256169,0,True,0.7493474268127123,-0.6564771390854315,-0.08669601944364916,0.38968693688724093,0.3864199140106816,0.6204657614310196,0.27214501396412716,0.2218941765775908,0.8262093202822708,182,4.240427407762404,69.43752363392893,1:3=83;1:4=78;1:2=43;10:5=39;1:1=36,0.06738223345447125,0.021371278911828995,246
1022,1691509935.2701607,1072,833,833,833,0.9999999999999998,1.0,1.0,1.0,1.0000000000000002,93.34969745077487,292.98530501396607,446.66499753525926,0.31861562970308377,0.20899264094094577,0.6559397011869911,4.784857473917304,89.91226583719254,308.61622589826584,450.41559797525406,0.10793789416229596,0.3704876661443768,0.5407150035717335,128,344,477,0.15366146458583432,0.4129651860744298,0.5726290516206483,0,True,-0.7320533388600393,0.6763894558489734,0.08121091724761192,0.3982998691204525,0.3835957380076612,0.6162460461710433,0.2947738035036602,0.22998583879109213,0.8060723441975369,169,4.213083386032023,67.56454654186015,1:4=80;1:3=72;1:2=41;9:5=39;10:5=36,0.06366761465958116,0.021825328469276428,239
1023,1691509935.3700588,1103,855,855,855,0.9999999999999998,1.0,1.0,1.0,1.0000000000000002,97.08305372101225,295.84889711138106,462.06804916760655,0.32815080491735776,0.210105532931573,0.6402712709617959,4.759512926895073,91.12534415721893,311.69269424676895,469.68913727998734,0.10657934989148413,0.3645528587681508,0.5493440202105115,127,349,498,0.14853801169590644,0.408187134502924,0.5824561403508772,0,True,0.7658464614673318,-0.6354987636240353,-0.0980842438431814,0.3837550185162618,0.38989101167422213,0.6197111343752472,0.2747461552717558,0.23062505293958857,0.8449854820153496,183,4.246800734297501,69.88148489810766,1:3=80;1:4=77;1:2=45;10:5=43;1:1=32,0.06596518444978734,0.019967682659626007,248
1024,1691509935.4703271,1091,826,826,826,0.9999999999999997,1.0,1.0,1.0,1.0000000000000002,93.36740163936,289.38963208027474,443.2429662803653,0.32263561402732116,0.21064609873651585,0.652891651070728,4.747298934080132,86.73971050977707,307.1308882832527,448.89265835285187,0.1050117560651054,0.3718291625705239,0.5434535815409829,120,344,476,0.14527845036319612,0.41646489104116224,0.576271186440678,0,True,0.7686904698394355,-0.6329088014379447,-0.09241975243643749,0.38324851104447405,0.39475313791349,0.6172905821475524,0.27971714469968756,0.23137503983350252,0.8382328538128492,175,4.194803285061527,66.34068009082341,1:4=81;1:3=75;1:2=42;10:5=33;9:5=31,0.07189588282197047,0.020867626182734966,265
1025,1691509935.5702305,1075,825,825,825,0.9999999999999998,1.0,1.0,1.0,1.0000000000000002,83.9679337858338,284.8292301878265,456.2028360263398,0.2948009715521906,0.1840583336070838,0.6243477850089062,5.433060163060791,73.67468655109406,301.3275507092476,462.94026666879654,0.08930265036496249,0.3652455160112092,0.5611397171742989,105,336,489,0.12727272727272726,0.4072727272727273,0.5927272727272728,0,True,0.757243738028024,-0.6447047902907034,-0.10458324241275843,0.3793074197011096,0.3817762681508369,0.6299853069276874,0.260337625386177,0.20261167592458615,0.8698613154252818,176,4.189962131252398,66.02029080734218,1:4=76;1:3=73;1:2=57;10:6=28;1:1=28,0.07043280266846905,0.022891031578183174,250
1026,1691509935.670543,1068,824,824,824,0.9999999999999997,1.0,1.0,1.0,1.0000000000000002,99.13760520602345,281.57202941961276,443.2903653743639,0.35208612663114924,0.22364033362714886,0.6351864407921924,4.471465338033304,92.610187292099,296.7818999886513,450.84984397888184,0.11239100399526578,0.36017220872409134,0.54714786890641,129,332,479,0.15655339805825244,0.4029126213592233,0.5813106796116505,0,True,0.7579283108828481,-0.6406930952336041,-0.12270710363404624,0.3907008674059753,0.3908765191047517,0.613188417574933,0.28041640726920936,0.2454270582043687,0.8092287636621235,176,4.22833312978151,68.60278487693313,1:4=86;1:3=71;1:2=49;10:5=34;9:5=30,0.06903825005998218,0.024969594553112984,244
1027,1691509935.770113,1066,806,806,806,0.9999999999999998,1.0,1.0,1.0,1.0000000000000002,96.62052963707079,273.67295790786164,435.7065124550676,0.3530510664104428,0.2217559914187301,0.6281130763132311,4.509461023363075,91.92499375343323,291.7808678150177,440.90308874845505,0.11405086073626951,0.362011002251883,0.5470261647003164,130,328,468,0.16129032258064516,0.40694789081885857,0.5806451612903226,0,True,0.8080006287688049,-0.5777428734342073,-0.11553422049419684,0.3708818381535978,0.40403179739712103,0.6223036687673943,0.2722156029874394,0.26692652930754485,0.8419559079249472,179,4.326021184455606,75.64271860078091,1:4=75;1:3=71;1:2=40;10:5=35;9:6=26,0.07068340594465308,0.02526646014302969,260
1028,1691509935.8697112,1074,814,814,814,0.9999999999999998,1.0,1.0,1.0,1.0000000000000002,90.59244233760906,294.7826955509088,428.6248621114822,0.3073194041064863,0.21135601395433434,0.687740543324428,4.731353422553003,81.49628418684006,307.7758606672287,435.4178739786148,0.10011828524181825,0.37810302293271336,0.5349113930941214,115,338,462,0.14127764127764128,0.4152334152334152,0.5675675675675675,0,True,0.7625553463200611,-0.6359936492970066,-0.1184120849093033,0.389093192011133,0.4011773616717318,0.61076480346124,0.291432698872679,0.2541097547780704,0.8065151462387767,184,4.290655876462595,73.0143411864485,1:4=83;1:3=65;10:5=43;1:2=39;9:5=29,0.07278194316036395,0.0232370737940073,260
1029,1691509935.9701846,1085,799,799,799,0.9999999999999998,1.0,1.0,1.0,1.0000000000000002,91.73684824467193,268.9715802460087,438.2915715093195,0.34106520904835713,0.20930552674960876,0.6136818449868127,4.777704705314807,85.31637996435165,285.8056839108467,446.32819497585297,0.10677894864124111,0.3577042351825366,0.558608504350254,122,323,473,0.15269086357947434,0.40425531914893614,0.5919899874843555,0,True,0.7666071639578899,-0.6366785967919164,-0.08338957102370392,0.37634270369129025,0.38721370170274444,0.6238600475595006,0.2585744433606774,0.206038910302711,0.8687206220121989,177,4.239971855361468,69.40589840734332,1:4=91;1:3=74;1:2=35;10:5=33;9:5=27,0.07140970821849263,0.023737100884318352,286
1030,1691509936.0697708,1103,833,833,833,0.9999999999999998,1.0,1.0,1.0,1.0000000000000002,95.12620096960916,297.65313786258145,440.22066116780957,0.31958742868528534,0.2160875428183222,0.6761453155628191,4.627754043372875,90.54707992076874,319.2651886343956,443.3217171430588,0.1086999758952806,0.38327153497526484,0.5321989401477296,130,361,468,0.15606242496998798,0.43337334933973587,0.5618247298919568,0,True,0.7723269888268016,-0.6292465117954765,-0.08694739629771092,0.3797561874988932,0.3962323467050441,0.6087197454613951,0.26153248087379444,0.21674855117353867,0.784203206955501,169,4.191296911133474,66.10847220153777,1:4=97;1:3=84;1:2=36;9:5=32;1:1=31,0.07316364017093285,0.025207340717315674,270
1031,1691509936.1701958,1068,809,809,809,0.9999999999999997,1.0,1.0,1.0,1.0000000000000002,106.10972247503928,276.6918083624062,426.1984691625548,0.38349426787531987,0.24896786392390435,0.6492088273007716,4.01658263937889,102.53238016366959,297.9981701374054,432.9591563344002,0.1267396540960069,0.36835373317355424,0.5351781907718173,145,341,462,0.1792336217552534,0.4215080346106304,0.5710754017305315,0,True,0.7705380539840755,-0.6245433208276207,-0.12734499508045813,0.38620302050327165,0.3955517765615588,0.6090253808954549,0.2837259175914059,0.2236385265818763,0.799667636223956,177,4.322145076235044,75.35008674014728,1:4=90;1:3=58;1:2=34;10:5=33;9:5=26,0.07120872496093933,0.026649555191397667,259
1032,1691509936.2704723,1081,787,787,787,0.9999999999999998,1.0,1.0,1.0,1.0000000000000002,89.3388184196538,272.37059541121334,425.29058616913306,0.3280046375225414,0.210065356076621,0.6404341038080132,4.7604232257852725,82.9123113155365,293.9065500497818,426.7697137594223,0.10535236507692058,0.37345177897049786,0.5422740962635607,118,332,448,0.14993646759847523,0.4218551461245235,0.5692503176620076,0,True,0.7910120869735877,-0.5987090546430742,-0.12588624289447048,0.37328985250917684,0.3967348523670132,0.6190154639595363,0.25518481765493334,0.2336594634191409,0.8591465782355372,162,4.2483126756083776,69.987221515628,1:4=77;1:3=65;1:2=38;1:1=26;9:5=24,0.07457040479404357,0.02402835711836815,294
1033,1691509936.370963,1145,846,846,846,0.9999999999999998,1.0,1.0,1.0,1.0000000000000002,109.40635269852085,280.9526995512604,455.64094775021886,0.3894120002166394,0.24011527769557953,0.6166098568148839,4.164666278618929,108.05742490291595,299.83200961351395,460.6326703429222,0.12772745260391957,0.35441135888122216,0.5444830618710664,154,343,488,0.18203309692671396,0.40543735224586286,0.5768321513002365,0,True,-0.7374266266645105,0.6672173565156695,0.10499033027113897,0.39411032034676324,0.37706576952408544,0.6160874102719948,0.29319728226836217,0.1955268848376159,0.8176696539651108,180,4.319001220388017,75.1135689131604,1:4=82;1:3=77;1:2=41;9:5=31;10:5=30,0.07014157177558873,0.024509853683412075,299
1034,1691509936.470653,1099,791,791,791,0.9999999999999998,1.0,1.0,1.0,1.0000000000000002,85.48852639172664,253.8536938216884,451.6577797865849,0.33676297990674653,0.18927721433719408,0.5620487572286214,5.283256114592416,83.97491896152496,269.88736259937286,461.17690032720566,0.10616298225224395,0.34119767711677984,0.5830302153314862,124,304,489,0.15676359039190899,0.3843236409608091,0.618204804045512,0,True,0.7938535467975689,-0.5967818005647682,-0.11682477798649107,0.35641922909879237,0.3794731761474958,0.6481783628045463,0.2408412508653395,0.19782375109993955,0.9123352070004365,173,4.237103811053892,69.20712439809105,1:4=90;1:3=73;1:2=38;10:5=32;9:5=28,0.06706941899963566,0.023591283708810806,308
1035,1691509936.5702708,1096,819,819,819,0.9999999999999997,1.0,1.0,1.0,1.0000000000000002,102.06087483549682,269.1226252916046,447.81649987289865,0.3792355797841596,0.22790780345178038,0.6009663006342737,4.38773918599753,100.21853947639465,286.5173647403717,454.2019741535187,0.12236695906763694,0.349838052186046,0.5545811650226113,142,325,481,0.17338217338217338,0.3968253968253968,0.5873015873015873,0,True,0.7716072591153654,-0.6281211718560726,-0.1004292345217635,0.37753192828994003,0.38492687222492045,0.6272780513891266,0.2643531525887779,0.20218436280144475,0.8660397558591463,179,4.237249675388918,69.21721998554565,1:4=88;1:3=72;1:2=45;10:5=30;9:5=26,0.06708865107969952,0.02437831461429596,277
1036,1691509936.6699712,1076,805,805,805,0.9999999999999998,1.0,1.0,1.0,1.0000000000000002,98.04426493505306,267.57303414264084,439.3827009223062,0.366420574663688,0.22314093096803495,0.6089748949628183,4.481472743085627,95.28929805755615,285.37781542539597,446.5810733437538,0.1183717988292623,0.35450660301291426,0.5547590973214334,134,322,476,0.16645962732919253,0.4,0.591304347826087,0,True,-0.7302465124406113,0.6756050229251866,0.10147849065975711,0.3931112364090937,0.3790322235059258,0.6224119919301149,0.2803272493735683,0.2039142978024168,0.8479119014257753,170,4.192650141363454,66.19799274186829,1:4=102;1:3=76;1:2=44;10:5=38;9:5=23,0.07044848956935762,0.02496972121298313,271
1037,1691509936.7695405,1116,823,823,823,0.9999999999999998,1.0,1.0,1.0,1.0000000000000002,98.73997739099686,259.48128128268627,464.7787413263168,0.380528325214437,0.21244512412342123,0.5582899091774658,4.707097911171847,95.86509782075882,277.1475558280945,470.674825489521,0.1164825003897434,0.33675280173523026,0.571901367544983,134,316,500,0.16281895504252733,0.3839611178614824,0.6075334143377886,0,True,-0.7657333371056306,0.6372874330394672,0.08670169626392099,0.37268812597915313,0.3716947195409818,0.6379042827721843,0.2452514938772228,0.1795773770721476,0.8901052432857248,180,4.233203860422673,68.9377456529423,1:4=103;1:3=60;1:2=48;1:5=28;10:5=26,0.07259206568350905,0.023121008649468422,293
1038,1691509936.8692472,1121,799,799,799,0.9999999999999997,1.0,1.0,1.0,1.0000000000000002,100.50220697895791,251.40088300733063,447.09691001371147,0.39976871113864526,0.22478841774119113,0.5622961764589711,4.448627780953307,98.04859340190887,267.06602960824966,455.61266255378723,0.12271413442041161,0.33425034994774677,0.5702286139596836,139,305,483,0.1739674593241552,0.38172715894868586,0.60450563204005,0,True,-0.7640837428720891,0.6371665939503821,0.10096913108593197,0.3718918132970235,0.37482388652751697,0.6353711862412116,0.25088045787715146,0.19887161094326927,0.8791712408226214,193,4.349030301631012,77.40336860143654,1:4=85;1:3=71;1:2=41;1:5=30;1:1=26,0.06780074608401769,0.023245681077241898,322
1039,1691509936.9694667,1146,855,855,855,0.9999999999999997,1.0,1.0,1.0,1.0000000000000002,106.11999042362284,276.25516822474964,472.6248413516276,0.3841375750743894,0.22453324738525698,0.5845125859967629,4.453683415018656,98.762974858284,295.6425502896309,478.7767941355705,0.11551225129623859,0.3457807605726677,0.5599728586380942,135,334,507,0.15789473684210525,0.3906432748538012,0.5929824561403508,0,True,-0.7593649420477823,0.6421515321403235,0.10491088865605552,0.3820215918355967,0.3778613983152746,0.6326116635708877,0.2739058044478837,0.18574497058800232,0.8754852327602327,178,4.232940731029234,68.91960849205829,1:4=86;1:3=74;1:2=62;1:5=33;10:5=30,0.06814576718466522,0.022894779220223427,291
1040,1691509937.0697694,1143,862,862,862,0.9999999999999998,1.0,1.0,1.0,1.0000000000000002,114.4198539296816,277.33694158023616,470.2432044900824,0.4125662209936027,0.2433205899354889,0.5897734171001408,4.109804272072199,114.40095728635788,295.4652423262596,476.1094986796379,0.13271572771039197,0.3427671024666585,0.5523312049647772,160,336,505,0.18561484918793503,0.38979118329466356,0.58584686774942,0,True,-0.7570389010269302,0.6447533812087842,0.10576001017292747,0.3874105226621219,0.3818612160357311,0.6186485789175147,0.2788964039711076,0.20073310554606297,0.8369083001116167,175,4.233354309791398,68.94811807349961,1:4=111;1:3=61;1:2=47;9:5=30;1:5=28,0.06825855396962535,0.02340826578438282,281
1041,1691509937.169756,1111,848,848,848,0.9999999999999998,1.0,1.0,1.0,1.0000000000000002,117.37376417224962,266.83439068534443,463.7918451424059,0.439874949667409,0.2530742301780023,0.5753322174162284,3.9514098266608975,113.1365476846695,282.7678412795067,471.7769897580147,0.13341574019418573,0.3334526430182862,0.5563407898089796,153,320,501,0.1804245283018868,0.37735849056603776,0.5908018867924528,0,True,-0.767225798965791,0.6350093245411252,0.09015393029218355,0.38187412835992174,0.38016267896377376,0.6262593270977753,0.2815610740962342,0.19567661829569902,0.8667488241274581,186,4.350660936522398,77.52968819756933,1:4=90;1:3=60;1:2=40;10:5=36;9:5=23,0.06766105299975156,0.021848469972610474,263
1042,1691509937.2705095,1113,821,821,821,0.9999999999999998,1.0,1.0,1.0,1.0000000000000002,109.83867136128528,250.92594651004794,460.2353821286668,0.4377334145350607,0.23865759919035945,0.5452122028286327,4.190103325402072,109.62646734714508,268.5903561115265,468.7778642773628,0.1335279748442693,0.32715025104936235,0.5709840003378354,152,306,499,0.1851400730816078,0.37271619975639464,0.607795371498173,0,True,0.7804977849386846,-0.6204777918015637,-0.0763578259699852,0.36998842550324534,0.37990984330863536,0.6383655536055185,0.25267550809834466,0.19301506170419563,0.8703521031592761,178,4.3139363591705795,74.73409092396697,1:4=106;1:3=47;1:2=44;10:5=33;1:5=28,0.06677733097494909,0.022544588893651962,292
1043,1691509937.370482,1122,818,818,818,0.9999999999999998,1.0,1.0,1.0,1.0000000000000002,97.56784927722315,247.95497471951276,472.47717600326416,0.3934901866259877,0.206502777769204,0.5247977834971647,4.842549871738971,98.22297757863998,266.00929403305054,476.6949737071991,0.12007698970493885,0.3251947359817244,0.582756691573593,138,304,500,0.1687041564792176,0.37163814180929094,0.6112469437652812,0,True,0.7832266430522049,-0.6125972478377218,-0.10621034579937427,0.3595217492182654,0.3688764509327248,0.6539330809460031,0.23489876378448493,0.17649301196773748,0.9198561901040527,175,4.181262922967035,65.4484574016773,1:4=99;1:3=87;1:5=35;10:5=32;1:2=32,0.06314646658351904,0.020311535336077213,304
1044,1691509937.470536,1096,801,801,801,0.9999999999999998,1.0,1.0,1.0,1.0000000000000002,100.11116586149559,249.02830917792613,451.86052496057806,0.4020071701565785,0.2215532455954847,0.5511176467553838,4.513587680975865,99.21171897649765,265.0440267920494,460.05301463603973,0.1238598239406962,0.3308914192160417,0.5743483328789509,139,302,488,0.1735330836454432,0.37702871410736577,0.6092384519350812,0,True,-0.7671069676091945,0.6353887897076699,0.08847590722478138,0.36851303328398793,0.3688319801165019,0.6451618587368736,0.24954819172246792,0.17856803883662883,0.8760306242885906,185,4.268000265293718,71.37875423227011,1:4=103;1:3=67;1:2=32;1:1=29;10:5=28,0.06543300945657461,0.023958967998623848,295
1045,1691509937.5707953,1094,781,781,781,0.9999999999999997,1.0,1.0,1.0,1.0000000000000002,101.54369252290063,237.30106680591044,442.15524067118923,0.42791081342231657,0.2296562003172412,0.5366917430305445,4.354334864979154,99.46610921621323,251.95176768302917,446.5116927623749,0.12735737415648302,0.3226014951127134,0.57171791646911,139,285,471,0.17797695262483995,0.3649167733674776,0.6030729833546735,0,True,-0.7742298133382405,0.6272744736293339,0.08423141261593403,0.3689936081584634,0.3747387620816655,0.6431173990480128,0.25059841632650964,0.19217861234459796,0.8839293208453829,175,4.247407744821164,69.92391657178332,1:4=107;1:3=69;1:2=32;9:5=31;10:5=25,0.06322997076285977,0.023005103692412376,313
1046,1691509937.6700346,1104,800,800,800,0.9999999999999998,1.0,1.0,1.0,1.0000000000000002,103.6143930664948,242.50763793782775,453.8779689956773,0.42726239036256114,0.22828689679688247,0.5343014080953055,4.380452903916543,101.5364978313446,257.027618765831,460.1305151581764,0.12692062228918075,0.32128452345728875,0.5751631439477205,138,291,485,0.1725,0.36375,0.60625,0,True,-0.764306971688508,0.6406932759719406,0.07312304118870716,0.3721573055703587,0.3729212122021761,0.6442074535183602,0.25326138662862835,0.20436209571079456,0.8974550540375683,179,4.2930382418454505,73.18849539244886,1:4=95;1:3=55;1:5=36;1:2=36;10:5=27,0.05688530077481676,0.02092118002474308,304
1047,1691509937.770086,1106,814,814,814,0.9999999999999998,1.0,1.0,1.0,1.0000000000000002,101.61050226576587,240.38115493249734,472.00834280173683,0.42270577447845126,0.21527268281452075,0.509273106288012,4.645271229613473,99.66141736507416,258.7105670571327,477.2467274069786,0.12243417366716727,0.317826249455937,0.5862981909176641,141,296,501,0.1732186732186732,0.36363636363636365,0.6154791154791155,0,True,-0.7619246222517458,0.6429805425758437,0.0777617635821623,0.36288501356125225,0.362803463557291,0.6498882324568459,0.22825539736678616,0.18566078255695045,0.9148326458322988,169,4.202535816448207,66.85564992612449,1:4=112;1:3=69;1:5=34;1:2=25;9:5=23,0.06957994562914833,0.024286849424242973,292
1048,1691509937.8699884,1107,822,822,822,0.9999999999999998,1.0,1.0,1.0,1.0000000000000002,104.70448139108501,235.8495130832782,481.4460055256368,0.44394614185238523,0.21747917770502626,0.4898773909771681,4.598141351059967,103.42970752716064,253.36086624860764,488.40283662080765,0.1258268948018986,0.30822489811266135,0.5941640348185008,141,291,515,0.17153284671532848,0.354014598540146,0.6265206812652068,0,True,-0.7434217076369636,0.6659020350824751,0.0624391246508092,0.36388883547523504,0.3546048392846345,0.6581180157658426,0.22907622455426813,0.17132914469103955,0.9321336696828193,187,4.246301661750767,69.84661766883214,1:4=93;1:3=74;1:2=45;1:5=39;10:5=30,0.06761847381035926,0.023097452707588673,285
1049,1691509937.9699266,1097,807,807,807,0.9999999999999998,1.0,1.0,1.0,1.0000000000000002,97.34469415155715,231.461983694517,478.193322153926,0.42056450306773685,0.20356765693232076,0.4840343287353802,4.912371714984495,97.36109048128128,242.18685883283615,486.8883739709854,0.12064571311187272,0.3001076317631179,0.6033313184274912,135,275,515,0.16728624535315986,0.34076827757125155,0.6381660470879802,0,True,-0.7875886827194285,0.6045983808202345,0.11901623738728251,0.3568342569983543,0.35904030220908045,0.6655139795309386,0.24117291512872963,0.16871320192899544,0.9257542182030273,193,4.294260756963605,73.27802414851963,1:4=101;1:3=75;1:2=38;1:5=31;10:5=25,0.05918731543192765,0.02212228998541832,290
1050,1691509938.0699627,1089,804,804,804,0.9999999999999998,1.0,1.0,1.0,1.0000000000000002,105.33550185190988,233.51997174170108,465.144526406389,0.4510770580617516,0.2264575758113512,0.5020374496198599,4.415838138411596,102.87260776758194,245.1775233745575,475.00528341531754,0.1279510046860472,0.3049471683763153,0.590802591312584,140,277,504,0.17412935323383086,0.3445273631840796,0.6268656716417911,0,True,-0.7846876745290688,0.6103585946998683,0.1082942256916945,0.3639489090275953,0.3672564109683954,0.6582168732629602,0.24464919811227864,0.18756959940997206,0.8985498329353415,173,4.286102073827691,72.68260419283793,1:4=99;1:3=52;1:5=37;10:5=25;1:2=25,0.06386341343530155,0.02337764948606491,285
1051,1691509938.1702538,1130,812,812,812,0.9999999999999998,1.0,1.0,1.0,1.0000000000000002,97.09783832495206,228.33746286428206,486.5646988107659,0.4252383165992544,0.19955791811915896,0.46928489350413555,5.011076530688626,94.46023911237717,242.86291813850403,496.1612756252289,0.11633034373445464,0.29909226371736947,0.6110360537256513,134,278,524,0.16502463054187191,0.34236453201970446,0.645320197044335,0,True,-0.7775137973822954,0.6243529182869756,0.07520457636806321,0.34886901523871067,0.35274338966477087,0.671924394574998,0.22198438913645907,0.17414660401759507,0.9242749684702077,181,4.297298908077608,73.50099239332263,1:4=100;1:3=62;1:5=36;1:2=32;10:5=28,0.05785698705725272,0.021265413612127304,318
1052,1691509938.2703342,1124,810,810,810,0.9999999999999998,1.0,1.0,1.0,1.0000000000000002,100.70616687636117,219.8810434151189,489.41278970852,0.45800295156065585,0.20576938117276997,0.4492752294971156,4.859809531916563,99.2860381603241,233.13654071092606,498.17012119293213,0.12257535575348653,0.2878228897665754,0.6150248409789285,136,266,526,0.16790123456790124,0.32839506172839505,0.6493827160493827,0,True,-0.767890008110194,0.6356340368285692,0.07946261177146746,0.35175608232831,0.3458513119637513,0.6754129670986617,0.23036003547138206,0.16781108349946766,0.9373519719703975,176,4.259993828266772,70.8095464352974,1:4=95;1:3=68;1:2=39;1:5=36;9:5=29,0.05610320479983633,0.01946081966161728,314
1053,1691509938.3705258,1119,812,812,812,0.9999999999999998,1.0,1.0,1.0,1.0000000000000002,97.7174049810109,228.89753123933,485.38506377965905,0.4269045823776921,0.20131934884871075,0.47157926421740537,4.967232438008176,96.12295311689377,243.516439139843,490.7389386296272,0.11837802107991843,0.29989709253675245,0.6043582988049596,134,277,514,0.16502463054187191,0.3411330049261084,0.6330049261083743,0,True,-0.7608075174948262,0.6430698256881437,0.08736773210276255,0.3568833159669081,0.35220972017624846,0.6637428754833509,0.22558411622717528,0.17468569600686276,0.9299503447512776,171,4.210948587324946,67.4204636839276,1:4=94;1:3=62;1:5=54;1:2=34;10:5=31,0.060517233013988654,0.02048989851027727,307
1054,1691509938.47056,1131,798,798,798,0.9999999999999998,1.0,1.0,1.0,1.0000000000000002,98.19027699877437,206.11431800234735,493.6954049988782,0.4763874627945843,0.19888837531108372,0.41749288309218857,5.027945944230717,99.77136850357056,217.12934839725494,497.76188600063324,0.1250267775733967,0.2720919152847806,0.6237617619055554,137,245,519,0.17167919799498746,0.30701754385964913,0.650375939849624,0,True,-0.7749344756011122,0.6266428252455905,0.08243378004831381,0.3450722937946302,0.3391426312112534,0.6849993213280209,0.22070923090415245,0.1653031428361058,0.9497021984135117,171,4.144117752200451,63.061961075640475,1:4=101;1:3=75;1:5=44;1:2=40;10:5=25,0.05429464762966322,0.018163319677114487,333
1055,1691509938.5702708,1150,825,825,825,0.9999999999999997,1.0,1.0,1.0,1.0000000000000002,101.73003773333716,226.7285130728816,496.5414491937812,0.4486865650666361,0.2048772320991793,0.4566154818314032,4.880971837397279,99.07397592067719,237.16092824935913,505.31954950094223,0.120089667782639,0.287467791817405,0.6125085448496269,135,265,533,0.16363636363636364,0.3212121212121212,0.6460606060606061,0,True,-0.7914037304317867,0.6034606610075551,0.09754673790022994,0.35134525081850726,0.3557339095357116,0.6727727716243405,0.22653748988656622,0.17470173033963543,0.9281036726287061,180,4.217675460375563,67.87552142599718,1:4=90;1:3=77;1:5=53;10:5=36;1:2=30,0.06178569722420746,0.022296510636806488,325
1056,1691509938.6700227,1175,840,840,840,0.9999999999999997,1.0,1.0,1.0,1.0000000000000002,92.61887127371737,207.2942403902932,540.0868883359892,0.4467990577033628,0.17148883498926745,0.3838164652153803,5.831283418903537,89.47478318214417,216.52487742900848,545.3100057840347,0.1065175990263621,0.2577677112250101,0.649178578314327,122,245,566,0.14523809523809525,0.2916666666666667,0.6738095238095239,0,True,-0.7735652690520499,0.6269077838945292,0.0926466675541,0.33168383732199685,0.3237482874555459,0.7072831214503056,0.2073732357742091,0.16004583968702624,0.9533810203203117,179,4.201923689702898,66.81473831755207,1:4=97;1:3=74;1:5=49;1:2=34;9:5=30,0.06674027173715553,0.021486038342118263,335
1057,1691509938.7700768,1154,843,843,843,0.9999999999999997,1.0,1.0,1.0,1.0000000000000002,109.98864704322577,201.30717920935578,531.7041737474184,0.5463722032925591,0.2068606049639079,0.3786074835383652,4.834173235520003,115.16757309436798,210.72227489948273,539.7998199462891,0.13661633819023486,0.24996711138728675,0.6403319335068672,159,240,566,0.18861209964412812,0.2846975088967972,0.6714116251482799,0,True,-0.7957760563423582,0.5997270433690464,0.08407105092733264,0.336144776743993,0.33390139084287923,0.6996154687427466,0.2108581095436863,0.16100171440728134,0.9462843419377097,180,4.235096483684652,69.06834238021204,1:4=105;1:3=64;1:5=50;1:2=48;0:4=29,0.06315956777541461,0.01841568388044834,311
1058,1691509938.8705728,1157,807,807,807,0.9999999999999998,1.0,1.0,1.0,1.0000000000000002,95.51692742372808,202.08173404732412,509.4013385289477,0.47266482482459116,0.18750819874082475,0.39670436404995907,5.333100134902407,90.46680289506912,215.6582053899765,519.2772676944733,0.11210260581792952,0.26723445525399814,0.6434662548878232,122,248,547,0.15117719950433706,0.3073110285006196,0.677819083023544,0,True,-0.7291394877901807,0.6808299517839524,0.0694707427550198,0.34757566934366013,0.328785247075261,0.6994396073863915,0.21196847643052794,0.166648481673636,0.9503648008942074,173,4.192742278432557,66.20409231189399,1:4=108;1:3=64;1:5=54;1:2=32;0:4=25,0.05597192493573047,0.0184975303709507,350
1059,1691509938.9704401,1145,811,811,811,0.9999999999999998,1.0,1.0,1.0,1.0000000000000002,94.12230956935852,204.12387490688258,512.7538155237589,0.4611038743620526,0.18356237773329115,0.3980933319791636,5.447739413426865,92.08326804637909,215.20568573474884,520.0814850330353,0.11354287058739715,0.2653584287728099,0.6412841985610792,128,243,544,0.15782983970406905,0.2996300863131936,0.6707768187422934,0,True,-0.7707214634791291,0.634390798159351,0.05947050481820293,0.33546491652026506,0.33582638018753447,0.7034224739880791,0.21368711803566479,0.16436521816057523,0.9503443574275202,181,4.154041393306367,63.69088077020183,1:4=111;1:3=61;1:5=55;1:2=37;0:4=37,0.054817347590730335,0.018562637269496918,334
1060,1691509939.070847,1200,869,869,869,0.9999999999999997,1.0,1.0,1.0,1.0000000000000002,97.98581502110993,209.7840957766492,561.230089202241,0.4670793305772449,0.17459116484718704,0.37379338672815327,5.727666694218243,95.96134370565414,219.81702810525894,570.9380977153778,0.11042732302146623,0.2529540024226225,0.6570058661857052,132,250,598,0.1518987341772152,0.28768699654775604,0.6881472957422324,0,True,-0.7266430530222675,0.6840080556996069,0.0642094481561849,0.33953520245053265,0.31776799047088494,0.7070032576757288,0.2090123516596129,0.15767885405716767,0.9562266275846862,178,4.158898799698547,64.00100585359216,1:4=114;1:3=67;1:5=58;1:2=42;0:4=36,0.05607375317940563,0.019353153184056282,331
1061,1691509939.1708586,1204,852,852,852,0.9999999999999997,1.0,1.0,1.0,1.0000000000000002,95.32173486416907,210.34484053425933,546.3334246015717,0.4531688755572011,0.17447538549135083,0.38501184636041436,5.7314674914392,92.25948077440262,219.91445714235306,555.1121656894684,0.10828577555681058,0.258115560026236,0.6515401005744934,129,248,583,0.15140845070422534,0.29107981220657275,0.6842723004694836,0,True,-0.7887380141392183,0.6077568310748535,0.0923253991790684,0.33320666324739373,0.3349073316523889,0.7089405886025966,0.21080342242918934,0.16591388879559815,0.9469904589414693,179,4.102905501585031,60.515861339995865,1:4=136;1:3=75;1:5=56;10:5=36;1:2=34,0.056698075567781274,0.019585492089390755,352
1062,1691509939.2705982,1211,847,847,847,0.9999999999999997,1.0,1.0,1.0,1.0000000000000002,94.6108027835944,204.09335383843612,548.2958433779696,0.46356630926105497,0.172554295142402,0.3722321741143379,5.795277359944827,95.10579913854599,217.8258792757988,554.629448890686,0.11228547714114048,0.2571734111874838,0.6548163505202905,130,247,579,0.15348288075560804,0.29161747343565525,0.6835891381345927,0,True,-0.7827158731207601,0.6189703811911194,0.06505020501832837,0.3248529074942327,0.3325498170376068,0.712000148351525,0.19571702781813927,0.1647340405940329,0.9547657276440644,176,4.116654585116933,61.35364515473225,1:4=116;1:3=74;1:5=57;1:2=45;0:4=25,0.06505274370139746,0.01778033748269081,364
1063,1691509939.3705306,1225,828,828,828,0.9999999999999997,1.0,1.0,1.0,1.0000000000000002,89.59871484951012,204.8155296987605,533.5857554517291,0.4374605528266851,0.16791811613047392,0.3838474464622194,5.955283581331932,87.03472548723221,214.31604570150375,542.1474035382271,0.10511440276235774,0.25883580398732337,0.6547673955775689,119,243,568,0.14371980676328502,0.29347826086956524,0.6859903381642513,0,True,-0.7825234012316449,0.6183636990230841,0.0726874284546285,0.32657030424171807,0.3294684616406706,0.7081794096264058,0.20785382173394346,0.15832785043541803,0.9554783382129052,180,4.177000453810857,65.17007908166421,1:4=119;1:3=71;1:5=45;1:2=41;1:1=24,0.05714719500476202,0.01746551413089037,397
1064,1691509939.4704027,1216,843,843,843,0.9999999999999998,1.0,1.0,1.0,1.0000000000000002,94.81982662019509,211.46731746962897,536.7128559101761,0.44838998174653233,0.17666770150194439,0.39400456899996444,5.660344202695104,91.46117579936981,223.98096626996994,548.5548815727234,0.1084948704618859,0.2656950964056583,0.6507175344872164,125,254,576,0.14827995255041518,0.3013048635824436,0.6832740213523132,0,True,0.8190066492450794,-0.5654170893576118,-0.09763003408129023,0.32977506474658347,0.3435769830792006,0.6989731602203203,0.21463232549717592,0.16393680609308112,0.948824906420046,180,4.140872935195111,62.85766817773392,1:4=127;1:3=66;1:5=47;1:2=46;10:5=30,0.0620994590437669,0.017731307074427605,373
1065,1691509939.5703545,1231,820,820,820,0.9999999999999998,1.0,1.0,1.0,1.0000000000000002,97.94712699855566,194.76587487167185,527.2869981297725,0.5028967577769539,0.1857567649988774,0.36937355854114445,5.383384018375016,95.31100606918335,206.50013995170593,535.0183492302895,0.1162329342307114,0.25182943896549503,0.652461401500353,127,237,560,0.1548780487804878,0.2890243902439024,0.6829268292682927,0,True,0.8240494649358705,-0.5581955275205093,-0.09674829401599633,0.32458276945655645,0.33455529434565917,0.7086724126946893,0.20664377686251365,0.1609216282970712,0.9549031962418465,180,4.157563930110739,63.91562985287999,1:4=115;1:3=75;1:5=49;1:2=42;0:4=25,0.055935529484206936,0.01975470595061779,411
1066,1691509939.6705234,1261,858,858,858,0.9999999999999997,1.0,1.0,1.0,1.0000000000000002,100.3213158560788,201.9966127679372,555.6820713759839,0.4966485055436669,0.18053725506684504,0.36351112114837847,5.539022954734433,95.17795753479004,208.18785446882248,568.306528031826,0.11093002043681822,0.24264318702659962,0.662361920783014,126,234,599,0.14685314685314685,0.2727272727272727,0.6981351981351981,0,True,-0.7933082326923513,0.6034959068514198,0.0803413863218731,0.33028927608332004,0.3316579583782486,0.7100865651188257,0.21105527229904714,0.16272039921122766,0.9518693165586292,191,4.172995385914152,64.90959047558407,1:4=120;1:3=87;1:5=61;1:2=29;10:5=28,0.05657539859314187,0.017790059559047222,403
1067,1691509939.7707007,1263,811,811,811,0.9999999999999998,1.0,1.0,1.0,1.0000000000000002,105.68356467954816,180.5232779372715,524.7931573831805,0.5854290144026258,0.2013813693885165,0.3439893897196176,4.965702651821493,107.13860619068146,185.87102389335632,534.9537283182144,0.13210678938431747,0.22918745239624702,0.659622353043421,145,210,563,0.17879161528976573,0.2589395807644883,0.6942046855733662,0,True,0.8299812405972752,-0.5491098068079312,-0.09802836489488354,0.33060494961978987,0.33188905030263327,0.7155927496360618,0.21506957310099079,0.16114446460606335,0.9499748114305487,182,4.258446348015379,70.7000548004999,1:4=109;1:3=58;1:5=50;1:2=44;10:5=22,0.05744505825416474,0.017976613715291023,452
1068,1691509939.870682,1296,845,845,845,0.9999999999999997,1.0,1.0,1.0,1.0000000000000002,97.23731085637762,202.32119408093118,545.4414950626913,0.4806086248061654,0.17827266853835805,0.37093106394055525,5.609384815961483,94.91435730457306,207.09839993715286,555.723025560379,0.11232468320067818,0.24508686383095013,0.6576603852785551,127,232,584,0.1502958579881657,0.27455621301775146,0.6911242603550296,0,True,0.8239705238582009,-0.5590272895364662,-0.09252602534613658,0.3255465987474984,0.33593062268738794,0.7083025932627552,0.2113504734663152,0.16277061064876325,0.9532840619616931,178,4.167116707549258,64.52912727646698,1:4=114;1:3=65;1:5=56;1:2=28;10:5=27,0.06139807103712034,0.0203720573335886,451
1069,1691509939.9704583,1311,847,847,847,0.9999999999999997,1.0,1.0,1.0,1.0000000000000002,112.55926829540945,194.05235448852557,540.3883772160656,0.5800458777843128,0.208293281353097,0.359097942646788,4.800922975066145,117.40904939174652,202.72691822052002,551.0148507356644,0.13861753174940558,0.23934701088609212,0.6505488202310087,163,232,581,0.19244391971664698,0.27390791027154665,0.6859504132231405,0,True,0.8544516926254064,-0.5076692852646374,-0.11038207177105552,0.3270767063443091,0.3439139306040236,0.7026705928198922,0.21575583416929195,0.169749674142366,0.9479996440368478,181,4.2731539242081675,71.74756553283686,1:4=104;1:3=72;1:5=45;1:2=34;9:5=28,0.06706273668574145,0.020349515601992607,464
1070,1691509940.0706425,1282,841,841,841,0.9999999999999998,1.0,1.0,1.0,1.0000000000000002,118.5108426908877,192.52340265143468,529.9657546576777,0.6155659055405988,0.22361981250550375,0.36327517572487655,4.471875675038355,116.00268769264221,198.76021522283554,543.5398470163345,0.1379342303122975,0.23633794913535736,0.6463018394962361,152,227,578,0.1807372175980975,0.2699167657550535,0.6872770511296076,0,True,0.8264065713333716,-0.5523115778999736,-0.10956322272853486,0.337451514297786,0.34028898379409145,0.702739765618083,0.22087432963693587,0.16892827908227523,0.9376254215243672,194,4.342512746341987,76.9005282917715,1:4=108;1:5=60;1:3=50;1:2=42;10:5=28,0.06346974938753651,0.020675912499427795,441
1071,1691509940.1706207,1290,816,816,816,0.9999999999999998,1.0,1.0,1.0,1.0000000000000002,111.43589719626323,200.71979116153227,503.84431164220484,0.5551814126120902,0.22117129164970556,0.398376614608025,4.521382465785004,116.2334161400795,208.00587737560272,515.6796343326569,0.14244291193637193,0.2549091634504935,0.6319603361919814,159,236,547,0.1948529411764706,0.28921568627450983,0.6703431372549019,0,True,-0.8131671790838573,0.5728454756342384,0.10299126130981023,0.3452614766496806,0.34634040095914065,0.6861499338282417,0.22936190734513284,0.1692698408550427,0.9379259306253594,178,4.237631403810244,69.2436472093496,1:4=123;1:5=47;1:3=45;1:2=39;10:5=28,0.06545549581199858,0.019785149954259396,474
1072,1691509940.2702942,1299,811,811,811,0.9999999999999998,1.0,1.0,1.0,1.0000000000000002,107.65790604219451,204.30448875909073,499.0376051987147,0.5269483147242117,0.21573104896438733,0.40939698056970586,4.635401370365927,109.49663758277893,214.09858745336533,508.5223190188408,0.13501434967050424,0.26399332608306453,0.6270312195053523,148,243,537,0.18249075215782984,0.2996300863131936,0.6621454993834772,0,True,0.8377416364448594,-0.5302943353398457,-0.1302953125525233,0.33962034537067265,0.3537798794593829,0.6800215830476473,0.21947619405401209,0.17263470373018494,0.9402228058305607,176,4.241254266788582,69.49496242071821,1:4=104;1:3=66;1:5=43;1:2=41;0:4=29,0.06476391180318107,0.02146042324602604,488
1073,1691509940.3703225,1295,817,817,817,0.9999999999999997,1.0,1.0,1.0,1.0000000000000002,102.1800769615096,202.07135628763294,512.7485667508572,0.5056633401127083,0.19927910790467124,0.3940944341748277,5.01808749805508,105.01889479160309,215.0919966697693,524.8509948253632,0.12854209888813106,0.26327049775981554,0.6424124783664176,144,251,557,0.1762545899632803,0.3072215422276622,0.6817625458996328,0,True,0.8183559281692028,-0.5654400240895701,-0.10281611735476681,0.33568728297160866,0.3427508449464815,0.6979386775031026,0.21502293093346056,0.1688716535414766,0.939910120242858,180,4.244654176100924,69.73164110565747,1:4=111;1:3=68;1:5=48;1:2=41;9:5=28,0.06772746643028622,0.021752413362264633,478
1074,1691509940.4705684,1307,806,806,806,0.9999999999999998,1.0,1.0,1.0,1.0000000000000002,90.2914626752719,188.54598202303626,527.1625553016921,0.47888298496989573,0.17127821725425588,0.35766193961771897,5.838454042965305,90.4041451215744,199.97566574811935,538.8951703310013,0.11216395176373996,0.24810876643687266,0.6686044296910686,128,231,570,0.1588089330024814,0.2866004962779156,0.707196029776675,0,True,0.8200778237724424,-0.5622009539436137,-0.106782256679404,0.32357163838929975,0.32735799833307166,0.7179724249712659,0.21491633251793418,0.1665940203940488,0.9462792544687331,188,4.3110445774384845,74.5182884223199,1:4=102;1:3=61;1:5=38;1:2=28;1:1=26,0.0655168799999534,0.022533481009304523,501
1075,1691509940.5698857,1323,830,830,830,0.9999999999999997,1.0,1.0,1.0,1.0000000000000002,105.40360029577735,195.5617995975734,529.0346001066489,0.5389784738771919,0.19923763072307346,0.3696578627525493,5.019132160781067,102.29554855823517,206.47621232271194,539.8532364368439,0.12324764886534358,0.24876652087073728,0.6504255860684865,138,240,569,0.16626506024096385,0.2891566265060241,0.6855421686746987,0,True,0.8583517703843649,-0.504814831703748,-0.0916199976530383,0.3241339446047193,0.3427560555047569,0.7064973113382321,0.21542088721313785,0.16908140039906439,0.9429042771688557,193,4.323375518653943,75.44285774612608,1:4=96;1:3=71;1:5=54;1:2=45;1:1=25,0.07017837096795503,0.02107821684330702,493
1076,1691509940.669639,1318,803,803,803,0.9999999999999997,1.0,1.0,1.0,1.0000000000000002,99.46968306631422,184.93744522497195,518.592871708714,0.5378558298202495,0.19180688453848413,0.3566139361222238,5.213577199828612,102.55083519220352,196.91316270828247,531.8406910896301,0.12770963286700315,0.2452218713677241,0.6623171744578208,145,231,564,0.18057285180572852,0.2876712328767123,0.7023661270236613,0,True,0.8740964035444639,-0.4723802696471084,-0.11319168767519433,0.31675255939671243,0.340746006032769,0.7109200128994927,0.203393542018792,0.16316518741589334,0.9497559827285635,193,4.320426090176655,75.22067225425843,1:4=107;1:3=53;1:5=41;1:2=37;1:1=30,0.061971707217467024,0.019840218126773834,515
1077,1691509940.7699142,1311,799,799,799,0.9999999999999998,1.0,1.0,1.0,1.0000000000000002,106.3514801614509,187.4292354338828,505.21928440466615,0.5674220455269757,0.21050558330680508,0.370985908930106,4.750467822711061,105.46619039773941,198.95088398456573,515.953568816185,0.13199773516613192,0.24899985479920617,0.6457491474545495,143,233,546,0.17897371714643304,0.29161451814768463,0.6833541927409261,0,True,0.8424967812340622,-0.5268258654283525,-0.11248858220242824,0.331705767635341,0.33992219795672957,0.7007035066500122,0.21932787786403668,0.16277970398829483,0.9417761605984958,189,4.312526139755831,74.62877373562812,1:4=100;1:3=53;1:2=48;1:5=46;10:5=24,0.06259348849630254,0.020477697253227234,512
1078,1691509940.869985,1330,783,783,783,0.9999999999999998,1.0,1.0,1.0,1.0000000000000002,86.85042358779037,190.10458878590146,506.04498762630794,0.4568560082765944,0.17162589436005957,0.3756673683848152,5.826626592267408,83.773732483387,201.2504295706749,518.3383067846298,0.10699071836958747,0.2570248142665069,0.6619901746930138,117,231,548,0.14942528735632185,0.2950191570881226,0.6998722860791826,0,True,0.8551837413943595,-0.5095791652288773,-0.09481478165025575,0.31071132912732297,0.3422469697661578,0.715595027015885,0.20183402468633402,0.1648459386146091,0.9446462870676405,174,4.227787750332045,68.56538052859372,1:4=97;1:3=62;1:5=45;1:2=36;10:5=35,0.06134934254515728,0.02088063955307007,547
1079,1691509940.9703138,1348,810,810,810,0.9999999999999997,1.0,1.0,1.0,1.0000000000000002,84.14646498830659,198.9359490688895,526.9175859428037,0.4229827006237446,0.15969568530863304,0.3775466114173,6.26190994495166,85.96814715862274,208.24274629354477,537.2985334396362,0.10613351501064536,0.25708981023894417,0.663331522764983,123,238,566,0.15185185185185185,0.2938271604938272,0.6987654320987654,0,True,0.8406368640760215,-0.5329645501597216,-0.09632471660730935,0.3134273490212548,0.33566795588928117,0.7170061099947712,0.20724478704847682,0.16198623709870977,0.9536504407506876,198,4.287580390596364,72.79013156558344,1:4=113;1:3=60;1:5=38;1:2=34;9:5=30,0.05739671779449938,0.021091410890221596,538
1080,1691509941.0710669,1406,843,843,843,0.9999999999999998,1.0,1.0,1.0,1.0000000000000002,108.6640402436727,205.17310311442222,529.1628566419051,0.5296212739107049,0.20535084592531744,0.3877314904837829,4.8697145390074645,106.33167606592178,216.6302170753479,539.9093698263168,0.126134847053288,0.25697534647134984,0.6404618859149666,145,252,571,0.17200474495848161,0.298932384341637,0.6773428232502966,0,True,0.8576426290196935,-0.501232105466836,-0.11495867665152876,0.325537702062088,0.34632223916932153,0.6980069178288937,0.21113731782761522,0.1694504438694613,0.935106618176033,194,4.382634287059542,80.04862696350175,1:4=102;1:3=52;1:2=46;1:5=44;10:5=24,0.0629557226966246,0.023861601948738098,563
1081,1691509941.171253,1379,815,815,815,0.9999999999999998,1.0,1.0,1.0,1.0000000000000002,101.74527661635044,190.07397659308262,523.1807467905667,0.5352930392684448,0.1944744282745555,0.36330460889297733,5.1420642234166545,106.25084161758423,195.8606179356575,540.8624063134193,0.13036913081912174,0.24031977660816872,0.6636348543722936,147,227,579,0.18036809815950922,0.2785276073619632,0.7104294478527607,0,True,0.8975343002970644,-0.42455199426428486,-0.11911248446942169,0.31019007332379683,0.3464343052155495,0.7111483671907463,0.20398061234123396,0.170406403041918,0.9383176480912262,200,4.432131248114204,84.11048633718949,1:4=87;1:3=58;1:5=40;1:2=34;10:5=27,0.0661659627594043,0.021874116733670235,564
1082,1691509941.2712302,1391,826,826,826,0.9999999999999998,1.0,1.0,1.0,1.0000000000000002,106.90771343981882,188.32810275330507,530.764183806876,0.5676673416067887,0.20142224494695427,0.3548244371022409,4.964694938552372,111.70859026908875,199.7258187532425,545.3498483896255,0.13524042405458686,0.24179881204993037,0.6602298406654062,155,232,580,0.18765133171912832,0.28087167070217917,0.7021791767554479,0,True,0.8258793905777121,-0.5527036616124449,-0.11154324120798709,0.3282607476823101,0.32995767435191353,0.7113096487634456,0.20625435848584733,0.164388475525718,0.9445755594190886,196,4.324605682909782,75.53572196049129,1:4=110;1:3=73;1:5=39;1:2=30;1:1=28,0.06585472098449137,0.02306193858385086,565
1083,1691509941.3708296,1390,819,819,819,0.9999999999999998,1.0,1.0,1.0,1.0000000000000002,94.5280340690646,194.1612154791996,530.3107504517358,0.4868533287441814,0.17825026927804608,0.36612724768224447,5.610089701688677,96.38471668958664,208.4083856344223,541.5757058262825,0.11768585676384205,0.25446689332652295,0.661264598078489,136,247,573,0.16605616605616605,0.30158730158730157,0.6996336996336996,0,True,0.8693904127433046,-0.48242347286404025,-0.1069013707106935,0.30536861019331285,0.341540235097243,0.7137780816290261,0.19459672619244628,0.17004424217121866,0.9500984716783749,189,4.352421207034247,77.6662816069015,1:4=110;1:3=51;1:5=44;1:2=36;0:4=31,0.07025046115233305,0.02488824538886547,571
1084,1691509941.4708152,1377,842,842,842,0.9999999999999998,1.0,1.0,1.0,1.0000000000000002,108.45764502613012,198.8757949237263,534.6665600501434,0.5453536719625748,0.2028509974814181,0.3719622841291493,4.9297268064536075,110.06811571121216,215.87901836633682,550.8003913760185,0.13072222768552513,0.25638838285788224,0.6541572344133236,154,259,588,0.1828978622327791,0.30760095011876487,0.6983372921615202,0,True,0.871544618258675,-0.47627065398717794,-0.1165171340832154,0.31555348678792444,0.3459905474568322,0.7051590912414883,0.2004831551820297,0.1743447507112028,0.9355560011223432,200,4.442125821476794,84.95534975527882,1:4=96;1:3=59;1:5=46;1:2=42;1:1=28,0.07128561773241579,0.026175720617175102,535
1085,1691509941.570425,1426,857,857,857,0.9999999999999998,1.0,1.0,1.0,1.0000000000000002,104.13869621743632,192.7426962895256,560.1186074930381,0.5402990526863125,0.18592257929715483,0.3441105039380811,5.378582869172271,103.18532854318619,202.00255197286606,572.3236000537872,0.12040295045879368,0.2357089287898087,0.6678221704244892,143,240,608,0.16686114352392065,0.28004667444574094,0.7094515752625438,0,True,0.8400261870479996,-0.5345467406235922,-0.09282126460188495,0.31367101597631786,0.33097400757872913,0.7230047929388751,0.19733350265821678,0.16444310563356954,0.9438659409702044,213,4.49314769187391,89.40241469929305,1:4=96;1:5=52;1:3=52;1:2=39;1:1=24,0.06993965753746942,0.02316632680594921,569
1086,1691509941.6701949,1426,856,856,856,0.9999999999999998,1.0,1.0,1.0,1.0000000000000002,103.20816028699896,202.38127041480874,550.4105692981923,0.5099689317863229,0.1875112253360174,0.36769146833945693,5.333014054001377,101.25295186042786,214.59893709421158,565.2356594204903,0.1182861587154531,0.2506996928670696,0.660322032033283,141,252,601,0.1647196261682243,0.29439252336448596,0.7021028037383178,0,True,0.8797253321842949,-0.4681526118418138,-0.08316532894734363,0.303815201666845,0.3478207933834913,0.715999909738641,0.19355029995509346,0.1737723488563136,0.9412759732056424,199,4.376715349487736,79.57622358003762,1:4=118;1:3=53;1:2=43;1:5=42;0:4=28,0.07176496423266723,0.024733182042837143,570
1087,1691509941.7701998,1418,856,856,856,0.9999999999999998,1.0,1.0,1.0,1.0000000000000002,118.4870959146878,191.07143458250513,546.4414695028071,0.6201193609792298,0.21683401155936452,0.34966496001183084,4.611822623252171,119.07240748405457,201.6216857433319,564.11310338974,0.13910327977109177,0.2355393525038924,0.6590106348010981,164,240,606,0.19158878504672897,0.2803738317757009,0.7079439252336449,0,True,0.8698243755528341,-0.4812297608984593,-0.10873579410540729,0.31991371602783447,0.33967746901931684,0.7096495496958454,0.19615653470078914,0.17404812999301866,0.9311678540885928,213,4.515450613661653,91.41875128062962,1:4=102;1:3=53;1:5=43;1:2=41;0:4=27,0.07104264678794123,0.02333700191229582,562
1088,1691509941.8702824,1419,847,847,847,0.9999999999999997,1.0,1.0,1.0,1.0000000000000002,106.63984626420252,192.81253051462573,547.5476232211713,0.553075290177333,0.19475903417651658,0.35213837543541454,5.134550005488664,111.48506498336792,205.82976800203323,560.1552103161812,0.13162345334518055,0.2430103518323887,0.6613402719199306,154,251,596,0.18181818181818182,0.29634002361275086,0.7036599763872491,0,True,0.9300975088015033,-0.3454191086512663,-0.1249170264607774,0.3010035765175603,0.34638324851034635,0.7186976478189246,0.19966142353186297,0.16986825027266936,0.9415948610377224,199,4.46961914830767,87.3234593923002,1:4=97;1:3=56;1:5=44;1:2=37;1:1=25,0.07266587253624311,0.02431138977408409,572
1089,1691509941.9707139,1437,892,892,892,0.9999999999999997,1.0,1.0,1.0,1.0000000000000002,130.29294978409422,195.27614676531712,566.4309034505887,0.6672240923551216,0.23002443720915383,0.3447483983937532,4.347364185009318,135.8781259059906,208.91754668951035,582.5350017547607,0.15232973756276974,0.23421249628868873,0.6530661454649784,185,257,625,0.20739910313901344,0.2881165919282511,0.7006726457399103,0,True,0.9619312939661708,-0.22931770398827572,-0.14866598913710508,0.31298379399996107,0.34801614982499335,0.7109591712649689,0.19867623967222017,0.17547398307136325,0.9253610354712705,216,4.573571401166532,96.88952395827789,1:4=101;1:3=60;1:5=50;1:2=30;0:4=26,0.07099328384707215,0.024546674452722073,545
1090,1691509942.071004,1453,913,913,913,0.9999999999999998,1.0,1.0,1.0,1.0000000000000002,127.71097530267511,198.72828012171328,586.560744575612,0.6426411742931462,0.21772847310993587,0.3388025570403574,4.592876557284623,133.90566873550415,214.08990544080734,605.7765180468559,0.14666557364239227,0.23449058646309676,0.6635011150567973,179,265,653,0.19605695509309967,0.2902519167579409,0.7152245345016429,0,True,0.9639830719477507,-0.2204259067184475,-0.14882559136629744,0.30378372656753266,0.3452951633488594,0.7140859471467559,0.18996571478622123,0.16453851409781592,0.9394931892297452,211,4.543375545459188,94.00759204635814,1:4=94;1:3=68;1:5=49;1:2=40;1:1=26,0.07443674354256194,0.025889672338962555,540
1091,1691509942.1709082,1476,930,930,930,0.9999999999999998,1.0,1.0,1.0,1.0000000000000002,135.10562424853694,203.54693040179947,591.3474453496636,0.6637566284190082,0.22847080056065688,0.3442086915272665,4.3769269313454755,135.72907143831253,218.09842652082443,612.9459890723228,0.1459452381057124,0.23451443711916606,0.659081708679917,181,271,667,0.19462365591397848,0.2913978494623656,0.7172043010752688,0,True,0.9832779796742755,0.0727433013918424,-0.1669515701941444,0.30714732685482465,0.3501031013117198,0.7166724053625719,0.19975954037271304,0.17334608346388614,0.9196018441207474,229,4.663599195160463,106.01697206971683,1:4=86;1:3=61;1:2=51;1:5=48;0:3=26,0.07240102129765831,0.0259137824177742,546
1092,1691509942.2707932,1453,886,886,886,0.9999999999999998,1.0,1.0,1.0,1.0000000000000002,120.05594070504547,191.91296068947906,574.0310986054754,0.625574949569454,0.2091453598885214,0.3343250237760698,4.781363547979356,115.9677084684372,204.6298704147339,603.360962331295,0.1308890614767914,0.23095922168705857,0.6809943141436738,152,261,662,0.17155756207674944,0.2945823927765237,0.7471783295711061,0,True,0.9753693402375602,0.11980629848928892,-0.1852055640817577,0.3041386497614541,0.3479530312036586,0.7233861547392317,0.20225222367015164,0.18608606639011993,0.9165061428620229,221,4.676882602319654,107.43463351727465,1:4=90;1:3=61;1:5=48;1:2=28;1:1=24,0.0677388019042017,0.02834328543394804,567
1093,1691509942.3701942,1427,867,867,867,0.9999999999999998,1.0,1.0,1.0,1.0000000000000002,126.45196940978255,185.4738015932803,555.0742289969371,0.681778064198388,0.22781091753852675,0.33414233971634044,4.38960525160469,130.18709522485733,199.48715418577194,576.3814028501511,0.1501581259802276,0.23008898983364698,0.664799772606864,171,255,627,0.1972318339100346,0.29411764705882354,0.7231833910034602,0,True,0.9737218421910345,0.1208096487319004,-0.19305647570950046,0.3137556310251906,0.34112648108393984,0.7144528329682208,0.20054780266583505,0.16957410777791432,0.9234690089769305,213,4.644563146167382,104.01791523358352,1:4=95;1:3=47;1:5=36;1:2=32;1:1=27,0.06946990089192709,0.0257913526147604,560
1094,1691509942.4704804,1449,880,880,880,0.9999999999999998,1.0,1.0,1.0,1.0000000000000002,125.0779198214877,186.90338347932683,568.0186966991855,0.6692116402233158,0.22020035704516105,0.329044421540068,4.541318703651826,125.3805490732193,199.24259370565414,597.3912045955658,0.14247789667411284,0.2264120383018797,0.6788536415858702,168,257,658,0.19090909090909092,0.29204545454545455,0.7477272727272727,0,True,0.9621076984303693,0.21289182467654022,-0.1703697379434245,0.30880603499600184,0.3428543856002426,0.7285962074864255,0.2039130842816388,0.18665820891781004,0.9029903470441663,227,4.767224805127307,117.59244675491928,1:4=94;1:3=39;1:2=37;1:5=31;1:0=20,0.061404568414955875,0.023659137077629566,569
1095,1691509942.570227,1474,912,912,912,0.9999999999999997,1.0,1.0,1.0,1.0000000000000002,121.46769572448844,199.61952080215073,590.9127834733602,0.6084960791228375,0.2055594313098229,0.3378155395941778,4.864773139466327,120.16589611768723,217.77522176504135,616.8540390729904,0.131760851006236,0.238788620356405,0.6763750428431913,162,277,672,0.17763157894736842,0.30372807017543857,0.7368421052631579,0,True,0.9637712730485719,0.20862395240208834,-0.16619560683263032,0.29775805804213584,0.3474877563258976,0.7258648685785177,0.19170660599240796,0.17523701957078733,0.9306665632745311,222,4.640873392418051,103.63482193544766,1:4=107;1:3=62;1:5=36;0:4=30;1:2=26,0.06835189878162364,0.025538161396980286,562
1096,1691509942.671073,1473,899,899,899,0.9999999999999997,1.0,1.0,1.0,1.0000000000000002,132.66365080316586,205.66870925918042,560.6676399376538,0.6450356560364525,0.2366172779615354,0.366828214451704,4.226234062935,133.48580139875412,222.19381266832352,582.6462571024895,0.14848253770717923,0.2471566325565334,0.6481048466101107,177,275,636,0.19688542825361513,0.30589543937708563,0.7074527252502781,0,True,0.971523405808325,0.13541932125339723,-0.1944321974310368,0.31249541831397204,0.3538964642738684,0.6998910637209872,0.20319062961420958,0.1744927348348594,0.9135422524075751,216,4.6400909378833735,103.5537641152388,1:4=91;1:3=55;1:5=53;1:2=34;0:4=24,0.06365157178502949,0.022264624014496803,574
1097,1691509942.7708414,1489,932,932,932,0.9999999999999997,1.0,1.0,1.0,1.0000000000000002,148.72576846839738,207.10467305453545,576.1695584770671,0.7181188443258083,0.2581284732596941,0.35945091164127985,3.87403988165976,158.7812430858612,230.52903497219086,597.8804081082344,0.17036614065006567,0.24734874997016187,0.6415025838071184,216,301,657,0.2317596566523605,0.3229613733905579,0.7049356223175965,0,True,0.9124107680676219,0.37025660163011426,-0.17440366757488512,0.3297298235422206,0.3407301582544305,0.7026929724413001,0.21151817636240017,0.16937714854433472,0.9017856970633129,232,4.751900113382302,115.80411655975432,1:4=98;1:3=55;1:5=37;1:2=25;0:4=24,0.061822042623306976,0.02277645841240883,557
1098,1691509942.8713472,1494,960,960,960,0.9999999999999998,1.0,1.0,1.0,1.0000000000000002,143.42339854064423,213.04690476791635,603.5296966914395,0.6732010432016517,0.23764099650256454,0.3530015274075878,4.208028137894163,147.33803963661194,231.84825789928436,628.413592338562,0.15347712462147076,0.24150860197842122,0.6545974920193355,199,298,689,0.20729166666666668,0.3104166666666667,0.7177083333333333,0,True,0.9706964403914472,0.14208183582167155,-0.19380704977094518,0.32038139264554677,0.3521336630537088,0.7079016148299002,0.21353380037174502,0.17878780174910452,0.8938123173790862,241,4.779067129141643,118.99329287660531,1:4=89;1:3=64;1:5=52;1:2=24;1:1=24,0.06199513795733474,0.026421386748552322,534
1099,1691509942.9713235,1500,896,896,896,0.9999999999999997,1.0,1.0,1.0,1.0000000000000002,132.06477575427914,202.91102086571473,561.0242033800063,0.6508506792328387,0.23539942654635504,0.3616796203144808,4.248098708953648,132.35274076461792,220.6288297176361,581.8603644967079,0.14771511246051108,0.24623753316700459,0.649397728232933,176,283,635,0.19642857142857142,0.3158482142857143,0.7087053571428571,0,True,0.9702636117800298,0.14918377997394947,-0.19061144626767798,0.3159643302131981,0.3564835426700283,0.7046817208416941,0.21287942501373092,0.1895277872414476,0.9012884953695015,232,4.706437442430845,110.65723408353837,1:4=88;1:3=54;1:2=42;1:5=41;1:1=28,0.0631968153144807,0.024189193733036518,604
1100,1691509943.0709376,1527,927,927,927,0.9999999999999998,1.0,1.0,1.0,1.0000000000000002,140.7295014967333,226.7886676307707,559.4818308724957,0.6205314532111088,0.2515354274816569,0.4053548392752993,3.97558312167746,144.45524209737778,250.5816393494606,582.2041927576065,0.15583089762392424,0.27031460555497366,0.6280519878722832,194,323,638,0.209277238403452,0.3484358144552319,0.6882416396979504,0,True,0.9428083961555264,0.27174855714521806,-0.19304157538762465,0.32754313540373836,0.36565879934091083,0.6841989939674139,0.21613870910788444,0.19295553560923687,0.8796657990245034,227,4.7317607312985785,113.49522111241298,1:4=86;1:3=58;1:5=40;1:2=40;1:1=19,0.05932424200924786,0.02222036011517048,600
1101,1691509943.1705313,1528,978,978,978,0.9999999999999998,1.0,1.0,1.0,1.0000000000000002,154.1798160850396,235.82033792893336,587.999845986027,0.653802031831127,0.26221064025364293,0.4010551015255492,3.813727768761309,162.6515046954155,265.9371827840805,611.6659498214722,0.16631033199940234,0.27191940979967333,0.6254253065659224,220,352,674,0.2249488752556237,0.35991820040899797,0.689161554192229,0,True,0.8978195927077728,0.39945898954032544,-0.1853442597586209,0.33640140514407146,0.36354712540148043,0.6857991091956227,0.22137513352528113,0.2055992009279463,0.8608387112609643,225,4.786698674287857,119.90486950818136,1:4=85;1:3=52;1:5=49;1:2=34;1:1=30,0.05931113330107697,0.02537804190069437,550
1102,1691509943.2700992,1533,982,982,982,0.9999999999999998,1.0,1.0,1.0,1.0000000000000002,164.15484239209113,236.5223746586233,581.3227829492857,0.6940351526109043,0.282381573898183,0.40686926711980836,3.541307551322613,169.20710057020187,261.62566685676575,610.4673953056335,0.1723086563851343,0.2664212493449753,0.6216572253621523,224,341,680,0.22810590631364563,0.34725050916496947,0.6924643584521385,0,True,0.9375923863044844,0.2986819197705761,-0.17807197406112296,0.3399771965708216,0.3680976828682049,0.6822683210393473,0.22927135725585845,0.2019400776140045,0.8477944089453924,233,4.801487988872861,121.69135825345414,1:4=87;1:5=52;1:3=51;1:2=32;1:1=30,0.0610405050130876,0.028224955312907696,551
1103,1691509943.369439,1536,959,959,959,0.9999999999999997,1.0,1.0,1.0,1.0000000000000002,155.18569218561538,228.44602431707048,575.3682834973142,0.6793101024609043,0.269715409480578,0.3970431302338841,3.707611670856386,164.103706240654,255.68020486831665,596.9617738723755,0.17111961026137018,0.2666112668074209,0.6224836015353238,216,336,655,0.22523461939520334,0.35036496350364965,0.6830031282586028,0,True,0.9178013612292079,0.3500653251752655,-0.18733640712832228,0.33982384508460556,0.3596320957565819,0.6842774352681161,0.23211052022030773,0.18836100207261744,0.8813828410743475,224,4.769517195183111,117.86232372395322,1:4=82;1:3=59;1:1=37;1:5=36;1:2=30,0.05838213708035087,0.025679700076580048,577
1104,1691509943.4694474,1541,946,946,946,0.9999999999999998,1.0,1.0,1.0,1.0000000000000002,145.26517400219933,223.87974384591155,576.8550821518891,0.6488535832084039,0.25182264748419125,0.3881039636692718,3.9710487122202833,153.11017227172852,252.36462599039078,602.4722086787224,0.16185007639717602,0.2667702177488275,0.6368627998717996,204,333,663,0.2156448202959831,0.35200845665961944,0.7008456659619451,0,True,0.9020182725518661,0.3890036978854643,-0.18718749694886666,0.3337263071498229,0.3546364575628183,0.6905487960061164,0.22178255855350318,0.17186229997765082,0.8724155326814427,219,4.706725589009968,110.68912418128544,1:4=80;1:5=54;1:3=50;1:1=36;0:4=31,0.05683726812910882,0.025978666730225086,595
1105,1691509943.5702472,1563,955,955,955,0.9999999999999998,1.0,1.0,1.0,1.0000000000000002,147.03359509269742,231.0557734000622,576.9106315072406,0.636355425917515,0.25486372942817237,0.4005053136157403,3.92366541227212,150.8961699604988,252.8977221250534,604.144614636898,0.1580064606916218,0.2648143687173334,0.6326121619234535,200,321,664,0.2094240837696335,0.33612565445026177,0.6952879581151833,0,True,0.9628245629643676,0.19579908267847307,-0.18609562105203725,0.3232351194916098,0.3714541936782414,0.6879814611321176,0.216155248925774,0.21025986424467788,0.8768703638689676,225,4.751598883621002,115.76923816683419,1:4=92;1:3=51;1:5=44;1:2=35;0:4=22,0.06015895770716181,0.023839769884943962,608
1106,1691509943.67053,1538,952,952,952,0.9999999999999998,1.0,1.0,1.0,1.0000000000000002,165.4364935585695,231.8256638523027,554.7378425891277,0.7136245867237975,0.2982246402849098,0.41790129689062294,3.353176984452549,176.7797280550003,262.7331784963608,579.133306980133,0.18569299165441208,0.275980229512984,0.6083333056514003,235,351,640,0.24684873949579833,0.36869747899159666,0.6722689075630253,0,True,0.8868751217236913,0.4222480738016127,-0.18750755355029136,0.35409517229510123,0.3655728996450333,0.670977209520988,0.23988160390255955,0.20039018412033877,0.848329235463516,231,4.836429876657007,126.01864556235185,1:4=80;1:3=50;1:5=39;1:2=31;1:1=27,0.06159659271299503,0.025919717736542225,586
1107,1691509943.7706165,1564,993,993,993,0.9999999999999998,1.0,1.0,1.0,1.0000000000000002,168.90890524371224,238.4094713619595,585.6816233943284,0.7084823613709135,0.28839714018137985,0.40706326071877263,3.4674407637020126,182.7147991657257,266.103010058403,610.0981082320213,0.1840028188980118,0.2679788620930544,0.6143989005357717,247,355,674,0.24874118831822759,0.35750251762336355,0.6787512588116817,0,True,0.863844667096611,0.46128033495353693,-0.2024668953530387,0.3540685887752833,0.35896434410845995,0.6754106155297364,0.23526578806396853,0.18773519946167536,0.8508104377269136,232,4.804466194436598,122.05432035325524,1:4=87;1:3=57;1:5=47;1:2=29;0:4=29,0.05512707113497359,0.02670813351869583,571
1108,1691509943.8705986,1576,1008,1008,1008,0.9999999999999997,1.0,1.0,1.0,1.0000000000000002,174.2383300405594,238.83809923150633,594.9235707279341,0.7295248563826066,0.2928751500421568,0.4014601387187766,3.4144242004009517,184.19386214017868,265.9572013616562,613.9544920325279,0.1827320060914471,0.26384642992227797,0.609081837333857,242,342,676,0.2400793650793651,0.3392857142857143,0.6706349206349206,0,True,0.9443007478984122,0.251331364285163,-0.2124350320569999,0.34626461917509505,0.36473969863898964,0.6758176109258008,0.23589100514361244,0.19202726790525396,0.84460421676898,228,4.755642922209006,116.23836137010673,1:4=97;1:3=63;1:5=42;1:2=34;0:4=27,0.05523252273382773,0.025957584381103516,568
1109,1691509943.971035,1553,967,967,967,0.9999999999999998,1.0,1.0,1.0,1.0000000000000002,163.85350796846518,243.76564371288882,559.3808483186459,0.6721763800376009,0.29291940984566495,0.43577760026212065,3.4139082846264293,178.30719995498657,277.456217110157,584.0652537941933,0.18439214059460865,0.2869247333093661,0.6039971600767252,242,368,652,0.250258531540848,0.38055842812823165,0.6742502585315409,0,True,0.9040328093207658,0.3840240695962924,-0.18775034924682837,0.3545263784316071,0.372748948654572,0.6726696826914089,0.25109684974379115,0.2092980177328951,0.8164702310344302,233,4.837824715115673,126.19454386202916,1:4=89;1:3=41;1:5=40;1:2=38;0:5=19,0.05459297779321868,0.02645977959036827,586
1110,1691509944.071218,1564,1000,1000,1000,0.9999999999999998,1.0,1.0,1.0,1.0000000000000002,169.57272068881,241.15415323029995,589.2731260808896,0.7031714710999385,0.2877659156401657,0.40924003243480117,3.4750467155757288,182.40119987726212,268.95536184310913,615.8266434669495,0.1824011998772621,0.26895536184310914,0.6158266434669495,244,350,684,0.244,0.35,0.684,0,True,0.93518762407481,0.28288125884039966,-0.21307815743098305,0.34681184975341145,0.3688757452702833,0.675877125911971,0.24041161346573087,0.20996960594349295,0.8377731674513574,237,4.82400667832275,124.46277538709595,1:4=86;1:3=62;1:2=36;1:5=35;0:5=24,0.055774490619635665,0.026938498951494694,564
1111,1691509944.1713731,1546,980,980,980,0.9999999999999998,1.0,1.0,1.0,1.0000000000000002,159.69029856532546,240.73908976565528,579.5706116690192,0.6633334815744887,0.2755320841846296,0.4153749084557386,3.629341399420897,161.92653906345367,270.10078543424606,614.0145515799522,0.1652311623096466,0.2756130463614756,0.6265454607958696,218,358,688,0.22244897959183674,0.3653061224489796,0.7020408163265306,0,True,0.9276328131810561,0.30105197473224127,-0.22105445577870073,0.348601028076825,0.370131814731965,0.6764270334641852,0.24506297508537983,0.20875760470971647,0.833235390245602,227,4.846475557488379,127.29096863043773,1:4=77;1:3=54;1:5=43;1:2=27;0:4=19,0.05315152020971066,0.025834965519607067,566
1112,1691509944.2711923,1545,983,983,983,0.9999999999999998,1.0,1.0,1.0,1.0000000000000002,172.2006146916553,257.4623650981506,553.3370202101943,0.6688380052207181,0.31120385660486266,0.46529033065662084,3.2133277874821,180.05051845312119,280.6550838947296,576.9518797397614,0.18316431175292083,0.2855087323445876,0.5869296843741214,242,359,642,0.2461851475076297,0.3652085452695829,0.6531027466937945,0,True,0.9314762493338062,0.28836732106962293,-0.22180235586249744,0.35726929546484926,0.3861352279329069,0.6511062601915028,0.24249311117661076,0.2205374167658633,0.8009279205324968,230,4.828907109096247,125.07419348422673,1:4=95;1:3=47;1:5=45;1:2=27;0:4=17,0.05418204137829671,0.026756636798381805,562
1113,1691509944.3713102,1567,971,971,971,0.9999999999999997,1.0,1.0,1.0,1.0000000000000002,169.47824733731886,238.8809243190488,562.6408283436322,0.7094674797513932,0.3012192482302586,0.4245709025814824,3.3198409659251857,178.61898177862167,265.9925609230995,589.2466877102852,0.18395363725913663,0.27393672597641555,0.6068451984657932,240,352,654,0.24716786817713698,0.36251287332646753,0.6735324407826982,0,True,0.9004585181371044,0.39604601451301497,-0.17978323476533253,0.35263732210239074,0.3657434205164415,0.6716832693287287,0.23957228918937018,0.19532998978925878,0.8382129242756615,221,4.7774861780172095,118.80531892439953,1:4=87;1:3=57;1:5=55;0:4=21;1:2=19,0.05656275777661865,0.027550499886274338,596
1114,1691509944.4724214,1558,976,976,976,0.9999999999999998,1.0,1.0,1.0,1.0000000000000002,169.73879562742403,256.4933405031154,549.7678638694606,0.6617668719760089,0.3087463032719708,0.466548442278573,3.2389051768471298,176.28978198766708,289.2803561091423,573.8761090040207,0.1806247766267081,0.29639380748887534,0.5879878166024802,230,381,638,0.23565573770491804,0.39036885245901637,0.6536885245901639,0,True,0.85420153510255,0.46736840463390456,-0.22783000631700284,0.3685054983953099,0.37430401060588026,0.6461521272650032,0.25679920192138417,0.20198848349568696,0.819010378241031,225,4.824193782323247,124.4860650490104,1:4=80;1:3=63;1:5=36;1:2=26;1:1=22,0.05220215476372334,0.025789549574255943,582
1115,1691509944.5733936,1589,970,970,970,0.9999999999999998,1.0,1.0,1.0,1.0000000000000002,185.2859836524939,257.5773569334659,527.1366594140399,0.7193411170080242,0.3514951585011296,0.4886348773765545,2.8449893997523903,201.93077647686005,287.03770840168,545.2698338627815,0.20817605822356705,0.295915163300701,0.5621338493430738,268,377,605,0.27628865979381445,0.388659793814433,0.6237113402061856,0,True,0.8206196059585107,0.5274947739216952,-0.21984705092813545,0.38049598527652856,0.3745619462584241,0.6328377598475651,0.2635740820609953,0.1943712476084971,0.7680689482112093,224,4.857636936832487,128.71966972400057,1:4=70;1:3=49;1:5=43;1:2=29;0:4=25,0.0510288034288929,0.0256617721170187,619
1116,1691509944.672877,1551,1002,1002,1002,0.9999999999999997,1.0,1.0,1.0,1.0000000000000002,174.3465893993383,272.06565042217034,555.5877601784917,0.6408254372751607,0.3138056701309017,0.48968978426516224,3.1866855674814842,188.93570202589035,307.6578693985939,574.1776482462883,0.188558584856178,0.30704378183492403,0.573031585076136,255,402,636,0.25449101796407186,0.40119760479041916,0.6347305389221557,0,True,0.8917459049077917,0.3950854067039453,-0.22067342950559782,0.361834161249315,0.38501290481806344,0.6406528283750947,0.2518260635438052,0.2192707010587723,0.7885633453211999,212,4.801678794749387,121.71457989507375,1:4=85;1:3=47;1:5=37;1:1=31;1:2=26,0.051030734073793195,0.025484219193458557,549
1117,1691509944.7725568,1553,991,991,991,0.9999999999999998,1.0,1.0,1.0,1.0000000000000002,172.17009616368236,276.17376599883136,542.6561378374863,0.6234122040556557,0.3172729177076839,0.5089295904758372,3.151860572358526,181.9908362030983,299.06047534942627,562.6630574464798,0.18364362886286406,0.3017764635211163,0.5677730145776789,241,386,625,0.24318869828456105,0.3895055499495459,0.6306760847628657,0,True,0.881666533723046,0.41895779636017844,-0.21711399812497595,0.36812256939775423,0.3931457985981258,0.6325510312243878,0.24860753660466312,0.23930640070757092,0.7610687381850819,216,4.794375782069856,120.82893465028867,1:4=70;1:5=59;1:3=52;1:2=37;1:1=22,0.045438217082425354,0.023704178631305695,562
1118,1691509944.8722663,1511,935,935,935,0.9999999999999997,1.0,1.0,1.0,1.0000000000000002,168.08411202543473,270.5079609014533,496.407927073112,0.6213647519477926,0.33860078145101613,0.5449307840356311,2.9533304551592288,178.13273298740387,307.3731745481491,517.4467784166336,0.19051629196513784,0.32874136315310065,0.5534190143493407,238,404,581,0.2545454545454545,0.4320855614973262,0.6213903743315508,0,True,0.8800886581026881,0.43152133638909207,-0.19807395113942294,0.3681395464929268,0.4022187792028118,0.625865888208159,0.2554247636326709,0.27442869283964144,0.7396994320956322,220,4.8472616700851905,127.39107300583856,1:4=76;1:3=46;1:5=43;1:2=26;0:5=15,0.047305949533115094,0.02437218837440014,576
1119,1691509944.9720206,1472,919,919,919,0.9999999999999997,1.0,1.0,1.0,1.0000000000000002,158.66980248394222,240.14450373570565,520.1856937803518,0.6607263544060473,0.3050253099635233,0.4616514960080901,3.278416470159758,173.03195303678513,263.27339977025986,545.059442281723,0.1882828651107564,0.286478128150446,0.5931005900780446,234,344,609,0.2546245919477693,0.37431991294885747,0.6626768226332971,0,True,0.8666623136177277,0.460052723018525,-0.19299721810950476,0.36147553716450265,0.37533205820242765,0.6563402797008181,0.24051505992742878,0.22149250611631568,0.8125111670486643,214,4.796071523601885,121.03400311546247,1:4=93;1:3=44;1:5=41;0:4=26;1:2=22,0.044736072098502645,0.020473333075642586,553
1120,1691509945.0712888,1456,901,901,901,0.9999999999999998,1.0,1.0,1.0,1.0000000000000002,155.08262006053403,228.27324282976207,517.6441371097042,0.6793727470555497,0.29959311608636535,0.4409848899368181,3.3378604056834353,162.37208122015,249.6135015487671,541.412277162075,0.18021318670382908,0.2770405122627826,0.6009015284817703,213,328,604,0.23640399556048836,0.36403995560488345,0.6703662597114317,0,True,0.8891339914447283,0.39986348359319873,-0.22259815755364537,0.3580006490636915,0.3736737122974146,0.6592131715950214,0.23652663650973518,0.2231650368217528,0.8237730803552112,222,4.804916515046802,122.10929630674816,1:4=77;1:5=53;1:3=42;1:2=28;0:4=17,0.044332595517163,0.021507008001208305,555
1121,1691509945.1702762,1415,901,901,901,0.9999999999999998,1.0,1.0,1.0,1.0000000000000002,156.96719079645234,241.42555442906573,502.60725477448216,0.6501680866702598,0.312305859705274,0.4803463382903066,3.2019892324265364,169.5548157095909,268.32492184638977,520.8328258395195,0.18818514507168801,0.29780790438001087,0.5780608499883679,229,351,577,0.2541620421753607,0.3895671476137625,0.6403995560488346,0,True,0.8713963177657039,0.441917010803437,-0.21302068666429552,0.3667537120142157,0.37978063832170245,0.6464857841410914,0.26037436218386173,0.21996790180173126,0.7980760311042918,214,4.8147730560806625,123.31882267731368,1:4=78;1:5=49;1:3=37;1:2=22;0:4=19,0.04306532923702516,0.02273022197186947,514
1122,1691509945.2692697,1388,845,845,845,0.9999999999999998,1.0,1.0,1.0,1.0000000000000002,153.3117596490778,225.66573024126617,466.02251010965597,0.679375461596085,0.32897930104922024,0.4842378326063404,3.0397049200684663,163.95256406068802,247.97848117351532,487.2794450521469,0.1940267030304,0.2934656581935092,0.5766620651504697,219,324,546,0.2591715976331361,0.3834319526627219,0.6461538461538462,0,True,0.7676857681257768,0.6087585673042926,-0.20017884041716594,0.3820467155071647,0.37617997742479037,0.6449735604106641,0.2714130932272122,0.24725453297483185,0.780239970944435,215,4.805494502521769,122.17989435101772,1:4=82;1:5=50;1:3=33;1:2=20;10:6=14,0.04365301118697905,0.02138252556324005,543
1123,1691509945.3689337,1402,881,881,881,0.9999999999999997,1.0,1.0,1.0,1.0000000000000002,171.46254474354734,232.3617484018547,477.1757068545977,0.737912095785292,0.3593279001434883,0.48695217519247824,2.782973433459177,186.10535365343094,255.33811211585999,499.3140707015991,0.21124330721161286,0.28982759604524405,0.5667583095364349,243,334,559,0.2758229284903519,0.37911464245175935,0.6345062429057888,0,True,0.8547135577180442,0.4794837461630498,-0.19889713778335616,0.3764002684242826,0.3858185540506726,0.6388901297258287,0.26033321599779813,0.24054058135061865,0.7538075874360124,225,4.847856814888803,127.46691170623032,1:4=67;1:5=53;1:3=49;1:2=21;0:4=18,0.042416578374146335,0.020188843831419945,521
1124,1691509945.4701784,1402,893,893,893,0.9999999999999998,1.0,1.0,1.0,1.0000000000000002,151.9913414955894,243.77927281682668,497.2293856875841,0.6234793456365513,0.30567650639837207,0.4902752730105064,3.2714323118334545,163.88387769460678,267.5137588381767,516.9948501586914,0.18352057972520355,0.2995674791021016,0.578941601521491,220,347,574,0.24636058230683092,0.3885778275475924,0.6427771556550952,0,True,0.8290838839826963,0.5253511003370914,-0.19137955662707046,0.3719920963836842,0.3795691903049072,0.6441045931691461,0.26061691347749777,0.21911851434794125,0.7910057762932682,210,4.7742837088205174,118.42545712264963,1:4=69;1:5=60;1:3=43;1:2=25;0:4=17,0.04520287017225642,0.019895333796739578,509
1125,1691509945.5713596,1399,882,882,882,0.9999999999999998,1.0,1.0,1.0,1.0000000000000002,159.38962624246096,228.53547701939863,494.07489673813996,0.6974393136735247,0.3226021546424318,0.46255229425372446,3.099793307668349,168.28222179412842,254.41978746652603,513.5694587230682,0.19079616983461273,0.2884578089189638,0.5822782978719595,218,336,571,0.2471655328798186,0.38095238095238093,0.6473922902494331,0,True,0.8210626029415081,0.5385908129405582,-0.18914581218452636,0.37557558382888495,0.3735516226643859,0.6539024270297836,0.2777711163617031,0.22603948665050477,0.7843753930282205,221,4.774896371856875,118.49803425318483,1:4=75;1:5=56;1:3=41;1:1=25;1:2=23,0.04709425270002718,0.019501504488289356,517
1126,1691509945.6715295,1402,890,890,890,0.9999999999999998,1.0,1.0,1.0,1.0000000000000002,150.76144828694243,236.56603332584658,502.6725183872111,0.637291187443141,0.2999198141379397,0.47061660359880386,3.3342245255596152,160.43185710906982,264.1885817050934,523.6734955906868,0.18026051360569642,0.2968411030394308,0.5883971860569515,216,345,583,0.24269662921348314,0.38764044943820225,0.6550561797752809,0,True,0.7511213527045899,0.6294778745933982,-0.19893295078645273,0.37969439936829374,0.3681131015812773,0.6545119721078634,0.27076406243406315,0.23642509550865953,0.7933523159787561,212,4.780703634221814,119.18818543273731,1:4=70;1:3=51;1:5=47;1:2=25;0:4=19,0.04715929772277139,0.02109362743794918,512
1127,1691509945.7713609,1421,931,931,931,0.9999999999999998,1.0,1.0,1.0,1.0000000000000002,166.80432046947982,263.4550712496491,500.7406082808709,0.633141429687708,0.33311522515049835,0.5261308288020337,3.001964258908338,181.33478718996048,296.32977241277695,519.1505846381187,0.1947742075080134,0.318291914514261,0.5576268363459922,242,386,580,0.25993555316863587,0.4146079484425349,0.6229860365198711,0,True,0.7258322521958175,0.6614946558897382,-0.18865938063521726,0.3915123500003133,0.3772336352131023,0.6275548252650545,0.2822005076813561,0.23050333711247248,0.7525848150933518,219,4.800004850879742,121.51100695258732,1:4=95;1:5=57;1:3=38;1:2=21;0:4=18,0.04460155577605374,0.020889319479465485,490
1128,1691509945.8721576,1408,909,909,909,0.9999999999999998,1.0,1.0,1.0,1.0000000000000002,157.52258526046384,234.96640478781478,516.5110099517213,0.6704047134002574,0.30497430301667255,0.45491073812691285,3.2789647852571084,165.28773599863052,266.9872775673866,543.3956197500229,0.18183469306780037,0.2937153768618115,0.5977949612211473,221,359,611,0.24312431243124313,0.3949394939493949,0.6721672167216721,0,True,0.7765794098332008,0.5978348130038231,-0.19879123869980064,0.37858153752955986,0.3684592465942659,0.6568463904499653,0.2701320816269065,0.22247483605863566,0.8108292967047718,222,4.849561765737832,127.6844218949682,1:4=73;1:5=58;1:3=35;1:2=29;0:5=16,0.0466814726583699,0.021861746907234192,499
1129,1691509945.972441,1458,917,917,917,0.9999999999999998,1.0,1.0,1.0,1.0000000000000002,165.83741341656057,244.70899642763897,506.4535901558008,0.6776923441210674,0.3274483914025446,0.48318148233949515,3.053916361343985,175.53474885225296,276.48884278535843,528.4626588225365,0.19142284498609918,0.30151455047476383,0.5762951568402797,229,363,593,0.24972737186477645,0.39585605234460197,0.6466739367502726,0,True,0.7246325682695013,0.6677935870186723,-0.17017451671705092,0.38471695650682736,0.36900563378682794,0.6489755265373455,0.2757164268155571,0.22047287940158833,0.7789717629099433,226,4.797793649233055,121.24261845382355,1:4=84;1:5=58;1:3=36;0:4=26;1:1=22,0.047520478710557895,0.020080821588635445,541
1130,1691509946.072157,1463,956,956,956,0.9999999999999997,1.0,1.0,1.0,1.0000000000000002,172.73100147706447,251.38316044199797,531.8858380809377,0.6871224037972861,0.3247520221637858,0.4726261585549956,3.0792725887805523,183.31747168302536,276.57542258501053,558.7520220279694,0.19175467749270436,0.28930483533996915,0.5844686422886709,243,365,630,0.25418410041841005,0.3817991631799163,0.6589958158995816,0,True,0.7854791989236372,0.5883653055332968,-0.1919601398806311,0.3815869635787883,0.374300156132984,0.6497957876747346,0.2625527659708979,0.23293312135017163,0.7662902358977508,226,4.855582228847492,128.4554599207429,1:4=81;1:5=60;1:3=38;1:2=29;0:4=22,0.04677049497443966,0.022804577834904194,507
1131,1691509946.1715608,1424,908,908,908,0.9999999999999997,1.0,1.0,1.0,1.0000000000000002,165.4709113403339,239.6465796073479,502.88250905231797,0.6904789194632025,0.32904487303040986,0.47654586368287466,3.039099168421267,174.12957900762558,268.14150881767273,527.0795627236366,0.19177266410531452,0.295310031737525,0.5804840999158993,228,351,593,0.2511013215859031,0.3865638766519824,0.6530837004405287,0,True,0.8187960725001583,0.5307234917426751,-0.2188734039822513,0.3789948891038344,0.37942590900043105,0.6442947351833487,0.28482470744022464,0.22622825842607094,0.7599805413438507,219,4.80409657630323,122.00921519955168,1:4=85;1:5=58;1:3=39;0:4=23;1:2=16,0.046735437839091336,0.019481000490486622,516
1132,1691509946.2707326,1455,899,899,899,0.9999999999999997,1.0,1.0,1.0,1.0000000000000002,167.48810747368438,223.69133304455443,507.82055948176105,0.7487465213519221,0.32981750019063555,0.4404928647883713,3.0319798052619915,173.63358050584793,246.89479076862335,529.2263122200966,0.1931408014525561,0.2746326927348424,0.5886833283872042,222,323,591,0.24694104560622915,0.3592880978865406,0.657397107897664,0,True,0.763065694450509,0.6075539864021949,-0.2204742605375145,0.3835377553592267,0.3679463731348141,0.6534366294539025,0.2789415050514536,0.22644384541873666,0.7835495701987623,219,4.77737971767661,118.79267154291607,1:4=82;1:5=59;1:3=48;1:2=18;1:0=18,0.04605964554726894,0.02059909887611866,556
1133,1691509946.370876,1449,912,912,912,0.9999999999999997,1.0,1.0,1.0,1.0000000000000002,170.1801262342415,230.30171931159418,511.51815445416435,0.7389442282191162,0.33269616093262405,0.45023176070328674,3.005745534294022,179.2222627401352,257.9710078239441,531.7334456443787,0.1965156389694465,0.2828629471753773,0.5830410588205907,231,344,590,0.2532894736842105,0.37719298245614036,0.6469298245614035,0,True,0.7457517054616629,0.6422527929174406,-0.17710376560301833,0.38081586860678346,0.36601711215066796,0.6516724444599987,0.2657200370392548,0.2220137008679013,0.8027348367447406,219,4.791200593396455,120.445888429396,1:4=87;1:5=47;1:3=44;1:2=26;0:4=22,0.04435815870386021,0.021238239482045174,537
1134,1691509946.4711838,1392,890,890,890,0.9999999999999998,1.0,1.0,1.0,1.0000000000000002,171.0860709698477,211.29446816103805,507.61946086911405,0.8097044492402634,0.33703607556125786,0.4162457991647385,2.9670414312020594,185.63645720481873,228.73840582370758,524.1612312197685,0.20858028899417835,0.25700944474573884,0.5889452036177174,238,301,580,0.26741573033707866,0.3382022471910112,0.651685393258427,0,True,0.6320576704872435,0.7502940052363731,-0.1938092022701725,0.3891669463292269,0.35195708576547974,0.6570576816206225,0.27194965228201445,0.1940022065058611,0.8058769615966195,223,4.760444342224711,116.79781257029563,1:4=89;1:5=49;1:3=39;1:2=31;0:4=22,0.043238755099957775,0.019212480634450912,502
1135,1691509946.5716703,1353,894,894,894,0.9999999999999998,1.0,1.0,1.0,1.0000000000000002,149.9765150401783,233.64185094680727,510.3816340130145,0.641907750826384,0.2938517083009965,0.4577787196410941,3.4030770342695633,153.22845727205276,261.47674429416656,532.2618873119354,0.17139648464435434,0.2924795797473899,0.5953712386039546,199,344,593,0.2225950782997763,0.38478747203579416,0.6633109619686801,0,True,0.7111187267958387,0.67251656504066,-0.20501616069514328,0.38309320469196284,0.3596417649031303,0.6573546736926258,0.2732392767567894,0.21156508958282347,0.8140341522903245,207,4.7189439293583835,112.04985759702818,1:4=90;1:5=55;1:3=37;1:2=30;0:4=23,0.042258453524376856,0.02020158525556326,459
1136,1691509946.6706526,1390,890,890,890,0.9999999999999998,1.0,1.0,1.0,1.0000000000000002,170.4282264318532,212.17855134753174,507.3932222206152,0.8032302292077826,0.33588983645853826,0.4181737990486523,2.9771665929029636,183.46651202440262,237.2222547531128,526.1896114349365,0.2061421483420254,0.26654185927316043,0.5912242825111647,239,314,586,0.26853932584269663,0.35280898876404493,0.6584269662921348,0,True,0.7838022723839841,0.5785172771105589,-0.22576925807179182,0.3817651731428371,0.3603163392664754,0.6536497827098062,0.26861527461377144,0.19857072047463759,0.8100024392584955,219,4.766225297168625,117.47497088731924,1:4=85;1:5=53;1:3=44;0:4=24;1:2=20,0.04491698904684524,0.02045932225883007,500
1137,1691509946.7692707,1388,903,903,903,0.9999999999999998,1.0,1.0,1.0,1.0000000000000002,158.9478377795249,229.52775051341783,514.5244117070572,0.6924994360114772,0.3089218590274028,0.44609691064395735,3.237064554604067,170.41341030597687,255.6719632744789,530.9322252869606,0.18871916977406075,0.28313617195401874,0.5879648120564348,222,336,587,0.24584717607973422,0.37209302325581395,0.6500553709856035,0,True,0.7237844473772368,0.6624924248938154,-0.19297632158671751,0.3817559359512809,0.3596524863912881,0.6587237945379538,0.2780866707207621,0.20472756902537664,0.8116895317294612,220,4.802340602416241,121.79515819794455,1:4=86;1:5=51;1:3=34;1:2=24;0:5=21,0.041690575002777064,0.020088914781808853,485
1138,1691509946.8694847,1398,925,925,925,0.9999999999999998,1.0,1.0,1.0,1.0000000000000002,171.12377961426316,233.4349003326344,520.4413200531027,0.7330685316138218,0.3288051371416911,0.4485326036541759,3.0413150131808093,176.19495463371277,260.0477893948555,543.0309811830521,0.19048103203644623,0.28113274529173565,0.5870605201978941,224,342,603,0.24216216216216216,0.36972972972972973,0.6518918918918919,0,True,0.7188569457948034,0.6618257412989375,-0.21267670214830503,0.3913345289580267,0.3644741396637981,0.6477067548969229,0.2917853804169338,0.22025777268333832,0.7827297332342071,212,4.728785642225127,113.15806450434819,1:4=89;1:5=58;1:3=42;0:4=27;1:2=26,0.041776712983005185,0.019333038479089737,473
1139,1691509946.9688666,1436,938,938,938,0.9999999999999998,1.0,1.0,1.0,1.0000000000000002,161.0780950622276,242.95731868583115,533.9645862519412,0.662989268788063,0.30166437851784034,0.4550064272824196,3.3149422709876246,163.21089100837708,265.0474392771721,555.7792975306511,0.17399881770615894,0.28256656639357364,0.5925152425699906,208,344,617,0.22174840085287847,0.36673773987206826,0.6577825159914712,0,True,0.7037587281717801,0.683832224739197,-0.1926061809243892,0.3853182521859842,0.3619366557117613,0.6611554522567502,0.28470350261489685,0.22102661964964948,0.807558167874314,231,4.803293738505282,121.91130089980105,1:4=109;1:5=53;1:3=30;1:2=18;1:1=18,0.04297762772782976,0.018851046450436115,498
1140,1691509947.068321,1443,917,917,917,0.9999999999999998,1.0,1.0,1.0,1.0000000000000002,163.761326422755,243.59318268627757,509.6454908909674,0.6722738486226947,0.3213239974643272,0.4779659332616198,3.112123613210738,176.11550158262253,272.82151263952255,533.8478909134865,0.19205616312172577,0.2975152809591304,0.5821678199710867,232,356,600,0.2529989094874591,0.3882224645583424,0.6543075245365322,0,True,0.7052086587701464,0.6785441878614263,-0.20556880287409562,0.39602685085759504,0.3688043557246105,0.6443228590378082,0.28385834097444596,0.23194426707710106,0.7809977158724168,219,4.787878611483629,120.04643322539165,1:4=73;1:5=69;1:3=43;1:2=22;0:4=21,0.04081246236105736,0.018884839490056038,526
1141,1691509947.1674957,1428,915,915,915,0.9999999999999998,1.0,1.0,1.0,1.0000000000000002,175.78930687273294,247.07827817879533,492.1324149484713,0.7114721219868833,0.35719920398078014,0.5020565007990089,2.799558310476546,185.43055498600006,272.6045928001404,510.107794046402,0.2026563442469946,0.2979285167214649,0.5574948568813136,240,354,567,0.26229508196721313,0.38688524590163936,0.6196721311475409,0,True,0.741918564018633,0.6292268487216315,-0.23158241991216633,0.40023889172178806,0.37668434663906053,0.6200978010188781,0.2891419985900351,0.23117518676501678,0.7452370764771183,213,4.751950575334911,115.80996040904091,1:4=87;1:5=63;1:3=31;1:1=22;0:4=21,0.04245812460378631,0.01928694173693657,513
1142,1691509947.2675078,1427,947,947,947,0.9999999999999997,1.0,1.0,1.0,1.0000000000000002,192.22245927540834,250.03596327828657,504.7415774463053,0.7687792458138007,0.38083341627598943,0.49537421613515786,2.6258199970438034,203.55121171474457,280.91925233602524,523.9099601507187,0.21494320138832584,0.29664123794722835,0.5532312145202943,258,371,582,0.27243928194297784,0.3917634635691658,0.614572333685322,0,True,0.6108800765766867,0.7658109523818122,-0.20089578704821698,0.4107857535910764,0.37036184349015283,0.6212707720660208,0.31611276456845533,0.22959467552992957,0.7463844878007854,221,4.78045086620613,119.15806227885784,1:4=81;1:5=65;1:3=41;1:2=22;1:1=19,0.042175798894034916,0.017962899059057236,480
1143,1691509947.3680177,1436,908,908,908,0.9999999999999998,1.0,1.0,1.0,1.0000000000000002,177.59970980509038,238.6558728621976,491.7444173327119,0.7441665175683244,0.36116263559923095,0.48532502749436235,2.768835702898302,190.21052503585815,264.9093180298805,512.2326910495758,0.2094829570879495,0.29175035025317236,0.5641329196581232,244,350,571,0.2687224669603524,0.3854625550660793,0.6288546255506607,0,True,0.7930761367417365,0.5681513124053256,-0.21962314892312412,0.38878752575024156,0.3799913737462377,0.6302312894207085,0.28720364032621837,0.2268821053870021,0.7328051510039744,218,4.740473310834346,114.48837744761114,1:4=94;1:5=57;1:3=33;1:2=28;0:4=27,0.04156188674962533,0.01835476979613304,528
1144,1691509947.4684737,1418,906,906,906,0.9999999999999998,1.0,1.0,1.0,1.0000000000000002,191.3606505410607,215.09913140653254,499.54021805240706,0.8896393457739881,0.38307356169865975,0.43059422171282785,2.610464673066209,202.84088778495789,229.7604745030403,522.071324467659,0.2238861896081213,0.2535987577296251,0.576237664975341,255,306,583,0.2814569536423841,0.33774834437086093,0.6434878587196468,0,True,-0.71849222752252,-0.664448879903342,0.2056127549178869,0.39978876439792677,0.3650615552208933,0.6350930412542317,0.2968662281192621,0.2063491081026082,0.7761328164467629,218,4.799701970746476,121.4742092555352,1:4=73;1:5=65;1:3=29;1:2=28;1:1=20,0.03861062557333522,0.019306730479002,512
1145,1691509947.5697296,1433,912,912,912,0.9999999999999997,1.0,1.0,1.0,1.0000000000000002,191.53676368075133,234.04760263655606,486.41563368269266,0.8183666977276488,0.3937718083413783,0.4811679280630075,2.5395418839457786,207.73013138771057,261.24441093206406,508.56817162036896,0.22777426687248967,0.28645220496936846,0.5576405390574221,264,346,569,0.2894736842105263,0.3793859649122807,0.6239035087719298,0,True,0.6349910344444626,0.7462277381842795,-0.199826296916912,0.4006440632229739,0.37605959929618515,0.6252981357866313,0.29623048427979437,0.25111223295426977,0.734201536524945,215,4.737479454020548,114.14612821692124,1:4=102;1:5=54;1:3=35;1:2=24;0:4=23,0.04169986894136419,0.021237466484308243,521
1146,1691509947.6709046,1415,925,925,925,0.9999999999999998,1.0,1.0,1.0,1.0000000000000002,177.05441265000098,249.17129980892702,498.774287541072,0.710573058718128,0.35497902973882006,0.49956725122565343,2.817067815909468,191.6144413948059,280.45550602674484,516.3348959088326,0.20715074745384424,0.30319514165053496,0.5581998874690082,248,369,575,0.2681081081081081,0.3989189189189189,0.6216216216216216,0,True,0.6819563477679514,0.7024422667767055,-0.2037410159604609,0.3993541988518442,0.3736706504652747,0.6285807157311616,0.29686250609125103,0.22152704446200544,0.7552139756266748,219,4.776805790233864,118.72451272969799,1:4=99;1:5=61;1:3=32;1:2=20;0:5=19,0.045558705459923764,0.020468810573220253,490
1147,1691509947.77157,1429,942,942,942,0.9999999999999998,1.0,1.0,1.0,1.0000000000000002,196.97029518300926,255.76203333224606,489.2676714847445,0.7701310965382271,0.4025818721790427,0.5227446002228266,2.4839667881400875,207.31930220127106,287.01973092556,509.06067448854446,0.22008418492703935,0.304691858732017,0.540404113045164,261,379,573,0.2770700636942675,0.4023354564755839,0.60828025477707,0,True,0.7599502293511246,0.6244448838905775,-0.1804002103437149,0.40104964130929827,0.39192700691188737,0.6194639394050254,0.2944593579712681,0.28507025516691453,0.6985901451477873,220,4.803203332386914,121.9002798704933,1:4=90;1:5=59;1:3=34;1:2=33;0:4=15,0.045619684207996995,0.023465209640562534,487
1148,1691509947.8721254,1455,980,980,980,0.9999999999999998,1.0,1.0,1.0,1.0000000000000002,215.37770463955377,260.0621487173932,504.5601466430528,0.8281778248075711,0.4268622999111364,0.5154234840933091,2.3426758470077553,232.33579325675964,291.60112315416336,525.5610445737839,0.237077340057918,0.29755216648384014,0.5362867801773304,298,389,590,0.3040816326530612,0.39693877551020407,0.6020408163265306,0,True,0.7253541524944919,0.6649154533458008,-0.17818191086904955,0.4021262898291644,0.3844290034516612,0.6120630834132781,0.29232216012631596,0.25013688991507055,0.7115456660421533,215,4.80629803071678,122.27810879474524,1:4=85;1:5=58;1:3=35;1:2=32;0:4=20,0.04410804974140107,0.023271018639206886,475
1149,1691509947.9722497,1453,931,931,931,0.9999999999999998,1.0,1.0,1.0,1.0000000000000002,203.40199470925265,240.07389875360138,487.52410653714577,0.8472474340828415,0.4172142299875276,0.49243492892860574,2.396850174621068,220.71856725215912,267.0015600323677,501.5329694747925,0.23707687137718486,0.28679007522273653,0.5387035117881767,284,350,556,0.3050483351235231,0.37593984962406013,0.5972073039742213,0,True,0.8506248280886433,0.47758599348582165,-0.21988410735050157,0.39433370668352274,0.3850527203579803,0.617099332263768,0.28057641694160673,0.23618357207820379,0.7028510140427912,216,4.800434299271901,121.56320086564654,1:4=80;1:5=58;1:3=38;1:2=27;0:4=18,0.045122076147542906,0.023336002603173256,522
1150,1691509948.0722868,1456,947,947,947,0.9999999999999998,1.0,1.0,1.0,1.0000000000000002,218.62962447193138,247.276769038136,481.09360648993265,0.8841494707422898,0.4544430055245526,0.5139888905243859,2.200495965045659,238.04975390434265,281.34605473279953,495.08114260435104,0.25137249620310737,0.2970919268561769,0.5227889573435597,303,377,552,0.3199577613516367,0.39809926082365366,0.5828933474128828,0,True,0.7666048563582395,0.5971716481051441,-0.23601486586092224,0.40646917563255947,0.39043249902421795,0.6057036123274605,0.2991612772254973,0.24896783136389183,0.673400038532249,224,4.8648709795032286,129.65420948211602,1:4=82;1:5=62;1:3=25;1:2=24;1:1=18,0.046146517536272094,0.023811746388673782,509
1151,1691509948.1721306,1447,971,971,971,0.9999999999999998,1.0,1.0,1.0,1.0000000000000002,203.12671091263095,269.2944691971499,498.57881989021905,0.7542921750981908,0.40741143187221024,0.5401241658368987,2.4545212082160295,219.08234733343124,304.51663386821747,514.3596280813217,0.22562548644019695,0.31361136340702106,0.5297215531218555,281,399,578,0.2893923789907312,0.41091658084449023,0.5952626158599382,0,True,0.7992562737227823,0.5609178302076745,-0.21577904594720843,0.4003750649550296,0.39206823295017057,0.6105515518399033,0.3050051219508562,0.23607643993528826,0.6767086977411879,226,4.857917656410207,128.75580892758333,1:4=87;1:5=58;1:3=32;1:1=22;1:2=21,0.04662213047065379,0.027448639273643494,476
1152,1691509948.271867,1470,953,953,953,0.9999999999999998,1.0,1.0,1.0,1.0000000000000002,206.1478057192685,242.36909981325564,504.4830944674757,0.8505531681972021,0.4086317420346361,0.4804305683802875,2.4471911922966543,226.4607034921646,270.80963349342346,521.6522936224937,0.2376292796350101,0.2841654076531201,0.5473791118808958,294,357,580,0.30849947534102834,0.3746065057712487,0.608604407135362,0,True,0.8155215998164485,0.5398555430446244,-0.20851981411082837,0.3909032086841779,0.3784174858656327,0.6250315840622496,0.2811596321453356,0.21826554158864409,0.7417468136048573,231,4.820860313900694,124.07178555954285,1:4=95;1:5=48;1:3=32;1:2=28;1:1=20,0.04639885470644097,0.02527659200131893,517
1153,1691509948.3715508,1440,926,926,926,0.9999999999999998,1.0,1.0,1.0,1.0000000000000002,199.53565071820233,235.73461228593624,490.72973699586146,0.8464418898153739,0.40661006593917726,0.48037564164962004,2.4593586921913166,216.21441060304642,259.15798407793045,510.41803854703903,0.23349288402056848,0.27986823334549726,0.551207385039999,278,343,570,0.3002159827213823,0.37041036717062636,0.6155507559395248,0,True,0.7369542768445757,0.648871169636419,-0.18937951065295844,0.4008109932999964,0.37197158494643245,0.6204204685347409,0.2901339050930327,0.2119256795380341,0.7250465996257827,213,4.778347452377696,118.90768697663994,1:4=91;1:5=61;1:2=26;1:3=24;1:1=20,0.043404562600658156,0.02078020852059126,514
1154,1691509948.4712586,1423,926,926,926,0.9999999999999998,1.0,1.0,1.0,1.0000000000000002,186.49526853229608,246.62851680489203,492.87621466281155,0.7561788512876335,0.3783815550114991,0.5003863231128256,2.6428349552335066,205.36049324274063,274.83461022377014,505.1243546009064,0.2217715909748819,0.2967976352308533,0.5454906637158816,270,364,561,0.2915766738660907,0.3930885529157667,0.6058315334773218,0,True,0.7557899071032583,0.6266959730817337,-0.18982564011214786,0.39628485836571326,0.37613003600887246,0.6265457353559285,0.2805743106421805,0.21853045768444562,0.730757259196541,216,4.797033850285933,121.15053342745905,1:4=87;1:5=58;1:3=33;1:2=31;0:5=16,0.04451980587177277,0.022966759279370308,497
1155,1691509948.5709152,1417,918,918,918,0.9999999999999998,1.0,1.0,1.0,1.0000000000000002,200.1478461475901,250.57802220453314,467.2741316478768,0.7987446160949436,0.42833067912780426,0.5362548560538782,2.33464481702844,217.3002272248268,282.55235093832016,486.8038155436516,0.23671048717301396,0.3077912319589544,0.530287380766505,282,372,547,0.30718954248366015,0.40522875816993464,0.5958605664488017,0,True,0.8197678571024123,0.540100930735252,-0.19045116193038414,0.40139891830301566,0.39451326783619445,0.6083995243023822,0.30028654021094003,0.26625275446685237,0.6701399919397224,213,4.807236378299336,122.39290201207841,1:4=86;1:5=46;1:3=35;1:2=26;0:4=19,0.044281396832506766,0.02081947773694992,499
1156,1691509948.6709862,1421,936,936,936,0.9999999999999997,1.0,1.0,1.0,1.0000000000000002,190.4381250511853,248.8889551299748,496.6729198188399,0.7651529773658887,0.38342763910028976,0.5011123924790511,2.6080540316459526,204.1803533434868,285.23880434036255,516.9947875142097,0.21814140314475083,0.30474231232944715,0.5523448584553523,261,378,579,0.27884615384615385,0.40384615384615385,0.6185897435897436,0,True,0.8167172417587116,0.5411759595289051,-0.200253658748125,0.38928123669359715,0.3860653743958689,0.6277190193800942,0.2775442165938483,0.24811757375595553,0.7263152936107085,216,4.75495714732182,116.15867534741099,1:4=89;1:5=61;1:3=45;1:2=21;10:6=17,0.0437300260201433,0.022021910175681114,485
1157,1691509948.7708259,1411,929,929,929,0.9999999999999998,1.0,1.0,1.0,1.0000000000000002,182.75143875797707,251.85503141943832,494.3935298225846,0.7256215519221595,0.36964771529991153,0.5094221833967318,2.7052784546190303,192.31868690252304,282.678163588047,511.8107293844223,0.20701688579388916,0.3042821997718482,0.550926511716278,247,370,573,0.2658772874058127,0.3982777179763186,0.6167922497308934,0,True,0.8670079409321719,0.44686860505600035,-0.22046695937455107,0.38330521175409926,0.39522265912238924,0.6255047657705466,0.26435815290572995,0.2542696854150458,0.7228857805798694,225,4.796671869611872,121.10668721192624,1:4=74;1:5=69;1:3=41;1:2=26;1:1=23,0.039551775976282955,0.020483393222093582,482
1158,1691509948.8709545,1412,946,946,946,0.9999999999999998,1.0,1.0,1.0,1.0000000000000002,186.873683368546,254.69544429924645,504.4308723322076,0.7337142754268687,0.3704644057659399,0.5049164479598095,2.6993146559721093,203.81293523311615,281.39156126976013,528.799010694027,0.21544707741344202,0.2974540816805075,0.5589841550676817,272,374,599,0.28752642706131076,0.3953488372093023,0.6331923890063424,0,True,0.7952204134323951,0.5706320850346962,-0.20494759717880462,0.39163225172267846,0.38394331146330957,0.6270627070388045,0.2755427098898138,0.23580095238043786,0.7184642361570023,226,4.814523971319112,123.28810966300308,1:4=94;1:5=55;1:3=29;1:2=25;1:1=24,0.04250422148396701,0.021432338282465935,466
1159,1691509948.9711494,1414,911,911,911,0.9999999999999998,1.0,1.0,1.0,1.0000000000000002,181.62909273760545,241.85615962415613,487.5147476382383,0.7509798097342512,0.3725612273628773,0.4961001914215448,2.684122572491938,195.99306863546371,260.2244344353676,508.4716537594795,0.2151405802804212,0.28564701913871304,0.5581467110422388,256,340,572,0.2810098792535675,0.3732162458836443,0.6278814489571899,0,True,0.8534886902628288,0.47071207741531934,-0.2235781647853735,0.3896637995194679,0.38733561559367163,0.6243887437115817,0.2710530236953482,0.24302722659831955,0.7136967416396328,225,4.828048157892993,124.96680698172266,1:4=79;1:5=56;1:3=37;1:2=27;0:4=20,0.03977212638235856,0.022545285522937775,503
1160,1691509949.071201,1422,952,952,952,0.9999999999999998,1.0,1.0,1.0,1.0000000000000002,196.06601470834065,255.11625817849958,500.8177271131595,0.7685359455654813,0.39149176255903506,0.5093994169277003,2.554332161329205,208.9137326478958,284.057977437973,527.5604018568993,0.21944719815955444,0.2983802284012322,0.5541600859841379,270,379,602,0.28361344537815125,0.39810924369747897,0.6323529411764706,0,True,0.7702101520274387,0.6051171364747923,-0.20151817004532696,0.4020365609742292,0.38799908496584473,0.623261268176185,0.3005481483628013,0.26531444502902846,0.6909106811382992,216,4.803880317172073,121.98283244553797,1:4=80;1:5=66;1:2=36;1:3=33;0:4=17,0.041108487328020936,0.021453767083585262,470
1161,1691509949.1713762,1417,899,899,899,0.9999999999999998,1.0,1.0,1.0,1.0000000000000002,173.99068956788497,251.78461532058853,473.2246951115268,0.6910298683116469,0.36767035060771686,0.5320614454857421,2.7198276889804003,190.0268942117691,280.8855205774307,496.2472099661827,0.21137585563044395,0.31244218084252584,0.5519991212082122,250,370,562,0.27808676307007785,0.41156840934371525,0.625139043381535,0,True,0.7870012882650821,0.580773696366027,-0.20816072126710788,0.3942033946153785,0.3879169904134838,0.6212792846836277,0.29092137850215394,0.242858281068569,0.696688987084323,215,4.802508108052928,121.81556128223194,1:4=85;1:5=60;1:3=28;1:2=25;0:4=16,0.040496721426729734,0.020311575382947922,518
1162,1691509949.2714615,1423,929,929,929,0.9999999999999997,1.0,1.0,1.0,1.0000000000000002,183.49027265760193,247.0069232950039,498.5028040473945,0.742854775930539,0.36808272926014846,0.4954975604741434,2.7167805509647636,193.5123808979988,271.6703843474388,527.3401833772659,0.20830180936275436,0.2924331370801279,0.5676428238721916,248,359,600,0.26695371367061355,0.38643702906350913,0.6458557588805167,0,True,0.7069906636662205,0.6809455132894502,-0.19099060034400706,0.40859344080095605,0.3762706536004972,0.6259373042628511,0.3129914625613244,0.2571385074760068,0.7179084463924608,223,4.82369637125859,124.42415970033846,1:4=71;1:5=58;1:2=36;1:3=35;0:4=17,0.037293149958550355,0.01788948103785515,494
1163,1691509949.3719296,1417,894,894,894,0.9999999999999997,1.0,1.0,1.0,1.0000000000000002,178.33083538354242,227.91462723032524,487.75453738613237,0.7824457673062177,0.36561594350144666,0.4672732076501339,2.735110483484819,190.93036764860153,254.3715659379959,511.49236077070236,0.21356864390223884,0.28453195295077843,0.5721391060074971,246,340,574,0.2751677852348993,0.38031319910514544,0.6420581655480985,0,True,0.6794220837829377,0.717182405471829,-0.15503234936519505,0.3974047243540786,0.3675716081821775,0.6404249607965637,0.28777866817624176,0.22374268198706282,0.7580535266115764,216,4.782035148566838,119.34699191449,1:4=83;1:5=56;1:3=30;1:2=28;0:4=24,0.03909569881284896,0.01688355766236782,523
1164,1691509949.4723754,1433,912,912,912,0.9999999999999998,1.0,1.0,1.0,1.0000000000000002,185.02765452931328,230.75889463904667,496.21345083164,0.8018224165041774,0.37287915960200607,0.4650395797459766,2.681833978244731,196.28012549877167,250.67153704166412,516.5213328003883,0.2152194358539163,0.2748591414930528,0.5663611105267417,250,330,576,0.2741228070175439,0.3618421052631579,0.631578947368421,0,True,0.7661100575466832,0.6114120676074035,-0.19811780159757997,0.3929503325986161,0.37532592478029553,0.6350844551549727,0.28206788998124654,0.2333538783670049,0.7380886428184024,223,4.800780555314475,121.60530014664552,1:4=86;1:5=64;1:3=31;1:2=26;0:4=17,0.03979465531470456,0.018141846172511578,521
1165,1691509949.5720015,1434,915,915,915,0.9999999999999998,1.0,1.0,1.0,1.0000000000000002,171.3101879387336,239.5341855592504,504.1556265020164,0.7151805390064412,0.3397962433293372,0.4751195324769273,2.942940128478055,182.66104120016098,262.42501389980316,520.9544667601585,0.19962955322421966,0.2868032938795663,0.5693491440001732,238,346,576,0.26010928961748636,0.37814207650273224,0.6295081967213115,0,True,0.8339820208059854,0.5084977805695858,-0.21425217881779118,0.38143000592864207,0.37945884181206607,0.6377384825426059,0.2753322631645422,0.2216244433632117,0.7896897248876105,225,4.767750355709994,117.65426377639398,1:4=84;1:5=69;1:3=32;1:2=29;1:1=21,0.03892209984168687,0.01767822355031967,519
1166,1691509949.6719787,1422,906,906,906,0.9999999999999998,1.0,1.0,1.0,1.0000000000000002,180.84755664915332,236.96005081327016,488.1923925375763,0.763198505522204,0.37044320930345803,0.4853825140157858,2.6994691085856144,195.4301536679268,256.81826466321945,507.0275728702545,0.21570657137740262,0.28346386828169917,0.5596330826382501,253,335,565,0.2792494481236203,0.369757174392936,0.6236203090507726,0,True,0.7520230566713115,0.6346478408471989,-0.1779984279220609,0.3944738574972791,0.3745860645536467,0.631294474554699,0.3000946117378891,0.2160683838379403,0.7452881003755453,225,4.786962593240284,119.93651885198003,1:4=83;1:5=63;1:3=37;1:2=24;1:1=18,0.0410143958512903,0.018403959460556507,516
1167,1691509949.771988,1419,924,924,924,0.9999999999999998,1.0,1.0,1.0,1.0000000000000002,187.30949506860978,228.63214608524768,508.0583588461427,0.8192614130419335,0.36867712499408645,0.45001158253649604,2.7124004507088415,204.91674715280533,249.31190234422684,528.4025034308434,0.22177137137749495,0.2698180761301156,0.5718641812022114,266,332,588,0.2878787878787879,0.3593073593073593,0.6363636363636364,0,True,0.7620444022493958,0.6133500906945322,-0.20758129791811764,0.3930516321022317,0.3681515407993265,0.6375163012345493,0.28753188419300063,0.21808050628831704,0.7633864194978807,223,4.81118268946879,122.87685677833319,1:4=73;1:5=69;1:3=33;1:2=28;1:1=17,0.039684826103532966,0.017476260662078857,495
1168,1691509949.8717892,1409,926,926,926,0.9999999999999997,1.0,1.0,1.0,1.0000000000000002,195.28191958401504,233.56494372969988,497.15313668628505,0.8360925936300225,0.39280033690553257,0.46980482771666526,2.5458226636921073,209.83754342794418,254.0334142446518,520.3736014962196,0.22660641838870862,0.2743341406529717,0.5619585329332826,270,339,583,0.2915766738660907,0.36609071274298055,0.6295896328293736,0,True,0.8185775791306357,0.5360107737911657,-0.20645386245944514,0.39706205200016786,0.3815586343640763,0.6308803255927123,0.2991222303511542,0.25369251357526784,0.7330391337351172,227,4.8255670907001385,124.65714024756309,1:4=88;1:5=61;1:3=31;1:2=20;1:1=18,0.039783949826235274,0.01909821480512619,483
1169,1691509949.9714692,1382,892,892,892,0.9999999999999998,1.0,1.0,1.0,1.0000000000000002,181.14127919234423,238.3617800155079,472.49694079214794,0.7599426350170699,0.38337026878662595,0.5044726419093655,2.608444319808677,197.295523583889,256.64275044202805,489.74784725904465,0.221183322403463,0.2877160879394933,0.5490446718150724,257,333,545,0.2881165919282511,0.37331838565022424,0.6109865470852018,0,True,0.8452541409633512,0.48362457283861726,-0.22727232504414624,0.3950586711913266,0.3898178573074248,0.617475344193541,0.2915739499150422,0.27214470075935143,0.7053419511901846,218,4.793619357579255,120.73757124406133,1:4=74;1:5=66;1:3=34;1:2=20;1:1=17,0.039184431239425145,0.017471850849688053,490
1170,1691509950.071456,1397,907,907,907,0.9999999999999998,1.0,1.0,1.0,1.0000000000000002,192.00086364893434,239.04139367244312,475.95774267862237,0.8032117814374522,0.4033989710270934,0.5022323879577044,2.478935425774394,208.8123720884323,254.5032837986946,496.5837097167969,0.2302231224789772,0.28059898985523113,0.5475013337561156,271,335,559,0.298787210584344,0.36934950385887544,0.6163175303197354,0,True,0.728836372198127,0.6496427052690293,-0.21624499543760645,0.410274095686489,0.38053561512110773,0.6112686563234216,0.30204252188780073,0.22619543465073502,0.6914682851697261,215,4.74110014708575,114.5601654102578,1:4=92;1:5=65;1:3=39;1:2=18;1:1=16,0.037840756064434086,0.018217643722891808,490
1171,1691509950.1713953,1383,896,896,896,0.9999999999999998,1.0,1.0,1.0,1.0000000000000002,176.83162320393157,243.35368964461773,475.81468715145087,0.7266445126111223,0.3716396907850102,0.5114463597193643,2.6907782586077165,189.4738580584526,258.6195940375328,494.94563806056976,0.21146635944023728,0.2886379397740321,0.5523946853354573,244,335,554,0.27232142857142855,0.37388392857142855,0.6183035714285714,0,True,0.7217702582112473,0.6622606300078573,-0.20114311398421203,0.40804457070444,0.3782785013155951,0.6162160697821358,0.31643743548285497,0.22616627497528485,0.7240364635476065,211,4.733496208919382,113.69236054477817,1:4=80;1:5=67;1:3=38;1:2=26;0:4=15,0.039077026427163965,0.016959701664745808,487
1172,1691509950.2713516,1402,915,915,915,0.9999999999999998,1.0,1.0,1.0,1.0000000000000002,183.46186331633837,241.62997824025877,489.908158443403,0.759267805478663,0.3744821557968256,0.4932148486932643,2.670354206523388,195.19379252195358,258.40262681245804,511.2141740322113,0.21332654920432084,0.2824072424179869,0.5587040153357501,252,339,575,0.2754098360655738,0.3704918032786885,0.6284153005464481,0,True,0.7991772634078362,0.5533112522968937,-0.23486668502281166,0.39748809005214586,0.38249960082808904,0.6216779275909762,0.28724971686568584,0.23688651880041092,0.709069171849052,218,4.790917983948217,120.41185409276352,1:4=82;1:5=67;1:3=39;1:2=17;1:35=15,0.039839867848591254,0.018636971712112427,487
1173,1691509950.3710785,1407,902,902,902,0.9999999999999997,1.0,1.0,1.0,1.0000000000000002,182.69237934082253,235.6206332534213,483.6869874057563,0.7753666426332371,0.37770786499899195,0.4871345299512128,2.6475487874806864,198.4429976940155,252.4592432975769,503.2040715813637,0.2200033233858265,0.27988829633877704,0.5578759108440839,260,331,561,0.28824833702882485,0.3669623059866962,0.6219512195121951,0,True,0.80291443432186,0.5585913692883827,-0.20809635584059882,0.391150601489657,0.38222697270596867,0.621503788456225,0.2663519775209502,0.24635842530959978,0.7391641313023061,208,4.718986407743519,112.05461739512712,1:4=88;1:5=69;1:3=32;1:1=19;0:4=19,0.03902328944904686,0.017620072700083256,505
1174,1691509950.4714432,1424,943,943,943,0.9999999999999998,1.0,1.0,1.0,1.0000000000000002,195.42838857949042,256.214533737193,491.3570776833168,0.7627529388319058,0.3977319091462145,0.5214426440038483,2.5142564048900065,208.38008958101273,276.0307369232178,516.0536811351776,0.22097570475186928,0.2927155216577071,0.5472467456364556,266,364,584,0.28207847295864263,0.3860021208907741,0.6193001060445387,0,True,0.7475478936771517,0.6397663746359559,-0.1785248793418437,0.40421634351629415,0.3878541902569888,0.6161848730417844,0.306649524341623,0.2526130133978661,0.701359173540454,220,4.803578349027548,121.94600307688842,1:4=98;1:5=66;1:3=25;0:4=18;1:2=17,0.04096957880505614,0.017915723845362663,481
1175,1691509950.571081,1413,933,933,933,0.9999999999999998,1.0,1.0,1.0,1.0000000000000002,198.21935475462092,242.36665284873564,492.4139923966437,0.81784912414635,0.4025461457540255,0.49220098655016936,2.4841872429975935,209.52409517765045,260.06785160303116,514.2535985708237,0.2245703056566457,0.27874367803111594,0.5511828494864134,265,341,577,0.2840300107181136,0.3654876741693462,0.6184351554126474,0,True,0.7981608722004224,0.5722981456920707,-0.18818622299647186,0.3991475564556734,0.386200146466249,0.623120278987599,0.29664114433278094,0.2501318140459681,0.7272743627766386,217,4.79053424905187,120.36565672675182,1:4=86;1:5=76;1:3=28;1:2=19;0:4=17,0.03925404146971163,0.01819167472422123,480
1176,1691509950.6710854,1412,931,931,931,0.9999999999999998,1.0,1.0,1.0,1.0000000000000002,196.38164509428586,249.10988097491878,485.5084739307955,0.7883334226877103,0.404486544805968,0.5130906963539981,2.472270123298414,207.4683289527893,268.2278356552124,509.0590758919716,0.222844606823619,0.28810723486059336,0.5467874069731167,264,350,574,0.28356605800214824,0.37593984962406013,0.6165413533834586,0,True,0.7005244773460559,0.6915407902262902,-0.17617262015487345,0.41152765031784755,0.38360645254359593,0.615229118682726,0.3235686157083088,0.2488537062694435,0.695789308154379,211,4.774469668554909,118.44748153696501,1:4=83;1:5=71;1:2=29;0:4=21;1:3=19,0.04084711195761286,0.018717344850301743,481
1177,1691509950.771083,1412,959,959,959,0.9999999999999998,1.0,1.0,1.0,1.0000000000000002,204.06773164043992,260.8450499602563,494.0872183993044,0.7823331578327162,0.4130196532943286,0.5279332074311023,2.421192289577014,214.3622174859047,288.4634778499603,522.2749435305595,0.22352681698217383,0.3007961187173726,0.5446036950266523,272,380,595,0.28362877997914493,0.3962460896767466,0.6204379562043796,0,True,0.826713955036838,0.5252860248120104,-0.20154063779929193,0.40016494480981935,0.401361210469286,0.6144721145533782,0.3056993084352702,0.3049214056425105,0.6876075060433402,226,4.829439553991926,125.14080633239037,1:4=81;1:5=72;1:3=27;0:4=22;1:2=21,0.042258061402127844,0.018645115196704865,453
1178,1691509950.8711872,1410,937,937,937,0.9999999999999998,1.0,1.0,1.0,1.0000000000000002,196.7359975926487,244.38581933477082,495.87818307258067,0.8050221495182205,0.3967425958803532,0.4928343848896465,2.5205259288608697,210.01198250055313,260.9773080945015,515.7233057618141,0.22413231857049426,0.27852434161633033,0.5503984052954259,269,341,579,0.2870864461045891,0.3639274279615795,0.6179295624332978,0,True,0.7222673848612067,0.6615831114719696,-0.20158772626531996,0.4082931807936657,0.3796675187027129,0.6185437882194061,0.3056993084352702,0.24222307162905266,0.7158963165695431,220,4.80425654466389,122.02873437487608,1:4=77;1:5=72;1:2=32;1:3=30;0:4=19,0.03962139537140146,0.017211662605404854,473
1179,1691509950.9712641,1422,942,942,942,0.9999999999999998,1.0,1.0,1.0,1.0000000000000002,188.61323530428504,257.2652570284752,496.1215076672397,0.7331469374561079,0.38017548602386403,0.518552921114295,2.6303642311572633,198.9095220565796,281.21345418691635,515.153419137001,0.21115660515560467,0.2985280830009728,0.5468719948375808,254,364,575,0.26963906581740976,0.386411889596603,0.6104033970276008,0,True,0.882458537335072,0.41237213331273415,-0.226309861807987,0.38586168952734684,0.3967458714488684,0.617186533763987,0.2814887786401017,0.2600720224048276,0.7124181544696861,214,4.755396132180207,116.20967844103274,1:4=81;1:5=70;1:3=38;1:2=22;1:1=20,0.037783609676726664,0.01795049663633108,480
