frame,scan_start,scan_end_geometry,history_first,history_last,history_states,frame_supported,geometry_points,photo_points_total,photo_points_inside_history,photo_points_outside_history,photo_points_before_history,photo_points_after_history,photo_points_invalid_time,photo_points_without_history,photo_points_retained,photo_points_dropped,deskew_success_points,fallback_deskew_points,fallback_percentage,min_photo_offset_s,max_photo_offset_s,max_photo_timestamp,history_supported_only
1,1706673229.2196693,1706673229.3195107,1706673228.8120565,1706673229.3124506,11,1,7902,23697,21999,1698,0,1698,0,0,21999,1698,21999,0,0,0,0.099849725,1706673229.319519,1
2,1706673229.3203211,1706673229.4201539,1706673229.3124506,1706673229.4120686,11,1,7889,23679,21735,1944,0,1944,0,0,21735,1944,21735,0,0,0,0.099841065000000007,1706673229.4201622,1
3,1706673229.420166,1706673229.5199955,1706673229.4120686,1706673229.5124271,11,1,7881,23644,21849,1795,0,1795,0,0,21849,1795,21849,0,0,0,0.099837885000000001,1706673229.5200038,1
4,1706673229.5200062,1706673229.6198223,1706673229.5124271,1706673229.611546,11,1,7887,23672,21700,1972,0,1972,0,0,21700,1972,21700,0,0,0,0.099824425000000008,1706673229.6198306,1
5,1706673229.6198342,1706673229.7196615,1706673229.611546,1706673229.7119677,11,1,7890,23674,21824,1850,0,1850,0,0,21824,1850,21824,0,0,0,0.099835645000000001,1706673229.7196698,1
6,1706673229.7196739,1706673229.8195138,1706673229.7119677,1706673229.8127253,11,1,7894,23685,22052,1633,0,1633,0,0,22052,1633,22052,0,0,0,0.099848205000000009,1706673229.8195221,1
7,1706673229.8203254,1706673229.9201434,1706673229.8127253,1706673229.9117563,11,1,7887,23653,21674,1979,0,1979,0,0,21674,1979,21674,0,0,0,0.099826265000000011,1706673229.9201517,1
8,1706673229.9201553,1706673230.0199866,1706673229.9117563,1706673230.0117323,11,1,7900,23675,21740,1935,0,1935,0,0,21740,1935,21740,0,0,0,0.099839645000000005,1706673230.019995,1
9,1706673230.0199976,1706673230.1198211,1706673230.0117323,1706673230.1122634,11,1,7883,23672,21909,1763,0,1763,0,0,21909,1763,21909,0,0,0,0.099831705000000007,1706673230.1198294,1
10,1706673230.1198325,1706673230.2196586,1706673230.1122634,1706673230.2116745,11,1,7892,23697,21822,1875,0,1875,0,0,21822,1875,21822,0,0,0,0.099834365000000008,1706673230.219667,1
11,1706673230.2196708,1706673230.3195093,1706673230.2116745,1706673230.3121092,11,1,7897,23688,21950,1738,0,1738,0,0,21950,1738,21950,0,0,0,0.099846845000000004,1706673230.3195176,1
12,1706673230.3203206,1706673230.4201529,1706673230.3121092,1706673230.412534,11,1,7899,23707,21876,1831,0,1831,0,0,21876,1831,21876,0,0,0,0.099840605000000013,1706673230.4201612,1
13,1706673230.4201648,1706673230.51999,1706673230.412534,1706673230.5118153,11,1,7897,23690,21722,1968,0,1968,0,0,21722,1968,21722,0,0,0,0.099833525000000006,1706673230.5199983,1
14,1706673230.5200012,1706673230.6198304,1706673230.5118153,1706673230.6126161,11,1,7892,23674,21936,1738,0,1738,0,0,21936,1738,21936,0,0,0,0.099837624999999999,1706673230.6198387,1
15,1706673230.6198421,1706673230.7196741,1706673230.6126161,1706673230.7123213,11,1,7889,23662,21897,1765,0,1765,0,0,21897,1765,21897,0,0,0,0.099840405000000007,1706673230.7196825,1
16,1706673230.7196867,1706673230.8195162,1706673230.7123213,1706673230.8117695,11,1,7871,23631,21792,1839,0,1839,0,0,21792,1839,21792,0,0,0,0.099837765000000009,1706673230.8195245,1
17,1706673230.8203254,1706673230.9201546,1706673230.8117695,1706673230.9123666,11,1,7886,23664,21792,1872,0,1872,0,0,21792,1872,21792,0,0,0,0.099837645000000003,1706673230.9201629,1
18,1706673230.920166,1706673231.0199893,1706673230.9123666,1706673231.0118029,11,1,7893,23677,21707,1970,0,1970,0,0,21707,1970,21707,0,0,0,0.099831565000000011,1706673231.0199976,1
19,1706673231.0200024,1706673231.1198332,1706673231.0118029,1706673231.1118085,11,1,7879,23686,21754,1932,0,1932,0,0,21754,1932,21754,0,0,0,0.099839145000000004,1706673231.1198416,1
20,1706673231.1198449,1706673231.2196715,1706673231.1118085,1706673231.2125814,11,1,7888,23655,21996,1659,0,1659,0,0,21996,1659,21996,0,0,0,0.099834945000000008,1706673231.2196798,1
21,1706673231.2196827,1706673231.3195119,1706673231.2125814,1706673231.3124537,11,1,7885,23687,22043,1644,0,1644,0,0,22043,1644,22043,0,0,0,0.09983752500000001,1706673231.3195202,1
22,1706673231.320323,1706673231.4201598,1706673231.3124537,1706673231.4120288,11,1,7899,23703,21795,1908,0,1908,0,0,21795,1908,21795,0,0,0,0.099845265000000002,1706673231.4201682,1
23,1706673231.420172,1706673231.5199966,1706673231.4120288,1706673231.5124483,11,1,7890,23683,21909,1774,0,1774,0,0,21909,1774,21909,0,0,0,0.099832985000000013,1706673231.520005,1
24,1706673231.5200081,1706673231.6198485,1706673231.5124483,1706673231.612762,11,1,7901,23695,22018,1677,0,1677,0,0,22018,1677,22018,0,0,0,0.099848785000000009,1706673231.6198568,1
25,1706673231.6198606,1706673231.7196834,1706673231.612762,1706673231.7125869,11,1,7897,23677,21969,1708,0,1708,0,0,21969,1708,21969,0,0,0,0.09983114500000001,1706673231.7196918,1
26,1706673231.7196951,1706673231.8195179,1706673231.7125869,1706673231.8126736,11,1,7874,23623,21976,1647,0,1647,0,0,21976,1647,21976,0,0,0,0.099831005,1706673231.8195262,1
27,1706673231.8203278,1706673231.9201605,1706673231.8126736,1706673231.9122961,11,1,7892,23666,21780,1886,0,1886,0,0,21780,1886,21780,0,0,0,0.099841025,1706673231.9201689,1
28,1706673231.9201713,1706673232.0200036,1706673231.9122961,1706673232.0119817,11,1,7873,23638,21720,1918,0,1918,0,0,21720,1918,21720,0,0,0,0.099840625000000002,1706673232.0200119,1
29,1706673232.0200155,1706673232.1198387,1706673232.0119817,1706673232.112143,11,1,7865,23590,21762,1828,0,1828,0,0,21762,1828,21762,0,0,0,0.099831645000000011,1706673232.1198471,1
30,1706673232.1198502,1706673232.2196777,1706673232.112143,1706673232.2121706,11,1,7842,23513,21708,1805,0,1805,0,0,21708,1805,21708,0,0,0,0.09983586500000001,1706673232.219686,1
31,1706673232.2196898,1706673232.3195143,1706673232.2121706,1706673232.3119683,11,1,7832,23545,21729,1816,0,1816,0,0,21729,1816,21729,0,0,0,0.099832825,1706673232.3195226,1
32,1706673232.3203261,1706673232.420157,1706673232.3119683,1706673232.4125717,11,1,7828,23445,21675,1770,0,1770,0,0,21675,1770,21675,0,0,0,0.099839205,1706673232.4201653,1
33,1706673232.4201679,1706673232.5200047,1706673232.4125717,1706673232.5126569,11,1,7830,23540,21822,1718,0,1718,0,0,21822,1718,21822,0,0,0,0.099845065000000011,1706673232.5200131,1
34,1706673232.520016,1706673232.6198399,1706673232.5126569,1706673232.6127515,11,1,7846,23513,21854,1659,0,1659,0,0,21854,1659,21854,0,0,0,0.09983238500000001,1706673232.6198483,1
35,1706673232.6198521,1706673232.7196827,1706673232.6127515,1706673232.7123883,11,1,7838,23542,21823,1719,0,1719,0,0,21823,1719,21823,0,0,0,0.099839065000000005,1706673232.719691,1
36,1706673232.7196951,1706673232.8195326,1706673232.7123883,1706673232.8118615,11,1,7844,23497,21676,1821,0,1821,0,0,21676,1821,21676,0,0,0,0.099845925000000002,1706673232.819541,1
37,1706673232.8203433,1706673232.9201698,1706673232.8118615,1706673232.912509,11,1,7828,23514,21684,1830,0,1830,0,0,21684,1830,21684,0,0,0,0.099834925000000005,1706673232.9201782,1
38,1706673232.9201813,1706673233.0199997,1706673232.912509,1706673233.0122046,11,1,7857,23592,21720,1872,0,1872,0,0,21720,1872,21720,0,0,0,0.099826885000000004,1706673233.0200081,1
39,1706673233.0200119,1706673233.1198409,1706673233.0122046,1706673233.1126971,11,1,7851,23531,21819,1712,0,1712,0,0,21819,1712,21819,0,0,0,0.099837345000000008,1706673233.1198492,1
40,1706673233.1198518,1706673233.2196774,1706673233.1126971,1706673233.2127047,11,1,7826,23499,21836,1663,0,1663,0,0,21836,1663,21836,0,0,0,0.099834065,1706673233.2196858,1
41,1706673233.2196896,1706673233.3195121,1706673233.2127047,1706673233.3129375,11,1,7824,23497,21943,1554,0,1554,0,0,21943,1554,21943,0,0,0,0.099830785000000005,1706673233.3195205,1
42,1706673233.3203218,1706673233.4201531,1706673233.3129375,1706673233.4127843,11,1,7786,23403,21637,1766,0,1766,0,0,21637,1766,21637,0,0,0,0.099839745000000008,1706673233.4201615,1
43,1706673233.420166,1706673233.5199823,1706673233.4127843,1706673233.5121593,11,1,7804,23454,21574,1880,0,1880,0,0,21574,1880,21574,0,0,0,0.099824665000000007,1706673233.5199907,1
44,1706673233.519995,1706673233.619833,1706673233.5121593,1706673233.6127579,11,1,7817,23456,21758,1698,0,1698,0,0,21758,1698,21758,0,0,0,0.09984638500000001,1706673233.6198413,1
45,1706673233.6198449,1706673233.7196863,1706673233.6127579,1706673233.7125051,11,1,7809,23449,21776,1673,0,1673,0,0,21776,1673,21776,0,0,0,0.099849765000000007,1706673233.7196946,1
46,1706673233.7196977,1706673233.819519,1706673233.7125051,1706673233.8121002,11,1,7830,23486,21748,1738,0,1738,0,0,21748,1738,21748,0,0,0,0.099829625000000005,1706673233.8195274,1
47,1706673233.8203294,1706673233.9201546,1706673233.8121002,1706673233.9129736,11,1,7840,23525,21834,1691,0,1691,0,0,21834,1691,21834,0,0,0,0.099833405,1706673233.9201629,1
48,1706673233.9201663,1706673234.0199943,1706673233.9129736,1706673234.0119832,11,1,7833,23485,21579,1906,0,1906,0,0,21579,1906,21579,0,0,0,0.099836345000000007,1706673234.0200026,1
49,1706673234.0200062,1706673234.1198349,1706673234.0119832,1706673234.1125927,11,1,7830,23508,21781,1727,0,1727,0,0,21781,1727,21781,0,0,0,0.099837065000000003,1706673234.1198432,1
50,1706673234.1198466,1706673234.2196724,1706673234.1125927,1706673234.2123501,11,1,7857,23566,21807,1759,0,1759,0,0,21807,1759,21807,0,0,0,0.099834085000000003,1706673234.2196808,1
51,1706673234.2196841,1706673234.3195071,1706673234.2123501,1706673234.3119416,11,1,7837,23507,21692,1815,0,1815,0,0,21692,1815,21692,0,0,0,0.099831445000000005,1706673234.3195155,1
52,1706673234.3203168,1706673234.4201448,1706673234.3119416,1706673234.4127741,11,1,7837,23533,21773,1760,0,1760,0,0,21773,1760,21773,0,0,0,0.099836265000000007,1706673234.4201531,1
53,1706673234.4201565,1706673234.5199873,1706673234.4127741,1706673234.5128167,11,1,7831,23505,21801,1704,0,1704,0,0,21801,1704,21801,0,0,0,0.099839085000000008,1706673234.5199955,1
54,1706673234.5199995,1706673234.6198266,1706673234.5128167,1706673234.6128728,11,1,7838,23553,21888,1665,0,1665,0,0,21888,1665,21888,0,0,0,0.09983528500000001,1706673234.6198349,1
55,1706673234.6198382,1706673234.7196732,1706673234.6128728,1706673234.7128999,11,1,7851,23639,22010,1629,0,1629,0,0,22010,1629,22010,0,0,0,0.099843325000000011,1706673234.7196815,1
56,1706673234.7196858,1706673234.8195245,1706673234.7128999,1706673234.8075538,11,1,7809,23525,20672,2853,0,2853,0,0,20672,2853,20672,0,0,0,0.099847165000000002,1706673234.8195329,1
57,1706673234.8203366,1706673234.9201617,1706673234.8075538,1706673234.9112365,11,1,7768,23470,21334,2136,0,2136,0,0,21334,2136,21334,0,0,0,0.099833365000000007,1706673234.9201698,1
58,1706673234.9201748,1706673235.0200007,1706673234.9112365,1706673235.0117521,11,1,7820,23640,21701,1939,0,1939,0,0,21701,1939,21701,0,0,0,0.099834245000000002,1706673235.020009,1
59,1706673235.0200121,1706673235.119844,1706673235.0117521,1706673235.1112151,11,1,7909,23756,21739,2017,0,2017,0,0,21739,2017,21739,0,0,0,0.099840245000000008,1706673235.1198523,1
60,1706673235.1198559,1706673235.2196789,1706673235.1112151,1706673235.2116857,11,1,7933,23822,21918,1904,0,1904,0,0,21918,1904,21918,0,0,0,0.099831405000000012,1706673235.2196872,1
61,1706673235.2196903,1706673235.3195221,1706673235.2116857,1706673235.3113778,11,1,7951,23822,21864,1958,0,1958,0,0,21864,1958,21864,0,0,0,0.099840105000000012,1706673235.3195305,1
62,1706673235.3203325,1706673235.4201477,1706673235.3113778,1706673235.4119003,11,1,7923,23758,21783,1975,0,1975,0,0,21783,1975,21783,0,0,0,0.099823485000000003,1706673235.420156,1
63,1706673235.4201603,1706673235.5199888,1706673235.4119003,1706673235.511673,11,1,7906,23719,21722,1997,0,1997,0,0,21722,1997,21722,0,0,0,0.099836765000000008,1706673235.5199971,1
64,1706673235.5200002,1706673235.6198356,1706673235.511673,1706673235.6111891,11,1,7923,23771,21694,2077,0,2077,0,0,21694,2077,21694,0,0,0,0.099843705000000005,1706673235.619844,1
65,1706673235.6198475,1706673235.7196724,1706673235.6111891,1706673235.7114971,11,1,7941,23813,21847,1966,0,1966,0,0,21847,1966,21847,0,0,0,0.099833225000000012,1706673235.7196808,1
66,1706673235.7196841,1706673235.8195028,1706673235.7114971,1706673235.8117847,11,1,7931,23820,21963,1857,0,1857,0,0,21963,1857,21963,0,0,0,0.099826925000000011,1706673235.8195109,1
67,1706673235.8203154,1706673235.9201488,1706673235.8117847,1706673235.9119563,11,1,7960,23881,21909,1972,0,1972,0,0,21909,1972,21909,0,0,0,0.099841825000000009,1706673235.9201572,1
68,1706673235.9201605,1706673236.0199819,1706673235.9119563,1706673236.0113499,11,1,7956,23862,21785,2077,0,2077,0,0,21785,2077,21785,0,0,0,0.099829725000000008,1706673236.0199902,1
69,1706673236.0199938,1706673236.1198192,1706673236.0113499,1706673236.1119974,11,1,7950,23851,21968,1883,0,1883,0,0,21968,1883,21968,0,0,0,0.099833825000000001,1706673236.1198275,1
70,1706673236.1198308,1706673236.2196577,1706673236.1119974,1706673236.2113397,11,1,7942,23833,21831,2002,0,2002,0,0,21831,2002,21831,0,0,0,0.099835045000000011,1706673236.219666,1
71,1706673236.2196686,1706673236.3194878,1706673236.2113397,1706673236.3119791,11,1,7932,23794,21986,1808,0,1808,0,0,21986,1808,21986,0,0,0,0.099827505000000011,1706673236.3194962,1
72,1706673236.3202977,1706673236.4201243,1706673236.3119791,1706673236.4113505,11,1,7938,23806,21700,2106,0,2106,0,0,21700,2106,21700,0,0,0,0.099835025000000008,1706673236.4201326,1
73,1706673236.4201365,1706673236.5199726,1706673236.4113505,1706673236.5118494,11,1,7938,23775,21820,1955,0,1955,0,0,21820,1955,21820,0,0,0,0.099844545000000007,1706673236.5199809,1
74,1706673236.519985,1706673236.619812,1706673236.5118494,1706673236.6112378,11,1,7927,23744,21681,2063,0,2063,0,0,21681,2063,21681,0,0,0,0.099835405000000002,1706673236.6198204,1
75,1706673236.6198251,1706673236.7196534,1706673236.6112378,1706673236.7117968,11,1,7893,23634,21758,1876,0,1876,0,0,21758,1876,21758,0,0,0,0.099836465000000013,1706673236.7196615,1
76,1706673236.7200642,1706673236.8198969,1706673236.7117968,1706673236.8112257,11,1,7879,23532,21494,2038,0,2038,0,0,21494,2038,21494,0,0,0,0.099841025,1706673236.8199053,1
77,1706673236.8199079,1706673236.9197407,1706673236.8112257,1706673236.9122589,11,1,7884,23588,21791,1797,0,1797,0,0,21791,1797,21791,0,0,0,0.099841045000000003,1706673236.919749,1
78,1706673236.9197536,1706673237.0195873,1706673236.9122589,1706673237.0116217,11,1,7884,23606,21691,1915,0,1915,0,0,21691,1915,21691,0,0,0,0.099842085000000011,1706673237.0195956,1
79,1706673237.0199988,1706673237.1198277,1706673237.0116217,1706673237.1113696,11,1,7903,23679,21648,2031,0,2031,0,0,21648,2031,21648,0,0,0,0.099837345000000008,1706673237.1198361,1
80,1706673237.1198404,1706673237.2196858,1706673237.1113696,1706673237.2113936,11,1,7913,23763,21773,1990,0,1990,0,0,21773,1990,21773,0,0,0,0.099853725000000004,1706673237.2196941,1
81,1706673237.2196972,1706673237.3195195,1706673237.2113936,1706673237.312017,11,1,7930,23791,21985,1806,0,1806,0,0,21985,1806,21985,0,0,0,0.099830605000000003,1706673237.3195279,1
82,1706673237.3203299,1706673237.4201648,1706673237.312017,1706673237.4116004,11,1,7926,23754,21692,2062,0,2062,0,0,21692,2062,21692,0,0,0,0.099843365000000003,1706673237.4201732,1
83,1706673237.4201772,1706673237.5200009,1706673237.4116004,1706673237.512316,11,1,7947,23846,21997,1849,0,1849,0,0,21997,1849,21997,0,0,0,0.099832065000000011,1706673237.5200093,1
84,1706673237.5200129,1706673237.6198499,1706673237.512316,1706673237.6116397,11,1,7955,23859,21885,1974,0,1974,0,0,21885,1974,21885,0,0,0,0.099845485000000012,1706673237.6198583,1
85,1706673237.6198616,1706673237.7196798,1706673237.6116397,1706673237.712064,11,1,7966,23892,22062,1830,0,1830,0,0,22062,1830,22062,0,0,0,0.09982650500000001,1706673237.7196882,1
86,1706673237.719692,1706673237.8195276,1706673237.712064,1706673237.8122928,11,1,7961,23894,22152,1742,0,1742,0,0,22152,1742,22152,0,0,0,0.099843885000000007,1706673237.819536,1
87,1706673237.8203378,1706673237.9201555,1706673237.8122928,1706673237.9121833,11,1,7970,23890,21973,1917,0,1917,0,0,21973,1917,21973,0,0,0,0.099826085000000009,1706673237.9201639,1
88,1706673237.9201677,1706673238.0199819,1706673237.9121833,1706673238.0114589,11,1,7949,23854,21805,2049,0,2049,0,0,21805,2049,21805,0,0,0,0.09982244500000001,1706673238.0199902,1
89,1706673238.019994,1706673238.119849,1706673238.0114589,1706673238.1121247,11,1,7980,23931,22074,1857,0,1857,0,0,22074,1857,22074,0,0,0,0.099863365000000009,1706673238.1198573,1
90,1706673238.1198606,1706673238.2196922,1706673238.1121247,1706673238.2116079,11,1,7970,23909,21965,1944,0,1944,0,0,21965,1944,21965,0,0,0,0.099839825000000007,1706673238.2197006,1
91,1706673238.2197042,1706673238.3195231,1706673238.2116079,1706673238.3123267,11,1,7955,23874,22142,1732,0,1732,0,0,22142,1732,22142,0,0,0,0.099827245000000009,1706673238.3195314,1
92,1706673238.320334,1706673238.4201605,1706673238.3123267,1706673238.4118412,11,1,7967,23893,21891,2002,0,2002,0,0,21891,2002,21891,0,0,0,0.099834825000000002,1706673238.4201689,1
93,1706673238.420172,1706673238.5200207,1706673238.4118412,1706673238.5123274,11,1,7954,23857,22006,1851,0,1851,0,0,22006,1851,22006,0,0,0,0.099857025000000002,1706673238.5200291,1
94,1706673238.5200324,1706673238.6198573,1706673238.5123274,1706673238.611876,11,1,7971,23913,21992,1921,0,1921,0,0,21992,1921,21992,0,0,0,0.099833305000000011,1706673238.6198657,1
95,1706673238.6198695,1706673238.7196844,1706673238.611876,1706673238.7123568,11,1,7966,23910,22146,1764,0,1764,0,0,22146,1764,22146,0,0,0,0.099823225000000002,1706673238.7196927,1
96,1706673238.719697,1706673238.8195291,1706673238.7123568,1706673238.8116176,11,1,7968,23882,21978,1904,0,1904,0,0,21978,1904,21978,0,0,0,0.099840285000000001,1706673238.8195374,1
97,1706673238.8203402,1706673238.9201634,1706673238.8116176,1706673238.9123654,11,1,7961,23886,22011,1875,0,1875,0,0,22011,1875,22011,0,0,0,0.099831485000000011,1706673238.9201717,1
98,1706673238.9201756,1706673239.0199924,1706673238.9123654,1706673239.0119705,11,1,7945,23841,21974,1867,0,1867,0,0,21974,1867,21974,0,0,0,0.099825125000000001,1706673239.0200007,1
99,1706673239.0200038,1706673239.119839,1706673239.0119705,1706673239.1115134,11,1,7959,23871,21868,2003,0,2003,0,0,21868,2003,21868,0,0,0,0.09984340500000001,1706673239.1198473,1
100,1706673239.1198504,1706673239.2196555,1706673239.1115134,1706673239.211616,11,1,7927,23784,21862,1922,0,1922,0,0,21862,1922,21862,0,0,0,0.099813344000000012,1706673239.2196639,1
101,1706673239.2196796,1706673239.3195081,1706673239.211616,1706673239.3122723,11,1,7931,23788,22080,1708,0,1708,0,0,22080,1708,22080,0,0,0,0.099836905000000004,1706673239.3195164,1
102,1706673239.3203194,1706673239.4201636,1706673239.3122723,1706673239.4121101,11,1,7946,23851,21936,1915,0,1915,0,0,21936,1915,21936,0,0,0,0.099852545000000001,1706673239.420172,1
103,1706673239.4201753,1706673239.5200095,1706673239.4121101,1706673239.5116906,11,1,7934,23814,21832,1982,0,1982,0,0,21832,1982,21832,0,0,0,0.099842445000000002,1706673239.5200179,1
104,1706673239.520021,1706673239.6198599,1706673239.5116906,1706673239.6120212,11,1,7931,23787,21913,1874,0,1874,0,0,21913,1874,21913,0,0,0,0.099847405,1706673239.6198683,1
105,1706673239.6198721,1706673239.7197089,1706673239.6120212,1706673239.7117474,11,1,7910,23715,21825,1890,0,1890,0,0,21825,1890,21825,0,0,0,0.099845185000000003,1706673239.7197173,1
106,1706673239.7197208,1706673239.8195517,1706673239.7117474,1706673239.8123994,11,1,7830,23485,21798,1687,0,1687,0,0,21798,1687,21798,0,0,0,0.099839185000000011,1706673239.8195601,1
107,1706673239.820363,1706673239.9201868,1706673239.8123994,1706673239.912389,11,1,7653,22970,21146,1824,0,1824,0,0,21146,1824,21146,0,0,0,0.099831965000000009,1706673239.9201951,1
108,1706673239.9201975,1706673240.0200181,1706673239.912389,1706673240.01156,11,1,7845,23538,21540,1998,0,1998,0,0,21540,1998,21540,0,0,0,0.099829065000000008,1706673240.0200264,1
109,1706673240.0200298,1706673240.1198599,1706673240.01156,1706673240.112011,11,1,7868,23634,21803,1831,0,1831,0,0,21803,1831,21803,0,0,0,0.099838405000000005,1706673240.1198683,1
110,1706673240.1198719,1706673240.2197108,1706673240.112011,1706673240.212534,11,1,7890,23731,22004,1727,0,1727,0,0,22004,1727,22004,0,0,0,0.099847325000000001,1706673240.2197192,1
111,1706673240.2197227,1706673240.3195512,1706673240.212534,1706673240.3120587,11,1,7865,23625,21821,1804,0,1804,0,0,21821,1804,21821,0,0,0,0.099836905000000004,1706673240.3195596,1
112,1706673240.320363,1706673240.4201899,1706673240.3120587,1706673240.4115593,11,1,7838,23572,21503,2069,0,2069,0,0,21503,2069,21503,0,0,0,0.099835065000000001,1706673240.4201982,1
113,1706673240.420202,1706673240.5200272,1706673240.4115593,1706673240.5121925,11,1,7780,23502,21672,1830,0,1830,0,0,21672,1830,21672,0,0,0,0.099833565000000013,1706673240.5200355,1
114,1706673240.5200386,1706673240.6198714,1706673240.5121925,1706673240.6117051,11,1,7763,23423,21549,1874,0,1874,0,0,21549,1874,21549,0,0,4.1670000000000001e-06,0.099841045000000003,1706673240.6198797,1
115,1706673240.6198823,1706673240.7197127,1706673240.6117051,1706673240.7123256,11,1,7732,23302,21552,1750,0,1750,0,0,21552,1750,21552,0,0,0,0.099838705,1706673240.7197211,1
116,1706673240.7197254,1706673240.8195539,1706673240.7123256,1706673240.8119428,11,1,7762,23341,21544,1797,0,1797,0,0,21544,1797,21544,0,0,0,0.099836925000000007,1706673240.8195622,1
117,1706673240.8203645,1706673240.920188,1706673240.8119428,1706673240.9125187,11,1,7876,23636,21823,1813,0,1813,0,0,21823,1813,21823,0,0,0,0.099831925000000002,1706673240.9201963,1
118,1706673240.9201994,1706673241.020015,1706673240.9125187,1706673241.0119951,11,1,7893,23695,21808,1887,0,1887,0,0,21808,1887,21808,0,0,0,0.099823825000000005,1706673241.0200231,1
119,1706673241.0200272,1706673241.1198564,1706673241.0119951,1706673241.1124651,11,1,7881,23628,21852,1776,0,1776,0,0,21852,1776,21852,0,0,0,0.09983760500000001,1706673241.1198647,1
120,1706673241.1198688,1706673241.2196932,1706673241.1124651,1706673241.2121232,11,1,7846,23494,21695,1799,0,1799,0,0,21695,1799,21695,0,0,0,0.099832725000000011,1706673241.2197015,1
121,1706673241.2197044,1706673241.3195341,1706673241.2121232,1706673241.3117316,11,1,7803,23308,21454,1854,0,1854,0,0,21454,1854,21454,0,0,0,0.099837965000000001,1706673241.3195424,1
122,1706673241.3203442,1706673241.4201586,1706673241.3117316,1706673241.4122469,11,1,7853,23341,21481,1860,0,1860,0,0,21481,1860,21481,0,0,0,0.099822765000000008,1706673241.420167,1
123,1706673241.4201708,1706673241.5200026,1706673241.4122469,1706673241.5118961,11,1,7843,23362,21488,1874,0,1874,0,0,21488,1874,21488,0,0,0,0.099840265000000011,1706673241.5200109,1
124,1706673241.5200145,1706673241.6198485,1706673241.5118961,1706673241.6121547,11,1,7795,23261,21473,1788,0,1788,0,0,21473,1788,21473,0,0,0,0.099842205000000003,1706673241.6198568,1
125,1706673241.6198611,1706673241.7197001,1706673241.6121547,1706673241.7126844,11,1,7757,23233,21565,1668,0,1668,0,0,21565,1668,21565,0,0,0,0.099847425000000004,1706673241.7197084,1
126,1706673241.7197118,1706673241.8195608,1706673241.7126844,1706673241.8121078,11,1,7798,23431,21641,1790,0,1790,0,0,21641,1790,21641,0,0,0,0.099857425,1706673241.8195691,1
127,1706673241.8203726,1706673241.9202018,1706673241.8121078,1706673241.912735,11,1,7899,23704,21927,1777,0,1777,0,0,21927,1777,21927,0,0,0,0.099837485000000004,1706673241.9202101,1
128,1706673241.9202142,1706673242.0200567,1706673241.912735,1706673242.012429,11,1,7906,23743,21913,1830,0,1830,0,0,21913,1830,21913,0,0,0,0.09985094500000001,1706673242.0200651,1
129,1706673242.0200686,1706673242.1198959,1706673242.012429,1706673242.1123044,11,1,7887,23695,21870,1825,0,1825,0,0,21870,1825,21870,0,0,0,0.099835505000000005,1706673242.119904,1
130,1706673242.1199081,1706673242.2197154,1706673242.1123044,1706673242.2124448,11,1,7854,23688,21969,1719,0,1719,0,0,21969,1719,21969,0,0,0,0.099840565000000006,1706673242.2197487,1
131,1706673242.2197526,1706673242.3195698,1706673242.2124448,1706673242.311862,11,1,7885,23687,21842,1845,0,1845,0,0,21842,1845,21842,0,0,1.2501000000000001e-05,0.099825585000000008,1706673242.3195782,1
132,1706673242.3203802,1706673242.4202192,1706673242.311862,1706673242.4122896,11,1,7925,23785,21876,1909,0,1909,0,0,21876,1909,21876,0,0,0,0.099847325000000001,1706673242.4202275,1
133,1706673242.4202318,1706673242.5200472,1706673242.4122896,1706673242.5119197,11,1,7957,23859,21902,1957,0,1957,0,0,21902,1957,21902,0,0,0,0.099823585000000006,1706673242.5200553,1
134,1706673242.5200589,1706673242.6198714,1706673242.5119197,1706673242.6122994,11,1,7970,23877,22054,1823,0,1823,0,0,22054,1823,22054,0,0,0,0.099820925000000005,1706673242.6198797,1
135,1706673242.6198819,1706673242.7197089,1706673242.6122994,1706673242.7118924,11,1,7958,23867,21986,1881,0,1881,0,0,21986,1881,21986,0,0,0,0.099835485000000002,1706673242.7197173,1
136,1706673242.7197216,1706673242.8195419,1706673242.7118924,1706673242.8123367,11,1,7949,23848,22135,1713,0,1713,0,0,22135,1713,22135,0,0,0,0.099828765,1706673242.8195503,1
137,1706673242.8203516,1706673242.920181,1706673242.8123367,1706673242.9119987,11,1,7860,23650,21733,1917,0,1917,0,0,21733,1917,21733,0,0,0,0.099837885000000001,1706673242.9201894,1
138,1706673242.920193,1706673243.0200064,1706673242.9119987,1706673243.0118155,11,1,7915,23757,21789,1968,0,1968,0,0,21789,1968,21789,0,0,0,0.099821805,1706673243.0200148,1
139,1706673243.0200183,1706673243.1198423,1706673243.0118155,1706673243.1122415,11,1,7919,23795,21967,1828,0,1828,0,0,21967,1828,21967,0,0,0,0.099832225000000011,1706673243.1198506,1
140,1706673243.1198542,1706673243.2196767,1706673243.1122415,1706673243.2125521,11,1,7937,23802,22087,1715,0,1715,0,0,22087,1715,22087,0,0,0,0.099830965000000008,1706673243.2196851,1
141,1706673243.2196894,1706673243.3195245,1706673243.2125521,1706673243.3119893,11,1,7933,23803,21990,1813,0,1813,0,0,21990,1813,21990,0,0,0,0.09984340500000001,1706673243.3195329,1
142,1706673243.3203316,1706673243.420155,1706673243.3119893,1706673243.4124811,11,1,7913,23780,21933,1847,0,1847,0,0,21933,1847,21933,0,0,0,0.099831785000000006,1706673243.4201634,1
143,1706673243.4201679,1706673243.5199914,1706673243.4124811,1706673243.5122337,11,1,7827,23577,21738,1839,0,1839,0,0,21738,1839,21738,0,0,0,0.099831885000000009,1706673243.5199997,1
144,1706673243.520004,1706673243.6198392,1706673243.5122337,1706673243.6129515,11,1,7888,23712,22054,1658,0,1658,0,0,22054,1658,22054,0,0,0,0.09984340500000001,1706673243.6198475,1
145,1706673243.6198516,1706673243.7196853,1706673243.6129515,1706673243.7125635,11,1,7909,23762,22047,1715,0,1715,0,0,22047,1715,22047,0,0,0,0.099842045000000004,1706673243.7196937,1
146,1706673243.7196956,1706673243.8195186,1706673243.7125635,1706673243.8072209,11,1,7944,23878,20920,2958,0,2958,0,0,20920,2958,20920,0,0,0,0.099831265000000002,1706673243.8195269,1
147,1706673243.8203299,1706673243.9201558,1706673243.8072209,1706673243.91116,11,1,7908,23769,21603,2166,0,2166,0,0,21603,2166,21603,0,0,0,0.099834205000000009,1706673243.9201641,1
148,1706673243.9201684,1706673244.0199902,1706673243.91116,1706673244.0117414,11,1,7941,23834,21849,1985,0,1985,0,0,21849,1985,21849,0,0,0,0.099830145000000009,1706673244.0199986,1
149,1706673244.0200014,1706673244.1198237,1706673244.0117414,1706673244.1113198,11,1,7950,23846,21801,2045,0,2045,0,0,21801,2045,21801,0,0,0,0.099830505,1706673244.1198318,1
150,1706673244.1198351,1706673244.2196603,1706673244.1113198,1706673244.2109809,11,1,7945,23848,21760,2088,0,2088,0,0,21760,2088,21760,0,0,0,0.099833585000000002,1706673244.2196686,1
151,1706673244.2196732,1706673244.319499,1706673244.2109809,1706673244.3113852,11,1,7953,23851,21909,1942,0,1942,0,0,21909,1942,21909,0,0,0,0.099834205000000009,1706673244.3195074,1
152,1706673244.320308,1706673244.4201434,1706673244.3113852,1706673244.4113245,11,1,7943,23863,21745,2118,0,2118,0,0,21745,2118,21745,0,0,0,0.099843845000000001,1706673244.4201517,1
153,1706673244.4201553,1706673244.5199809,1706673244.4113245,1706673244.5118856,11,1,7898,23714,21766,1948,0,1948,0,0,21766,1948,21766,0,0,0,0.099834065,1706673244.5199893,1
154,1706673244.5199931,1706673244.6198232,1706673244.5118856,1706673244.6110101,11,1,7949,23850,21728,2122,0,2122,0,0,21728,2122,21728,0,0,0,0.099838425000000008,1706673244.6198316,1
155,1706673244.6198351,1706673244.7196631,1706673244.6110101,1706673244.7119184,11,1,7973,23922,22111,1811,0,1811,0,0,22111,1811,22111,0,0,0,0.099836385,1706673244.7196715,1
156,1706673244.7196753,1706673244.8195069,1706673244.7119184,1706673244.8111675,11,1,7971,23913,21907,2006,0,2006,0,0,21907,2006,21907,0,0,0,0.099839825000000007,1706673244.8195152,1
157,1706673244.8203166,1706673244.9201593,1706673244.8111675,1706673244.9115758,11,1,7965,23902,21836,2066,0,2066,0,0,21836,2066,21836,0,0,0,0.09985102500000001,1706673244.9201677,1
158,1706673244.9201715,1706673245.0200019,1706673244.9115758,1706673245.011003,11,1,7932,23802,21636,2166,0,2166,0,0,21636,2166,21636,0,0,0,0.099838725000000003,1706673245.0200102,1
159,1706673245.0200138,1706673245.1198385,1706673245.011003,1706673245.1114774,11,1,7957,23889,21878,2011,0,2011,0,0,21878,2011,21878,0,0,0,0.099833045000000009,1706673245.1198468,1
160,1706673245.1198502,1706673245.2196834,1706673245.1114774,1706673245.211607,11,1,7974,23907,21963,1944,0,1944,0,0,21963,1944,21963,0,0,0,0.09984158500000001,1706673245.2196918,1
161,1706673245.2196956,1706673245.3195393,1706673245.211607,1706673245.3115599,11,1,7947,23898,21981,1917,0,1917,0,0,21981,1917,21981,0,0,0,0.099852025000000011,1706673245.3195477,1
162,1706673245.320349,1706673245.4201872,1706673245.3115599,1706673245.411927,11,1,7978,23926,21940,1986,0,1986,0,0,21940,1986,21940,0,0,0,0.099846485000000013,1706673245.4201956,1
163,1706673245.420198,1706673245.5200179,1706673245.411927,1706673245.5114639,11,1,7969,23900,21844,2056,0,2056,0,0,21844,2056,21844,0,0,0,0.099828225000000007,1706673245.5200262,1
164,1706673245.5200298,1706673245.6198633,1706673245.5114639,1706673245.6118014,11,1,7971,23900,21961,1939,0,1939,0,0,21961,1939,21961,0,0,0,0.099841905000000009,1706673245.6198716,1
165,1706673245.6198761,1706673245.7197018,1706673245.6118014,1706673245.7113364,11,1,7964,23893,21887,2006,0,2006,0,0,21887,2006,21887,0,0,0,0.099833885000000011,1706673245.7197101,1
166,1706673245.7197137,1706673245.8195493,1706673245.7113364,1706673245.8120713,11,1,7841,23614,21834,1780,0,1780,0,0,21834,1780,21834,0,0,0,0.099844045000000006,1706673245.8195577,1
167,1706673245.8203604,1706673245.9201851,1706673245.8120713,1706673245.9111474,11,1,7884,23674,21499,2175,0,2175,0,0,21499,2175,21499,0,0,0,0.099832925000000003,1706673245.9201934,1
168,1706673245.9201977,1706673246.0200288,1706673245.9111474,1706673246.0114694,11,1,7956,23880,21851,2029,0,2029,0,0,21851,2029,21851,0,0,0,0.099839485000000006,1706673246.0200372,1
169,1706673246.0200419,1706673246.1198626,1706673246.0114694,1706673246.11199,11,1,7968,23910,22049,1861,0,1861,0,0,22049,1861,22049,0,0,0,0.099829065000000008,1706673246.1198709,1
170,1706673246.1198738,1706673246.2197089,1706673246.11199,1706673246.2113154,11,1,7975,23906,21899,2007,0,2007,0,0,21899,2007,21899,0,0,0,0.099843585000000012,1706673246.2197173,1
171,1706673246.2197206,1706673246.319546,1706673246.2113154,1706673246.3113294,11,1,7962,23895,21933,1962,0,1962,0,0,21933,1962,21933,0,0,0,0.099833785000000008,1706673246.3195543,1
172,1706673246.3203571,1706673246.4201746,1706673246.3113294,1706673246.4112866,11,1,7865,23603,21486,2117,0,2117,0,0,21486,2117,21486,0,0,0,0.099825785,1706673246.4201829,1
173,1706673246.420186,1706673246.5200052,1706673246.4112866,1706673246.5120776,11,1,7774,23374,21502,1872,0,1872,0,0,21502,1872,21502,0,0,0,0.099827505000000011,1706673246.5200136,1
174,1706673246.5200176,1706673246.6198349,1706673246.5120776,1706673246.6115003,11,1,7936,23824,21861,1963,0,1963,0,0,21861,1963,21861,0,0,0,0.099825585000000008,1706673246.6198432,1
175,1706673246.6198473,1706673246.7196786,1706673246.6115003,1706673246.7121136,11,1,7935,23818,21998,1820,0,1820,0,0,21998,1820,21998,0,0,0,0.099839565000000005,1706673246.7196867,1
176,1706673246.7196915,1706673246.8195143,1706673246.7121136,1706673246.8115978,11,1,7867,23646,21753,1893,0,1893,0,0,21753,1893,21753,0,0,0,0.099831185000000003,1706673246.8195226,1
177,1706673246.8203263,1706673246.9201534,1706673246.8115978,1706673246.9112532,11,1,7667,23078,21015,2063,0,2063,0,0,21015,2063,21015,0,0,0,0.09983528500000001,1706673246.9201617,1
178,1706673246.9201651,1706673247.0199924,1706673246.9112532,1706673247.0117426,11,1,7899,23675,21697,1978,0,1978,0,0,21697,1978,21697,0,0,0,0.099835605000000008,1706673247.0200007,1
179,1706673247.020005,1706673247.1198256,1706673247.0117426,1706673247.1122203,11,1,7914,23750,21919,1831,0,1831,0,0,21919,1831,21919,0,0,0,0.099828965000000006,1706673247.1198339,1
180,1706673247.119838,1706673247.2196529,1706673247.1122203,1706673247.2116196,11,1,7909,23742,21820,1922,0,1922,0,0,21820,1922,21820,0,0,0,0.099823185000000009,1706673247.2196612,1
181,1706673247.2200632,1706673247.3198915,1706673247.2116196,1706673247.3119814,11,1,7890,23644,21790,1854,0,1854,0,0,21790,1854,21790,0,0,0,0.099836605000000009,1706673247.3198998,1
182,1706673247.3199031,1706673247.4197264,1706673247.3119814,1706673247.4113464,11,1,7873,23580,21630,1950,0,1950,0,0,21630,1950,21630,0,0,0,0.099831505000000001,1706673247.4197347,1
183,1706673247.4197376,1706673247.5195661,1706673247.4113464,1706673247.5112627,11,1,7887,23611,21660,1951,0,1951,0,0,21660,1951,21660,0,0,0,0.099836705000000012,1706673247.5195742,1
184,1706673247.520376,1706673247.620204,1706673247.5112627,1706673247.6116943,11,1,7872,23560,21538,2022,0,2022,0,0,21538,2022,21538,0,0,0,0.099836325000000004,1706673247.6202123,1
185,1706673247.6202159,1706673247.7200444,1706673247.6116943,1706673247.7122788,11,1,7848,23507,21680,1827,0,1827,0,0,21680,1827,21680,0,0,0,0.099836725000000001,1706673247.7200527,1
186,1706673247.7200551,1706673247.8199,1706673247.7122788,1706673247.8114493,11,1,7853,23492,21505,1987,0,1987,0,0,21505,1987,21505,0,0,0,0.099853305000000003,1706673247.8199084,1
187,1706673247.819912,1706673247.9197407,1706673247.8114493,1706673247.9118474,11,1,7766,23216,21382,1834,0,1834,0,0,21382,1834,21382,0,0,0,0.099837085000000006,1706673247.919749,1
188,1706673247.9197526,1706673248.0195973,1706673247.9118474,1706673248.012172,11,1,7730,23087,21371,1716,0,1716,0,0,21371,1716,21371,0,0,0,0.099852945000000012,1706673248.0196056,1
189,1706673248.0200076,1706673248.119837,1706673248.012172,1706673248.1119547,11,1,7763,23228,21366,1862,0,1862,0,0,21366,1862,21366,0,0,0,0.099837885000000001,1706673248.1198454,1
190,1706673248.1198494,1706673248.2196872,1706673248.1119547,1706673248.2114606,11,1,7727,23227,21337,1890,0,1890,0,0,21337,1890,21337,0,0,0,0.099846045000000008,1706673248.2196956,1
191,1706673248.2196991,1706673248.3195202,1706673248.2114606,1706673248.3123612,11,1,7820,23526,21860,1666,0,1666,0,0,21860,1666,21860,0,0,0,0.09982940500000001,1706673248.3195286,1
192,1706673248.3203316,1706673248.4201641,1706673248.3123612,1706673248.4116826,11,1,7835,23534,21568,1966,0,1966,0,0,21568,1966,21568,0,0,0,0.099840965000000004,1706673248.4201725,1
193,1706673248.4201756,1706673248.5199988,1706673248.4116826,1706673248.5121915,11,1,7812,23542,21748,1794,0,1794,0,0,21748,1794,21748,0,0,0,0.099831585,1706673248.5200071,1
194,1706673248.5200114,1706673248.6198375,1706673248.5121915,1706673248.6116118,11,1,7890,23730,21806,1924,0,1924,0,0,21806,1924,21806,0,0,0,0.099834425000000004,1706673248.6198459,1
195,1706673248.619849,1706673248.7196672,1706673248.6116118,1706673248.7121027,11,1,7934,23823,22002,1821,0,1821,0,0,22002,1821,22002,0,0,0,0.099826585000000009,1706673248.7196755,1
196,1706673248.7196789,1706673248.8194916,1706673248.7121027,1706673248.8114183,11,1,7941,23838,21895,1943,0,1943,0,0,21895,1943,21895,0,0,0,0.099821185000000007,1706673248.8195,1
197,1706673248.8203027,1706673248.9201233,1706673248.8114183,1706673248.9122028,11,1,7944,23828,21922,1906,0,1906,0,0,21922,1906,21922,0,0,0,0.099828844999999999,1706673248.9201317,1
198,1706673248.9201357,1706673249.0199649,1706673248.9122028,1706673249.0124605,11,1,7949,23841,22035,1806,0,1806,0,0,22035,1806,22035,0,0,0,0.09983752500000001,1706673249.0199733,1
199,1706673249.0199764,1706673249.1198094,1706673249.0124605,1706673249.1123652,11,1,7932,23795,22003,1792,0,1792,0,0,22003,1792,22003,0,0,0,0.099841245000000009,1706673249.1198177,1
200,1706673249.1198211,1706673249.2196438,1706673249.1123652,1706673249.2115114,11,1,7904,23737,21781,1956,0,1956,0,0,21781,1956,21781,0,0,0,0.099831185000000003,1706673249.2196522,1
201,1706673249.2200553,1706673249.3198919,1706673249.2115114,1706673249.3116312,11,1,7826,23477,21514,1963,0,1963,0,0,21514,1963,21514,0,0,0,0.099844945000000004,1706673249.3199003,1
202,1706673249.3199043,1706673249.4197333,1706673249.3116312,1706673249.4122441,11,1,7755,23157,21394,1763,0,1763,0,0,21394,1763,21394,0,0,0,0.099837305000000001,1706673249.4197416,1
203,1706673249.4197457,1706673249.5195739,1706673249.4122441,1706673249.5118365,11,1,7765,23143,21367,1776,0,1776,0,0,21367,1776,21367,0,0,0,0.099836505000000006,1706673249.5195823,1
204,1706673249.5203834,1706673249.6202157,1706673249.5118365,1706673249.6114948,11,1,7747,23149,21149,2000,0,2000,0,0,21149,2000,21149,0,0,0,0.099840745000000009,1706673249.620224,1
205,1706673249.6202269,1706673249.7200456,1706673249.6114948,1706673249.7119291,11,1,7836,23442,21535,1907,0,1907,0,0,21535,1907,21535,0,0,0,0.099827125000000003,1706673249.7200539,1
206,1706673249.720058,1706673249.819881,1706673249.7119291,1706673249.8115976,11,1,7850,23514,21550,1964,0,1964,0,0,21550,1964,21550,0,0,0,0.099831305000000009,1706673249.8198893,1
207,1706673249.8198924,1706673249.9197149,1706673249.8115976,1706673249.9119558,11,1,7786,23267,21505,1762,0,1762,0,0,21505,1762,21505,0,0,0,0.099830825000000012,1706673249.9197233,1
208,1706673249.9197271,1706673250.0195668,1706673249.9119558,1706673250.01229,11,1,7688,22972,21277,1695,0,1695,0,0,21277,1695,21277,0,0,0,0.099847905000000001,1706673250.0195749,1
209,1706673250.0203764,1706673250.1202004,1706673250.01229,1706673250.1115284,11,1,7772,23241,21186,2055,0,2055,0,0,21186,2055,21186,0,0,0,0.099832265000000003,1706673250.1202087,1
210,1706673250.1202133,1706673250.2200341,1706673250.1115284,1706673250.2124767,11,1,7908,23721,21928,1793,0,1793,0,0,21928,1793,21928,0,0,0,0.099829205000000004,1706673250.2200425,1
211,1706673250.2200458,1706673250.3198764,1706673250.2124767,1706673250.3119366,11,1,7915,23741,21854,1887,0,1887,0,0,21854,1887,21854,0,0,0,0.099838905000000006,1706673250.3198848,1
212,1706673250.3198884,1706673250.4197304,1706673250.3119366,1706673250.4124038,11,1,7892,23667,21958,1709,0,1709,0,0,21958,1709,21958,0,0,0,0.099850464999999999,1706673250.4197388,1
213,1706673250.4197426,1706673250.5195811,1706673250.4124038,1706673250.5117314,11,1,7706,23198,21342,1856,0,1856,0,0,21342,1856,21342,0,0,0,0.099846785000000007,1706673250.5195894,1
214,1706673250.5199924,1706673250.6198246,1706673250.5117314,1706673250.6122777,11,1,7900,23713,21896,1817,0,1817,0,0,21896,1817,21896,0,0,0,0.099840625000000002,1706673250.619833,1
215,1706673250.6198366,1706673250.7196674,1706673250.6122777,1706673250.7116363,11,1,7949,23839,21905,1934,0,1934,0,0,21905,1934,21905,0,0,0,0.099839165000000007,1706673250.7196758,1
216,1706673250.7196805,1706673250.8195217,1706673250.7116363,1706673250.8121531,11,1,7960,23871,22098,1773,0,1773,0,0,22098,1773,22098,0,0,0,0.099849385000000013,1706673250.81953,1
217,1706673250.8203323,1706673250.9201562,1706673250.8121531,1706673250.9118145,11,1,7944,23850,21895,1955,0,1955,0,0,21895,1955,21895,0,0,0,0.099832245,1706673250.9201646,1
218,1706673250.9201677,1706673251.0200028,1706673250.9118145,1706673251.0124407,11,1,7851,23569,21821,1748,0,1748,0,0,21821,1748,21821,0,0,0,0.099843385000000007,1706673251.0200112,1
219,1706673251.0200124,1706673251.1198292,1706673251.0124407,1706673251.1117113,11,1,7869,23559,21605,1954,0,1954,0,0,21605,1954,21605,0,0,0,0.099825105000000011,1706673251.1198375,1
220,1706673251.1198406,1706673251.2196503,1706673251.1117113,1706673251.2123137,11,1,7950,23825,22074,1751,0,1751,0,0,22074,1751,22074,0,0,0,0.09980957,1706673251.2196503,1
221,1706673251.2196743,1706673251.3195088,1706673251.2123137,1706673251.3118773,11,1,7948,23845,22042,1803,0,1803,0,0,22042,1803,22042,0,0,0,0.09984282500000001,1706673251.3195171,1
222,1706673251.3203197,1706673251.420155,1706673251.3118773,1706673251.4122953,11,1,7957,23851,21981,1870,0,1870,0,0,21981,1870,21981,0,0,0,0.099843765000000001,1706673251.4201634,1
223,1706673251.4201667,1706673251.5199993,1706673251.4122953,1706673251.5120137,11,1,7852,23468,21584,1884,0,1884,0,0,21584,1884,21584,0,0,0,0.099840785000000001,1706673251.5200076,1
224,1706673251.5200114,1706673251.6198425,1706673251.5120137,1706673251.6125669,11,1,7852,23526,21793,1733,0,1733,0,0,21793,1733,21793,0,0,0,0.099839525000000012,1706673251.6198509,1
225,1706673251.619854,1706673251.7196832,1706673251.6125669,1706673251.7121112,11,1,7911,23738,21917,1821,0,1821,0,0,21917,1821,21917,0,0,0,0.099837565000000003,1706673251.7196915,1
226,1706673251.7196946,1706673251.8195302,1706673251.7121112,1706673251.8126738,11,1,7944,23834,22184,1650,0,1650,0,0,22184,1650,22184,0,0,0,0.099844085000000013,1706673251.8195386,1
227,1706673251.8203394,1706673251.9201691,1706673251.8126738,1706673251.9120357,11,1,7949,23846,21891,1955,0,1955,0,0,21891,1955,21891,0,0,0,0.09983810500000001,1706673251.9201775,1
228,1706673251.9201806,1706673252.0200024,1706673251.9120357,1706673252.0125284,11,1,7898,23687,21967,1720,0,1720,0,0,21967,1720,21967,0,0,0,0.099830065000000009,1706673252.0200107,1
229,1706673252.0200138,1706673252.1198411,1706673252.0125284,1706673252.1117699,11,1,7739,23100,21217,1883,0,1883,0,0,21217,1883,21217,0,0,0,0.099835685000000007,1706673252.1198494,1
230,1706673252.1198535,1706673252.2196922,1706673252.1117699,1706673252.2122486,11,1,7907,23656,21872,1784,0,1784,0,0,21872,1784,21872,0,0,0,0.099847025000000006,1706673252.2197006,1
231,1706673252.2197037,1706673252.3195188,1706673252.2122486,1706673252.3121667,11,1,7935,23781,22011,1770,0,1770,0,0,22011,1770,22011,0,0,0,0.099823445000000011,1706673252.3195271,1
232,1706673252.3203282,1706673252.4201097,1706673252.3121667,1706673252.4125271,11,1,7920,23743,21919,1824,0,1824,0,0,21919,1824,21919,0,0,0,0.099852425000000009,1706673252.4201806,1
233,1706673252.4201851,1706673252.5200322,1706673252.4125271,1706673252.5121672,11,1,7735,23278,21499,1779,0,1779,0,0,21499,1779,21499,0,0,2.0835000000000003e-05,0.099855325000000009,1706673252.5200405,1
234,1706673252.5200431,1706673252.6198611,1706673252.5121672,1706673252.6127832,11,1,7864,23630,21936,1694,0,1694,0,0,21936,1694,21936,0,0,0,0.099826345000000011,1706673252.6198695,1
235,1706673252.6198723,1706673252.7197134,1706673252.6127832,1706673252.7123189,11,1,7915,23748,21968,1780,0,1780,0,0,21968,1780,21968,0,0,0,0.099849445000000009,1706673252.7197218,1
236,1706673252.7197266,1706673252.8195465,1706673252.7123189,1706673252.8088462,11,1,7919,23757,21182,2575,0,2575,0,0,21182,2575,21182,0,0,0,0.099828125000000004,1706673252.8195548,1
237,1706673252.8203592,1706673252.9201846,1706673252.8088462,1706673252.9114723,11,1,7830,23556,21564,1992,0,1992,0,0,21564,1992,21564,0,0,0,0.099833705000000009,1706673252.920193,1
238,1706673252.9201965,1706673253.0200241,1706673252.9114723,1706673253.0117176,11,1,7647,23059,21144,1915,0,1915,0,0,21144,1915,21144,0,0,0,0.099835825000000003,1706673253.0200324,1
239,1706673253.020036,1706673253.1198673,1706673253.0117176,1706673253.1110222,11,1,7846,23516,21420,2096,0,2096,0,0,21420,2096,21420,0,0,0,0.099839725000000004,1706673253.1198757,1
240,1706673253.1198792,1706673253.2197123,1706673253.1110222,1706673253.2114925,11,1,7847,23554,21610,1944,0,1944,0,0,21610,1944,21610,0,0,0,0.099841445000000001,1706673253.2197206,1
241,1706673253.2197239,1706673253.3195601,1706673253.2114925,1706673253.3110485,11,1,7649,23017,21094,1923,0,1923,0,0,21094,1923,21094,0,0,0,0.099844485000000011,1706673253.3195684,1
242,1706673253.32037,1706673253.4202125,1706673253.3110485,1706673253.4115007,11,1,7762,23316,21272,2044,0,2044,0,0,21272,2044,21272,0,0,0,0.099850885,1706673253.4202209,1
243,1706673253.4202247,1706673253.5200655,1706673253.4115007,1706673253.511553,11,1,7890,23668,21621,2047,0,2047,0,0,21621,2047,21621,0,0,0,0.09984920500000001,1706673253.5200739,1
244,1706673253.5200779,1706673253.6199152,1706673253.511553,1706673253.6110153,11,1,7839,23453,21382,2071,0,2071,0,0,21382,2071,21382,0,0,0,0.099845565000000011,1706673253.6199236,1
245,1706673253.6199272,1706673253.7197411,1706673253.6110153,1706673253.711498,11,1,7759,23182,21280,1902,0,1902,0,0,21280,1902,21280,0,0,0,0.099822264000000008,1706673253.7197495,1
246,1706673253.7197657,1706673253.8195949,1706673253.711498,1706673253.8110712,11,1,7840,23476,21470,2006,0,2006,0,0,21470,2006,21470,0,0,0,0.099837485000000004,1706673253.8196032,1
247,1706673253.8200064,1706673253.9198182,1706673253.8110712,1706673253.9115703,11,1,7894,23674,21696,1978,0,1978,0,0,21696,1978,21696,0,0,0,0.099820145000000013,1706673253.9198265,1
248,1706673253.9198308,1706673254.0196533,1706673253.9115703,1706673254.0113604,11,1,7920,23751,21758,1993,0,1993,0,0,21758,1993,21758,0,0,0,0.099830785000000005,1706673254.0196617,1
249,1706673254.0200648,1706673254.1198859,1706673254.0113604,1706673254.1114771,11,1,7927,23763,21766,1997,0,1997,0,0,21766,1997,21766,0,0,0,0.099829505000000013,1706673254.1198943,1
250,1706673254.1198974,1706673254.219717,1706673254.1114771,1706673254.2119842,11,1,7951,23841,22003,1838,0,1838,0,0,22003,1838,22003,0,0,0,0.099828065000000007,1706673254.2197254,1
251,1706673254.2197289,1706673254.3195584,1706673254.2119842,1706673254.3115668,11,1,7951,23849,21967,1882,0,1882,0,0,21967,1882,21967,0,0,0,0.099837865000000012,1706673254.3195667,1
252,1706673254.3203692,1706673254.4201853,1706673254.3115668,1706673254.4113414,11,1,7961,23895,21813,2082,0,2082,0,0,21813,2082,21813,0,0,0,0.099824445000000012,1706673254.4201937,1
253,1706673254.4201972,1706673254.5200245,1706673254.4113414,1706673254.5109642,11,1,7979,23959,21779,2180,0,2180,0,0,21779,2180,21779,0,0,0,0.099835725,1706673254.5200329,1
254,1706673254.5200365,1706673254.619858,1706673254.5109642,1706673254.6114502,11,1,7986,23950,21926,2024,0,2024,0,0,21926,2024,21926,0,0,0,0.09982990500000001,1706673254.6198664,1
255,1706673254.6198697,1706673254.7196951,1706673254.6114502,1706673254.7111881,11,1,8000,24000,21952,2048,0,2048,0,0,21952,2048,21952,0,0,0,0.099833625000000009,1706673254.7197034,1
256,1706673254.7197068,1706673254.8195388,1706673254.7111881,1706673254.8116512,11,1,7999,23998,22101,1897,0,1897,0,0,22101,1897,22101,0,0,0,0.099840345000000011,1706673254.8195472,1
257,1706673254.8203497,1706673254.9201944,1706673254.8116512,1706673254.911516,11,1,8000,24000,21912,2088,0,2088,0,0,21912,2088,21912,0,0,0,0.099853005000000009,1706673254.9202027,1
258,1706673254.9202058,1706673255.0200379,1706673254.911516,1706673255.0111878,11,1,8000,23999,21870,2129,0,2129,0,0,21870,2129,21870,0,0,0,0.099840305000000004,1706673255.0200462,1
259,1706673255.0200505,1706673255.119885,1706673255.0111878,1706673255.1111529,11,1,7999,23999,21897,2102,0,2102,0,0,21897,2102,21897,0,0,0,0.099842885000000006,1706673255.1198933,1
260,1706673255.1198967,1706673255.2197261,1706673255.1111529,1706673255.2115819,11,1,7969,23927,21972,1955,0,1955,0,0,21972,1955,21972,0,0,0,0.099837785000000012,1706673255.2197344,1
261,1706673255.219738,1706673255.3195643,1706673255.2115819,1706673255.3112202,11,1,7957,23888,21882,2006,0,2006,0,0,21882,2006,21882,0,0,0,0.099834745000000003,1706673255.3195727,1
262,1706673255.3203735,1706673255.4202116,1706673255.3112202,1706673255.4112718,11,1,7931,23813,21679,2134,0,2134,0,0,21679,2134,21679,0,0,0,0.09984638500000001,1706673255.4202199,1
263,1706673255.420223,1706673255.5200536,1706673255.4112718,1706673255.5113099,11,1,7872,23592,21590,2002,0,2002,0,0,21590,2002,21590,0,0,0,0.099839025000000012,1706673255.520062,1
264,1706673255.5200663,1706673255.6198859,1706673255.5113099,1706673255.6110837,11,1,7741,23282,21226,2056,0,2056,0,0,21226,2056,21226,0,0,0,0.099827925000000012,1706673255.6198943,1
265,1706673255.6198976,1706673255.7197132,1706673255.6110837,1706673255.71158,11,1,7932,23799,21901,1898,0,1898,0,0,21901,1898,21901,0,0,0,0.099823925000000008,1706673255.7197216,1
266,1706673255.7197254,1706673255.8195403,1706673255.71158,1706673255.8119934,11,1,7953,23861,22098,1763,0,1763,0,0,22098,1763,22098,0,0,0,0.099823125000000013,1706673255.8195486,1
267,1706673255.8203523,1706673255.9201713,1706673255.8119934,1706673255.911469,11,1,7966,23903,21835,2068,0,2068,0,0,21835,2068,21835,0,0,0,0.099827385000000005,1706673255.9201796,1
268,1706673255.9201837,1706673256.020025,1706673255.911469,1706673256.0120878,11,1,7974,23927,22019,1908,0,1908,0,0,22019,1908,22019,0,0,0,0.099849745000000004,1706673256.0200334,1
269,1706673256.020036,1706673256.1198661,1706673256.0120878,1706673256.1114483,11,1,7970,23915,21891,2024,0,2024,0,0,21891,2024,21891,0,0,0,0.099838445000000012,1706673256.1198745,1
270,1706673256.1198783,1706673256.2197118,1706673256.1114483,1706673256.2119381,11,1,7999,23996,22124,1872,0,1872,0,0,22124,1872,22124,0,0,0,0.099841785000000002,1706673256.2197201,1
271,1706673256.2197239,1706673256.3195555,1706673256.2119381,1706673256.3113487,11,1,8000,23996,22021,1975,0,1975,0,0,22021,1975,22021,0,0,0,0.099839944999999999,1706673256.3195639,1
272,1706673256.3203669,1706673256.4201901,1706673256.3113487,1706673256.4117157,11,1,7973,23940,21901,2039,0,2039,0,0,21901,2039,21901,0,0,0,0.099831545000000008,1706673256.4201984,1
273,1706673256.4202027,1706673256.5200188,1706673256.4117157,1706673256.5113223,11,1,7943,23843,21750,2093,0,2093,0,0,21750,2093,21750,0,0,0,0.099824405000000005,1706673256.5200272,1
274,1706673256.5200305,1706673256.6198659,1706673256.5113223,1706673256.6118102,11,1,7965,23914,21976,1938,0,1938,0,0,21976,1938,21976,0,0,0,0.099843725000000008,1706673256.6198742,1
275,1706673256.6198783,1706673256.7197208,1706673256.6118102,1706673256.7112699,11,1,7955,23884,21851,2033,0,2033,0,0,21851,2033,21851,0,0,0,0.099850785000000011,1706673256.7197292,1
276,1706673256.7197316,1706673256.8195651,1706673256.7112699,1706673256.8120518,11,1,7946,23864,22112,1752,0,1752,0,0,22112,1752,22112,0,0,0,0.099841825000000009,1706673256.8195734,1
277,1706673256.8203764,1706673256.9201992,1706673256.8120518,1706673256.9113739,11,1,7908,23722,21627,2095,0,2095,0,0,21627,2095,21627,0,0,0,0.099831045000000007,1706673256.9202075,1
278,1706673256.9202104,1706673257.0200412,1706673256.9113739,1706673257.0112648,11,1,7699,23299,21222,2077,0,2077,0,0,21222,2077,21222,0,0,0,0.099839305000000003,1706673257.0200496,1
279,1706673257.0200531,1706673257.1198845,1706673257.0112648,1706673257.1117702,11,1,7685,23146,21298,1848,0,1848,0,0,21298,1848,21298,0,0,0,0.099839605000000012,1706673257.1198928,1
280,1706673257.1198959,1706673257.2197161,1706673257.1117702,1706673257.2112451,11,1,7664,23091,21127,1964,0,1964,0,0,21127,1964,21127,0,0,0,0.099828405000000009,1706673257.2197244,1
281,1706673257.2197275,1706673257.3195376,1706673257.2112451,1706673257.3116415,11,1,7906,23740,21848,1892,0,1892,0,0,21848,1892,21848,0,0,0,0.099818565000000012,1706673257.319546,1
282,1706673257.3203483,1706673257.4201751,1706673257.3116415,1706673257.4121718,11,1,7935,23824,21900,1924,0,1924,0,0,21900,1924,21900,0,0,0,0.099835245000000003,1706673257.4201834,1
283,1706673257.4201872,1706673257.5200288,1706673257.4121718,1706673257.5115464,11,1,7946,23851,21813,2038,0,2038,0,0,21813,2038,21813,0,0,0,0.099849945000000009,1706673257.5200372,1
284,1706673257.52004,1706673257.6198723,1706673257.5115464,1706673257.6122181,11,1,7948,23848,22004,1844,0,1844,0,0,22004,1844,22004,0,0,0,0.099840524999999999,1706673257.6198807,1
285,1706673257.6198831,1706673257.7197134,1706673257.6122181,1706673257.7117822,11,1,7949,23833,21925,1908,0,1908,0,0,21925,1908,21925,0,0,0,0.099838645000000004,1706673257.7197218,1
286,1706673257.7197256,1706673257.8195505,1706673257.7117822,1706673257.8113251,11,1,7909,23765,21792,1973,0,1973,0,0,21792,1973,21792,0,0,0,0.099833325000000001,1706673257.8195589,1
287,1706673257.8203616,1706673257.9201858,1706673257.8113251,1706673257.9118192,11,1,7681,23131,21162,1969,0,1969,0,0,21162,1969,21162,0,0,0,0.099832485000000012,1706673257.9201941,1
288,1706673257.920198,1706673258.0200138,1706673257.9118192,1706673258.0121129,11,1,7909,23722,21846,1876,0,1876,0,0,21846,1876,21846,0,0,0,0.099824065000000003,1706673258.0200219,1
289,1706673258.0200257,1706673258.1198604,1706673258.0121129,1706673258.1114075,11,1,7957,23870,21892,1978,0,1978,0,0,21892,1978,21892,0,0,0,0.09984290500000001,1706673258.1198685,1
290,1706673258.1198726,1706673258.2197008,1706673258.1114075,1706673258.2120779,11,1,7977,23935,22100,1835,0,1835,0,0,22100,1835,22100,0,0,0,0.099836605000000009,1706673258.2197092,1
291,1706673258.2197132,1706673258.3195341,1706673258.2120779,1706673258.3114018,11,1,7961,23888,21930,1958,0,1958,0,0,21930,1958,21930,0,0,0,0.099829205000000004,1706673258.3195424,1
292,1706673258.3203461,1706673258.4201689,1706673258.3114018,1706673258.4115534,11,1,8000,24000,21927,2073,0,2073,0,0,21927,2073,21927,0,0,0,0.099831105000000003,1706673258.4201772,1
293,1706673258.4201808,1706673258.5200059,1706673258.4115534,1706673258.5122049,11,1,7998,23998,22120,1878,0,1878,0,0,22120,1878,22120,0,0,0,0.09983346500000001,1706673258.5200143,1
294,1706673258.5200171,1706673258.6198556,1706673258.5122049,1706673258.612139,11,1,7994,23989,22132,1857,0,1857,0,0,22132,1857,22132,0,0,0,0.099846765000000004,1706673258.619864,1
295,1706673258.6198678,1706673258.7196891,1706673258.612139,1706673258.7124736,11,1,7992,23980,22243,1737,0,1737,0,0,22243,1737,22243,0,0,0,0.099829625000000005,1706673258.7196975,1
296,1706673258.7197011,1706673258.8195305,1706673258.7124736,1706673258.8117995,11,1,7999,23995,22134,1861,0,1861,0,0,22134,1861,22134,0,0,0,0.099837845000000008,1706673258.8195388,1
297,1706673258.820339,1706673258.9201667,1706673258.8117995,1706673258.912343,11,1,8000,23999,22117,1882,0,1882,0,0,22117,1882,22117,0,0,0,0.099836025000000009,1706673258.9201751,1
298,1706673258.9201791,1706673259.0200045,1706673258.912343,1706673259.0114019,11,1,7997,23993,21922,2071,0,2071,0,0,21922,2071,21922,0,0,0,0.099833645000000013,1706673259.0200129,1
299,1706673259.0200164,1706673259.1198354,1706673259.0114019,1706673259.1119833,11,1,7976,23941,22051,1890,0,1890,0,0,22051,1890,22051,0,0,0,0.099827265000000012,1706673259.1198437,1
300,1706673259.1198475,1706673259.2196796,1706673259.1119833,1706673259.2114999,11,1,7962,23898,21970,1928,0,1928,0,0,21970,1928,21970,0,0,0,0.099840305000000004,1706673259.2196879,1
301,1706673259.2196908,1706673259.319521,1706673259.2114999,1706673259.3119338,11,1,7970,23890,22087,1803,0,1803,0,0,22087,1803,22087,0,0,0,0.099838525000000011,1706673259.3195293,1
302,1706673259.3203301,1706673259.4201577,1706673259.3119338,1706673259.4120424,11,1,7985,23962,22010,1952,0,1952,0,0,22010,1952,22010,0,0,0,0.099835965000000013,1706673259.420166,1
303,1706673259.4201691,1706673259.519989,1706673259.4120424,1706673259.5119705,11,1,8000,23999,22070,1929,0,1929,0,0,22070,1929,22070,0,0,0,0.099828205000000003,1706673259.5199974,1
304,1706673259.5200012,1706673259.619817,1706673259.5119705,1706673259.6116111,11,1,8000,24000,22024,1976,0,1976,0,0,22024,1976,22024,0,0,0,0.099824285000000013,1706673259.6198254,1
305,1706673259.6198297,1706673259.7196579,1706673259.6116111,1706673259.7123621,11,1,8000,23999,22243,1756,0,1756,0,0,22243,1756,22243,0,0,0,0.099836565000000002,1706673259.7196662,1
306,1706673259.7196691,1706673259.8195136,1706673259.7123621,1706673259.811774,11,1,7999,23999,22137,1862,0,1862,0,0,22137,1862,22137,0,0,0,0.099852865000000013,1706673259.8195219,1
307,1706673259.8203235,1706673259.9201529,1706673259.811774,1706673259.9123089,11,1,7997,23994,22106,1888,0,1888,0,0,22106,1888,22106,0,0,0,0.099837845000000008,1706673259.9201612,1
308,1706673259.9201651,1706673260.0199859,1706673259.9123089,1706673260.0116265,11,1,7999,23996,21984,2012,0,2012,0,0,21984,2012,21984,0,0,0,0.099829085000000012,1706673260.0199943,1
309,1706673260.0199978,1706673260.119823,1706673260.0116265,1706673260.1121798,11,1,7999,23999,22159,1840,0,1840,0,0,22159,1840,22159,0,0,0,0.099833385000000011,1706673260.1198313,1
310,1706673260.1198349,1706673260.2196727,1706673260.1121798,1706673260.2114894,11,1,8000,24000,22030,1970,0,1970,0,0,22030,1970,22030,0,0,0,0.099846145000000011,1706673260.219681,1
311,1706673260.2196844,1706673260.3195164,1706673260.2114894,1706673260.3119879,11,1,8000,23996,22185,1811,0,1811,0,0,22185,1811,22185,0,0,0,0.09984050500000001,1706673260.3195248,1
312,1706673260.3203266,1706673260.4201493,1706673260.3119879,1706673260.4125035,11,1,7934,23828,21989,1839,0,1839,0,0,21989,1839,21989,0,0,0,0.099831105000000003,1706673260.4201577,1
313,1706673260.420161,1706673260.5199876,1706673260.4125035,1706673260.5125785,11,1,7960,23873,22089,1784,0,1784,0,0,22089,1784,22089,0,0,0,0.099834925000000005,1706673260.5199959,1
314,1706673260.519999,1706673260.6198378,1706673260.5125785,1706673260.6122494,11,1,7950,23814,22011,1803,0,1803,0,0,22011,1803,22011,0,0,0,0.099847145000000012,1706673260.6198461,1
315,1706673260.6198497,1706673260.7196822,1706673260.6122494,1706673260.7117529,11,1,7912,23726,21848,1878,0,1878,0,0,21848,1878,21848,0,0,0,0.099840945,1706673260.7196906,1
316,1706673260.7196941,1706673260.8195283,1706673260.7117529,1706673260.8117273,11,1,7863,23495,21648,1847,0,1847,0,0,21648,1847,21648,0,0,0,0.099842585000000011,1706673260.8195367,1
317,1706673260.8203392,1706673260.920161,1706673260.8117273,1706673260.9124632,11,1,7865,23419,21602,1817,0,1817,0,0,21602,1817,21602,0,0,0,0.099826037000000006,1706673260.9201653,1
318,1706673260.9201858,1706673261.0200095,1706673260.9124632,1706673261.0120926,11,1,7868,23533,21711,1822,0,1822,0,0,21711,1822,21711,0,0,0,0.099831945000000005,1706673261.0200179,1
319,1706673261.0200205,1706673261.1198673,1706673261.0120926,1706673261.1125293,11,1,7902,23698,22018,1680,0,1680,0,0,22018,1680,22018,0,0,0,0.099855185000000013,1706673261.1198757,1
320,1706673261.1198788,1706673261.2197053,1706673261.1125293,1706673261.2121425,11,1,7930,23776,22017,1759,0,1759,0,0,22017,1759,22017,0,0,0,0.099834825000000002,1706673261.2197137,1
321,1706673261.2197163,1706673261.319546,1706673261.2121425,1706673261.3129494,11,1,7924,23786,22257,1529,0,1529,0,0,22257,1529,22257,0,0,0,0.099838045,1706673261.3195543,1
322,1706673261.3203576,1706673261.4201946,1706673261.3129494,1706673261.4121585,11,1,7931,23786,21920,1866,0,1866,0,0,21920,1866,21920,0,0,0,0.099845425000000002,1706673261.420203,1
323,1706673261.4202063,1706673261.5200348,1706673261.4121585,1706673261.5125692,11,1,7951,23823,22027,1796,0,1796,0,0,22027,1796,22027,0,0,0,0.099836785000000011,1706673261.5200431,1
324,1706673261.5200467,1706673261.6198657,1706673261.5125692,1706673261.6120663,11,1,7943,23815,21938,1877,0,1877,0,0,21938,1877,21938,0,0,0,0.099827325000000008,1706673261.619874,1
325,1706673261.6198771,1706673261.7197032,1706673261.6120663,1706673261.711797,11,1,7925,23787,21885,1902,0,1902,0,0,21885,1902,21885,0,0,0,0.099834345000000005,1706673261.7197115,1
326,1706673261.7197149,1706673261.8195591,1706673261.711797,1706673261.8070755,11,1,7919,23732,20775,2957,0,2957,0,0,20775,2957,20775,0,0,0,0.099852485000000005,1706673261.8195674,1
327,1706673261.820369,1706673261.9202137,1706673261.8070755,1706673261.910814,11,1,7864,23565,21356,2209,0,2209,0,0,21356,2209,21356,0,0,0,0.099852945000000012,1706673261.920222,1
328,1706673261.9202261,1706673262.020051,1706673261.910814,1706673262.0117004,11,1,7816,23371,21389,1982,0,1982,0,0,21389,1982,21389,0,0,0,0.099833285000000008,1706673262.0200593,1
329,1706673262.0200632,1706673262.1198957,1706673262.0117004,1706673262.1112547,11,1,7779,23242,21203,2039,0,2039,0,0,21203,2039,21203,0,0,0,0.099840905000000008,1706673262.119904,1
330,1706673262.1199074,1706673262.2197452,1706673262.1112547,1706673262.2114348,11,1,7876,23628,21661,1967,0,1967,0,0,21661,1967,21661,0,0,0,0.099846225000000011,1706673262.2197535,1
331,1706673262.2197568,1706673262.3195903,1706673262.2114348,1706673262.3108625,11,1,7903,23726,21631,2095,0,2095,0,0,21631,2095,21631,0,0,0,0.099841865000000002,1706673262.3195987,1
332,1706673262.3200014,1706673262.4198427,1706673262.3108625,1706673262.4115801,11,1,7904,23735,21746,1989,0,1989,0,0,21746,1989,21746,0,0,0,0.099849745000000004,1706673262.4198511,1
333,1706673262.4198549,1706673262.5196848,1706673262.4115801,1706673262.510957,11,1,7924,23779,21679,2100,0,2100,0,0,21679,2100,21679,0,0,0,0.099838145000000003,1706673262.5196931,1
334,1706673262.519696,1706673262.6195092,1706673262.510957,1706673262.6116118,11,1,7939,23790,21889,1901,0,1901,0,0,21889,1901,21889,0,0,0,0.099821565000000001,1706673262.6195176,1
335,1706673262.6203194,1706673262.7201364,1706673262.6116118,1706673262.7116718,11,1,7917,23737,21732,2005,0,2005,0,0,21732,2005,21732,0,0,0,0.099825445000000013,1706673262.7201447,1
336,1706673262.7201486,1706673262.8199806,1706673262.7116718,1706673262.8111982,11,1,7723,23265,21240,2025,0,2025,0,0,21240,2025,21240,0,0,0,0.099840305000000004,1706673262.819989,1
337,1706673262.8199928,1706673262.9198303,1706673262.8111982,1706673262.9115758,11,1,7864,23634,21648,1986,0,1986,0,0,21648,1986,21648,0,0,0,0.099845925000000002,1706673262.9198387,1
338,1706673262.9198425,1706673263.019665,1706673262.9115758,1706673263.0109611,11,1,7921,23750,21658,2092,0,2092,0,0,21658,2092,21658,0,0,0,0.099830865000000005,1706673263.0196733,1
339,1706673263.0196764,1706673263.119498,1706673263.0109611,1706673263.1109202,11,1,7896,23689,21638,2051,0,2051,0,0,21638,2051,21638,0,0,0,0.099830004999999999,1706673263.1195064,1
340,1706673263.1203084,1706673263.2201359,1706673263.1109202,1706673263.2116177,11,1,7874,23670,21677,1993,0,1993,0,0,21677,1993,21677,0,0,0,0.099835765000000007,1706673263.2201443,1
341,1706673263.2201481,1706673263.3199739,1706673263.2116177,1706673263.3109527,11,1,7869,23704,21558,2146,0,2146,0,0,21558,2146,21558,0,0,0,0.099834265000000005,1706673263.3199823,1
342,1706673263.3199866,1706673263.419822,1706673263.3109527,1706673263.411499,11,1,7844,23538,21598,1940,0,1940,0,0,21598,1940,21598,0,0,0,0.099843745000000012,1706673263.4198303,1
343,1706673263.4198332,1706673263.5196679,1706673263.411499,1706673263.5109878,11,1,7887,23694,21665,2029,0,2029,0,0,21665,2029,21665,0,0,0,0.099842925000000013,1706673263.5196762,1
344,1706673263.51968,1706673263.6194973,1706673263.5109878,1706673263.6114278,11,1,7896,23699,21793,1906,0,1906,0,0,21793,1906,21793,0,0,0,0.099825525000000012,1706673263.6195056,1
345,1706673263.6203074,1706673263.7201388,1706673263.6114278,1706673263.710933,11,1,7870,23638,21423,2215,0,2215,0,0,21423,2215,21423,0,0,0,0.099839625000000001,1706673263.7201471,1
346,1706673263.7201505,1706673263.8199823,1706673263.710933,1706673263.8112433,11,1,7829,23590,21492,2098,0,2098,0,0,21492,2098,21492,0,0,0,0.099840065000000006,1706673263.8199906,1
347,1706673263.8199942,1706673263.9198375,1706673263.8112433,1706673263.9118798,11,1,7823,23587,21684,1903,0,1903,0,0,21684,1903,21684,0,0,0,0.099851485000000004,1706673263.9198456,1
348,1706673263.9198482,1706673264.0196619,1706673263.9118798,1706673264.011462,11,1,7850,23673,21768,1905,0,1905,0,0,21768,1905,21768,0,0,1.2501000000000001e-05,0.099821985000000002,1706673264.0196702,1
349,1706673264.0196748,1706673264.1195164,1706673264.011462,1706673264.111058,11,1,7846,23614,21587,2027,0,2027,0,0,21587,2027,21587,0,0,0,0.099849845000000007,1706673264.1195247,1
350,1706673264.1203258,1706673264.2201641,1706673264.111058,1706673264.2111454,11,1,7917,23756,21589,2167,0,2167,0,0,21589,2167,21589,0,0,0,0.099846605000000005,1706673264.2201724,1
351,1706673264.2201753,1706673264.3200011,1706673264.2111454,1706673264.31159,11,1,7926,23780,21815,1965,0,1965,0,0,21815,1965,21815,0,0,0,0.099834205000000009,1706673264.3200095,1
352,1706673264.320013,1706673264.4198349,1706673264.31159,1706673264.4120235,11,1,7934,23818,21995,1823,0,1823,0,0,21995,1823,21995,0,0,0,0.099830225000000009,1706673264.4198432,1
353,1706673264.4198463,1706673264.5196805,1706673264.4120235,1706673264.5115585,11,1,7936,23806,21898,1908,0,1908,0,0,21898,1908,21898,0,0,0,0.099842445000000002,1706673264.5196888,1
354,1706673264.5196934,1706673264.6195135,1706673264.5115585,1706673264.6114433,11,1,7906,23754,21856,1898,0,1898,0,0,21856,1898,21856,0,0,0,0.099828425000000012,1706673264.6195219,1
355,1706673264.6203244,1706673264.7201483,1706673264.6114433,1706673264.7112291,11,1,7863,23633,21552,2081,0,2081,0,0,21552,2081,21552,0,0,0,0.099832185000000004,1706673264.7201567,1
356,1706673264.7201595,1706673264.8199873,1706673264.7112291,1706673264.8117635,11,1,7782,23484,21547,1937,0,1937,0,0,21547,1937,21547,0,0,0,0.099836085000000005,1706673264.8199956,1
357,1706673264.8199997,1706673264.919836,1706673264.8117635,1706673264.9111843,11,1,7897,23722,21672,2050,0,2050,0,0,21672,2050,21672,0,0,0,0.099844785000000005,1706673264.9198444,1
358,1706673264.919847,1706673265.0196729,1706673264.9111843,1706673265.0109851,11,1,7943,23814,21730,2084,0,2084,0,0,21730,2084,21730,0,0,0,0.099834105000000006,1706673265.0196812,1
359,1706673265.0196846,1706673265.1195288,1706673265.0109851,1706673265.1118238,11,1,7929,23786,21932,1854,0,1854,0,0,21932,1854,21932,0,0,0,0.099852505000000008,1706673265.1195371,1
360,1706673265.1203406,1706673265.2201719,1706673265.1118238,1706673265.2114294,11,1,7907,23740,21637,2103,0,2103,0,0,21637,2103,21637,0,0,0,0.099839685000000011,1706673265.2201803,1
361,1706673265.2201834,1706673265.3200197,1706673265.2114294,1706673265.3119965,11,1,7855,23647,21800,1847,0,1847,0,0,21800,1847,21800,0,0,0,0.099844665000000013,1706673265.3200281,1
362,1706673265.3200321,1706673265.4198544,1706673265.3119965,1706673265.411478,11,1,7746,23430,21495,1935,0,1935,0,0,21495,1935,21495,0,0,0,0.099830505,1706673265.4198625,1
363,1706673265.4198663,1706673265.5196939,1706673265.411478,1706673265.5119777,11,1,7752,23395,21577,1818,0,1818,0,0,21577,1818,21577,0,0,0,0.099835805,1706673265.5197022,1
364,1706673265.5197065,1706673265.6195393,1706673265.5119777,1706673265.6115417,11,1,7899,23730,21808,1922,0,1922,0,0,21808,1922,21808,0,0,0,0.099841125000000003,1706673265.6195476,1
365,1706673265.6203506,1706673265.7201812,1706673265.6115417,1706673265.7120349,11,1,7942,23839,21881,1958,0,1958,0,0,21881,1958,21881,0,0,0,0.099838905000000006,1706673265.7201896,1
366,1706673265.7201922,1706673265.8200045,1706673265.7120349,1706673265.8117218,11,1,7958,23869,21876,1993,0,1993,0,0,21876,1993,21876,0,0,0,0.099820505000000004,1706673265.8200128,1
367,1706673265.8200157,1706673265.9198444,1706673265.8117218,1706673265.9112368,11,1,7956,23854,21783,2071,0,2071,0,0,21783,2071,21783,0,0,0,0.099837165000000005,1706673265.9198527,1
368,1706673265.9198556,1706673266.0197003,1706673265.9112368,1706673266.0117507,11,1,7917,23768,21903,1865,0,1865,0,0,21903,1865,21903,0,0,0,0.099852925000000009,1706673266.0197086,1
369,1706673266.019712,1706673266.1195343,1706673266.0117507,1706673266.1112001,11,1,7918,23773,21824,1949,0,1949,0,0,21824,1949,21824,0,0,0,0.099830705000000006,1706673266.1195426,1
370,1706673266.1203458,1706673266.2201717,1706673266.1112001,1706673266.2115374,11,1,7814,23473,21472,2001,0,2001,0,0,21472,2001,21472,0,0,0,0.099834145000000013,1706673266.22018,1
371,1706673266.2201843,1706673266.3200207,1706673266.2115374,1706673266.3121009,11,1,7792,23325,21471,1854,0,1854,0,0,21471,1854,21471,0,0,0,0.099844725000000009,1706673266.320029,1
372,1706673266.3200321,1706673266.4198658,1706673266.3121009,1706673266.4116251,11,1,7916,23762,21828,1934,0,1934,0,0,21828,1934,21828,0,0,0,0.099842065000000008,1706673266.4198742,1
373,1706673266.4198782,1706673266.5197067,1706673266.4116251,1706673266.5115383,11,1,7922,23788,21875,1913,0,1913,0,0,21875,1913,21875,0,0,0,0.099836845000000007,1706673266.5197151,1
374,1706673266.5197179,1706673266.6195459,1706673266.5115383,1706673266.6111617,11,1,7927,23759,21792,1967,0,1967,0,0,21792,1967,21792,0,0,0,0.099836325000000004,1706673266.6195543,1
375,1706673266.6203568,1706673266.7201924,1706673266.6111617,1706673266.7114787,11,1,7827,23520,21467,2053,0,2053,0,0,21467,2053,21467,0,0,0,0.099843885000000007,1706673266.7202008,1
376,1706673266.7202048,1706673266.8200274,1706673266.7114787,1706673266.8117669,11,1,7848,23434,21515,1919,0,1919,0,0,21515,1919,21515,0,0,0,0.099830885000000008,1706673266.8200357,1
377,1706673266.8200395,1706673266.9198799,1706673266.8117669,1706673266.9121554,11,1,7897,23649,21850,1799,0,1799,0,0,21850,1799,21850,0,0,0,0.09984870500000001,1706673266.9198883,1
378,1706673266.9198916,1706673267.0197139,1706673266.9121554,1706673267.0114892,11,1,7934,23838,21883,1955,0,1955,0,0,21883,1955,21883,0,0,0,0.09983056500000001,1706673267.0197222,1
379,1706673267.0197248,1706673267.1195464,1706673267.0114892,1706673267.1113427,11,1,7896,23659,21687,1972,0,1972,0,0,21687,1972,21687,0,0,0,0.09982990500000001,1706673267.1195548,1
380,1706673267.1203551,1706673267.220186,1706673267.1113427,1706673267.2117879,11,1,7914,23722,21704,2018,0,2018,0,0,21704,2018,21704,0,0,0,0.09983926500000001,1706673267.2201943,1
381,1706673267.2201984,1706673267.3200221,1706673267.2117879,1706673267.3121703,11,1,7941,23807,21918,1889,0,1889,0,0,21918,1889,21918,0,0,0,0.099832145000000011,1706673267.3200305,1
382,1706673267.3200331,1706673267.4198627,1706673267.3121703,1706673267.4113569,11,1,7928,23793,21750,2043,0,2043,0,0,21750,2043,21750,0,0,0,0.099837925000000008,1706673267.4198711,1
383,1706673267.4198737,1706673267.5196936,1706673267.4113569,1706673267.512006,11,1,7926,23803,21956,1847,0,1847,0,0,21956,1847,21956,0,0,0,0.099828145000000007,1706673267.519702,1
384,1706673267.5197048,1706673267.6195366,1706673267.512006,1706673267.6119995,11,1,7924,23759,21945,1814,0,1814,0,0,21945,1814,21945,0,0,0,0.099840105000000012,1706673267.619545,1
385,1706673267.620348,1706673267.7201848,1706673267.6119995,1706673267.7122416,11,1,7915,23701,21824,1877,0,1877,0,0,21824,1877,21824,0,0,0,0.099845105000000003,1706673267.7201931,1
386,1706673267.720197,1706673267.8200169,1706673267.7122416,1706673267.8116434,11,1,7903,23687,21754,1933,0,1933,0,0,21754,1933,21754,0,0,0,0.09982824500000001,1706673267.8200252,1
387,1706673267.8200283,1706673267.9198611,1706673267.8116434,1706673267.9112625,11,1,7922,23739,21748,1991,0,1991,0,0,21748,1991,21748,0,0,0,0.099841045000000003,1706673267.9198694,1
388,1706673267.9198725,1706673268.0196934,1706673267.9112625,1706673268.011826,11,1,7858,23415,21566,1849,0,1849,0,0,21566,1849,21566,0,0,0,0.099829085000000012,1706673268.0197017,1
389,1706673268.0197053,1706673268.1195378,1706673268.011826,1706673268.1113281,11,1,7746,23144,21218,1926,0,1926,0,0,21218,1926,21218,0,0,0,0.099840765000000012,1706673268.1195462,1
390,1706673268.1203487,1706673268.2201765,1706673268.1113281,1706673268.2119226,11,1,7691,22953,21089,1864,0,1864,0,0,21089,1864,21089,0,0,0,0.099836025000000009,1706673268.2201848,1
391,1706673268.2201874,1706673268.3200195,1706673268.2119226,1706673268.312166,11,1,7753,23325,21458,1867,0,1867,0,0,21458,1867,21458,0,0,0,0.099840485000000007,1706673268.3200278,1
392,1706673268.3200312,1706673268.419863,1706673268.312166,1706673268.4116569,11,1,7877,23670,21696,1974,0,1974,0,0,21696,1974,21696,0,0,0,0.099840165000000008,1706673268.4198713,1
393,1706673268.4198749,1706673268.5196991,1706673268.4116569,1706673268.5121796,11,1,7926,23779,21970,1809,0,1809,0,0,21970,1809,21970,0,0,0,0.099832625000000008,1706673268.5197074,1
394,1706673268.5197101,1706673268.6195414,1706673268.5121796,1706673268.6116107,11,1,7926,23800,21926,1874,0,1874,0,0,21926,1874,21926,0,0,0,0.099839565000000005,1706673268.6195495,1
395,1706673268.6203506,1706673268.7201693,1706673268.6116107,1706673268.711365,11,1,7955,23889,21785,2104,0,2104,0,0,21785,2104,21785,0,0,0,0.09982700500000001,1706673268.7201777,1
396,1706673268.720181,1706673268.8200016,1706673268.711365,1706673268.8123474,11,1,7959,23873,22034,1839,0,1839,0,0,22034,1839,22034,0,0,0,0.099828844999999999,1706673268.8200099,1
397,1706673268.8200133,1706673268.9198463,1706673268.8123474,1706673268.91172,11,1,7950,23815,21858,1957,0,1957,0,0,21858,1957,21858,0,0,0,0.099841405000000008,1706673268.9198546,1
398,1706673268.9198582,1706673269.0196824,1706673268.91172,1706673269.0122361,11,1,7915,23764,21971,1793,0,1793,0,0,21971,1793,21971,0,0,0,0.099832525000000005,1706673269.0196908,1
399,1706673269.0196946,1706673269.1195266,1706673269.0122361,1706673269.1116393,11,1,7929,23802,21905,1897,0,1897,0,0,21905,1897,21905,0,0,0,0.099840305000000004,1706673269.119535,1
400,1706673269.1203358,1706673269.220155,1706673269.1116393,1706673269.2122924,11,1,7943,23827,21936,1891,0,1891,0,0,21936,1891,21936,0,0,0,0.099827465000000004,1706673269.2201633,1
401,1706673269.2201674,1706673269.3199914,1706673269.2122924,1706673269.3115361,11,1,7942,23837,21801,2036,0,2036,0,0,21801,2036,21801,0,0,0,0.099832225000000011,1706673269.3199997,1
402,1706673269.3200033,1706673269.4198291,1706673269.3115361,1706673269.4120169,11,1,7921,23763,21891,1872,0,1872,0,0,21891,1872,21891,0,0,0,0.099834205000000009,1706673269.4198375,1
403,1706673269.419842,1706673269.5196795,1706673269.4120169,1706673269.5114634,11,1,7925,23779,21805,1974,0,1974,0,0,21805,1974,21805,0,0,0,0.099845765000000003,1706673269.5196877,1
404,1706673269.5196915,1706673269.6195261,1706673269.5114634,1706673269.6120214,11,1,7936,23801,22005,1796,0,1796,0,0,22005,1796,22005,0,0,0,0.099842985000000009,1706673269.6195345,1
405,1706673269.6203358,1706673269.7201638,1706673269.6120214,1706673269.7124226,11,1,7917,23763,21901,1862,0,1862,0,0,21901,1862,21901,0,0,0,0.09983636500000001,1706673269.7201722,1
406,1706673269.7201746,1706673269.8200066,1706673269.7124226,1706673269.8119056,11,1,7868,23612,21682,1930,0,1930,0,0,21682,1930,21682,0,0,0,0.099840285000000001,1706673269.820015,1
407,1706673269.8200178,1706673269.9198287,1706673269.8119056,1706673269.9121819,11,1,7656,23004,21295,1709,0,1709,0,0,21295,1709,21295,0,0,0,0.099819185000000005,1706673269.919837,1
408,1706673269.9198411,1706673270.0196733,1706673269.9121819,1706673270.0115483,11,1,7698,23200,21296,1904,0,1904,0,0,21296,1904,21296,0,0,0,0.099840685000000012,1706673270.0196817,1
409,1706673270.019685,1706673270.1195009,1706673270.0115483,1706673270.1120558,11,1,7866,23604,21865,1739,0,1739,0,0,21865,1739,21865,0,0,0,0.09982418500000001,1706673270.1195092,1
410,1706673270.1203108,1706673270.2201397,1706673270.1120558,1706673270.211565,11,1,7926,23807,21778,2029,0,2029,0,0,21778,2029,21778,0,0,0,0.099837185000000009,1706673270.2201481,1
411,1706673270.2201514,1706673270.3199856,1706673270.211565,1706673270.312093,11,1,7946,23828,21946,1882,0,1882,0,0,21946,1882,21946,0,0,0,0.099842545000000005,1706673270.319994,1
412,1706673270.3199985,1706673270.4198251,1706673270.312093,1706673270.4117079,11,1,7948,23846,21904,1942,0,1942,0,0,21904,1942,21904,0,0,0,0.099834945000000008,1706673270.4198334,1
413,1706673270.4198363,1706673270.5196691,1706673270.4117079,1706673270.5124202,11,1,7904,23724,21988,1736,0,1736,0,0,21988,1736,21988,0,0,0,0.099841065000000007,1706673270.5196774,1
414,1706673270.519681,1706673270.6195076,1706673270.5124202,1706673270.6119289,11,1,7688,23122,21367,1755,0,1755,0,0,21367,1755,21367,0,0,0,0.099834805000000013,1706673270.6195159,1
415,1706673270.6203189,1706673270.7201626,1706673270.6119289,1706673270.7120457,11,1,7661,22891,21048,1843,0,1843,0,0,21048,1843,21048,0,0,0,0.09985218500000001,1706673270.720171,1
416,1706673270.7201738,1706673270.8199785,1706673270.7120457,1706673270.8074632,11,1,7793,23288,20363,2925,0,2925,0,0,20363,2925,20363,0,0,0,0.099812925000000011,1706673270.8199868,1
417,1706673270.8199904,1706673270.9198291,1706673270.8074632,1706673270.9105985,11,1,7832,23406,21273,2133,0,2133,0,0,21273,2133,21273,0,0,0,0.099847085000000002,1706673270.9198375,1
418,1706673270.919842,1706673271.01967,1706673270.9105985,1706673271.0114663,11,1,7786,23378,21416,1962,0,1962,0,0,21416,1962,21416,0,0,0,0.099836345000000007,1706673271.0196784,1
419,1706673271.0196807,1706673271.1195061,1706673271.0114663,1706673271.1107526,11,1,7799,23420,21323,2097,0,2097,0,0,21323,2097,21323,0,0,0,0.099833825000000001,1706673271.1195145,1
420,1706673271.1203156,1706673271.2201383,1706673271.1107526,1706673271.2106824,11,1,7779,23324,21132,2192,0,2192,0,0,21132,2192,21132,0,0,0,0.099831125000000007,1706673271.2201467,1
421,1706673271.2201509,1706673271.3199689,1706673271.2106824,1706673271.3112059,11,1,7750,23148,21131,2017,0,2017,0,0,21131,2017,21131,0,0,0,0.099826285000000001,1706673271.3199773,1
422,1706673271.3199801,1706673271.4197993,1706673271.3112059,1706673271.4111452,11,1,7770,23258,21229,2029,0,2029,0,0,21229,2029,21229,0,0,0,0.099827565000000007,1706673271.4198077,1
423,1706673271.4198117,1706673271.5196366,1706673271.4111452,1706673271.5106757,11,1,7810,23340,21231,2109,0,2109,0,0,21231,2109,21231,0,0,0,0.099833285000000008,1706673271.519645,1
424,1706673271.5200484,1706673271.6198752,1706673271.5106757,1706673271.6111076,11,1,7869,23559,21495,2064,0,2064,0,0,21495,2064,21495,0,0,0,0.099835105000000007,1706673271.6198835,1
425,1706673271.6198866,1706673271.7197118,1706673271.6111076,1706673271.7117095,11,1,7931,23759,21838,1921,0,1921,0,0,21838,1921,21838,0,0,0,0.099833585000000002,1706673271.7197201,1
426,1706673271.7197239,1706673271.8195536,1706673271.7117095,1706673271.8111546,11,1,7928,23737,21736,2001,0,2001,0,0,21736,2001,21736,0,0,0,0.099838005000000007,1706673271.819562,1
427,1706673271.8203621,1706673271.9201763,1706673271.8111546,1706673271.910748,11,1,7948,23844,21579,2265,0,2265,0,0,21579,2265,21579,0,0,0,0.099822465000000013,1706673271.9201846,1
428,1706673271.920188,1706673272.0200183,1706673271.910748,1706673272.0114348,11,1,7927,23778,21714,2064,0,2064,0,0,21714,2064,21714,0,0,0,0.099838825000000006,1706673272.0200267,1
429,1706673272.02003,1706673272.1198604,1706673272.0114348,1706673272.1110122,11,1,7926,23765,21637,2128,0,2128,0,0,21637,2128,21637,0,0,0,0.099838805000000003,1706673272.1198688,1
430,1706673272.1198728,1706673272.2197008,1706673272.1110122,1706673272.211566,11,1,7970,23897,21939,1958,0,1958,0,0,21939,1958,21939,0,0,0,0.099836405000000003,1706673272.2197092,1
431,1706673272.2197125,1706673272.3195329,1706673272.211566,1706673272.3114209,11,1,7940,23831,21922,1909,0,1909,0,0,21922,1909,21922,0,0,0,0.099828705000000004,1706673272.3195412,1
432,1706673272.3203435,1706673272.4201667,1706673272.3114209,1706673272.4114518,11,1,7956,23862,21804,2058,0,2058,0,0,21804,2058,21804,0,0,0,0.099831605000000004,1706673272.4201751,1
433,1706673272.4201787,1706673272.5200031,1706673272.4114518,1706673272.5112696,11,1,7935,23781,21684,2097,0,2097,0,0,21684,2097,21684,0,0,0,0.099832785000000007,1706673272.5200114,1
434,1706673272.5200138,1706673272.6198308,1706673272.5112696,1706673272.6116474,11,1,7931,23783,21820,1963,0,1963,0,0,21820,1963,21820,0,0,0,0.09982534500000001,1706673272.6198392,1
435,1706673272.6198428,1706673272.7196617,1706673272.6116474,1706673272.7114007,11,1,7918,23749,21809,1940,0,1940,0,0,21809,1940,21809,0,0,0,0.099827185000000013,1706673272.7196701,1
436,1706673272.7196729,1706673272.8194911,1706673272.7114007,1706673272.8113108,11,1,7918,23737,21830,1907,0,1907,0,0,21830,1907,21830,0,0,0,0.099826545000000003,1706673272.8194995,1
437,1706673272.8203039,1706673272.9201171,1706673272.8113108,1706673272.9110403,11,1,7839,23398,21288,2110,0,2110,0,0,21288,2110,21288,0,0,0,0.099821625000000011,1706673272.9201255,1
438,1706673272.9201291,1706673273.0199571,1706673272.9110403,1706673273.0110116,11,1,7880,23580,21485,2095,0,2095,0,0,21485,2095,21485,0,0,0,0.099836245000000004,1706673273.0199654,1
439,1706673273.0199683,1706673273.1197925,1706673273.0110116,1706673273.111716,11,1,7944,23801,21900,1901,0,1901,0,0,21900,1901,21900,0,0,0,0.099832465000000009,1706673273.1198008,1
440,1706673273.1198044,1706673273.2196293,1706673273.111716,1706673273.2113631,11,1,7939,23824,21857,1967,0,1967,0,0,21857,1967,21857,0,0,0,0.099833305000000011,1706673273.2196376,1
441,1706673273.2200396,1706673273.3198576,1706673273.2113631,1706673273.3117211,11,1,7820,23418,21524,1894,0,1894,0,0,21524,1894,21524,0,0,0,0.099826265000000011,1706673273.3198659,1
442,1706673273.3198693,1706673273.4197001,1706673273.3117211,1706673273.4110157,11,1,7921,23672,21600,2072,0,2072,0,0,21600,2072,21600,0,0,0,0.099839225000000004,1706673273.4197085,1
443,1706673273.4197121,1706673273.5195343,1706673273.4110157,1706673273.5114439,11,1,7915,23745,21805,1940,0,1940,0,0,21805,1940,21805,0,0,0,0.09983064500000001,1706673273.5195427,1
444,1706673273.5203438,1706673273.6201699,1706673273.5114439,1706673273.6112683,11,1,7939,23823,21684,2139,0,2139,0,0,21684,2139,21684,0,0,0,0.099834365000000008,1706673273.6201782,1
445,1706673273.6201813,1706673273.7200141,1706673273.6112683,1706673273.7117372,11,1,7922,23763,21816,1947,0,1947,0,0,21816,1947,21816,0,0,0,0.099841104999999999,1706673273.7200224,1
446,1706673273.7200263,1706673273.8198454,1706673273.7117372,1706673273.8113561,11,1,7941,23783,21821,1962,0,1962,0,0,21821,1962,21821,0,0,0,0.099827405000000008,1706673273.8198535,1
447,1706673273.8198574,1706673273.9196866,1706673273.8113561,1706673273.911459,11,1,7958,23851,21873,1978,0,1978,0,0,21873,1978,21873,0,0,0,0.09983752500000001,1706673273.9196949,1
448,1706673273.919699,1706673274.0195372,1706673273.911459,1706673274.0114796,11,1,7956,23863,21923,1940,0,1940,0,0,21923,1940,21923,0,0,0,0.099846565000000012,1706673274.0195456,1
449,1706673274.0203478,1706673274.1201794,1706673274.0114796,1706673274.1110647,11,1,7953,23848,21692,2156,0,2156,0,0,21692,2156,21692,0,0,0,0.099839865,1706673274.1201878,1
450,1706673274.1201925,1706673274.2200158,1706673274.1110647,1706673274.2117009,11,1,7965,23875,21893,1982,0,1982,0,0,21893,1982,21893,0,0,0,0.099831525000000004,1706673274.2200241,1
451,1706673274.2200272,1706673274.3198631,1706673274.2117009,1706673274.3112247,11,1,7858,23547,21469,2078,0,2078,0,0,21469,2078,21469,0,0,0,0.099844105000000002,1706673274.3198714,1
452,1706673274.3198743,1706673274.4197044,1706673274.3112247,1706673274.4115987,11,1,7938,23784,21833,1951,0,1951,0,0,21833,1951,21833,0,0,0,0.099838405000000005,1706673274.4197128,1
453,1706673274.4197159,1706673274.5195346,1706673274.4115987,1706673274.5110605,11,1,7937,23802,21762,2040,0,2040,0,0,21762,2040,21762,0,0,0,0.099827104999999999,1706673274.5195429,1
454,1706673274.520345,1706673274.6201534,1706673274.5110605,1706673274.6117387,11,1,7915,23727,21781,1946,0,1946,0,0,21781,1946,21781,0,0,0,0.099816725000000009,1706673274.6201618,1
455,1706673274.6201651,1706673274.7200036,1706673274.6117387,1706673274.7111921,11,1,7922,23733,21612,2121,0,2121,0,0,21612,2121,21612,0,0,0,0.099846785000000007,1706673274.7200119,1
456,1706673274.720015,1706673274.8198431,1706673274.7111921,1706673274.8116415,11,1,7957,23871,21896,1975,0,1975,0,0,21896,1975,21896,0,0,0,0.099836225000000001,1706673274.8198512,1
457,1706673274.8198543,1706673274.919677,1706673274.8116415,1706673274.9111145,11,1,7954,23857,21796,2061,0,2061,0,0,21796,2061,21796,0,0,0,0.099831164999999999,1706673274.9196854,1
458,1706673274.9196882,1706673275.0195179,1706673274.9111145,1706673275.0116653,11,1,7939,23824,21934,1890,0,1890,0,0,21934,1890,21934,0,0,0,0.099837905000000005,1706673275.0195262,1
459,1706673275.020329,1706673275.1201568,1706673275.0116653,1706673275.1114683,11,1,7949,23840,21754,2086,0,2086,0,0,21754,2086,21754,0,0,0,0.099836005000000005,1706673275.1201651,1
460,1706673275.1201689,1706673275.2200005,1706673275.1114683,1706673275.2118764,11,1,7960,23884,21930,1954,0,1954,0,0,21930,1954,21930,0,0,0,0.099839944999999999,1706673275.2200089,1
461,1706673275.2200124,1706673275.3198283,1706673275.2118764,1706673275.311446,11,1,7945,23849,21832,2017,0,2017,0,0,21832,2017,21832,0,0,0,0.099824165000000006,1706673275.3198366,1
462,1706673275.3198407,1706673275.4196615,1706673275.311446,1706673275.4119647,11,1,7957,23870,22020,1850,0,1850,0,0,22020,1850,22020,0,0,4.1670000000000001e-06,0.099829205000000004,1706673275.4196699,1
463,1706673275.4196727,1706673275.5195105,1706673275.4119647,1706673275.5114002,11,1,7930,23771,21825,1946,0,1946,0,0,21825,1946,21825,0,0,0,0.099846065000000012,1706673275.5195189,1
464,1706673275.5203211,1706673275.6201422,1706673275.5114002,1706673275.6119559,11,1,7930,23751,21783,1968,0,1968,0,0,21783,1968,21783,0,0,0,0.09982932500000001,1706673275.6201506,1
465,1706673275.6201532,1706673275.7199831,1706673275.6119559,1706673275.7113683,11,1,7935,23802,21735,2067,0,2067,0,0,21735,2067,21735,0,0,0,0.09983818500000001,1706673275.7199914,1
466,1706673275.719995,1706673275.8198252,1706673275.7113683,1706673275.8118646,11,1,7929,23757,21845,1912,0,1912,0,0,21845,1912,21845,0,0,0,0.099838405000000005,1706673275.8198335,1
467,1706673275.8198369,1706673275.9196498,1706673275.8118646,1706673275.9113383,11,1,7950,23827,21904,1923,0,1923,0,0,21904,1923,21904,0,0,0,0.099821265000000006,1706673275.9196582,1
468,1706673275.9200599,1706673276.0198667,1706673275.9113383,1706673276.0116127,11,1,7959,23869,21883,1986,0,1986,0,0,21883,1986,21883,0,0,0,0.099815205000000004,1706673276.019875,1
469,1706673276.0198791,1706673276.1197174,1706673276.0116127,1706673276.1113787,11,1,7891,23703,21696,2007,0,2007,0,0,21696,2007,21696,0,0,0,0.099846685000000004,1706673276.1197257,1
470,1706673276.1197295,1706673276.2195585,1706673276.1113787,1706673276.2117732,11,1,7957,23874,22002,1872,0,1872,0,0,22002,1872,22002,0,0,0,0.099837225000000002,1706673276.2195668,1
471,1706673276.2203691,1706673276.3202038,1706673276.2117732,1706673276.3115287,11,1,7971,23912,21826,2086,0,2086,0,0,21826,2086,21826,0,0,0,0.099842965000000006,1706673276.3202121,1
472,1706673276.3202143,1706673276.4200337,1706673276.3115287,1706673276.4111066,11,1,7974,23900,21752,2148,0,2148,0,0,21752,2148,21752,0,0,0,0.099827745000000009,1706673276.420042,1
473,1706673276.4200456,1706673276.519861,1706673276.4111066,1706673276.5115845,11,1,7934,23811,21832,1979,0,1979,0,0,21832,1979,21832,0,0,0,0.099823625000000013,1706673276.5198693,1
474,1706673276.5198727,1706673276.6196969,1706673276.5115845,1706673276.6121573,11,1,7895,23660,21925,1735,0,1735,0,0,21925,1735,21925,0,0,0,0.099832525000000005,1706673276.6197052,1
475,1706673276.6197093,1706673276.7195191,1706673276.6121573,1706673276.7120144,11,1,7934,23805,22075,1730,0,1730,0,0,22075,1730,22075,0,0,0,0.099818165,1706673276.7195275,1
476,1706673276.7203307,1706673276.8201568,1706673276.7120144,1706673276.8119681,11,1,7943,23803,21836,1967,0,1967,0,0,21836,1967,21836,0,0,0,0.099834325000000002,1706673276.8201652,1
477,1706673276.820168,1706673276.9200051,1706673276.8119681,1706673276.9116585,11,1,7941,23807,21802,2005,0,2005,0,0,21802,2005,21802,0,0,0,0.099845405000000012,1706673276.9200134,1
478,1706673276.9200165,1706673277.0198355,1706673276.9116585,1706673277.0116498,11,1,7966,23888,21924,1964,0,1964,0,0,21924,1964,21924,0,0,0,0.099827385000000005,1706673277.0198438,1
479,1706673277.0198476,1706673277.1196744,1706673277.0116498,1706673277.1120272,11,1,7954,23835,21998,1837,0,1837,0,0,21998,1837,21998,0,0,0,0.099835125000000011,1706673277.1196828,1
480,1706673277.1196868,1706673277.2194998,1706673277.1120272,1706673277.2114,11,1,7904,23706,21828,1878,0,1878,0,0,21828,1878,21828,0,0,0,0.099821345000000006,1706673277.2195082,1
481,1706673277.2203088,1706673277.3201408,1706673277.2114,1706673277.3120754,11,1,7928,23755,21879,1876,0,1876,0,0,21879,1876,21879,0,0,0,0.09984042500000001,1706673277.3201492,1
482,1706673277.3201532,1706673277.4199767,1706673277.3120754,1706673277.4114957,11,1,7930,23778,21746,2032,0,2032,0,0,21746,2032,21746,0,0,0,0.099831845000000002,1706673277.4199851,1
483,1706673277.4199889,1706673277.5198085,1706673277.4114957,1706673277.5119667,11,1,7934,23821,21971,1850,0,1850,0,0,21971,1850,21971,0,0,0,0.099827885000000005,1706673277.5198166,1
484,1706673277.51982,1706673277.6196446,1706673277.5119667,1706673277.6115742,11,1,7943,23821,21958,1863,0,1863,0,0,21958,1863,21958,0,0,0,0.099833085000000002,1706673277.619653,1
485,1706673277.620055,1706673277.7198763,1706673277.6115742,1706673277.7122171,11,1,7956,23862,22022,1840,0,1840,0,0,22022,1840,22022,0,0,0,0.099829645000000009,1706673277.7198846,1
486,1706673277.719888,1706673277.81971,1706673277.7122171,1706673277.8116233,11,1,7926,23783,21835,1948,0,1948,0,0,21835,1948,21835,0,0,0,0.099830385000000008,1706673277.8197184,1
487,1706673277.8197224,1706673277.9195611,1706673277.8116233,1706673277.9114103,11,1,7920,23759,21798,1961,0,1961,0,0,21798,1961,21798,0,0,0,0.099847045000000009,1706673277.9195695,1
488,1706673277.9203718,1706673278.0202057,1706673277.9114103,1706673278.0121324,11,1,7916,23701,21829,1872,0,1872,0,0,21829,1872,21829,0,0,0,0.09984224500000001,1706673278.0202141,1
489,1706673278.0202177,1706673278.1200421,1706673278.0121324,1706673278.1118195,11,1,7955,23812,21833,1979,0,1979,0,0,21833,1979,21833,0,0,0,0.099832645000000012,1706673278.1200502,1
490,1706673278.1200535,1706673278.2198756,1706673278.1118195,1706673278.2112951,11,1,7896,23686,21622,2064,0,2064,0,0,21622,2064,21622,0,0,0,0.099830465000000007,1706673278.2198839,1
491,1706673278.2198875,1706673278.3197064,1706673278.2112951,1706673278.3122735,11,1,7907,23669,21891,1778,0,1778,0,0,21891,1778,21891,0,0,0,0.099827365000000001,1706673278.3197148,1
492,1706673278.3197179,1706673278.4195561,1706673278.3122735,1706673278.4116275,11,1,7855,23476,21640,1836,0,1836,0,0,21640,1836,21640,0,0,0,0.099846605000000005,1706673278.4195645,1
493,1706673278.4203663,1706673278.5201943,1706673278.4116275,1706673278.5115819,11,1,7889,23544,21548,1996,0,1996,0,0,21548,1996,21548,0,0,0,0.099836345000000007,1706673278.5202026,1
494,1706673278.5202062,1706673278.6200452,1706673278.5115819,1706673278.611445,11,1,7929,23744,21679,2065,0,2065,0,0,21679,2065,21679,0,0,0,0.099847265000000004,1706673278.6200535,1
495,1706673278.6200573,1706673278.7198756,1706673278.611445,1706673278.7120259,11,1,7899,23639,21749,1890,0,1890,0,0,21749,1890,21749,0,0,0,0.099826645000000006,1706673278.7198839,1
496,1706673278.7198877,1706673278.8197193,1706673278.7120259,1706673278.8113744,11,1,7900,23715,21780,1935,0,1935,0,0,21780,1935,21780,0,0,0,0.099839865,1706673278.8197277,1
497,1706673278.819732,1706673278.9195733,1706673278.8113744,1706673278.9113498,11,1,7975,23911,21934,1977,0,1977,0,0,21934,1977,21934,0,0,0,0.099849765000000007,1706673278.9195817,1
498,1706673278.9203839,1706673279.0202134,1706673278.9113498,1706673279.01214,11,1,7938,23831,21889,1942,0,1942,0,0,21889,1942,21889,0,0,0,0.099837685000000009,1706673279.0202217,1
499,1706673279.0202246,1706673279.1200521,1706673279.01214,1706673279.1114864,11,1,7952,23856,21794,2062,0,2062,0,0,21794,2062,21794,0,0,0,0.099835805,1706673279.1200604,1
500,1706673279.1200635,1706673279.2198818,1706673279.1114864,1706673279.2120631,11,1,7958,23895,22014,1881,0,1881,0,0,22014,1881,22014,0,0,0,0.09982650500000001,1706673279.2198901,1
501,1706673279.2198925,1706673279.3197112,1706673279.2120631,1706673279.3117146,11,1,7955,23837,21928,1909,0,1909,0,0,21928,1909,21928,0,0,0,0.099827025,1706673279.3197196,1
502,1706673279.3197236,1706673279.4195502,1706673279.3117146,1706673279.4113848,11,1,7919,23775,21862,1913,0,1913,0,0,21862,1913,21862,0,0,0,0.099834985000000001,1706673279.4195585,1
503,1706673279.4203601,1706673279.5201776,1706673279.4113848,1706673279.5120108,11,1,7835,23458,21543,1915,0,1915,0,0,21543,1915,21543,0,0,0,0.099825965000000003,1706673279.5201859,1
504,1706673279.5201893,1706673279.6200202,1706673279.5120108,1706673279.6113706,11,1,7824,23480,21457,2023,0,2023,0,0,21457,2023,21457,0,0,0,0.099839145000000004,1706673279.6200285,1
505,1706673279.6200316,1706673279.7198553,1706673279.6113706,1706673279.7119625,11,1,7909,23713,21872,1841,0,1841,0,0,21872,1841,21872,0,0,0,0.099832025000000005,1706673279.7198637,1
506,1706673279.7198677,1706673279.8196959,1706673279.7119625,1706673279.8073688,11,1,7935,23794,20887,2907,0,2907,0,0,20887,2907,20887,0,0,0,0.099836545000000013,1706673279.8197043,1
507,1706673279.8197072,1706673279.9195247,1706673279.8073688,1706673279.9112008,11,1,7942,23834,21831,2003,0,2003,0,0,21831,2003,21831,0,0,0,0.099825745000000007,1706673279.919533,1
508,1706673279.9203334,1706673280.0201716,1706673279.9112008,1706673280.0106916,11,1,7959,23853,21578,2275,0,2275,0,0,21578,2275,21578,0,0,0,0.099846485000000013,1706673280.02018,1
509,1706673280.0201836,1706673280.1200154,1706673280.0106916,1706673280.1114476,11,1,7954,23855,21792,2063,0,2063,0,0,21792,2063,21792,0,0,0,0.099840245000000008,1706673280.1200237,1
510,1706673280.1200268,1706673280.219857,1706673280.1114476,1706673280.2106926,11,1,7951,23852,21647,2205,0,2205,0,0,21647,2205,21647,0,0,0,0.099838445000000012,1706673280.2198653,1
511,1706673280.2198682,1706673280.319705,1706673280.2106926,1706673280.311337,11,1,7946,23832,21820,2012,0,2012,0,0,21820,2012,21820,0,0,0,0.099845125000000007,1706673280.3197134,1
512,1706673280.3197169,1706673280.4195299,1706673280.311337,1706673280.4108357,11,1,7933,23781,21693,2088,0,2088,0,0,21693,2088,21693,0,0,0,0.099821385000000012,1706673280.4195383,1
513,1706673280.420341,1706673280.5201805,1706673280.4108357,1706673280.5106919,11,1,7953,23831,21551,2280,0,2280,0,0,21551,2280,21551,0,0,0,0.099847885000000011,1706673280.5201888,1
514,1706673280.5201924,1706673280.6200261,1706673280.5106919,1706673280.6106992,11,1,7936,23812,21572,2240,0,2240,0,0,21572,2240,21572,0,0,0,0.099842145000000007,1706673280.6200345,1
515,1706673280.6200378,1706673280.7198579,1706673280.6106992,1706673280.7112496,11,1,7958,23892,21823,2069,0,2069,0,0,21823,2069,21823,0,0,0,0.099828365000000002,1706673280.7198663,1
516,1706673280.7198701,1706673280.8197072,1706673280.7112496,1706673280.8115261,11,1,7964,23877,21936,1941,0,1941,0,0,21936,1941,21936,0,0,0,0.099845345000000002,1706673280.8197155,1
517,1706673280.8197179,1706673280.9195447,1706673280.8115261,1706673280.9111128,11,1,7956,23885,21902,1983,0,1983,0,0,21902,1983,21902,0,0,0,0.099835125000000011,1706673280.919553,1
518,1706673280.9203551,1706673281.0201793,1706673280.9111128,1706673281.0109622,11,1,7959,23868,21662,2206,0,2206,0,0,21662,2206,21662,0,0,0,0.099832425000000002,1706673281.0201876,1
519,1706673281.0201907,1706673281.1200144,1706673281.0109622,1706673281.1113653,11,1,7949,23828,21752,2076,0,2076,0,0,21752,2076,21752,0,0,0,0.099831985000000012,1706673281.1200228,1
520,1706673281.1200261,1706673281.2198496,1706673281.1113653,1706673281.2112134,11,1,7868,23578,21533,2045,0,2045,0,0,21533,2045,21533,0,0,0,0.099831705000000007,1706673281.2198579,1
521,1706673281.2198613,1706673281.3197041,1706673281.2112134,1706673281.31074,11,1,7853,23486,21388,2098,0,2098,0,0,21388,2098,21388,0,0,0,0.099851065000000003,1706673281.3197124,1
522,1706673281.3197165,1706673281.419533,1706673281.31074,1706673281.4112852,11,1,7780,23245,21340,1905,0,1905,0,0,21340,1905,21340,0,0,0,0.099824905000000005,1706673281.4195414,1
523,1706673281.4203429,1706673281.5201874,1706673281.4112852,1706673281.5105743,11,1,7931,23717,21411,2306,0,2306,0,0,21411,2306,21411,0,0,0,0.09985276500000001,1706673281.5201957,1
524,1706673281.5201993,1706673281.6200252,1706673281.5105743,1706673281.6112671,11,1,7934,23800,21692,2108,0,2108,0,0,21692,2108,21692,0,0,0,0.099834185000000006,1706673281.6200335,1
525,1706673281.6200361,1706673281.7198582,1706673281.6112671,1706673281.7107706,11,1,7947,23846,21659,2187,0,2187,0,0,21659,2187,21659,0,0,0,0.099830265000000001,1706673281.7198663,1
526,1706673281.7198701,1706673281.8197002,1706673281.7107706,1706673281.8115518,11,1,7953,23855,21896,1959,0,1959,0,0,21896,1959,21896,0,0,0,0.099838385000000002,1706673281.8197086,1
527,1706673281.8197117,1706673281.9195223,1706673281.8115518,1706673281.9107082,11,1,7949,23843,21725,2118,0,2118,0,0,21725,2118,21725,0,0,0,0.099818865000000007,1706673281.9195306,1
528,1706673281.9203339,1706673282.0201523,1706673281.9107082,1706673282.0114856,11,1,7961,23891,21806,2085,0,2085,0,0,21806,2085,21806,0,0,0,0.099826725000000005,1706673282.0201607,1
529,1706673282.020164,1706673282.1199925,1706673282.0114856,1706673282.111114,11,1,7955,23849,21714,2135,0,2135,0,0,21714,2135,21714,0,0,0,0.099836805000000001,1706673282.1200008,1
530,1706673282.1200039,1706673282.2198188,1706673282.111114,1706673282.2115629,11,1,7942,23816,21833,1983,0,1983,0,0,21833,1983,21833,0,0,0,0.099823245000000005,1706673282.2198272,1
531,1706673282.21983,1706673282.3196471,1706673282.2115629,1706673282.3115184,11,1,7938,23817,21862,1955,0,1955,0,0,21862,1955,21862,0,0,0,0.099825305000000003,1706673282.3196554,1
532,1706673282.3200586,1706673282.4198992,1706673282.3115184,1706673282.4116189,11,1,7942,23806,21815,1991,0,1991,0,0,21815,1991,21815,0,0,0,0.099849025000000008,1706673282.4199076,1
533,1706673282.4199107,1706673282.5197408,1706673282.4116189,1706673282.5111811,11,1,7969,23906,21847,2059,0,2059,0,0,21847,2059,21847,0,0,0,0.099838525000000011,1706673282.5197492,1
534,1706673282.5197532,1706673282.6195798,1706673282.5111811,1706673282.6108921,11,1,7916,23750,21734,2016,0,2016,0,0,21734,2016,21734,0,0,0,0.099834885000000012,1706673282.6195881,1
535,1706673282.6199908,1706673282.71983,1706673282.6108921,1706673282.7114081,11,1,7940,23820,21867,1953,0,1953,0,0,21867,1953,21867,0,0,0,0.099847605000000006,1706673282.7198384,1
536,1706673282.7198412,1706673282.8196647,1706673282.7114081,1706673282.8108709,11,1,7937,23800,21741,2059,0,2059,0,0,21741,2059,21741,0,0,0,0.099831785000000006,1706673282.8196731,1
537,1706673282.8196759,1706673282.9195127,1706673282.8108709,1706673282.9117157,11,1,7958,23864,21993,1871,0,1871,0,0,21993,1871,21993,0,0,0,0.09984522500000001,1706673282.9195211,1
538,1706673282.9203231,1706673283.0201566,1706673282.9117157,1706673283.0110128,11,1,7910,23698,21500,2198,0,2198,0,0,21500,2198,21500,0,0,0,0.099841785000000002,1706673283.020165,1
539,1706673283.0201676,1706673283.1200001,1706673283.0110128,1706673283.1115289,11,1,7910,23740,21712,2028,0,2028,0,0,21712,2028,21712,0,0,0,0.099840845000000011,1706673283.1200085,1
540,1706673283.1200118,1706673283.2198396,1706673283.1115289,1706673283.2107165,11,1,7952,23859,21714,2145,0,2145,0,0,21714,2145,21714,0,0,0,0.099836025000000009,1706673283.2198479,1
541,1706673283.2198515,1706673283.3196702,1706673283.2107165,1706673283.3112268,11,1,7935,23816,21824,1992,0,1992,0,0,21824,1992,21824,0,0,0,0.099827025,1706673283.3196785,1
542,1706673283.3196821,1706673283.4195094,1706673283.3112268,1706673283.4117084,11,1,7947,23785,21944,1841,0,1841,0,0,21944,1841,21944,0,0,0,0.099827291000000012,1706673283.4195094,1
543,1706673283.4203205,1706673283.520148,1706673283.4117084,1706673283.511138,11,1,7918,23745,21638,2107,0,2107,0,0,21638,2107,21638,0,0,0,0.099835845000000006,1706673283.5201564,1
544,1706673283.52016,1706673283.6199961,1706673283.511138,1706673283.6115885,11,1,7855,23473,21533,1940,0,1940,0,0,21533,1940,21533,0,0,0,0.099844465000000007,1706673283.6200044,1
545,1706673283.6200075,1706673283.7198334,1706673283.6115885,1706673283.7114191,11,1,7817,23267,21280,1987,0,1987,0,0,21280,1987,21280,0,0,0,0.09983412500000001,1706673283.7198417,1
546,1706673283.7198446,1706673283.8196678,1706673283.7114191,1706673283.8110104,11,1,7868,23490,21432,2058,0,2058,0,0,21432,2058,21432,0,0,0,0.099831625000000007,1706673283.8196762,1
547,1706673283.8196793,1706673283.9195182,1706673283.8110104,1706673283.9109712,11,1,7853,23476,21463,2013,0,2013,0,0,21463,2013,21463,0,0,0,0.099847265000000004,1706673283.9195266,1
548,1706673283.9203296,1706673284.0201697,1706673283.9109712,1706673284.0116146,11,1,7908,23642,21656,1986,0,1986,0,0,21656,1986,21656,0,0,0,0.099848605000000007,1706673284.0201781,1
549,1706673284.0201817,1706673284.120044,1706673284.0116146,1706673284.1112857,11,1,7958,23802,21702,2100,0,2100,0,0,21702,2100,21702,0,0,0,0.099870765,1706673284.1200523,1
550,1706673284.1200557,1706673284.2198861,1706673284.1112857,1706673284.2118018,11,1,7864,23553,21613,1940,0,1940,0,0,21613,1940,21613,0,0,0,0.099838605000000011,1706673284.2198942,1
551,1706673284.2198968,1706673284.3197241,1706673284.2118018,1706673284.3113384,11,1,7921,23775,21757,2018,0,2018,0,0,21757,2018,21757,0,0,0,0.099835605000000008,1706673284.3197324,1
552,1706673284.319736,1706673284.41957,1706673284.3113384,1706673284.4118145,11,1,7921,23757,21922,1835,0,1835,0,0,21922,1835,21922,0,0,0,0.099842285000000003,1706673284.4195783,1
553,1706673284.4203792,1706673284.5202045,1706673284.4118145,1706673284.5113852,11,1,7899,23645,21570,2075,0,2075,0,0,21570,2075,21570,0,0,0,0.099833725000000012,1706673284.5202129,1
554,1706673284.5202162,1706673284.6200438,1706673284.5113852,1706673284.6115754,11,1,7799,23358,21373,1985,0,1985,0,0,21373,1985,21373,0,0,0,0.099835925000000006,1706673284.6200521,1
555,1706673284.6200557,1706673284.7198851,1706673284.6115754,1706673284.7109284,11,1,7832,23386,21232,2154,0,2154,0,0,21232,2154,21232,0,0,0,0.099837845000000008,1706673284.7198935,1
556,1706673284.7198973,1706673284.81973,1706673284.7109284,1706673284.8114035,11,1,7889,23682,21740,1942,0,1942,0,0,21740,1942,21740,0,0,0,0.099841145000000006,1706673284.8197384,1
557,1706673284.8197422,1706673284.9195592,1706673284.8114035,1706673284.9119759,11,1,7919,23779,22002,1777,0,1777,0,0,22002,1777,22002,0,0,0,0.099825445000000013,1706673284.9195676,1
558,1706673284.9203703,1706673285.0202067,1706673284.9119759,1706673285.0110981,11,1,7908,23722,21571,2151,0,2151,0,0,21571,2151,21571,0,0,0,0.099844685000000002,1706673285.020215,1
559,1706673285.0202186,1706673285.1200466,1706673285.0110981,1706673285.1119182,11,1,7772,23381,21470,1911,0,1911,0,0,21470,1911,21470,0,0,0,0.099836345000000007,1706673285.120055,1
560,1706673285.1200588,1706673285.2198827,1706673285.1119182,1706673285.2115169,11,1,7751,23298,21332,1966,0,1966,0,0,21332,1966,21332,0,0,0,0.099832185000000004,1706673285.2198911,1
561,1706673285.2198937,1706673285.3197105,1706673285.2115169,1706673285.3119597,11,1,7881,23648,21786,1862,0,1862,0,0,21786,1862,21786,0,0,0,0.099825185000000011,1706673285.3197188,1
562,1706673285.3197229,1706673285.4195595,1706673285.3119597,1706673285.4112461,11,1,7876,23620,21625,1995,0,1995,0,0,21625,1995,21625,0,0,0,0.099844825000000012,1706673285.4195678,1
563,1706673285.4203694,1706673285.5202055,1706673285.4112461,1706673285.5110915,11,1,7899,23808,21679,2129,0,2129,0,0,21679,2129,21679,0,0,0,0.099844465000000007,1706673285.5202138,1
564,1706673285.5202169,1706673285.6200509,1706673285.5110915,1706673285.6115611,11,1,7833,23548,21535,2013,0,2013,0,0,21535,2013,21535,0,0,0,0.09984232500000001,1706673285.6200593,1
565,1706673285.6200628,1706673285.7199051,1706673285.6115611,1706673285.7110376,11,1,7933,23797,21729,2068,0,2068,0,0,21729,2068,21729,0,0,0,0.099850525000000009,1706673285.7199132,1
566,1706673285.7199168,1706673285.8197396,1706673285.7110376,1706673285.8115478,11,1,7930,23777,21882,1895,0,1895,0,0,21882,1895,21882,0,0,0,0.099831164999999999,1706673285.8197479,1
567,1706673285.819752,1706673285.9195845,1706673285.8115478,1706673285.911459,11,1,7926,23793,21917,1876,0,1876,0,0,21917,1876,21917,0,0,0,0.099840785000000001,1706673285.9195929,1
568,1706673285.9199958,1706673286.0198328,1706673285.911459,1706673286.0118835,11,1,7939,23839,21927,1912,0,1912,0,0,21927,1912,21927,0,0,0,0.099845485000000012,1706673286.0198412,1
569,1706673286.0198457,1706673286.1196749,1706673286.0118835,1706673286.1112275,11,1,7956,23857,21824,2033,0,2033,0,0,21824,2033,21824,0,0,0,0.099837425000000007,1706673286.1196833,1
570,1706673286.1196866,1706673286.2195122,1706673286.1112275,1706673286.2115493,11,1,7953,23864,21948,1916,0,1916,0,0,21948,1916,21948,0,0,0,0.099834065,1706673286.2195206,1
571,1706673286.2203238,1706673286.3201587,1706673286.2115493,1706673286.3110795,11,1,7923,23788,21603,2185,0,2185,0,0,21603,2185,21603,0,0,0,0.099843165000000011,1706673286.3201671,1
572,1706673286.3201704,1706673286.4199867,1706673286.3110795,1706673286.4114711,11,1,7999,23995,21944,2051,0,2051,0,0,21944,2051,21944,0,0,0,0.099824645000000004,1706673286.4199951,1
573,1706673286.4199991,1706673286.5198352,1706673286.4114711,1706673286.5119712,11,1,7901,23702,21811,1891,0,1891,0,0,21811,1891,21811,0,0,0,0.099844385000000008,1706673286.5198436,1
574,1706673286.5198464,1706673286.6196685,1706673286.5119712,1706673286.611707,11,1,7975,23933,22016,1917,0,1917,0,0,22016,1917,22016,0,0,0,0.099830305000000008,1706673286.6196768,1
575,1706673286.6196806,1706673286.7195065,1706673286.611707,1706673286.7121267,11,1,7965,23884,22108,1776,0,1776,0,0,22108,1776,22108,0,0,0,0.099834145000000013,1706673286.7195148,1
576,1706673286.7203166,1706673286.820148,1706673286.7121267,1706673286.8113828,11,1,7949,23878,21771,2107,0,2107,0,0,21771,2107,21771,0,0,0,0.099839605000000012,1706673286.8201563,1
577,1706673286.8201604,1706673286.9200091,1706673286.8113828,1706673286.9111397,11,1,7963,23858,21724,2134,0,2134,0,0,21724,2134,21724,0,0,0,0.099857105000000002,1706673286.9200175,1
578,1706673286.9200215,1706673287.0198543,1706673286.9111397,1706673287.0117064,11,1,7975,23927,21965,1962,0,1962,0,0,21965,1962,21965,0,0,0,0.099841045000000003,1706673287.0198627,1
579,1706673287.0198669,1706673287.1196845,1706673287.0117064,1706673287.1120634,11,1,7914,23774,22017,1757,0,1757,0,0,22017,1757,22017,0,0,0,0.099825905000000006,1706673287.1196928,1
580,1706673287.1196966,1706673287.219527,1706673287.1120634,1706673287.2119114,11,1,7935,23823,21990,1833,0,1833,0,0,21990,1833,21990,0,0,0,0.099838805000000003,1706673287.2195354,1
581,1706673287.2203362,1706673287.3201537,1706673287.2119114,1706673287.3117914,11,1,7920,23769,21763,2006,0,2006,0,0,21763,2006,21763,0,0,0,0.099825825000000007,1706673287.3201621,1
582,1706673287.3201649,1706673287.4199967,1706673287.3117914,1706673287.4112296,11,1,7840,23555,21516,2039,0,2039,0,0,21516,2039,21516,0,0,0,0.099840165000000008,1706673287.4200051,1
583,1706673287.4200087,1706673287.5198317,1706673287.4112296,1706673287.5116298,11,1,7879,23740,21768,1972,0,1972,0,0,21768,1972,21768,0,0,0,0.099831345000000002,1706673287.51984,1
584,1706673287.5198426,1706673287.6196628,1706673287.5116298,1706673287.6111372,11,1,7940,23818,21773,2045,0,2045,0,0,21773,2045,21773,0,0,0,0.099828485000000008,1706673287.6196711,1
585,1706673287.6196749,1706673287.7195082,1706673287.6111372,1706673287.711648,11,1,7963,23883,22012,1871,0,1871,0,0,22012,1871,22012,0,0,0,0.099841485000000008,1706673287.7195165,1
586,1706673287.7203176,1706673287.8201344,1706673287.711648,1706673287.8111854,11,1,7949,23862,21743,2119,0,2119,0,0,21743,2119,21743,0,0,0,0.099825125000000001,1706673287.8201427,1
587,1706673287.8201456,1706673287.9199667,1706673287.8111854,1706673287.9114749,11,1,7964,23877,21874,2003,0,2003,0,0,21874,2003,21874,0,0,0,0.09982940500000001,1706673287.919975,1
588,1706673287.9199779,1706673288.019804,1706673287.9114749,1706673288.011971,11,1,7962,23880,21994,1886,0,1886,0,0,21994,1886,21994,0,0,0,0.099834325000000002,1706673288.0198123,1
589,1706673288.0198152,1706673288.1196187,1706673288.011971,1706673288.1115673,11,1,7952,23855,21925,1930,0,1930,0,0,21925,1930,21925,0,0,0,0.099824305000000002,1706673288.1196394,1
590,1706673288.1200426,1706673288.2198627,1706673288.1115673,1706673288.2120869,11,1,7923,23805,21936,1869,0,1869,0,0,21936,1869,21936,0,0,0,0.099828425000000012,1706673288.219871,1
591,1706673288.2198744,1706673288.3197041,1706673288.2120869,1706673288.3116102,11,1,7920,23769,21822,1947,0,1947,0,0,21822,1947,21822,0,0,0,0.099838085000000007,1706673288.3197124,1
592,1706673288.3197153,1706673288.4195378,1706673288.3116102,1706673288.4121959,11,1,7926,23788,22023,1765,0,1765,0,0,22023,1765,22023,0,0,0,0.099830765000000002,1706673288.4195461,1
593,1706673288.420347,1706673288.5201669,1706673288.4121959,1706673288.5116155,11,1,7944,23814,21756,2058,0,2058,0,0,21756,2058,21756,0,0,0,0.09982824500000001,1706673288.5201752,1
594,1706673288.5201783,1706673288.6200039,1706673288.5116155,1706673288.6114299,11,1,7958,23865,21801,2064,0,2064,0,0,21801,2064,21801,0,0,0,0.099833985,1706673288.6200123,1
595,1706673288.6200154,1706673288.7198362,1706673288.6114299,1706673288.7117929,11,1,7943,23817,21900,1917,0,1917,0,0,21900,1917,21900,0,0,0,0.099829185000000001,1706673288.7198446,1
596,1706673288.7198489,1706673288.8196816,1706673288.7117929,1706673288.8070865,11,1,7965,23880,20870,3010,0,3010,0,0,20870,3010,20870,0,0,0,0.099841045000000003,1706673288.81969,1
597,1706673288.819694,1706673288.9195254,1706673288.8070865,1706673288.9107091,11,1,7935,23817,21712,2105,0,2105,0,0,21712,2105,21712,0,0,0,0.099839705000000001,1706673288.9195337,1
598,1706673288.9203355,1706673289.0201693,1706673288.9107091,1706673289.0110717,11,1,7931,23806,21632,2174,0,2174,0,0,21632,2174,21632,0,0,0,0.099842085000000011,1706673289.0201776,1
599,1706673289.0201819,1706673289.1200061,1706673289.0110717,1706673289.1104093,11,1,7913,23757,21464,2293,0,2293,0,0,21464,2293,21464,0,0,0,0.099832605000000005,1706673289.1200144,1
600,1706673289.1200187,1706673289.219851,1706673289.1104093,1706673289.2109706,11,1,7933,23814,21715,2099,0,2099,0,0,21715,2099,21715,0,0,0,0.099840565000000006,1706673289.2198594,1
601,1706673289.2198622,1706673289.3196864,1706673289.2109706,1706673289.3111212,11,1,7946,23862,21800,2062,0,2062,0,0,21800,2062,21800,0,0,0,0.099832505000000002,1706673289.3196948,1
602,1706673289.3196983,1706673289.4195316,1706673289.3111212,1706673289.4103632,11,1,7957,23874,21670,2204,0,2204,0,0,21670,2204,21670,0,0,0,0.09984158500000001,1706673289.4195399,1
603,1706673289.4203429,1706673289.5201697,1706673289.4103632,1706673289.5107219,11,1,7959,23867,21630,2237,0,2237,0,0,21630,2237,21630,0,0,0,0.099835065000000001,1706673289.5201781,1
604,1706673289.5201809,1706673289.6200151,1706673289.5107219,1706673289.611201,11,1,7987,23941,21819,2122,0,2122,0,0,21819,2122,21819,0,0,0,0.099842425000000012,1706673289.6200233,1
605,1706673289.6200271,1706673289.7198546,1706673289.611201,1706673289.7105823,11,1,7963,23915,21684,2231,0,2231,0,0,21684,2231,21684,0,0,0,0.099835765000000007,1706673289.7198629,1
606,1706673289.7198658,1706673289.8197043,1706673289.7105823,1706673289.8109767,11,1,7959,23875,21775,2100,0,2100,0,0,21775,2100,21775,0,0,0,0.099846765000000004,1706673289.8197126,1
607,1706673289.8197167,1706673289.9195445,1706673289.8109767,1706673289.9106824,11,1,7960,23866,21733,2133,0,2133,0,0,21733,2133,21733,0,0,0,0.099836105000000008,1706673289.9195528,1
608,1706673289.9203553,1706673290.020185,1706673289.9106824,1706673290.0104802,11,1,7929,23783,21502,2281,0,2281,0,0,21502,2281,21502,0,0,0,0.099838045,1706673290.0201933,1
609,1706673290.0201974,1706673290.120033,1706673290.0104802,1706673290.1104944,11,1,7744,23259,21001,2258,0,2258,0,0,21001,2258,21001,0,0,0,0.099843885000000007,1706673290.1200414,1
610,1706673290.1200442,1706673290.219867,1706673290.1104944,1706673290.2114046,11,1,7938,23820,21783,2037,0,2037,0,0,21783,2037,21783,0,0,0,0.09983106500000001,1706673290.2198753,1
611,1706673290.2198792,1706673290.31971,1706673290.2114046,1706673290.3108592,11,1,7939,23826,21697,2129,0,2129,0,0,21697,2129,21697,0,0,0,0.099839145000000004,1706673290.3197184,1
612,1706673290.3197215,1706673290.4195452,1706673290.3108592,1706673290.4112689,11,1,7942,23843,21852,1991,0,1991,0,0,21852,1991,21852,0,0,0,0.099832025000000005,1706673290.4195535,1
613,1706673290.4203539,1706673290.520191,1706673290.4112689,1706673290.51072,11,1,7877,23663,21404,2259,0,2259,0,0,21404,2259,21404,0,0,0,0.099845465000000008,1706673290.5201993,1
614,1706673290.5202036,1706673290.6200328,1706673290.51072,1706673290.6113188,11,1,7789,23275,21233,2042,0,2042,0,0,21233,2042,21233,0,0,0,0.099837445000000011,1706673290.6200411,1
615,1706673290.6200449,1706673290.7198684,1706673290.6113188,1706673290.710912,11,1,7928,23791,21685,2106,0,2106,0,0,21685,2106,21685,0,0,0,0.09983180500000001,1706673290.7198768,1
616,1706673290.7198808,1706673290.8197093,1706673290.710912,1706673290.8111162,11,1,7950,23847,21827,2020,0,2020,0,0,21827,2020,21827,0,0,0,0.099836765000000008,1706673290.8197176,1
617,1706673290.819721,1706673290.9195571,1706673290.8111162,1706673290.9114869,11,1,7953,23851,21909,1942,0,1942,0,0,21909,1942,21909,0,0,0,0.099844385000000008,1706673290.9195654,1
618,1706673290.920368,1706673291.0202065,1706673290.9114869,1706673291.0108812,11,1,7961,23882,21638,2244,0,2244,0,0,21638,2244,21638,0,0,0,0.099846785000000007,1706673291.0202148,1
619,1706673291.0202188,1706673291.1200299,1706673291.0108812,1706673291.1113677,11,1,7954,23854,21769,2085,0,2085,0,0,21769,2085,21769,0,0,0,0.09981938500000001,1706673291.1200383,1
620,1706673291.1200411,1706673291.2198584,1706673291.1113677,1706673291.2112708,11,1,7935,23813,21786,2027,0,2027,0,0,21786,2027,21786,0,0,0,0.099825725000000004,1706673291.2198668,1
621,1706673291.2198696,1706673291.3196948,1706673291.2112708,1706673291.3109372,11,1,7965,23883,21794,2089,0,2089,0,0,21794,2089,21794,0,0,0,0.099833505000000003,1706673291.3197031,1
622,1706673291.3197069,1706673291.4195409,1706673291.3109372,1706673291.4105237,11,1,7950,23871,21701,2170,0,2170,0,0,21701,2170,21701,0,0,0,0.099842405000000009,1706673291.4195492,1
623,1706673291.4203517,1706673291.5201769,1706673291.4105237,1706673291.5114896,11,1,7963,23878,21789,2089,0,2089,0,0,21789,2089,21789,0,0,0,0.099833365000000007,1706673291.520185,1
624,1706673291.5201883,1706673291.6200149,1706673291.5114896,1706673291.6110907,11,1,7952,23874,21728,2146,0,2146,0,0,21728,2146,21728,0,0,0,0.099834945000000008,1706673291.6200233,1
625,1706673291.6200273,1706673291.7198536,1706673291.6110907,1706673291.7115536,11,1,7959,23872,21875,1997,0,1997,0,0,21875,1997,21875,0,0,0,0.09983462500000001,1706673291.719862,1
626,1706673291.7198658,1706673291.8197055,1706673291.7115536,1706673291.8109615,11,1,7942,23828,21726,2102,0,2102,0,0,21726,2102,21726,0,0,0,0.099848105000000006,1706673291.8197138,1
627,1706673291.8197169,1706673291.9195271,1706673291.8109615,1706673291.9114568,11,1,7925,23776,21841,1935,0,1935,0,0,21841,1935,21841,0,0,0,0.099818445000000006,1706673291.9195354,1
628,1706673291.9203379,1706673292.020164,1706673291.9114568,1706673292.0108087,11,1,7898,23689,21485,2204,0,2204,0,0,21485,2204,21485,0,0,0,0.099834345000000005,1706673292.0201724,1
629,1706673292.0201762,1706673292.1200192,1706673292.0108087,1706673292.111558,11,1,7815,23498,21508,1990,0,1990,0,0,21508,1990,21508,0,0,0,0.099851305000000001,1706673292.1200275,1
630,1706673292.1200306,1706673292.2198498,1706673292.111558,1706673292.2111917,11,1,7869,23608,21528,2080,0,2080,0,0,21528,2080,21528,0,0,0,0.099827425000000011,1706673292.2198582,1
631,1706673292.219862,1706673292.3196754,1706673292.2111917,1706673292.3106625,11,1,7880,23648,21480,2168,0,2168,0,0,21480,2168,21480,0,0,0,0.09982186500000001,1706673292.3196838,1
632,1706673292.3196867,1706673292.4195266,1706673292.3106625,1706673292.4112875,11,1,7883,23659,21676,1983,0,1983,0,0,21676,1983,21676,0,0,0,0.099848225000000013,1706673292.4195349,1
633,1706673292.4203391,1706673292.5201836,1706673292.4112875,1706673292.510781,11,1,7800,23436,21273,2163,0,2163,0,0,21273,2163,21273,0,0,0,0.099852725000000003,1706673292.5201919,1
634,1706673292.5201938,1706673292.6200144,1706673292.510781,1706673292.6114159,11,1,7649,22918,20896,2022,0,2022,0,0,20896,2022,20896,0,0,0,0.099828905000000009,1706673292.6200228,1
635,1706673292.6200256,1706673292.7198439,1706673292.6114159,1706673292.710685,11,1,7736,23261,21075,2186,0,2186,0,0,21075,2186,21075,0,0,0,0.099826565000000006,1706673292.7198522,1
636,1706673292.7198555,1706673292.8196931,1706673292.710685,1706673292.8110409,11,1,7893,23681,21600,2081,0,2081,0,0,21600,2081,21600,0,0,0,0.099845945000000005,1706673292.8197014,1
637,1706673292.8197052,1706673292.9195335,1706673292.8110409,1706673292.9116623,11,1,7905,23718,21826,1892,0,1892,0,0,21826,1892,21826,0,0,0,0.099836465000000013,1706673292.9195416,1
638,1706673292.9203453,1706673293.020169,1706673292.9116623,1706673293.0114553,11,1,7891,23713,21649,2064,0,2064,0,0,21649,2064,21649,0,0,0,0.099832125000000008,1706673293.0201774,1
639,1706673293.0201809,1706673293.1200089,1706673293.0114553,1706673293.110781,11,1,7879,23670,21505,2165,0,2165,0,0,21505,2165,21505,0,0,0,0.09983636500000001,1706673293.1200173,1
640,1706673293.1200213,1706673293.2198486,1706673293.110781,1706673293.2114885,11,1,7687,23164,21205,1959,0,1959,0,0,21205,1959,21205,0,0,0,0.099835645000000001,1706673293.219857,1
641,1706673293.2198598,1706673293.3196838,1706673293.2114885,1706673293.3108709,11,1,7604,22870,20873,1997,0,1997,0,0,20873,1997,20873,0,0,0,0.099832245,1706673293.3196921,1
642,1706673293.3196962,1706673293.4195254,1706673293.3108709,1706673293.4113948,11,1,7627,22884,21060,1824,0,1824,0,0,21060,1824,21060,0,0,0,0.099837425000000007,1706673293.4195337,1
643,1706673293.4203355,1706673293.5201552,1706673293.4113948,1706673293.5117362,11,1,7646,22886,20936,1950,0,1950,0,0,20936,1950,20936,0,0,0,0.099827905000000008,1706673293.5201635,1
644,1706673293.5201664,1706673293.6199977,1706673293.5117362,1706673293.611119,11,1,7661,23027,20952,2075,0,2075,0,0,20952,2075,20952,0,0,0,0.099839665000000008,1706673293.6200061,1
645,1706673293.6200101,1706673293.71984,1706673293.611119,1706673293.710778,11,1,7646,22934,20852,2082,0,2082,0,0,20852,2082,20852,0,0,0,0.09983818500000001,1706673293.7198484,1
646,1706673293.7198515,1706673293.819685,1706673293.710778,1706673293.8109462,11,1,7876,23615,21565,2050,0,2050,0,0,21565,2050,21565,0,0,0,0.099841705000000003,1706673293.8196931,1
647,1706673293.8196964,1706673293.9195263,1706673293.8109462,1706673293.9114759,11,1,7906,23692,21815,1877,0,1877,0,0,21815,1877,21815,0,0,0,0.099838145000000003,1706673293.9195347,1
648,1706673293.9203367,1706673294.0201724,1706673293.9114759,1706673294.0110087,11,1,7881,23558,21398,2160,0,2160,0,0,21398,2160,21398,0,0,0,0.099844045000000006,1706673294.0201807,1
649,1706673294.0201836,1706673294.1200161,1706673294.0110087,1706673294.1115828,11,1,7852,23428,21430,1998,0,1998,0,0,21430,1998,21430,0,0,0,0.099840845000000011,1706673294.1200244,1
650,1706673294.1200283,1706673294.2198575,1706673294.1115828,1706673294.2112494,11,1,7921,23703,21642,2061,0,2061,0,0,21642,2061,21642,0,0,0,0.099837545,1706673294.2198658,1
651,1706673294.2198696,1706673294.3196898,1706673294.2112494,1706673294.3115821,11,1,7944,23812,21863,1949,0,1949,0,0,21863,1949,21863,0,0,0,0.099828425000000012,1706673294.3196981,1
652,1706673294.3197012,1706673294.4195304,1706673294.3115821,1706673294.4112482,11,1,7947,23822,21831,1991,0,1991,0,0,21831,1991,21831,0,0,0,0.099837485000000004,1706673294.4195387,1
653,1706673294.420341,1706673294.5201776,1706673294.4112482,1706673294.5116162,11,1,7946,23837,21783,2054,0,2054,0,0,21783,2054,21783,0,0,0,0.099844925000000001,1706673294.5201859,1
654,1706673294.520189,1706673294.6200242,1706673294.5116162,1706673294.6108572,11,1,7934,23823,21628,2195,0,2195,0,0,21628,2195,21628,0,0,0,0.099843565000000009,1706673294.6200325,1
655,1706673294.6200354,1706673294.7198555,1706673294.6108572,1706673294.7117026,11,1,7870,23533,21642,1891,0,1891,0,0,21642,1891,21642,0,0,0,0.099828405000000009,1706673294.7198639,1
656,1706673294.7198679,1706673294.819694,1706673294.7117026,1706673294.8118944,11,1,7931,23751,21946,1805,0,1805,0,0,21946,1805,21946,0,0,0,0.099834445000000008,1706673294.8197024,1
657,1706673294.8197072,1706673294.9195325,1706673294.8118944,1706673294.9112978,11,1,7862,23541,21639,1902,0,1902,0,0,21639,1902,21639,0,0,0,0.099833745000000002,1706673294.9195409,1
658,1706673294.9203441,1706673295.020164,1706673294.9112978,1706673295.0117342,11,1,7886,23587,21635,1952,0,1952,0,0,21635,1952,21635,0,0,0,0.099828264999999999,1706673295.0201724,1
659,1706673295.0201757,1706673295.1200094,1706673295.0117342,1706673295.1111965,11,1,7899,23677,21619,2058,0,2058,0,0,21619,2058,21619,0,0,0,0.099841985000000008,1706673295.1200178,1
660,1706673295.1200213,1706673295.2198501,1706673295.1111965,1706673295.211935,11,1,7933,23794,21889,1905,0,1905,0,0,21889,1905,21889,0,0,0,0.099837045000000013,1706673295.2198584,1
661,1706673295.2198625,1706673295.3196893,1706673295.211935,1706673295.3114522,11,1,7951,23837,21855,1982,0,1982,0,0,21855,1982,21855,0,0,0,0.099835065000000001,1706673295.3196976,1
662,1706673295.3197019,1706673295.4195411,1706673295.3114522,1706673295.4112637,11,1,7941,23804,21835,1969,0,1969,0,0,21835,1969,21835,0,0,0,0.099847605000000006,1706673295.4195495,1
663,1706673295.4203541,1706673295.5201848,1706673295.4112637,1706673295.5118618,11,1,7824,23439,21447,1992,0,1992,0,0,21447,1992,21447,0,0,0,0.099838845000000009,1706673295.5201929,1
664,1706673295.5201967,1706673295.6200101,1706673295.5118618,1706673295.611501,11,1,7945,23779,21731,2048,0,2048,0,0,21731,2048,21731,0,0,0,0.099821805,1706673295.6200185,1
665,1706673295.6200228,1706673295.7198546,1706673295.611501,1706673295.7109485,11,1,7922,23787,21646,2141,0,2141,0,0,21646,2141,21646,0,0,0,0.099840245000000008,1706673295.7198629,1
666,1706673295.7198668,1706673295.8196988,1706673295.7109485,1706673295.8114583,11,1,7926,23810,21833,1977,0,1977,0,0,21833,1977,21833,0,0,0,0.09984050500000001,1706673295.8197072,1
667,1706673295.8197107,1706673295.9195356,1706673295.8114583,1706673295.9118779,11,1,7930,23796,21985,1811,0,1811,0,0,21985,1811,21985,0,0,0,0.099833185000000005,1706673295.919544,1
668,1706673295.920347,1706673296.0201693,1706673295.9118779,1706673296.0112295,11,1,7932,23773,21646,2127,0,2127,0,0,21646,2127,21646,0,0,0,0.09983056500000001,1706673296.0201776,1
669,1706673296.0201809,1706673296.1200149,1706673296.0112295,1706673296.1115336,11,1,7921,23736,21695,2041,0,2041,0,0,21695,2041,21695,0,0,0,0.09984224500000001,1706673296.1200233,1
670,1706673296.1200271,1706673296.2198725,1706673296.1115336,1706673296.2114415,11,1,7922,23713,21738,1975,0,1975,0,0,21738,1975,21738,0,0,0,0.099853765000000011,1706673296.2198808,1
671,1706673296.2198853,1706673296.3197191,1706673296.2114415,1706673296.3117208,11,1,7907,23697,21833,1864,0,1864,0,0,21833,1864,21833,0,0,0,0.099841965000000005,1706673296.3197274,1
672,1706673296.3197315,1706673296.4195597,1706673296.3117208,1706673296.4113007,11,1,7949,23829,21843,1986,0,1986,0,0,21843,1986,21843,0,0,0,0.099836565000000002,1706673296.4195681,1
673,1706673296.4203711,1706673296.5202062,1706673296.4113007,1706673296.5117366,11,1,7962,23886,21849,2037,0,2037,0,0,21849,2037,21849,0,0,0,0.09984348500000001,1706673296.5202146,1
674,1706673296.5202179,1706673296.6200414,1706673296.5117366,1706673296.6110303,11,1,7969,23884,21729,2155,0,2155,0,0,21729,2155,21729,0,0,0,0.099831825000000013,1706673296.6200497,1
675,1706673296.6200528,1706673296.719872,1706673296.6110303,1706673296.7118618,11,1,7981,23932,22004,1928,0,1928,0,0,22004,1928,22004,0,0,0,0.099827625000000003,1706673296.7198803,1
676,1706673296.7198837,1706673296.8197017,1706673296.7118618,1706673296.8112814,11,1,7982,23937,21911,2026,0,2026,0,0,21911,2026,21911,0,0,0,0.099826345000000011,1706673296.81971,1
677,1706673296.8197131,1706673296.919544,1706673296.8112814,1706673296.9119625,11,1,7959,23894,22069,1825,0,1825,0,0,22069,1825,22069,0,0,0,0.099839225000000004,1706673296.9195523,1
678,1706673296.9203539,1706673297.0201657,1706673296.9119625,1706673297.0113368,11,1,7959,23852,21727,2125,0,2125,0,0,21727,2125,21727,0,0,0,0.099820245000000002,1706673297.020174,1
679,1706673297.0201786,1706673297.1200001,1706673297.0113368,1706673297.1118281,11,1,7979,23933,21965,1968,0,1968,0,0,21965,1968,21965,0,0,0,0.09982990500000001,1706673297.1200085,1
680,1706673297.1200116,1706673297.2198451,1706673297.1118281,1706673297.2119322,11,1,7976,23946,22042,1904,0,1904,0,0,22042,1904,22042,0,0,0,0.099841785000000002,1706673297.2198534,1
681,1706673297.2198563,1706673297.3196795,1706673297.2119322,1706673297.3115599,11,1,7962,23890,21936,1954,0,1954,0,0,21936,1954,21936,0,0,0,0.099831465000000008,1706673297.3196878,1
682,1706673297.3196905,1706673297.419513,1706673297.3115599,1706673297.4118738,11,1,7901,23722,21892,1830,0,1830,0,0,21892,1830,21892,0,0,0,0.099830805000000009,1706673297.4195213,1
683,1706673297.4203229,1706673297.5201404,1706673297.4118738,1706673297.5113077,11,1,7802,23454,21364,2090,0,2090,0,0,21364,2090,21364,0,0,0,0.09982584500000001,1706673297.5201488,1
684,1706673297.5201521,1706673297.6199708,1706673297.5113077,1706673297.6118896,11,1,7957,23876,21931,1945,0,1945,0,0,21931,1945,21931,0,0,0,0.09982708500000001,1706673297.6199791,1
685,1706673297.6199844,1706673297.7198086,1706673297.6118896,1706673297.7116113,11,1,7990,23980,22008,1972,0,1972,0,0,22008,1972,22008,0,0,0,0.099832625000000008,1706673297.7198169,1
686,1706673297.7198219,1706673297.8196299,1706673297.7116113,1706673297.8071597,11,1,7970,23897,20896,3001,0,3001,0,0,20896,3001,20896,0,0,0,0.099816425,1706673297.8196383,1
687,1706673297.8200421,1706673297.9198725,1706673297.8071597,1706673297.9110847,11,1,7957,23856,21741,2115,0,2115,0,0,21741,2115,21741,0,0,0,0.099838665000000007,1706673297.9198809,1
688,1706673297.9198854,1706673298.0197036,1706673297.9110847,1706673298.0103068,11,1,7960,23873,21611,2262,0,2262,0,0,21611,2262,21611,0,0,0,0.099826625000000002,1706673298.019712,1
689,1706673298.0197155,1706673298.1195428,1706673298.0103068,1706673298.1108847,11,1,7953,23848,21764,2084,0,2084,0,0,21764,2084,21764,0,0,0,0.099835625000000011,1706673298.1195512,1
690,1706673298.1203527,1706673298.2201705,1706673298.1108847,1706673298.2103286,11,1,7973,23906,21579,2327,0,2327,0,0,21579,2327,21579,0,0,0,0.099826125000000002,1706673298.2201788,1
691,1706673298.2201822,1706673298.3200185,1706673298.2103286,1706673298.3103187,11,1,7969,23923,21608,2315,0,2315,0,0,21608,2315,21608,0,0,0,0.099844745000000013,1706673298.3200269,1
692,1706673298.3200307,1706673298.4198754,1706673298.3103187,1706673298.4112437,11,1,7983,23922,21844,2078,0,2078,0,0,21844,2078,21844,0,0,0,0.099852965000000002,1706673298.4198837,1
693,1706673298.4198866,1706673298.5197146,1706673298.4112437,1706673298.511008,11,1,7944,23806,21730,2076,0,2076,0,0,21730,2076,21730,0,0,0,0.099836425000000006,1706673298.5197229,1
694,1706673298.5197263,1706673298.6195624,1706673298.511008,1706673298.6106217,11,1,7955,23921,21787,2134,0,2134,0,0,21787,2134,21787,0,0,0,0.099844385000000008,1706673298.6195707,1
695,1706673298.6203735,1706673298.7201934,1706673298.6106217,1706673298.7110074,11,1,7942,23835,21623,2212,0,2212,0,0,21623,2212,21623,0,0,0,0.099828305000000006,1706673298.7202017,1
696,1706673298.7202053,1706673298.8200362,1706673298.7110074,1706673298.810401,11,1,7927,23771,21452,2319,0,2319,0,0,21452,2319,21452,0,0,0,0.099839225000000004,1706673298.8200445,1
697,1706673298.8200481,1706673298.9198844,1706673298.810401,1706673298.9109521,11,1,7987,23958,21809,2149,0,2149,0,0,21809,2149,21809,0,0,0,0.099844685000000002,1706673298.9198928,1
698,1706673298.9198959,1706673299.0197268,1706673298.9109521,1706673299.0106468,11,1,7965,23913,21728,2185,0,2185,0,0,21728,2185,21728,0,0,0,0.099839145000000004,1706673299.0197351,1
699,1706673299.0197387,1706673299.1195633,1706673299.0106468,1706673299.1106374,11,1,7988,23940,21794,2146,0,2146,0,0,21794,2146,21794,0,0,0,0.099832905,1706673299.1195717,1
700,1706673299.120374,1706673299.220211,1706673299.1106374,1706673299.2110529,11,1,7990,23967,21765,2202,0,2202,0,0,21765,2202,21765,0,0,0,0.099845325000000013,1706673299.2202194,1
701,1706673299.2202237,1706673299.32005,1706673299.2110529,1706673299.3110476,11,1,7947,23878,21711,2167,0,2167,0,0,21711,2167,21711,0,0,0,0.099834685000000006,1706673299.3200583,1
702,1706673299.3200617,1706673299.4198959,1706673299.3110476,1706673299.4110711,11,1,7975,23929,21806,2123,0,2123,0,0,21806,2123,21806,0,0,0,0.099842445000000002,1706673299.4199042,1
703,1706673299.4199078,1706673299.5197268,1706673299.4110711,1706673299.5104084,11,1,7957,23864,21622,2242,0,2242,0,0,21622,2242,21622,0,0,0,0.099827305000000005,1706673299.5197351,1
704,1706673299.5197392,1706673299.6195612,1706673299.5104084,1706673299.6107395,11,1,7944,23842,21719,2123,0,2123,0,0,21719,2123,21719,0,0,0,0.099830425,1706673299.6195695,1
705,1706673299.6203723,1706673299.7202132,1706673299.6107395,1706673299.7112446,11,1,7948,23844,21686,2158,0,2158,0,0,21686,2158,21686,0,0,0,0.099849265000000006,1706673299.7202215,1
706,1706673299.7202251,1706673299.8200502,1706673299.7112446,1706673299.8107483,11,1,7885,23639,21445,2194,0,2194,0,0,21445,2194,21445,0,0,0,0.099833565000000013,1706673299.8200586,1
707,1706673299.8200624,1706673299.9198847,1706673299.8107483,1706673299.9107623,11,1,7822,23401,21261,2140,0,2140,0,0,21261,2140,21261,0,0,0,0.09983064500000001,1706673299.919893,1
708,1706673299.9198971,1706673300.0197279,1706673299.9107623,1706673300.0111797,11,1,7850,23517,21518,1999,0,1999,0,0,21518,1999,21518,0,0,0,0.099839085000000008,1706673300.0197361,1
709,1706673300.0197389,1706673300.1195667,1706673300.0111797,1706673300.1107049,11,1,7899,23669,21596,2073,0,2073,0,0,21596,2073,21596,0,0,0,0.099836205000000011,1706673300.119575,1
710,1706673300.1203768,1706673300.2202067,1706673300.1107049,1706673300.2114036,11,1,7896,23678,21603,2075,0,2075,0,0,21603,2075,21603,0,0,0,0.099838245000000006,1706673300.2202151,1
711,1706673300.2202184,1706673300.3200443,1706673300.2114036,1706673300.31094,11,1,7887,23621,21430,2191,0,2191,0,0,21430,2191,21430,0,0,0,0.099834085000000003,1706673300.3200526,1
712,1706673300.320056,1706673300.4198956,1706673300.31094,1706673300.4114454,11,1,7918,23753,21721,2032,0,2032,0,0,21721,2032,21721,0,0,0,0.099848005000000004,1706673300.419904,1
713,1706673300.4199066,1706673300.5197403,1706673300.4114454,1706673300.510838,11,1,7940,23834,21694,2140,0,2140,0,0,21694,2140,21694,0,0,0,0.099842105,1706673300.5197487,1
714,1706673300.519752,1706673300.6195786,1706673300.510838,1706673300.6112778,11,1,7943,23823,21827,1996,0,1996,0,0,21827,1996,21827,0,0,0,0.099834905000000002,1706673300.6195869,1
715,1706673300.6199884,1706673300.7198074,1706673300.6112778,1706673300.7106755,11,1,7945,23832,21634,2198,0,2198,0,0,21634,2198,21634,0,0,0,0.099827385000000005,1706673300.7198157,1
716,1706673300.7198193,1706673300.8196447,1706673300.7106755,1706673300.8114607,11,1,7936,23817,21848,1969,0,1969,0,0,21848,1969,21848,0,0,0,0.099833785000000008,1706673300.819653,1
717,1706673300.8200562,1706673300.9198995,1706673300.8114607,1706673300.9108827,11,1,7937,23796,21626,2170,0,2170,0,0,21626,2170,21626,0,0,0,0.09985152500000001,1706673300.9199078,1
718,1706673300.9199119,1706673301.0197451,1706673300.9108827,1706673301.0107827,11,1,7909,23700,21578,2122,0,2122,0,0,21578,2122,21578,0,0,0,0.099841625000000003,1706673301.0197535,1
719,1706673301.0197573,1706673301.1195836,1706673301.0107827,1706673301.1109035,11,1,7841,23450,21466,1984,0,1984,0,0,21466,1984,21466,0,0,0,0.099834765000000006,1706673301.119592,1
720,1706673301.1199942,1706673301.2198279,1706673301.1109035,1706673301.2114029,11,1,7699,23038,21061,1977,0,1977,0,0,21061,1977,21061,0,0,0,0.099842065000000008,1706673301.2198362,1
721,1706673301.2198398,1706673301.3196745,1706673301.2114029,1706673301.3108549,11,1,7820,23515,21430,2085,0,2085,0,0,21430,2085,21430,0,0,0,0.099843125000000005,1706673301.3196828,1
722,1706673301.3196862,1706673301.4195235,1706673301.3108549,1706673301.4113166,11,1,7836,23533,21558,1975,0,1975,0,0,21558,1975,21558,0,0,0,0.099845605000000004,1706673301.4195318,1
723,1706673301.4203327,1706673301.5201626,1706673301.4113166,1706673301.5106745,11,1,7962,23883,21673,2210,0,2210,0,0,21673,2210,21673,0,0,0,0.099838225000000003,1706673301.5201709,1
724,1706673301.520174,1706673301.6199949,1706673301.5106745,1706673301.6115336,11,1,7939,23837,21805,2032,0,2032,0,0,21805,2032,21805,0,0,0,0.099829125000000005,1706673301.6200032,1
725,1706673301.6200073,1706673301.7198293,1706673301.6115336,1706673301.710907,11,1,7940,23841,21693,2148,0,2148,0,0,21693,2148,21693,0,0,0,0.099830385000000008,1706673301.7198377,1
726,1706673301.7198412,1706673301.8196671,1706673301.710907,1706673301.8114529,11,1,7951,23856,21879,1977,0,1977,0,0,21879,1977,21879,0,0,0,0.099834225000000013,1706673301.8196754,1
727,1706673301.8196793,1706673301.9195161,1706673301.8114529,1706673301.9108095,11,1,7935,23818,21798,2020,0,2020,0,0,21798,2020,21798,0,0,0,0.099845065000000011,1706673301.9195244,1
728,1706673301.9203248,1706673302.0201519,1706673301.9108095,1706673302.0113482,11,1,7962,23888,21810,2078,0,2078,0,0,21810,2078,21810,0,0,0,0.099835365000000009,1706673302.0201602,1
729,1706673302.0201635,1706673302.1199934,1706673302.0113482,1706673302.1107395,11,1,7936,23825,21602,2223,0,2223,0,0,21602,2223,21602,0,0,0,0.099838305000000002,1706673302.1200018,1
730,1706673302.1200054,1706673302.2198398,1706673302.1107395,1706673302.2115469,11,1,7942,23837,21854,1983,0,1983,0,0,21854,1983,21854,0,0,4.1670000000000001e-06,0.099842885000000006,1706673302.2198482,1
731,1706673302.2198513,1706673302.3196733,1706673302.2115469,1706673302.3114872,11,1,7968,23921,21950,1971,0,1971,0,0,21950,1971,21950,0,0,0,0.099830305000000008,1706673302.3196816,1
732,1706673302.3196845,1706673302.4195178,1706673302.3114872,1706673302.4108346,11,1,7915,23764,21675,2089,0,2089,0,0,21675,2089,21675,0,0,0,0.099841565000000007,1706673302.4195261,1
733,1706673302.4203274,1706673302.5201633,1706673302.4108346,1706673302.5114801,11,1,7933,23794,21705,2089,0,2089,0,0,21705,2089,21705,0,0,0,0.099844125000000006,1706673302.5201716,1
734,1706673302.520175,1706673302.6200016,1706673302.5114801,1706673302.6112483,11,1,7956,23901,21797,2104,0,2104,0,0,21797,2104,21797,0,0,0,0.099834885000000012,1706673302.6200099,1
735,1706673302.6200128,1706673302.7198505,1706673302.6112483,1706673302.711688,11,1,7849,23575,21694,1881,0,1881,0,0,21694,1881,21694,0,0,2.0835000000000003e-05,0.099846145000000011,1706673302.7198589,1
736,1706673302.7198613,1706673302.8196797,1706673302.711688,1706673302.8110063,11,1,7822,23577,21492,2085,0,2085,0,0,21492,2085,21492,0,0,0,0.099826865000000001,1706673302.8196881,1
737,1706673302.8196909,1706673302.9195154,1706673302.8110063,1706673302.9115522,11,1,7929,23784,21868,1916,0,1916,0,0,21868,1916,21868,0,0,0,0.099832865000000007,1706673302.9195237,1
738,1706673302.9203272,1706673303.0201614,1706673302.9115522,1706673303.011076,11,1,7948,23839,21653,2186,0,2186,0,0,21653,2186,21653,0,0,0,0.099842445000000002,1706673303.0201697,1
739,1706673303.0201728,1706673303.1200039,1706673303.011076,1706673303.1116891,11,1,7939,23817,21863,1954,0,1954,0,0,21863,1954,21863,0,0,0,0.099839445000000013,1706673303.1200123,1
740,1706673303.1200151,1706673303.2198348,1706673303.1116891,1706673303.211056,11,1,7970,23909,21827,2082,0,2082,0,0,21827,2082,21827,0,0,0,0.099828025000000001,1706673303.2198431,1
741,1706673303.219847,1706673303.3196802,1706673303.211056,1706673303.310667,11,1,7973,23923,21760,2163,0,2163,0,0,21760,2163,21760,0,0,0,0.099841505000000011,1706673303.3196886,1
742,1706673303.3196924,1706673303.4195137,1706673303.310667,1706673303.4115055,11,1,7971,23897,21969,1928,0,1928,0,0,21969,1928,21969,0,0,0,0.099829665000000012,1706673303.419522,1
743,1706673303.4203248,1706673303.5201564,1706673303.4115055,1706673303.5109906,11,1,7954,23876,21674,2202,0,2202,0,0,21674,2202,21674,0,0,0,0.099840005000000009,1706673303.5201647,1
744,1706673303.5201678,1706673303.6199944,1706673303.5109906,1706673303.6114309,11,1,7961,23888,21899,1989,0,1989,0,0,21899,1989,21899,0,0,0,0.099834865000000009,1706673303.6200027,1
745,1706673303.6200068,1706673303.7198322,1706673303.6114309,1706673303.7107401,11,1,7974,23920,21733,2187,0,2187,0,0,21733,2187,21733,0,0,0,0.099833605000000006,1706673303.7198403,1
746,1706673303.7198436,1706673303.8196957,1706673303.7107401,1706673303.8113215,11,1,7973,23900,21885,2015,0,2015,0,0,21885,2015,21885,0,0,0,0.099860485000000013,1706673303.8197041,1
747,1706673303.8197072,1706673303.9195304,1706673303.8113215,1706673303.9117277,11,1,7949,23863,21985,1878,0,1878,0,0,21985,1878,21985,0,0,0,0.099831685000000003,1706673303.9195387,1
748,1706673303.9203396,1706673304.0201638,1706673303.9117277,1706673304.010848,11,1,7958,23888,21646,2242,0,2242,0,0,21646,2242,21646,0,0,0,0.099832625000000008,1706673304.0201721,1
749,1706673304.0201747,1706673304.1199877,1706673304.010848,1706673304.1109443,11,1,7978,23929,21753,2176,0,2176,0,0,21753,2176,21753,0,0,0,0.099821265000000006,1706673304.1199961,1
750,1706673304.1199992,1706673304.2198091,1706673304.1109443,1706673304.2114427,11,1,7849,23514,21564,1950,0,1950,0,0,21564,1950,21564,0,0,0,0.099818145000000011,1706673304.2198174,1
751,1706673304.2198207,1706673304.3196471,1706673304.2114427,1706673304.3107653,11,1,7796,23381,21249,2132,0,2132,0,0,21249,2132,21249,0,0,0,0.099834765000000006,1706673304.3196554,1
752,1706673304.3200588,1706673304.4198937,1706673304.3107653,1706673304.4114792,11,1,7923,23764,21746,2018,0,2018,0,0,21746,2018,21746,0,0,0,0.099843245000000011,1706673304.4199021,1
753,1706673304.4199057,1706673304.5197423,1706673304.4114792,1706673304.5111609,11,1,7949,23845,21782,2063,0,2063,0,0,21782,2063,21782,0,0,0,0.099844945000000004,1706673304.5197506,1
754,1706673304.519753,1706673304.6195707,1706673304.5111609,1706673304.6116145,11,1,7952,23891,21977,1914,0,1914,0,0,21977,1914,21977,0,0,0,0.099826145000000005,1706673304.6195791,1
755,1706673304.6203806,1706673304.7202096,1706673304.6116145,1706673304.7108858,11,1,7957,23870,21626,2244,0,2244,0,0,21626,2244,21626,0,0,0,0.099837265000000008,1706673304.7202179,1
756,1706673304.7202222,1706673304.8200507,1706673304.7108858,1706673304.8113365,11,1,7948,23833,21746,2087,0,2087,0,0,21746,2087,21746,0,0,0,0.099836905000000004,1706673304.8200591,1
757,1706673304.8200617,1706673304.9198878,1706673304.8113365,1706673304.9111011,11,1,7941,23769,21709,2060,0,2060,0,0,21709,2060,21709,0,0,0,0.099834505000000004,1706673304.9198961,1
758,1706673304.9198992,1706673305.0197189,1706673304.9111011,1706673305.0118148,11,1,7740,23271,21417,1854,0,1854,0,0,21417,1854,21417,0,0,0,0.099828005000000011,1706673305.0197272,1
759,1706673305.0197301,1706673305.1195507,1706673305.0118148,1706673305.1115625,11,1,7742,23305,21405,1900,0,1900,0,0,21405,1900,21405,0,0,0,0.099828885000000006,1706673305.119559,1
760,1706673305.1203611,1706673305.2201951,1706673305.1115625,1706673305.2112293,11,1,7893,23685,21530,2155,0,2155,0,0,21530,2155,21530,0,0,0,0.099842385000000006,1706673305.2202034,1
761,1706673305.2202077,1706673305.3200357,1706673305.2112293,1706673305.3110642,11,1,7914,23765,21607,2158,0,2158,0,0,21607,2158,21607,0,0,0,0.099836225000000001,1706673305.3200438,1
762,1706673305.3200471,1706673305.419874,1706673305.3110642,1706673305.4116678,11,1,7927,23813,21839,1974,0,1974,0,0,21839,1974,21839,0,0,0,0.099835245000000003,1706673305.4198823,1
763,1706673305.4198859,1706673305.5197194,1706673305.4116678,1706673305.5114615,11,1,7946,23842,21856,1986,0,1986,0,0,21856,1986,21856,0,0,0,0.09984174500000001,1706673305.5197277,1
764,1706673305.5197315,1706673305.6195538,1706673305.5114615,1706673305.6110353,11,1,7938,23830,21780,2050,0,2050,0,0,21780,2050,21780,0,0,0,0.09983064500000001,1706673305.6195621,1
765,1706673305.6203647,1706673305.7201877,1706673305.6110353,1706673305.7115014,11,1,7950,23851,21761,2090,0,2090,0,0,21761,2090,21761,0,0,0,0.099831345000000002,1706673305.720196,1
766,1706673305.7202001,1706673305.8200207,1706673305.7115014,1706673305.8114588,11,1,7949,23842,21781,2061,0,2061,0,0,21781,2061,21781,0,0,0,0.099828925000000013,1706673305.820029,1
767,1706673305.8200319,1706673305.9198737,1706673305.8114588,1706673305.911974,11,1,7932,23772,21892,1880,0,1880,0,0,21892,1880,21892,0,0,0,0.099850125000000012,1706673305.9198821,1
768,1706673305.9198852,1706673306.0197129,1706673305.911974,1706673306.0117245,11,1,7858,23533,21698,1835,0,1835,0,0,21698,1835,21698,0,0,0,0.099836105000000008,1706673306.0197213,1
769,1706673306.0197251,1706673306.1195362,1706673306.0117245,1706673306.1113083,11,1,7824,23340,21409,1931,0,1931,0,0,21409,1931,21409,0,0,0,0.09981938500000001,1706673306.1195445,1
770,1706673306.1203468,1706673306.2201772,1706673306.1113083,1706673306.2116182,11,1,7914,23694,21639,2055,0,2055,0,0,21639,2055,21639,0,0,0,0.099838784999999999,1706673306.2201855,1
771,1706673306.2201879,1706673306.3200176,1706673306.2116182,1706673306.311089,11,1,7933,23785,21639,2146,0,2146,0,0,21639,2146,21639,0,0,0,0.09983810500000001,1706673306.3200259,1
772,1706673306.3200295,1706673306.419853,1706673306.311089,1706673306.4119484,11,1,7940,23807,21904,1903,0,1903,0,0,21904,1903,21904,0,0,0,0.099831885000000009,1706673306.4198613,1
773,1706673306.4198642,1706673306.5196838,1706673306.4119484,1706673306.5113485,11,1,7934,23800,21801,1999,0,1999,0,0,21801,1999,21801,0,0,0,0.099827885000000005,1706673306.5196919,1
774,1706673306.5196953,1706673306.6195292,1706673306.5113485,1706673306.6120145,11,1,7933,23771,22036,1735,0,1735,0,0,22036,1735,22036,0,0,0,0.099842405000000009,1706673306.6195376,1
775,1706673306.6203394,1706673306.7201703,1706673306.6120145,1706673306.7117832,11,1,7964,23908,21895,2013,0,2013,0,0,21895,2013,21895,0,0,0,0.099839205,1706673306.7201786,1
776,1706673306.7201822,1706673306.8200192,1706673306.7117832,1706673306.8064756,11,1,7953,23829,20573,3256,0,3256,0,0,20573,3256,20573,0,0,0,0.099845345000000002,1706673306.8200276,1
777,1706673306.8200309,1706673306.9198604,1706673306.8064756,1706673306.9106154,11,1,7945,23816,21594,2222,0,2222,0,0,21594,2222,21594,0,0,0,0.099837685000000009,1706673306.9198687,1
778,1706673306.9198716,1706673307.0196974,1706673306.9106154,1706673307.0100477,11,1,7943,23829,21509,2320,0,2320,0,0,21509,2320,21509,0,0,0,0.099834205000000009,1706673307.0197058,1
779,1706673307.0197084,1706673307.1195297,1706673307.0100477,1706673307.1105611,11,1,7964,23890,21732,2158,0,2158,0,0,21732,2158,21732,0,0,0,0.099829705000000005,1706673307.1195381,1
780,1706673307.1203406,1706673307.2201738,1706673307.1105611,1706673307.2111299,11,1,7976,23921,21746,2175,0,2175,0,0,21746,2175,21746,0,0,0,0.099841545000000004,1706673307.2201822,1
781,1706673307.2201862,1706673307.3200006,1706673307.2111299,1706673307.3104072,11,1,7948,23842,21533,2309,0,2309,0,0,21533,2309,21533,0,0,0,0.099822765000000008,1706673307.320009,1
782,1706673307.3200126,1706673307.4198458,1706673307.3104072,1706673307.4103439,11,1,7953,23852,21568,2284,0,2284,0,0,21568,2284,21568,0,0,0,0.099841525,1706673307.4198542,1
783,1706673307.4198575,1706673307.5196791,1706673307.4103439,1706673307.5111349,11,1,7952,23871,21820,2051,0,2051,0,0,21820,2051,21820,0,0,0,0.099829865000000004,1706673307.5196874,1
784,1706673307.5196905,1706673307.6195087,1706673307.5111349,1706673307.610142,11,1,7972,23894,21642,2252,0,2252,0,0,21642,2252,21642,0,0,0,0.099826545000000003,1706673307.6195171,1
785,1706673307.6203203,1706673307.7201328,1706673307.610142,1706673307.7101102,11,1,7940,23823,21481,2342,0,2342,0,0,21481,2342,21481,0,0,0,0.099820725000000013,1706673307.7201409,1
786,1706673307.7201452,1706673307.8199716,1706673307.7101102,1706673307.8107319,11,1,7951,23835,21687,2148,0,2148,0,0,21687,2148,21687,0,0,0,0.09983470500000001,1706673307.8199799,1
787,1706673307.8199828,1706673307.9198081,1706673307.8107319,1706673307.9103911,11,1,7951,23853,21640,2213,0,2213,0,0,21640,2213,21640,0,0,0,0.099833725000000012,1706673307.9198165,1
788,1706673307.9198208,1706673308.0196543,1706673307.9103911,1706673308.0107548,11,1,7949,23866,21749,2117,0,2117,0,0,21749,2117,21749,0,0,0,0.099841805000000006,1706673308.0196626,1
789,1706673308.0200651,1706673308.1198974,1706673308.0107548,1706673308.1102424,11,1,7962,23875,21559,2316,0,2316,0,0,21559,2316,21559,0,0,0,0.099840725000000005,1706673308.1199057,1
790,1706673308.1199088,1706673308.2197275,1706673308.1102424,1706673308.2101517,11,1,7961,23898,21595,2303,0,2303,0,0,21595,2303,21595,0,0,0,0.099827125000000003,1706673308.2197359,1
791,1706673308.2197397,1706673308.3195622,1706673308.2101517,1706673308.3107986,11,1,7939,23809,21708,2101,0,2101,0,0,21708,2101,21708,0,0,0,0.099830825000000012,1706673308.3195705,1
792,1706673308.3203731,1706673308.4201922,1706673308.3107986,1706673308.4109573,11,1,7933,23804,21581,2223,0,2223,0,0,21581,2223,21581,0,0,0,0.09982758500000001,1706673308.4202006,1
793,1706673308.4202039,1706673308.5200374,1706673308.4109573,1706673308.5103211,11,1,7821,23370,21103,2267,0,2267,0,0,21103,2267,21103,0,0,0,0.099841925000000012,1706673308.5200458,1
794,1706673308.5200484,1706673308.6198754,1706673308.5103211,1706673308.610955,11,1,7850,23481,21369,2112,0,2112,0,0,21369,2112,21369,0,0,0,0.099835305000000013,1706673308.6198838,1
795,1706673308.6198876,1706673308.7197194,1706673308.610955,1706673308.7111928,11,1,7889,23715,21715,2000,0,2000,0,0,21715,2000,21715,0,0,0,0.099840185000000012,1706673308.7197278,1
796,1706673308.7197311,1706673308.8195443,1706673308.7111928,1706673308.810375,11,1,7957,23852,21649,2203,0,2203,0,0,21649,2203,21649,0,0,0,0.099821605000000008,1706673308.8195527,1
797,1706673308.8203557,1706673308.9202118,1706673308.810375,1706673308.911,11,1,7941,23840,21624,2216,0,2216,0,0,21624,2216,21624,0,0,0,0.099864565000000002,1706673308.9202201,1
798,1706673308.9202237,1706673309.0200527,1706673308.911,1706673309.0106027,11,1,7951,23851,21577,2274,0,2274,0,0,21577,2274,21577,0,0,0,0.099837365000000011,1706673309.020061,1
799,1706673309.0200646,1706673309.119899,1706673309.0106027,1706673309.1104815,11,1,7928,23799,21537,2262,0,2262,0,0,21537,2262,21537,0,0,0,0.099842865000000003,1706673309.1199074,1
800,1706673309.1199114,1706673309.2197325,1706673309.1104815,1706673309.210566,11,1,7936,23811,21604,2207,0,2207,0,0,21604,2207,21604,0,0,0,0.09982940500000001,1706673309.2197409,1
801,1706673309.2197449,1706673309.3195815,1706673309.210566,1706673309.3103752,11,1,7946,23857,21643,2214,0,2214,0,0,21643,2214,21643,0,0,0,0.099844965000000008,1706673309.3195899,1
802,1706673309.3199935,1706673309.4198067,1706673309.3103752,1706673309.4111526,11,1,7959,23877,21794,2083,0,2083,0,0,21794,2083,21794,0,0,0,0.099821665000000004,1706673309.4198151,1
803,1706673309.4198194,1706673309.5196557,1706673309.4111526,1706673309.5103064,11,1,7957,23881,21634,2247,0,2247,0,0,21634,2247,21634,0,0,0,0.099844765000000002,1706673309.519664,1
804,1706673309.5196676,1706673309.6194861,1706673309.5103064,1706673309.6110668,11,1,7966,23877,21851,2026,0,2026,0,0,21851,2026,21851,0,0,0,0.099826705000000002,1706673309.6194944,1
805,1706673309.620296,1706673309.7201166,1706673309.6110668,1706673309.7105834,11,1,7956,23874,21581,2293,0,2293,0,0,21581,2293,21581,0,0,0,0.099828985000000009,1706673309.720125,1
806,1706673309.7201278,1706673309.819948,1706673309.7105834,1706673309.8104072,11,1,7963,23891,21595,2296,0,2296,0,0,21595,2296,21595,0,0,0,0.099828405000000009,1706673309.8199563,1
807,1706673309.8199594,1706673309.9197907,1706673309.8104072,1706673309.9114347,11,1,7963,23885,21874,2011,0,2011,0,0,21874,2011,21874,0,0,0,0.099839665000000008,1706673309.9197991,1
808,1706673309.9198022,1706673310.0196381,1706673309.9114347,1706673310.0110083,11,1,7971,23879,21802,2077,0,2077,0,0,21802,2077,21802,0,0,0,0.099844125000000006,1706673310.0196464,1
809,1706673310.0200498,1706673310.1198802,1706673310.0110083,1706673310.1104519,11,1,7964,23902,21634,2268,0,2268,0,0,21634,2268,21634,0,0,0,0.099838745000000007,1706673310.1198885,1
810,1706673310.1198924,1706673310.2197139,1706673310.1104519,1706673310.210434,11,1,7982,23925,21692,2233,0,2233,0,0,21692,2233,21692,0,0,0,0.09982990500000001,1706673310.2197223,1
811,1706673310.2197261,1706673310.3195457,1706673310.210434,1706673310.3113167,11,1,7960,23881,21901,1980,0,1980,0,0,21901,1980,21901,0,0,0,0.099827985000000008,1706673310.3195541,1
812,1706673310.3203568,1706673310.4201884,1706673310.3113167,1706673310.4107981,11,1,7947,23849,21589,2260,0,2260,0,0,21589,2260,21589,0,0,0,0.099840005000000009,1706673310.4201968,1
813,1706673310.4202003,1706673310.5200365,1706673310.4107981,1706673310.5104878,11,1,7933,23800,21503,2297,0,2297,0,0,21503,2297,21503,0,0,0,0.099844405000000011,1706673310.5200448,1
814,1706673310.5200479,1706673310.6198752,1706673310.5104878,1706673310.6110752,11,1,7871,23629,21558,2071,0,2071,0,0,21558,2071,21558,0,0,0,0.099835585000000004,1706673310.6198835,1
815,1706673310.6198866,1706673310.7196994,1706673310.6110752,1706673310.7104113,11,1,7701,23063,20890,2173,0,2173,0,0,20890,2173,20890,0,0,0,0.099821065,1706673310.7197077,1
816,1706673310.7197101,1706673310.8195424,1706673310.7104113,1706673310.8110495,11,1,7922,23775,21768,2007,0,2007,0,0,21768,2007,21768,0,0,0,0.099840685000000012,1706673310.8195508,1
817,1706673310.8203535,1706673310.9201818,1706673310.8110495,1706673310.9106069,11,1,7953,23879,21574,2305,0,2305,0,0,21574,2305,21574,0,0,0,0.099836565000000002,1706673310.9201901,1
818,1706673310.920193,1706673311.020015,1706673310.9106069,1706673311.0111153,11,1,7957,23883,21741,2142,0,2142,0,0,21741,2142,21741,0,0,0,0.099830425,1706673311.0200233,1
819,1706673311.0200281,1706673311.1198444,1706673311.0111153,1706673311.110733,11,1,7977,23924,21732,2192,0,2192,0,0,21732,2192,21732,0,0,0,0.099824605000000011,1706673311.1198528,1
820,1706673311.1198556,1706673311.2196827,1706673311.110733,1706673311.2112892,11,1,7953,23843,21867,1976,0,1976,0,0,21867,1976,21867,0,0,0,0.099835445000000009,1706673311.219691,1
821,1706673311.2196944,1706673311.3195152,1706673311.2112892,1706673311.3109813,11,1,7823,23489,21545,1944,0,1944,0,0,21545,1944,21545,0,0,0,0.099829265,1706673311.3195236,1
822,1706673311.3203266,1706673311.4201679,1706673311.3109813,1706673311.4104633,11,1,7841,23521,21204,2317,0,2317,0,0,21204,2317,21204,0,0,0,0.099849605000000008,1706673311.4201763,1
823,1706673311.4201798,1706673311.5200045,1706673311.4104633,1706673311.5109966,11,1,7934,23796,21628,2168,0,2168,0,0,21628,2168,21628,0,0,0,0.099832945000000006,1706673311.5200129,1
824,1706673311.5200167,1706673311.6198292,1706673311.5109966,1706673311.6105688,11,1,7955,23852,21626,2226,0,2226,0,0,21626,2226,21626,0,0,0,0.099820825000000002,1706673311.6198375,1
825,1706673311.6198411,1706673311.71966,1706673311.6105688,1706673311.711364,11,1,7951,23861,21865,1996,0,1996,0,0,21865,1996,21865,0,0,0,0.099827165000000009,1706673311.7196681,1
826,1706673311.7196722,1706673311.819494,1706673311.711364,1706673311.8109925,11,1,7927,23758,21719,2039,0,2039,0,0,21719,2039,21719,0,0,0,0.099830165000000012,1706673311.8195024,1
827,1706673311.8203049,1706673311.9201338,1706673311.8109925,1706673311.9109137,11,1,7879,23638,21432,2206,0,2206,0,0,21432,2206,21432,0,0,0,0.099837385000000001,1706673311.9201422,1
828,1706673311.9201455,1706673312.0199776,1706673311.9109137,1706673312.0108287,11,1,7899,23710,21536,2174,0,2174,0,0,21536,2174,21536,0,0,0,0.099840485000000007,1706673312.0199859,1
829,1706673312.0199895,1706673312.1198041,1706673312.0108287,1706673312.1109798,11,1,7944,23840,21731,2109,0,2109,0,0,21731,2109,21731,0,0,0,0.099823045000000013,1706673312.1198125,1
830,1706673312.1198161,1706673312.2196653,1706673312.1109798,1706673312.2105477,11,1,7969,23882,21706,2176,0,2176,0,0,21706,2176,21706,0,0,0,0.099857665000000012,1706673312.2196736,1
831,1706673312.2196777,1706673312.319504,1706673312.2105477,1706673312.3114483,11,1,7954,23863,21924,1939,0,1939,0,0,21924,1939,21924,0,0,0,0.099834645,1706673312.3195124,1
832,1706673312.3203144,1706673312.4201219,1706673312.3114483,1706673312.4113207,11,1,7964,23895,21777,2118,0,2118,0,0,21777,2118,21777,0,0,0,0.099815725000000008,1706673312.42013,1
833,1706673312.4201326,1706673312.5199502,1706673312.4113207,1706673312.5107203,11,1,7970,23904,21685,2219,0,2219,0,0,21685,2219,21685,0,0,0,0.09982584500000001,1706673312.5199585,1
834,1706673312.5199611,1706673312.6197872,1706673312.5107203,1706673312.6111667,11,1,7954,23869,21794,2075,0,2075,0,0,21794,2075,21794,0,0,0,0.099834485000000001,1706673312.6197956,1
835,1706673312.6197991,1706673312.7196281,1706673312.6111667,1706673312.7116287,11,1,7938,23796,21871,1925,0,1925,0,0,21871,1925,21871,0,0,0,0.099837285000000012,1706673312.7196364,1
836,1706673312.7200394,1706673312.8198643,1706673312.7116287,1706673312.8115182,11,1,7911,23746,21737,2009,0,2009,0,0,21737,2009,21737,0,0,0,0.099833125000000009,1706673312.8198724,1
837,1706673312.8198776,1706673312.9197052,1706673312.8115182,1706673312.9108672,11,1,7922,23768,21644,2124,0,2124,0,0,21644,2124,21644,0,0,0,0.099835905000000003,1706673312.9197135,1
838,1706673312.9197171,1706673313.0195458,1706673312.9108672,1706673313.0113935,11,1,7946,23833,21872,1961,0,1961,0,0,21872,1961,21872,0,0,0,0.099837045000000013,1706673313.0195541,1
839,1706673313.0203555,1706673313.1201816,1706673313.0113935,1706673313.1109631,11,1,7944,23837,21623,2214,0,2214,0,0,21623,2214,21623,0,0,0,0.099834345000000005,1706673313.1201899,1
840,1706673313.120194,1706673313.2200108,1706673313.1109631,1706673313.211643,11,1,7940,23827,21844,1983,0,1983,0,0,21844,1983,21844,0,0,0,0.099825145000000004,1706673313.2200191,1
841,1706673313.2200222,1706673313.3198545,1706673313.211643,1706673313.3114274,11,1,7935,23812,21841,1971,0,1971,0,0,21841,1971,21841,0,0,0,0.099840645000000006,1706673313.3198628,1
842,1706673313.3198664,1706673313.4196923,1706673313.3114274,1706673313.411468,11,1,7926,23804,21872,1932,0,1932,0,0,21872,1932,21872,0,0,0,0.099834205000000009,1706673313.4197006,1
843,1706673313.4197047,1706673313.5195384,1706673313.411468,1706673313.5111597,11,1,7933,23803,21786,2017,0,2017,0,0,21786,2017,21786,0,0,0,0.099841945000000001,1706673313.5195465,1
844,1706673313.5203488,1706673313.6201775,1706673313.5111597,1706673313.6109869,11,1,7924,23774,21574,2200,0,2200,0,0,21574,2200,21574,0,0,0,0.099837125000000013,1706673313.6201859,1
845,1706673313.6201892,1706673313.7200301,1706673313.6109869,1706673313.7116537,11,1,7954,23850,21836,2014,0,2014,0,0,21836,2014,21836,0,0,0,0.099849245000000003,1706673313.7200384,1
846,1706673313.7200427,1706673313.8198588,1706673313.7116537,1706673313.8111737,11,1,7959,23874,21783,2091,0,2091,0,0,21783,2091,21783,0,0,0,0.099824405000000005,1706673313.8198671,1
847,1706673313.8198712,1706673313.9197037,1706673313.8111737,1706673313.9110534,11,1,7937,23834,21753,2081,0,2081,0,0,21753,2081,21753,0,0,0,0.099840965000000004,1706673313.9197121,1
848,1706673313.9197152,1706673314.0195403,1706673313.9110534,1706673314.0109675,11,1,7985,23940,21877,2063,0,2063,0,0,21877,2063,21877,0,0,0,0.099833485,1706673314.0195487,1
849,1706673314.0203502,1706673314.1201916,1706673314.0109675,1706673314.1107924,11,1,8000,23997,21735,2262,0,2262,0,0,21735,2262,21735,0,0,0,0.099849725,1706673314.1201999,1
850,1706673314.120204,1706673314.2200334,1706673314.1107924,1706673314.2115486,11,1,7995,23992,21950,2042,0,2042,0,0,21950,2042,21950,0,0,0,0.099837765000000009,1706673314.2200418,1
851,1706673314.2200458,1706673314.3198597,1706673314.2115486,1706673314.3112874,11,1,7956,23871,21807,2064,0,2064,0,0,21807,2064,21807,0,0,0,0.099822265000000007,1706673314.3198681,1
852,1706673314.3198709,1706673314.4196918,1706673314.3112874,1706673314.4117358,11,1,7958,23887,21975,1912,0,1912,0,0,21975,1912,21975,0,0,0,0.099829285000000004,1706673314.4197001,1
853,1706673314.4197049,1706673314.519537,1706673314.4117358,1706673314.5112662,11,1,7978,23928,21939,1989,0,1989,0,0,21939,1989,21939,0,0,0,0.09984050500000001,1706673314.5195453,1
854,1706673314.5203459,1706673314.620173,1706673314.5112662,1706673314.6117547,11,1,7837,23573,21628,1945,0,1945,0,0,21628,1945,21628,0,0,0,0.099835345000000006,1706673314.6201813,1
855,1706673314.6201842,1706673314.7200134,1706673314.6117547,1706673314.7114236,11,1,7956,23879,21812,2067,0,2067,0,0,21812,2067,21812,0,0,0,0.099837645000000003,1706673314.7200217,1
856,1706673314.7200248,1706673314.8198497,1706673314.7114236,1706673314.8109703,11,1,7925,23788,21651,2137,0,2137,0,0,21651,2137,21651,0,0,0,0.099833145000000012,1706673314.8198581,1
857,1706673314.8198612,1706673314.9196749,1706673314.8109703,1706673314.9114211,11,1,7928,23837,21859,1978,0,1978,0,0,21859,1978,21859,0,0,0,0.099822025000000009,1706673314.9196832,1
858,1706673314.9196858,1706673315.0195026,1706673314.9114211,1706673315.0111475,11,1,7920,23782,21796,1986,0,1986,0,0,21796,1986,21796,0,0,0,0.099825145000000004,1706673315.019511,1
859,1706673315.0203123,1706673315.1201398,1706673315.0111475,1706673315.1114149,11,1,7924,23790,21690,2100,0,2100,0,0,21690,2100,21690,0,0,0,0.099835905000000003,1706673315.1201482,1
860,1706673315.1201522,1706673315.2199755,1706673315.1114149,1706673315.2114179,11,1,7966,23914,21855,2059,0,2059,0,0,21855,2059,21855,0,0,0,0.099831545000000008,1706673315.2199838,1
861,1706673315.2199876,1706673315.3198297,1706673315.2114179,1706673315.3108284,11,1,7918,23783,21617,2166,0,2166,0,0,21617,2166,21617,0,0,0,0.09985044500000001,1706673315.319838,1
862,1706673315.3198409,1706673315.4196711,1706673315.3108284,1706673315.4114106,11,1,7897,23732,21789,1943,0,1943,0,0,21789,1943,21789,0,0,0,0.099838465000000001,1706673315.4196794,1
863,1706673315.4196823,1706673315.519511,1706673315.4114106,1706673315.5118382,11,1,7899,23762,21959,1803,0,1803,0,0,21959,1803,21959,0,0,0,0.099837085000000006,1706673315.5195193,1
864,1706673315.5203221,1706673315.6201396,1706673315.5118382,1706673315.6113496,11,1,7925,23769,21686,2083,0,2083,0,0,21686,2083,21686,0,0,0,0.099825965000000003,1706673315.6201479,1
865,1706673315.6201515,1706673315.7199984,1706673315.6113496,1706673315.7110643,11,1,7936,23803,21678,2125,0,2125,0,0,21678,2125,21678,0,0,0,0.099855185000000013,1706673315.7200067,1
866,1706673315.72001,1706673315.8198266,1706673315.7110643,1706673315.8064549,11,1,7939,23826,20613,3213,0,3213,0,0,20613,3213,20613,0,0,0,0.099824865000000013,1706673315.8198349,1
867,1706673315.8198388,1706673315.9196603,1706673315.8064549,1706673315.9103191,11,1,7954,23863,21615,2248,0,2248,0,0,21615,2248,21615,0,0,0,0.099829825000000011,1706673315.9196687,1
868,1706673315.9196725,1706673316.0194995,1706673315.9103191,1706673316.0107775,11,1,7952,23859,21763,2096,0,2096,0,0,21763,2096,21763,0,0,0,0.099835345000000006,1706673316.0195079,1
869,1706673316.0203102,1706673316.1201379,1706673316.0107775,1706673316.1103058,11,1,7944,23840,21478,2362,0,2362,0,0,21478,2362,21478,0,0,0,0.099836065000000002,1706673316.1201463,1
870,1706673316.1201494,1706673316.2199874,1706673316.1103058,1706673316.2100456,11,1,7937,23811,21470,2341,0,2341,0,0,21470,2341,21470,0,0,0,0.099846465000000009,1706673316.2199957,1
871,1706673316.2199996,1706673316.3198111,1706673316.2100456,1706673316.31055,11,1,7942,23877,21678,2199,0,2199,0,0,21678,2199,21678,0,0,0,0.099819805000000011,1706673316.3198195,1
872,1706673316.3198225,1706673316.4196551,1706673316.31055,1706673316.410069,11,1,7873,23637,21338,2299,0,2299,0,0,21338,2299,21338,0,0,0,0.099840945,1706673316.4196634,1
873,1706673316.4196672,1706673316.519495,1706673316.410069,1706673316.5104425,11,1,7933,23814,21702,2112,0,2112,0,0,21702,2112,21702,0,0,0,0.099836065000000002,1706673316.5195034,1
874,1706673316.5203056,1706673316.6201398,1706673316.5104425,1706673316.6102581,11,1,7900,23745,21441,2304,0,2304,0,0,21441,2304,21441,0,0,0,0.099842465000000005,1706673316.6201482,1
875,1706673316.620151,1706673316.7199781,1706673316.6102581,1706673316.7108364,11,1,7887,23705,21545,2160,0,2160,0,0,21545,2160,21545,0,0,0,0.099835465000000012,1706673316.7199864,1
876,1706673316.7199903,1706673316.819818,1706673316.7108364,1706673316.8105679,11,1,7910,23747,21532,2215,0,2215,0,0,21532,2215,21532,0,0,0,0.099836085000000005,1706673316.8198264,1
877,1706673316.8198302,1706673316.9196568,1706673316.8105679,1706673316.9102285,11,1,7909,23767,21574,2193,0,2193,0,0,21574,2193,21574,0,0,0,0.099834885000000012,1706673316.9196651,1
878,1706673316.9196675,1706673317.0194869,1706673316.9102285,1706673317.0107534,11,1,7901,23754,21654,2100,0,2100,0,0,21654,2100,21654,0,0,0,0.099827785000000002,1706673317.0194952,1
879,1706673317.0202963,1706673317.1201241,1706673317.0107534,1706673317.1102049,11,1,7855,23627,21252,2375,0,2375,0,0,21252,2375,21252,0,0,4.1670000000000001e-06,0.099836205000000011,1706673317.1201324,1
880,1706673317.1201367,1706673317.2199709,1706673317.1102049,1706673317.2109601,11,1,7921,23758,21655,2103,0,2103,0,0,21655,2103,21655,0,0,0,0.099842505000000012,1706673317.2199793,1
881,1706673317.2199831,1706673317.3198259,1706673317.2109601,1706673317.3105342,11,1,7947,23876,21640,2236,0,2236,0,0,21640,2236,21640,0,0,0,0.099851065000000003,1706673317.3198342,1
882,1706673317.3198376,1706673317.4196796,1706673317.3105342,1706673317.4107249,11,1,7921,23778,21623,2155,0,2155,0,0,21623,2155,21623,0,0,0,0.099850464999999999,1706673317.419688,1
883,1706673317.4196918,1706673317.5195072,1706673317.4107249,1706673317.511018,11,1,7918,23765,21721,2044,0,2044,0,0,21721,2044,21721,0,0,0,0.099823725000000002,1706673317.5195155,1
884,1706673317.5203185,1706673317.6201487,1706673317.511018,1706673317.6100962,11,1,7939,23811,21394,2417,0,2417,0,0,21394,2417,21394,0,0,0,0.099838585000000007,1706673317.620157,1
885,1706673317.6201606,1706673317.7199759,1706673317.6100962,1706673317.7105944,11,1,7937,23815,21564,2251,0,2251,0,0,21564,2251,21564,0,0,0,0.099823585000000006,1706673317.7199841,1
886,1706673317.7199876,1706673317.8198125,1706673317.7105944,1706673317.8110662,11,1,7916,23746,21642,2104,0,2104,0,0,21642,2104,21642,0,0,0,0.099833265000000004,1706673317.8198209,1
887,1706673317.8198242,1706673317.919642,1706673317.8110662,1706673317.9104998,11,1,7758,23269,21149,2120,0,2120,0,0,21149,2120,21149,0,0,0,0.099826145000000005,1706673317.9196503,1
888,1706673317.9200537,1706673318.019876,1706673317.9104998,1706673318.0111339,11,1,7811,23485,21423,2062,0,2062,0,0,21423,2062,21423,0,0,0,0.099830625000000006,1706673318.0198843,1
889,1706673318.0198872,1706673318.119725,1706673318.0111339,1706673318.1109569,11,1,7949,23830,21765,2065,0,2065,0,0,21765,2065,21765,0,0,0,0.099846005000000002,1706673318.1197331,1
890,1706673318.1197364,1706673318.2195544,1706673318.1109569,1706673318.2102215,11,1,7953,23833,21637,2196,0,2196,0,0,21637,2196,21637,0,0,0,0.099826345000000011,1706673318.2195628,1
891,1706673318.2203639,1706673318.3202107,1706673318.2102215,1706673318.3101964,11,1,7942,23843,21494,2349,0,2349,0,0,21494,2349,21494,0,0,0,0.099855245000000009,1706673318.320219,1
892,1706673318.3202224,1706673318.4200549,1706673318.3101964,1706673318.4107039,11,1,7964,23895,21673,2222,0,2222,0,0,21673,2222,21673,0,0,0,0.099840765000000012,1706673318.4200633,1
893,1706673318.4200671,1706673318.5199082,1706673318.4107039,1706673318.5106485,11,1,7971,23905,21679,2226,0,2226,0,0,21679,2226,21679,0,0,0,0.099849405000000002,1706673318.5199165,1
894,1706673318.5199199,1706673318.6197743,1706673318.5106485,1706673318.6101797,11,1,7955,23855,21661,2194,0,2194,0,0,21661,2194,21661,0,0,0,0.099862845000000006,1706673318.6197827,1
895,1706673318.6197858,1706673318.7196162,1706673318.6101797,1706673318.7111311,11,1,7978,23918,21898,2020,0,2020,0,0,21898,2020,21898,0,0,0,0.09983876500000001,1706673318.7196245,1
896,1706673318.7200289,1706673318.8198597,1706673318.7111311,1706673318.811034,11,1,7969,23910,21795,2115,0,2115,0,0,21795,2115,21795,0,0,0,0.099839105000000011,1706673318.8198681,1
897,1706673318.8198709,1706673318.9197083,1706673318.811034,1706673318.910707,11,1,7945,23821,21655,2166,0,2166,0,0,21655,2166,21655,0,0,0,0.09984572500000001,1706673318.9197166,1
898,1706673318.9197206,1706673319.0195518,1706673318.910707,1706673319.0103958,11,1,7964,23907,21704,2203,0,2203,0,0,21704,2203,21704,0,0,0,0.099839364999999999,1706673319.0195601,1
899,1706673319.0203631,1706673319.1201913,1706673319.0103958,1706673319.1110582,11,1,7968,23910,21712,2198,0,2198,0,0,21712,2198,21712,0,0,0,0.099836465000000013,1706673319.1201994,1
900,1706673319.1202035,1706673319.2200475,1706673319.1110582,1706673319.2105689,11,1,7921,23780,21541,2239,0,2239,0,0,21541,2239,21541,0,0,0,0.099852204999999999,1706673319.2200558,1
901,1706673319.2200589,1706673319.3198926,1706673319.2105689,1706673319.3110673,11,1,7796,23516,21429,2087,0,2087,0,0,21429,2087,21429,0,0,0,0.099841965000000005,1706673319.319901,1
902,1706673319.3199043,1706673319.4197416,1706673319.3110673,1706673319.4106512,11,1,7938,23809,21672,2137,0,2137,0,0,21672,2137,21672,0,0,0,0.099845565000000011,1706673319.41975,1
903,1706673319.4197526,1706673319.5195808,1706673319.4106512,1706673319.5108097,11,1,7939,23838,21769,2069,0,2069,0,0,21769,2069,21769,0,0,0,0.099836645000000002,1706673319.5195892,1
904,1706673319.5199926,1706673319.6198196,1706673319.5108097,1706673319.6108079,11,1,7927,23820,21653,2167,0,2167,0,0,21653,2167,21653,0,0,0,0.09983528500000001,1706673319.619828,1
905,1706673319.6198316,1706673319.7196529,1706673319.6108079,1706673319.7108216,11,1,7876,23705,21612,2093,0,2093,0,0,21612,2093,21612,0,0,0,0.099829665000000012,1706673319.7196612,1
906,1706673319.7200649,1706673319.8198948,1706673319.7108216,1706673319.810792,11,1,7888,23721,21579,2142,0,2142,0,0,21579,2142,21579,0,0,0,0.09983818500000001,1706673319.8199031,1
907,1706673319.8199067,1706673319.9197319,1706673319.810792,1706673319.9104159,11,1,7909,23769,21573,2196,0,2196,0,0,21573,2196,21573,0,0,0,0.099833585000000002,1706673319.9197402,1
908,1706673319.9197443,1706673320.0195742,1706673319.9104159,1706673320.0108676,11,1,7954,23862,21798,2064,0,2064,0,0,21798,2064,21798,0,0,0,0.099838325000000006,1706673320.0195825,1
909,1706673320.0203838,1706673320.1202126,1706673320.0108676,1706673320.110754,11,1,7946,23842,21591,2251,0,2251,0,0,21591,2251,21591,0,0,0,0.09983694500000001,1706673320.1202207,1
910,1706673320.1202235,1706673320.2200489,1706673320.110754,1706673320.210701,11,1,7951,23838,21593,2245,0,2245,0,0,21593,2245,21593,0,0,0,0.099833825000000001,1706673320.2200572,1
911,1706673320.2200601,1706673320.3198888,1706673320.210701,1706673320.311305,11,1,7937,23796,21731,2065,0,2065,0,0,21731,2065,21731,0,0,0,0.099837165000000005,1706673320.3198972,1
912,1706673320.3199008,1706673320.4197354,1706673320.311305,1706673320.4107642,11,1,7917,23779,21620,2159,0,2159,0,0,21620,2159,21620,0,0,0,0.09984290500000001,1706673320.4197435,1
913,1706673320.4197483,1706673320.5195816,1706673320.4107642,1706673320.5110934,11,1,7941,23848,21805,2043,0,2043,0,0,21805,2043,21805,0,0,0,0.09984158500000001,1706673320.5195899,1
914,1706673320.5199935,1706673320.6198173,1706673320.5110934,1706673320.6108546,11,1,7953,23872,21714,2158,0,2158,0,0,21714,2158,21714,0,0,0,0.099832065000000011,1706673320.6198256,1
915,1706673320.6198287,1706673320.7196476,1706673320.6108546,1706673320.7113802,11,1,7946,23830,21842,1988,0,1988,0,0,21842,1988,21842,0,0,0,0.099827305000000005,1706673320.719656,1
916,1706673320.7200584,1706673320.8198903,1706673320.7113802,1706673320.8107629,11,1,7917,23768,21573,2195,0,2195,0,0,21573,2195,21573,0,0,0,0.099840185000000012,1706673320.8198986,1
917,1706673320.8199022,1706673320.9197145,1706673320.8107629,1706673320.9104412,11,1,7948,23864,21640,2224,0,2224,0,0,21640,2224,21640,0,0,0,0.099820585000000003,1706673320.9197228,1
918,1706673320.9197252,1706673321.0195479,1706673320.9104412,1706673321.0105758,11,1,7931,23784,21696,2088,0,2088,0,0,21696,2088,21696,0,0,0,0.099831085,1706673321.0195563,1
919,1706673321.0203583,1706673321.1201892,1706673321.0105758,1706673321.1109939,11,1,7960,23906,21694,2212,0,2212,0,0,21694,2212,21694,0,0,0,0.099839105000000011,1706673321.1201975,1
920,1706673321.1202018,1706673321.2200387,1706673321.1109939,1706673321.2109849,11,1,7947,23844,21665,2179,0,2179,0,0,21665,2179,21665,0,0,0,0.099845165,1706673321.220047,1
921,1706673321.2200511,1706673321.3198917,1706673321.2109849,1706673321.3105609,11,1,7958,23862,21617,2245,0,2245,0,0,21617,2245,21617,0,0,0,0.099849045000000011,1706673321.3199,1
922,1706673321.3199034,1706673321.4197299,1706673321.3105609,1706673321.4112139,11,1,7961,23890,21840,2050,0,2050,0,0,21840,2050,21840,0,0,0,0.099834805000000013,1706673321.4197383,1
923,1706673321.4197409,1706673321.5195668,1706673321.4112139,1706673321.5106153,11,1,7954,23867,21757,2110,0,2110,0,0,21757,2110,21757,0,0,0,0.099834225000000013,1706673321.5195751,1
924,1706673321.5203767,1706673321.620198,1706673321.5106153,1706673321.6113954,11,1,7955,23890,21795,2095,0,2095,0,0,21795,2095,21795,0,0,0,0.099829765000000001,1706673321.6202064,1
925,1706673321.6202109,1706673321.7200367,1706673321.6113954,1706673321.7108655,11,1,7917,23779,21572,2207,0,2207,0,0,21572,2207,21572,0,0,0,0.099834285000000009,1706673321.7200451,1
926,1706673321.7200482,1706673321.8198969,1706673321.7108655,1706673321.8114448,11,1,7935,23843,21812,2031,0,2031,0,0,21812,2031,21812,0,0,0,0.099856965000000006,1706673321.819905,1
927,1706673321.8199093,1706673321.9197483,1706673321.8114448,1706673321.9109368,11,1,7962,23886,21772,2114,0,2114,0,0,21772,2114,21772,0,0,0,0.099847205000000008,1706673321.9197567,1
928,1706673321.9197605,1706673322.0196028,1706673321.9109368,1706673322.0106547,11,1,7973,23913,21761,2152,0,2152,0,0,21761,2152,21761,0,0,0,0.099850685000000008,1706673322.0196111,1
929,1706673322.0200138,1706673322.1198483,1706673322.0106547,1706673322.1110661,11,1,7974,23910,21798,2112,0,2112,0,0,21798,2112,21798,0,0,0,0.099842865000000003,1706673322.1198566,1
930,1706673322.1198604,1706673322.2196918,1706673322.1110661,1706673322.2109437,11,1,7956,23881,21777,2104,0,2104,0,0,21777,2104,21777,0,0,0,0.099839645000000005,1706673322.2197001,1
931,1706673322.2197037,1706673322.319546,1706673322.2109437,1706673322.3115816,11,1,7959,23901,21985,1916,0,1916,0,0,21985,1916,21985,0,0,0,0.099850525000000009,1706673322.3195541,1
932,1706673322.3203568,1706673322.4201934,1706673322.3115816,1706673322.4109917,11,1,7972,23923,21709,2214,0,2214,0,0,21709,2214,21709,0,0,0,0.099844945000000004,1706673322.4202018,1
933,1706673322.4202058,1706673322.5200355,1706673322.4109917,1706673322.5105605,11,1,7904,23741,21461,2280,0,2280,0,0,21461,2280,21461,0,0,0,0.099838025000000011,1706673322.5200438,1
934,1706673322.5200481,1706673322.6198783,1706673322.5105605,1706673322.6109259,11,1,7972,23915,21759,2156,0,2156,0,0,21759,2156,21759,0,0,0,0.099838465000000001,1706673322.6198866,1
935,1706673322.6198907,1706673322.7197123,1706673322.6109259,1706673322.711405,11,1,7963,23893,21894,1999,0,1999,0,0,21894,1999,21894,0,0,0,0.099829825000000011,1706673322.7197206,1
936,1706673322.7197242,1706673322.8195415,1706673322.711405,1706673322.8112028,11,1,7966,23886,21879,2007,0,2007,0,0,21879,2007,21879,0,0,0,0.099825665000000008,1706673322.8195498,1
937,1706673322.8203511,1706673322.9201782,1706673322.8112028,1706673322.9108372,11,1,7951,23862,21614,2248,0,2248,0,0,21614,2248,21614,0,0,0,0.099835345000000006,1706673322.9201865,1
938,1706673322.9201891,1706673323.0200086,1706673322.9108372,1706673323.0113668,11,1,7996,23987,21907,2080,0,2080,0,0,21907,2080,21907,0,0,0,0.099827785000000002,1706673323.0200169,1
939,1706673323.0200205,1706673323.1198514,1706673323.0113668,1706673323.1111755,11,1,7934,23787,21783,2004,0,2004,0,0,21783,2004,21783,0,0,0,0.099839125000000001,1706673323.1198597,1
940,1706673323.1198628,1706673323.2196865,1706673323.1111755,1706673323.21085,11,1,7980,23935,21813,2122,0,2122,0,0,21813,2122,21813,0,0,0,0.099832085000000001,1706673323.2196949,1
941,1706673323.2196984,1706673323.3195233,1706673323.21085,1706673323.3115287,11,1,7977,23920,21996,1924,0,1924,0,0,21996,1924,21996,0,0,0,0.099833325000000001,1706673323.3195317,1
942,1706673323.3203351,1706673323.420157,1706673323.3115287,1706673323.4109962,11,1,7969,23927,21722,2205,0,2205,0,0,21722,2205,21722,0,0,0,0.099830225000000009,1706673323.4201653,1
943,1706673323.4201698,1706673323.519999,1706673323.4109962,1706673323.5106881,11,1,7958,23884,21653,2231,0,2231,0,0,21653,2231,21653,0,0,0,0.09983752500000001,1706673323.5200074,1
944,1706673323.5200117,1706673323.6198432,1706673323.5106881,1706673323.6112516,11,1,7951,23861,21793,2068,0,2068,0,0,21793,2068,21793,0,0,0,0.099839985000000006,1706673323.6198516,1
945,1706673323.6198545,1706673323.7196686,1706673323.6112516,1706673323.7117524,11,1,7955,23863,21958,1905,0,1905,0,0,21958,1905,21958,0,0,0,0.099822585000000005,1706673323.719677,1
946,1706673323.7196808,1706673323.8195128,1706673323.7117524,1706673323.8111799,11,1,7963,23909,21904,2005,0,2005,0,0,21904,2005,21904,0,0,0,0.099840485000000007,1706673323.8195212,1
947,1706673323.8203254,1706673323.9201651,1706673323.8111799,1706673323.9115891,11,1,7951,23868,21846,2022,0,2022,0,0,21846,2022,21846,0,0,0,0.099848005000000004,1706673323.9201734,1
948,1706673323.9201767,1706673324.0200188,1706673323.9115891,1706673324.0115523,11,1,7948,23856,21820,2036,0,2036,0,0,21820,2036,21820,0,0,0,0.09985044500000001,1706673324.0200272,1
949,1706673324.020031,1706673324.1198545,1706673324.0115523,1706673324.1111784,11,1,7942,23845,21760,2085,0,2085,0,0,21760,2085,21760,0,0,0,0.099831825000000013,1706673324.1198628,1
950,1706673324.1198661,1706673324.2197144,1706673324.1111784,1706673324.2109671,11,1,7944,23840,21736,2104,0,2104,0,0,21736,2104,21736,0,0,0,0.099856705000000004,1706673324.2197227,1
951,1706673324.2197268,1706673324.3195388,1706673324.2109671,1706673324.3115401,11,1,7949,23841,21919,1922,0,1922,0,0,21919,1922,21919,0,0,0,0.099820305000000012,1706673324.3195472,1
952,1706673324.3203478,1706673324.4201906,1706673324.3115401,1706673324.4107742,11,1,7940,23833,21570,2263,0,2263,0,0,21570,2263,21570,0,0,0,0.099851065000000003,1706673324.4201989,1
953,1706673324.4202018,1706673324.5200222,1706673324.4107742,1706673324.5114298,11,1,7927,23814,21746,2068,0,2068,0,0,21746,2068,21746,0,0,0,0.09982882500000001,1706673324.5200305,1
954,1706673324.5200341,1706673324.6198618,1706673324.5114298,1706673324.6108673,11,1,7904,23750,21586,2164,0,2164,0,0,21586,2164,21586,0,0,0,0.099836165000000004,1706673324.6198702,1
955,1706673324.6198735,1706673324.719722,1706673324.6108673,1706673324.7116535,11,1,7893,23717,21780,1937,0,1937,0,0,21780,1937,21780,0,0,0,0.099856925000000013,1706673324.7197304,1
956,1706673324.7197337,1706673324.8195527,1706673324.7116535,1706673324.8060689,11,1,7906,23755,20583,3172,0,3172,0,0,20583,3172,20583,0,0,0,0.099827365000000001,1706673324.819561,1
957,1706673324.8203626,1706673324.9201922,1706673324.8060689,1706673324.9099376,11,1,7921,23770,21381,2389,0,2389,0,0,21381,2389,21381,0,0,0,0.099837925000000008,1706673324.9202006,1
958,1706673324.9202037,1706673325.0200353,1706673324.9099376,1706673325.0198452,12,1,7969,23942,23894,48,0,48,0,0,23894,48,23894,0,0,0,0.099839905000000007,1706673325.0200436,1
959,1706673325.0200472,1706673325.1198804,1706673325.0198452,1706673325.1107981,10,1,7895,23697,21512,2185,0,2185,0,0,21512,2185,21512,0,0,0,0.099841545000000004,1706673325.1198888,1
960,1706673325.1198921,1706673325.2197247,1706673325.1107981,1706673325.2106795,11,1,7926,23781,21606,2175,0,2175,0,0,21606,2175,21606,0,0,0,0.099840945,1706673325.219733,1
961,1706673325.2197356,1706673325.3195596,1706673325.2106795,1706673325.3101149,11,1,7918,23767,21533,2234,0,2234,0,0,21533,2234,21533,0,0,0,0.099832185000000004,1706673325.3195679,1
962,1706673325.3203697,1706673325.4202032,1706673325.3101149,1706673325.4100759,11,1,7878,23691,21324,2367,0,2367,0,0,21324,2367,21324,0,0,0,0.099841905000000009,1706673325.4202116,1
963,1706673325.4202149,1706673325.5200391,1706673325.4100759,1706673325.5104196,11,1,7903,23740,21498,2242,0,2242,0,0,21498,2242,21498,0,0,0,0.099832425000000002,1706673325.5200474,1
964,1706673325.5200508,1706673325.6198778,1706673325.5104196,1706673325.6100645,11,1,7919,23786,21491,2295,0,2295,0,0,21491,2295,21491,0,0,0,0.099835445000000009,1706673325.6198862,1
965,1706673325.6198897,1706673325.7197216,1706673325.6100645,1706673325.7108195,11,1,7909,23756,21645,2111,0,2111,0,0,21645,2111,21645,0,0,0,0.099840185000000012,1706673325.7197299,1
966,1706673325.7197328,1706673325.8195646,1706673325.7108195,1706673325.810894,11,1,7895,23717,21638,2079,0,2079,0,0,21638,2079,21638,0,0,0,0.099840185000000012,1706673325.8195729,1
967,1706673325.820374,1706673325.9201956,1706673325.810894,1706673325.9201827,12,1,7791,23433,23427,6,0,6,0,0,23427,6,23427,0,0,0,0.099829805000000008,1706673325.9202039,1
968,1706673325.920207,1706673326.0200298,1706673325.9201827,1706673326.0103669,10,1,7826,23589,21270,2319,0,2319,0,0,21270,2319,21270,0,0,0,0.099831125000000007,1706673326.0200381,1
969,1706673326.0200429,1706673326.1198711,1706673326.0103669,1706673326.1108561,11,1,7892,23686,21544,2142,0,2142,0,0,21544,2142,21544,0,0,0,0.099836685000000008,1706673326.1198795,1
970,1706673326.1198833,1706673326.2197187,1706673326.1108561,1706673326.210613,11,1,7811,23486,21406,2080,0,2080,0,0,21406,2080,21406,0,0,0,0.099843685000000001,1706673326.219727,1
971,1706673326.2197309,1706673326.319561,1706673326.210613,1706673326.3109682,11,1,7744,23275,21245,2030,0,2030,0,0,21245,2030,21245,0,0,0,0.099838565000000004,1706673326.3195693,1
972,1706673326.3203721,1706673326.4202058,1706673326.3109682,1706673326.4199955,12,1,7951,23817,23764,53,0,53,0,0,23764,53,23764,0,0,0,0.099842025000000001,1706673326.4202142,1
973,1706673326.420218,1706673326.5200469,1706673326.4199955,1706673326.5109596,10,1,7953,23868,21681,2187,0,2187,0,0,21681,2187,21681,0,0,0,0.099837185000000009,1706673326.5200553,1
974,1706673326.5200598,1706673326.619885,1706673326.5109596,1706673326.6108451,11,1,7951,23856,21681,2175,0,2175,0,0,21681,2175,21681,0,0,0,0.099833565000000013,1706673326.6198933,1
975,1706673326.6198967,1706673326.7197294,1706673326.6108451,1706673326.7106493,11,1,7925,23754,21573,2181,0,2181,0,0,21573,2181,21573,0,0,0,0.099841045000000003,1706673326.7197378,1
976,1706673326.7197406,1706673326.8195734,1706673326.7106493,1706673326.8100941,11,1,7835,23640,21411,2229,0,2229,0,0,21411,2229,21411,0,0,0,0.099841065000000007,1706673326.8195817,1
977,1706673326.8203845,1706673326.9202008,1706673326.8100941,1706673326.9201677,12,1,7884,23747,23737,10,0,10,0,0,23737,10,23737,0,0,0,0.09982476500000001,1706673326.9202092,1
978,1706673326.9202144,1706673327.0200493,1706673326.9201677,1706673327.0102155,10,1,7950,23841,21474,2367,0,2367,0,0,21474,2367,21474,0,0,0,0.099843165000000011,1706673327.0200577,1
979,1706673327.020061,1706673327.1198981,1706673327.0102155,1706673327.1105154,11,1,7953,23880,21622,2258,0,2258,0,0,21622,2258,21622,0,0,0,0.099845405000000012,1706673327.1199064,1
980,1706673327.119911,1706673327.2197468,1706673327.1105154,1706673327.2108777,11,1,7968,23929,21795,2134,0,2134,0,0,21795,2134,21795,0,0,0,0.099844265000000001,1706673327.2197552,1
981,1706673327.2197583,1706673327.319576,1706673327.2108777,1706673327.3105025,11,1,7916,23739,21556,2183,0,2183,0,0,21556,2183,21556,0,0,0,0.099825985000000006,1706673327.3195844,1
982,1706673327.3199868,1706673327.4198132,1706673327.3105025,1706673327.4108722,11,1,7967,23909,21757,2152,0,2152,0,0,21757,2152,21757,0,0,0,0.099834765000000006,1706673327.4198215,1
983,1706673327.4198246,1706673327.5196633,1706673327.4108722,1706673327.5103238,11,1,7957,23875,21628,2247,0,2247,0,0,21628,2247,21628,0,0,0,0.099847085000000002,1706673327.5196717,1
984,1706673327.5196762,1706673327.6195118,1706673327.5103238,1706673327.6109896,11,1,7959,23890,21839,2051,0,2051,0,0,21839,2051,21839,0,0,0,0.099843885000000007,1706673327.6195202,1
985,1706673327.6203215,1706673327.7201371,1706673327.6109896,1706673327.71083,11,1,7984,23946,21706,2240,0,2240,0,0,21706,2240,21706,0,0,0,0.099823845000000008,1706673327.7201455,1
986,1706673327.7201486,1706673327.8199732,1706673327.71083,1706673327.8103404,11,1,7971,23923,21605,2318,0,2318,0,0,21605,2318,21605,0,0,0,0.099833065000000012,1706673327.8199816,1
987,1706673327.8199852,1706673327.9198146,1706673327.8103404,1706673327.9100673,11,1,7914,23741,21429,2312,0,2312,0,0,21429,2312,21429,0,0,0,0.099837705000000013,1706673327.9198229,1
988,1706673327.919826,1706673328.0196574,1706673327.9100673,1706673328.0104461,11,1,7755,23308,21102,2206,0,2206,0,0,21102,2206,21102,0,0,0,0.099839605000000012,1706673328.0196657,1
989,1706673328.0196693,1706673328.1194961,1706673328.0104461,1706673328.1110229,11,1,7915,23716,21680,2036,0,2036,0,0,21680,2036,21680,0,0,0,0.099835125000000011,1706673328.1195045,1
990,1706673328.1203094,1706673328.2201564,1706673328.1110229,1706673328.2101583,11,1,7937,23819,21430,2389,0,2389,0,0,21430,2389,21430,0,0,0,0.099855405000000008,1706673328.2201648,1
991,1706673328.2201681,1706673328.3199973,1706673328.2101583,1706673328.3107996,11,1,7804,23437,21279,2158,0,2158,0,0,21279,2158,21279,0,0,0,0.099837545,1706673328.3200057,1
992,1706673328.3200092,1706673328.4198401,1706673328.3107996,1706673328.4101882,11,1,7955,23876,21554,2322,0,2322,0,0,21554,2322,21554,0,0,0,0.099839225000000004,1706673328.4198484,1
993,1706673328.4198508,1706673328.5196784,1706673328.4101882,1706673328.5105994,11,1,7957,23869,21684,2185,0,2185,0,0,21684,2185,21684,0,0,0,0.099835885000000013,1706673328.5196867,1
994,1706673328.5196905,1706673328.6195278,1706673328.5105994,1706673328.610599,11,1,7953,23862,21714,2148,0,2148,0,0,21714,2148,21714,0,0,0,0.099845625000000007,1706673328.6195362,1
995,1706673328.6203392,1706673328.7201695,1706673328.610599,1706673328.7103822,11,1,7944,23808,21453,2355,0,2355,0,0,21453,2355,21453,0,0,0,0.099838645000000004,1706673328.7201779,1
996,1706673328.7201817,1706673328.8200157,1706673328.7103822,1706673328.8102646,11,1,8000,23995,21649,2346,0,2346,0,0,21649,2346,21649,0,0,0,0.099842305000000006,1706673328.820024,1
997,1706673328.8200269,1706673328.9198568,1706673328.8102646,1706673328.9107456,11,1,8000,24000,21808,2192,0,2192,0,0,21808,2192,21808,0,0,0,0.099838345000000009,1706673328.9198651,1
998,1706673328.919868,1706673329.0196984,1706673328.9107456,1706673329.0103807,11,1,8000,24000,21758,2242,0,2242,0,0,21758,2242,21758,0,0,0,0.099838784999999999,1706673329.0197067,1
999,1706673329.0197103,1706673329.1195369,1706673329.0103807,1706673329.1112063,11,1,8000,24000,21994,2006,0,2006,0,0,21994,2006,21994,0,0,0,0.099834925000000005,1706673329.1195452,1
1000,1706673329.120348,1706673329.2201796,1706673329.1112063,1706673329.2105813,11,1,7999,23999,21688,2311,0,2311,0,0,21688,2311,21688,0,0,0,0.09983992500000001,1706673329.2201879,1
1001,1706673329.2201912,1706673329.3200331,1706673329.2105813,1706673329.3111386,11,1,8000,23998,21857,2141,0,2141,0,0,21857,2141,21857,0,0,0,0.099850185000000008,1706673329.3200414,1
1002,1706673329.3200445,1706673329.4198785,1706673329.3111386,1706673329.4104795,11,1,8000,24000,21739,2261,0,2261,0,0,21739,2261,21739,0,0,0,0.099842264999999999,1706673329.4198868,1
1003,1706673329.4198899,1706673329.5197163,1706673329.4104795,1706673329.5112741,11,1,8000,24000,21969,2031,0,2031,0,0,21969,2031,21969,0,0,0,0.099834745000000003,1706673329.5197246,1
1004,1706673329.5197275,1706673329.6195624,1706673329.5112741,1706673329.6109948,11,1,8000,24000,21938,2062,0,2062,0,0,21938,2062,21938,0,0,0,0.099843165000000011,1706673329.6195707,1
1005,1706673329.6203737,1706673329.7201889,1706673329.6109948,1706673329.710954,11,1,8000,23998,21775,2223,0,2223,0,0,21775,2223,21775,0,0,0,0.099823385000000001,1706673329.7201972,1
1006,1706673329.7202003,1706673329.8200104,1706673329.710954,1706673329.8103809,11,1,7966,23907,21590,2317,0,2317,0,0,21590,2317,21590,0,0,0,0.099818385000000009,1706673329.8200188,1
1007,1706673329.8200223,1706673329.9198561,1706673329.8103809,1706673329.9111452,11,1,7943,23836,21793,2043,0,2043,0,0,21793,2043,21793,0,0,0,0.099841945000000001,1706673329.9198642,1
1008,1706673329.9198678,1706673330.0196872,1706673329.9111452,1706673330.0105932,11,1,7916,23743,21617,2126,0,2126,0,0,21617,2126,21617,0,0,0,0.099827765000000013,1706673330.0196955,1
1009,1706673330.0196991,1706673330.1195295,1706673330.0105932,1706673330.1107764,11,1,7786,23288,21230,2058,0,2058,0,0,21230,2058,21230,0,0,0,0.09983876500000001,1706673330.1195378,1
1010,1706673330.1203401,1706673330.2201653,1706673330.1107764,1706673330.2105308,11,1,7935,23823,21537,2286,0,2286,0,0,21537,2286,21537,0,0,0,0.09983346500000001,1706673330.2201736,1
1011,1706673330.2201769,1706673330.320009,1706673330.2105308,1706673330.310461,11,1,7961,23862,21567,2295,0,2295,0,0,21567,2295,21567,0,0,0,0.099840445,1706673330.3200173,1
1012,1706673330.3200212,1706673330.4198606,1706673330.310461,1706673330.4109795,11,1,7943,23822,21748,2074,0,2074,0,0,21748,2074,21748,0,0,0,0.099847665000000002,1706673330.4198687,1
1013,1706673330.419872,1706673330.5197017,1706673330.4109795,1706673330.5105815,11,1,7994,23989,21795,2194,0,2194,0,0,21795,2194,21795,0,0,0,0.099837905000000005,1706673330.5197101,1
1014,1706673330.5197141,1706673330.6195562,1706673330.5105815,1706673330.6112294,11,1,7999,23999,21995,2004,0,2004,0,0,21995,2004,21995,0,0,0,0.09985036500000001,1706673330.6195645,1
1015,1706673330.6203659,1706673330.7201858,1706673330.6112294,1706673330.7108021,11,1,8000,24000,21742,2258,0,2258,0,0,21742,2258,21742,0,0,0,0.099828345000000013,1706673330.7201941,1
1016,1706673330.7201977,1706673330.8200183,1706673330.7108021,1706673330.8106084,11,1,8000,24000,21735,2265,0,2265,0,0,21735,2265,21735,0,0,0,0.099828925000000013,1706673330.8200266,1
1017,1706673330.8200288,1706673330.9198394,1706673330.8106084,1706673330.9105599,11,1,8000,24000,21766,2234,0,2234,0,0,21766,2234,21766,0,0,0,0.099819005000000002,1706673330.9198477,1
1018,1706673330.9198503,1706673331.0196824,1706673330.9105599,1706673331.011302,11,1,8000,24000,21983,2017,0,2017,0,0,21983,2017,21983,0,0,0,0.099840285000000001,1706673331.0196908,1
1019,1706673331.0196939,1706673331.1195147,1706673331.011302,1706673331.110606,11,1,8000,24000,21856,2144,0,2144,0,0,21856,2144,21856,0,0,0,0.099829145000000008,1706673331.119523,1
1020,1706673331.1203253,1706673331.2201455,1706673331.110606,1706673331.2112498,11,1,7998,23997,21857,2140,0,2140,0,0,21857,2140,21857,0,0,0,0.099828465000000005,1706673331.2201538,1
1021,1706673331.2201576,1706673331.3199785,1706673331.2112498,1706673331.3107057,11,1,7976,23923,21746,2177,0,2177,0,0,21746,2177,21746,0,0,0,0.099829205000000004,1706673331.3199868,1
1022,1706673331.3199904,1706673331.4198189,1706673331.3107057,1706673331.4114163,11,1,7964,23885,21890,1995,0,1995,0,0,21890,1995,21890,0,0,0,0.099836885,1706673331.4198272,1
1023,1706673331.4198308,1706673331.5196402,1706673331.4114163,1706673331.5108039,11,1,7856,23565,21492,2073,0,2073,0,0,21492,2073,21492,0,0,0,0.09981772500000001,1706673331.5196486,1
1024,1706673331.5200515,1706673331.619884,1706673331.5108039,1706673331.6114104,11,1,7692,23152,21151,2001,0,2001,0,0,21151,2001,21151,0,0,0,0.099840805000000005,1706673331.6198924,1
1025,1706673331.6198952,1706673331.7197251,1706673331.6114104,1706673331.7109017,11,1,7893,23704,21582,2122,0,2122,0,0,21582,2122,21582,0,0,0,0.099838365000000012,1706673331.7197335,1
1026,1706673331.7197375,1706673331.8195722,1706673331.7109017,1706673331.8113754,11,1,7946,23828,21856,1972,0,1972,0,0,21856,1972,21856,0,0,0,0.099843045000000005,1706673331.8195806,1
1027,1706673331.8203855,1706673331.920212,1706673331.8113754,1706673331.9109097,11,1,7965,23925,21687,2238,0,2238,0,0,21687,2238,21687,0,0,0,0.099834845000000005,1706673331.9202204,1
1028,1706673331.9202242,1706673332.0200589,1706673331.9109097,1706673332.0105691,11,1,7968,23906,21624,2282,0,2282,0,0,21624,2282,21624,0,0,0,0.099842945000000002,1706673332.0200672,1
1029,1706673332.0200703,1706673332.1198893,1706673332.0105691,1706673332.1111503,11,1,7991,23991,21888,2103,0,2103,0,0,21888,2103,21888,0,0,0,0.099827205000000002,1706673332.1198976,1
1030,1706673332.1199005,1706673332.2197313,1706673332.1111503,1706673332.2107697,11,1,8000,24000,21844,2156,0,2156,0,0,21844,2156,21844,0,0,0,0.099839145000000004,1706673332.2197397,1
1031,1706673332.2197428,1706673332.3195853,1706673332.2107697,1706673332.3115261,11,1,8000,24000,22061,1939,0,1939,0,0,22061,1939,22061,0,0,0,0.099850845000000008,1706673332.3195937,1
1032,1706673332.3199966,1706673332.4198308,1706673332.3115261,1706673332.4107475,11,1,8000,24000,21813,2187,0,2187,0,0,21813,2187,21813,0,0,0,0.099842645000000008,1706673332.4198391,1
1033,1706673332.4198434,1706673332.5196631,1706673332.4107475,1706673332.5114512,11,1,8000,24000,22024,1976,0,1976,0,0,22024,1976,22024,0,0,0,0.099827945000000001,1706673332.5196714,1
1034,1706673332.519675,1706673332.6195123,1706673332.5114512,1706673332.6109312,11,1,8000,24000,21935,2065,0,2065,0,0,21935,2065,21935,0,0,0,0.099845545000000008,1706673332.6195207,1
1035,1706673332.6203229,1706673332.7201459,1706673332.6109312,1706673332.7112768,11,1,7964,23899,21765,2134,0,2134,0,0,21765,2134,21765,0,0,0,0.099831365000000005,1706673332.7201543,1
1036,1706673332.7201588,1706673332.8199842,1706673332.7112768,1706673332.8106043,11,1,7959,23884,21626,2258,0,2258,0,0,21626,2258,21626,0,0,0,0.099833625000000009,1706673332.8199925,1
1037,1706673332.8199952,1706673332.9198263,1706673332.8106043,1706673332.9111826,11,1,7958,23849,21771,2078,0,2078,0,0,21771,2078,21771,0,0,0,0.099839505000000009,1706673332.9198346,1
1038,1706673332.919837,1706673333.0196633,1706673332.9111826,1706673333.0105841,11,1,7808,23380,21250,2130,0,2130,0,0,21250,2130,21250,0,0,0,0.099834645,1706673333.0196717,1
1039,1706673333.0196748,1706673333.1194997,1706673333.0105841,1706673333.1114092,11,1,7930,23749,21841,1908,0,1908,0,0,21841,1908,21841,0,0,0,0.099833325000000001,1706673333.119508,1
1040,1706673333.1203098,1706673333.2201383,1706673333.1114092,1706673333.2110176,11,1,7944,23829,21674,2155,0,2155,0,0,21674,2155,21674,0,0,0,0.099836905000000004,1706673333.2201467,1
1041,1706673333.22015,1706673333.3199868,1706673333.2110176,1706673333.3108354,11,1,7973,23888,21734,2154,0,2154,0,0,21734,2154,21734,0,0,0,0.099845125000000007,1706673333.3199952,1
1042,1706673333.3199983,1706673333.4198174,1706673333.3108354,1706673333.4107733,11,1,7972,23936,21758,2178,0,2178,0,0,21758,2178,21758,0,0,0,0.099827565000000007,1706673333.4198258,1
1043,1706673333.4198301,1706673333.5196457,1706673333.4107733,1706673333.5113039,11,1,7966,23875,21867,2008,0,2008,0,0,21867,2008,21867,0,0,0,0.099823965000000001,1706673333.519654,1
1044,1706673333.520057,1706673333.6198781,1706673333.5113039,1706673333.6106949,11,1,7998,23992,21781,2211,0,2211,0,0,21781,2211,21781,0,0,0,0.099829385000000007,1706673333.6198864,1
1045,1706673333.6198909,1706673333.7197168,1706673333.6106949,1706673333.7110264,11,1,8000,24000,21909,2091,0,2091,0,0,21909,2091,21909,0,0,0,0.09983412500000001,1706673333.7197251,1
1046,1706673333.7197285,1706673333.81955,1706673333.7110264,1706673333.8061385,11,1,8000,24000,20772,3228,0,3228,0,0,20772,3228,20772,0,0,0,0.099829945000000003,1706673333.8195584,1
1047,1706673333.8203607,1706673333.9201825,1706673333.8061385,1706673333.9102044,11,1,7954,23887,21508,2379,0,2379,0,0,21508,2379,21508,0,0,0,0.099830125000000006,1706673333.9201908,1
1048,1706673333.9201946,1706673334.0200274,1706673333.9102044,1706673334.0107174,11,1,7985,23925,21739,2186,0,2186,0,0,21739,2186,21739,0,0,0,0.09984108500000001,1706673334.0200357,1
1049,1706673334.0200386,1706673334.1198664,1706673334.0107174,1706673334.119705,12,1,7968,23914,23873,41,0,41,0,0,23873,41,23873,0,0,0,0.099835985000000002,1706673334.1198745,1
1050,1706673334.1198766,1706673334.2197163,1706673334.119705,1706673334.2097974,10,1,7977,23936,21560,2376,0,2376,0,0,21560,2376,21560,0,0,0,0.099848005000000004,1706673334.2197247,1
1051,1706673334.219728,1706673334.3195453,1706673334.2097974,1706673334.3102512,11,1,7944,23864,21630,2234,0,2234,0,0,21630,2234,21630,0,0,0,0.099825645000000005,1706673334.3195536,1
1052,1706673334.3203549,1706673334.4201863,1706673334.3102512,1706673334.4200742,12,1,7934,23827,23798,29,0,29,0,0,23798,29,23798,0,0,0,0.099839745000000008,1706673334.4201946,1
1053,1706673334.4201984,1706673334.5200441,1706673334.4200742,1706673334.5106645,10,1,7938,23828,21583,2245,0,2245,0,0,21583,2245,21583,0,0,0,0.099853965000000003,1706673334.5200524,1
1054,1706673334.5200558,1706673334.6198933,1706673334.5106645,1706673334.6105978,11,1,7929,23773,21583,2190,0,2190,0,0,21583,2190,21583,0,0,0,0.099845845000000003,1706673334.6199017,1
1055,1706673334.6199043,1706673334.7197423,1706673334.6105978,1706673334.710566,11,1,7951,23851,21644,2207,0,2207,0,0,21644,2207,21644,0,0,0,0.099846345000000003,1706673334.7197506,1
1056,1706673334.7197537,1706673334.8195872,1706673334.710566,1706673334.8097486,11,1,7966,23902,21535,2367,0,2367,0,0,21535,2367,21535,0,0,0,0.099841725000000006,1706673334.8195956,1
1057,1706673334.8199973,1706673334.9198222,1706673334.8097486,1706673334.9108224,11,1,7943,23842,21676,2166,0,2166,0,0,21676,2166,21676,0,0,0,0.099833265000000004,1706673334.9198306,1
1058,1706673334.9198337,1706673335.019649,1706673334.9108224,1706673335.0104828,11,1,7868,23661,21484,2177,0,2177,0,0,21484,2177,21484,0,0,0,0.099823625000000013,1706673335.0196574,1
1059,1706673335.0200603,1706673335.1198716,1706673335.0104828,1706673335.1098874,11,1,7795,23508,21162,2346,0,2346,0,0,21162,2346,21162,0,0,0,0.099819705000000009,1706673335.11988,1
1060,1706673335.1198828,1706673335.2197139,1706673335.1098874,1706673335.2105889,11,1,7880,23658,21462,2196,0,2196,0,0,21462,2196,21462,0,0,0,0.099839364999999999,1706673335.2197223,1
1061,1706673335.2197254,1706673335.3195548,1706673335.2105889,1706673335.3106582,11,1,7927,23794,21653,2141,0,2141,0,0,21653,2141,21653,0,0,0,0.099837825000000005,1706673335.3195632,1
1062,1706673335.3203666,1706673335.4202034,1706673335.3106582,1706673335.4102046,11,1,7917,23759,21409,2350,0,2350,0,0,21409,2350,21409,0,0,0,0.09984522500000001,1706673335.4202118,1
1063,1706673335.4202151,1706673335.520035,1706673335.4102046,1706673335.5108707,11,1,7842,23536,21392,2144,0,2144,0,0,21392,2144,21392,0,0,0,0.099828264999999999,1706673335.5200434,1
1064,1706673335.5200469,1706673335.6198545,1706673335.5108707,1706673335.6102891,11,1,7691,23219,20982,2237,0,2237,0,0,20982,2237,20982,0,0,0,0.099815765000000001,1706673335.6198628,1
1065,1706673335.6198657,1706673335.7196908,1706673335.6102891,1706673335.7100782,11,1,7871,23575,21313,2262,0,2262,0,0,21313,2262,21313,0,0,0,0.099829258000000004,1706673335.7196949,1
1066,1706673335.719703,1706673335.8195362,1706673335.7100782,1706673335.8099785,11,1,7834,23519,21266,2253,0,2253,0,0,21266,2253,21266,0,0,0,0.09984158500000001,1706673335.8195446,1
1067,1706673335.8203464,1706673335.9201708,1706673335.8099785,1706673335.9098682,11,1,7753,23286,20946,2340,0,2340,0,0,20946,2340,20946,0,0,0,0.099832665000000001,1706673335.9201791,1
1068,1706673335.9201822,1706673336.0200233,1706673335.9098682,1706673336.0103061,11,1,7809,23433,21124,2309,0,2309,0,0,21124,2309,21124,0,0,0,0.099849465000000012,1706673336.0200317,1
1069,1706673336.0200353,1706673336.1198719,1706673336.0103061,1706673336.1106102,11,1,7933,23786,21558,2228,0,2228,0,0,21558,2228,21558,0,0,0,0.099845025000000004,1706673336.1198802,1
1070,1706673336.119884,1706673336.219703,1706673336.1106102,1706673336.2101388,11,1,7945,23835,21537,2298,0,2298,0,0,21537,2298,21537,0,0,0,0.099827285000000002,1706673336.2197113,1
1071,1706673336.2197149,1706673336.3195515,1706673336.2101388,1706673336.3100703,11,1,7933,23802,21559,2243,0,2243,0,0,21559,2243,21559,0,0,0,0.099844905000000012,1706673336.3195598,1
1072,1706673336.3203628,1706673336.4201875,1706673336.3100703,1706673336.4201102,12,1,7930,23805,23784,21,0,21,0,0,23784,21,23784,0,0,0,0.099833005000000002,1706673336.4201958,1
1073,1706673336.4201992,1706673336.5200186,1706673336.4201102,1706673336.5104568,10,1,7871,23684,21406,2278,0,2278,0,0,21406,2278,21406,0,0,0,0.099827845000000012,1706673336.5200269,1
1074,1706673336.5200303,1706673336.619849,1706673336.5104568,1706673336.6100821,11,1,7688,23142,20822,2320,0,2320,0,0,20822,2320,20822,0,0,0,0.099827045000000003,1706673336.6198573,1
1075,1706673336.6198609,1706673336.7196941,1706673336.6100821,1706673336.7104545,11,1,7781,23387,21214,2173,0,2173,0,0,21214,2173,21214,0,0,0,0.099841485000000008,1706673336.7197025,1
1076,1706673336.7197061,1706673336.8195274,1706673336.7104545,1706673336.8109434,11,1,7864,23606,21587,2019,0,2019,0,0,21587,2019,21587,0,0,0,0.099829605000000002,1706673336.8195357,1
1077,1706673336.8203375,1706673336.9201696,1706673336.8109434,1706673336.9103894,11,1,7927,23805,21504,2301,0,2301,0,0,21504,2301,21504,0,0,0,0.09984050500000001,1706673336.9201779,1
1078,1706673336.9201815,1706673337.0200188,1706673336.9103894,1706673337.0103509,11,1,7959,23881,21604,2277,0,2277,0,0,21604,2277,21604,0,0,0,0.099845645000000011,1706673337.0200272,1
1079,1706673337.0200307,1706673337.1198545,1706673337.0103509,1706673337.1099918,11,1,7971,23907,21559,2348,0,2348,0,0,21559,2348,21559,0,0,0,0.099832025000000005,1706673337.1198628,1
1080,1706673337.1198666,1706673337.2197013,1706673337.1099918,1706673337.2109907,11,1,7977,23904,21812,2092,0,2092,0,0,21812,2092,21812,0,0,0,0.099843125000000005,1706673337.2197096,1
1081,1706673337.2197134,1706673337.3195391,1706673337.2109907,1706673337.3104093,11,1,7959,23874,21678,2196,0,2196,0,0,21678,2196,21678,0,0,0,0.099833885000000011,1706673337.3195474,1
1082,1706673337.3203492,1706673337.4201713,1706673337.3104093,1706673337.4109247,11,1,7933,23832,21621,2211,0,2211,0,0,21621,2211,21621,0,0,0,0.099830405000000011,1706673337.4201796,1
1083,1706673337.4201832,1706673337.5200186,1706673337.4109247,1706673337.5109339,11,1,7920,23723,21594,2129,0,2129,0,0,21594,2129,21594,0,0,4.1670000000000001e-06,0.099843725000000008,1706673337.5200269,1
1084,1706673337.5200307,1706673337.6198728,1706673337.5109339,1706673337.6104293,11,1,7952,23830,21561,2269,0,2269,0,0,21561,2269,21561,0,0,0,0.099850425000000007,1706673337.6198812,1
1085,1706673337.6198833,1706673337.7197204,1706673337.6104293,1706673337.7111058,11,1,7930,23784,21712,2072,0,2072,0,0,21712,2072,21712,0,0,0,0.099845365000000005,1706673337.7197287,1
1086,1706673337.7197313,1706673337.8195612,1706673337.7111058,1706673337.8110209,11,1,7943,23848,21793,2055,0,2055,0,0,21793,2055,21793,0,0,0,0.099838165000000006,1706673337.8195696,1
1087,1706673337.8203719,1706673337.9201896,1706673337.8110209,1706673337.910495,11,1,7944,23834,21500,2334,0,2334,0,0,21500,2334,21500,0,0,0,0.099826005000000009,1706673337.920198,1
1088,1706673337.9202011,1706673338.0200295,1706673337.910495,1706673338.0103452,11,1,7940,23811,21484,2327,0,2327,0,0,21484,2327,21484,0,0,0,0.099836825000000004,1706673338.0200379,1
1089,1706673338.0200412,1706673338.119868,1706673338.0103452,1706673338.1105971,11,1,7933,23803,21601,2202,0,2202,0,0,21601,2202,21601,0,0,0,0.099835085000000004,1706673338.1198764,1
1090,1706673338.11988,1706673338.2197025,1706673338.1105971,1706673338.2110245,11,1,7930,23794,21756,2038,0,2038,0,0,21756,2038,21756,0,0,0,0.099830745000000012,1706673338.2197106,1
1091,1706673338.2197139,1706673338.3195395,1706673338.2110245,1706673338.3103416,11,1,7903,23708,21552,2156,0,2156,0,0,21552,2156,21552,0,0,0,0.099833925000000004,1706673338.3195479,1
1092,1706673338.3203504,1706673338.4201736,1706673338.3103416,1706673338.411072,11,1,7880,23638,21500,2138,0,2138,0,0,21500,2138,21500,0,0,0,0.099831585,1706673338.420182,1
1093,1706673338.4201863,1706673338.5200036,1706673338.411072,1706673338.5109572,11,1,7923,23738,21596,2142,0,2142,0,0,21596,2142,21596,0,0,0,0.099825505000000009,1706673338.5200119,1
1094,1706673338.5200157,1706673338.6198461,1706673338.5109572,1706673338.6107705,11,1,7926,23786,21602,2184,0,2184,0,0,21602,2184,21602,0,0,0,0.099838665000000007,1706673338.6198545,1
1095,1706673338.6198585,1706673338.7196827,1706673338.6107705,1706673338.7109442,11,1,7936,23816,21713,2103,0,2103,0,0,21713,2103,21713,0,0,0,0.099832505000000002,1706673338.719691,1
1096,1706673338.7196949,1706673338.8195181,1706673338.7109442,1706673338.8103793,11,1,7946,23839,21642,2197,0,2197,0,0,21642,2197,21642,0,0,0,0.099831625000000007,1706673338.8195264,1
1097,1706673338.8203266,1706673338.9201715,1706673338.8103793,1706673338.9108741,11,1,7943,23831,21615,2216,0,2216,0,0,21615,2216,21615,0,0,0,0.099853325000000007,1706673338.9201798,1
1098,1706673338.9201839,1706673339.020005,1706673338.9108741,1706673339.011008,11,1,7920,23752,21587,2165,0,2165,0,0,21587,2165,21587,0,0,0,0.099829385000000007,1706673339.0200133,1
1099,1706673339.020016,1706673339.119837,1706673339.011008,1706673339.1104548,11,1,7791,23385,21178,2207,0,2207,0,0,21178,2207,21178,0,0,0,0.099829465000000006,1706673339.1198454,1
1100,1706673339.119849,1706673339.219666,1706673339.1104548,1706673339.2112343,11,1,7691,23195,21209,1986,0,1986,0,0,21209,1986,21209,0,0,0,0.099825365000000013,1706673339.2196743,1
1101,1706673339.2196779,1706673339.3195083,1706673339.2112343,1706673339.3105237,11,1,7906,23704,21596,2108,0,2108,0,0,21596,2108,21596,0,0,0,0.099838645000000004,1706673339.3195167,1
1102,1706673339.3203192,1706673339.4201488,1706673339.3105237,1706673339.4112148,11,1,7930,23794,21687,2107,0,2107,0,0,21687,2107,21687,0,0,0,0.099838125,1706673339.4201572,1
1103,1706673339.4201608,1706673339.5200114,1706673339.4112148,1706673339.510577,11,1,7913,23750,21535,2215,0,2215,0,0,21535,2215,21535,0,0,0,0.099858885000000008,1706673339.5200198,1
1104,1706673339.5200233,1706673339.6198535,1706673339.510577,1706673339.6110849,11,1,7892,23697,21646,2051,0,2051,0,0,21646,2051,21646,0,0,0,0.099838565000000004,1706673339.6198618,1
1105,1706673339.6198652,1706673339.7196798,1706673339.6110849,1706673339.7104378,11,1,7808,23491,21351,2140,0,2140,0,0,21351,2140,21351,0,0,0,0.099823045000000013,1706673339.7196882,1
1106,1706673339.7196922,1706673339.8195014,1706673339.7104378,1706673339.8102405,11,1,7701,23219,21076,2143,0,2143,0,0,21076,2143,21076,0,0,0,0.099817465000000008,1706673339.8195097,1
1107,1706673339.820312,1706673339.92013,1706673339.8102405,1706673339.9104292,11,1,7863,23645,21313,2332,0,2332,0,0,21313,2332,21313,0,0,0,0.099826245000000008,1706673339.9201384,1
1108,1706673339.9201417,1706673340.019968,1706673339.9104292,1706673340.0111375,11,1,7897,23699,21574,2125,0,2125,0,0,21574,2125,21574,0,0,0,0.099834645,1706673340.0199764,1
1109,1706673340.0199797,1706673340.119817,1706673340.0111375,1706673340.1103265,11,1,7927,23779,21496,2283,0,2283,0,0,21496,2283,21496,0,0,0,0.09984572500000001,1706673340.1198254,1
1110,1706673340.1198292,1706673340.2196522,1706673340.1103265,1706673340.2112381,11,1,7947,23832,21805,2027,0,2027,0,0,21805,2027,21805,0,0,0,0.099831345000000002,1706673340.2196605,1
1111,1706673340.2200634,1706673340.3198907,1706673340.2112381,1706673340.3107009,11,1,7948,23855,21644,2211,0,2211,0,0,21644,2211,21644,0,0,0,0.099835705000000011,1706673340.3198991,1
1112,1706673340.3199034,1706673340.419735,1706673340.3107009,1706673340.4110289,11,1,7933,23816,21744,2072,0,2072,0,0,21744,2072,21744,0,0,0,0.099840025000000013,1706673340.4197433,1
1113,1706673340.4197469,1706673340.5195739,1706673340.4110289,1706673340.5106895,11,1,7942,23802,21713,2089,0,2089,0,0,21713,2089,21713,0,0,1.2501000000000001e-05,0.099835445000000009,1706673340.5195823,1
1114,1706673340.5203834,1706673340.6202109,1706673340.5106895,1706673340.6111619,11,1,7946,23831,21705,2126,0,2126,0,0,21705,2126,21705,0,0,0,0.099835965000000013,1706673340.6202192,1
1115,1706673340.6202221,1706673340.7200475,1706673340.6111619,1706673340.7109725,11,1,7906,23724,21600,2124,0,2124,0,0,21600,2124,21600,0,0,0,0.099833605000000006,1706673340.7200556,1
1116,1706673340.720058,1706673340.8198783,1706673340.7109725,1706673340.8107975,11,1,7910,23779,21610,2169,0,2169,0,0,21610,2169,21610,0,0,0,0.09982874500000001,1706673340.8198867,1
1117,1706673340.8198905,1706673340.9197204,1706673340.8107975,1706673340.9113483,11,1,7924,23779,21764,2015,0,2015,0,0,21764,2015,21764,0,0,0,0.099838345000000009,1706673340.9197288,1
1118,1706673340.9197326,1706673341.0195675,1706673340.9113483,1706673341.0107436,11,1,7927,23780,21660,2120,0,2120,0,0,21660,2120,21660,0,0,0,0.099843245000000011,1706673341.0195758,1
1119,1706673341.0203776,1706673341.1202071,1706673341.0107436,1706673341.1111166,11,1,7949,23843,21656,2187,0,2187,0,0,21656,2187,21656,0,0,0,0.099837665000000006,1706673341.1202154,1
1120,1706673341.1202195,1706673341.2200396,1706673341.1111166,1706673341.2109866,11,1,7956,23865,21686,2179,0,2179,0,0,21686,2179,21686,0,0,0,0.099828545000000005,1706673341.220048,1
1121,1706673341.2200508,1706673341.3198826,1706673341.2109866,1706673341.3104999,11,1,7954,23851,21617,2234,0,2234,0,0,21617,2234,21617,0,0,0,0.099840065000000006,1706673341.319891,1
1122,1706673341.3198929,1706673341.419718,1706673341.3104999,1706673341.4108465,11,1,7956,23857,21767,2090,0,2090,0,0,21767,2090,21767,0,0,0,0.099833425000000003,1706673341.4197264,1
1123,1706673341.4197295,1706673341.5195596,1706673341.4108465,1706673341.5114236,11,1,7889,23689,21734,1955,0,1955,0,0,21734,1955,21734,0,0,0,0.099838445000000012,1706673341.519568,1
1124,1706673341.5203698,1706673341.620198,1706673341.5114236,1706673341.6114514,11,1,7896,23635,21612,2023,0,2023,0,0,21612,2023,21612,0,0,0,0.099836645000000002,1706673341.6202064,1
1125,1706673341.6202095,1706673341.7200577,1706673341.6114514,1706673341.7109163,11,1,7922,23756,21614,2142,0,2142,0,0,21614,2142,21614,0,0,0,0.099856525000000002,1706673341.7200661,1
1126,1706673341.7200692,1706673341.8199186,1706673341.7109163,1706673341.8105078,11,1,7935,23796,21575,2221,0,2221,0,0,21575,2221,21575,0,0,0,0.099857725000000008,1706673341.819927,1
1127,1706673341.8199303,1706673341.9197578,1706673341.8105078,1706673341.9111607,11,1,7942,23835,21767,2068,0,2068,0,0,21767,2068,21767,0,0,0,0.099835945000000009,1706673341.9197662,1
1128,1706673341.91977,1706673342.0195947,1706673341.9111607,1706673342.0105658,11,1,7954,23851,21679,2172,0,2172,0,0,21679,2172,21679,0,0,0,0.099832925000000003,1706673342.019603,1
1129,1706673342.0200067,1706673342.1198301,1706673342.0105658,1706673342.111053,11,1,7948,23834,21722,2112,0,2112,0,0,21722,2112,21722,0,0,0,0.099831845000000002,1706673342.1198385,1
1130,1706673342.1198423,1706673342.2196653,1706673342.111053,1706673342.2114043,11,1,7932,23779,21867,1912,0,1912,0,0,21867,1912,21867,0,0,0,0.099831285000000006,1706673342.2196736,1
1131,1706673342.219677,1706673342.3195052,1706673342.2114043,1706673342.3110883,11,1,7892,23609,21619,1990,0,1990,0,0,21619,1990,21619,0,0,1.2501000000000001e-05,0.099836485000000003,1706673342.3195136,1
1132,1706673342.3203161,1706673342.4201424,1706673342.3110883,1706673342.4109776,11,1,7867,23477,21289,2188,0,2188,0,0,21289,2188,21289,0,0,0,0.099834585000000003,1706673342.4201508,1
1133,1706673342.4201543,1706673342.5199733,1706673342.4109776,1706673342.5106542,11,1,7834,23471,21263,2208,0,2208,0,0,21263,2208,21263,0,0,0,0.099827225000000006,1706673342.5199816,1
1134,1706673342.5199852,1706673342.6198044,1706673342.5106542,1706673342.6112032,11,1,7769,23290,21250,2040,0,2040,0,0,21250,2040,21250,0,0,0,0.099827425000000011,1706673342.6198127,1
1135,1706673342.6198158,1706673342.7196321,1706673342.6112032,1706673342.7108517,11,1,7917,23749,21641,2108,0,2108,0,0,21641,2108,21641,0,0,0,0.099824745000000006,1706673342.7196405,1
1136,1706673342.7200439,1706673342.8198659,1706673342.7108517,1706673342.8058546,11,1,7931,23792,20424,3368,0,3368,0,0,20424,3368,20424,0,0,0,0.099830325000000011,1706673342.8198743,1
1137,1706673342.8198776,1706673342.9196916,1706673342.8058546,1706673342.9196062,12,1,7943,23819,23796,23,0,23,0,0,23796,23,23796,0,0,0,0.099822205000000011,1706673342.9196999,1
1138,1706673342.9197035,1706673343.0195358,1706673342.9196062,1706673343.0095997,10,1,7940,23713,21325,2388,0,2388,0,0,21325,2388,21325,0,0,0,0.099840565000000006,1706673343.0195441,1
1139,1706673343.0203457,1706673343.1201615,1706673343.0095997,1706673343.119782,12,1,7960,23860,23766,94,0,94,0,0,23766,94,23766,0,0,0,0.09982418500000001,1706673343.1201699,1
1140,1706673343.1201737,1706673343.219996,1706673343.119782,1706673343.2196681,11,1,7970,23894,23813,81,0,81,0,0,23813,81,23813,0,0,0,0.099830545000000007,1706673343.2200043,1
1141,1706673343.2200079,1706673343.3198354,1706673343.2196681,1706673343.309653,10,1,7946,23841,21391,2450,0,2450,0,0,21391,2450,21391,0,0,0,0.099835825000000003,1706673343.3198438,1
1142,1706673343.3198466,1706673343.4196749,1706673343.309653,1706673343.4097998,11,1,7943,23829,21462,2367,0,2367,0,0,21462,2367,21462,0,0,0,0.099836685000000008,1706673343.4196832,1
1143,1706673343.419687,1706673343.5195141,1706673343.4097998,1706673343.5102029,11,1,7903,23690,21515,2175,0,2175,0,0,21515,2175,21515,0,0,0,0.099835465000000012,1706673343.5195224,1
1144,1706673343.520324,1706673343.6201437,1706673343.5102029,1706673343.6097565,11,1,7755,23179,20763,2416,0,2416,0,0,20763,2416,20763,0,0,0,0.099827965000000005,1706673343.620152,1
1145,1706673343.6201553,1706673343.71998,1706673343.6097565,1706673343.7195961,12,1,7886,23697,23602,95,0,95,0,0,23602,95,23602,0,0,0,0.099833065000000012,1706673343.7199883,1
1146,1706673343.7199919,1706673343.8198218,1706673343.7195961,1706673343.8098049,10,1,7978,23930,21527,2403,0,2403,0,0,21527,2403,21527,0,0,0,0.099838345000000009,1706673343.8198302,1
1147,1706673343.8198338,1706673343.919661,1706673343.8098049,1706673343.9103823,11,1,7970,23914,21681,2233,0,2233,0,0,21681,2233,21681,0,0,0,0.099835605000000008,1706673343.9196694,1
1148,1706673343.9196727,1706673344.0195074,1706673343.9103823,1706673344.0101464,11,1,7969,23880,21627,2253,0,2253,0,0,21627,2253,21627,0,0,0,0.099842945000000002,1706673344.0195158,1
1149,1706673344.0203192,1706673344.1201518,1706673344.0101464,1706673344.1199768,12,1,7949,23860,23816,44,0,44,0,0,23816,44,23816,0,0,0,0.099840905000000008,1706673344.1201601,1
1150,1706673344.1201644,1706673344.2199883,1706673344.1199768,1706673344.2100446,10,1,7762,23278,20913,2365,0,2365,0,0,20913,2365,20913,0,0,0,0.099832285000000007,1706673344.2199967,1
1151,1706673344.2199996,1706673344.319824,1706673344.2100446,1706673344.3096721,11,1,7910,23725,21282,2443,0,2443,0,0,21282,2443,21282,0,0,0,0.099832865000000007,1706673344.3198323,1
1152,1706673344.3198349,1706673344.419663,1706673344.3096721,1706673344.4099739,11,1,7918,23748,21441,2307,0,2307,0,0,21441,2307,21441,0,0,0,0.099836385,1706673344.4196713,1
1153,1706673344.4196744,1706673344.5195074,1706673344.4099739,1706673344.5104899,11,1,7816,23403,21319,2084,0,2084,0,0,21319,2084,21319,0,0,0,0.099841345000000012,1706673344.5195158,1
1154,1706673344.5203178,1706673344.6201434,1706673344.5104899,1706673344.620121,12,1,7921,23721,23713,8,0,8,0,0,23713,8,23713,0,0,0,0.099833845000000004,1706673344.6201515,1
1155,1706673344.6201551,1706673344.719991,1706673344.620121,1706673344.7197282,11,1,7922,23751,23685,66,0,66,0,0,23685,66,23685,0,0,0,0.099844285000000005,1706673344.7199993,1
1156,1706673344.7200024,1706673344.8198261,1706673344.7197282,1706673344.8100388,10,1,7884,23579,21315,2264,0,2264,0,0,21315,2264,21315,0,0,0,0.099832065000000011,1706673344.8198345,1
1157,1706673344.8198383,1706673344.9196715,1706673344.8100388,1706673344.9102728,11,1,7816,23300,21082,2218,0,2218,0,0,21082,2218,21082,0,0,0,0.099841465000000004,1706673344.9196796,1
1158,1706673344.9196837,1706673345.0195103,1706673344.9102728,1706673345.0097423,11,1,7909,23715,21394,2321,0,2321,0,0,21394,2321,21394,0,0,0,0.099834865000000009,1706673345.0195186,1
1159,1706673345.0203202,1706673345.1201398,1706673345.0097423,1706673345.119792,12,1,7938,23809,23723,86,0,86,0,0,23723,86,23723,0,0,0,0.099828085000000011,1706673345.1201482,1
1160,1706673345.1201515,1706673345.2199695,1706673345.119792,1706673345.2103002,10,1,7839,23493,21245,2248,0,2248,0,0,21245,2248,21245,0,0,0,0.099826365,1706673345.2199779,1
1161,1706673345.2199814,1706673345.3198028,1706673345.2103002,1706673345.3097885,11,1,7824,23480,21117,2363,0,2363,0,0,21117,2363,21117,0,0,0,0.099829685000000001,1706673345.3198111,1
1162,1706673345.3198152,1706673345.419641,1706673345.3097885,1706673345.4107821,11,1,7913,23731,21601,2130,0,2130,0,0,21601,2130,21601,0,0,0,0.099834305000000012,1706673345.4196494,1
1163,1706673345.4200523,1706673345.5198772,1706673345.4107821,1706673345.510596,11,1,7897,23618,21429,2189,0,2189,0,0,21429,2189,21429,0,0,0,0.099833325000000001,1706673345.5198855,1
1164,1706673345.5198886,1706673345.6197248,1706673345.510596,1706673345.6101141,11,1,7895,23667,21388,2279,0,2279,0,0,21388,2279,21388,0,0,0,0.099844385000000008,1706673345.6197331,1
1165,1706673345.6197379,1706673345.7195606,1706673345.6101141,1706673345.7103961,11,1,7951,23851,21691,2160,0,2160,0,0,21691,2160,21691,0,0,0,0.099831185000000003,1706673345.719569,1
1166,1706673345.7203708,1706673345.8202126,1706673345.7103961,1706673345.8098598,11,1,7969,23903,21412,2491,0,2491,0,0,21412,2491,21412,0,0,0,0.099850165000000005,1706673345.8202209,1
1167,1706673345.8202238,1706673345.9200497,1706673345.8098598,1706673345.9100769,11,1,7970,23896,21498,2398,0,2398,0,0,21498,2398,21498,0,0,0,0.099834205000000009,1706673345.920058,1
1168,1706673345.9200604,1706673346.0198982,1706673345.9100769,1706673346.0104048,11,1,7791,23371,21162,2209,0,2209,0,0,21162,2209,21162,0,0,0,0.099846185000000004,1706673346.0199065,1
1169,1706673346.0199106,1706673346.1197407,1706673346.0104048,1706673346.1100984,11,1,7897,23660,21341,2319,0,2319,0,0,21341,2319,21341,0,0,0,0.099838525000000011,1706673346.1197491,1
1170,1706673346.1197534,1706673346.2195666,1706673346.1100984,1706673346.2101648,11,1,7886,23600,21432,2168,0,2168,0,0,21432,2168,21432,0,0,0,0.099821565000000001,1706673346.2195749,1
1171,1706673346.2203774,1706673346.3201833,1706673346.2101648,1706673346.3199794,12,1,7893,23609,23558,51,0,51,0,0,23558,51,23558,0,0,0,0.099814145000000007,1706673346.3201916,1
1172,1706673346.3201952,1706673346.4200139,1706673346.3199794,1706673346.41028,10,1,7944,23850,21569,2281,0,2281,0,0,21569,2281,21569,0,0,0,0.099826985000000007,1706673346.4200222,1
1173,1706673346.4200258,1706673346.5198581,1706673346.41028,1706673346.5108969,11,1,7961,23867,21779,2088,0,2088,0,0,21779,2088,21779,0,0,0,0.099840685000000012,1706673346.5198665,1
1174,1706673346.5198693,1706673346.619688,1706673346.5108969,1706673346.6108575,11,1,7979,23928,21802,2126,0,2126,0,0,21802,2126,21802,0,0,0,0.09982708500000001,1706673346.6196964,1
1175,1706673346.6197009,1706673346.7195156,1706673346.6108575,1706673346.7104261,11,1,7946,23860,21674,2186,0,2186,0,0,21674,2186,21674,0,0,0,0.099822885,1706673346.7195239,1
1176,1706673346.7203267,1706673346.8201537,1706673346.7104261,1706673346.8110802,11,1,7880,23551,21448,2103,0,2103,0,0,21448,2103,21448,0,0,0,0.099835345000000006,1706673346.8201621,1
1177,1706673346.8201656,1706673346.9199831,1706673346.8110802,1706673346.9101799,11,1,7822,23418,21117,2301,0,2301,0,0,21117,2301,21117,0,0,0,0.09982592500000001,1706673346.9199915,1
1178,1706673346.9199946,1706673347.0198216,1706673346.9101799,1706673347.0100958,11,1,7912,23720,21427,2293,0,2293,0,0,21427,2293,21427,0,0,0,0.09983528500000001,1706673347.01983,1
1179,1706673347.019834,1706673347.119662,1706673347.0100958,1706673347.1109507,11,1,7962,23894,21796,2098,0,2098,0,0,21796,2098,21796,0,0,0,0.09983644500000001,1706673347.1196704,1
1180,1706673347.1196742,1706673347.2195108,1706673347.1109507,1706673347.2103441,11,1,7960,23906,21700,2206,0,2206,0,0,21700,2206,21700,0,0,0,0.099844965000000008,1706673347.2195191,1
1181,1706673347.2203209,1706673347.3201678,1706673347.2103441,1706673347.3108454,11,1,7953,23848,21605,2243,0,2243,0,0,21605,2243,21605,0,0,0,0.099855205000000002,1706673347.3201761,1
1182,1706673347.3201797,1706673347.4200087,1706673347.3108454,1706673347.4100795,11,1,7972,23926,21552,2374,0,2374,0,0,21552,2374,21552,0,0,0,0.099837305000000001,1706673347.420017,1
1183,1706673347.4200213,1706673347.5198565,1706673347.4100795,1706673347.5103328,11,1,7905,23703,21419,2284,0,2284,0,0,21419,2284,21419,0,0,0,0.099843505000000013,1706673347.5198648,1
1184,1706673347.5198669,1706673347.6196876,1706673347.5103328,1706673347.6107411,11,1,7926,23720,21569,2151,0,2151,0,0,21569,2151,21569,0,0,0,0.099829065000000008,1706673347.6196959,1
1185,1706673347.6196997,1706673347.7195265,1706673347.6107411,1706673347.710237,11,1,7870,23620,21418,2202,0,2202,0,0,21418,2202,21418,0,0,0,0.099835165000000003,1706673347.7195349,1
1186,1706673347.7203386,1706673347.8201602,1706673347.710237,1706673347.8108408,11,1,7926,23777,21540,2237,0,2237,0,0,21540,2237,21540,0,0,0,0.099829825000000011,1706673347.8201685,1
1187,1706673347.8201718,1706673347.9199827,1706673347.8108408,1706673347.9102004,11,1,7946,23853,21537,2316,0,2316,0,0,21537,2316,21537,0,0,0,0.099819145000000012,1706673347.919991,1
1188,1706673347.9199953,1706673348.0198238,1706673347.9102004,1706673348.0107749,11,1,7962,23866,21731,2135,0,2135,0,0,21731,2135,21731,0,0,0,0.099836705000000012,1706673348.0198319,1
1189,1706673348.0198362,1706673348.1196554,1706673348.0107749,1706673348.1107397,11,1,7973,23914,21786,2128,0,2128,0,0,21786,2128,21786,0,0,0,0.099827425000000011,1706673348.1196637,1
1190,1706673348.1196675,1706673348.219497,1706673348.1107397,1706673348.2106783,11,1,7977,23936,21814,2122,0,2122,0,0,21814,2122,21814,0,0,0,0.099837725000000002,1706673348.2195053,1
1191,1706673348.2203069,1706673348.3201277,1706673348.2106783,1706673348.3100474,11,1,7940,23819,21398,2421,0,2421,0,0,21398,2421,21398,0,0,0,0.099829165000000011,1706673348.3201361,1
1192,1706673348.3201401,1706673348.4199739,1706673348.3100474,1706673348.4106059,11,1,7943,23829,21577,2252,0,2252,0,0,21577,2252,21577,0,0,0,0.099842145000000007,1706673348.4199822,1
1193,1706673348.4199855,1706673348.5198081,1706673348.4106059,1706673348.5102572,11,1,7958,23852,21554,2298,0,2298,0,0,21554,2298,21554,0,0,0,0.099830765000000002,1706673348.5198164,1
1194,1706673348.5198195,1706673348.6196375,1706673348.5102572,1706673348.6107547,11,1,7974,23899,21764,2135,0,2135,0,0,21764,2135,21764,0,0,0,0.099826345000000011,1706673348.6196458,1
1195,1706673348.6200478,1706673348.7198703,1706673348.6107547,1706673348.7106657,11,1,7971,23912,21697,2215,0,2215,0,0,21697,2215,21697,0,0,0,0.099830925000000001,1706673348.7198787,1
1196,1706673348.7198815,1706673348.8196898,1706673348.7106657,1706673348.8111641,11,1,7968,23912,21860,2052,0,2052,0,0,21860,2052,21860,0,0,0,0.099816505,1706673348.8196981,1
1197,1706673348.8197012,1706673348.9195442,1706673348.8111641,1706673348.9108167,11,1,7955,23858,21762,2096,0,2096,0,0,21762,2096,21762,0,0,0,0.099851385000000001,1706673348.9195526,1
1198,1706673348.9203541,1706673349.0201898,1706673348.9108167,1706673349.0103731,11,1,7956,23863,21510,2353,0,2353,0,0,21510,2353,21510,0,0,0,0.099843945000000003,1706673349.0201981,1
1199,1706673349.0202022,1706673349.120044,1706673349.0103731,1706673349.1108022,11,1,7956,23863,21682,2181,0,2181,0,0,21682,2181,21682,0,0,0,0.099850225000000001,1706673349.1200523,1
1200,1706673349.1200559,1706673349.219882,1706673349.1108022,1706673349.2101767,11,1,7954,23858,21575,2283,0,2283,0,0,21575,2283,21575,0,0,0,0.099834505000000004,1706673349.2198904,1
1201,1706673349.2198944,1706673349.3197219,1706673349.2101767,1706673349.3103297,11,1,7968,23877,21670,2207,0,2207,0,0,21670,2207,21670,0,0,0,0.099835765000000007,1706673349.3197303,1
1202,1706673349.3197339,1706673349.4195547,1706673349.3103297,1706673349.4104688,11,1,7972,23901,21747,2154,0,2154,0,0,21747,2154,21747,0,0,0,0.099829225000000008,1706673349.4195631,1
1203,1706673349.4203651,1706673349.5202034,1706673349.4104688,1706673349.5104747,11,1,7974,23935,21599,2336,0,2336,0,0,21599,2336,21599,0,0,0,0.099846605000000005,1706673349.5202117,1
1204,1706673349.5202155,1706673349.6200428,1706673349.5104747,1706673349.6111922,11,1,7958,23906,21776,2130,0,2130,0,0,21776,2130,21776,0,0,0,0.099835685000000007,1706673349.6200511,1
1205,1706673349.6200545,1706673349.7198868,1706673349.6111922,1706673349.7112691,11,1,7965,23880,21807,2073,0,2073,0,0,21807,2073,21807,0,0,0,0.099840745000000009,1706673349.7198951,1
1206,1706673349.7198997,1706673349.8197281,1706673349.7112691,1706673349.8102715,11,1,7966,23907,21631,2276,0,2276,0,0,21631,2276,21631,0,0,0,0.099836825000000004,1706673349.8197365,1
1207,1706673349.8197396,1706673349.9195676,1706673349.8102715,1706673349.9111137,11,1,7965,23890,21888,2002,0,2002,0,0,21888,2002,21888,0,0,0,0.099836385,1706673349.9195759,1
1208,1706673349.9203758,1706673350.020191,1706673349.9111137,1706673350.0107193,11,1,7965,23877,21654,2223,0,2223,0,0,21654,2223,21654,0,0,0,0.099823385000000001,1706673350.0201993,1
1209,1706673350.0202031,1706673350.1200278,1706673350.0107193,1706673350.1105158,11,1,7933,23785,21547,2238,0,2238,0,0,21547,2238,21547,0,0,0,0.099833085000000002,1706673350.1200361,1
1210,1706673350.1200392,1706673350.219878,1706673350.1105158,1706673350.2109704,11,1,7891,23708,21612,2096,0,2096,0,0,21612,2096,21612,0,0,0,0.099847125000000009,1706673350.2198863,1
1211,1706673350.2198884,1706673350.3197274,1706673350.2109704,1706673350.3105667,11,1,7860,23648,21470,2178,0,2178,0,0,21470,2178,21470,0,0,0,0.099847325000000001,1706673350.3197358,1
1212,1706673350.3197393,1706673350.4195728,1706673350.3105667,1706673350.4108315,11,1,7892,23755,21654,2101,0,2101,0,0,21654,2101,21654,0,0,0,0.099841905000000009,1706673350.4195812,1
1213,1706673350.420383,1706673350.5202148,1706673350.4108315,1706673350.5106928,11,1,7876,23691,21400,2291,0,2291,0,0,21400,2291,21400,0,0,0,0.099840265000000011,1706673350.5202231,1
1214,1706673350.5202262,1706673350.6200385,1706673350.5106928,1706673350.6113153,11,1,7889,23708,21608,2100,0,2100,0,0,21608,2100,21608,0,0,0,0.099820605000000007,1706673350.6200469,1
1215,1706673350.6200507,1706673350.7198758,1706673350.6113153,1706673350.7107592,11,1,7887,23701,21514,2187,0,2187,0,0,21514,2187,21514,0,0,0,0.099833565000000013,1706673350.7198842,1
1216,1706673350.7198884,1706673350.8197165,1706673350.7107592,1706673350.8104885,11,1,7906,23754,21536,2218,0,2218,0,0,21536,2218,21536,0,0,0,0.099836285000000011,1706673350.8197248,1
1217,1706673350.8197296,1706673350.919549,1706673350.8104885,1706673350.9112577,11,1,7926,23810,21815,1995,0,1995,0,0,21815,1995,21815,0,0,0,0.099827705000000003,1706673350.9195573,1
1218,1706673350.9203579,1706673351.0201898,1706673350.9112577,1706673351.0105312,11,1,7936,23826,21505,2321,0,2321,0,0,21505,2321,21505,0,0,0,0.099840085000000009,1706673351.0201981,1
1219,1706673351.0202017,1706673351.1200292,1706673351.0105312,1706673351.1112823,11,1,7937,23829,21726,2103,0,2103,0,0,21726,2103,21726,0,0,0,0.09983578500000001,1706673351.1200376,1
1220,1706673351.1200407,1706673351.2198746,1706673351.1112823,1706673351.2108316,11,1,7933,23807,21647,2160,0,2160,0,0,21647,2160,21647,0,0,0,0.099842305000000006,1706673351.219883,1
1221,1706673351.2198861,1706673351.3197064,1706673351.2108316,1706673351.3104854,11,1,7923,23791,21572,2219,0,2219,0,0,21572,2219,21572,0,0,0,0.099828765,1706673351.3197148,1
1222,1706673351.3197179,1706673351.4195554,1706673351.3104854,1706673351.4110889,11,1,7931,23826,21789,2037,0,2037,0,0,21789,2037,21789,0,0,0,0.099845945000000005,1706673351.4195638,1
1223,1706673351.4203656,1706673351.5200424,1706673351.4110889,1706673351.5114892,11,1,7914,23769,21721,2048,0,2048,0,0,21721,2048,21721,0,0,0,0.099810183000000011,1706673351.5201757,1
1224,1706673351.5202053,1706673351.6200314,1706673351.5114892,1706673351.6113281,11,1,7885,23699,21659,2040,0,2040,0,0,21659,2040,21659,0,0,5.0004000000000004e-05,0.099834425000000004,1706673351.6200397,1
1225,1706673351.6200426,1706673351.7198637,1706673351.6113281,1706673351.710722,11,1,7927,23796,21647,2149,0,2149,0,0,21647,2149,21647,0,0,0,0.099829385000000007,1706673351.719872,1
1226,1706673351.7198763,1706673351.8196979,1706673351.710722,1706673351.8059881,11,1,7954,23862,20575,3287,0,3287,0,0,20575,3287,20575,0,0,0,0.09982998500000001,1706673351.8197062,1
1227,1706673351.8197103,1706673351.9195282,1706673351.8059881,1706673351.9098847,11,1,7971,23882,21562,2320,0,2320,0,0,21562,2320,21562,0,0,0,0.099826225000000005,1706673351.9195366,1
1228,1706673351.9203391,1706673352.0201609,1706673351.9098847,1706673352.0097108,11,1,7949,23854,21342,2512,0,2512,0,0,21342,2512,21342,0,0,0,0.099830045000000006,1706673352.0201693,1
1229,1706673352.0201726,1706673352.120002,1706673352.0097108,1706673352.1095929,11,1,7954,23853,21349,2504,0,2504,0,0,21349,2504,21349,0,0,0,0.099837885000000001,1706673352.1200104,1
1230,1706673352.1200137,1706673352.2198446,1706673352.1095929,1706673352.2103941,11,1,7977,23932,21696,2236,0,2236,0,0,21696,2236,21696,0,0,0,0.099839225000000004,1706673352.2198529,1
1231,1706673352.219857,1706673352.3196778,1706673352.2103941,1706673352.3194842,12,1,7985,23964,23915,49,0,49,0,0,23915,49,23915,0,0,0,0.099829185000000001,1706673352.3196862,1
1232,1706673352.319689,1706673352.4195254,1706673352.3194842,1706673352.4096675,10,1,7961,23871,21499,2372,0,2372,0,0,21499,2372,21499,0,0,0,0.099844605000000003,1706673352.4195337,1
1233,1706673352.4203351,1706673352.520169,1706673352.4096675,1706673352.520133,12,1,7947,23854,23843,11,0,11,0,0,23843,11,23843,0,0,0,0.099842225000000007,1706673352.5201774,1
1234,1706673352.5201809,1706673352.6200097,1706673352.520133,1706673352.6197309,11,1,7955,23858,23789,69,0,69,0,0,23789,69,23789,0,0,0,0.099836965,1706673352.620018,1
1235,1706673352.6200221,1706673352.7198606,1706673352.6197309,1706673352.709687,10,1,7954,23865,21417,2448,0,2448,0,0,21417,2448,21417,0,0,0,0.099846865000000007,1706673352.7198689,1
1236,1706673352.719872,1706673352.8197083,1706673352.709687,1706673352.8103123,11,1,7980,23931,21670,2261,0,2261,0,0,21670,2261,21670,0,0,0,0.09984464500000001,1706673352.8197167,1
1237,1706673352.81972,1706673352.9195392,1706673352.8103123,1706673352.9098761,11,1,7980,23943,21619,2324,0,2324,0,0,21619,2324,21619,0,0,0,0.099827425000000011,1706673352.9195476,1
1238,1706673352.9203496,1706673353.0201821,1706673352.9098761,1706673353.0099604,11,1,7952,23845,21478,2367,0,2367,0,0,21478,2367,21478,0,0,0,0.099840845000000011,1706673353.0201905,1
1239,1706673353.0201936,1706673353.1200304,1706673353.0099604,1706673353.1095426,11,1,7977,23928,21413,2515,0,2515,0,0,21413,2515,21413,0,0,0,0.09984522500000001,1706673353.1200387,1
1240,1706673353.1200418,1706673353.219867,1706673353.1095426,1706673353.2196143,12,1,7979,23922,23859,63,0,63,0,0,23859,63,23859,0,0,0,0.099833385000000011,1706673353.2198753,1
1241,1706673353.2198787,1706673353.3197243,1706673353.2196143,1706673353.3098142,10,1,7964,23871,21488,2383,0,2383,0,0,21488,2383,21488,0,0,0,0.09985392500000001,1706673353.3197327,1
1242,1706673353.3197358,1706673353.419584,1706673353.3098142,1706673353.4098072,11,1,7951,23871,21518,2353,0,2353,0,0,21518,2353,21518,0,0,0,0.099856585000000012,1706673353.4195924,1
1243,1706673353.4199941,1706673353.5198231,1706673353.4098072,1706673353.519558,12,1,7947,23838,23772,66,0,66,0,0,23772,66,23772,0,0,0,0.099837245000000005,1706673353.5198314,1
1244,1706673353.5198345,1706673353.6196556,1706673353.519558,1706673353.6096778,10,1,7936,23834,21436,2398,0,2398,0,0,21436,2398,21436,0,0,0,0.099829424999999999,1706673353.619664,1
1245,1706673353.6196682,1706673353.7195024,1706673353.6096778,1706673353.709904,11,1,7943,23831,21525,2306,0,2306,0,0,21525,2306,21525,0,0,0,0.099842565000000008,1706673353.7195108,1
1246,1706673353.7203138,1706673353.8201461,1706673353.709904,1706673353.810158,11,1,7940,23829,21446,2383,0,2383,0,0,21446,2383,21446,0,0,0,0.099840645000000006,1706673353.8201544,1
1247,1706673353.8201573,1706673353.9199953,1706673353.810158,1706673353.9199917,12,1,7949,23852,23849,3,0,3,0,0,23849,3,23849,0,0,0,0.099846365000000006,1706673353.9200037,1
1248,1706673353.9200063,1706673354.0198307,1706673353.9199917,1706673354.0099144,10,1,7946,23853,21468,2385,0,2385,0,0,21468,2385,21468,0,0,0,0.099832705000000008,1706673354.019839,1
1249,1706673354.0198421,1706673354.1196563,1706673354.0099144,1706673354.1104233,11,1,7967,23885,21663,2222,0,2222,0,0,21663,2222,21663,0,0,0,0.09982244500000001,1706673354.1196647,1
1250,1706673354.119668,1706673354.2194922,1706673354.1104233,1706673354.2096496,11,1,7960,23882,21519,2363,0,2363,0,0,21519,2363,21519,0,0,0,0.099832585000000001,1706673354.2195005,1
1251,1706673354.2203038,1706673354.320128,1706673354.2096496,1706673354.3100488,11,1,7950,23850,21477,2373,0,2373,0,0,21477,2373,21477,0,0,0,0.099832425000000002,1706673354.3201363,1
1252,1706673354.3201399,1706673354.4199722,1706673354.3100488,1706673354.409662,11,1,7937,23851,21411,2440,0,2440,0,0,21411,2440,21411,0,0,0,0.099840665000000009,1706673354.4199805,1
1253,1706673354.4199831,1706673354.5198078,1706673354.409662,1706673354.5101402,11,1,7894,23690,21393,2297,0,2297,0,0,21393,2297,21393,0,0,0,0.09983288500000001,1706673354.5198159,1
1254,1706673354.5198195,1706673354.6196625,1706673354.5101402,1706673354.609946,11,1,7900,23727,21408,2319,0,2319,0,0,21408,2319,21408,0,0,0,0.099851405000000004,1706673354.6196709,1
1255,1706673354.6196742,1706673354.7195125,1706673354.609946,1706673354.7100663,11,1,7931,23797,21525,2272,0,2272,0,0,21525,2272,21525,0,0,0,0.099846645000000012,1706673354.7195208,1
1256,1706673354.7203233,1706673354.8201423,1706673354.7100663,1706673354.8099446,11,1,7947,23861,21410,2451,0,2451,0,0,21410,2451,21410,0,0,0,0.099827385000000005,1706673354.8201506,1
1257,1706673354.8201549,1706673354.9199793,1706673354.8099446,1706673354.910661,11,1,7964,23891,21652,2239,0,2239,0,0,21652,2239,21652,0,0,0,0.099832665000000001,1706673354.9199877,1
1258,1706673354.9199915,1706673355.0198159,1706673354.910661,1706673355.0102656,11,1,7973,23917,21657,2260,0,2260,0,0,21657,2260,21657,0,0,0,0.099832665000000001,1706673355.0198243,1
1259,1706673355.0198286,1706673355.1196575,1706673355.0102656,1706673355.1107955,11,1,7952,23873,21741,2132,0,2132,0,0,21741,2132,21741,0,0,0,0.099837385000000001,1706673355.1196659,1
1260,1706673355.1196699,1706673355.2194915,1706673355.1107955,1706673355.2104793,11,1,7978,23910,21740,2170,0,2170,0,0,21740,2170,21740,0,0,0,0.099829825000000011,1706673355.2194998,1
1261,1706673355.2203028,1706673355.3201361,1706673355.2104793,1706673355.3100207,11,1,7962,23865,21431,2434,0,2434,0,0,21431,2434,21431,0,0,0,0.09984166500000001,1706673355.3201444,1
1262,1706673355.3201485,1706673355.4199679,1706673355.3100207,1706673355.4106112,11,1,7953,23859,21675,2184,0,2184,0,0,21675,2184,21675,0,0,0,0.099827704000000003,1706673355.4199762,1
1263,1706673355.4199927,1706673355.5198188,1706673355.4106112,1706673355.5099285,11,1,7950,23879,21540,2339,0,2339,0,0,21540,2339,21540,0,0,0,0.099834425000000004,1706673355.5198271,1
1264,1706673355.5198302,1706673355.6196721,1706673355.5099285,1706673355.6104059,11,1,7972,23917,21701,2216,0,2216,0,0,21701,2216,21701,0,0,0,0.099850105000000008,1706673355.6196804,1
1265,1706673355.6196835,1706673355.7195222,1706673355.6104059,1706673355.7102299,11,1,7974,23913,21690,2223,0,2223,0,0,21690,2223,21690,0,0,0,0.099847045000000009,1706673355.7195306,1
1266,1706673355.7203336,1706673355.8201668,1706673355.7102299,1706673355.8201184,12,1,7972,23925,23911,14,0,14,0,0,23911,14,23911,0,0,0,0.09984166500000001,1706673355.8201752,1
1267,1706673355.8201785,1706673355.9200068,1706673355.8201184,1706673355.9101624,10,1,7974,23917,21561,2356,0,2356,0,0,21561,2356,21561,0,0,0,0.099836545000000013,1706673355.9200151,1
1268,1706673355.9200189,1706673356.0198522,1706673355.9101624,1706673356.0106378,11,1,7972,23920,21734,2186,0,2186,0,0,21734,2186,21734,0,0,0,0.09984158500000001,1706673356.0198605,1
1269,1706673356.0198648,1706673356.1196878,1706673356.0106378,1706673356.1104441,11,1,7956,23871,21699,2172,0,2172,0,0,21699,2172,21699,0,0,0,0.099831325000000012,1706673356.1196961,1
1270,1706673356.1196988,1706673356.2195256,1706673356.1104441,1706673356.210283,11,1,7964,23897,21677,2220,0,2220,0,0,21677,2220,21677,0,0,0,0.099835265000000006,1706673356.2195339,1
1271,1706673356.2203369,1706673356.3201745,1706673356.210283,1706673356.3200905,12,1,7963,23882,23859,23,0,23,0,0,23859,23,23859,0,0,0,0.099845905000000013,1706673356.3201828,1
1272,1706673356.3201864,1706673356.4200232,1706673356.3200905,1706673356.4102988,10,1,7920,23768,21450,2318,0,2318,0,0,21450,2318,21450,0,0,0,0.099845205000000006,1706673356.4200315,1
1273,1706673356.4200344,1706673356.5198567,1706673356.4102988,1706673356.5100482,11,1,7944,23853,21532,2321,0,2321,0,0,21532,2321,21532,0,0,0,0.099830685000000002,1706673356.519865,1
1274,1706673356.5198674,1706673356.6196907,1706673356.5100482,1706673356.6104884,11,1,7928,23818,21603,2215,0,2215,0,0,21603,2215,21603,0,0,0,0.099831645000000011,1706673356.619699,1
1275,1706673356.6197026,1706673356.7195234,1706673356.6104884,1706673356.7107549,11,1,7930,23803,21755,2048,0,2048,0,0,21755,2048,21755,0,0,0,0.099829145000000008,1706673356.7195318,1
1276,1706673356.7203338,1706673356.820178,1706673356.7107549,1706673356.8109393,11,1,7961,23881,21696,2185,0,2185,0,0,21696,2185,21696,0,0,0,0.099852505000000008,1706673356.8201864,1
1277,1706673356.82019,1706673356.9200218,1706673356.8109393,1706673356.9198775,12,1,7968,23891,23854,37,0,37,0,0,23854,37,23854,0,0,0,0.099840125000000002,1706673356.9200301,1
1278,1706673356.9200342,1706673357.0198591,1706673356.9198775,1706673357.0100904,10,1,7959,23892,21588,2304,0,2304,0,0,21588,2304,21588,0,0,0,0.099833165000000001,1706673357.0198674,1
1279,1706673357.0198705,1706673357.1197016,1706673357.0100904,1706673357.1106658,11,1,7979,23931,21760,2171,0,2171,0,0,21760,2171,21760,0,0,0,0.099839485000000006,1706673357.11971,1
1280,1706673357.119714,1706673357.2195287,1706673357.1106658,1706673357.2110054,11,1,7950,23851,21800,2051,0,2051,0,0,21800,2051,21800,0,0,0,0.099823085000000006,1706673357.219537,1
1281,1706673357.2203388,1706673357.3201609,1706673357.2110054,1706673357.3104851,11,1,7915,23743,21436,2307,0,2307,0,0,21436,2307,21436,0,0,0,0.099830405000000011,1706673357.3201692,1
1282,1706673357.3201723,1706673357.4199979,1706673357.3104851,1706673357.4108453,11,1,7886,23699,21551,2148,0,2148,0,0,21551,2148,21551,0,0,0,0.099834005000000003,1706673357.4200063,1
1283,1706673357.4200091,1706673357.519839,1706673357.4108453,1706673357.5101762,11,1,7933,23821,21539,2282,0,2282,0,0,21539,2282,21539,0,0,0,0.099838345000000009,1706673357.5198474,1
1284,1706673357.5198507,1706673357.6196742,1706673357.5101762,1706673357.6108642,11,1,7963,23904,21788,2116,0,2116,0,0,21788,2116,21788,0,0,0,0.099831845000000002,1706673357.6196826,1
1285,1706673357.6196856,1706673357.7195144,1706673357.6108642,1706673357.7100406,11,1,7966,23897,21618,2279,0,2279,0,0,21618,2279,21618,0,0,0,0.099837165000000005,1706673357.7195227,1
1286,1706673357.7203264,1706673357.8201568,1706673357.7100406,1706673357.8102751,11,1,7891,23703,21325,2378,0,2378,0,0,21325,2378,21325,0,0,0,0.099838745000000007,1706673357.8201652,1
1287,1706673357.8201699,1706673357.9200001,1706673357.8102751,1706673357.910362,11,1,7975,23925,21665,2260,0,2260,0,0,21665,2260,21665,0,0,0,0.099838385000000002,1706673357.9200084,1
1288,1706673357.9200118,1706673358.0198281,1706673357.910362,1706673358.0101259,11,1,7968,23909,21579,2330,0,2330,0,0,21579,2330,21579,0,0,0,0.099824605000000011,1706673358.0198364,1
1289,1706673358.01984,1706673358.1196632,1706673358.0101259,1706673358.1102586,11,1,7944,23874,21613,2261,0,2261,0,0,21613,2261,21613,0,0,0,0.099831505000000001,1706673358.1196716,1
1290,1706673358.1196749,1706673358.2195244,1706673358.1102586,1706673358.2100885,11,1,7951,23863,21595,2268,0,2268,0,0,21595,2268,21595,0,0,0,0.099857745000000012,1706673358.2195327,1
1291,1706673358.220335,1706673358.320158,1706673358.2100885,1706673358.3105652,11,1,7953,23862,21554,2308,0,2308,0,0,21554,2308,21554,0,0,0,0.099831385000000009,1706673358.3201663,1
1292,1706673358.3201697,1706673358.419986,1706673358.3105652,1706673358.4110048,11,1,7968,23913,21752,2161,0,2161,0,0,21752,2161,21752,0,0,0,0.099824565000000004,1706673358.4199944,1
1293,1706673358.4199979,1706673358.5198097,1706673358.4110048,1706673358.510385,11,1,7929,23805,21554,2251,0,2251,0,0,21554,2251,21554,0,0,0,0.099820225000000012,1706673358.5198181,1
1294,1706673358.5198212,1706673358.6196382,1706673358.510385,1706673358.6103978,11,1,7961,23890,21719,2171,0,2171,0,0,21719,2171,21719,0,0,0,0.099825285,1706673358.6196465,1
1295,1706673358.6200504,1706673358.719882,1706673358.6103978,1706673358.7108653,11,1,7957,23892,21767,2125,0,2125,0,0,21767,2125,21767,0,0,0,0.099840025000000013,1706673358.7198904,1
1296,1706673358.7198942,1706673358.8197074,1706673358.7108653,1706673358.810746,11,1,7969,23917,21781,2136,0,2136,0,0,21781,2136,21781,0,0,0,0.099821605000000008,1706673358.8197157,1
1297,1706673358.8197193,1706673358.9195478,1706673358.810746,1706673358.9102306,11,1,7971,23906,21665,2241,0,2241,0,0,21665,2241,21665,0,0,0,0.099836925000000007,1706673358.9195561,1
1298,1706673358.9203591,1706673359.0201893,1706673358.9102306,1706673359.0106091,11,1,7956,23870,21565,2305,0,2305,0,0,21565,2305,21565,0,0,0,0.099838465000000001,1706673359.0201976,1
1299,1706673359.0202005,1706673359.1200409,1706673359.0106091,1706673359.1104584,11,1,7963,23903,21597,2306,0,2306,0,0,21597,2306,21597,0,0,0,0.099848724999999999,1706673359.1200492,1
1300,1706673359.1200521,1706673359.2197602,1706673359.1104584,1706673359.2110143,11,1,7946,23849,21741,2108,0,2108,0,0,21741,2108,21741,0,0,0,0.099803902999999999,1706673359.219856,1
1301,1706673359.2198849,1706673359.3197277,1706673359.2110143,1706673359.3103642,11,1,7946,23838,21625,2213,0,2213,0,0,21625,2213,21625,0,0,2.5002000000000002e-05,0.099851005000000007,1706673359.3197358,1
1302,1706673359.3197391,1706673359.4195552,1706673359.3103642,1706673359.4108803,11,1,7952,23862,21793,2069,0,2069,0,0,21793,2069,21793,0,0,0,0.099824525000000011,1706673359.4195635,1
1303,1706673359.4203651,1706673359.5201871,1706673359.4108803,1706673359.5102432,11,1,7955,23861,21488,2373,0,2373,0,0,21488,2373,21488,0,0,0,0.099830445000000004,1706673359.5201955,1
1304,1706673359.5201993,1706673359.6200292,1706673359.5102432,1706673359.6111178,11,1,7959,23876,21747,2129,0,2129,0,0,21747,2129,21747,0,0,0,0.099838225000000003,1706673359.6200376,1
1305,1706673359.6200407,1706673359.7198682,1706673359.6111178,1706673359.7107518,11,1,7965,23862,21671,2191,0,2191,0,0,21671,2191,21671,0,0,0,0.099835925000000006,1706673359.7198765,1
1306,1706673359.7198801,1706673359.8197031,1706673359.7107518,1706673359.8108006,11,1,7931,23778,21651,2127,0,2127,0,0,21651,2127,21651,0,0,0,0.099831445000000005,1706673359.8197114,1
1307,1706673359.8197141,1706673359.9195342,1706673359.8108006,1706673359.9103231,11,1,7878,23709,21545,2164,0,2164,0,0,21545,2164,21545,0,0,0,0.099828385000000006,1706673359.9195426,1
1308,1706673359.9203434,1706673360.0201852,1706673359.9103231,1706673360.0109463,11,1,7785,23480,21259,2221,0,2221,0,0,21259,2221,21259,0,0,0,0.099850165000000005,1706673360.0201936,1
1309,1706673360.0201969,1706673360.1200254,1706673360.0109463,1706673360.1103272,11,1,7950,23820,21488,2332,0,2332,0,0,21488,2332,21488,0,0,0,0.099836925000000007,1706673360.1200337,1
1310,1706673360.1200376,1706673360.2198699,1706673360.1103272,1706673360.2107377,11,1,7971,23914,21716,2198,0,2198,0,0,21716,2198,21716,0,0,0,0.099840725000000005,1706673360.2198782,1
1311,1706673360.2198822,1706673360.3197095,1706673360.2107377,1706673360.311255,11,1,7972,23909,21875,2034,0,2034,0,0,21875,2034,21875,0,0,0,0.099835685000000007,1706673360.3197179,1
1312,1706673360.3197212,1706673360.4195361,1706673360.311255,1706673360.4103191,11,1,7937,23840,21654,2186,0,2186,0,0,21654,2186,21654,0,0,0,0.099823265000000008,1706673360.4195445,1
1313,1706673360.4203458,1706673360.5201747,1706673360.4103191,1706673360.5108664,11,1,7946,23853,21648,2205,0,2205,0,0,21648,2205,21648,0,0,0,0.099837185000000009,1706673360.5201831,1
1314,1706673360.5201871,1706673360.6200104,1706673360.5108664,1706673360.6110353,11,1,7944,23840,21746,2094,0,2094,0,0,21746,2094,21746,0,0,0,0.099831665,1706673360.6200187,1
1315,1706673360.6200218,1706673360.7198546,1706673360.6110353,1706673360.7105887,11,1,7952,23857,21692,2165,0,2165,0,0,21692,2165,21692,0,0,0,0.099841065000000007,1706673360.7198629,1
1316,1706673360.7198653,1706673360.8196964,1706673360.7105887,1706673360.8060637,11,1,7972,23909,20632,3277,0,3277,0,0,20632,3277,20632,0,0,0,0.099839325000000007,1706673360.8197045,1
1317,1706673360.8197076,1706673360.9195406,1706673360.8060637,1706673360.9098001,11,1,7959,23901,21558,2343,0,2343,0,0,21558,2343,21558,0,0,0,0.099841305000000005,1706673360.919549,1
1318,1706673360.9203522,1706673361.0201731,1706673360.9098001,1706673361.0197387,12,1,7951,23863,23756,107,0,107,0,0,23756,107,23756,0,0,0,0.099829305000000007,1706673361.0201814,1
1319,1706673361.0201845,1706673361.1200137,1706673361.0197387,1706673361.1194556,11,1,7960,23883,23746,137,0,137,0,0,23746,137,23746,0,0,0,0.099837585000000006,1706673361.1200221,1
1320,1706673361.1200259,1706673361.2198646,1706673361.1194556,1706673361.2096062,10,1,7949,23855,21388,2467,0,2467,0,0,21388,2467,21388,0,0,0,0.099847105000000005,1706673361.219873,1
1321,1706673361.2198768,1706673361.3197045,1706673361.2096062,1706673361.319566,12,1,7971,23904,23868,36,0,36,0,0,23868,36,23868,0,0,0,0.099835985000000002,1706673361.3197126,1
1322,1706673361.3197162,1706673361.4195356,1706673361.319566,1706673361.4193428,11,1,7978,23935,23886,49,0,49,0,0,23886,49,23886,0,0,0,0.099827765000000013,1706673361.419544,1
1323,1706673361.4203458,1706673361.5201714,1706673361.4193428,1706673361.5196404,11,1,7963,23920,23791,129,0,129,0,0,23791,129,23791,0,0,0,0.099833885000000011,1706673361.5201797,1
1324,1706673361.5201826,1706673361.6200078,1706673361.5196404,1706673361.6095936,10,1,7964,23889,21386,2503,0,2503,0,0,21386,2503,21386,0,0,0,0.099833405,1706673361.6200161,1
1325,1706673361.6200202,1706673361.7198524,1706673361.6095936,1706673361.7196615,12,1,7951,23877,23829,48,0,48,0,0,23829,48,23829,0,0,0,0.099840524999999999,1706673361.7198608,1
1326,1706673361.7198646,1706673361.8196995,1706673361.7196615,1706673361.8095272,10,1,7958,23901,21455,2446,0,2446,0,0,21455,2446,21455,0,0,0,0.099843145000000008,1706673361.8197079,1
1327,1706673361.8197112,1706673361.919522,1706673361.8095272,1706673361.9103315,11,1,7962,23907,21695,2212,0,2212,0,0,21695,2212,21695,0,0,0,0.099819225000000011,1706673361.9195304,1
1328,1706673361.9203315,1706673362.0201724,1706673361.9103315,1706673362.0098622,11,1,7951,23848,21367,2481,0,2481,0,0,21367,2481,21367,0,0,0,0.099849105000000007,1706673362.0201807,1
1329,1706673362.0201848,1706673362.1200085,1706673362.0098622,1706673362.1099393,11,1,7949,23859,21447,2412,0,2412,0,0,21447,2412,21447,0,0,0,0.099832005000000001,1706673362.1200168,1
1330,1706673362.1200211,1706673362.2198575,1706673362.1099393,1706673362.2097883,11,1,7981,23936,21513,2423,0,2423,0,0,21513,2423,21513,0,0,0,0.099844605000000003,1706673362.2198658,1
1331,1706673362.2198699,1706673362.3197033,1706673362.2097883,1706673362.3099737,11,1,7959,23859,21518,2341,0,2341,0,0,21518,2341,21518,0,0,0,0.099841865000000002,1706673362.3197117,1
1332,1706673362.3197153,1706673362.4195321,1706673362.3099737,1706673362.4103227,11,1,7944,23854,21638,2216,0,2216,0,0,21638,2216,21638,0,0,0,0.099825085000000008,1706673362.4195404,1
1333,1706673362.4203451,1706673362.5201733,1706673362.4103227,1706673362.519434,12,1,7974,23899,23719,180,0,180,0,0,23719,180,23719,0,0,0,0.099836605000000009,1706673362.5201817,1
1334,1706673362.520184,1706673362.6200075,1706673362.519434,1706673362.6097412,10,1,7986,23943,21472,2471,0,2471,0,0,21472,2471,21472,0,0,0,0.099831885000000009,1706673362.6200159,1
1335,1706673362.6200199,1706673362.7198462,1706673362.6097412,1706673362.7103372,11,1,7947,23835,21547,2288,0,2288,0,0,21547,2288,21547,0,0,0,0.099834785000000009,1706673362.7198546,1
1336,1706673362.7198582,1706673362.8196886,1706673362.7103372,1706673362.8099413,11,1,7991,23983,21642,2341,0,2341,0,0,21642,2341,21642,0,0,0,0.099838645000000004,1706673362.8196969,1
1337,1706673362.8197007,1706673362.9195344,1706673362.8099413,1706673362.9095128,11,1,7931,23758,21349,2409,0,2409,0,0,21349,2409,21349,0,0,0,0.099842005000000011,1706673362.9195428,1
1338,1706673362.9203451,1706673363.0201807,1706673362.9095128,1706673363.0099714,11,1,7957,23856,21467,2389,0,2389,0,0,21467,2389,21467,0,0,0,0.09984398500000001,1706673363.020189,1
1339,1706673363.0201926,1706673363.1200099,1706673363.0099714,1706673363.1199732,12,1,7976,23927,23916,11,0,11,0,0,23916,11,23916,0,0,0,0.099825725000000004,1706673363.1200182,1
1340,1706673363.1200216,1706673363.2198315,1706673363.1199732,1706673363.2099676,10,1,7958,23864,21493,2371,0,2371,0,0,21493,2371,21493,0,0,0,0.099818245,1706673363.2198398,1
1341,1706673363.2198427,1706673363.3196657,1706673363.2099676,1706673363.3096185,11,1,7973,23925,21508,2417,0,2417,0,0,21508,2417,21508,0,0,0,0.09983122500000001,1706673363.319674,1
1342,1706673363.3196769,1706673363.419492,1706673363.3096185,1706673363.4104505,11,1,7968,23885,21709,2176,0,2176,0,0,21709,2176,21709,0,0,0,0.099823425000000007,1706673363.4195004,1
1343,1706673363.4203026,1706673363.5201373,1706673363.4104505,1706673363.5100675,11,1,7975,23938,21515,2423,0,2423,0,0,21515,2423,21515,0,0,0,0.09984290500000001,1706673363.5201454,1
1344,1706673363.5201485,1706673363.6199787,1706673363.5100675,1706673363.6095881,11,1,7955,23870,21370,2500,0,2500,0,0,21370,2500,21370,0,0,0,0.099838525000000011,1706673363.619987,1
1345,1706673363.6199913,1706673363.7198253,1706673363.6095881,1706673363.7100365,11,1,7974,23923,21567,2356,0,2356,0,0,21567,2356,21567,0,0,0,0.099842205000000003,1706673363.7198336,1
1346,1706673363.7198377,1706673363.8196726,1706673363.7100365,1706673363.8105175,11,1,7981,23940,21737,2203,0,2203,0,0,21737,2203,21737,0,0,0,0.099843145000000008,1706673363.8196809,1
1347,1706673363.819685,1706673363.919523,1706673363.8105175,1706673363.9102013,11,1,7958,23874,21631,2243,0,2243,0,0,21631,2243,21631,0,0,0,0.099846245,1706673363.9195313,1
1348,1706673363.9203331,1706673364.0201557,1706673363.9102013,1706673364.010097,11,1,7952,23868,21525,2343,0,2343,0,0,21525,2343,21525,0,0,0,0.099830745000000012,1706673364.0201638,1
1349,1706673364.0201671,1706673364.1199918,1706673364.010097,1706673364.1098022,11,1,7969,23897,21445,2452,0,2452,0,0,21445,2452,21445,0,0,0,0.09983296500000001,1706673364.1200001,1
1350,1706673364.1200035,1706673364.2198348,1706673364.1098022,1706673364.2099063,11,1,7959,23886,21497,2389,0,2389,0,0,21497,2389,21497,0,0,0,0.099839625000000001,1706673364.2198431,1
1351,1706673364.2198465,1706673364.3196805,1706673364.2099063,1706673364.31057,11,1,7955,23871,21752,2119,0,2119,0,0,21752,2119,21752,0,0,0,0.099842264999999999,1706673364.3196888,1
1352,1706673364.3196933,1706673364.4195297,1706673364.31057,1706673364.41044,11,1,7976,23942,21758,2184,0,2184,0,0,21758,2184,21758,0,0,0,0.099844725000000009,1706673364.419538,1
1353,1706673364.4203403,1706673364.5201705,1706673364.41044,1706673364.510186,11,1,7943,23856,21457,2399,0,2399,0,0,21457,2399,21457,0,0,0,0.099838465000000001,1706673364.5201788,1
1354,1706673364.5201819,1706673364.6200213,1706673364.510186,1706673364.6101356,11,1,7953,23872,21494,2378,0,2378,0,0,21494,2378,21494,0,0,0,0.099847725000000012,1706673364.6200297,1
1355,1706673364.6200337,1706673364.7198594,1706673364.6101356,1706673364.7099366,11,1,7960,23884,21554,2330,0,2330,0,0,21554,2330,21554,0,0,0,0.099834005000000003,1706673364.7198677,1
1356,1706673364.7198703,1706673364.819701,1706673364.7099366,1706673364.8101954,11,1,7943,23833,21627,2206,0,2206,0,0,21627,2206,21627,0,0,0,0.099838905000000006,1706673364.8197093,1
1357,1706673364.8197131,1706673364.9195321,1706673364.8101954,1706673364.9106042,11,1,7949,23860,21711,2149,0,2149,0,0,21711,2149,21711,0,0,0,0.099827285000000002,1706673364.9195404,1
1358,1706673364.9203436,1706673365.0201809,1706673364.9106042,1706673365.0200882,12,1,7964,23896,23871,25,0,25,0,0,23871,25,23871,0,0,0,0.099845625000000007,1706673365.0201893,1
1359,1706673365.0201936,1706673365.1200063,1706673365.0200882,1706673365.1102607,10,1,7966,23919,21574,2345,0,2345,0,0,21574,2345,21574,0,0,0,0.099821125000000011,1706673365.1200147,1
1360,1706673365.1200175,1706673365.2198555,1706673365.1102607,1706673365.2104588,11,1,7940,23833,21654,2179,0,2179,0,0,21654,2179,21654,0,0,0,0.099846365000000006,1706673365.2198639,1
1361,1706673365.2198672,1706673365.3196943,1706673365.2104588,1706673365.3099532,11,1,7969,23907,21566,2341,0,2341,0,0,21566,2341,21566,0,0,0,0.09983528500000001,1706673365.3197026,1
1362,1706673365.3197064,1706673365.4195342,1706673365.3099532,1706673365.4103303,11,1,7938,23825,21611,2214,0,2214,0,0,21611,2214,21611,0,0,0,0.099836105000000008,1706673365.4195426,1
1363,1706673365.4203439,1706673365.5201819,1706673365.4103303,1706673365.5201383,12,1,7950,23844,23831,13,0,13,0,0,23831,13,23831,0,0,0,0.099846405000000013,1706673365.5201902,1
1364,1706673365.5201941,1706673365.6200128,1706673365.5201383,1706673365.6101692,10,1,7944,23834,21548,2286,0,2286,0,0,21548,2286,21548,0,0,0,0.099827025,1706673365.6200211,1
1365,1706673365.6200242,1706673365.7198493,1706673365.6101692,1706673365.7099004,11,1,7959,23882,21528,2354,0,2354,0,0,21528,2354,21528,0,0,0,0.099833505000000003,1706673365.7198577,1
1366,1706673365.7198608,1706673365.819684,1706673365.7099004,1706673365.8106802,11,1,7950,23869,21703,2166,0,2166,0,0,21703,2166,21703,0,0,0,0.099831505000000001,1706673365.8196924,1
1367,1706673365.8196964,1706673365.9195259,1706673365.8106802,1706673365.9106736,11,1,7950,23851,21724,2127,0,2127,0,0,21724,2127,21724,0,0,0,0.099837785000000012,1706673365.9195342,1
1368,1706673365.9203372,1706673366.0201406,1706673365.9106736,1706673366.0102541,11,1,7964,23891,21512,2379,0,2379,0,0,21512,2379,21512,0,0,0,0.09981184500000001,1706673366.020149,1
1369,1706673366.0201526,1706673366.1199818,1706673366.0102541,1706673366.1108091,11,1,7950,23855,21648,2207,0,2207,0,0,21648,2207,21648,0,0,0,0.099837585000000006,1706673366.1199901,1
1370,1706673366.1199939,1706673366.2198272,1706673366.1108091,1706673366.2104924,11,1,7901,23744,21497,2247,0,2247,0,0,21497,2247,21497,0,0,0,0.099841645000000007,1706673366.2198355,1
1371,1706673366.2198393,1706673366.3196611,1706673366.2104924,1706673366.3100369,11,1,7979,23947,21631,2316,0,2316,0,0,21631,2316,21631,0,0,0,0.099830185000000002,1706673366.3196695,1
1372,1706673366.3196731,1706673366.4195046,1706673366.3100369,1706673366.410244,11,1,7885,23694,21466,2228,0,2228,0,0,21466,2228,21466,0,0,0,0.099839885000000003,1706673366.419513,1
1373,1706673366.4203146,1706673366.5201383,1706673366.410244,1706673366.5102441,11,1,7944,23834,21455,2379,0,2379,0,0,21455,2379,21455,0,0,0,0.099832165,1706673366.5201466,1
1374,1706673366.5201499,1706673366.6199746,1706673366.5102441,1706673366.6107848,11,1,7947,23852,21643,2209,0,2209,0,0,21643,2209,21643,0,0,0,0.099832905,1706673366.619983,1
1375,1706673366.6199863,1706673366.7198102,1706673366.6107848,1706673366.7103567,11,1,7958,23875,21602,2273,0,2273,0,0,21602,2273,21602,0,0,0,0.09983230500000001,1706673366.7198186,1
1376,1706673366.7198212,1706673366.8196545,1706673366.7103567,1706673366.8099306,11,1,7959,23885,21545,2340,0,2340,0,0,21545,2340,21545,0,0,0,0.099841645000000007,1706673366.8196628,1
1377,1706673366.8196666,1706673366.9194984,1706673366.8099306,1706673366.9106927,11,1,7944,23845,21769,2076,0,2076,0,0,21769,2076,21769,0,0,0,0.099840225000000005,1706673366.9195068,1
1378,1706673366.9203081,1706673367.0201328,1706673366.9106927,1706673367.0200522,12,1,7973,23926,23904,22,0,22,0,0,23904,22,23904,0,0,0,0.09983296500000001,1706673367.0201411,1
1379,1706673367.0201447,1706673367.1199672,1706673367.0200522,1706673367.110188,10,1,7947,23844,21492,2352,0,2352,0,0,21492,2352,21492,0,0,0,0.099830965000000008,1706673367.1199756,1
1380,1706673367.1199789,1706673367.2198143,1706673367.110188,1706673367.210346,11,1,7918,23780,21580,2200,0,2200,0,0,21580,2200,21580,0,0,0,0.099843625000000005,1706673367.2198226,1
1381,1706673367.2198257,1706673367.3196585,1706673367.210346,1706673367.3099902,11,1,7971,23913,21595,2318,0,2318,0,0,21595,2318,21595,0,0,0,0.099841205000000002,1706673367.3196669,1
1382,1706673367.31967,1706673367.4195023,1706673367.3099902,1706673367.4103255,11,1,7962,23901,21692,2209,0,2209,0,0,21692,2209,21692,0,0,0,0.099840565000000006,1706673367.4195106,1
1383,1706673367.4203138,1706673367.520143,1706673367.4103255,1706673367.5110178,11,1,7948,23833,21636,2197,0,2197,0,0,21636,2197,21636,0,0,0,0.099837545,1706673367.5201514,1
1384,1706673367.5201545,1706673367.6199758,1706673367.5110178,1706673367.6103446,11,1,7945,23839,21522,2317,0,2317,0,0,21522,2317,21522,0,0,0,0.099829545000000006,1706673367.6199839,1
1385,1706673367.6199872,1706673367.7198117,1706673367.6103446,1706673367.7101548,11,1,7968,23900,21575,2325,0,2325,0,0,21575,2325,21575,0,0,0,0.099832845000000003,1706673367.71982,1
1386,1706673367.7198234,1706673367.8196507,1706673367.7101548,1706673367.8107262,11,1,7956,23875,21729,2146,0,2146,0,0,21729,2146,21729,0,0,0,0.099835625000000011,1706673367.819659,1
1387,1706673367.8200612,1706673367.9198949,1706673367.8107262,1706673367.9103489,11,1,7935,23820,21523,2297,0,2297,0,0,21523,2297,21523,0,0,0,0.099842005000000011,1706673367.9199033,1
1388,1706673367.9199069,1706673368.0197318,1706673367.9103489,1706673368.0108309,11,1,7949,23856,21717,2139,0,2139,0,0,21717,2139,21717,0,0,0,0.099833205000000008,1706673368.0197401,1
1389,1706673368.0197437,1706673368.11958,1706673368.0108309,1706673368.1102884,11,1,7909,23780,21597,2183,0,2183,0,0,21597,2183,21597,0,0,0,0.099844685000000002,1706673368.1195884,1
1390,1706673368.1199906,1706673368.2198236,1706673368.1102884,1706673368.2106674,11,1,7947,23829,21707,2122,0,2122,0,0,21707,2122,21707,0,0,0,0.099841285000000002,1706673368.2198319,1
1391,1706673368.2198358,1706673368.319659,1706673368.2106674,1706673368.3102753,11,1,7944,23850,21655,2195,0,2195,0,0,21655,2195,21655,0,0,0,0.099831685000000003,1706673368.3196673,1
1392,1706673368.3196712,1706673368.4195151,1706673368.3102753,1706673368.4107621,11,1,7935,23837,21747,2090,0,2090,0,0,21747,2090,21747,0,0,0,0.099852265000000009,1706673368.4195235,1
1393,1706673368.4203246,1706673368.5201542,1706673368.4107621,1706673368.5105062,11,1,7944,23842,21540,2302,0,2302,0,0,21540,2302,21540,0,0,0,0.099837925000000008,1706673368.5201626,1
1394,1706673368.5201662,1706673368.6199942,1706673368.5105062,1706673368.6100447,11,1,7926,23808,21445,2363,0,2363,0,0,21445,2363,21445,0,0,0,0.09983636500000001,1706673368.6200025,1
1395,1706673368.6200061,1706673368.7198293,1706673368.6100447,1706673368.7104695,11,1,7971,23912,21661,2251,0,2251,0,0,21661,2251,21661,0,0,0,0.099831685000000003,1706673368.7198377,1
1396,1706673368.7198412,1706673368.8196785,1706673368.7104695,1706673368.8109291,11,1,7915,23772,21667,2105,0,2105,0,0,21667,2105,21667,0,0,0,0.099845545000000008,1706673368.8196869,1
1397,1706673368.8196905,1706673368.9195042,1706673368.8109291,1706673368.9106975,11,1,7912,23744,21623,2121,0,2121,0,0,21623,2121,21623,0,0,0,0.099822105000000008,1706673368.9195125,1
1398,1706673368.9203148,1706673369.0201252,1706673368.9106975,1706673369.0108936,11,1,7966,23909,21721,2188,0,2188,0,0,21721,2188,21721,0,0,0,0.099818585000000001,1706673369.0201333,1
1399,1706673369.0201366,1706673369.1199696,1706673369.0108936,1706673369.1108937,11,1,7961,23888,21741,2147,0,2147,0,0,21741,2147,21741,0,0,0,0.099841305000000005,1706673369.119978,1
1400,1706673369.1199815,1706673369.2198188,1706673369.1108937,1706673369.2104537,11,1,7971,23907,21666,2241,0,2241,0,0,21666,2241,21666,0,0,0,0.099845605000000004,1706673369.2198272,1
1401,1706673369.2198312,1706673369.3196704,1706673369.2104537,1706673369.3105958,11,1,7963,23904,21723,2181,0,2181,0,0,21723,2181,21723,0,0,0,0.099847485,1706673369.3196788,1
1402,1706673369.3196819,1706673369.4195099,1706673369.3105958,1706673369.4105964,11,1,7907,23720,21646,2074,0,2074,0,0,21646,2074,21646,0,0,0,0.099836285000000011,1706673369.4195182,1
1403,1706673369.4203198,1706673369.5201402,1706673369.4105964,1706673369.5101168,11,1,7866,23702,21297,2405,0,2405,0,0,21297,2405,21297,0,0,0,0.099828785000000003,1706673369.5201485,1
1404,1706673369.5201521,1706673369.6199629,1706673369.5101168,1706673369.6106331,11,1,7870,23665,21426,2239,0,2239,0,0,21426,2239,21426,0,0,0,0.099819265000000004,1706673369.6199713,1
1405,1706673369.6199746,1706673369.7198002,1706673369.6106331,1706673369.7110522,11,1,7840,23620,21582,2038,0,2038,0,0,21582,2038,21582,0,0,0,0.099833985,1706673369.7198086,1
1406,1706673369.7198126,1706673369.8196495,1706673369.7110522,1706673369.8052552,11,1,7825,23535,20102,3433,0,3433,0,0,20102,3433,20102,0,0,0,0.09984514500000001,1706673369.8196578,1
1407,1706673369.8200603,1706673369.9198861,1706673369.8052552,1706673369.9195852,12,1,7900,23725,23650,75,0,75,0,0,23650,75,23650,0,0,0,0.099834165000000002,1706673369.9198945,1
1408,1706673369.919898,1706673370.0197277,1706673369.9195852,1706673370.0094509,10,1,7917,23792,21320,2472,0,2472,0,0,21320,2472,21320,0,0,0,0.099837965000000001,1706673370.0197361,1
1409,1706673370.0197384,1706673370.1195593,1706673370.0094509,1706673370.1194313,12,1,7901,23755,23722,33,0,33,0,0,23722,33,23722,0,0,0,0.099829145000000008,1706673370.1195676,1
1410,1706673370.1203692,1706673370.2201972,1706673370.1194313,1706673370.2197692,11,1,7915,23775,23670,105,0,105,0,0,23670,105,23670,0,0,0,0.099836245000000004,1706673370.2202055,1
1411,1706673370.2202098,1706673370.3200336,1706673370.2197692,1706673370.3096895,10,1,7929,23781,21374,2407,0,2407,0,0,21374,2407,21374,0,0,0,0.099832105000000004,1706673370.3200419,1
1412,1706673370.3200459,1706673370.419872,1706673370.3096895,1706673370.4197502,12,1,7958,23882,23850,32,0,32,0,0,23850,32,23850,0,0,0,0.099834485000000001,1706673370.4198804,1
1413,1706673370.4198833,1706673370.5197124,1706673370.4197502,1706673370.5192847,11,1,7884,23674,23569,105,0,105,0,0,23569,105,23569,0,0,0,0.09983760500000001,1706673370.5197208,1
1414,1706673370.5197244,1706673370.6194723,1706673370.5192847,1706673370.6094434,10,1,7942,23832,21446,2386,0,2386,0,0,21446,2386,21446,0,0,0,0.099818643000000012,1706673370.6195431,1
1415,1706673370.6203709,1706673370.720201,1706673370.6094434,1706673370.7193611,12,1,7970,23918,23713,205,0,205,0,0,23713,205,23713,0,0,0,0.099838565000000004,1706673370.7202094,1
1416,1706673370.7202122,1706673370.8200467,1706673370.7193611,1706673370.8194261,11,1,7947,23862,23711,151,0,151,0,0,23711,151,23711,0,0,0,0.099842665000000011,1706673370.8200548,1
1417,1706673370.8200588,1706673370.9198959,1706673370.8194261,1706673370.9095151,10,1,7954,23841,21344,2497,0,2497,0,0,21344,2497,21344,0,0,0,0.099845325000000013,1706673370.9199042,1
1418,1706673370.9199076,1706673371.0197449,1706673370.9095151,1706673371.0194788,12,1,7946,23832,23766,66,0,66,0,0,23766,66,23766,0,0,0,0.099845585000000001,1706673371.0197532,1
1419,1706673371.0197568,1706673371.119586,1706673371.0194788,1706673371.1095412,10,1,7966,23911,21495,2416,0,2416,0,0,21495,2416,21495,0,0,0,0.099837565000000003,1706673371.1195943,1
1420,1706673371.1199968,1706673371.2198248,1706673371.1095412,1706673371.2193232,12,1,7945,23833,23710,123,0,123,0,0,23710,123,23710,0,0,0,0.099836405000000003,1706673371.2198331,1
1421,1706673371.2198362,1706673371.3196568,1706673371.2193232,1706673371.310257,10,1,7948,23845,21583,2262,0,2262,0,0,21583,2262,21583,0,0,0,0.099829025000000002,1706673371.3196652,1
1422,1706673371.31967,1706673371.4194944,1706673371.310257,1706673371.4098575,11,1,7942,23847,21528,2319,0,2319,0,0,21528,2319,21528,0,0,0,0.099832665000000001,1706673371.4195027,1
1423,1706673371.4203033,1706673371.5201292,1706673371.4098575,1706673371.5198717,12,1,7946,23840,23776,64,0,64,0,0,23776,64,23776,0,0,0,0.09983412500000001,1706673371.5201375,1
1424,1706673371.5201406,1706673371.6199758,1706673371.5198717,1706673371.619303,11,1,7972,23926,23762,164,0,164,0,0,23762,164,23762,0,0,0,0.099843465000000006,1706673371.6199841,1
1425,1706673371.6199875,1706673371.7198167,1706673371.619303,1706673371.709481,10,1,7956,23880,21392,2488,0,2488,0,0,21392,2488,21392,0,0,0,0.099837545,1706673371.719825,1
1426,1706673371.7198284,1706673371.8196492,1706673371.709481,1706673371.8193347,12,1,7954,23889,23811,78,0,78,0,0,23811,78,23811,0,0,0,0.099829285000000004,1706673371.8196576,1
1427,1706673371.8200614,1706673371.9198925,1706673371.8193347,1706673371.9097145,10,1,7953,23860,21414,2446,0,2446,0,0,21414,2446,21414,0,0,0,0.099839445000000013,1706673371.9199009,1
1428,1706673371.9199045,1706673372.0197315,1706673371.9097145,1706673372.0094919,11,1,7948,23838,21376,2462,0,2462,0,0,21376,2462,21376,0,0,0,0.099835345000000006,1706673372.0197399,1
1429,1706673372.0197437,1706673372.1195765,1706673372.0094919,1706673372.1101522,11,1,7933,23802,21612,2190,0,2190,0,0,21612,2190,21612,0,0,0,0.099841045000000003,1706673372.1195848,1
1430,1706673372.1199877,1706673372.2197955,1706673372.1101522,1706673372.2196412,12,1,7964,23893,23854,39,0,39,0,0,23854,39,23854,0,0,0,0.099816085000000013,1706673372.2198038,1
1431,1706673372.2198069,1706673372.3196361,1706673372.2196412,1706673372.309731,10,1,7916,23795,21411,2384,0,2384,0,0,21411,2384,21411,0,0,0,0.09983752500000001,1706673372.3196445,1
1432,1706673372.3200481,1706673372.4198742,1706673372.309731,1706673372.4093971,11,1,7950,23831,21310,2521,0,2521,0,0,21310,2521,21310,0,0,0,0.099834545000000011,1706673372.4198825,1
1433,1706673372.4198866,1706673372.5197239,1706673372.4093971,1706673372.5099645,11,1,7966,23911,21569,2342,0,2342,0,0,21569,2342,21569,0,0,0,0.099845585000000001,1706673372.5197322,1
1434,1706673372.5197363,1706673372.6195669,1706673372.5099645,1706673372.6097951,11,1,7948,23845,21511,2334,0,2334,0,0,21511,2334,21511,0,0,0,0.099838925000000009,1706673372.6195753,1
1435,1706673372.6203756,1706673372.7202168,1706673372.6097951,1706673372.720109,12,1,7945,23837,23809,28,0,28,0,0,23809,28,23809,0,0,0,0.099849385000000013,1706673372.7202251,1
1436,1706673372.7202284,1706673372.8200502,1706673372.720109,1706673372.8195331,11,1,7923,23778,23651,127,0,127,0,0,23651,127,23651,0,0,0,0.099830225000000009,1706673372.8200586,1
1437,1706673372.8200614,1706673372.9198999,1706673372.8195331,1706673372.9197602,11,1,7938,23815,23779,36,0,36,0,0,23779,36,23779,0,0,0,0.099846825,1706673372.9199083,1
1438,1706673372.9199126,1706673373.0197334,1706673372.9197602,1706673373.0098944,10,1,7946,23839,21532,2307,0,2307,0,0,21532,2307,21532,0,0,0,0.099829085000000012,1706673373.0197418,1
1439,1706673373.0197451,1706673373.1195633,1706673373.0098944,1706673373.1097436,11,1,7936,23848,21492,2356,0,2356,0,0,21492,2356,21492,0,0,0,0.099826485000000006,1706673373.1195717,1
1440,1706673373.1203744,1706673373.2202017,1706673373.1097436,1706673373.2198322,12,1,7932,23802,23711,91,0,91,0,0,23711,91,23711,0,0,0,0.099835645000000001,1706673373.2202101,1
1441,1706673373.2202139,1706673373.3200374,1706673373.2198322,1706673373.3096895,10,1,7949,23838,21364,2474,0,2474,0,0,21364,2474,21364,0,0,0,0.099831925000000002,1706673373.3200457,1
1442,1706673373.320049,1706673373.4198732,1706673373.3096895,1706673373.419682,12,1,7962,23901,23853,48,0,48,0,0,23853,48,23853,0,0,0,0.099832525000000005,1706673373.4198816,1
1443,1706673373.4198852,1706673373.5197117,1706673373.419682,1706673373.5104818,10,1,7964,23894,21672,2222,0,2222,0,0,21672,2222,21672,0,0,0,0.099834925000000005,1706673373.5197201,1
1444,1706673373.5197237,1706673373.6195507,1706673373.5104818,1706673373.6098783,11,1,7951,23839,21511,2328,0,2328,0,0,21511,2328,21511,0,0,0,0.099835365000000009,1706673373.619559,1
1445,1706673373.6203613,1706673373.7202003,1706673373.6098783,1706673373.7196484,12,1,7961,23885,23750,135,0,135,0,0,23750,135,23750,0,0,0,0.099847385000000011,1706673373.7202086,1
1446,1706673373.7202125,1706673373.8200493,1706673373.7196484,1706673373.8100145,10,1,7947,23852,21437,2415,0,2415,0,0,21437,2415,21437,0,0,0,0.099845165,1706673373.8200576,1
1447,1706673373.8200605,1706673373.9198914,1706673373.8100145,1706673373.9097228,11,1,7941,23836,21390,2446,0,2446,0,0,21390,2446,21390,0,0,0,0.099839305000000003,1706673373.9198997,1
1448,1706673373.9199045,1706673374.019742,1706673373.9097228,1706673374.0096269,11,1,7965,23912,21485,2427,0,2427,0,0,21485,2427,21485,0,0,0,0.099845765000000003,1706673374.0197501,1
1449,1706673374.0197544,1706673374.1195753,1706673374.0096269,1706673374.1103828,11,1,7949,23839,21686,2153,0,2153,0,0,21686,2153,21686,0,0,0,0.099829305000000007,1706673374.1195836,1
1450,1706673374.1203849,1706673374.2202089,1706673374.1103828,1706673374.2198572,12,1,7971,23938,23851,87,0,87,0,0,23851,87,23851,0,0,0,0.09983238500000001,1706673374.2202172,1
1451,1706673374.220221,1706673374.3200529,1706673374.2198572,1706673374.3098049,10,1,7943,23861,21397,2464,0,2464,0,0,21397,2464,21397,0,0,0,0.099840085000000009,1706673374.3200612,1
1452,1706673374.3200643,1706673374.4198947,1706673374.3098049,1706673374.4198108,12,1,7950,23868,23845,23,0,23,0,0,23845,23,23845,0,0,0,0.099838805000000003,1706673374.419903,1
1453,1706673374.4199071,1706673374.5197291,1706673374.4198108,1706673374.50984,10,1,7937,23846,21468,2378,0,2378,0,0,21468,2378,21468,0,0,0,0.09983048500000001,1706673374.5197375,1
1454,1706673374.5197411,1706673374.6195672,1706673374.50984,1706673374.6098399,11,1,7900,23738,21439,2299,0,2299,0,0,21439,2299,21439,0,0,0,0.099834325000000002,1706673374.6195755,1
1455,1706673374.6203797,1706673374.7202053,1706673374.6098399,1706673374.710103,11,1,7921,23781,21389,2392,0,2392,0,0,21389,2392,21389,0,0,0,0.09983404500000001,1706673374.7202137,1
1456,1706673374.720217,1706673374.8200595,1706673374.710103,1706673374.8197229,12,1,7949,23846,23763,83,0,83,0,0,23763,83,23763,0,0,0,0.09985094500000001,1706673374.8200679,1
1457,1706673374.8200707,1706673374.9198902,1706673374.8197229,1706673374.9197662,11,1,7912,23773,23741,32,0,32,0,0,23741,32,23741,0,0,0,0.099827684999999999,1706673374.9198985,1
1458,1706673374.9199014,1706673375.0197153,1706673374.9197662,1706673375.0099669,10,1,7885,23705,21358,2347,0,2347,0,0,21358,2347,21358,0,0,0,0.099822165000000004,1706673375.0197237,1
1459,1706673375.019727,1706673375.119561,1706673375.0099669,1706673375.1104994,11,1,7960,23887,21716,2171,0,2171,0,0,21716,2171,21716,0,0,0,0.099842385000000006,1706673375.1195693,1
1460,1706673375.1203713,1706673375.2201853,1706673375.1104994,1706673375.2100511,11,1,7953,23861,21435,2426,0,2426,0,0,21435,2426,21435,0,0,0,0.099822345000000007,1706673375.2201936,1
1461,1706673375.2201977,1706673375.3200262,1706673375.2100511,1706673375.3200092,12,1,7940,23822,23815,7,0,7,0,0,23815,7,23815,0,0,0,0.099836765000000008,1706673375.3200345,1
1462,1706673375.3200393,1706673375.4198573,1706673375.3200092,1706673375.4100928,10,1,7940,23818,21525,2293,0,2293,0,0,21525,2293,21525,0,0,0,0.099826405000000007,1706673375.4198656,1
1463,1706673375.4198701,1706673375.5197051,1706673375.4100928,1706673375.5106883,11,1,7944,23833,21739,2094,0,2094,0,0,21739,2094,21739,0,0,0,0.099843365000000003,1706673375.5197134,1
1464,1706673375.5197177,1706673375.6195486,1706673375.5106883,1706673375.6106036,11,1,7911,23787,21635,2152,0,2152,0,0,21635,2152,21635,0,0,0,0.099839225000000004,1706673375.6195569,1
1465,1706673375.6203582,1706673375.7201817,1706673375.6106036,1706673375.7201352,12,1,7925,23781,23767,14,0,14,0,0,23767,14,23767,0,0,0,0.099831745,1706673375.72019,1
1466,1706673375.7201936,1706673375.8200214,1706673375.7201352,1706673375.8100173,10,1,7954,23847,21503,2344,0,2344,0,0,21503,2344,21503,0,0,0,0.099836105000000008,1706673375.8200297,1
1467,1706673375.8200338,1706673375.9198658,1706673375.8100173,1706673375.9198411,12,1,7969,23921,23913,8,0,8,0,0,23913,8,23913,0,0,0,0.099840325000000008,1706673375.9198742,1
1468,1706673375.9198771,1706673376.0161076,1706673375.9198411,1706673376.0099943,10,1,7671,23016,21545,1471,0,1471,0,0,21545,1471,21545,0,0,0,0.096238845000000003,1706673376.0161159,1
1469,1706673376.0207863,1706673376.1207511,1706673376.0099943,1706673376.1198804,12,1,7911,23766,23554,212,0,212,0,0,23554,212,23554,0,0,0.00052435800000000005,0.09997328300000001,1706673376.1207595,1
1470,1706673376.120764,1706673376.2205918,1706673376.1198804,1706673376.2205882,11,1,7930,23778,23775,3,0,3,0,0,23775,3,23775,0,0,0,0.099836025000000009,1706673376.2206001,1
1471,1706673376.2206039,1706673376.3204329,1706673376.2205882,1706673376.320236,11,1,7914,23755,23705,50,0,50,0,0,23705,50,23705,0,0,0,0.099837325000000005,1706673376.3204412,1
1472,1706673376.3204446,1706673376.4202867,1706673376.320236,1706673376.4198287,11,1,7852,23630,23517,113,0,113,0,0,23517,113,23517,0,0,0,0.09985036500000001,1706673376.420295,1
1473,1706673376.4202988,1706673376.5201266,1706673376.4198287,1706673376.5201101,11,1,7794,23534,23528,6,0,6,0,0,23528,6,23528,0,0,0,0.099835985000000002,1706673376.5201347,1
1474,1706673376.5201378,1706673376.6199598,1706673376.5201101,1706673376.6103072,10,1,7879,23715,21442,2273,0,2273,0,0,21442,2273,21442,0,0,0,0.099830465000000007,1706673376.6199682,1
1475,1706673376.6199722,1706673376.7198,1706673376.6103072,1706673376.71035,11,1,7888,23698,21429,2269,0,2269,0,0,21429,2269,21429,0,0,0,0.099836165000000004,1706673376.7198083,1
1476,1706673376.7198129,1706673376.8196361,1706673376.71035,1706673376.810569,11,1,7923,23778,21633,2145,0,2145,0,0,21633,2145,21633,0,0,0,0.099831625000000007,1706673376.8196445,1
1477,1706673376.8200476,1706673376.9198685,1706673376.810569,1706673376.910351,11,1,7949,23841,21602,2239,0,2239,0,0,21602,2239,21602,0,0,0,0.099829205000000004,1706673376.9198768,1
1478,1706673376.9198804,1706673377.0197194,1706673376.910351,1706673377.0099018,11,1,7950,23860,21546,2314,0,2314,0,0,21546,2314,21546,0,0,0,0.099847425000000004,1706673377.0197277,1
1479,1706673377.0197306,1706673377.1195469,1706673377.0099018,1706673377.1104131,11,1,7941,23836,21647,2189,0,2189,0,0,21647,2189,21647,0,0,0,0.099824705,1706673377.1195552,1
1480,1706673377.1203573,1706673377.2201872,1706673377.1104131,1706673377.209923,11,1,7948,23845,21377,2468,0,2468,0,0,21377,2468,21377,0,0,0,0.099838285000000013,1706673377.2201955,1
1481,1706673377.2201982,1706673377.3200202,1706673377.209923,1706673377.3198774,12,1,7946,23833,23796,37,0,37,0,0,23796,37,23796,0,0,0,0.099830285000000005,1706673377.3200285,1
1482,1706673377.3200328,1706673377.4198632,1706673377.3198774,1706673377.4105031,10,1,7941,23827,21576,2251,0,2251,0,0,21576,2251,21576,0,0,0,0.099838705,1706673377.4198716,1
1483,1706673377.419874,1706673377.5196874,1706673377.4105031,1706673377.510895,11,1,7946,23831,21714,2117,0,2117,0,0,21714,2117,21714,0,0,0,0.099821705000000011,1706673377.5196958,1
1484,1706673377.5196991,1706673377.6195238,1706673377.510895,1706673377.6103961,11,1,7971,23920,21724,2196,0,2196,0,0,21724,2196,21724,0,0,0,0.09983288500000001,1706673377.6195319,1
1485,1706673377.6203332,1706673377.7201581,1706673377.6103961,1706673377.7099714,11,1,7958,23878,21452,2426,0,2426,0,0,21452,2426,21452,0,0,0,0.099833245000000001,1706673377.7201664,1
1486,1706673377.7201693,1706673377.8199985,1706673377.7099714,1706673377.810849,11,1,7954,23856,21714,2142,0,2142,0,0,21714,2142,21714,0,0,0,0.099837565000000003,1706673377.8200068,1
1487,1706673377.8200095,1706673377.9198442,1706673377.810849,1706673377.910408,11,1,7959,23854,21629,2225,0,2225,0,0,21629,2225,21629,0,0,0,0.099842945000000002,1706673377.9198525,1
1488,1706673377.9198561,1706673378.0196826,1706673377.910408,1706673378.0099401,11,1,7970,23905,21585,2320,0,2320,0,0,21585,2320,21585,0,0,0,0.099834905000000002,1706673378.019691,1
1489,1706673378.0196943,1706673378.1195288,1706673378.0099401,1706673378.1104596,11,1,7991,23973,21794,2179,0,2179,0,0,21794,2179,21794,0,0,0,0.099842885000000006,1706673378.1195371,1
1490,1706673378.1203389,1706673378.2201774,1706673378.1104596,1706673378.2108414,11,1,7967,23924,21678,2246,0,2246,0,0,21678,2246,21678,0,0,0,0.099846785000000007,1706673378.2201858,1
1491,1706673378.2201884,1706673378.3200099,1706673378.2108414,1706673378.3105135,11,1,7956,23870,21585,2285,0,2285,0,0,21585,2285,21585,0,0,0,0.09982998500000001,1706673378.3200183,1
1492,1706673378.3200226,1706673378.4198627,1706673378.3105135,1706673378.4104352,11,1,7947,23837,21658,2179,0,2179,0,0,21658,2179,21658,0,0,0,0.099848525000000007,1706673378.4198711,1
1493,1706673378.419874,1706673378.5197043,1706673378.4104352,1706673378.5107567,11,1,7972,23924,21771,2153,0,2153,0,0,21771,2153,21771,0,0,0,0.099838805000000003,1706673378.5197127,1
1494,1706673378.5197165,1706673378.6195474,1706673378.5107567,1706673378.6101403,11,1,7977,23933,21669,2264,0,2264,0,0,21669,2264,21669,0,0,0,0.099839165000000007,1706673378.6195557,1
1495,1706673378.6203582,1706673378.7201891,1706673378.6101403,1706673378.710454,11,1,7958,23877,21535,2342,0,2342,0,0,21535,2342,21535,0,0,0,0.099839125000000001,1706673378.7201974,1
1496,1706673378.7202008,1706673378.8200188,1706673378.710454,1706673378.8056865,11,1,7947,23834,20386,3448,0,3448,0,0,20386,3448,20386,0,0,0,0.09982642500000001,1706673378.8200271,1
1497,1706673378.8200309,1706673378.9198589,1706673378.8056865,1706673378.9094529,11,1,7962,23869,21388,2481,0,2481,0,0,21388,2481,21388,0,0,0,0.099836425000000006,1706673378.9198673,1
1498,1706673378.919872,1706673379.0196979,1706673378.9094529,1706673379.0094383,11,1,7962,23899,21496,2403,0,2403,0,0,21496,2403,21496,0,0,0,0.099834105000000006,1706673379.0197062,1
1499,1706673379.0197089,1706673379.1195173,1706673379.0094383,1706673379.1093235,11,1,7942,23844,21471,2373,0,2373,0,0,21471,2373,21471,0,0,0,0.099816805000000008,1706673379.1195257,1
1500,1706673379.120327,1706673379.2201478,1706673379.1093235,1706673379.2195566,12,1,7939,23834,23689,145,0,145,0,0,23689,145,23689,0,0,0,0.099829145000000008,1706673379.2201562,1
1501,1706673379.22016,1706673379.319999,1706673379.2195566,1706673379.31955,11,1,7944,23861,23751,110,0,110,0,0,23751,110,23751,0,0,0,0.099847265000000004,1706673379.3200073,1
1502,1706673379.3200109,1706673379.4198446,1706673379.31955,1706673379.4095726,10,1,7940,23845,21374,2471,0,2471,0,0,21374,2471,21374,0,0,0,0.099842045000000004,1706673379.419853,1
1503,1706673379.4198575,1706673379.5197065,1706673379.4095726,1706673379.5191479,12,1,7897,23738,23601,137,0,137,0,0,23601,137,23601,0,0,0,0.099857205000000004,1706673379.5197146,1
1504,1706673379.5197182,1706673379.6195447,1706673379.5191479,1706673379.6092913,10,1,7913,23756,21292,2464,0,2464,0,0,21292,2464,21292,0,0,0,0.099834805000000013,1706673379.6195531,1
1505,1706673379.6203544,1706673379.7201893,1706673379.6092913,1706673379.7192316,12,1,7927,23801,23568,233,0,233,0,0,23568,233,23568,0,0,0,0.099843245000000011,1706673379.7201977,1
1506,1706673379.720201,1706673379.8200469,1706673379.7192316,1706673379.8199875,11,1,7936,23826,23809,17,0,17,0,0,23809,17,23809,0,0,0,0.099854225000000005,1706673379.8200552,1
1507,1706673379.8200591,1706673379.9198792,1706673379.8199875,1706673379.9195795,11,1,7925,23792,23718,74,0,74,0,0,23718,74,23718,0,0,0,0.099828505000000012,1706673379.9198875,1
1508,1706673379.9198902,1706673380.0197167,1706673379.9195795,1706673380.0191283,11,1,7911,23762,23618,144,0,144,0,0,23618,144,23618,0,0,0,0.099834885000000012,1706673380.0197251,1
1509,1706673380.0197282,1706673380.1195521,1706673380.0191283,1706673380.1095147,10,1,7885,23703,21291,2412,0,2412,0,0,21291,2412,21291,0,0,0,0.099832185000000004,1706673380.1195605,1
1510,1706673380.1203632,1706673380.2201908,1706673380.1095147,1706673380.2198443,12,1,7827,23554,23468,86,0,86,0,0,23468,86,23468,0,0,0,0.099835805,1706673380.2201991,1
1511,1706673380.2202041,1706673380.3200412,1706673380.2198443,1706673380.3192248,11,1,7837,23632,23433,199,0,199,0,0,23433,199,23433,0,0,0,0.099845465000000008,1706673380.3200495,1
1512,1706673380.3200538,1706673380.419879,1706673380.3192248,1706673380.4192414,11,1,7793,23464,23343,121,0,121,0,0,23343,121,23343,0,0,0,0.099833445000000007,1706673380.4198873,1
1513,1706673380.4198904,1706673380.5197337,1706673380.4192414,1706673380.5093508,10,1,7924,23782,21350,2432,0,2432,0,0,21350,2432,21350,0,0,0,0.099851665000000006,1706673380.519742,1
1514,1706673380.5197451,1706673380.6195743,1706673380.5093508,1706673380.6194339,12,1,7944,23816,23780,36,0,36,0,0,23780,36,23780,0,0,0,0.099837624999999999,1706673380.6195827,1
1515,1706673380.6203854,1706673380.7202151,1706673380.6194339,1706673380.7192693,11,1,7914,23749,23519,230,0,230,0,0,23519,230,23519,0,0,0,0.099837945000000011,1706673380.7202234,1
1516,1706673380.7202268,1706673380.8200543,1706673380.7192693,1706673380.820025,11,1,7841,23553,23543,10,0,10,0,0,23543,10,23543,0,0,0,0.099835965000000013,1706673380.8200626,1
1517,1706673380.8200665,1706673380.91991,1706673380.820025,1706673380.9197142,11,1,7672,23129,23080,49,0,49,0,0,23080,49,23080,0,0,0,0.099851825000000005,1706673380.9199183,1
1518,1706673380.9199219,1706673381.0197585,1706673380.9197142,1706673381.009762,10,1,7858,23590,21232,2358,0,2358,0,0,21232,2358,21232,0,0,0,0.099844945000000004,1706673381.0197668,1
1519,1706673381.0197709,1706673381.1195965,1706673381.009762,1706673381.1102176,11,1,7897,23736,21526,2210,0,2210,0,0,21526,2210,21526,0,0,0,0.09983404500000001,1706673381.1196048,1
1520,1706673381.1200073,1706673381.2198331,1706673381.1102176,1706673381.2192717,12,1,7741,23265,23128,137,0,137,0,0,23128,137,23128,0,0,0,0.099834185000000006,1706673381.2198415,1
1521,1706673381.2198453,1706673381.3196642,1706673381.2192717,1706673381.3092952,10,1,7901,23674,21179,2495,0,2495,0,0,21179,2495,21179,0,0,0,0.099827185000000013,1706673381.3196726,1
1522,1706673381.3196771,1706673381.4195065,1706673381.3092952,1706673381.409358,11,1,7966,23905,21463,2442,0,2442,0,0,21463,2442,21463,0,0,0,0.099837745000000006,1706673381.4195149,1
1523,1706673381.4203167,1706673381.5201583,1706673381.409358,1706673381.5196893,12,1,7957,23897,23783,114,0,114,0,0,23783,114,23783,0,0,0,0.099849945000000009,1706673381.5201666,1
1524,1706673381.5201702,1706673381.6199977,1706673381.5196893,1706673381.6095781,10,1,7960,23871,21365,2506,0,2506,0,0,21365,2506,21365,0,0,0,0.099835885000000013,1706673381.6200061,1
1525,1706673381.6200092,1706673381.7198451,1706673381.6095781,1706673381.7194073,12,1,7947,23851,23743,108,0,108,0,0,23743,108,23743,0,0,0,0.099844245000000012,1706673381.7198534,1
1526,1706673381.7198567,1706673381.8196785,1706673381.7194073,1706673381.8102691,10,1,7952,23872,21608,2264,0,2264,0,0,21608,2264,21608,0,0,0,0.099830125000000006,1706673381.8196869,1
1527,1706673381.8196914,1706673381.9195242,1706673381.8102691,1706673381.909734,11,1,7942,23842,21488,2354,0,2354,0,0,21488,2354,21488,0,0,0,0.099841225000000006,1706673381.9195325,1
1528,1706673381.9203343,1706673382.0201559,1706673381.909734,1706673382.019927,12,1,7945,23825,23768,57,0,57,0,0,23768,57,23768,0,0,0,0.09982998500000001,1706673382.0201643,1
1529,1706673382.0201671,1706673382.1200142,1706673382.019927,1706673382.1196563,11,1,7919,23773,23685,88,0,88,0,0,23685,88,23685,0,0,0,0.099855485000000008,1706673382.1200225,1
1530,1706673382.1200254,1706673382.2198384,1706673382.1196563,1706673382.2098203,10,1,7949,23838,21489,2349,0,2349,0,0,21489,2349,21489,0,0,0,0.099821385000000012,1706673382.2198467,1
1531,1706673382.2198505,1706673382.3196771,1706673382.2098203,1706673382.3095827,11,1,7975,23918,21492,2426,0,2426,0,0,21492,2426,21492,0,0,0,0.099834865000000009,1706673382.3196855,1
1532,1706673382.3196878,1706673382.4195178,1706673382.3095827,1706673382.419462,12,1,7962,23910,23894,16,0,16,0,0,23894,16,23894,0,0,0,0.099838365000000012,1706673382.4195261,1
1533,1706673382.4203272,1706673382.5201581,1706673382.419462,1706673382.5199311,11,1,7949,23855,23798,57,0,57,0,0,23798,57,23798,0,0,0,0.099839305000000003,1706673382.5201664,1
1534,1706673382.5201693,1706673382.6199844,1706673382.5199311,1706673382.6199067,11,1,7913,23755,23742,13,0,13,0,0,23742,13,23742,0,0,0,0.09983586500000001,1706673382.6200051,1
1535,1706673382.6200085,1706673382.7198312,1706673382.6199067,1706673382.7098994,10,1,7947,23855,21539,2316,0,2316,0,0,21539,2316,21539,0,0,0,0.099831125000000007,1706673382.7198396,1
1536,1706673382.7198429,1706673382.8196814,1706673382.7098994,1706673382.8195221,12,1,7952,23846,23805,41,0,41,0,0,23805,41,23805,0,0,0,0.099846765000000004,1706673382.8196898,1
1537,1706673382.8196936,1706673382.9195249,1706673382.8195221,1706673382.9097686,10,1,7952,23874,21529,2345,0,2345,0,0,21529,2345,21529,0,0,0,0.099839625000000001,1706673382.9195333,1
1538,1706673382.9203365,1706673383.0201669,1706673382.9097686,1706673383.009768,11,1,7907,23725,21248,2477,0,2477,0,0,21248,2477,21248,0,0,0,0.099838805000000003,1706673383.0201752,1
1539,1706673383.0201786,1706673383.1200163,1706673383.009768,1706673383.1199172,12,1,7973,23923,23897,26,0,26,0,0,23897,26,23897,0,0,0,0.099846205000000007,1706673383.1200247,1
1540,1706673383.1200287,1706673383.2198596,1706673383.1199172,1706673383.2099097,10,1,7961,23883,21492,2391,0,2391,0,0,21492,2391,21492,0,0,0,0.099839145000000004,1706673383.2198679,1
1541,1706673383.2198715,1706673383.3197064,1706673383.2099097,1706673383.3097038,11,1,7968,23916,21510,2406,0,2406,0,0,21510,2406,21510,0,0,0,0.099843285000000004,1706673383.3197148,1
1542,1706673383.3197179,1706673383.419549,1706673383.3097038,1706673383.4195223,12,1,7957,23881,23872,9,0,9,0,0,23872,9,23872,0,0,0,0.099839325000000007,1706673383.4195571,1
1543,1706673383.4203591,1706673383.520185,1706673383.4195223,1706673383.5200617,11,1,7959,23887,23855,32,0,32,0,0,23855,32,23855,0,0,0,0.099834145000000013,1706673383.5201933,1
1544,1706673383.5201964,1706673383.6200283,1706673383.5200617,1706673383.6198261,11,1,7930,23812,23761,51,0,51,0,0,23761,51,23761,0,0,0,0.099840125000000002,1706673383.6200366,1
1545,1706673383.6200397,1706673383.7198553,1706673383.6198261,1706673383.7098582,10,1,7945,23858,21452,2406,0,2406,0,0,21452,2406,21452,0,0,0,0.099823965000000001,1706673383.7198637,1
1546,1706673383.7198677,1706673383.8196959,1706673383.7098582,1706673383.810369,11,1,7953,23869,21625,2244,0,2244,0,0,21625,2244,21625,0,0,0,0.099836505000000006,1706673383.8197043,1
1547,1706673383.8197072,1706673383.9194207,1706673383.810369,1706673383.9100251,11,1,7954,23876,21625,2251,0,2251,0,0,21625,2251,21625,0,0,0,0.099796961000000003,1706673383.9195042,1
1548,1706673383.9203568,1706673384.0201695,1706673383.9100251,1706673384.0098612,11,1,7964,23895,21423,2472,0,2472,0,0,21423,2472,21423,0,0,0,0.099821165000000003,1706673384.0201778,1
1549,1706673384.0201805,1706673384.1200151,1706673384.0098612,1706673384.1198163,12,1,7948,23868,23818,50,0,50,0,0,23818,50,23818,0,0,0,0.099843065000000009,1706673384.1200235,1
1550,1706673384.1200273,1706673384.219856,1706673384.1198163,1706673384.2103877,10,1,7946,23832,21553,2279,0,2279,0,0,21553,2279,21553,0,0,0,0.09983702500000001,1706673384.2198644,1
1551,1706673384.2198682,1706673384.3196909,1706673384.2103877,1706673384.3102322,11,1,7951,23852,21584,2268,0,2268,0,0,21584,2268,21584,0,0,0,0.099831185000000003,1706673384.3196993,1
1552,1706673384.3197031,1706673384.4195468,1706673384.3102322,1706673384.410377,11,1,7950,23853,21652,2201,0,2201,0,0,21652,2201,21652,0,0,0,0.099852145000000003,1706673384.4195552,1
1553,1706673384.4203587,1706673384.5201755,1706673384.410377,1706673384.509722,11,1,7932,23804,21367,2437,0,2437,0,0,21367,2437,21367,0,0,0,0.099825145000000004,1706673384.5201838,1
1554,1706673384.5201869,1706673384.6200132,1706673384.509722,1706673384.6195817,12,1,7980,23936,23830,106,0,106,0,0,23830,106,23830,0,0,0,0.099834685000000006,1706673384.6200216,1
1555,1706673384.6200244,1706673384.7198641,1706673384.6195817,1706673384.7096136,10,1,7960,23895,21429,2466,0,2466,0,0,21429,2466,21429,0,0,0,0.09984812500000001,1706673384.7198725,1
1556,1706673384.7198768,1706673384.8196826,1706673384.7096136,1706673384.8096747,11,1,7968,23898,21490,2408,0,2408,0,0,21490,2408,21490,0,0,0,0.099814145000000007,1706673384.8196909,1
1557,1706673384.8196943,1706673384.9195395,1706673384.8096747,1706673384.9101472,11,1,7950,23875,21615,2260,0,2260,0,0,21615,2260,21615,0,0,0,0.099853605000000012,1706673384.9195478,1
1558,1706673384.9203498,1706673385.0201738,1706673384.9101472,1706673385.0200958,12,1,7970,23912,23891,21,0,21,0,0,23891,21,23891,0,0,0,0.099832325,1706673385.0201821,1
1559,1706673385.0201857,1706673385.1200025,1706673385.0200958,1706673385.1197302,11,1,7975,23928,23860,68,0,68,0,0,23860,68,23860,0,0,0,0.099825085000000008,1706673385.1200109,1
1560,1706673385.120014,1706673385.21984,1706673385.1197302,1706673385.2106395,10,1,7937,23838,21693,2145,0,2145,0,0,21693,2145,21693,0,0,0,0.099834545000000011,1706673385.2198484,1
1561,1706673385.2198517,1706673385.3196762,1706673385.2106395,1706673385.3196599,12,1,7959,23886,23880,6,0,6,0,0,23880,6,23880,0,0,0,0.099832685000000004,1706673385.3196845,1
1562,1706673385.3196888,1706673385.4195206,1706673385.3196599,1706673385.4105268,10,1,7970,23920,21756,2164,0,2164,0,0,21756,2164,21756,0,0,0,0.099840045000000002,1706673385.419529,1
1563,1706673385.42033,1706673385.5201478,1706673385.4105268,1706673385.5101604,11,1,7976,23906,21504,2402,0,2402,0,0,21504,2402,21504,0,0,0,0.099826085000000009,1706673385.5201561,1
1564,1706673385.5201592,1706673385.619983,1706673385.5101604,1706673385.6097693,11,1,7963,23907,21449,2458,0,2458,0,0,21449,2458,21449,0,0,0,0.099832025000000005,1706673385.6199913,1
1565,1706673385.6199949,1706673385.7198308,1706673385.6097693,1706673385.7100956,11,1,8000,24000,21657,2343,0,2343,0,0,21657,2343,21657,0,0,0,0.099844185000000002,1706673385.7198391,1
1566,1706673385.7198434,1706673385.8196633,1706673385.7100956,1706673385.8101366,11,1,7999,23999,21705,2294,0,2294,0,0,21705,2294,21705,0,0,0,0.099828305000000006,1706673385.8196716,1
1567,1706673385.8196745,1706673385.9195054,1706673385.8101366,1706673385.9098144,11,1,8000,24000,21668,2332,0,2332,0,0,21668,2332,21668,0,0,0,0.099839305000000003,1706673385.9195137,1
1568,1706673385.9203155,1706673386.0201375,1706673385.9098144,1706673386.0197835,12,1,7998,23998,23911,87,0,87,0,0,23911,87,23911,0,0,0,0.099830325000000011,1706673386.0201459,1
1569,1706673386.0201499,1706673386.1199827,1706673386.0197835,1706673386.1102259,10,1,8000,24000,21653,2347,0,2347,0,0,21653,2347,21653,0,0,0,0.099841225000000006,1706673386.1199911,1
1570,1706673386.1199951,1706673386.2198141,1706673386.1102259,1706673386.2101998,11,1,8000,24000,21686,2314,0,2314,0,0,21686,2314,21686,0,0,0,0.099827245000000009,1706673386.2198224,1
1571,1706673386.2198262,1706673386.3196619,1706673386.2101998,1706673386.3101528,11,1,8000,24000,21711,2289,0,2289,0,0,21711,2289,21711,0,0,0,0.099844085000000013,1706673386.3196702,1
1572,1706673386.3196738,1706673386.4195094,1706673386.3101528,1706673386.4101219,11,1,7987,23967,21708,2259,0,2259,0,0,21708,2259,21708,0,0,0,0.099844025000000003,1706673386.4195178,1
1573,1706673386.4203186,1706673386.5201404,1706673386.4101219,1706673386.5107946,11,1,7947,23839,21619,2220,0,2220,0,0,21619,2220,21619,0,0,0,0.099830085000000013,1706673386.5201488,1
1574,1706673386.520153,1706673386.6199768,1706673386.5107946,1706673386.6199019,12,1,7965,23897,23877,20,0,20,0,0,23877,20,23877,0,0,0,0.099831985000000012,1706673386.6199851,1
1575,1706673386.6199894,1706673386.7198188,1706673386.6199019,1706673386.7099152,10,1,7977,23929,21566,2363,0,2363,0,0,21566,2363,21566,0,0,0,0.099837685000000009,1706673386.7198272,1
1576,1706673386.7198305,1706673386.8196681,1706673386.7099152,1706673386.8104694,11,1,7957,23855,21646,2209,0,2209,0,0,21646,2209,21646,0,0,0,0.099845925000000002,1706673386.8196764,1
1577,1706673386.8196797,1706673386.9195004,1706673386.8104694,1706673386.9104636,11,1,7904,23743,21642,2101,0,2101,0,0,21642,2101,21642,0,0,0,0.099828885000000006,1706673386.9195087,1
1578,1706673386.920311,1706673387.0201366,1706673386.9104636,1706673387.0098643,11,1,7919,23783,21312,2471,0,2471,0,0,21312,2471,21312,0,0,0,0.099833985,1706673387.0201449,1
1579,1706673387.0201478,1706673387.1199968,1706673387.0098643,1706673387.1199934,12,1,7928,23827,23824,3,0,3,0,0,23824,3,23824,0,0,0,0.099857365000000003,1706673387.1200051,1
1580,1706673387.1200092,1706673387.2198339,1706673387.1199934,1706673387.2100127,10,1,7941,23839,21479,2360,0,2360,0,0,21479,2360,21479,0,0,0,0.099833025000000006,1706673387.2198422,1
1581,1706673387.2198458,1706673387.3196659,1706673387.2100127,1706673387.3107951,11,1,7966,23881,21746,2135,0,2135,0,0,21746,2135,21746,0,0,0,0.099828485000000008,1706673387.3196743,1
1582,1706673387.3196781,1706673387.4195011,1706673387.3107951,1706673387.4104111,11,1,7972,23882,21694,2188,0,2188,0,0,21694,2188,21694,0,0,0,0.099831285000000006,1706673387.4195094,1
1583,1706673387.4203103,1706673387.5201406,1706673387.4104111,1706673387.5199773,12,1,7962,23868,23826,42,0,42,0,0,23826,42,23826,0,0,0,0.099838645000000004,1706673387.520149,1
1584,1706673387.5201526,1706673387.6199763,1706673387.5199773,1706673387.6099429,10,1,7948,23860,21445,2415,0,2415,0,0,21445,2415,21445,0,0,0,0.099832145000000011,1706673387.6199846,1
1585,1706673387.6199887,1706673387.7198215,1706673387.6099429,1706673387.7104728,11,1,7999,23995,21746,2249,0,2249,0,0,21746,2249,21746,0,0,0,0.099841045000000003,1706673387.7198298,1
1586,1706673387.7198334,1706673387.8196537,1706673387.7104728,1706673387.8056507,11,1,8000,24000,20632,3368,0,3368,0,0,20632,3368,20632,0,0,0,0.099828785000000003,1706673387.8196621,1
1587,1706673387.820065,1706673387.919899,1706673387.8056507,1706673387.9198306,12,1,7999,23998,23979,19,0,19,0,0,23979,19,23979,0,0,0,0.099842285000000003,1706673387.9199073,1
1588,1706673387.9199107,1706673388.0197392,1706673387.9198306,1706673388.0193172,11,1,8000,23999,23895,104,0,104,0,0,23895,104,23895,0,0,0,0.099836705000000012,1706673388.0197473,1
1589,1706673388.0197504,1706673388.1195724,1706673388.0193172,1706673388.109437,10,1,7999,23999,21560,2439,0,2439,0,0,21560,2439,21560,0,0,0,0.099830305000000008,1706673388.1195807,1
1590,1706673388.1203818,1706673388.2202003,1706673388.109437,1706673388.2190435,12,1,7998,23997,23717,280,0,280,0,0,23717,280,23717,0,0,0,0.099826765000000012,1706673388.2202086,1
1591,1706673388.2202125,1706673388.3200426,1706673388.2190435,1706673388.319515,11,1,7997,23994,23865,129,0,129,0,0,23865,129,23865,0,0,0,0.099838585000000007,1706673388.320051,1
1592,1706673388.3200536,1706673388.4198723,1706673388.319515,1706673388.4094779,10,1,7999,23999,21499,2500,0,2500,0,0,21499,2500,21499,0,0,0,0.09982708500000001,1706673388.4198806,1
1593,1706673388.4198842,1706673388.5197029,1706673388.4094779,1706673388.5092793,11,1,8000,23999,21492,2507,0,2507,0,0,21492,2507,21492,0,0,0,0.099827145000000006,1706673388.5197113,1
1594,1706673388.5197153,1706673388.6195567,1706673388.5092793,1706673388.619066,12,1,8000,24000,23880,120,0,120,0,0,23880,120,23880,0,0,0,0.099849585000000005,1706673388.619565,1
1595,1706673388.6203678,1706673388.7201893,1706673388.619066,1706673388.71995,11,1,7998,23998,23938,60,0,60,0,0,23938,60,23938,0,0,0,0.099829785000000004,1706673388.7201974,1
1596,1706673388.7202015,1706673388.8200333,1706673388.71995,1706673388.819047,11,1,7953,23846,23606,240,0,240,0,0,23606,240,23606,0,0,0,0.099840165000000008,1706673388.8200417,1
1597,1706673388.8200452,1706673388.9198811,1706673388.819047,1706673388.9198191,11,1,7945,23819,23802,17,0,17,0,0,23802,17,23802,0,0,0,0.099844265000000001,1706673388.9198895,1
1598,1706673388.9198933,1706673389.0197012,1706673388.9198191,1706673389.0196688,11,1,7919,23788,23779,9,0,9,0,0,23779,9,23779,0,0,0,0.099816325000000011,1706673389.0197096,1
1599,1706673389.0197129,1706673389.1195459,1706673389.0196688,1706673389.1195438,11,1,7960,23866,23863,3,0,3,0,0,23863,3,23863,0,0,0,0.099841285000000002,1706673389.1195543,1
1600,1706673389.1203558,1706673389.2201834,1706673389.1195438,1706673389.2190871,11,1,7973,23926,23660,266,0,266,0,0,23660,266,23660,0,0,0,0.09983578500000001,1706673389.2201917,1
1601,1706673389.2201951,1706673389.3200181,1706673389.2190871,1706673389.3195581,11,1,7998,23998,23885,113,0,113,0,0,23885,113,23885,0,0,0,0.099831445000000005,1706673389.3200264,1
1602,1706673389.3200302,1706673389.4198575,1706673389.3195581,1706673389.4192982,11,1,8000,24000,23863,137,0,137,0,0,23863,137,23863,0,0,0,0.099835565000000001,1706673389.4198658,1
1603,1706673389.4198699,1706673389.519707,1706673389.4192982,1706673389.5094199,10,1,7998,23998,21523,2475,0,2475,0,0,21523,2475,21523,0,0,0,0.099845465000000008,1706673389.5197153,1
1604,1706673389.5197179,1706673389.6195397,1706673389.5094199,1706673389.6194801,12,1,8000,23998,23981,17,0,17,0,0,23981,17,23981,0,0,0,0.099830125000000006,1706673389.6195481,1
1605,1706673389.6203506,1706673389.7201781,1706673389.6194801,1706673389.7195194,11,1,8000,24000,23839,161,0,161,0,0,23839,161,23839,0,0,0,0.099835885000000013,1706673389.7201865,1
1606,1706673389.7201898,1706673389.8200178,1706673389.7195194,1706673389.8197322,11,1,8000,24000,23929,71,0,71,0,0,23929,71,23929,0,0,0,0.099836265000000007,1706673389.8200262,1
1607,1706673389.8200285,1706673389.919853,1706673389.8197322,1706673389.9194438,11,1,8000,23999,23898,101,0,101,0,0,23898,101,23898,0,0,0,0.099832725000000011,1706673389.9198613,1
1608,1706673389.9198642,1706673390.0196838,1706673389.9194438,1706673390.0094106,10,1,8000,24000,21529,2471,0,2471,0,0,21529,2471,21529,0,0,0,0.099828005000000011,1706673390.0196922,1
1609,1706673390.019696,1706673390.1195171,1706673390.0094106,1706673390.11923,12,1,7962,23874,23803,71,0,71,0,0,23803,71,23803,0,0,0,0.099829445000000003,1706673390.1195254,1
1610,1706673390.1203287,1706673390.2201598,1706673390.11923,1706673390.2198584,11,1,7978,23943,23868,75,0,75,0,0,23868,75,23868,0,0,0,0.099839525000000012,1706673390.2201681,1
1611,1706673390.220171,1706673390.3199906,1706673390.2198584,1706673390.3192756,11,1,7954,23866,23692,174,0,174,0,0,23692,174,23692,0,0,0,0.099828025000000001,1706673390.319999,1
1612,1706673390.3200028,1706673390.4198275,1706673390.3192756,1706673390.419729,11,1,7940,23773,23747,26,0,26,0,0,23747,26,23747,0,0,0,0.099833065000000012,1706673390.4198358,1
1613,1706673390.4198391,1706673390.5196774,1706673390.419729,1706673390.5195949,11,1,7791,23326,23304,22,0,22,0,0,23304,22,23304,0,0,0,0.099846525000000005,1706673390.5196857,1
1614,1706673390.5196886,1706673390.6195202,1706673390.5195949,1706673390.619498,11,1,7889,23601,23594,7,0,7,0,0,23594,7,23594,0,0,0,0.099835778,1706673390.6195245,1
1615,1706673390.6203306,1706673390.7201459,1706673390.619498,1706673390.7198024,11,1,7909,23724,23639,85,0,85,0,0,23639,85,23639,0,0,0,0.099823665000000006,1706673390.7201543,1
1616,1706673390.7201583,1706673390.8199816,1706673390.7198024,1706673390.8192587,11,1,7929,23764,23588,176,0,176,0,0,23588,176,23588,0,0,0,0.099831665,1706673390.8199899,1
1617,1706673390.8199928,1706673390.9198263,1706673390.8192587,1706673390.9198246,11,1,7937,23819,23816,3,0,3,0,0,23816,3,23816,0,0,0,0.099841805000000006,1706673390.9198346,1
1618,1706673390.9198387,1706673391.0196569,1706673390.9198246,1706673391.019347,11,1,7932,23786,23709,77,0,77,0,0,23709,77,23709,0,0,0,0.099826565000000006,1706673391.0196652,1
1619,1706673391.0196681,1706673391.1195033,1706673391.019347,1706673391.1093533,10,1,7795,23328,21005,2323,0,2323,0,0,21005,2323,21005,0,0,0,0.09984348500000001,1706673391.1195116,1
1620,1706673391.1203136,1706673391.2201383,1706673391.1093533,1706673391.2193651,12,1,7835,23433,23245,188,0,188,0,0,23245,188,23245,0,0,0,0.099833005000000002,1706673391.2201467,1
1621,1706673391.22015,1706673391.3199749,1706673391.2193651,1706673391.3197045,11,1,7943,23813,23746,67,0,67,0,0,23746,67,23746,0,0,0,0.099833145000000012,1706673391.3199832,1
1622,1706673391.3199868,1706673391.4198046,1706673391.3197045,1706673391.4097202,10,1,7956,23883,21456,2427,0,2427,0,0,21456,2427,21456,0,0,0,0.099826025000000013,1706673391.4198129,1
1623,1706673391.4198148,1706673391.5196421,1706673391.4097202,1706673391.5196285,12,1,7962,23885,23879,6,0,6,0,0,23879,6,23879,0,0,0,0.099835705000000011,1706673391.5196505,1
1624,1706673391.5200524,1706673391.6198888,1706673391.5196285,1706673391.6096005,10,1,7957,23855,21457,2398,0,2398,0,0,21457,2398,21457,0,0,0,0.09984464500000001,1706673391.6198971,1
1625,1706673391.6199012,1706673391.7197268,1706673391.6096005,1706673391.7194083,12,1,8000,24000,23921,79,0,79,0,0,23921,79,23921,0,0,0,0.099833985,1706673391.7197351,1
1626,1706673391.7197392,1706673391.8195748,1706673391.7194083,1706673391.8094499,10,1,8000,24000,21564,2436,0,2436,0,0,21564,2436,21564,0,0,0,0.099843925,1706673391.8195832,1
1627,1706673391.8199863,1706673391.9198132,1706673391.8094499,1706673391.9193742,12,1,7998,23994,23888,106,0,106,0,0,23888,106,23888,0,0,0,0.099835265000000006,1706673391.9198215,1
1628,1706673391.9198251,1706673392.0196593,1706673391.9193742,1706673392.0097842,10,1,7996,23989,21616,2373,0,2373,0,0,21616,2373,21616,0,0,0,0.099842605000000001,1706673392.0196676,1
1629,1706673392.0196714,1706673392.1194842,1706673392.0097842,1706673392.1094646,11,1,7998,23998,21588,2410,0,2410,0,0,21588,2410,21588,0,0,0,0.099821005000000004,1706673392.1194925,1
1630,1706673392.1202934,1706673392.2201183,1706673392.1094646,1706673392.2198203,12,1,8000,24000,23926,74,0,74,0,0,23926,74,23926,0,0,0,0.099833165000000001,1706673392.2201266,1
1631,1706673392.2201302,1706673392.3199646,1706673392.2198203,1706673392.309613,10,1,7973,23912,21488,2424,0,2424,0,0,21488,2424,21488,0,0,0,0.09984282500000001,1706673392.319973,1
1632,1706673392.3199768,1706673392.4197943,1706673392.309613,1706673392.4196112,12,1,7990,23944,23898,46,0,46,0,0,23898,46,23898,0,0,0,0.099825945000000013,1706673392.4198027,1
1633,1706673392.4198067,1706673392.5196362,1706673392.4196112,1706673392.5193784,11,1,7924,23802,23738,64,0,64,0,0,23738,64,23738,0,0,0,0.099837885000000001,1706673392.5196445,1
1634,1706673392.5200469,1706673392.619885,1706673392.5193784,1706673392.6094408,10,1,7861,23624,21140,2484,0,2484,0,0,21140,2484,21140,0,0,0,0.099846405000000013,1706673392.6198933,1
1635,1706673392.6198974,1706673392.7197423,1706673392.6094408,1706673392.709945,11,1,7958,23830,21531,2299,0,2299,0,0,21531,2299,21531,0,0,0,0.099853165000000008,1706673392.7197506,1
1636,1706673392.7197547,1706673392.8195717,1706673392.709945,1706673392.8098238,11,1,7999,23999,21653,2346,0,2346,0,0,21653,2346,21653,0,0,0,0.099825305000000003,1706673392.8195801,1
1637,1706673392.8203826,1706673392.9202123,1706673392.8098238,1706673392.9197485,12,1,7999,23999,23885,114,0,114,0,0,23885,114,23885,0,0,0,0.099837905000000005,1706673392.9202206,1
1638,1706673392.9202235,1706673393.0200431,1706673392.9197485,1706673393.0196214,11,1,8000,24000,23896,104,0,104,0,0,23896,104,23896,0,0,0,0.099828085000000011,1706673393.0200515,1
1639,1706673393.0200553,1706673393.119879,1706673393.0196214,1706673393.1198146,11,1,8000,23999,23981,18,0,18,0,0,23981,18,23981,0,0,0,0.099832045000000008,1706673393.1198874,1
1640,1706673393.1198919,1706673393.2197187,1706673393.1198146,1706673393.2098708,10,1,8000,23998,21628,2370,0,2370,0,0,21628,2370,21628,0,0,0,0.099835125000000011,1706673393.219727,1
1641,1706673393.2197301,1706673393.3195407,1706673393.2098708,1706673393.3103528,11,1,7999,23999,21787,2212,0,2212,0,0,21787,2212,21787,0,0,0,0.099819045000000009,1706673393.3195491,1
1642,1706673393.3203521,1706673393.420157,1706673393.3103528,1706673393.4200568,12,1,8000,24000,23973,27,0,27,0,0,23973,27,23973,0,0,0,0.099813245000000009,1706673393.4201653,1
1643,1706673393.4201691,1706673393.5199909,1706673393.4200568,1706673393.5194809,11,1,8000,24000,23875,125,0,125,0,0,23875,125,23875,0,0,0,0.099830045000000006,1706673393.5199993,1
1644,1706673393.5200016,1706673393.6198199,1706673393.5194809,1706673393.6197457,11,1,7960,23883,23863,20,0,20,0,0,23863,20,23863,0,0,0,0.099826485000000006,1706673393.6198282,1
1645,1706673393.6198313,1706673393.7196653,1706673393.6197457,1706673393.7096393,10,1,7973,23925,21514,2411,0,2411,0,0,21514,2411,21514,0,0,0,0.099842345000000013,1706673393.7196736,1
1646,1706673393.7196765,1706673393.8194981,1706673393.7096393,1706673393.8194873,12,1,7956,23861,23856,5,0,5,0,0,23856,5,23856,0,0,0,0.099829965000000007,1706673393.8195064,1
1647,1706673393.8203077,1706673393.9201374,1706673393.8194873,1706673393.9100249,10,1,7941,23884,21451,2433,0,2433,0,0,21451,2433,21451,0,0,0,0.099838025000000011,1706673393.9201458,1
1648,1706673393.9201477,1706673394.0199754,1706673393.9100249,1706673394.0094957,11,1,7796,23435,20968,2467,0,2467,0,0,20968,2467,20968,0,0,0,0.099836085000000005,1706673394.0199838,1
1649,1706673394.0199866,1706673394.1198242,1706673394.0094957,1706673394.1104186,11,1,7936,23833,21571,2262,0,2262,0,0,21571,2262,21571,0,0,0,0.099845945000000005,1706673394.1198325,1
1650,1706673394.1198363,1706673394.2196524,1706673394.1104186,1706673394.2097471,11,1,7962,23897,21548,2349,0,2349,0,0,21548,2349,21548,0,0,0,0.099824485000000004,1706673394.2196608,1
1651,1706673394.2200634,1706673394.3198919,1706673394.2097471,1706673394.3098671,11,1,7985,23947,21540,2407,0,2407,0,0,21540,2407,21540,0,0,0,0.099836805000000001,1706673394.3199003,1
1652,1706673394.3199039,1706673394.4197276,1706673394.3098671,1706673394.4195933,12,1,8000,24000,23965,35,0,35,0,0,23965,35,23965,0,0,0,0.099831945000000005,1706673394.4197359,1
1653,1706673394.4197388,1706673394.519563,1706673394.4195933,1706673394.5099621,10,1,7999,23999,21690,2309,0,2309,0,0,21690,2309,21690,0,0,0,0.099832465000000009,1706673394.5195713,1
1654,1706673394.5203741,1706673394.6202123,1706673394.5099621,1706673394.6201653,12,1,8000,23999,23985,14,0,14,0,0,23985,14,23985,0,0,0,0.099846625000000008,1706673394.6202207,1
1655,1706673394.620224,1706673394.7200565,1706673394.6201653,1706673394.7195785,11,1,7999,23999,23882,117,0,117,0,0,23882,117,23882,0,0,0,0.099840865000000001,1706673394.7200649,1
1656,1706673394.7200675,1706673394.8198969,1706673394.7195785,1706673394.8098302,10,1,7965,23929,21507,2422,0,2422,0,0,21507,2422,21507,0,0,0,0.099837785000000012,1706673394.8199053,1
1657,1706673394.8199091,1706673394.9197369,1706673394.8098302,1706673394.9096448,11,1,7986,23928,21500,2428,0,2428,0,0,21500,2428,21500,0,0,0,0.099836145000000001,1706673394.9197452,1
1658,1706673394.9197483,1706673395.0195804,1706673394.9096448,1706673395.0106039,11,1,7973,23933,21819,2114,0,2114,0,0,21819,2114,21819,0,0,0,0.099840445,1706673395.0195887,1
1659,1706673395.0199914,1706673395.1198211,1706673395.0106039,1706673395.1196959,12,1,7954,23857,23824,33,0,33,0,0,23824,33,23824,0,0,0,0.099838025000000011,1706673395.1198294,1
1660,1706673395.119833,1706673395.2196605,1706673395.1196959,1706673395.2101192,10,1,7967,23904,21633,2271,0,2271,0,0,21633,2271,21633,0,0,0,0.099835905000000003,1706673395.2196689,1
1661,1706673395.2196729,1706673395.319515,1706673395.2101192,1706673395.3099382,11,1,7917,23765,21466,2299,0,2299,0,0,21466,2299,21466,0,0,0,0.099850425000000007,1706673395.3195233,1
1662,1706673395.3203259,1706673395.4201443,1706673395.3099382,1706673395.4200172,12,1,7893,23711,23678,33,0,33,0,0,23678,33,23678,0,0,0,0.099826765000000012,1706673395.4201527,1
1663,1706673395.420156,1706673395.5199792,1706673395.4200172,1706673395.5102019,10,1,7839,23570,21258,2312,0,2312,0,0,21258,2312,21258,0,0,0,0.099831505000000001,1706673395.5199876,1
1664,1706673395.5199904,1706673395.6198101,1706673395.5102019,1706673395.6106474,11,1,7770,23337,21180,2157,0,2157,0,0,21180,2157,21180,0,0,0,0.099827885000000005,1706673395.6198182,1
1665,1706673395.619822,1706673395.7196424,1706673395.6106474,1706673395.7196269,12,1,7713,23254,23248,6,0,6,0,0,23248,6,23248,0,0,0,0.099828785000000003,1706673395.7196507,1
1666,1706673395.720053,1706673395.8198822,1706673395.7196269,1706673395.810267,10,1,7915,23731,21421,2310,0,2310,0,0,21421,2310,21421,0,0,4.1670000000000001e-06,0.09983760500000001,1706673395.8198905,1
1667,1706673395.8198938,1706673395.9197354,1706673395.810267,1706673395.9101026,11,1,7943,23838,21521,2317,0,2317,0,0,21521,2317,21521,0,0,0,0.099849905000000003,1706673395.9197438,1
1668,1706673395.9197462,1706673396.0195749,1706673395.9101026,1706673396.0102813,11,1,7961,23886,21650,2236,0,2236,0,0,21650,2236,21650,0,0,0,0.099837145000000002,1706673396.0195832,1
1669,1706673396.020385,1706673396.1202128,1706673396.0102813,1706673396.12006,12,1,7964,23906,23867,39,0,39,0,0,23867,39,23867,0,0,0,0.099836145000000001,1706673396.1202211,1
1670,1706673396.1202259,1706673396.2200577,1706673396.12006,1706673396.2200248,11,1,7964,23891,23881,10,0,10,0,0,23881,10,23881,0,0,0,0.099840065000000006,1706673396.2200661,1
1671,1706673396.2200692,1706673396.3198924,1706673396.2200248,1706673396.3101583,10,1,7955,23898,21611,2287,0,2287,0,0,21611,2287,21611,0,0,0,0.099831645000000011,1706673396.3199008,1
1672,1706673396.3199055,1706673396.4197314,1706673396.3101583,1706673396.4101734,11,1,7959,23888,21589,2299,0,2299,0,0,21589,2299,21589,0,0,0,0.099834145000000013,1706673396.4197397,1
1673,1706673396.4197428,1706673396.5195611,1706673396.4101734,1706673396.5098195,11,1,7962,23891,21547,2344,0,2344,0,0,21547,2344,21547,0,0,0,0.099826485000000006,1706673396.5195694,1
1674,1706673396.5203705,1706673396.6202121,1706673396.5098195,1706673396.6101899,11,1,7772,23353,20973,2380,0,2380,0,0,20973,2380,20973,0,0,0,0.099849905000000003,1706673396.6202204,1
1675,1706673396.6202245,1706673396.7200494,1706673396.6101899,1706673396.7197161,12,1,7932,23784,23702,82,0,82,0,0,23702,82,23702,0,0,0,0.099833245000000001,1706673396.7200577,1
1676,1706673396.7200611,1706673396.8198919,1706673396.7197161,1706673396.8057258,10,1,7950,23852,20535,3317,0,3317,0,0,20535,3317,20535,0,0,0,0.099839145000000004,1706673396.8199003,1
1677,1706673396.8199041,1706673396.9197452,1706673396.8057258,1706673396.9195304,12,1,7952,23858,23804,54,0,54,0,0,23804,54,23804,0,0,0,0.099849565000000001,1706673396.9197536,1
1678,1706673396.9197571,1706673397.0195868,1706673396.9195304,1706673397.0189331,11,1,7935,23825,23666,159,0,159,0,0,23666,159,23666,0,0,0,0.099838005000000007,1706673397.0195951,1
1679,1706673397.0199983,1706673397.1198335,1706673397.0189331,1706673397.1196578,11,1,7914,23760,23715,45,0,45,0,0,23715,45,23715,0,0,0,0.099843465000000006,1706673397.1198418,1
1680,1706673397.1198452,1706673397.2196705,1706673397.1196578,1706673397.219269,11,1,7892,23716,23617,99,0,99,0,0,23617,99,23617,0,0,0,0.099833785000000008,1706673397.2196789,1
1681,1706673397.219682,1706673397.3195069,1706673397.219269,1706673397.3092544,10,1,7891,23706,21280,2426,0,2426,0,0,21280,2426,21280,0,0,0,0.099833345000000004,1706673397.3195152,1
1682,1706673397.3203189,1706673397.4201393,1706673397.3092544,1706673397.4189525,12,1,7915,23748,23460,288,0,288,0,0,23460,288,23460,0,0,0,0.099828785000000003,1706673397.4201477,1
1683,1706673397.42015,1706673397.5199776,1706673397.4189525,1706673397.5193541,11,1,7916,23809,23686,123,0,123,0,0,23686,123,23686,0,0,0,0.09983586500000001,1706673397.5199859,1
1684,1706673397.5199893,1706673397.6198094,1706673397.5193541,1706673397.6194117,11,1,7934,23827,23729,98,0,98,0,0,23729,98,23729,0,0,0,0.099828365000000002,1706673397.6198177,1
1685,1706673397.6198206,1706673397.7196541,1706673397.6194117,1706673397.719152,11,1,7942,23829,23706,123,0,123,0,0,23706,123,23706,0,0,0,0.099841865000000002,1706673397.7196624,1
1686,1706673397.7200663,1706673397.8199031,1706673397.719152,1706673397.8190691,11,1,7917,23750,23547,203,0,203,0,0,23547,203,23547,0,0,0,0.099845085,1706673397.8199115,1
1687,1706673397.8199148,1706673397.9197407,1706673397.8190691,1706673397.9195721,11,1,7920,23758,23715,43,0,43,0,0,23715,43,23715,0,0,0,0.099834205000000009,1706673397.919749,1
1688,1706673397.9197533,1706673398.0195832,1706673397.9195721,1706673398.0188982,11,1,7957,23875,23708,167,0,167,0,0,23708,167,23708,0,0,0,0.099838345000000009,1706673398.0195916,1
1689,1706673398.0199933,1706673398.1198161,1706673398.0188982,1706673398.1189456,11,1,7953,23863,23652,211,0,211,0,0,23652,211,23652,0,0,0,0.099830985000000011,1706673398.1198242,1
1690,1706673398.119827,1706673398.2196674,1706673398.1189456,1706673398.219151,11,1,7959,23870,23743,127,0,127,0,0,23743,127,23743,0,0,0,0.09984862500000001,1706673398.2196755,1
1691,1706673398.2196786,1706673398.3195109,1706673398.219151,1706673398.309248,10,1,7954,23861,21397,2464,0,2464,0,0,21397,2464,21397,0,0,0,0.099840665000000009,1706673398.3195193,1
1692,1706673398.3203223,1706673398.4201481,1706673398.309248,1706673398.4195809,12,1,7937,23826,23687,139,0,139,0,0,23687,139,23687,0,0,0,0.099834085000000003,1706673398.4201565,1
1693,1706673398.4201601,1706673398.519995,1706673398.4195809,1706673398.5189686,11,1,7987,23942,23693,249,0,249,0,0,23693,249,23693,0,0,0,0.099843185000000001,1706673398.5200033,1
1694,1706673398.5200067,1706673398.6198244,1706673398.5189686,1706673398.6194491,11,1,7995,23986,23893,93,0,93,0,0,23893,93,23893,0,0,0,0.099826205000000001,1706673398.6198328,1
1695,1706673398.6198363,1706673398.7196674,1706673398.6194491,1706673398.7191885,11,1,7953,23834,23716,118,0,118,0,0,23716,118,23716,0,0,0,0.099839525000000012,1706673398.7196758,1
1696,1706673398.7196796,1706673398.8195119,1706673398.7191885,1706673398.819025,11,1,7957,23862,23742,120,0,120,0,0,23742,120,23742,0,0,0,0.099840665000000009,1706673398.8195202,1
1697,1706673398.820323,1706673398.9201496,1706673398.819025,1706673398.9195957,11,1,7975,23906,23771,135,0,135,0,0,23771,135,23771,0,0,0,0.099834985000000001,1706673398.9201579,1
1698,1706673398.9201615,1706673399.0199866,1706673398.9195957,1706673399.0192285,11,1,7970,23888,23703,185,0,185,0,0,23703,185,23703,0,0,0,0.09983354500000001,1706673399.019995,1
1699,1706673399.0199988,1706673399.1198165,1706673399.0192285,1706673399.1093442,10,1,7958,23862,21343,2519,0,2519,0,0,21343,2519,21343,0,0,0,0.099826045000000002,1706673399.1198249,1
1700,1706673399.1198289,1706673399.2196639,1706673399.1093442,1706673399.2195911,12,1,7947,23840,23820,20,0,20,0,0,23820,20,23820,0,0,0,0.099843325000000011,1706673399.2196722,1
1701,1706673399.2196751,1706673399.31951,1706673399.2195911,1706673399.3191135,11,1,7947,23846,23748,98,0,98,0,0,23748,98,23748,0,0,0,0.099843185000000001,1706673399.3195183,1
1702,1706673399.3203197,1706673399.4201508,1706673399.3191135,1706673399.4190741,11,1,7942,23825,23564,261,0,261,0,0,23564,261,23564,0,0,0,0.099839445000000013,1706673399.4201591,1
1703,1706673399.4201634,1706673399.52001,1706673399.4190741,1706673399.5196214,11,1,7909,23744,23648,96,0,96,0,0,23648,96,23648,0,0,0,0.099854985000000007,1706673399.5200183,1
1704,1706673399.5200214,1706673399.6198542,1706673399.5196214,1706673399.6094108,10,1,7961,23870,21396,2474,0,2474,0,0,21396,2474,21396,0,0,0,0.09984100500000001,1706673399.6198626,1
1705,1706673399.6198654,1706673399.7196882,1706673399.6094108,1706673399.7194426,12,1,7953,23890,23829,61,0,61,0,0,23829,61,23829,0,0,0,0.099831185000000003,1706673399.7196965,1
1706,1706673399.7196999,1706673399.8195324,1706673399.7194426,1706673399.8095613,10,1,7945,23839,21440,2399,0,2399,0,0,21440,2399,21440,0,0,0,0.099840805000000005,1706673399.8195407,1
1707,1706673399.8203449,1706673399.9201705,1706673399.8095613,1706673399.9194479,12,1,7946,23842,23666,176,0,176,0,0,23666,176,23666,0,0,0,0.099833865000000008,1706673399.9201789,1
1708,1706673399.920182,1706673400.0200052,1706673399.9194479,1706673400.0194767,11,1,7943,23833,23718,115,0,115,0,0,23718,115,23718,0,0,0,0.099831505000000001,1706673400.0200136,1
1709,1706673400.0200162,1706673400.1198504,1706673400.0194767,1706673400.1095893,10,1,7894,23698,21228,2470,0,2470,0,0,21228,2470,21228,0,0,1.6668e-05,0.099842525000000001,1706673400.1198587,1
1710,1706673400.1198618,1706673400.2196875,1706673400.1095893,1706673400.20924,11,1,7955,23879,21364,2515,0,2515,0,0,21364,2515,21364,0,0,0,0.099834025000000007,1706673400.2196958,1
1711,1706673400.2196987,1706673400.3195257,1706673400.20924,1706673400.3194866,12,1,7962,23888,23876,12,0,12,0,0,23876,12,23876,0,0,0,0.099835345000000006,1706673400.3195341,1
1712,1706673400.3203354,1706673400.420155,1706673400.3194866,1706673400.4200301,11,1,7958,23897,23865,32,0,32,0,0,23865,32,23865,0,0,0,0.099828005000000011,1706673400.4201634,1
1713,1706673400.4201665,1706673400.5199988,1706673400.4200301,1706673400.5191312,11,1,7932,23797,23586,211,0,211,0,0,23586,211,23586,0,0,0,0.099840645000000006,1706673400.5200071,1
1714,1706673400.5200105,1706673400.6198466,1706673400.5191312,1706673400.6197186,11,1,8000,24000,23967,33,0,33,0,0,23967,33,23967,0,0,0,0.099844425000000001,1706673400.6198549,1
1715,1706673400.6198587,1706673400.7196798,1706673400.6197186,1706673400.7196188,11,1,7999,23999,23982,17,0,17,0,0,23982,17,23982,0,0,0,0.099829424999999999,1706673400.7196882,1
1716,1706673400.719692,1706673400.8195293,1706673400.7196188,1706673400.8101127,10,1,8000,24000,21734,2266,0,2266,0,0,21734,2266,21734,0,0,0,0.09984572500000001,1706673400.8195376,1
1717,1706673400.8203406,1706673400.920166,1706673400.8101127,1706673400.9200811,12,1,8000,23999,23976,23,0,23,0,0,23976,23,23976,0,0,0,0.099833605000000006,1706673400.9201741,1
1718,1706673400.9201772,1706673401.0200043,1706673400.9200811,1706673401.0198066,11,1,7999,23998,23948,50,0,50,0,0,23948,50,23948,0,0,0,0.099835385000000013,1706673401.0200126,1
1719,1706673401.0200164,1706673401.1198373,1706673401.0198066,1706673401.1193218,11,1,8000,23998,23872,126,0,126,0,0,23872,126,23872,0,0,0,0.099829305000000007,1706673401.1198456,1
1720,1706673401.1198492,1706673401.2196763,1706673401.1193218,1706673401.2093999,10,1,7995,23991,21519,2472,0,2472,0,0,21519,2472,21519,0,0,0,0.099835385000000013,1706673401.2196846,1
1721,1706673401.2196882,1706673401.3195159,1706673401.2093999,1706673401.3192389,12,1,7998,23996,23928,68,0,68,0,0,23928,68,23928,0,0,0,0.099836105000000008,1706673401.3195243,1
1722,1706673401.3203254,1706673401.4201612,1706673401.3192389,1706673401.4196787,11,1,7999,23998,23879,119,0,119,0,0,23879,119,23879,0,0,0,0.099844305000000008,1706673401.4201696,1
1723,1706673401.4201729,1706673401.5200052,1706673401.4196787,1706673401.5194945,11,1,8000,24000,23875,125,0,125,0,0,23875,125,23875,0,0,0,0.099840645000000006,1706673401.5200136,1
1724,1706673401.5200176,1706673401.6198432,1706673401.5194945,1706673401.6094398,10,1,8000,23999,21495,2504,0,2504,0,0,21495,2504,21495,0,0,0,0.099833925000000004,1706673401.6198516,1
1725,1706673401.6198556,1706673401.7196708,1706673401.6094398,1706673401.7193394,12,1,7997,23983,23901,82,0,82,0,0,23901,82,23901,0,0,0,0.099823505000000007,1706673401.7196791,1
1726,1706673401.7196825,1706673401.8195159,1706673401.7193394,1706673401.8093684,10,1,7977,23923,21484,2439,0,2439,0,0,21484,2439,21484,0,0,0,0.099841705000000003,1706673401.819524,1
1727,1706673401.8203254,1706673401.9201598,1706673401.8093684,1706673401.9098096,11,1,7962,23852,21366,2486,0,2486,0,0,21366,2486,21366,0,0,0,0.099842665000000011,1706673401.9201679,1
1728,1706673401.920171,1706673402.0200117,1706673401.9098096,1706673402.0196359,12,1,7804,23490,23397,93,0,93,0,0,23397,93,23397,0,0,0,0.099849045000000011,1706673402.02002,1
1729,1706673402.0200238,1706673402.1198494,1706673402.0196359,1706673402.1096883,10,1,7907,23763,21319,2444,0,2444,0,0,21319,2444,21319,0,0,0,0.099833925000000004,1706673402.1198578,1
1730,1706673402.1198606,1706673402.219691,1706673402.1096883,1706673402.2196267,12,1,7954,23861,23843,18,0,18,0,0,23843,18,23843,0,0,0,0.099838605000000011,1706673402.2196991,1
1731,1706673402.2197025,1706673402.319535,1706673402.2196267,1706673402.309721,10,1,7981,23941,21578,2363,0,2363,0,0,21578,2363,21578,0,0,0,0.099840805000000005,1706673402.3195434,1
1732,1706673402.3203456,1706673402.4201849,1706673402.309721,1706673402.4195924,12,1,7980,23947,23802,145,0,145,0,0,23802,145,23802,0,0,0,0.099847625000000009,1706673402.4201932,1
1733,1706673402.4201963,1706673402.5200346,1706673402.4195924,1706673402.5200269,11,1,7956,23859,23855,4,0,4,0,0,23855,4,23855,0,0,0,0.099846685000000004,1706673402.5200429,1
1734,1706673402.520046,1706673402.619875,1706673402.5200269,1706673402.6196272,11,1,7999,23996,23934,62,0,62,0,0,23934,62,23934,0,0,0,0.099837385000000001,1706673402.6198833,1
1735,1706673402.6198862,1706673402.7197223,1706673402.6196272,1706673402.719322,11,1,8000,24000,23901,99,0,99,0,0,23901,99,23901,0,0,0,0.099844485000000011,1706673402.7197306,1
1736,1706673402.7197342,1706673402.8195555,1706673402.719322,1706673402.810308,10,1,8000,24000,21775,2225,0,2225,0,0,21775,2225,21775,0,0,0,0.099829585000000012,1706673402.8195639,1
1737,1706673402.8203659,1706673402.9202003,1706673402.810308,1706673402.9200141,12,1,7998,23998,23951,47,0,47,0,0,23951,47,23951,0,0,0,0.099842725000000007,1706673402.9202087,1
1738,1706673402.920212,1706673403.0200377,1706673402.9200141,1706673403.0196209,11,1,7998,23998,23895,103,0,103,0,0,23895,103,23895,0,0,0,0.099833965000000011,1706673403.020046,1
1739,1706673403.0200491,1706673403.11988,1706673403.0196209,1706673403.1095901,10,1,8000,23999,21523,2476,0,2476,0,0,21523,2476,21523,0,0,0,0.099839185000000011,1706673403.1198883,1
1740,1706673403.1198914,1706673403.2197268,1706673403.1095901,1706673403.2195926,12,1,8000,23999,23964,35,0,35,0,0,23964,35,23964,0,0,0,0.099843625000000005,1706673403.2197351,1
1741,1706673403.2197392,1706673403.3195734,1706673403.2195926,1706673403.3102434,10,1,7999,23998,21754,2244,0,2244,0,0,21754,2244,21754,0,0,0,0.099842625000000004,1706673403.3195817,1
1742,1706673403.3203845,1706673403.4202161,1706673403.3102434,1706673403.4201546,12,1,8000,24000,23983,17,0,17,0,0,23983,17,23983,0,0,0,0.099840025000000013,1706673403.4202244,1
1743,1706673403.4202278,1706673403.5200472,1706673403.4201546,1706673403.5095847,10,1,7953,23867,21349,2518,0,2518,0,0,21349,2518,21349,0,0,0,0.099827805000000006,1706673403.5200555,1
1744,1706673403.5200593,1706673403.6198735,1706673403.5095847,1706673403.6196921,12,1,7965,23902,23856,46,0,46,0,0,23856,46,23856,0,0,0,0.099822425000000006,1706673403.6198819,1
1745,1706673403.619885,1706673403.7197046,1706673403.6196921,1706673403.7196383,11,1,7955,23889,23871,18,0,18,0,0,23871,18,23871,0,0,0,0.099827925000000012,1706673403.719713,1
1746,1706673403.7197163,1706673403.8195469,1706673403.7196383,1706673403.8096354,10,1,7948,23849,21464,2385,0,2385,0,0,21464,2385,21464,0,0,0,0.099838925000000009,1706673403.8195553,1
1747,1706673403.8203592,1706673403.9201756,1706673403.8096354,1706673403.9195125,12,1,7953,23855,23697,158,0,158,0,0,23697,158,23697,0,0,0,0.099824565000000004,1706673403.9201839,1
1748,1706673403.9201872,1706673404.0200279,1706673403.9195125,1706673404.0198863,11,1,7947,23856,23820,36,0,36,0,0,23820,36,23820,0,0,0,0.099848945000000008,1706673404.0200362,1
1749,1706673404.0200405,1706673404.1198652,1706673404.0198863,1706673404.1099691,10,1,7928,23817,21480,2337,0,2337,0,0,21480,2337,21480,0,0,0,0.099832985000000013,1706673404.1198735,1
1750,1706673404.1198769,1706673404.2197237,1706673404.1099691,1706673404.2100575,11,1,7901,23742,21418,2324,0,2324,0,0,21418,2324,21418,0,0,0,0.099855105,1706673404.219732,1
1751,1706673404.2197359,1706673404.3195627,1706673404.2100575,1706673404.3095012,11,1,7822,23551,21204,2347,0,2347,0,0,21204,2347,21204,0,0,0,0.099835045000000011,1706673404.319571,1
1752,1706673404.320374,1706673404.4202125,1706673404.3095012,1706673404.4194851,12,1,7670,23143,22966,177,0,177,0,0,22966,177,22966,0,0,0,0.09984688500000001,1706673404.4202209,1
1753,1706673404.4202247,1706673404.5200555,1706673404.4194851,1706673404.5096617,10,1,7717,23266,20825,2441,0,2441,0,0,20825,2441,20825,0,0,0,0.099839165000000007,1706673404.5200639,1
1754,1706673404.5200672,1706673404.6198997,1706673404.5096617,1706673404.6195207,12,1,7882,23698,23605,93,0,93,0,0,23605,93,23605,0,0,0,0.099840945,1706673404.6199081,1
1755,1706673404.6199121,1706673404.7197425,1706673404.6195207,1706673404.7096746,10,1,7928,23790,21382,2408,0,2408,0,0,21382,2408,21382,0,0,0,0.099838725000000003,1706673404.7197509,1
1756,1706673404.7197554,1706673404.8195844,1706673404.7096746,1706673404.8103559,11,1,7936,23820,21601,2219,0,2219,0,0,21601,2219,21601,0,0,0,0.099837285000000012,1706673404.8195927,1
1757,1706673404.8199956,1706673404.9198167,1706673404.8103559,1706673404.9096935,11,1,7930,23784,21350,2434,0,2434,0,0,21350,2434,21350,0,0,0,0.099829345,1706673404.9198251,1
1758,1706673404.9198282,1706673405.0196626,1706673404.9096935,1706673405.0095589,11,1,7895,23694,21264,2430,0,2430,0,0,21264,2430,21264,0,0,0,0.09984282500000001,1706673405.019671,1
1759,1706673405.0196757,1706673405.1194992,1706673405.0095589,1706673405.1100571,11,1,7961,23939,21667,2272,0,2272,0,0,21667,2272,21667,0,0,0,0.099831845000000002,1706673405.1195076,1
1760,1706673405.1203089,1706673405.220144,1706673405.1100571,1706673405.2198329,12,1,7883,23709,23632,77,0,77,0,0,23632,77,23632,0,0,0,0.099843465000000006,1706673405.2201524,1
1761,1706673405.2201557,1706673405.3199732,1706673405.2198329,1706673405.3105879,10,1,7969,23915,21666,2249,0,2249,0,0,21666,2249,21666,0,0,0,0.09982584500000001,1706673405.3199816,1
1762,1706673405.3199852,1706673405.4198034,1706673405.3105879,1706673405.4105749,11,1,7944,23851,21687,2164,0,2164,0,0,21687,2164,21687,0,0,0,0.09982650500000001,1706673405.4198117,1
1763,1706673405.4198151,1706673405.5196366,1706673405.4105749,1706673405.5099313,11,1,7951,23862,21552,2310,0,2310,0,0,21552,2310,21552,0,0,0,0.099829965000000007,1706673405.519645,1
1764,1706673405.5200479,1706673405.6198847,1706673405.5099313,1706673405.6105938,11,1,8000,24000,21764,2236,0,2236,0,0,21764,2236,21764,0,0,0,0.099845185000000003,1706673405.6198931,1
1765,1706673405.6198974,1706673405.7197299,1706673405.6105938,1706673405.7101562,11,1,7999,23999,21696,2303,0,2303,0,0,21696,2303,21696,0,0,0,0.099840865000000001,1706673405.7197382,1
1766,1706673405.7197421,1706673405.8195674,1706673405.7101562,1706673405.804894,11,1,7999,23998,20468,3530,0,3530,0,0,20468,3530,20468,0,0,0,0.099833605000000006,1706673405.8195755,1
1767,1706673405.8203781,1706673405.9202039,1706673405.804894,1706673405.9194942,12,1,7999,23997,23824,173,0,173,0,0,23824,173,23824,0,0,0,0.099834165000000002,1706673405.9202123,1
1768,1706673405.9202156,1706673406.0200264,1706673405.9194942,1706673406.0187526,11,1,7999,23997,23689,308,0,308,0,0,23689,308,23689,0,0,0,0.099819085000000002,1706673406.0200348,1
1769,1706673406.0200381,1706673406.1198771,1706673406.0187526,1706673406.1189516,11,1,7999,23999,23774,225,0,225,0,0,23774,225,23774,0,0,0,0.099847365000000007,1706673406.1198854,1
1770,1706673406.119889,1706673406.2197227,1706673406.1189516,1706673406.2190475,11,1,8000,24000,23835,165,0,165,0,0,23835,165,23835,0,0,0,0.099842005000000011,1706673406.2197311,1
1771,1706673406.2197344,1706673406.3195598,1706673406.2190475,1706673406.3186905,11,1,8000,23999,23788,211,0,211,0,0,23788,211,23788,0,0,0,0.099833645000000013,1706673406.3195682,1
1772,1706673406.3203714,1706673406.4201996,1706673406.3186905,1706673406.418874,11,1,7963,23899,23578,321,0,321,0,0,23578,321,23578,0,0,0,0.099836665000000005,1706673406.420208,1
1773,1706673406.4202116,1706673406.5200248,1706673406.418874,1706673406.5194695,11,1,7973,23916,23780,136,0,136,0,0,23780,136,23780,0,0,0,0.099821485000000001,1706673406.5200331,1
1774,1706673406.5200374,1706673406.6198671,1706673406.5194695,1706673406.6191802,11,1,7993,23990,23822,168,0,168,0,0,23822,168,23822,0,0,0,0.099838125,1706673406.6198754,1
1775,1706673406.619879,1706673406.7197032,1706673406.6191802,1706673406.7188733,11,1,7982,23923,23724,199,0,199,0,0,23724,199,23724,0,0,0,0.099832445000000006,1706673406.7197115,1
1776,1706673406.7197149,1706673406.8195262,1706673406.7188733,1706673406.8192282,11,1,7938,23807,23733,74,0,74,0,0,23733,74,23733,0,0,0,0.099819605000000006,1706673406.8195345,1
1777,1706673406.8203356,1706673406.920155,1706673406.8192282,1706673406.9191213,11,1,8000,24000,23749,251,0,251,0,0,23749,251,23749,0,0,0,0.099827705000000003,1706673406.9201634,1
1778,1706673406.9201663,1706673407.020005,1706673406.9191213,1706673407.0189066,11,1,8000,24000,23734,266,0,266,0,0,23734,266,23734,0,0,0,0.09984696500000001,1706673407.0200133,1
1779,1706673407.0200171,1706673407.1198316,1706673407.0189066,1706673407.1195326,11,1,7994,23991,23917,74,0,74,0,0,23917,74,23917,0,0,0,0.099822645000000002,1706673407.1198399,1
1780,1706673407.1198437,1706673407.2196679,1706673407.1195326,1706673407.2196219,11,1,8000,23998,23984,14,0,14,0,0,23984,14,23984,0,0,0,0.099832625000000008,1706673407.2196763,1
1781,1706673407.2196798,1706673407.3195007,1706673407.2196219,1706673407.319324,11,1,7999,23998,23953,45,0,45,0,0,23953,45,23953,0,0,0,0.099829285000000004,1706673407.319509,1
1782,1706673407.320312,1706673407.4201205,1706673407.319324,1706673407.4193597,11,1,8000,23999,23814,185,0,185,0,0,23814,185,23814,0,0,0,0.099816885000000008,1706673407.4201288,1
1783,1706673407.4201329,1706673407.5199592,1706673407.4193597,1706673407.5190575,11,1,7945,23818,23599,219,0,219,0,0,23599,219,23599,0,0,0,0.09983470500000001,1706673407.5199676,1
1784,1706673407.5199716,1706673407.6198068,1706673407.5190575,1706673407.6190755,11,1,7985,23959,23781,178,0,178,0,0,23781,178,23781,0,0,0,0.099843545000000006,1706673407.6198151,1
1785,1706673407.6198182,1706673407.719646,1706673407.6190755,1706673407.719413,11,1,7950,23841,23783,58,0,58,0,0,23783,58,23783,0,0,0,0.099836205000000011,1706673407.7196543,1
1786,1706673407.7200572,1706673407.8198819,1706673407.719413,1706673407.8188252,11,1,7902,23805,23549,256,0,256,0,0,23549,256,23549,0,0,0,0.099833045000000009,1706673407.8198903,1
1787,1706673407.8198934,1706673407.9197168,1706673407.8188252,1706673407.9092839,10,1,7933,23826,21367,2459,0,2459,0,0,21367,2459,21367,0,0,0,0.099831825000000013,1706673407.9197252,1
1788,1706673407.9197283,1706673408.019552,1706673407.9092839,1706673408.0194137,12,1,7931,23794,23758,36,0,36,0,0,23758,36,23758,0,0,0,0.099832125000000008,1706673408.0195603,1
1789,1706673408.0203617,1706673408.1201942,1706673408.0194137,1706673408.1189957,11,1,7928,23811,23520,291,0,291,0,0,23520,291,23520,0,0,0,0.099840785000000001,1706673408.1202025,1
1790,1706673408.1202052,1706673408.2200341,1706673408.1189957,1706673408.2195895,11,1,7929,23803,23693,110,0,110,0,0,23693,110,23693,0,0,0,0.099837205000000012,1706673408.2200425,1
1791,1706673408.2200451,1706673408.3198884,1706673408.2195895,1706673408.3198342,11,1,7920,23755,23740,15,0,15,0,0,23740,15,23740,0,0,0,0.099851645000000003,1706673408.3198967,1
1792,1706673408.3199,1706673408.4197187,1706673408.3198342,1706673408.4193132,11,1,7903,23729,23629,100,0,100,0,0,23629,100,23629,0,0,0,0.099827125000000003,1706673408.4197271,1
1793,1706673408.4197309,1706673408.5195379,1706673408.4193132,1706673408.5094697,10,1,7869,23644,21254,2390,0,2390,0,0,21254,2390,21254,0,0,0,0.09981540500000001,1706673408.5195463,1
1794,1706673408.5203476,1706673408.6201885,1706673408.5094697,1706673408.6194005,12,1,7865,23680,23488,192,0,192,0,0,23488,192,23488,0,0,0,0.099849265000000006,1706673408.6201968,1
1795,1706673408.6202009,1706673408.7200418,1706673408.6194005,1706673408.7198567,11,1,7894,23749,23702,47,0,47,0,0,23702,47,23702,0,0,0,0.099849245000000003,1706673408.7200501,1
1796,1706673408.7200549,1706673408.8198833,1706673408.7198567,1706673408.8193922,11,1,7844,23615,23495,120,0,120,0,0,23495,120,23495,0,0,0,0.099836925000000007,1706673408.8198917,1
1797,1706673408.8198957,1706673408.9197187,1706673408.8193922,1706673408.9095082,10,1,7772,23422,20998,2424,0,2424,0,0,20998,2424,20998,0,0,0,0.099831345000000002,1706673408.9197271,1
1798,1706673408.9197299,1706673409.0195487,1706673408.9095082,1706673409.0193934,12,1,7702,23237,23198,39,0,39,0,0,23198,39,23198,0,0,0,0.099839465000000002,1706673409.0195694,1
1799,1706673409.0203724,1706673409.1202092,1706673409.0193934,1706673409.118983,11,1,7756,23387,23090,297,0,297,0,0,23090,297,23090,0,0,0,0.099845065000000011,1706673409.1202176,1
1800,1706673409.1202216,1706673409.2200484,1706673409.118983,1706673409.2189295,11,1,7763,23411,23140,271,0,271,0,0,23140,271,23140,0,0,0,0.099835265000000006,1706673409.2200568,1
1801,1706673409.2200601,1706673409.3198786,1706673409.2189295,1706673409.3193042,11,1,7707,23292,23154,138,0,138,0,0,23154,138,23154,0,0,0,0.099822698000000001,1706673409.3198829,1
1802,1706673409.3198891,1706673409.4197211,1706673409.3193042,1706673409.4094138,10,1,7619,22970,20607,2363,0,2363,0,0,20607,2363,20607,0,0,0,0.099840305000000004,1706673409.4197295,1
1803,1706673409.4197326,1706673409.5195591,1706673409.4094138,1706673409.519208,12,1,7660,22991,22904,87,0,87,0,0,22904,87,22904,0,0,0,0.099834885000000012,1706673409.5195675,1
1804,1706673409.5203676,1706673409.6201882,1706673409.519208,1706673409.6198874,11,1,7660,23005,22930,75,0,75,0,0,22930,75,22930,0,0,0,0.099829025000000002,1706673409.6201966,1
1805,1706673409.6202006,1706673409.7200224,1706673409.6198874,1706673409.7196825,11,1,7671,23096,23012,84,0,84,0,0,23012,84,23012,0,0,0,0.099830205000000005,1706673409.7200308,1
1806,1706673409.7200353,1706673409.819844,1706673409.7196825,1706673409.8192649,11,1,7765,23367,23232,135,0,135,0,0,23232,135,23232,0,0,0,0.099817105000000003,1706673409.8198524,1
1807,1706673409.8198562,1706673409.9196849,1706673409.8192649,1706673409.9193997,11,1,7674,23133,23062,71,0,71,0,0,23062,71,23062,0,0,0,0.099836965,1706673409.9196932,1
1808,1706673409.9196956,1706673410.0195324,1706673409.9193997,1706673410.0193377,11,1,7806,23476,23427,49,0,49,0,0,23427,49,23427,0,0,0,0.099845085,1706673410.0195408,1
1809,1706673410.0203433,1706673410.1201653,1706673410.0193377,1706673410.1195455,11,1,7905,23695,23543,152,0,152,0,0,23543,152,23543,0,0,0,0.099830365000000004,1706673410.1201737,1
1810,1706673410.120178,1706673410.220005,1706673410.1195455,1706673410.2191336,11,1,7907,23749,23537,212,0,212,0,0,23537,212,23537,0,0,0,0.099835405000000002,1706673410.2200134,1
1811,1706673410.2200165,1706673410.3198681,1706673410.2191336,1706673410.3190737,11,1,7910,23747,23554,193,0,193,0,0,23554,193,23554,0,0,0,0.099859985000000012,1706673410.3198764,1
1812,1706673410.3198786,1706673410.4197056,1706673410.3190737,1706673410.4194722,11,1,7902,23742,23683,59,0,59,0,0,23683,59,23683,0,0,0,0.099835465000000012,1706673410.419714,1
1813,1706673410.419718,1706673410.5195544,1706673410.4194722,1706673410.5092294,10,1,7877,23709,21237,2472,0,2472,0,0,21237,2472,21237,0,0,0,0.099844605000000003,1706673410.5195627,1
1814,1706673410.5203636,1706673410.6201892,1706673410.5092294,1706673410.6191466,12,1,7896,23747,23504,243,0,243,0,0,23504,243,23504,0,0,0,0.099833885000000011,1706673410.6201975,1
1815,1706673410.6202009,1706673410.7200217,1706673410.6191466,1706673410.7199349,11,1,7906,23753,23730,23,0,23,0,0,23730,23,23730,0,0,0,0.099829125000000005,1706673410.7200301,1
1816,1706673410.7200341,1706673410.8198621,1706673410.7199349,1706673410.8194318,11,1,7958,23869,23763,106,0,106,0,0,23763,106,23763,0,0,0,0.099836405000000003,1706673410.8198705,1
1817,1706673410.819874,1706673410.9196935,1706673410.8194318,1706673410.9194093,11,1,7851,23611,23540,71,0,71,0,0,23540,71,23540,0,0,0,0.099827825000000009,1706673410.9197018,1
1818,1706673410.9197049,1706673411.0195265,1706673410.9194093,1706673411.0095837,10,1,7929,23773,21381,2392,0,2392,0,0,21381,2392,21381,0,0,0,0.099829925,1706673411.0195348,1
1819,1706673411.0203362,1706673411.1201708,1706673411.0095837,1706673411.1197069,12,1,7933,23791,23677,114,0,114,0,0,23677,114,23677,0,0,0,0.099843125000000005,1706673411.1201792,1
1820,1706673411.1201835,1706673411.2200139,1706673411.1197069,1706673411.2096019,10,1,7921,23794,21324,2470,0,2470,0,0,21324,2470,21324,0,0,0,0.099838625,1706673411.2200222,1
1821,1706673411.2200255,1706673411.3198571,1706673411.2096019,1706673411.3193862,12,1,7890,23721,23605,116,0,116,0,0,23605,116,23605,0,0,0,0.099839885000000003,1706673411.3198655,1
1822,1706673411.3198683,1706673411.4196959,1706673411.3193862,1706673411.4094164,10,1,7835,23625,21167,2458,0,2458,0,0,21167,2458,21167,0,0,0,0.099835945000000009,1706673411.4197042,1
1823,1706673411.4197083,1706673411.5194929,1706673411.4094164,1706673411.5194414,12,1,7801,23504,23494,10,0,10,0,0,23494,10,23494,0,0,0,0.099842845,1706673411.519551,1
1824,1706673411.5203524,1706673411.6201797,1706673411.5194414,1706673411.6193423,11,1,7856,23613,23409,204,0,204,0,0,23409,204,23409,0,0,0,0.099835665000000004,1706673411.620188,1
1825,1706673411.6201923,1706673411.7200387,1706673411.6193423,1706673411.7192023,11,1,7856,23629,23425,204,0,204,0,0,23425,204,23425,0,0,0,0.099854665000000009,1706673411.720047,1
1826,1706673411.7200501,1706673411.8198812,1706673411.7192023,1706673411.8198397,11,1,7785,23457,23445,12,0,12,0,0,23445,12,23445,0,0,0,0.099839485000000006,1706673411.8198895,1
1827,1706673411.8198934,1706673411.9197254,1706673411.8198397,1706673411.9192703,11,1,7784,23447,23335,112,0,112,0,0,23335,112,23335,0,0,0,0.099840485000000007,1706673411.9197338,1
1828,1706673411.9197376,1706673412.0195606,1706673411.9192703,1706673412.0094118,10,1,7916,23756,21367,2389,0,2389,0,0,21367,2389,21367,0,0,0,0.09983122500000001,1706673412.0195689,1
1829,1706673412.02037,1706673412.120203,1706673412.0094118,1706673412.1193113,12,1,7936,23804,23587,217,0,217,0,0,23587,217,23587,0,0,0,0.099841305000000005,1706673412.1202114,1
1830,1706673412.1202145,1706673412.2200315,1706673412.1193113,1706673412.2198861,11,1,7925,23801,23764,37,0,37,0,0,23764,37,23764,0,0,0,0.099825385000000003,1706673412.2200398,1
1831,1706673412.2200439,1706673412.3198814,1706673412.2198861,1706673412.3194933,11,1,7917,23755,23659,96,0,96,0,0,23659,96,23659,0,0,0,0.099845885000000009,1706673412.3198898,1
1832,1706673412.3198924,1706673412.4197171,1706673412.3194933,1706673412.409555,10,1,7862,23691,21267,2424,0,2424,0,0,21267,2424,21267,0,0,0,0.099832905,1706673412.4197254,1
1833,1706673412.4197283,1706673412.5195594,1706673412.409555,1706673412.519526,12,1,7826,23594,23584,10,0,10,0,0,23584,10,23584,0,0,0,0.099839445000000013,1706673412.5195677,1
1834,1706673412.5203705,1706673412.6201978,1706673412.519526,1706673412.6097279,10,1,7858,23654,21143,2511,0,2511,0,0,21143,2511,21143,0,0,0,0.099835665000000004,1706673412.6202061,1
1835,1706673412.6202099,1706673412.7200408,1706673412.6097279,1706673412.7194016,12,1,7887,23704,23548,156,0,156,0,0,23548,156,23548,0,0,0,0.099839185000000011,1706673412.7200491,1
1836,1706673412.7200532,1706673412.8198924,1706673412.7194016,1706673412.8096962,10,1,7855,23636,21185,2451,0,2451,0,0,21185,2451,21185,0,0,0,0.099847525000000006,1706673412.8199008,1
1837,1706673412.8199048,1706673412.9197156,1706673412.8096962,1706673412.9096706,11,1,7957,23870,21528,2342,0,2342,0,0,21528,2342,21528,0,0,0,0.099819265000000004,1706673412.919724,1
1838,1706673412.9197278,1706673413.0195448,1706673412.9096706,1706673413.0194902,12,1,7909,23775,23759,16,0,16,0,0,23759,16,23759,0,0,0,0.099825405000000006,1706673413.0195532,1
1839,1706673413.0203557,1706673413.1201859,1706673413.0194902,1706673413.1195698,11,1,7910,23770,23620,150,0,150,0,0,23620,150,23620,0,0,0,0.099838425000000008,1706673413.1201942,1
1840,1706673413.1201978,1706673413.2200272,1706673413.1195698,1706673413.2095435,10,1,7930,23803,21282,2521,0,2521,0,0,21282,2521,21282,0,0,0,0.099837725000000002,1706673413.2200356,1
1841,1706673413.2200389,1706673413.3198633,1706673413.2095435,1706673413.3195508,12,1,7900,23738,23661,77,0,77,0,0,23661,77,23661,0,0,0,0.099832805000000011,1706673413.3198717,1
1842,1706673413.3198757,1706673413.4197152,1706673413.3195508,1706673413.4098747,10,1,7850,23638,21325,2313,0,2313,0,0,21325,2313,21325,0,0,0,0.099847845000000005,1706673413.4197235,1
1843,1706673413.4197268,1706673413.5195568,1706673413.4098747,1706673413.5093839,11,1,7844,23624,21229,2395,0,2395,0,0,21229,2395,21229,0,0,0,0.099838204999999999,1706673413.5195651,1
1844,1706673413.5203671,1706673413.6202097,1706673413.5093839,1706673413.6196408,12,1,7868,23698,23559,139,0,139,0,0,23559,139,23559,0,0,0,0.099850865000000011,1706673413.620218,1
1845,1706673413.6202216,1706673413.720046,1706673413.6196408,1706673413.709939,10,1,7901,23718,21310,2408,0,2408,0,0,21310,2408,21310,0,0,0,0.099832645000000012,1706673413.7200541,1
1846,1706673413.7200572,1706673413.8198867,1706673413.709939,1706673413.809479,11,1,7802,23464,20981,2483,0,2483,0,0,20981,2483,20981,0,0,0,0.099837785000000012,1706673413.819895,1
1847,1706673413.8198986,1706673413.9197366,1706673413.809479,1706673413.9195042,12,1,7881,23695,23637,58,0,58,0,0,23637,58,23637,0,0,0,0.099846425000000003,1706673413.919745,1
1848,1706673413.9197483,1706673414.0195758,1706673413.9195042,1706673414.0095108,10,1,7890,23695,21306,2389,0,2389,0,0,21306,2389,21306,0,0,0,0.099835945000000009,1706673414.0195842,1
1849,1706673414.0199866,1706673414.119807,1706673414.0095108,1706673414.109781,11,1,7909,23718,21351,2367,0,2367,0,0,21351,2367,21351,0,0,0,0.099828665000000011,1706673414.1198153,1
1850,1706673414.1198194,1706673414.2196522,1706673414.109781,1706673414.2103419,11,1,7905,23752,21572,2180,0,2180,0,0,21572,2180,21572,0,0,0,0.099841145000000006,1706673414.2196605,1
1851,1706673414.2200639,1706673414.3198891,1706673414.2103419,1706673414.3194566,12,1,7882,23680,23574,106,0,106,0,0,23574,106,23574,0,0,0,0.099833485,1706673414.3198974,1
1852,1706673414.3199012,1706673414.4197302,1706673414.3194566,1706673414.4195843,11,1,7797,23551,23514,37,0,37,0,0,23514,37,23514,0,0,0,0.099837285000000012,1706673414.4197385,1
1853,1706673414.4197416,1706673414.5195713,1706673414.4195843,1706673414.519522,11,1,7764,23391,23377,14,0,14,0,0,23377,14,23377,0,0,0,0.09983810500000001,1706673414.5195796,1
1854,1706673414.5203829,1706673414.6202099,1706673414.519522,1706673414.6199064,11,1,7836,23578,23503,75,0,75,0,0,23503,75,23503,0,0,0,0.099835485000000002,1706673414.6202183,1
1855,1706673414.6202211,1706673414.7200456,1706673414.6199064,1706673414.7097702,10,1,7732,23318,20931,2387,0,2387,0,0,20931,2387,20931,0,0,0,0.099832645000000012,1706673414.7200537,1
1856,1706673414.7200568,1706673414.8198867,1706673414.7097702,1706673414.8195667,12,1,7701,23214,23135,79,0,79,0,0,23135,79,23135,0,0,0,0.099838265000000009,1706673414.819895,1
1857,1706673414.8198986,1706673414.9197245,1706673414.8195667,1706673414.9192569,11,1,7702,23237,23164,73,0,73,0,0,23164,73,23164,0,0,0,0.099834205000000009,1706673414.9197328,1
1858,1706673414.9197361,1706673415.0195649,1706673414.9192569,1706673415.0188155,11,1,7732,23351,23169,182,0,182,0,0,23169,182,23169,0,0,0,0.099837005000000006,1706673415.0195732,1
1859,1706673415.020376,1706673415.1201963,1706673415.0188155,1706673415.1185751,11,1,7806,23507,23114,393,0,393,0,0,23114,393,23114,0,0,0,0.099828645000000008,1706673415.1202047,1
1860,1706673415.120208,1706673415.2200205,1706673415.1185751,1706673415.2186358,11,1,7864,23642,23307,335,0,335,0,0,23307,335,23307,0,0,0,0.099820825000000002,1706673415.2200289,1
1861,1706673415.2200325,1706673415.3198624,1706673415.2186358,1706673415.3195605,11,1,7877,23698,23629,69,0,69,0,0,23629,69,23629,0,0,0,0.099838305000000002,1706673415.3198707,1
1862,1706673415.3198733,1706673415.4196887,1706673415.3195605,1706673415.419296,11,1,7898,23717,23620,97,0,97,0,0,23620,97,23620,0,0,8.3340000000000002e-06,0.099823665000000006,1706673415.419697,1
1863,1706673415.4197004,1706673415.5195355,1706673415.419296,1706673415.5191424,11,1,7913,23740,23643,97,0,97,0,0,23643,97,23643,0,0,0,0.099843385000000007,1706673415.5195439,1
1864,1706673415.5203466,1706673415.6201696,1706673415.5191424,1706673415.6186619,11,1,7875,23650,23285,365,0,365,0,0,23285,365,23285,0,0,0,0.099831385000000009,1706673415.620178,1
1865,1706673415.6201813,1706673415.7200146,1706673415.6186619,1706673415.7195489,11,1,7848,23668,23571,97,0,97,0,0,23571,97,23571,0,0,0,0.099841505000000011,1706673415.7200229,1
1866,1706673415.7200267,1706673415.8198524,1706673415.7195489,1706673415.819165,11,1,7909,23743,23575,168,0,168,0,0,23575,168,23575,0,0,4.1670000000000001e-06,0.099834065,1706673415.8198607,1
1867,1706673415.8198633,1706673415.9196956,1706673415.819165,1706673415.9187479,11,1,7932,23821,23591,230,0,230,0,0,23591,230,23591,0,0,0,0.099840725000000005,1706673415.919704,1
1868,1706673415.9197071,1706673416.0195282,1706673415.9187479,1706673416.0193048,11,1,7939,23822,23766,56,0,56,0,0,23766,56,23766,0,0,0,0.099829505000000013,1706673416.0195365,1
1869,1706673416.0203385,1706673416.1201689,1706673416.0193048,1706673416.119663,11,1,7944,23841,23717,124,0,124,0,0,23717,124,23717,0,0,0,0.099838745000000007,1706673416.1201773,1
1870,1706673416.1201811,1706673416.2200129,1706673416.119663,1706673416.2193229,11,1,7939,23807,23640,167,0,167,0,0,23640,167,23640,0,0,0,0.099840185000000012,1706673416.2200212,1
1871,1706673416.2200243,1706673416.3198471,1706673416.2193229,1706673416.3190331,11,1,7916,23736,23538,198,0,198,0,0,23538,198,23538,0,0,0,0.099830985000000011,1706673416.3198552,1
1872,1706673416.3198586,1706673416.4196806,1706673416.3190331,1706673416.4194989,11,1,7883,23650,23604,46,0,46,0,0,23604,46,23604,0,0,0,0.099830265000000001,1706673416.4196887,1
1873,1706673416.4196925,1706673416.5195184,1706673416.4194989,1706673416.5189979,11,1,7873,23631,23503,128,0,128,0,0,23503,128,23503,0,0,0,0.099834225000000013,1706673416.5195267,1
1874,1706673416.5203295,1706673416.620156,1706673416.5189979,1706673416.6194286,11,1,7892,23698,23521,177,0,177,0,0,23521,177,23521,0,0,4.1670000000000001e-06,0.099834985000000001,1706673416.6201644,1
1875,1706673416.620168,1706673416.7200046,1706673416.6194286,1706673416.719039,11,1,7941,23808,23574,234,0,234,0,0,23574,234,23574,0,0,0,0.099844825000000012,1706673416.7200129,1
1876,1706673416.7200155,1706673416.8198452,1706673416.719039,1706673416.8187354,11,1,7965,23892,23623,269,0,269,0,0,23623,269,23623,0,0,0,0.099837965000000001,1706673416.8198535,1
1877,1706673416.8198571,1706673416.9196928,1706673416.8187354,1706673416.9196281,11,1,7970,23903,23885,18,0,18,0,0,23885,18,23885,0,0,0,0.099843945000000003,1706673416.9197011,1
1878,1706673416.9197044,1706673417.019532,1706673416.9196281,1706673417.0190673,11,1,7965,23886,23772,114,0,114,0,0,23772,114,23772,0,0,0,0.099835905000000003,1706673417.0195403,1
1879,1706673417.0203433,1706673417.1201782,1706673417.0190673,1706673417.1193841,11,1,7958,23874,23681,193,0,193,0,0,23681,193,23681,0,0,0,0.099843345,1706673417.1201866,1
1880,1706673417.1201899,1706673417.220031,1706673417.1193841,1706673417.2189848,11,1,7936,23818,23564,254,0,254,0,0,23564,254,23564,0,0,0,0.099849405000000002,1706673417.2200394,1
1881,1706673417.2200422,1706673417.3198609,1706673417.2189848,1706673417.3194644,11,1,7888,23694,23596,98,0,98,0,0,23596,98,23596,0,0,0,0.09982708500000001,1706673417.3198693,1
1882,1706673417.3198731,1706673417.4196868,1706673417.3194644,1706673417.4092925,10,1,7791,23469,20979,2490,0,2490,0,0,20979,2490,20979,0,0,0,0.099821925000000006,1706673417.4196949,1
1883,1706673417.419699,1706673417.5195239,1706673417.4092925,1706673417.5194986,12,1,7755,23418,23409,9,0,9,0,0,23409,9,23409,0,0,0,0.099833145000000012,1706673417.5195322,1
1884,1706673417.5203352,1706673417.6201615,1706673417.5194986,1706673417.619139,11,1,7811,23532,23284,248,0,248,0,0,23284,248,23284,0,0,0,0.099834585000000003,1706673417.6201699,1
1885,1706673417.6201732,1706673417.7200022,1706673417.619139,1706673417.71964,11,1,7869,23625,23536,89,0,89,0,0,23536,89,23536,0,0,0,0.099837265000000008,1706673417.7200105,1
1886,1706673417.7200136,1706673417.8198373,1706673417.71964,1706673417.8195343,11,1,7916,23771,23705,66,0,66,0,0,23705,66,23705,0,0,0,0.099832125000000008,1706673417.8198457,1
1887,1706673417.819849,1706673417.9196713,1706673417.8195343,1706673417.9189141,11,1,7923,23797,23613,184,0,184,0,0,23613,184,23613,0,0,8.3340000000000002e-06,0.099830725000000009,1706673417.9196796,1
1888,1706673417.9196827,1706673418.01951,1706673417.9189141,1706673418.0189426,11,1,7942,23833,23694,139,0,139,0,0,23694,139,23694,0,0,0,0.099835725,1706673418.0195184,1
1889,1706673418.0203199,1706673418.120131,1706673418.0189426,1706673418.1195233,11,1,7935,23820,23672,148,0,148,0,0,23672,148,23672,0,0,0,0.099819425000000003,1706673418.1201394,1
1890,1706673418.120142,1706673418.2199769,1706673418.1195233,1706673418.2189624,11,1,7937,23824,23578,246,0,246,0,0,23578,246,23578,0,0,0,0.099843225000000008,1706673418.2199852,1
1891,1706673418.2199886,1706673418.3198187,1706673418.2189624,1706673418.3195143,11,1,7932,23802,23726,76,0,76,0,0,23726,76,23726,0,0,0,0.099838525000000011,1706673418.3198271,1
1892,1706673418.3198314,1706673418.4196703,1706673418.3195143,1706673418.4193163,11,1,7944,23841,23754,87,0,87,0,0,23754,87,23754,0,0,0,0.099847345000000004,1706673418.4196787,1
1893,1706673418.4196825,1706673418.5195174,1706673418.4193163,1706673418.5091789,10,1,7922,23779,21291,2488,0,2488,0,0,21291,2488,21291,0,0,0,0.099843365000000003,1706673418.5195258,1
1894,1706673418.5203273,1706673418.6201558,1706673418.5091789,1706673418.6192405,12,1,7896,23696,23474,222,0,222,0,0,23474,222,23474,0,0,0,0.099836845000000007,1706673418.6201642,1
1895,1706673418.620167,1706673418.7199881,1706673418.6192405,1706673418.7190769,11,1,7980,23945,23723,222,0,222,0,0,23723,222,23723,0,0,0,0.099829445000000003,1706673418.7199965,1
1896,1706673418.7199991,1706673418.8198266,1706673418.7190769,1706673418.8189375,11,1,7926,23781,23587,194,0,194,0,0,23587,194,23587,0,0,0,0.099835945000000009,1706673418.8198349,1
1897,1706673418.8198388,1706673418.9196684,1706673418.8189375,1706673418.9190042,11,1,7942,23852,23690,162,0,162,0,0,23690,162,23690,0,0,0,0.099838125,1706673418.9196768,1
1898,1706673418.9196799,1706673419.0195024,1706673418.9190042,1706673419.0195022,11,1,7942,23836,23833,3,0,3,0,0,23833,3,23833,0,0,0,0.099830805000000009,1706673419.0195107,1
1899,1706673419.0203118,1706673419.1201365,1706673419.0195022,1706673419.1189702,11,1,7916,23774,23491,283,0,283,0,0,23491,283,23491,0,0,0,0.099833005000000002,1706673419.1201448,1
1900,1706673419.1201479,1706673419.2199717,1706673419.1189702,1706673419.2191164,11,1,7918,23779,23571,208,0,208,0,0,23571,208,23571,0,0,0,0.099832005000000001,1706673419.21998,1
1901,1706673419.2199833,1706673419.3198009,1706673419.2191164,1706673419.3197899,11,1,7929,23791,23786,5,0,5,0,0,23786,5,23786,0,0,0,0.099825785,1706673419.3198092,1
1902,1706673419.3198125,1706673419.4196382,1706673419.3197899,1706673419.4194078,11,1,7945,23831,23773,58,0,58,0,0,23773,58,23773,0,0,0,0.099833865000000008,1706673419.4196465,1
1903,1706673419.4200494,1706673419.5198886,1706673419.4194078,1706673419.5190163,11,1,7943,23855,23643,212,0,212,0,0,23643,212,23643,0,0,0,0.099847645000000013,1706673419.519897,1
1904,1706673419.5199018,1706673419.6197264,1706673419.5190163,1706673419.6197209,11,1,7889,23702,23698,4,0,4,0,0,23698,4,23698,0,0,0,0.099832985000000013,1706673419.6197348,1
1905,1706673419.6197383,1706673419.7195618,1706673419.6197209,1706673419.7193506,11,1,7978,23933,23880,53,0,53,0,0,23880,53,23880,0,0,0,0.099831845000000002,1706673419.7195702,1
1906,1706673419.7203729,1706673419.8202,1706673419.7193506,1706673419.8198504,11,1,7947,23853,23767,86,0,86,0,0,23767,86,23767,0,0,0,0.099835305000000013,1706673419.8202083,1
1907,1706673419.8202119,1706673419.9200349,1706673419.8198504,1706673419.9193883,11,1,7956,23852,23694,158,0,158,0,0,23694,158,23694,0,0,0,0.099831445000000005,1706673419.9200432,1
1908,1706673419.9200463,1706673420.0198743,1706673419.9193883,1706673420.0195277,11,1,7910,23767,23683,84,0,84,0,0,23683,84,23683,0,0,0,0.099836265000000007,1706673420.0198827,1
1909,1706673420.019886,1706673420.1197023,1706673420.0195277,1706673420.1192133,11,1,7955,23870,23750,120,0,120,0,0,23750,120,23750,0,0,0,0.099824605000000011,1706673420.1197107,1
1910,1706673420.119715,1706673420.2195334,1706673420.1192133,1706673420.2095139,10,1,7954,23866,21455,2411,0,2411,0,0,21455,2411,21455,0,0,0,0.099826685000000012,1706673420.2195415,1
1911,1706673420.2203431,1706673420.3201637,1706673420.2095139,1706673420.319257,12,1,7954,23861,23640,221,0,221,0,0,23640,221,23640,0,0,0,0.099829025000000002,1706673420.3201721,1
1912,1706673420.3201761,1706673420.4200161,1706673420.319257,1706673420.4198933,11,1,7949,23877,23845,32,0,32,0,0,23845,32,23845,0,0,0,0.099848185000000006,1706673420.4200244,1
1913,1706673420.4200275,1706673420.5198553,1706673420.4198933,1706673420.519465,11,1,7968,23894,23798,96,0,96,0,0,23798,96,23798,0,0,0,0.099836045000000012,1706673420.5198636,1
1914,1706673420.5198669,1706673420.6197038,1706673420.519465,1706673420.6192021,11,1,7904,23752,23629,123,0,123,0,0,23629,123,23629,0,0,0,0.099845045000000007,1706673420.6197119,1
1915,1706673420.6197162,1706673420.7195528,1706673420.6192021,1706673420.7194719,11,1,7947,23837,23815,22,0,22,0,0,23815,22,23815,0,0,0,0.099844865000000005,1706673420.7195611,1
1916,1706673420.7203631,1706673420.8201816,1706673420.7194719,1706673420.8199108,11,1,7969,23903,23836,67,0,67,0,0,23836,67,23836,0,0,0,0.099826725000000005,1706673420.82019,1
1917,1706673420.8201935,1706673420.9200249,1706673420.8199108,1706673420.9195001,11,1,7956,23865,23736,129,0,129,0,0,23736,129,23736,0,0,0,0.099839725000000004,1706673420.9200332,1
1918,1706673420.9200361,1706673421.0198655,1706673420.9195001,1706673421.0198112,11,1,7928,23802,23786,16,0,16,0,0,23786,16,23786,0,0,0,0.099837845000000008,1706673421.0198739,1
1919,1706673421.0198781,1706673421.119704,1706673421.0198112,1706673421.1192644,11,1,7928,23798,23690,108,0,108,0,0,23690,108,23690,0,0,0,0.099834085000000003,1706673421.1197124,1
1920,1706673421.1197152,1706673421.2195516,1706673421.1192644,1706673421.2191079,11,1,7929,23821,23712,109,0,109,0,0,23712,109,23712,0,0,0,0.099844625000000006,1706673421.2195599,1
1921,1706673421.2203615,1706673421.3201942,1706673421.2191079,1706673421.3195329,11,1,7900,23728,23582,146,0,146,0,0,23582,146,23582,0,0,0,0.099841145000000006,1706673421.3202026,1
1922,1706673421.320205,1706673421.4200397,1706673421.3195329,1706673421.4095497,10,1,7854,23613,21113,2500,0,2500,0,0,21113,2500,21113,0,0,0,0.099842965000000006,1706673421.420048,1
1923,1706673421.4200513,1706673421.5198724,1706673421.4095497,1706673421.5194275,12,1,7927,23783,23674,109,0,109,0,0,23674,109,23674,0,0,0,0.099829445000000003,1706673421.5198808,1
1924,1706673421.5198846,1706673421.6196923,1706673421.5194275,1706673421.6196249,11,1,7923,23773,23754,19,0,19,0,0,23754,19,23754,0,0,0,0.099816025000000003,1706673421.6197007,1
1925,1706673421.6197045,1706673421.7195277,1706673421.6196249,1706673421.7096591,10,1,7884,23677,21351,2326,0,2326,0,0,21351,2326,21351,0,0,0,0.099831525000000004,1706673421.7195361,1
1926,1706673421.7203383,1706673421.8201694,1706673421.7096591,1706673421.819767,12,1,7860,23629,23530,99,0,99,0,0,23530,99,23530,0,0,0,0.099839385000000003,1706673421.8201778,1
1927,1706673421.8201809,1706673421.920013,1706673421.819767,1706673421.9192388,11,1,7771,23402,23214,188,0,188,0,0,23214,188,23214,0,0,0,0.099840445,1706673421.9200213,1
1928,1706673421.9200251,1706673422.0198455,1706673421.9192388,1706673422.0196457,11,1,7716,23273,23223,50,0,50,0,0,23223,50,23223,0,0,0,0.099828625000000004,1706673422.0198538,1
1929,1706673422.0198569,1706673422.1196833,1706673422.0196457,1706673422.1102026,10,1,7776,23398,21178,2220,0,2220,0,0,21178,2220,21178,0,0,0,0.099834585000000003,1706673422.1196916,1
1930,1706673422.1196954,1706673422.2195163,1706673422.1102026,1706673422.2095718,11,1,7846,23576,21207,2369,0,2369,0,0,21207,2369,21207,0,0,0,0.099829125000000005,1706673422.2195246,1
1931,1706673422.2203269,1706673422.3201516,1706673422.2095718,1706673422.3200119,12,1,7826,23550,23514,36,0,36,0,0,23514,36,23514,0,0,0,0.099833025000000006,1706673422.3201599,1
1932,1706673422.3201632,1706673422.4199824,1706673422.3200119,1706673422.4096506,10,1,7873,23752,21274,2478,0,2478,0,0,21274,2478,21274,0,0,0,0.099827425000000011,1706673422.4199908,1
1933,1706673422.4199944,1706673422.5198081,1706673422.4096506,1706673422.5195088,12,1,7831,23557,23483,74,0,74,0,0,23483,74,23483,0,0,0,0.099822105000000008,1706673422.5198164,1
1934,1706673422.51982,1706673422.6196458,1706673422.5195088,1706673422.609503,10,1,7922,23772,21341,2431,0,2431,0,0,21341,2431,21341,0,0,0,0.099834205000000009,1706673422.6196542,1
1935,1706673422.6200588,1706673422.7198818,1706673422.609503,1706673422.7193506,12,1,7923,23792,23662,130,0,130,0,0,23662,130,23662,0,0,0,0.099831405000000012,1706673422.7198901,1
1936,1706673422.7198937,1706673422.8197205,1706673422.7193506,1706673422.8094335,10,1,7908,23745,21308,2437,0,2437,0,0,21308,2437,21308,0,0,0,0.099835145,1706673422.8197289,1
1937,1706673422.8197324,1706673422.9195578,1706673422.8094335,1706673422.9092834,11,1,7915,23778,21315,2463,0,2463,0,0,21315,2463,21315,0,0,0,0.099833625000000009,1706673422.9195662,1
1938,1706673422.920368,1706673423.0202007,1706673422.9092834,1706673423.0197864,12,1,7944,23846,23744,102,0,102,0,0,23744,102,23744,0,0,0,0.099841104999999999,1706673423.0202091,1
1939,1706673423.0202134,1706673423.1200364,1706673423.0197864,1706673423.1197951,11,1,7940,23835,23775,60,0,60,0,0,23775,60,23775,0,0,0,0.099831425000000001,1706673423.1200447,1
1940,1706673423.1200488,1706673423.2198892,1706673423.1197951,1706673423.219394,11,1,7964,23895,23773,122,0,122,0,0,23773,122,23773,0,0,0,0.099848785000000009,1706673423.2198975,1
1941,1706673423.2199016,1706673423.3197327,1706673423.219394,1706673423.3193655,11,1,7873,23667,23576,91,0,91,0,0,23576,91,23576,0,0,0,0.099839425000000009,1706673423.319741,1
1942,1706673423.3197451,1706673423.4195595,1706673423.3193655,1706673423.4093583,10,1,7991,23954,21501,2453,0,2453,0,0,21501,2453,21501,0,0,0,0.099822645000000002,1706673423.4195678,1
1943,1706673423.4203691,1706673423.5201926,1706673423.4093583,1706673423.5194371,12,1,7927,23803,23619,184,0,184,0,0,23619,184,23619,0,0,0,0.099831745,1706673423.520201,1
1944,1706673423.520205,1706673423.6200459,1706673423.5194371,1706673423.609709,10,1,7952,23865,21379,2486,0,2486,0,0,21379,2486,21379,0,0,0,0.099849304999999999,1706673423.6200542,1
1945,1706673423.6200576,1706673423.7198782,1706673423.609709,1706673423.7196422,12,1,7945,23853,23794,59,0,59,0,0,23794,59,23794,0,0,0,0.099828985000000009,1706673423.7198865,1
1946,1706673423.7198899,1706673423.8197069,1706673423.7196422,1706673423.805474,10,1,7934,23822,20397,3425,0,3425,0,0,20397,3425,20397,0,0,0,0.09982526500000001,1706673423.8197153,1
1947,1706673423.8197186,1706673423.9195445,1706673423.805474,1706673423.9187078,12,1,7904,23726,23577,149,0,149,0,0,23577,149,23577,0,0,0,0.099834105000000006,1706673423.9195528,1
1948,1706673423.9203551,1706673424.0201993,1706673423.9187078,1706673424.0192025,11,1,7910,23742,23500,242,0,242,0,0,23500,242,23500,0,0,0,0.099852505000000008,1706673424.0202076,1
1949,1706673424.0202105,1706673424.1200488,1706673424.0192025,1706673424.1188157,11,1,7914,23776,23477,299,0,299,0,0,23477,299,23477,0,0,0,0.099846685000000004,1706673424.1200571,1
1950,1706673424.1200602,1706673424.2198851,1706673424.1188157,1706673424.2193482,11,1,7935,23835,23703,132,0,132,0,0,23703,132,23703,0,0,0,0.099833185000000005,1706673424.2198935,1
1951,1706673424.2198966,1706673424.3197305,1706673424.2193482,1706673424.3190138,11,1,7910,23761,23587,174,0,174,0,0,23587,174,23587,0,0,0,0.099842185,1706673424.3197386,1
1952,1706673424.3197429,1706673424.4195814,1706673424.3190138,1706673424.4188108,11,1,7950,23833,23645,188,0,188,0,0,23645,188,23645,0,0,0,0.099846825,1706673424.4195898,1
1953,1706673424.4199922,1706673424.5198307,1706673424.4188108,1706673424.5186505,11,1,7959,23894,23608,286,0,286,0,0,23608,286,23608,0,0,0,0.09984688500000001,1706673424.519839,1
1954,1706673424.5198431,1706673424.619658,1706673424.5186505,1706673424.6186757,11,1,7945,23843,23605,238,0,238,0,0,23605,238,23605,0,0,0,0.099823145000000002,1706673424.6196663,1
1955,1706673424.6196697,1706673424.7195077,1706673424.6186757,1706673424.7190824,11,1,7916,23753,23648,105,0,105,0,0,23648,105,23648,0,0,0,0.09984638500000001,1706673424.719516,1
1956,1706673424.7203166,1706673424.8201461,1706673424.7190824,1706673424.8186808,11,1,7923,23784,23429,355,0,355,0,0,23429,355,23429,0,0,0,0.099837845000000008,1706673424.8201544,1
1957,1706673424.820158,1706673424.9199715,1706673424.8186808,1706673424.9193969,11,1,7911,23766,23626,140,0,140,0,0,23626,140,23626,0,0,0,0.09982186500000001,1706673424.9199798,1
1958,1706673424.9199827,1706673425.0198145,1706673424.9193969,1706673425.0188627,11,1,7938,23821,23590,231,0,231,0,0,23590,231,23590,0,0,0,0.099840205000000001,1706673425.0198228,1
1959,1706673425.0198267,1706673425.1196465,1706673425.0188627,1706673425.1190982,11,1,7954,23895,23761,134,0,134,0,0,23761,134,23761,0,0,0,0.099828325000000009,1706673425.1196549,1
1960,1706673425.1200581,1706673425.2198751,1706673425.1190982,1706673425.2188683,11,1,7964,23877,23684,193,0,193,0,0,23684,193,23684,0,0,0,0.099825405000000006,1706673425.2198834,1
1961,1706673425.219887,1706673425.3197033,1706673425.2188683,1706673425.3186741,11,1,7965,23895,23645,250,0,250,0,0,23645,250,23645,0,0,0,0.099824565000000004,1706673425.3197117,1
1962,1706673425.3197155,1706673425.4195321,1706673425.3186741,1706673425.4187148,11,1,7934,23816,23619,197,0,197,0,0,23619,197,23619,0,0,0,0.099825005000000008,1706673425.4195404,1
1963,1706673425.4203424,1706673425.5201707,1706673425.4187148,1706673425.5193753,11,1,7952,23843,23649,194,0,194,0,0,23649,194,23649,0,0,0,0.099836645000000002,1706673425.520179,1
1964,1706673425.5201828,1706673425.6200204,1706673425.5193753,1706673425.6189187,11,1,7955,23871,23604,267,0,267,0,0,23604,267,23604,0,0,0,0.099845925000000002,1706673425.6200287,1
1965,1706673425.6200333,1706673425.7198792,1706673425.6189187,1706673425.7193005,11,1,7948,23844,23702,142,0,142,0,0,23702,142,23702,0,0,0,0.099854105000000012,1706673425.7198873,1
1966,1706673425.7198913,1706673425.8197112,1706673425.7193005,1706673425.8186641,11,1,7941,23828,23574,254,0,254,0,0,23574,254,23574,0,0,0,0.09982816500000001,1706673425.8197196,1
1967,1706673425.8197241,1706673425.9195452,1706673425.8186641,1706673425.9191065,11,1,7974,23940,23832,108,0,108,0,0,23832,108,23832,0,0,0,0.099829485000000009,1706673425.9195535,1
1968,1706673425.920356,1706673426.0201967,1706673425.9191065,1706673426.0187089,11,1,7973,23918,23558,360,0,360,0,0,23558,360,23558,0,0,0,0.099849065000000001,1706673426.020205,1
1969,1706673426.0202086,1706673426.1200454,1706673426.0187089,1706673426.1190598,11,1,7959,23847,23608,239,0,239,0,0,23608,239,23608,0,0,0,0.099845205000000006,1706673426.1200538,1
1970,1706673426.1200573,1706673426.2198844,1706673426.1190598,1706673426.2187531,11,1,7964,23897,23623,274,0,274,0,0,23623,274,23623,0,0,0,0.099835325000000003,1706673426.2198927,1
1971,1706673426.2198968,1706673426.3197365,1706673426.2187531,1706673426.3187962,11,1,7951,23861,23632,229,0,229,0,0,23632,229,23632,0,0,0,0.099848005000000004,1706673426.3197448,1
1972,1706673426.3197474,1706673426.4195664,1706673426.3187962,1706673426.4192855,11,1,7954,23854,23784,70,0,70,0,0,23784,70,23784,0,0,0,0.099827385000000005,1706673426.4195747,1
1973,1706673426.420377,1706673426.5202055,1706673426.4192855,1706673426.5189431,11,1,7956,23865,23562,303,0,303,0,0,23562,303,23562,0,0,0,0.099836725000000001,1706673426.5202138,1
1974,1706673426.5202174,1706673426.6200318,1706673426.5189431,1706673426.6196215,11,1,7945,23844,23743,101,0,101,0,0,23743,101,23743,0,0,0,0.099822805000000001,1706673426.6200402,1
1975,1706673426.6200433,1706673426.7198749,1706673426.6196215,1706673426.7190289,11,1,7939,23828,23622,206,0,206,0,0,23622,206,23622,0,0,0,0.09983992500000001,1706673426.7198832,1
1976,1706673426.7198868,1706673426.8197165,1706673426.7190289,1706673426.8187604,11,1,7970,23924,23692,232,0,232,0,0,23692,232,23692,0,0,0,0.099838025000000011,1706673426.8197248,1
1977,1706673426.8197281,1706673426.9195497,1706673426.8187604,1706673426.9091198,10,1,7942,23829,21319,2510,0,2510,0,0,21319,2510,21319,0,0,0,0.099829805000000008,1706673426.919558,1
1978,1706673426.9203613,1706673427.020184,1706673426.9091198,1706673427.0188851,12,1,7936,23828,23513,315,0,315,0,0,23513,315,23513,0,0,0,0.099830985000000011,1706673427.0201921,1
1979,1706673427.020196,1706673427.1200171,1706673427.0188851,1706673427.1196241,11,1,7912,23771,23674,97,0,97,0,0,23674,97,23674,0,0,0,0.099829445000000003,1706673427.1200254,1
1980,1706673427.1200285,1706673427.2198551,1706673427.1196241,1706673427.2187505,11,1,7989,23980,23712,268,0,268,0,0,23712,268,23712,0,0,0,0.099834885000000012,1706673427.2198634,1
1981,1706673427.2198668,1706673427.3196983,1706673427.2187505,1706673427.319453,11,1,7878,23672,23611,61,0,61,0,0,23611,61,23611,0,0,0,0.099839865,1706673427.3197067,1
1982,1706673427.3197103,1706673427.4195213,1706673427.319453,1706673427.4189513,11,1,7923,23774,23634,140,0,140,0,0,23634,140,23634,0,0,0,0.09981938500000001,1706673427.4195297,1
1983,1706673427.4203315,1706673427.5201876,1706673427.4189513,1706673427.5192273,11,1,7926,23799,23565,234,0,234,0,0,23565,234,23565,0,0,0,0.099864485000000003,1706673427.520196,1
1984,1706673427.5202,1706673427.6200359,1706673427.5192273,1706673427.6192205,11,1,7904,23755,23557,198,0,198,0,0,23557,198,23557,0,0,0,0.099844105000000002,1706673427.6200442,1
1985,1706673427.6200478,1706673427.7198679,1706673427.6192205,1706673427.71907,11,1,7871,23665,23482,183,0,183,0,0,23482,183,23482,0,0,0,0.099828425000000012,1706673427.7198763,1
1986,1706673427.7198796,1706673427.8197064,1706673427.71907,1706673427.8192897,11,1,7923,23786,23684,102,0,102,0,0,23684,102,23684,0,0,0,0.099835065000000001,1706673427.8197148,1
1987,1706673427.8197181,1706673427.9195457,1706673427.8192897,1706673427.9188392,11,1,7914,23773,23601,172,0,172,0,0,23601,172,23601,0,0,0,0.09983586500000001,1706673427.919554,1
1988,1706673427.9203558,1706673428.0201912,1706673427.9188392,1706673428.0188704,11,1,7915,23789,23472,317,0,317,0,0,23472,317,23472,0,0,0,0.099843645000000009,1706673428.0201995,1
1989,1706673428.0202031,1706673428.1200271,1706673428.0188704,1706673428.1190164,11,1,7927,23789,23544,245,0,245,0,0,23544,245,23544,0,0,0,0.099832325,1706673428.1200354,1
1990,1706673428.1200392,1706673428.2198629,1706673428.1190164,1706673428.2189679,11,1,7981,23933,23716,217,0,217,0,0,23716,217,23716,0,0,0,0.099832045000000008,1706673428.2198713,1
1991,1706673428.2198753,1706673428.3197148,1706673428.2189679,1706673428.3195739,11,1,7952,23884,23848,36,0,36,0,0,23848,36,23848,0,0,0,0.099847725000000012,1706673428.3197231,1
1992,1706673428.3197269,1706673428.4195487,1706673428.3195739,1706673428.4189427,11,1,7964,23886,23738,148,0,148,0,0,23738,148,23738,0,0,0,0.099830145000000009,1706673428.4195571,1
1993,1706673428.4203584,1706673428.5201743,1706673428.4189427,1706673428.5195587,11,1,7968,23912,23762,150,0,150,0,0,23762,150,23762,0,0,0,0.099824245000000006,1706673428.5201826,1
1994,1706673428.5201869,1706673428.6200216,1706673428.5195587,1706673428.6190028,11,1,7955,23871,23624,247,0,247,0,0,23624,247,23624,0,0,0,0.099842925000000013,1706673428.6200299,1
1995,1706673428.620033,1706673428.7198699,1706673428.6190028,1706673428.7197621,11,1,7969,23918,23890,28,0,28,0,0,23890,28,23890,0,0,0,0.09984522500000001,1706673428.7198782,1
1996,1706673428.7198827,1706673428.819721,1706673428.7197621,1706673428.8192165,11,1,7943,23844,23721,123,0,123,0,0,23721,123,23721,0,0,0,0.099846645000000012,1706673428.8197293,1
1997,1706673428.8197331,1706673428.9195623,1706673428.8192165,1706673428.9094193,10,1,7960,23887,21446,2441,0,2441,0,0,21446,2441,21446,0,0,0,0.099837624999999999,1706673428.9195707,1
1998,1706673428.920372,1706673429.0201926,1706673428.9094193,1706673429.019676,12,1,7945,23842,23715,127,0,127,0,0,23715,127,23715,0,0,0,0.099829065000000008,1706673429.020201,1
1999,1706673429.0202041,1706673429.1200345,1706673429.019676,1706673429.1195476,11,1,7971,23928,23808,120,0,120,0,0,23808,120,23808,0,0,0,0.099838665000000007,1706673429.1200428,1
2000,1706673429.1200459,1706673429.2198846,1706673429.1195476,1706673429.2194076,11,1,7948,23839,23727,112,0,112,0,0,23727,112,23727,0,0,0,0.099847085000000002,1706673429.219893,1
2001,1706673429.2198954,1706673429.319732,1706673429.2194076,1706673429.309427,10,1,7961,23871,21434,2437,0,2437,0,0,21434,2437,21434,0,0,0,0.099844965000000008,1706673429.3197403,1
2002,1706673429.3197434,1706673429.4195812,1706673429.309427,1706673429.4093697,11,1,7979,23940,21484,2456,0,2456,0,0,21484,2456,21484,0,0,0,0.099846205000000007,1706673429.4195895,1
2003,1706673429.4199913,1706673429.5198183,1706673429.4093697,1706673429.5190344,12,1,7955,23894,23703,191,0,191,0,0,23703,191,23703,0,0,0,0.099835365000000009,1706673429.5198267,1
2004,1706673429.5198307,1706673429.6196706,1706673429.5190344,1706673429.619055,11,1,7963,23885,23735,150,0,150,0,0,23735,150,23735,0,0,0,0.099848365000000008,1706673429.619679,1
2005,1706673429.6196828,1706673429.7195127,1706673429.619055,1706673429.7090673,10,1,7953,23883,21370,2513,0,2513,0,0,21370,2513,21370,0,0,0,0.099838265000000009,1706673429.719521,1
2006,1706673429.7203238,1706673429.8201618,1706673429.7090673,1706673429.8191459,12,1,7937,23832,23585,247,0,247,0,0,23585,247,23585,0,0,0,0.099846405000000013,1706673429.8201702,1
2007,1706673429.820173,1706673429.920001,1706673429.8191459,1706673429.9196069,11,1,7942,23821,23724,97,0,97,0,0,23724,97,23724,0,0,0,0.099836385,1706673429.9200094,1
2008,1706673429.9200139,1706673430.0198491,1706673429.9196069,1706673430.0189598,11,1,7944,23844,23628,216,0,216,0,0,23628,216,23628,0,0,0,0.099843385000000007,1706673430.0198574,1
2009,1706673430.0198619,1706673430.119694,1706673430.0189598,1706673430.1092482,10,1,7932,23808,21295,2513,0,2513,0,0,21295,2513,21295,0,0,0,0.099840285000000001,1706673430.1197023,1
2010,1706673430.1197047,1706673430.2195337,1706673430.1092482,1706673430.2092142,11,1,7961,23901,21433,2468,0,2468,0,0,21433,2468,21433,0,0,0,0.099837405000000004,1706673430.219542,1
2011,1706673430.2203441,1706673430.3201931,1706673430.2092142,1706673430.3197887,12,1,7947,23856,23757,99,0,99,0,0,23757,99,23757,0,0,0,0.099857205000000004,1706673430.3202012,1
2012,1706673430.3202038,1706673430.4200399,1706673430.3197887,1706673430.4192352,11,1,7947,23838,23642,196,0,196,0,0,23642,196,23642,0,0,0,0.099844485000000011,1706673430.4200482,1
2013,1706673430.4200518,1706673430.5198722,1706673430.4192352,1706673430.5095053,10,1,7946,23847,21371,2476,0,2476,0,0,21371,2476,21371,0,0,0,0.099828645000000008,1706673430.5198805,1
2014,1706673430.5198851,1706673430.6196918,1706673430.5095053,1706673430.6093342,11,1,7921,23756,21278,2478,0,2478,0,0,21278,2478,21278,0,0,0,0.099815045000000005,1706673430.6197002,1
2015,1706673430.6197038,1706673430.7195232,1706673430.6093342,1706673430.7192609,12,1,7927,23816,23751,65,0,65,0,0,23751,65,23751,0,0,0,0.099827825000000009,1706673430.7195315,1
2016,1706673430.7203317,1706673430.820159,1706673430.7192609,1706673430.8200738,11,1,7970,23895,23872,23,0,23,0,0,23872,23,23872,0,0,0,0.099835625000000011,1706673430.8201673,1
2017,1706673430.8201706,1706673430.919996,1706673430.8200738,1706673430.9194772,11,1,7968,23907,23780,127,0,127,0,0,23780,127,23780,0,0,0,0.099833765000000005,1706673430.9200044,1
2018,1706673430.9200075,1706673431.0198298,1706673430.9194772,1706673431.0094917,10,1,7917,23776,21288,2488,0,2488,0,0,21288,2488,21288,0,0,0,0.099830665000000013,1706673431.0198381,1
2019,1706673431.0198421,1706673431.1196651,1706673431.0094917,1706673431.1196213,12,1,7942,23825,23812,13,0,13,0,0,23812,13,23812,0,0,0,0.09983122500000001,1706673431.1196735,1
2020,1706673431.1196768,1706673431.2195046,1706673431.1196213,1706673431.2193806,11,1,7971,23930,23898,32,0,32,0,0,23898,32,23898,0,0,0,0.099836185000000008,1706673431.2195129,1
2021,1706673431.2203157,1706673431.3201463,1706673431.2193806,1706673431.3197258,11,1,7949,23869,23765,104,0,104,0,0,23765,104,23765,0,0,0,0.099838845000000009,1706673431.3201544,1
2022,1706673431.3201575,1706673431.419986,1706673431.3197258,1706673431.4096754,10,1,7949,23853,21377,2476,0,2476,0,0,21377,2476,21377,0,0,0,0.099836905000000004,1706673431.4199944,1
2023,1706673431.4199982,1706673431.5198281,1706673431.4096754,1706673431.5197976,12,1,7938,23831,23821,10,0,10,0,0,23821,10,23821,0,0,0,0.099838204999999999,1706673431.5198364,1
2024,1706673431.5198407,1706673431.619688,1706673431.5197976,1706673431.6196368,11,1,7946,23843,23828,15,0,15,0,0,23828,15,23828,0,0,0,0.099855765000000013,1706673431.6196964,1
2025,1706673431.6197004,1706673431.719527,1706673431.6196368,1706673431.7091429,10,1,7946,23858,21359,2499,0,2499,0,0,21359,2499,21359,0,0,0,0.099834965000000012,1706673431.7195354,1
2026,1706673431.7203391,1706673431.8200364,1706673431.7091429,1706673431.8096893,11,1,7942,23834,21375,2459,0,2459,0,0,21375,2459,21375,0,0,0,0.099843165000000011,1706673431.8201823,1
2027,1706673431.8201861,1706673431.9200146,1706673431.8096893,1706673431.919558,12,1,7988,23968,23856,112,0,112,0,0,23856,112,23856,0,0,1.6668e-05,0.099836745000000005,1706673431.920023,1
2028,1706673431.9200253,1706673432.0198565,1706673431.919558,1706673432.0191357,11,1,7939,23814,23638,176,0,176,0,0,23638,176,23638,0,0,0,0.099839525000000012,1706673432.0198648,1
2029,1706673432.0198681,1706673432.1196895,1706673432.0191357,1706673432.1092916,10,1,7956,23871,21410,2461,0,2461,0,0,21410,2461,21410,0,0,0,0.099829565000000009,1706673432.1196978,1
2030,1706673432.1197011,1706673432.2195225,1706673432.1092916,1706673432.2194176,12,1,7950,23882,23854,28,0,28,0,0,23854,28,23854,0,0,0,0.099829625000000005,1706673432.2195308,1
2031,1706673432.2203331,1706673432.3201571,1706673432.2194176,1706673432.3201427,11,1,7951,23866,23860,6,0,6,0,0,23860,6,23860,0,0,0,0.099832285000000007,1706673432.3201654,1
2032,1706673432.3201683,1706673432.4200039,1706673432.3201427,1706673432.4197261,11,1,7954,23891,23822,69,0,69,0,0,23822,69,23822,0,0,0,0.09984406500000001,1706673432.4200122,1
2033,1706673432.4200161,1706673432.5198364,1706673432.4197261,1706673432.5193341,11,1,7946,23851,23728,123,0,123,0,0,23728,123,23728,0,0,0,0.099828645000000008,1706673432.5198448,1
2034,1706673432.5198483,1706673432.6196747,1706673432.5193341,1706673432.6093535,10,1,7949,23853,21369,2484,0,2484,0,0,21369,2484,21369,0,0,0,0.099834765000000006,1706673432.619683,1
2035,1706673432.6196861,1706673432.7195148,1706673432.6093535,1706673432.7092814,11,1,7950,23854,21391,2463,0,2463,0,0,21391,2463,21391,0,0,0,0.099837065000000003,1706673432.7195232,1
2036,1706673432.7203264,1706673432.8201625,1706673432.7092814,1706673432.8193929,12,1,7938,23839,23652,187,0,187,0,0,23652,187,23652,0,0,0,0.099844505,1706673432.8201709,1
2037,1706673432.8201733,1706673432.9199848,1706673432.8193929,1706673432.9191728,11,1,7956,23864,23666,198,0,198,0,0,23666,198,23666,0,0,0,0.09981996500000001,1706673432.9199932,1
2038,1706673432.9199965,1706673433.0198233,1706673432.9191728,1706673433.0189366,11,1,7948,23860,23644,216,0,216,0,0,23644,216,23644,0,0,0,0.099835145,1706673433.0198317,1
2039,1706673433.0198348,1706673433.119658,1706673433.0189366,1706673433.1190922,11,1,7957,23875,23737,138,0,138,0,0,23737,138,23737,0,0,0,0.099831465000000008,1706673433.1196663,1
2040,1706673433.1196697,1706673433.2195077,1706673433.1190922,1706673433.2192943,11,1,7957,23872,23818,54,0,54,0,0,23818,54,23818,0,0,0,0.099846425000000003,1706673433.219516,1
2041,1706673433.2203178,1706673433.3201478,1706673433.2192943,1706673433.3189876,11,1,7949,23861,23580,281,0,281,0,0,23580,281,23580,0,0,0,0.099838365000000012,1706673433.3201561,1
2042,1706673433.3201597,1706673433.4199893,1706673433.3189876,1706673433.4186759,11,1,7952,23845,23527,318,0,318,0,0,23527,318,23527,0,0,0,0.099838085000000007,1706673433.4199977,1
2043,1706673433.4200013,1706673433.5198109,1706673433.4186759,1706673433.5191331,11,1,7892,23716,23551,165,0,165,0,0,23551,165,23551,0,0,0,0.099818045000000008,1706673433.5198193,1
2044,1706673433.5198224,1706673433.6196527,1706673433.5191331,1706673433.6185682,11,1,7935,23812,23549,263,0,263,0,0,23549,263,23549,0,0,0,0.099838665000000007,1706673433.6196611,1
2045,1706673433.6200635,1706673433.719902,1706673433.6185682,1706673433.7190807,11,1,7923,23788,23588,200,0,200,0,0,23588,200,23588,0,0,0,0.099846805000000011,1706673433.7199104,1
2046,1706673433.7199132,1706673433.8197424,1706673433.7190807,1706673433.8185639,11,1,7964,23893,23607,286,0,286,0,0,23607,286,23607,0,0,0,0.099837545,1706673433.8197508,1
2047,1706673433.8197544,1706673433.91959,1706673433.8185639,1706673433.9189889,11,1,7956,23870,23723,147,0,147,0,0,23723,147,23723,0,0,0,0.099843925,1706673433.9195983,1
2048,1706673433.9200025,1706673434.0198379,1706673433.9189889,1706673434.0184593,11,1,7960,23883,23549,334,0,334,0,0,23549,334,23549,0,0,0,0.099843705000000005,1706673434.0198462,1
2049,1706673434.0198493,1706673434.1196811,1706673434.0184593,1706673434.1187,11,1,7958,23871,23633,238,0,238,0,0,23633,238,23633,0,0,0,0.099840125000000002,1706673434.1196895,1
2050,1706673434.119693,1706673434.2195218,1706673434.1187,1706673434.2184143,11,1,7942,23831,23562,269,0,269,0,0,23562,269,23562,0,0,0,0.099837165000000005,1706673434.2195301,1
2051,1706673434.2203333,1706673434.3201489,1706673434.2184143,1706673434.3192308,11,1,7909,23779,23557,222,0,222,0,0,23557,222,23557,0,0,0,0.099823845000000008,1706673434.3201573,1
2052,1706673434.3201611,1706673434.4199958,1706673434.3192308,1706673434.4189222,11,1,7888,23709,23524,185,0,185,0,0,23524,185,23524,0,0,0,0.099843025000000002,1706673434.4200041,1
2053,1706673434.4200082,1706673434.5198326,1706673434.4189222,1706673434.519393,11,1,7954,23892,23784,108,0,108,0,0,23784,108,23784,0,0,0,0.099832665000000001,1706673434.519841,1
2054,1706673434.5198443,1706673434.6196563,1706673434.519393,1706673434.6192715,11,1,7912,23753,23658,95,0,95,0,0,23658,95,23658,0,0,0,0.099820365000000008,1706673434.6196647,1
2055,1706673434.6196694,1706673434.7195077,1706673434.6192715,1706673434.7189169,11,1,7877,23680,23536,144,0,144,0,0,23536,144,23536,0,0,0,0.099846625000000008,1706673434.719516,1
2056,1706673434.7203183,1706673434.820169,1706673434.7189169,1706673434.8190458,11,1,7979,23928,23655,273,0,273,0,0,23655,273,23655,0,0,0,0.099858945000000005,1706673434.8201773,1
2057,1706673434.8201809,1706673434.9199097,1706673434.8190458,1706673434.9187186,11,1,7948,23862,23572,290,0,290,0,0,23572,290,23572,0,0,0,0.09978305400000001,1706673434.9199638,1
2058,1706673434.9200213,1706673435.0198503,1706673434.9187186,1706673435.0194402,11,1,7956,23867,23766,101,0,101,0,0,23766,101,23766,0,0,2.0835000000000003e-05,0.099837265000000008,1706673435.0198586,1
2059,1706673435.0198622,1706673435.1196892,1706673435.0194402,1706673435.1188743,11,1,7935,23826,23628,198,0,198,0,0,23628,198,23628,0,0,0,0.099835485000000002,1706673435.1196976,1
2060,1706673435.1197007,1706673435.2195177,1706673435.1188743,1706673435.218708,11,1,7928,23823,23625,198,0,198,0,0,23625,198,23625,0,0,0,0.099825385000000003,1706673435.2195261,1
2061,1706673435.2203293,1706673435.3201594,1706673435.218708,1706673435.3192563,11,1,7951,23859,23639,220,0,220,0,0,23639,220,23639,0,0,0,0.099838405000000005,1706673435.3201678,1
2062,1706673435.3201702,1706673435.4199953,1706673435.3192563,1706673435.4185119,11,1,7948,23850,23491,359,0,359,0,0,23491,359,23491,0,0,0,0.099833585000000002,1706673435.4200037,1
2063,1706673435.420007,1706673435.5198357,1706673435.4185119,1706673435.5189264,11,1,7951,23864,23643,221,0,221,0,0,23643,221,23643,0,0,0,0.099837065000000003,1706673435.5198441,1
2064,1706673435.5198479,1706673435.6196861,1706673435.5189264,1706673435.6190121,11,1,7911,23768,23604,164,0,164,0,0,23604,164,23604,0,0,0,0.099846665000000001,1706673435.6196945,1
2065,1706673435.619698,1706673435.7195311,1706673435.6190121,1706673435.7195005,11,1,7933,23811,23801,10,0,10,0,0,23801,10,23801,0,0,0,0.099841305000000005,1706673435.7195394,1
2066,1706673435.7203419,1706673435.8201678,1706673435.7195005,1706673435.8190172,11,1,7966,23884,23605,279,0,279,0,0,23605,279,23605,0,0,0,0.099834205000000009,1706673435.8201761,1
2067,1706673435.8201787,1706673435.9200037,1706673435.8190172,1706673435.9189277,11,1,7964,23899,23638,261,0,261,0,0,23638,261,23638,0,0,0,0.099833225000000012,1706673435.920012,1
2068,1706673435.9200144,1706673436.0198357,1706673435.9189277,1706673436.0194268,11,1,7957,23876,23775,101,0,101,0,0,23775,101,23775,0,0,0,0.099829765000000001,1706673436.0198441,1
2069,1706673436.0198469,1706673436.1196625,1706673436.0194268,1706673436.1189001,11,1,7954,23858,23672,186,0,186,0,0,23672,186,23672,0,0,0,0.099824025000000011,1706673436.1196709,1
2070,1706673436.1196752,1706673436.2193308,1706673436.1189001,1706673436.2191417,11,1,7931,23803,23756,47,0,47,0,0,23756,47,23756,0,0,0,0.099814023000000002,1706673436.2194891,1
2071,1706673436.2203159,1706673436.320148,1706673436.2191417,1706673436.3189235,11,1,7947,23838,23541,297,0,297,0,0,23541,297,23541,0,0,0,0.099840405000000007,1706673436.3201563,1
2072,1706673436.3201599,1706673436.4199932,1706673436.3189235,1706673436.4193408,11,1,7926,23817,23658,159,0,159,0,0,23658,159,23658,0,0,0,0.099841605,1706673436.4200015,1
2073,1706673436.4200058,1706673436.5198212,1706673436.4193408,1706673436.5190263,11,1,7916,23773,23579,194,0,194,0,0,23579,194,23579,0,0,0,0.099823665000000006,1706673436.5198295,1
2074,1706673436.5198328,1706673436.619652,1706673436.5190263,1706673436.6187174,11,1,7923,23784,23557,227,0,227,0,0,23557,227,23557,0,0,0,0.099827425000000011,1706673436.6196604,1
2075,1706673436.6200631,1706673436.7198853,1706673436.6187174,1706673436.7194271,11,1,7964,23876,23763,113,0,113,0,0,23763,113,23763,0,0,0,0.099830545000000007,1706673436.7198937,1
2076,1706673436.7198961,1706673436.8197391,1706673436.7194271,1706673436.8189006,11,1,7961,23876,23672,204,0,204,0,0,23672,204,23672,0,0,0,0.099851285000000012,1706673436.8197474,1
2077,1706673436.8197517,1706673436.9195752,1706673436.8189006,1706673436.9192526,11,1,7925,23806,23726,80,0,80,0,0,23726,80,23726,0,0,0,0.099831845000000002,1706673436.9195836,1
2078,1706673436.9203846,1706673437.0202155,1706673436.9192526,1706673437.0189717,11,1,7923,23808,23507,301,0,301,0,0,23507,301,23507,0,0,0,0.099839085000000008,1706673437.0202236,1
2079,1706673437.0202279,1706673437.1200447,1706673437.0189717,1706673437.11955,11,1,7924,23808,23686,122,0,122,0,0,23686,122,23686,0,0,0,0.099825245000000007,1706673437.1200531,1
2080,1706673437.1200566,1706673437.2198801,1706673437.11955,1706673437.2192962,11,1,7940,23814,23671,143,0,143,0,0,23671,143,23671,0,0,0,0.09983172500000001,1706673437.2198884,1
2081,1706673437.2198915,1706673437.3197126,1706673437.2192962,1706673437.3190341,11,1,7926,23787,23621,166,0,166,0,0,23621,166,23621,0,0,0,0.099829365000000003,1706673437.319721,1
2082,1706673437.3197238,1706673437.4195614,1706673437.3190341,1706673437.4091084,10,1,7919,23778,21262,2516,0,2516,0,0,21262,2516,21262,0,0,0,0.099845925000000002,1706673437.4195697,1
2083,1706673437.4203727,1706673437.5202017,1706673437.4091084,1706673437.5188742,12,1,7949,23853,23559,294,0,294,0,0,23559,294,23559,0,0,0,0.099837325000000005,1706673437.52021,1
2084,1706673437.5202141,1706673437.6200411,1706673437.5188742,1706673437.6192682,11,1,7959,23877,23689,188,0,188,0,0,23689,188,23689,0,0,0,0.099835365000000009,1706673437.6200495,1
2085,1706673437.6200533,1706673437.7198799,1706673437.6192682,1706673437.71873,11,1,7948,23844,23565,279,0,279,0,0,23565,279,23565,0,0,0,0.099834825000000002,1706673437.7198882,1
2086,1706673437.7198925,1706673437.8197291,1706673437.71873,1706673437.8191023,11,1,7962,23892,23739,153,0,153,0,0,23739,153,23739,0,0,0,0.099845025000000004,1706673437.8197374,1
2087,1706673437.819741,1706673437.9195533,1706673437.8191023,1706673437.9187279,11,1,7955,23874,23673,201,0,201,0,0,23673,201,23673,0,0,0,0.099820665000000003,1706673437.9195616,1
2088,1706673437.9203644,1706673438.0201907,1706673437.9187279,1706673438.0195987,11,1,7973,23918,23773,145,0,145,0,0,23773,145,23773,0,0,0,0.099834745000000003,1706673438.0201991,1
2089,1706673438.0202029,1706673438.1200173,1706673438.0195987,1706673438.1196599,11,1,7966,23887,23799,88,0,88,0,0,23799,88,23799,0,0,0,0.099822785000000011,1706673438.1200256,1
2090,1706673438.1200294,1706673438.2198482,1706673438.1196599,1706673438.2193842,11,1,7978,23942,23828,114,0,114,0,0,23828,114,23828,0,0,0,0.09982700500000001,1706673438.2198565,1
2091,1706673438.2198603,1706673438.3197033,1706673438.2193842,1706673438.3188939,11,1,7951,23858,23661,197,0,197,0,0,23661,197,23661,0,0,0,0.099851465,1706673438.3197117,1
2092,1706673438.3197145,1706673438.4195406,1706673438.3188939,1706673438.4193494,11,1,7979,23940,23892,48,0,48,0,0,23892,48,23892,0,0,0,0.099834405000000001,1706673438.419549,1
2093,1706673438.4203527,1706673438.5201776,1706673438.4193494,1706673438.5191541,11,1,7978,23948,23699,249,0,249,0,0,23699,249,23699,0,0,0,0.099833145000000012,1706673438.5201859,1
2094,1706673438.5201886,1706673438.6200168,1706673438.5191541,1706673438.6195469,11,1,7956,23871,23756,115,0,115,0,0,23756,115,23756,0,0,0,0.099836605000000009,1706673438.6200252,1
2095,1706673438.6200292,1706673438.7198453,1706673438.6195469,1706673438.719275,11,1,7981,23938,23798,140,0,140,0,0,23798,140,23798,0,0,0,0.099824525000000011,1706673438.7198536,1
2096,1706673438.7198572,1706673438.8196871,1706673438.719275,1706673438.8195605,11,1,7983,23941,23908,33,0,33,0,0,23908,33,23908,0,0,0,0.099838265000000009,1706673438.8196955,1
2097,1706673438.8196983,1706673438.9195127,1706673438.8195605,1706673438.9091804,10,1,7973,23916,21432,2484,0,2484,0,0,21432,2484,21432,0,0,0,0.099822665000000005,1706673438.9195211,1
2098,1706673438.9203229,1706673439.0201564,1706673438.9091804,1706673439.0189466,12,1,7951,23853,23560,293,0,293,0,0,23560,293,23560,0,0,0,0.099841845000000012,1706673439.0201647,1
2099,1706673439.020169,1706673439.1199841,1706673439.0189466,1706673439.1196308,11,1,7973,23939,23852,87,0,87,0,0,23852,87,23852,0,0,0,0.099823405000000004,1706673439.1199925,1
2100,1706673439.1199963,1706673439.2198198,1706673439.1196308,1706673439.2195079,11,1,7959,23892,23815,77,0,77,0,0,23815,77,23815,0,0,0,0.099831845000000002,1706673439.2198281,1
2101,1706673439.2198327,1706673439.3196616,1706673439.2195079,1706673439.3189857,11,1,7940,23826,23661,165,0,165,0,0,23661,165,23661,0,0,0,0.099837385000000001,1706673439.31967,1
2102,1706673439.319674,1706673439.4195044,1706673439.3189857,1706673439.4193251,11,1,7945,23842,23797,45,0,45,0,0,23797,45,23797,0,0,0,0.099838725000000003,1706673439.4195127,1
2103,1706673439.420315,1706673439.5201483,1706673439.4193251,1706673439.5189445,11,1,7951,23849,23557,292,0,292,0,0,23557,292,23557,0,0,0,0.09984158500000001,1706673439.5201566,1
2104,1706673439.5201602,1706673439.6199827,1706673439.5189445,1706673439.6196015,11,1,7972,23925,23831,94,0,94,0,0,23831,94,23831,0,0,0,0.099830745000000012,1706673439.6199908,1
2105,1706673439.6199951,1706673439.7198374,1706673439.6196015,1706673439.7190509,11,1,7972,23895,23704,191,0,191,0,0,23704,191,23704,0,0,0,0.099850665000000005,1706673439.7198458,1
2106,1706673439.7198491,1706673439.819685,1706673439.7190509,1706673439.8093956,10,1,7969,23933,21458,2475,0,2475,0,0,21458,2475,21458,0,0,0,0.099844265000000001,1706673439.8196933,1
2107,1706673439.8196962,1706673439.9195321,1706673439.8093956,1706673439.9093029,11,1,7946,23860,21398,2462,0,2462,0,0,21398,2462,21398,0,0,0,0.099844265000000001,1706673439.9195404,1
2108,1706673439.9203429,1706673440.0201552,1706673439.9093029,1706673440.0191042,12,1,7940,23827,23619,208,0,208,0,0,23619,208,23619,0,0,0,0.099820524000000008,1706673440.0201635,1
2109,1706673440.0201795,1706673440.1200063,1706673440.0191042,1706673440.1190689,11,1,7943,23835,23609,226,0,226,0,0,23609,226,23609,0,0,0,0.099835105000000007,1706673440.1200147,1
2110,1706673440.1200178,1706673440.2198408,1706673440.1190689,1706673440.2189858,11,1,7951,23862,23654,208,0,208,0,0,23654,208,23654,0,0,0,0.099831445000000005,1706673440.2198491,1
2111,1706673440.2198529,1706673440.3196893,1706673440.2189858,1706673440.3092959,10,1,7942,23859,21359,2500,0,2500,0,0,21359,2500,21359,0,0,0,0.099844705000000006,1706673440.3196976,1
2112,1706673440.3197017,1706673440.4195383,1706673440.3092959,1706673440.4089985,11,1,7953,23848,21317,2531,0,2531,0,0,21317,2531,21317,0,0,0,0.099844905000000012,1706673440.4195466,1
2113,1706673440.4203491,1706673440.5201936,1706673440.4089985,1706673440.5199294,12,1,7958,23879,23813,66,0,66,0,0,23813,66,23813,0,0,0,0.099852725000000003,1706673440.5202019,1
2114,1706673440.5202048,1706673440.6200392,1706673440.5199294,1706673440.6190414,11,1,7953,23880,23638,242,0,242,0,0,23638,242,23638,0,0,0,0.09984282500000001,1706673440.6200476,1
2115,1706673440.6200507,1706673440.7198536,1706673440.6190414,1706673440.7195752,11,1,7973,23922,23853,69,0,69,0,0,23853,69,23853,0,0,0,0.099811225000000003,1706673440.719862,1
2116,1706673440.7198656,1706673440.8196974,1706673440.7195752,1706673440.8190396,11,1,7975,23929,23769,160,0,160,0,0,23769,160,23769,0,0,0,0.099840185000000012,1706673440.8197057,1
2117,1706673440.8197093,1706673440.9195378,1706673440.8190396,1706673440.9194202,11,1,7952,23878,23847,31,0,31,0,0,23847,31,23847,0,0,0,0.099836885,1706673440.9195461,1
2118,1706673440.9203479,1706673441.0201631,1706673440.9194202,1706673441.0199499,11,1,7976,23919,23865,54,0,54,0,0,23865,54,23865,0,0,0,0.099823445000000011,1706673441.0201714,1
2119,1706673441.0201743,1706673441.1199996,1706673441.0199499,1706673441.119761,11,1,7967,23899,23839,60,0,60,0,0,23839,60,23839,0,0,0,0.099833825000000001,1706673441.120008,1
2120,1706673441.1200118,1706673441.2198486,1706673441.119761,1706673441.2191639,11,1,7977,23917,23750,167,0,167,0,0,23750,167,23750,0,0,0,0.099845245000000013,1706673441.219857,1
2121,1706673441.2198606,1706673441.3197002,1706673441.2191639,1706673441.3192077,11,1,7965,23909,23788,121,0,121,0,0,23788,121,23788,0,0,0,0.099848085000000003,1706673441.3197086,1
2122,1706673441.3197126,1706673441.4195297,1706673441.3192077,1706673441.4095376,10,1,4710,14127,11722,2405,0,2405,0,0,11722,2405,11722,0,0,0,0.099825425000000009,1706673441.419538,1
2123,1706673441.4203401,1706673441.5201516,1706673441.4095376,1706673441.5193064,12,1,7976,23921,23715,206,0,206,0,0,23715,206,23715,0,0,0,0.099819905,1706673441.52016,1
2124,1706673441.520164,1706673441.6199913,1706673441.5193064,1706673441.6094904,10,1,7958,23855,21416,2439,0,2439,0,0,21416,2439,21416,0,0,0,0.099835565000000001,1706673441.6199996,1
2125,1706673441.6200035,1706673441.7198296,1706673441.6094904,1706673441.7196679,12,1,7965,23871,23830,41,0,41,0,0,23830,41,23830,0,0,0,0.099834465000000011,1706673441.7198379,1
2126,1706673441.719842,1706673441.819658,1706673441.7196679,1706673441.8194952,11,1,7952,23866,23824,42,0,42,0,0,23824,42,23824,0,0,0,0.099824485000000004,1706673441.8196664,1
2127,1706673441.8196695,1706673441.9194958,1706673441.8194952,1706673441.9190311,11,1,7948,23847,23733,114,0,114,0,0,23733,114,23733,0,0,0,0.099834785000000009,1706673441.9195042,1
2128,1706673441.9203043,1706673442.0201399,1706673441.9190311,1706673442.0191088,11,1,7974,23928,23678,250,0,250,0,0,23678,250,23678,0,0,0,0.099843965000000007,1706673442.0201483,1
2129,1706673442.0201528,1706673442.1199801,1706673442.0191088,1706673442.118711,11,1,7959,23887,23579,308,0,308,0,0,23579,308,23579,0,0,0,0.099835525000000008,1706673442.1199884,1
2130,1706673442.1199923,1706673442.2198279,1706673442.118711,1706673442.2185867,11,1,7977,23921,23620,301,0,301,0,0,23620,301,23620,0,0,0,0.09984406500000001,1706673442.2198362,1
2131,1706673442.2198405,1706673442.3196881,1706673442.2185867,1706673442.3191154,11,1,7960,23883,23743,140,0,140,0,0,23743,140,23743,0,0,0,0.099855985000000008,1706673442.3196964,1
2132,1706673442.3196998,1706673442.4195139,1706673442.3191154,1706673442.4186592,11,1,7960,23901,23693,208,0,208,0,0,23693,208,23693,0,0,0,0.09982244500000001,1706673442.4195223,1
2133,1706673442.4203255,1706673442.5201476,1706673442.4186592,1706673442.5186749,11,1,7957,23868,23512,356,0,356,0,0,23512,356,23512,0,0,0,0.099830285000000005,1706673442.5201559,1
2134,1706673442.52016,1706673442.6199718,1706673442.5186749,1706673442.6185751,11,1,7961,23876,23538,338,0,338,0,0,23538,338,23538,0,0,0,0.099820105000000006,1706673442.6199801,1
2135,1706673442.6199825,1706673442.7197914,1706673442.6185751,1706673442.7191429,11,1,7953,23854,23696,158,0,158,0,0,23696,158,23696,0,0,0,0.099817365000000005,1706673442.7197998,1
2136,1706673442.7198031,1706673442.8196299,1706673442.7191429,1706673442.8185675,11,1,7946,23842,23585,257,0,257,0,0,23585,257,23585,0,0,0,0.099835085000000004,1706673442.8196383,1
2137,1706673442.8200409,1706673442.9198587,1706673442.8185675,1706673442.9192419,11,1,7941,23820,23670,150,0,150,0,0,23670,150,23670,0,0,0,0.099826125000000002,1706673442.919867,1
2138,1706673442.9198709,1706673443.0197053,1706673442.9192419,1706673443.018913,11,1,7947,23845,23652,193,0,193,0,0,23652,193,23652,0,0,0,0.099842725000000007,1706673443.0197136,1
2139,1706673443.0197167,1706673443.1195457,1706673443.018913,1706673443.1185129,11,1,7946,23838,23587,251,0,251,0,0,23587,251,23587,0,0,0,0.099837325000000005,1706673443.119554,1
2140,1706673443.1203563,1706673443.2201824,1706673443.1185129,1706673443.2184615,11,1,7977,23928,23512,416,0,416,0,0,23512,416,23512,0,0,0,0.099834505000000004,1706673443.2201908,1
2141,1706673443.2201946,1706673443.3200166,1706673443.2184615,1706673443.31919,11,1,7963,23895,23694,201,0,201,0,0,23694,201,23694,0,0,0,0.099830445000000004,1706673443.320025,1
2142,1706673443.3200293,1706673443.4198582,1706673443.31919,1706673443.4189651,11,1,7955,23860,23643,217,0,217,0,0,23643,217,23643,0,0,0,0.099837265000000008,1706673443.4198666,1
2143,1706673443.4198711,1706673443.5196958,1706673443.4189651,1706673443.5187857,11,1,7968,23882,23661,221,0,221,0,0,23661,221,23661,0,0,0,0.099833045000000009,1706673443.5197041,1
2144,1706673443.5197074,1706673443.6195402,1706673443.5187857,1706673443.6191959,11,1,7976,23927,23842,85,0,85,0,0,23842,85,23842,0,0,0,0.099841104999999999,1706673443.6195486,1
2145,1706673443.6203492,1706673443.7201846,1706673443.6191959,1706673443.7189724,11,1,7957,23863,23569,294,0,294,0,0,23569,294,23569,0,0,0,0.099843685000000001,1706673443.7201929,1
2146,1706673443.7201967,1706673443.8200295,1706673443.7189724,1706673443.8185558,11,1,7960,23855,23498,357,0,357,0,0,23498,357,23498,0,0,0,0.099841225000000006,1706673443.8200378,1
2147,1706673443.8200407,1706673443.9198751,1706673443.8185558,1706673443.9189317,11,1,7956,23875,23649,226,0,226,0,0,23649,226,23649,0,0,0,0.099842785000000003,1706673443.9198835,1
2148,1706673443.9198878,1706673444.0197055,1706673443.9189317,1706673444.018383,11,1,7947,23868,23550,318,0,318,0,0,23550,318,23550,0,0,0,0.099821938000000013,1706673444.0197098,1
2149,1706673444.0197175,1706673444.1195407,1706673444.018383,1706673444.119035,11,1,7948,23843,23721,122,0,122,0,0,23721,122,23721,0,0,0,0.099831585,1706673444.119549,1
2150,1706673444.1203501,1706673444.2201729,1706673444.119035,1706673444.2186325,11,1,7949,23850,23545,305,0,305,0,0,23545,305,23545,0,0,0,0.099831164999999999,1706673444.2201812,1
2151,1706673444.220185,1706673444.3200152,1706673444.2186325,1706673444.3191748,11,1,7974,23927,23723,204,0,204,0,0,23723,204,23723,0,0,0,0.099838465000000001,1706673444.3200235,1
2152,1706673444.3200271,1706673444.4198499,1706673444.3191748,1706673444.418766,11,1,7957,23886,23623,263,0,263,0,0,23623,263,23623,0,0,0,0.099831105000000003,1706673444.4198582,1
2153,1706673444.4198623,1706673444.5197043,1706673444.418766,1706673444.51932,11,1,7944,23833,23738,95,0,95,0,0,23738,95,23738,0,0,0,0.099850425000000007,1706673444.5197127,1
2154,1706673444.5197165,1706673444.6195512,1706673444.51932,1706673444.6185827,11,1,7939,23827,23592,235,0,235,0,0,23592,235,23592,0,0,0,0.099842945000000002,1706673444.6195595,1
2155,1706673444.620362,1706673444.72019,1706673444.6185827,1706673444.7189071,11,1,7947,23834,23523,311,0,311,0,0,23523,311,23523,0,0,0,0.099836225000000001,1706673444.7201982,1
2156,1706673444.7202013,1706673444.8200314,1706673444.7189071,1706673444.8193765,11,1,7958,23896,23736,160,0,160,0,0,23736,160,23736,0,0,0,0.099838565000000004,1706673444.8200397,1
2157,1706673444.8200438,1706673444.919872,1706673444.8193765,1706673444.9187365,11,1,7944,23836,23561,275,0,275,0,0,23561,275,23561,0,0,0,0.099836665000000005,1706673444.9198804,1
2158,1706673444.9198847,1706673445.0197067,1706673444.9187365,1706673445.0191369,11,1,7950,23857,23718,139,0,139,0,0,23718,139,23718,0,0,0,0.099830445000000004,1706673445.0197151,1
2159,1706673445.0197186,1706673445.1195605,1706673445.0191369,1706673445.1188297,11,1,7949,23845,23667,178,0,178,0,0,23667,178,23667,0,0,0,0.099850165000000005,1706673445.1195688,1
2160,1706673445.1203713,1706673445.2201931,1706673445.1188297,1706673445.2194545,11,1,7975,23929,23749,180,0,180,0,0,23749,180,23749,0,0,0,0.099830185000000002,1706673445.2202015,1
2161,1706673445.2202053,1706673445.3200402,1706673445.2194545,1706673445.3191953,11,1,7948,23834,23628,206,0,206,0,0,23628,206,23628,0,0,0,0.099843165000000011,1706673445.3200486,1
2162,1706673445.3200524,1706673445.4198687,1706673445.3191953,1706673445.4189601,11,1,7971,23904,23688,216,0,216,0,0,23688,216,23688,0,0,0,0.099824585000000007,1706673445.4198771,1
2163,1706673445.4198804,1706673445.5197077,1706673445.4189601,1706673445.5185461,11,1,7961,23897,23621,276,0,276,0,0,23621,276,23621,0,0,0,0.099835705000000011,1706673445.519716,1
2164,1706673445.5197189,1706673445.6195562,1706673445.5185461,1706673445.6189816,11,1,7964,23896,23756,140,0,140,0,0,23756,140,23756,0,0,0,0.099845585000000001,1706673445.6195645,1
2165,1706673445.6203675,1706673445.7201941,1706673445.6189816,1706673445.7184525,11,1,7984,23953,23532,421,0,421,0,0,23532,421,23532,0,0,0,0.099834845000000005,1706673445.7202024,1
2166,1706673445.7202058,1706673445.820034,1706673445.7184525,1706673445.8189871,11,1,7983,23950,23696,254,0,254,0,0,23696,254,23696,0,0,0,0.099836625000000012,1706673445.8200424,1
2167,1706673445.8200455,1706673445.9198873,1706673445.8189871,1706673445.9190342,11,1,7953,23848,23640,208,0,208,0,0,23640,208,23640,0,0,0,0.099850185000000008,1706673445.9198956,1
2168,1706673445.9198983,1706673446.0197327,1706673445.9190342,1706673446.0188811,11,1,7965,23894,23687,207,0,207,0,0,23687,207,23687,0,0,0,0.099842865000000003,1706673446.0197411,1
2169,1706673446.0197451,1706673446.1195741,1706673446.0188811,1706673446.1191857,11,1,7956,23859,23763,96,0,96,0,0,23763,96,23763,0,0,0,0.099837405000000004,1706673446.1195824,1
2170,1706673446.1203852,1706673446.2202296,1706673446.1191857,1706673446.219023,11,1,7972,23931,23639,292,0,292,0,0,23639,292,23639,0,0,0,0.09985284500000001,1706673446.220238,1
2171,1706673446.2202408,1706673446.3200653,1706673446.219023,1706673446.3194768,11,1,7973,23903,23759,144,0,144,0,0,23759,144,23759,0,0,0,0.099832825,1706673446.3200736,1
2172,1706673446.3200774,1706673446.4199142,1706673446.3194768,1706673446.4192436,11,1,7987,23956,23792,164,0,164,0,0,23792,164,23792,0,0,0,0.099845085,1706673446.4199226,1
2173,1706673446.4199259,1706673446.519748,1706673446.4192436,1706673446.5188584,11,1,7960,23884,23669,215,0,215,0,0,23669,215,23669,0,0,0,0.099830365000000004,1706673446.5197563,1
2174,1706673446.5197599,1706673446.6195931,1706673446.5188584,1706673446.6191938,11,1,7949,23838,23740,98,0,98,0,0,23740,98,23740,0,0,0,0.099841645000000007,1706673446.6196015,1
2175,1706673446.6200037,1706673446.7198386,1706673446.6191938,1706673446.7186856,11,1,7953,23853,23635,218,0,218,0,0,23635,218,23635,0,0,0,0.099843245000000011,1706673446.719847,1
2176,1706673446.7198508,1706673446.8196702,1706673446.7186856,1706673446.8191245,11,1,7965,23888,23754,134,0,134,0,0,23754,134,23754,0,0,1.6668e-05,0.099827725000000006,1706673446.8196785,1
2177,1706673446.8196819,1706673446.9195035,1706673446.8191245,1706673446.9187291,11,1,7962,23894,23706,188,0,188,0,0,23706,188,23706,0,0,0,0.099830004999999999,1706673446.9195118,1
2178,1706673446.9203138,1706673447.0201292,1706673446.9187291,1706673447.0193067,11,1,7933,23832,23631,201,0,201,0,0,23631,201,23631,0,0,0,0.099823785000000012,1706673447.0201375,1
2179,1706673447.0201406,1706673447.1199667,1706673447.0193067,1706673447.1189969,11,1,7932,23824,23588,236,0,236,0,0,23588,236,23588,0,0,0,0.099834425000000004,1706673447.1199751,1
2180,1706673447.1199784,1706673447.2198181,1706673447.1189969,1706673447.2195115,11,1,7926,23799,23723,76,0,76,0,0,23723,76,23723,0,0,0,0.099847945000000007,1706673447.2198265,1
2181,1706673447.2198296,1706673447.3196735,1706673447.2195115,1706673447.3189843,11,1,7911,23770,23602,168,0,168,0,0,23602,168,23602,0,0,0,0.099852385000000002,1706673447.3196819,1
2182,1706673447.3196852,1706673447.419524,1706673447.3189843,1706673447.4194946,11,1,7884,23699,23689,10,0,10,0,0,23689,10,23689,0,0,0,0.099847125000000009,1706673447.4195323,1
2183,1706673447.4203353,1706673447.5201647,1706673447.4194946,1706673447.5191245,11,1,7865,23645,23393,252,0,252,0,0,23393,252,23393,0,0,0,0.099837845000000008,1706673447.5201731,1
2184,1706673447.5201769,1706673447.6200094,1706673447.5191245,1706673447.6190782,11,1,7864,23641,23415,226,0,226,0,0,23415,226,23415,0,0,0,0.099840925000000011,1706673447.6200178,1
2185,1706673447.6200221,1706673447.7198584,1706673447.6190782,1706673447.7188962,11,1,7932,23805,23571,234,0,234,0,0,23571,234,23571,0,0,0,0.099844585,1706673447.7198668,1
2186,1706673447.7198696,1706673447.8196914,1706673447.7188962,1706673447.8193822,11,1,7940,23834,23757,77,0,77,0,0,23757,77,23757,0,0,0,0.099830225000000009,1706673447.8196998,1
2187,1706673447.8197038,1706673447.9195385,1706673447.8193822,1706673447.9189384,11,1,7951,23849,23702,147,0,147,0,0,23702,147,23702,0,0,0,0.099843105000000001,1706673447.9195468,1
2188,1706673447.9203491,1706673448.0201867,1706673447.9189384,1706673448.0192466,11,1,7951,23857,23629,228,0,228,0,0,23629,228,23629,0,0,0,0.099845905000000013,1706673448.020195,1
2189,1706673448.0201981,1706673448.1200204,1706673448.0192466,1706673448.1196961,11,1,7960,23862,23782,80,0,80,0,0,23782,80,23782,0,0,0,0.099830605000000003,1706673448.1200287,1
2190,1706673448.1200325,1706673448.2198534,1706673448.1196961,1706673448.2191374,11,1,7962,23860,23686,174,0,174,0,0,23686,174,23686,0,0,0,0.099829205000000004,1706673448.2198617,1
2191,1706673448.2198656,1706673448.3196945,1706673448.2191374,1706673448.3196597,11,1,7984,23945,23934,11,0,11,0,0,23934,11,23934,0,0,0,0.099837345000000008,1706673448.3197029,1
2192,1706673448.3197062,1706673448.4195311,1706673448.3196597,1706673448.4194274,11,1,7945,23845,23818,27,0,27,0,0,23818,27,23818,0,0,0,0.099833285000000008,1706673448.4195395,1
2193,1706673448.420341,1706673448.5201809,1706673448.4194274,1706673448.5189123,11,1,7955,23882,23575,307,0,307,0,0,23575,307,23575,0,0,0,0.099848165000000003,1706673448.5201893,1
2194,1706673448.5201929,1706673448.6200223,1706673448.5189123,1706673448.6195388,11,1,7951,23868,23749,119,0,119,0,0,23749,119,23749,0,0,0,0.099837805000000002,1706673448.6200306,1
2195,1706673448.6200342,1706673448.7198665,1706673448.6195388,1706673448.719038,11,1,7958,23870,23668,202,0,202,0,0,23668,202,23668,0,0,0,0.099840545000000003,1706673448.7198749,1
2196,1706673448.7198784,1706673448.8197136,1706673448.719038,1706673448.8193908,11,1,7976,23933,23853,80,0,80,0,0,23853,80,23853,0,0,0,0.099843585000000012,1706673448.8197219,1
2197,1706673448.8197253,1706673448.9195569,1706673448.8193908,1706673448.9093449,10,1,7950,23854,21435,2419,0,2419,0,0,21435,2419,21435,0,0,0,0.099839825000000007,1706673448.9195652,1
2198,1706673448.9203658,1706673449.0201879,1706673448.9093449,1706673449.0189991,12,1,7968,23884,23596,288,0,288,0,0,23596,288,23596,0,0,0,0.099830305000000008,1706673449.0201962,1
2199,1706673449.0201993,1706673449.1200306,1706673449.0189991,1706673449.1193061,11,1,7989,23950,23774,176,0,176,0,0,23774,176,23774,0,0,0,0.099839725000000004,1706673449.120039,1
2200,1706673449.1200426,1706673449.2198753,1706673449.1193061,1706673449.219866,11,1,7981,23965,23960,5,0,5,0,0,23960,5,23960,0,0,0,0.099841065000000007,1706673449.2198837,1
2201,1706673449.2198868,1706673449.3197157,1706673449.219866,1706673449.3192647,11,1,7960,23911,23800,111,0,111,0,0,23800,111,23800,0,0,0,0.099837405000000004,1706673449.3197241,1
2202,1706673449.3197274,1706673449.419565,1706673449.3192647,1706673449.4093413,10,1,7956,23856,21399,2457,0,2457,0,0,21399,2457,21399,0,0,0,0.099845905000000013,1706673449.4195733,1
2203,1706673449.4203753,1706673449.5202186,1706673449.4093413,1706673449.519326,12,1,7983,23940,23723,217,0,217,0,0,23723,217,23723,0,0,0,0.099851645000000003,1706673449.520227,1
2204,1706673449.5202301,1706673449.6200488,1706673449.519326,1706673449.6196852,11,1,7962,23901,23811,90,0,90,0,0,23811,90,23811,0,0,0,0.09982708500000001,1706673449.6200571,1
2205,1706673449.6200607,1706673449.7198825,1706673449.6196852,1706673449.7189457,11,1,7980,23937,23710,227,0,227,0,0,23710,227,23710,0,0,0,0.099830225000000009,1706673449.7198908,1
2206,1706673449.7198939,1706673449.8197346,1706673449.7189457,1706673449.8194234,11,1,7942,23834,23757,77,0,77,0,0,23757,77,23757,0,0,0,0.099848905000000002,1706673449.8197429,1
2207,1706673449.8197467,1706673449.9195688,1706673449.8194234,1706673449.9094653,10,1,7994,23994,21563,2431,0,2431,0,0,21563,2431,21563,0,0,0,0.099830465000000007,1706673449.9195771,1
2208,1706673449.9203796,1706673450.0202212,1706673449.9094653,1706673450.0191422,12,1,8000,24000,23738,262,0,262,0,0,23738,262,23738,0,0,0,0.099849925000000006,1706673450.0202296,1
2209,1706673450.0202327,1706673450.1200583,1706673450.0191422,1706673450.1190813,11,1,8000,24000,23763,237,0,237,0,0,23763,237,23763,0,0,0,0.099833885000000011,1706673450.1200666,1
2210,1706673450.1200705,1706673450.2199011,1706673450.1190813,1706673450.219687,11,1,7999,23999,23945,54,0,54,0,0,23945,54,23945,0,0,0,0.099838885000000002,1706673450.2199094,1
2211,1706673450.2199123,1706673450.3197465,1706673450.219687,1706673450.3191295,11,1,8000,24000,23849,151,0,151,0,0,23849,151,23849,0,0,0,0.099842505000000012,1706673450.3197548,1
2212,1706673450.3197577,1706673450.4195826,1706673450.3191295,1706673450.4095104,10,1,7999,23998,21574,2424,0,2424,0,0,21574,2424,21574,0,0,0,0.099833265000000004,1706673450.419591,1
2213,1706673450.4199941,1706673450.5198455,1706673450.4095104,1706673450.5194395,12,1,8000,23999,23899,100,0,100,0,0,23899,100,23899,0,0,0,0.09985980500000001,1706673450.5198538,1
2214,1706673450.5198579,1706673450.6196847,1706673450.5194395,1706673450.6189246,11,1,7998,23998,23813,185,0,185,0,0,23813,185,23813,0,0,0,0.099835085000000004,1706673450.619693,1
2215,1706673450.6196964,1706673450.7195351,1706673450.6189246,1706673450.7092214,10,1,7999,23998,21517,2481,0,2481,0,0,21517,2481,21517,0,0,0,0.099847125000000009,1706673450.7195435,1
2216,1706673450.7203472,1706673450.8201935,1706673450.7092214,1706673450.8194439,12,1,7999,23999,23817,182,0,182,0,0,23817,182,23817,0,0,0,0.099854785000000001,1706673450.8202019,1
2217,1706673450.8202055,1706673450.9200244,1706673450.8194439,1706673450.9187732,11,1,7991,23979,23676,303,0,303,0,0,23676,303,23676,0,0,0,0.099827185000000013,1706673450.9200327,1
2218,1706673450.9200373,1706673451.0198534,1706673450.9187732,1706673451.0182452,11,1,7981,23936,23547,389,0,389,0,0,23547,389,23547,0,0,0,0.099824405000000005,1706673451.0198617,1
2219,1706673451.019865,1706673451.1196914,1706673451.0182452,1706673451.1187553,11,1,7959,23898,23671,227,0,227,0,0,23671,227,23671,0,0,0,0.099834645,1706673451.1196997,1
2220,1706673451.1197023,1706673451.2195265,1706673451.1187553,1706673451.2186403,11,1,7963,23882,23667,215,0,215,0,0,23667,215,23667,0,0,0,0.099832585000000001,1706673451.2195349,1
2221,1706673451.2203381,1706673451.3201442,1706673451.2186403,1706673451.3180883,11,1,7969,23915,23418,497,0,497,0,0,23418,497,23418,0,0,0,0.099814305000000006,1706673451.3201525,1
2222,1706673451.3201554,1706673451.4199898,1706673451.3180883,1706673451.4181199,11,1,7952,23854,23402,452,0,452,0,0,23402,452,23402,0,0,0,0.09984282500000001,1706673451.4199982,1
2223,1706673451.4200022,1706673451.5198264,1706673451.4181199,1706673451.5186729,11,1,7997,23996,23716,280,0,280,0,0,23716,280,23716,0,0,0,0.099832585000000001,1706673451.5198348,1
2224,1706673451.5198383,1706673451.6196842,1706673451.5186729,1706673451.6181126,11,1,8000,24000,23620,380,0,380,0,0,23620,380,23620,0,0,0,0.099854185000000012,1706673451.6196926,1
2225,1706673451.6196954,1706673451.7195096,1706673451.6181126,1706673451.718806,11,1,7999,23999,23827,172,0,172,0,0,23827,172,23827,0,0,0,0.099822525000000009,1706673451.7195179,1
2226,1706673451.7203205,1706673451.8201468,1706673451.718806,1706673451.8183458,11,1,7998,23996,23561,435,0,435,0,0,23561,435,23561,0,0,0,0.099834665000000003,1706673451.8201551,1
2227,1706673451.820159,1706673451.9199805,1706673451.8183458,1706673451.918879,11,1,7997,23995,23728,267,0,267,0,0,23728,267,23728,0,0,0,0.099830004999999999,1706673451.9199889,1
2228,1706673451.9199927,1706673452.0198221,1706673451.918879,1706673452.0187857,11,1,7998,23997,23746,251,0,251,0,0,23746,251,23746,0,0,0,0.099837765000000009,1706673452.0198305,1
2229,1706673452.0198352,1706673452.119669,1706673452.0187857,1706673452.1184032,11,1,7999,23997,23690,307,0,307,0,0,23690,307,23690,0,0,0,0.099842005000000011,1706673452.1196773,1
2230,1706673452.1196806,1706673452.2195122,1706673452.1184032,1706673452.2187524,11,1,8000,24000,23815,185,0,185,0,0,23815,185,23815,0,0,0,0.099839865,1706673452.2195206,1
2231,1706673452.2203224,1706673452.3201516,1706673452.2187524,1706673452.3184288,11,1,7999,23998,23581,417,0,417,0,0,23581,417,23581,0,0,0,0.099837545,1706673452.3201599,1
2232,1706673452.3201632,1706673452.419987,1706673452.3184288,1706673452.4191089,11,1,7976,23950,23737,213,0,213,0,0,23737,213,23737,0,0,0,0.099832165,1706673452.4199953,1
2233,1706673452.4199991,1706673452.5198214,1706673452.4191089,1706673452.5191171,11,1,7968,23904,23732,172,0,172,0,0,23732,172,23732,0,0,0,0.099830665000000013,1706673452.5198298,1
2234,1706673452.5198336,1706673452.6196725,1706673452.5191171,1706673452.6184626,11,1,7976,23926,23633,293,0,293,0,0,23633,293,23633,0,0,0,0.099847425000000004,1706673452.6196809,1
2235,1706673452.6196845,1706673452.7195036,1706673452.6184626,1706673452.7189057,11,1,7945,23838,23692,146,0,146,0,0,23692,146,23692,0,0,0,0.099827465000000004,1706673452.719512,1
2236,1706673452.7203145,1706673452.8201528,1706673452.7189057,1706673452.8182945,11,1,7937,23829,23380,449,0,449,0,0,23380,449,23380,0,0,0,0.099846605000000005,1706673452.8201611,1
2237,1706673452.8201644,1706673452.9199886,1706673452.8182945,1706673452.9183848,11,1,7967,23900,23512,388,0,388,0,0,23512,388,23512,0,0,0,0.099832405000000013,1706673452.9199967,1
2238,1706673452.9200008,1706673453.0198362,1706673452.9183848,1706673453.0189536,11,1,7961,23875,23660,215,0,215,0,0,23660,215,23660,0,0,0,0.099843825000000011,1706673453.0198445,1
2239,1706673453.0198481,1706673453.1196733,1706673453.0189536,1706673453.1187563,11,1,7945,23847,23624,223,0,223,0,0,23624,223,23624,0,0,0,0.099833485,1706673453.1196816,1
2240,1706673453.1196845,1706673453.2195091,1706673453.1187563,1706673453.2190998,11,1,7964,23890,23789,101,0,101,0,0,23789,101,23789,0,0,0,0.099833085000000002,1706673453.2195175,1
2241,1706673453.2203205,1706673453.3201468,1706673453.2190998,1706673453.3188407,11,1,7945,23859,23543,316,0,316,0,0,23543,316,23543,0,0,0,0.099834565,1706673453.3201551,1
2242,1706673453.3201592,1706673453.419987,1706673453.3188407,1706673453.4189017,11,1,7974,23918,23655,263,0,263,0,0,23655,263,23655,0,0,0,0.099836005000000005,1706673453.4199953,1
2243,1706673453.4199989,1706673453.5198343,1706673453.4189017,1706673453.51824,11,1,7947,23855,23469,386,0,386,0,0,23469,386,23469,0,0,0,0.099843665000000012,1706673453.5198426,1
2244,1706673453.5198464,1706673453.6196659,1706673453.51824,1706673453.6188724,11,1,7963,23906,23713,193,0,193,0,0,23713,193,23713,0,0,0,0.099827645000000007,1706673453.619674,1
2245,1706673453.6196775,1706673453.7195017,1706673453.6188724,1706673453.7183163,11,1,7981,23929,23647,282,0,282,0,0,23647,282,23647,0,0,0,0.099832405000000013,1706673453.7195098,1
2246,1706673453.7203116,1706673453.8201406,1706673453.7183163,1706673453.8186579,11,1,7951,23876,23517,359,0,359,0,0,23517,359,23517,0,0,0,0.099837225000000002,1706673453.8201489,1
2247,1706673453.8201516,1706673453.9199769,1706673453.8186579,1706673453.9191644,11,1,7964,23871,23673,198,0,198,0,0,23673,198,23673,0,0,0,0.099833745000000002,1706673453.9199853,1
2248,1706673453.9199886,1706673454.0198212,1706673453.9191644,1706673454.0188365,11,1,7983,23949,23710,239,0,239,0,0,23710,239,23710,0,0,0,0.099840905000000008,1706673454.0198295,1
2249,1706673454.0198333,1706673454.1196563,1706673454.0188365,1706673454.1190517,11,1,7958,23879,23731,148,0,148,0,0,23731,148,23731,0,0,0,0.099831405000000012,1706673454.1196647,1
2250,1706673454.1196678,1706673454.219502,1706673454.1190517,1706673454.2186358,11,1,7963,23891,23680,211,0,211,0,0,23680,211,23680,0,0,0,0.099842445000000002,1706673454.2195103,1
2251,1706673454.2203126,1706673454.3201456,1706673454.2186358,1706673454.3184121,11,1,7984,23938,23519,419,0,419,0,0,23519,419,23519,0,0,0,0.099841325000000009,1706673454.320154,1
2252,1706673454.320158,1706673454.4199905,1706673454.3184121,1706673454.4191668,11,1,7967,23920,23719,201,0,201,0,0,23719,201,23719,0,0,0,0.099840805000000005,1706673454.4199989,1
2253,1706673454.4200032,1706673454.5198286,1706673454.4191668,1706673454.5188212,11,1,7946,23853,23608,245,0,245,0,0,23608,245,23608,0,0,0,0.099833665000000002,1706673454.5198369,1
2254,1706673454.5198405,1706673454.6196504,1706673454.5188212,1706673454.6184647,11,1,7978,23945,23658,287,0,287,0,0,23658,287,23658,0,0,0,0.099818245,1706673454.6196587,1
2255,1706673454.6200604,1706673454.719883,1706673454.6184647,1706673454.7189388,11,1,7998,23990,23761,229,0,229,0,0,23761,229,23761,0,0,0,0.099830825000000012,1706673454.7198913,1
2256,1706673454.7198951,1706673454.8197167,1706673454.7189388,1706673454.8184931,11,1,7999,23999,23702,297,0,297,0,0,23702,297,23702,0,0,0,0.099829965000000007,1706673454.819725,1
2257,1706673454.8197286,1706673454.9195421,1706673454.8184931,1706673454.9193728,11,1,7999,23998,23955,43,0,43,0,0,23955,43,23955,0,0,0,0.099821845000000006,1706673454.9195504,1
2258,1706673454.9203529,1706673455.0201864,1706673454.9193728,1706673455.019402,11,1,8000,24000,23809,191,0,191,0,0,23809,191,23809,0,0,0,0.099841885000000005,1706673455.0201948,1
2259,1706673455.0201981,1706673455.1200223,1706673455.019402,1706673455.1188488,11,1,8000,24000,23715,285,0,285,0,0,23715,285,23715,0,0,0,0.099832485000000012,1706673455.1200306,1
2260,1706673455.1200347,1706673455.2198498,1706673455.1188488,1706673455.2192974,11,1,8000,24000,23865,135,0,135,0,0,23865,135,23865,0,0,0,0.099823485000000003,1706673455.2198582,1
2261,1706673455.219862,1706673455.3196871,1706673455.2192974,1706673455.3190484,11,1,8000,23998,23842,156,0,156,0,0,23842,156,23842,0,0,0,0.099833505000000003,1706673455.3196955,1
2262,1706673455.3196995,1706673455.4195235,1706673455.3190484,1706673455.4185133,11,1,8000,24000,23755,245,0,245,0,0,23755,245,23755,0,0,0,0.099832325,1706673455.4195318,1
2263,1706673455.4203336,1706673455.5201445,1706673455.4185133,1706673455.5189114,11,1,8000,23999,23700,299,0,299,0,0,23700,299,23700,0,0,0,0.099819205000000008,1706673455.5201528,1
2264,1706673455.5201559,1706673455.6199894,1706673455.5189114,1706673455.6184347,11,1,8000,24000,23624,376,0,376,0,0,23624,376,23624,0,0,0,0.099841725000000006,1706673455.6199977,1
2265,1706673455.6200013,1706673455.7198234,1706673455.6184347,1706673455.7190852,11,1,8000,23999,23819,180,0,180,0,0,23819,180,23819,0,0,0,0.099830405000000011,1706673455.7198317,1
2266,1706673455.719835,1706673455.8196702,1706673455.7190852,1706673455.8189566,11,1,8000,24000,23826,174,0,174,0,0,23826,174,23826,0,0,0,0.099843525000000002,1706673455.8196785,1
2267,1706673455.8196828,1706673455.919523,1706673455.8189566,1706673455.9185739,11,1,8000,24000,23769,231,0,231,0,0,23769,231,23769,0,0,0,0.099848545000000011,1706673455.9195313,1
2268,1706673455.9203341,1706673456.0201643,1706673455.9185739,1706673456.0192478,11,1,7999,23999,23776,223,0,223,0,0,23776,223,23776,0,0,0,0.099838405000000005,1706673456.0201726,1
2269,1706673456.0201762,1706673456.1200037,1706673456.0192478,1706673456.1189888,11,1,7999,23998,23752,246,0,246,0,0,23752,246,23752,0,0,0,0.09983578500000001,1706673456.120012,1
2270,1706673456.1200154,1706673456.2198327,1706673456.1189888,1706673456.2194314,11,1,7999,23999,23900,99,0,99,0,0,23900,99,23900,0,0,0,0.099825565000000005,1706673456.219841,1
2271,1706673456.2198446,1706673456.3196824,1706673456.2194314,1706673456.3190711,11,1,7999,23999,23850,149,0,149,0,0,23850,149,23850,0,0,0,0.099846225000000011,1706673456.3196907,1
2272,1706673456.3196952,1706673456.4195161,1706673456.3190711,1706673456.4187508,11,1,8000,24000,23814,186,0,186,0,0,23814,186,23814,0,0,0,0.099829105000000001,1706673456.4195244,1
2273,1706673456.4203286,1706673456.5201452,1706673456.4187508,1706673456.5194972,11,1,7999,23997,23839,158,0,158,0,0,23839,158,23839,0,0,0,0.099824865000000013,1706673456.5201535,1
2274,1706673456.5201566,1706673456.6199794,1706673456.5194972,1706673456.6189938,11,1,7999,23999,23760,239,0,239,0,0,23760,239,23760,0,0,0,0.09983106500000001,1706673456.6199877,1
2275,1706673456.6199913,1706673456.7198169,1706673456.6189938,1706673456.7185564,11,1,8000,23999,23693,306,0,306,0,0,23693,306,23693,0,0,0,0.099834065,1706673456.7198253,1
2276,1706673456.7198281,1706673456.8196619,1706673456.7185564,1706673456.8189876,11,1,8000,23999,23834,165,0,165,0,0,23834,165,23834,0,0,0,0.099842085000000011,1706673456.8196702,1
2277,1706673456.8196735,1706673456.9194937,1706673456.8189876,1706673456.9193053,11,1,8000,23999,23951,48,0,48,0,0,23951,48,23951,0,0,0,0.099828445000000002,1706673456.919502,1
2278,1706673456.9203048,1706673457.0201285,1706673456.9193053,1706673457.0189099,11,1,7999,23999,23704,295,0,295,0,0,23704,295,23704,0,0,0,0.099831965000000009,1706673457.0201368,1
2279,1706673457.0201411,1706673457.1199768,1706673457.0189099,1706673457.1185968,11,1,8000,24000,23666,334,0,334,0,0,23666,334,23666,0,0,0,0.099843965000000007,1706673457.1199851,1
2280,1706673457.1199889,1706673457.2198067,1706673457.1185968,1706673457.2189848,11,1,7999,23999,23799,200,0,200,0,0,23799,200,23799,0,0,0,0.099826005000000009,1706673457.219815,1
2281,1706673457.2198176,1706673457.3196356,1706673457.2189848,1706673457.3194382,11,1,7999,23998,23948,50,0,50,0,0,23948,50,23948,0,0,0,0.099826325000000007,1706673457.319644,1
2282,1706673457.3200471,1706673457.4198718,1706673457.3194382,1706673457.4193006,11,1,8000,24000,23860,140,0,140,0,0,23860,140,23860,0,0,0,0.099833065000000012,1706673457.4198802,1
2283,1706673457.4198844,1706673457.5197167,1706673457.4193006,1706673457.5189173,11,1,8000,24000,23805,195,0,195,0,0,23805,195,23805,0,0,0,0.099840745000000009,1706673457.5197251,1
2284,1706673457.5197289,1706673457.6195586,1706673457.5189173,1706673457.6192999,11,1,8000,24000,23935,65,0,65,0,0,23935,65,23935,0,0,0,0.099837945000000011,1706673457.6195669,1
2285,1706673457.620369,1706673457.7201829,1706673457.6192999,1706673457.7186804,11,1,8000,23998,23635,363,0,363,0,0,23635,363,23635,0,0,0,0.099822285000000011,1706673457.7201912,1
2286,1706673457.7201948,1706673457.8199949,1706673457.7186804,1706673457.8190529,11,1,8000,23999,23770,229,0,229,0,0,23770,229,23770,0,0,0,0.099808525000000009,1706673457.8200033,1
2287,1706673457.8200061,1706673457.9198313,1706673457.8190529,1706673457.9195697,11,1,7998,23998,23933,65,0,65,0,0,23933,65,23933,0,0,0,0.099833385000000011,1706673457.9198396,1
2288,1706673457.9198437,1706673458.0196683,1706673457.9195697,1706673458.0191922,11,1,7999,23998,23881,117,0,117,0,0,23881,117,23881,0,0,0,0.099833005000000002,1706673458.0196767,1
2289,1706673458.0196803,1706673458.1195128,1706673458.0191922,1706673458.1189394,11,1,7996,23993,23853,140,0,140,0,0,23853,140,23853,0,0,0,0.099840965000000004,1706673458.1195211,1
2290,1706673458.1203241,1706673458.220145,1706673458.1189394,1706673458.2194941,11,1,7999,23994,23835,159,0,159,0,0,23835,159,23835,0,0,0,0.099829185000000001,1706673458.2201533,1
2291,1706673458.2201569,1706673458.3199866,1706673458.2194941,1706673458.3188133,11,1,7999,23996,23712,284,0,284,0,0,23712,284,23712,0,0,0,0.099837945000000011,1706673458.3199949,1
2292,1706673458.3199985,1706673458.4198217,1706673458.3188133,1706673458.4192607,11,1,8000,23998,23861,137,0,137,0,0,23861,137,23861,0,0,0,0.099831585,1706673458.4198301,1
2293,1706673458.4198346,1706673458.5196662,1706673458.4192607,1706673458.5196354,11,1,7999,23998,23988,10,0,10,0,0,23988,10,23988,0,0,0,0.099839885000000003,1706673458.5196745,1
2294,1706673458.5196779,1706673458.619513,1706673458.5196354,1706673458.6190817,11,1,8000,23998,23892,106,0,106,0,0,23892,106,23892,0,0,0,0.099843445000000003,1706673458.6195214,1
2295,1706673458.6203232,1706673458.7201633,1706673458.6190817,1706673458.7196398,11,1,7998,23997,23869,128,0,128,0,0,23869,128,23869,0,0,0,0.099848385000000012,1706673458.7201715,1
2296,1706673458.720175,1706673458.8199954,1706673458.7196398,1706673458.8191848,11,1,8000,23999,23802,197,0,197,0,0,23802,197,23802,0,0,0,0.099828725000000007,1706673458.8200037,1
2297,1706673458.8200073,1706673458.9198272,1706673458.8191848,1706673458.9196339,11,1,7999,23991,23942,49,0,49,0,0,23942,49,23942,0,0,0,0.09982816500000001,1706673458.9198356,1
2298,1706673458.9198391,1706673459.0196652,1706673458.9196339,1706673459.0190389,11,1,8000,23999,23846,153,0,153,0,0,23846,153,23846,0,0,0,0.099834545000000011,1706673459.0196736,1
2299,1706673459.0196767,1706673459.1195135,1706673459.0190389,1706673459.1194675,11,1,8000,23997,23983,14,0,14,0,0,23983,14,23983,0,0,0,0.099845105000000003,1706673459.1195219,1
2300,1706673459.1203232,1706673459.2201505,1706673459.1194675,1706673459.2197909,11,1,8000,23998,23909,89,0,89,0,0,23909,89,23909,0,0,0,0.099835585000000004,1706673459.2201588,1
2301,1706673459.2201626,1706673459.3199952,1706673459.2197909,1706673459.3194416,11,1,7999,23998,23863,135,0,135,0,0,23863,135,23863,0,0,0,0.099840865000000001,1706673459.3200035,1
2302,1706673459.3200066,1706673459.4198291,1706673459.3194416,1706673459.4189558,11,1,7999,23999,23787,212,0,212,0,0,23787,212,23787,0,0,0,0.099830805000000009,1706673459.4198375,1
2303,1706673459.4198413,1706673459.5196803,1706673459.4189558,1706673459.5195549,11,1,8000,23998,23965,33,0,33,0,0,23965,33,23965,0,0,0,0.099847405,1706673459.5196886,1
2304,1706673459.519691,1706673459.6195159,1706673459.5195549,1706673459.6189866,11,1,7999,23999,23869,130,0,130,0,0,23869,130,23869,0,0,0,0.099833145000000012,1706673459.6195242,1
2305,1706673459.6203263,1706673459.7201452,1706673459.6189866,1706673459.7195487,11,1,8000,23997,23851,146,0,146,0,0,23851,146,23851,0,0,0,0.099827225000000006,1706673459.7201536,1
2306,1706673459.7201571,1706673459.8200006,1706673459.7195487,1706673459.8189852,11,1,8000,24000,23753,247,0,247,0,0,23753,247,23753,0,0,0,0.099851825000000005,1706673459.820009,1
2307,1706673459.8200126,1706673459.9198275,1706673459.8189852,1706673459.9188089,11,1,7999,23999,23752,247,0,247,0,0,23752,247,23752,0,0,0,0.099823225000000002,1706673459.9198358,1
2308,1706673459.9198387,1706673460.0196671,1706673459.9188089,1706673460.0182557,11,1,8000,23998,23656,342,0,342,0,0,23656,342,23656,0,0,0,0.099836885,1706673460.0196755,1
2309,1706673460.0196793,1706673460.1194994,1706673460.0182557,1706673460.1188812,11,1,7972,23894,23743,151,0,151,0,0,23743,151,23743,0,0,0,0.099828565000000008,1706673460.1195078,1
2310,1706673460.1203113,1706673460.2201307,1706673460.1188812,1706673460.218576,11,1,7971,23940,23564,376,0,376,0,0,23564,376,23564,0,0,0,0.099827684999999999,1706673460.220139,1
2311,1706673460.2201436,1706673460.3199849,1706673460.218576,1706673460.3180833,11,1,7959,23861,23402,459,0,459,0,0,23402,459,23402,0,0,0,0.099849725,1706673460.3199933,1
2312,1706673460.3199968,1706673460.4198236,1706673460.3180833,1706673460.4189377,11,1,7965,23862,23647,215,0,215,0,0,23647,215,23647,0,0,0,0.099835165000000003,1706673460.419832,1
2313,1706673460.4198358,1706673460.5196645,1706673460.4189377,1706673460.5181193,11,1,7972,23901,23527,374,0,374,0,0,23527,374,23527,0,0,0,0.099836965,1706673460.5196729,1
2314,1706673460.519676,1706673460.6195045,1706673460.5181193,1706673460.6186104,11,1,7968,23892,23675,217,0,217,0,0,23675,217,23675,0,0,0,0.099836745000000005,1706673460.6195128,1
2315,1706673460.6203151,1706673460.7201512,1706673460.6186104,1706673460.7189476,11,1,7889,23657,23365,292,0,292,0,0,23365,292,23365,0,0,0,0.099844445000000004,1706673460.7201595,1
2316,1706673460.7201631,1706673460.8199935,1706673460.7189476,1706673460.8186357,11,1,7958,23872,23543,329,0,329,0,0,23543,329,23543,0,0,0,0.099838605000000011,1706673460.8200016,1
2317,1706673460.8200049,1706673460.9198105,1706673460.8186357,1706673460.9184742,11,1,7941,23810,23487,323,0,323,0,0,23487,323,23487,0,0,0,0.099814025000000001,1706673460.9198189,1
2318,1706673460.9198232,1706673461.0196609,1706673460.9184742,1706673461.0184486,11,1,7942,23836,23542,294,0,294,0,0,23542,294,23542,0,0,0,0.099846225000000011,1706673461.0196693,1
2319,1706673461.0196729,1706673461.1195021,1706673461.0184486,1706673461.1189108,11,1,7939,23826,23681,145,0,145,0,0,23681,145,23681,0,0,0,0.099837445000000011,1706673461.1195104,1
2320,1706673461.1203117,1706673461.2201531,1706673461.1189108,1706673461.21825,11,1,7928,23768,23308,460,0,460,0,0,23308,460,23308,0,0,0,0.099849705000000011,1706673461.2201614,1
2321,1706673461.2201648,1706673461.3200002,1706673461.21825,1706673461.3190558,11,1,7934,23770,23541,229,0,229,0,0,23541,229,23541,0,0,0,0.099843845000000001,1706673461.3200085,1
2322,1706673461.3200126,1706673461.4198573,1706673461.3190558,1706673461.4187481,11,1,7952,23827,23558,269,0,269,0,0,23558,269,23558,0,0,0,0.099853105000000011,1706673461.4198656,1
2323,1706673461.419868,1706673461.5197041,1706673461.4187481,1706673461.5182743,11,1,7943,23802,23456,346,0,346,0,0,23456,346,23456,0,0,0,0.099844505,1706673461.5197124,1
2324,1706673461.5197148,1706673461.6195316,1706673461.5182743,1706673461.6188149,11,1,7951,23817,23642,175,0,175,0,0,23642,175,23642,0,0,0,0.099825085000000008,1706673461.61954,1
2325,1706673461.6203423,1706673461.7201667,1706673461.6188149,1706673461.7180688,11,1,7940,23795,23289,506,0,506,0,0,23289,506,23289,0,0,0,0.099832765000000004,1706673461.720175,1
2326,1706673461.7201784,1706673461.8200078,1706673461.7180688,1706673461.8187325,11,1,7912,23701,23392,309,0,309,0,0,23392,309,23392,0,0,0,0.099837665000000006,1706673461.8200161,1
2327,1706673461.8200197,1706673461.9198549,1706673461.8187325,1706673461.9182715,11,1,7937,23787,23404,383,0,383,0,0,23404,383,23404,0,0,0,0.099843505000000013,1706673461.9198632,1
2328,1706673461.9198668,1706673462.0196755,1706673461.9182715,1706673462.0187597,11,1,7916,23715,23493,222,0,222,0,0,23493,222,23493,0,0,0,0.099817045000000007,1706673462.0196838,1
2329,1706673462.0196884,1706673462.1194985,1706673462.0187597,1706673462.1183281,11,1,7906,23702,23417,285,0,285,0,0,23417,285,23417,0,0,0,0.099826678000000002,1706673462.1195149,1
2330,1706673462.1203229,1706673462.2201452,1706673462.1183281,1706673462.219059,11,1,7900,23687,23424,263,0,263,0,0,23424,263,23424,0,0,0,0.099830625000000006,1706673462.2201536,1
2331,1706673462.2201564,1706673462.3199892,1706673462.219059,1706673462.3188436,11,1,7924,23794,23516,278,0,278,0,0,23516,278,23516,0,0,0,0.099841205000000002,1706673462.3199975,1
2332,1706673462.3200009,1706673462.419832,1706673462.3188436,1706673462.4182491,11,1,7919,23780,23397,383,0,383,0,0,23397,383,23397,0,0,0,0.099839525000000012,1706673462.4198403,1
2333,1706673462.4198432,1706673462.5196733,1706673462.4182491,1706673462.5190198,11,1,7931,23806,23647,159,0,159,0,0,23647,159,23647,0,0,0,0.099838405000000005,1706673462.5196817,1
2334,1706673462.5196846,1706673462.6195164,1706673462.5190198,1706673462.6184778,11,1,7917,23742,23492,250,0,250,0,0,23492,250,23492,0,0,0,0.099840125000000002,1706673462.6195247,1
2335,1706673462.6203263,1706673462.7201667,1706673462.6184778,1706673462.7184312,11,1,7935,23787,23367,420,0,420,0,0,23367,420,23367,0,0,0,0.099848685000000006,1706673462.720175,1
2336,1706673462.7201791,1706673462.820013,1706673462.7184312,1706673462.8190484,11,1,7931,23794,23560,234,0,234,0,0,23560,234,23560,0,0,0,0.09984232500000001,1706673462.8200214,1
2337,1706673462.820025,1706673462.9198387,1706673462.8190484,1706673462.9185789,11,1,7915,23727,23422,305,0,305,0,0,23422,305,23422,0,0,0,0.099822125000000012,1706673462.919847,1
2338,1706673462.9198511,1706673463.0196948,1706673462.9185789,1706673463.0190492,11,1,7911,23740,23582,158,0,158,0,0,23582,158,23582,0,0,0,0.099852025000000011,1706673463.0197031,1
2339,1706673463.0197065,1706673463.1195421,1706673463.0190492,1706673463.1185136,11,1,7933,23786,23537,249,0,249,0,0,23537,249,23537,0,0,0,0.099843965000000007,1706673463.1195505,1
2340,1706673463.120353,1706673463.2201877,1706673463.1185136,1706673463.2195077,11,1,7918,23740,23574,166,0,166,0,0,23574,166,23574,0,0,0,0.099843085000000012,1706673463.220196,1
2341,1706673463.2201993,1706673463.3200405,1706673463.2195077,1706673463.3182316,11,1,7936,23806,23369,437,0,437,0,0,23369,437,23369,0,0,0,0.099849565000000001,1706673463.3200488,1
2342,1706673463.3200529,1706673463.4198849,1706673463.3182316,1706673463.4188607,11,1,7940,23821,23611,210,0,210,0,0,23611,210,23611,0,0,0,0.099840385000000004,1706673463.4198933,1
2343,1706673463.4198968,1706673463.5197206,1706673463.4188607,1706673463.5183609,11,1,7954,23859,23561,298,0,298,0,0,23561,298,23561,0,0,0,0.099832145000000011,1706673463.5197289,1
2344,1706673463.5197318,1706673463.6195652,1706673463.5183609,1706673463.6191776,11,1,7955,23873,23777,96,0,96,0,0,23777,96,23777,0,0,0,0.099841865000000002,1706673463.6195736,1
2345,1706673463.6203744,1706673463.7202048,1706673463.6191776,1706673463.7185671,11,1,7953,23851,23455,396,0,396,0,0,23455,396,23455,0,0,0,0.099838605000000011,1706673463.7202129,1
2346,1706673463.7202163,1706673463.8200464,1706673463.7185671,1706673463.8185852,11,1,7956,23871,23518,353,0,353,0,0,23518,353,23518,0,0,0,0.099838465000000001,1706673463.8200548,1
2347,1706673463.8200581,1706673463.9198799,1706673463.8185852,1706673463.9189816,11,1,7936,23782,23564,218,0,218,0,0,23564,218,23564,0,0,0,0.099830025000000003,1706673463.919888,1
2348,1706673463.9198918,1706673464.0197239,1706673463.9189816,1706673464.0188837,11,1,7937,23775,23570,205,0,205,0,0,23570,205,23570,0,0,0,0.099840305000000004,1706673464.0197322,1
2349,1706673464.0197356,1706673464.1195657,1706673464.0188837,1706673464.1184227,11,1,7975,23893,23616,277,0,277,0,0,23616,277,23616,0,0,0,0.099838505000000008,1706673464.1195741,1
2350,1706673464.1203778,1706673464.2202272,1706673464.1184227,1706673464.2185557,11,1,7927,23726,23322,404,0,404,0,0,23322,404,23322,0,0,0,0.099857825000000011,1706673464.2202356,1
2351,1706673464.2202394,1706673464.3200569,1706673464.2185557,1706673464.3192604,11,1,7938,23765,23571,194,0,194,0,0,23571,194,23571,0,0,0,0.099825785,1706673464.3200653,1
2352,1706673464.3200693,1706673464.4199004,1706673464.3192604,1706673464.418592,11,1,7917,23773,23456,317,0,317,0,0,23456,317,23456,0,0,0,0.099839485000000006,1706673464.4199088,1
2353,1706673464.4199123,1706673464.5197504,1706673464.418592,1706673464.5184202,11,1,7942,23836,23514,322,0,322,0,0,23514,322,23514,0,0,0,0.09984638500000001,1706673464.5197587,1
2354,1706673464.5197613,1706673464.6195941,1706673464.5184202,1706673464.6188126,11,1,7940,23833,23643,190,0,190,0,0,23643,190,23643,0,0,0,0.099841045000000003,1706673464.6196024,1
2355,1706673464.6200044,1706673464.7198544,1706673464.6188126,1706673464.7193453,11,1,7935,23804,23688,116,0,116,0,0,23688,116,23688,0,0,0,0.099858285000000005,1706673464.7198627,1
2356,1706673464.7198658,1706673464.8196812,1706673464.7193453,1706673464.8187413,11,1,7950,23819,23590,229,0,229,0,0,23590,229,23590,0,0,0,0.09982360500000001,1706673464.8196895,1
2357,1706673464.8196929,1706673464.9195273,1706673464.8187413,1706673464.9191322,11,1,7893,23598,23501,97,0,97,0,0,23501,97,23501,0,0,0,0.099842765,1706673464.9195356,1
2358,1706673464.9203386,1706673465.0201583,1706673464.9191322,1706673465.0186141,11,1,7890,23536,23169,367,0,367,0,0,23169,367,23169,0,0,0,0.099836238000000008,1706673465.020175,1
2359,1706673465.0201824,1706673465.1200151,1706673465.0186141,1706673465.1191425,11,1,7508,22437,22226,211,0,211,0,0,22226,211,22226,0,0,4.1670000000000001e-06,0.099841125000000003,1706673465.1200235,1
2360,1706673465.1200266,1706673465.2198575,1706673465.1191425,1706673465.21929,11,1,7883,23668,23529,139,0,139,0,0,23529,139,23529,0,0,0,0.099839145000000004,1706673465.2198658,1
2361,1706673465.2198691,1706673465.319705,1706673465.21929,1706673465.3187892,11,1,7872,23628,23405,223,0,223,0,0,23405,223,23405,0,0,0,0.099844145000000009,1706673465.3197134,1
2362,1706673465.3197167,1706673465.419565,1706673465.3187892,1706673465.4192955,11,1,7889,23682,23615,67,0,67,0,0,23615,67,23615,0,0,0,0.099856545000000005,1706673465.4195733,1
2363,1706673465.4203756,1706673465.5201988,1706673465.4192955,1706673465.5184333,11,1,7857,23586,23191,395,0,395,0,0,23191,395,23191,0,0,0,0.099831685000000003,1706673465.5202072,1
2364,1706673465.52021,1706673465.6200342,1706673465.5184333,1706673465.6190393,11,1,7818,23432,23190,242,0,242,0,0,23190,242,23190,0,0,0,0.099832505000000002,1706673465.6200426,1
2365,1706673465.6200469,1706673465.7198601,1706673465.6190393,1706673465.7194571,11,1,7785,23244,23145,99,0,99,0,0,23145,99,23145,0,0,0,0.099821485000000001,1706673465.7198684,1
2366,1706673465.7198706,1706673465.8197091,1706673465.7194571,1706673465.819391,11,1,7817,23440,23361,79,0,79,0,0,23361,79,23361,0,0,0,0.099846765000000004,1706673465.8197174,1
2367,1706673465.8197215,1706673465.9195569,1706673465.819391,1706673465.9189537,11,1,7952,23835,23688,147,0,147,0,0,23688,147,23688,0,0,0,0.099843665000000012,1706673465.9195652,1
2368,1706673465.9203663,1706673466.0201893,1706673465.9189537,1706673466.0184848,11,1,7980,23937,23524,413,0,413,0,0,23524,413,23524,0,0,0,0.099831285000000006,1706673466.0201976,1
2369,1706673466.0202014,1706673466.120034,1706673466.0184848,1706673466.1189494,11,1,7967,23904,23641,263,0,263,0,0,23641,263,23641,0,0,0,0.099840825000000008,1706673466.1200423,1
2370,1706673466.1200461,1706673466.2198892,1706673466.1189494,1706673466.2193038,11,1,7960,23866,23723,143,0,143,0,0,23723,143,23723,0,0,0,0.099851465,1706673466.2198975,1
2371,1706673466.2199006,1706673466.319725,1706673466.2193038,1706673466.3190055,11,1,7999,23998,23823,175,0,175,0,0,23823,175,23823,0,0,0,0.099832725000000011,1706673466.3197334,1
2372,1706673466.3197367,1706673466.4195588,1706673466.3190055,1706673466.4194369,11,1,7999,23995,23963,32,0,32,0,0,23963,32,23963,0,0,0,0.099830365000000004,1706673466.4195671,1
2373,1706673466.4203706,1706673466.5201914,1706673466.4194369,1706673466.518801,11,1,8000,24000,23663,337,0,337,0,0,23663,337,23663,0,0,0,0.099829145000000008,1706673466.5201998,1
2374,1706673466.5202029,1706673466.6200273,1706673466.518801,1706673466.6189582,11,1,8000,23998,23739,259,0,259,0,0,23739,259,23739,0,0,0,0.099832745000000001,1706673466.6200356,1
2375,1706673466.6200399,1706673466.7198622,1706673466.6189582,1706673466.7185917,11,1,8000,24000,23692,308,0,308,0,0,23692,308,23692,0,0,0,0.099830584999999999,1706673466.7198706,1
2376,1706673466.7198753,1706673466.8196933,1706673466.7185917,1706673466.8188264,11,1,7614,22845,22634,211,0,211,0,0,22634,211,22634,0,0,0,0.099826265000000011,1706673466.8197017,1
2377,1706673466.819705,1706673466.919538,1706673466.8188264,1706673466.9193108,11,1,8000,24000,23943,57,0,57,0,0,23943,57,23943,0,0,0,0.099841325000000009,1706673466.9195464,1
2378,1706673466.9203484,1706673467.0201764,1706673466.9193108,1706673467.0188277,11,1,8000,24000,23674,326,0,326,0,0,23674,326,23674,0,0,0,0.099836305,1706673467.0201848,1
2379,1706673467.0201886,1706673467.1200166,1706673467.0188277,1706673467.1187663,11,1,8000,24000,23697,303,0,303,0,0,23697,303,23697,0,0,0,0.099836325000000004,1706673467.1200249,1
2380,1706673467.1200283,1706673467.2198684,1706673467.1187663,1706673467.2193518,11,1,7999,23997,23870,127,0,127,0,0,23870,127,23870,0,0,0,0.099848385000000012,1706673467.2198765,1
2381,1706673467.2198801,1706673467.3197277,1706673467.2193518,1706673467.3191781,11,1,8000,23998,23864,134,0,134,0,0,23864,134,23864,0,0,0,0.099856005000000012,1706673467.319736,1
2382,1706673467.3197398,1706673467.419559,1706673467.3191781,1706673467.4194894,11,1,8000,24000,23981,19,0,19,0,0,23981,19,23981,0,0,0,0.099827505000000011,1706673467.4195673,1
2383,1706673467.4203689,1706673467.5201871,1706673467.4194894,1706673467.5188301,11,1,8000,23999,23670,329,0,329,0,0,23670,329,23670,0,0,0,0.099826605000000013,1706673467.5201955,1
2384,1706673467.5201991,1706673467.620033,1706673467.5188301,1706673467.6187046,11,1,7999,23997,23676,321,0,321,0,0,23676,321,23676,0,0,0,0.09984232500000001,1706673467.6200414,1
2385,1706673467.6200447,1706673467.7198575,1706673467.6187046,1706673467.7194607,11,1,7999,23999,23901,98,0,98,0,0,23901,98,23901,0,0,0,0.099821085000000004,1706673467.7198658,1
2386,1706673467.7198694,1706673467.81969,1706673467.7194607,1706673467.818712,11,1,8000,23999,23761,238,0,238,0,0,23761,238,23761,0,0,0,0.099829025000000002,1706673467.8196983,1
2387,1706673467.8197017,1706673467.9195502,1706673467.818712,1706673467.9192922,11,1,8000,23999,23935,64,0,64,0,0,23935,64,23935,0,0,0,0.099856845,1706673467.9195585,1
2388,1706673467.9203608,1706673468.0201793,1706673467.9192922,1706673468.019376,11,1,7999,23999,23803,196,0,196,0,0,23803,196,23803,0,0,0,0.099826785000000001,1706673468.0201876,1
2389,1706673468.0201895,1706673468.1200147,1706673468.019376,1706673468.1187015,11,1,8000,23998,23680,318,0,318,0,0,23680,318,23680,0,0,0,0.099833365000000007,1706673468.1200228,1
2390,1706673468.1200264,1706673468.2198548,1706673468.1187015,1706673468.2196496,11,1,7997,23996,23944,52,0,52,0,0,23944,52,23944,0,0,0,0.099836865000000011,1706673468.2198632,1
2391,1706673468.2198665,1706673468.31969,1706673468.2196496,1706673468.3192346,11,1,7999,23999,23887,112,0,112,0,0,23887,112,23887,0,0,0,0.099831745,1706673468.3196983,1
2392,1706673468.3197014,1706673468.4195423,1706673468.3192346,1706673468.4091654,10,1,7999,23999,21502,2497,0,2497,0,0,21502,2497,21502,0,0,0,0.099849304999999999,1706673468.4195507,1
2393,1706673468.4203525,1706673468.5201678,1706673468.4091654,1706673468.5192113,12,1,7999,23999,23766,233,0,233,0,0,23766,233,23766,0,0,0,0.09982360500000001,1706673468.5201762,1
2394,1706673468.5201795,1706673468.620012,1706673468.5192113,1706673468.6186817,11,1,7999,23998,23676,322,0,322,0,0,23676,322,23676,0,0,0,0.099840805000000005,1706673468.6200204,1
2395,1706673468.6200252,1706673468.7198408,1706673468.6186817,1706673468.7193322,11,1,7998,23997,23872,125,0,125,0,0,23872,125,23872,0,0,0,0.099823965000000001,1706673468.7198491,1
2396,1706673468.7198524,1706673468.8196723,1706673468.7193322,1706673468.8039167,10,1,7998,23997,20206,3791,0,3791,0,0,20206,3791,20206,0,0,0,0.09982816500000001,1706673468.8196807,1
2397,1706673468.8196836,1706673468.9195085,1706673468.8039167,1706673468.9181776,12,1,7998,23993,23671,322,0,322,0,0,23671,322,23671,0,0,0,0.099833165000000001,1706673468.9195168,1
2398,1706673468.9203179,1706673469.0201433,1706673468.9181776,1706673469.017771,11,1,8000,23997,23424,573,0,573,0,0,23424,573,23424,0,0,0,0.099833665000000002,1706673469.0201516,1
2399,1706673469.020155,1706673469.1199777,1706673469.017771,1706673469.1182227,11,1,7998,23997,23573,424,0,424,0,0,23573,424,23573,0,0,0,0.099831045000000007,1706673469.1199861,1
2400,1706673469.1199899,1706673469.2198143,1706673469.1182227,1706673469.217972,11,1,7999,23995,23550,445,0,445,0,0,23550,445,23550,0,0,0,0.099832765000000004,1706673469.2198226,1
2401,1706673469.2198265,1706673469.319648,1706673469.217972,1706673469.3185956,11,1,7999,23998,23743,255,0,255,0,0,23743,255,23743,0,0,0,0.09982990500000001,1706673469.3196564,1
2402,1706673469.3200588,1706673469.4199054,1706673469.3185956,1706673469.4179254,11,1,7998,23996,23518,478,0,478,0,0,23518,478,23518,0,0,0,0.099854965000000004,1706673469.4199138,1
2403,1706673469.4199178,1706673469.5197463,1706673469.4179254,1706673469.5180044,11,1,8000,23999,23578,421,0,421,0,0,23578,421,23578,0,0,0,0.099836885,1706673469.5197546,1
2404,1706673469.5197582,1706673469.6195824,1706673469.5180044,1706673469.6187623,11,1,8000,24000,23800,200,0,200,0,0,23800,200,23800,0,0,0,0.099832585000000001,1706673469.6195908,1
2405,1706673469.6199949,1706673469.7198234,1706673469.6187623,1706673469.7182777,11,1,7997,23997,23623,374,0,374,0,0,23623,374,23623,0,0,0,0.099836805000000001,1706673469.7198317,1
2406,1706673469.719835,1706673469.819664,1706673469.7182777,1706673469.8179767,11,1,8000,24000,23592,408,0,408,0,0,23592,408,23592,0,0,0,0.099837325000000005,1706673469.8196723,1
2407,1706673469.8196762,1706673469.9195142,1706673469.8179767,1706673469.9185877,11,1,7998,23996,23771,225,0,225,0,0,23771,225,23771,0,0,0,0.099846405000000013,1706673469.9195225,1
2408,1706673469.9203248,1706673470.0201573,1706673469.9185877,1706673470.0180762,11,1,7998,23996,23493,503,0,503,0,0,23493,503,23493,0,0,0,0.099840905000000008,1706673470.0201657,1
2409,1706673470.0201693,1706673470.1199944,1706673470.0180762,1706673470.1186807,11,1,7998,23995,23677,318,0,318,0,0,23677,318,23677,0,0,0,0.099833525000000006,1706673470.1200027,1
2410,1706673470.1200051,1706673470.2198379,1706673470.1186807,1706673470.2181053,11,1,7999,23995,23576,419,0,419,0,0,23576,419,23576,0,0,0,0.09984100500000001,1706673470.2198462,1
2411,1706673470.2198489,1706673470.3196843,1706673470.2181053,1706673470.3185685,11,1,7998,23996,23726,270,0,270,0,0,23726,270,23726,0,0,0,0.099843645000000009,1706673470.3196926,1
2412,1706673470.3196969,1706673470.4195416,1706673470.3185685,1706673470.4182394,11,1,7997,23995,23680,315,0,315,0,0,23680,315,23680,0,0,0,0.099853125000000001,1706673470.4195499,1
2413,1706673470.4203525,1706673470.5201731,1706673470.4182394,1706673470.5188339,11,1,7999,23999,23675,324,0,324,0,0,23675,324,23675,0,0,0,0.099829005000000012,1706673470.5201814,1
2414,1706673470.5201845,1706673470.6200047,1706673470.5188339,1706673470.618078,11,1,7997,23995,23531,464,0,464,0,0,23531,464,23531,0,0,0,0.099828585000000011,1706673470.620013,1
2415,1706673470.6200171,1706673470.7198429,1706673470.618078,1706673470.7184839,11,1,7999,23998,23668,330,0,330,0,0,23668,330,23668,0,0,0,0.099834305000000012,1706673470.7198513,1
2416,1706673470.7198548,1706673470.8196921,1706673470.7184839,1706673470.8189695,11,1,7998,23996,23820,176,0,176,0,0,23820,176,23820,0,0,0,0.099845605000000004,1706673470.8197005,1
2417,1706673470.8197038,1706673470.9195313,1706673470.8189695,1706673470.9186783,11,1,7998,23995,23787,208,0,208,0,0,23787,208,23787,0,0,0,0.09983586500000001,1706673470.9195397,1
2418,1706673470.9203427,1706673471.0201726,1706673470.9186783,1706673471.018007,11,1,7998,23997,23474,523,0,523,0,0,23474,523,23474,0,0,0,0.099838325000000006,1706673471.0201809,1
2419,1706673471.0201843,1706673471.1200185,1706673471.018007,1706673471.1185932,11,1,7997,23994,23649,345,0,345,0,0,23649,345,23649,0,0,0,0.099842505000000012,1706673471.1200268,1
2420,1706673471.1200306,1706673471.2198637,1706673471.1185932,1706673471.2180212,11,1,8000,23998,23552,446,0,446,0,0,23552,446,23552,0,0,0,0.099841325000000009,1706673471.219872,1
2421,1706673471.2198753,1706673471.3197138,1706673471.2180212,1706673471.3186545,11,1,7999,23998,23741,257,0,257,0,0,23741,257,23741,0,0,0,0.099846785000000007,1706673471.3197222,1
2422,1706673471.3197255,1706673471.4195478,1706673471.3186545,1706673471.4180143,11,1,8000,24000,23629,371,0,371,0,0,23629,371,23629,0,0,0,0.09983056500000001,1706673471.4195561,1
2423,1706673471.4203575,1706673471.5201938,1706673471.4180143,1706673471.518769,11,1,7999,23997,23652,345,0,345,0,0,23652,345,23652,0,0,0,0.099844585,1706673471.5202022,1
2424,1706673471.5202053,1706673471.6200492,1706673471.518769,1706673471.6180952,11,1,8000,24000,23528,472,0,472,0,0,23528,472,23528,0,0,0,0.099852285000000013,1706673471.6200576,1
2425,1706673471.6200614,1706673471.7198865,1706673471.6180952,1706673471.718576,11,1,7996,23992,23675,317,0,317,0,0,23675,317,23675,0,0,0,0.099833405,1706673471.7198949,1
2426,1706673471.7198985,1706673471.8197401,1706673471.718576,1706673471.8180735,11,1,7998,23994,23591,403,0,403,0,0,23591,403,23591,0,0,0,0.099849845000000007,1706673471.8197484,1
2427,1706673471.8197515,1706673471.9195733,1706673471.8180735,1706673471.9188077,11,1,7976,23921,23735,186,0,186,0,0,23735,186,23735,0,0,0,0.099830205000000005,1706673471.9195817,1
2428,1706673471.9203849,1706673472.020195,1706673471.9188077,1706673472.0183344,11,1,7956,23843,23393,450,0,450,0,0,23393,450,23393,0,0,0,0.099818545000000009,1706673472.0202034,1
2429,1706673472.0202069,1706673472.1200233,1706673472.0183344,1706673472.1188498,11,1,7962,23870,23586,284,0,284,0,0,23586,284,23586,0,0,0,0.09982476500000001,1706673472.1200316,1
2430,1706673472.1200356,1706673472.2198708,1706673472.1188498,1706673472.2189023,11,1,7983,23935,23700,235,0,235,0,0,23700,235,23700,0,0,0,0.099843545000000006,1706673472.2198792,1
2431,1706673472.2198825,1706673472.3197138,1706673472.2189023,1706673472.3186543,11,1,7964,23891,23634,257,0,257,0,0,23634,257,23634,0,0,0,0.099839745000000008,1706673472.3197222,1
2432,1706673472.3197262,1706673472.4195545,1706673472.3186543,1706673472.4189987,11,1,7983,23931,23795,136,0,136,0,0,23795,136,23795,0,0,0,0.099836485000000003,1706673472.4195628,1
2433,1706673472.4203644,1706673472.5201976,1706673472.4189987,1706673472.5183911,11,1,7960,23903,23466,437,0,437,0,0,23466,437,23466,0,0,0,0.099841485000000008,1706673472.520206,1
2434,1706673472.5202088,1706673472.6200407,1706673472.5183911,1706673472.6189592,11,1,7986,23972,23710,262,0,262,0,0,23710,262,23710,0,0,0,0.099840085000000009,1706673472.620049,1
2435,1706673472.6200523,1706673472.7198873,1706673472.6189592,1706673472.7184744,11,1,7976,23920,23578,342,0,342,0,0,23578,342,23578,0,0,0,0.099843325000000011,1706673472.7198956,1
2436,1706673472.7198989,1706673472.8197219,1706673472.7184744,1706673472.8189917,11,1,7994,23981,23803,178,0,178,0,0,23803,178,23803,0,0,0,0.099831305000000009,1706673472.8197303,1
2437,1706673472.8197341,1706673472.9195521,1706673472.8189917,1706673472.9183321,11,1,7999,23999,23703,296,0,296,0,0,23703,296,23703,0,0,0,0.099826405000000007,1706673472.9195604,1
2438,1706673472.9203622,1706673473.0201819,1706673472.9183321,1706673473.0186613,11,1,8000,24000,23632,368,0,368,0,0,23632,368,23632,0,0,0,0.099828085000000011,1706673473.0201902,1
2439,1706673473.0201938,1706673473.1200328,1706673473.0186613,1706673473.118654,11,1,8000,24000,23666,334,0,334,0,0,23666,334,23666,0,0,0,0.099847245000000001,1706673473.1200411,1
2440,1706673473.1200449,1706673473.2198682,1706673473.118654,1706673473.2185645,11,1,7999,23999,23683,316,0,316,0,0,23683,316,23683,0,0,0,0.099831505000000001,1706673473.2198765,1
2441,1706673473.2198799,1706673473.3197124,1706673473.2185645,1706673473.3191211,11,1,8000,23998,23853,145,0,145,0,0,23853,145,23853,0,0,0,0.099840825000000008,1706673473.3197207,1
2442,1706673473.3197236,1706673473.4195497,1706673473.3191211,1706673473.4183903,11,1,8000,23998,23717,281,0,281,0,0,23717,281,23717,0,0,0,0.099834385000000012,1706673473.419558,1
2443,1706673473.4203601,1706673473.5201941,1706673473.4183903,1706673473.5188208,11,1,7999,23997,23665,332,0,332,0,0,23665,332,23665,0,0,0,0.099842305000000006,1706673473.5202024,1
2444,1706673473.520206,1706673473.6200316,1706673473.5188208,1706673473.6182818,11,1,8000,23999,23576,423,0,423,0,0,23576,423,23576,0,0,0,0.099833905000000001,1706673473.6200399,1
2445,1706673473.6200438,1706673473.719883,1706673473.6182818,1706673473.7189543,11,1,7999,23998,23772,226,0,226,0,0,23772,226,23772,0,0,0,0.099847485,1706673473.7198913,1
2446,1706673473.7198956,1706673473.8197272,1706673473.7189543,1706673473.8184257,11,1,8000,24000,23685,315,0,315,0,0,23685,315,23685,0,0,0,0.09983992500000001,1706673473.8197355,1
2447,1706673473.8197396,1706673473.919579,1706673473.8184257,1706673473.9192669,11,1,8000,24000,23923,77,0,77,0,0,23923,77,23923,0,0,0,0.099847845000000005,1706673473.9195874,1
2448,1706673473.9199896,1706673474.0198154,1706673473.9192669,1706673474.0187798,11,1,8000,24000,23749,251,0,251,0,0,23749,251,23749,0,0,0,0.099834185000000006,1706673474.0198238,1
2449,1706673474.0198278,1706673474.1196439,1706673474.0187798,1706673474.1183183,11,1,7999,23999,23678,321,0,321,0,0,23678,321,23678,0,0,0,0.099824345000000009,1706673474.1196523,1
2450,1706673474.120055,1706673474.2198851,1706673474.1183183,1706673474.2189662,11,1,8000,24000,23776,224,0,224,0,0,23776,224,23776,0,0,0,0.099838585000000007,1706673474.2198935,1
2451,1706673474.2198973,1706673474.3197176,1706673474.2189662,1706673474.3192661,11,1,7999,23999,23888,111,0,111,0,0,23888,111,23888,0,0,0,0.099828765,1706673474.319726,1
2452,1706673474.31973,1706673474.4195464,1706673474.3192661,1706673474.4191709,11,1,7999,23999,23906,93,0,93,0,0,23906,93,23906,0,0,0,0.099824665000000007,1706673474.4195547,1
2453,1706673474.420357,1706673474.5201862,1706673474.4191709,1706673474.5192072,11,1,8000,24000,23762,238,0,238,0,0,23762,238,23762,0,0,0,0.099837545,1706673474.5201945,1
2454,1706673474.5201976,1706673474.6200364,1706673474.5192072,1706673474.6186049,11,1,7999,23998,23651,347,0,347,0,0,23651,347,23651,0,0,0,0.099847145000000012,1706673474.6200447,1
2455,1706673474.6200485,1706673474.7198668,1706673474.6186049,1706673474.7194235,11,1,8000,23999,23890,109,0,109,0,0,23890,109,23890,0,0,0,0.099826605000000013,1706673474.7198751,1
2456,1706673474.7198782,1706673474.8197124,1706673474.7194235,1706673474.8188968,11,1,8000,24000,23802,198,0,198,0,0,23802,198,23802,0,0,0,0.099842625000000004,1706673474.8197207,1
2457,1706673474.8197255,1706673474.9195514,1706673474.8188968,1706673474.9185162,11,1,8000,24000,23749,251,0,251,0,0,23749,251,23749,0,0,0,0.099834305000000012,1706673474.9195597,1
2458,1706673474.9203603,1706673475.0201921,1706673474.9185162,1706673475.01899,11,1,8000,24000,23708,292,0,292,0,0,23708,292,23708,0,0,0,0.099840085000000009,1706673475.0202005,1
2459,1706673475.0202045,1706673475.1200283,1706673475.01899,1706673475.1184037,11,1,8000,24000,23607,393,0,393,0,0,23607,393,23607,0,0,0,0.099831945000000005,1706673475.1200366,1
2460,1706673475.1200407,1706673475.2198784,1706673475.1184037,1706673475.2192969,11,1,8000,23997,23855,142,0,142,0,0,23855,142,23855,0,0,0,0.099846145000000011,1706673475.2198868,1
2461,1706673475.2198906,1706673475.3197062,1706673475.2192969,1706673475.3190508,11,1,7999,23993,23833,160,0,160,0,0,23833,160,23833,0,0,0,0.099823965000000001,1706673475.3197145,1
2462,1706673475.3197181,1706673475.4195428,1706673475.3190508,1706673475.4189067,11,1,7970,23910,23755,155,0,155,0,0,23755,155,23755,0,0,0,0.099833085000000002,1706673475.4195511,1
2463,1706673475.4203546,1706673475.5201948,1706673475.4189067,1706673475.5190737,11,1,7942,23816,23544,272,0,272,0,0,23544,272,23544,0,0,0,0.099848585000000004,1706673475.5202031,1
2464,1706673475.5202069,1706673475.6200316,1706673475.5190737,1706673475.6184986,11,1,7953,23866,23496,370,0,370,0,0,23496,370,23496,0,0,0,0.09983296500000001,1706673475.6200399,1
2465,1706673475.6200428,1706673475.7198761,1706673475.6184986,1706673475.719373,11,1,7978,23941,23818,123,0,123,0,0,23818,123,23818,0,0,0,0.099841645000000007,1706673475.7198844,1
2466,1706673475.7198875,1706673475.8197153,1706673475.719373,1706673475.8190327,11,1,7984,23937,23771,166,0,166,0,0,23771,166,23771,0,0,0,0.099836045000000012,1706673475.8197236,1
2467,1706673475.8197277,1706673475.9195516,1706673475.8190327,1706673475.9189773,11,1,7966,23901,23760,141,0,141,0,0,23760,141,23760,0,0,0,0.099832345000000003,1706673475.91956,1
2468,1706673475.9203629,1706673476.02019,1706673475.9189773,1706673476.0192919,11,1,7968,23907,23689,218,0,218,0,0,23689,218,23689,0,0,0,0.099835465000000012,1706673476.0201983,1
2469,1706673476.0202024,1706673476.1200464,1706673476.0192919,1706673476.1189601,11,1,7966,23916,23652,264,0,264,0,0,23652,264,23652,0,0,0,0.099852405000000005,1706673476.1200547,1
2470,1706673476.1200583,1706673476.2198865,1706673476.1189601,1706673476.2192693,11,1,7987,23955,23804,151,0,151,0,0,23804,151,23804,0,0,0,0.099836645000000002,1706673476.2198949,1
2471,1706673476.2198989,1706673476.3197162,1706673476.2192693,1706673476.318805,11,1,7975,23904,23682,222,0,222,0,0,23682,222,23682,0,0,0,0.099825645000000005,1706673476.3197246,1
2472,1706673476.3197284,1706673476.4195645,1706673476.318805,1706673476.4193547,11,1,7971,23905,23852,53,0,53,0,0,23852,53,23852,0,0,0,0.099844545000000007,1706673476.4195728,1
2473,1706673476.4203742,1706673476.52021,1706673476.4193547,1706673476.519146,11,1,7963,23907,23649,258,0,258,0,0,23649,258,23649,0,0,0,0.099844265000000001,1706673476.5202184,1
2474,1706673476.5202217,1706673476.6200321,1706673476.519146,1706673476.6185501,11,1,7970,23895,23552,343,0,343,0,0,23552,343,23552,0,0,0,0.099818784000000008,1706673476.6200404,1
2475,1706673476.6200566,1706673476.7198768,1706673476.6185501,1706673476.7193065,11,1,7962,23886,23747,139,0,139,0,0,23747,139,23747,0,0,0,0.099828385000000006,1706673476.7198851,1
2476,1706673476.7198873,1706673476.819711,1706673476.7193065,1706673476.8190358,11,1,7965,23899,23734,165,0,165,0,0,23734,165,23734,0,0,0,0.099832165,1706673476.8197193,1
2477,1706673476.8197236,1706673476.9195471,1706673476.8190358,1706673476.9194739,11,1,7960,23891,23871,20,0,20,0,0,23871,20,23871,0,0,0,0.099831865000000006,1706673476.9195554,1
2478,1706673476.9203591,1706673477.0201886,1706673476.9194739,1706673477.0193942,11,1,7970,23901,23708,193,0,193,0,0,23708,193,23708,0,0,0,0.099837825000000005,1706673477.0201969,1
2479,1706673477.0202007,1706673477.1200292,1706673477.0193942,1706673477.1190228,11,1,7962,23900,23656,244,0,244,0,0,23656,244,23656,0,0,0,0.099836765000000008,1706673477.1200376,1
2480,1706673477.1200416,1706673477.2198846,1706673477.1190228,1706673477.2185812,11,1,7964,23901,23586,315,0,315,0,0,23586,315,23586,0,0,0,0.099851325000000005,1706673477.219893,1
2481,1706673477.2198961,1706673477.31972,1706673477.2185812,1706673477.3192217,11,1,7950,23849,23727,122,0,122,0,0,23727,122,23727,0,0,0,0.099832265000000003,1706673477.3197284,1
2482,1706673477.3197308,1706673477.4195635,1706673477.3192217,1706673477.4185669,11,1,7953,23841,23599,242,0,242,0,0,23599,242,23599,0,0,0,0.099841104999999999,1706673477.4195719,1
2483,1706673477.4203727,1706673477.5201943,1706673477.4185669,1706673477.5193684,11,1,7949,23845,23644,201,0,201,0,0,23644,201,23644,0,0,0,0.099829885000000007,1706673477.5202026,1
2484,1706673477.5202067,1706673477.6200471,1706673477.5193684,1706673477.6189222,11,1,7941,23820,23547,273,0,273,0,0,23547,273,23547,0,0,0,0.09984870500000001,1706673477.6200554,1
2485,1706673477.620059,1706673477.7198739,1706673477.6189222,1706673477.718637,11,1,7939,23803,23503,300,0,300,0,0,23503,300,23503,0,0,0,0.099823285000000012,1706673477.7198822,1
2486,1706673477.7198868,1706673477.8197236,1706673477.718637,1706673477.8186765,11,1,7941,23809,23555,254,0,254,0,0,23555,254,23555,0,0,0,0.099845085,1706673477.819732,1
2487,1706673477.8197358,1706673477.9195511,1706673477.8186765,1706673477.9177775,11,1,7940,23799,23388,411,0,411,0,0,23388,411,23388,0,0,0,0.099823625000000013,1706673477.9195595,1
2488,1706673477.920361,1706673478.0201795,1706673477.9177775,1706673478.0181537,11,1,7936,23803,23313,490,0,490,0,0,23313,490,23313,0,0,0,0.099826705000000002,1706673478.0201879,1
2489,1706673478.0201912,1706673478.1200163,1706673478.0181537,1706673478.1178131,11,1,7939,23800,23268,532,0,532,0,0,23268,532,23268,0,0,0,0.099833445000000007,1706673478.1200247,1
2490,1706673478.1200275,1706673478.2198644,1706673478.1178131,1706673478.2184474,11,1,7950,23803,23462,341,0,341,0,0,23462,341,23462,0,0,0,0.099845105000000003,1706673478.2198727,1
2491,1706673478.2198756,1706673478.3196955,1706673478.2184474,1706673478.3178651,11,1,7927,23749,23309,440,0,440,0,0,23309,440,23309,0,0,0,0.099828185,1706673478.3197038,1
2492,1706673478.3197074,1706673478.4195318,1706673478.3178651,1706673478.4182084,11,1,7930,23784,23463,321,0,321,0,0,23463,321,23463,0,0,0,0.099832765000000004,1706673478.4195402,1
2493,1706673478.4203424,1706673478.520184,1706673478.4182084,1706673478.5178883,11,1,7952,23823,23269,554,0,554,0,0,23269,554,23269,0,0,0,0.099849925000000006,1706673478.5201924,1
2494,1706673478.5201964,1706673478.6200249,1706673478.5178883,1706673478.6184702,11,1,7944,23819,23443,376,0,376,0,0,23443,376,23443,0,0,0,0.099836905000000004,1706673478.6200333,1
2495,1706673478.6200368,1706673478.719871,1706673478.6184702,1706673478.7178373,11,1,7946,23833,23346,487,0,487,0,0,23346,487,23346,0,0,0,0.099842605000000001,1706673478.7198794,1
2496,1706673478.7198825,1706673478.819715,1706673478.7178373,1706673478.8182604,11,1,7947,23837,23485,352,0,352,0,0,23485,352,23485,0,0,0,0.099840865000000001,1706673478.8197234,1
2497,1706673478.8197267,1706673478.9195416,1706673478.8182604,1706673478.9189134,11,1,7952,23833,23680,153,0,153,0,0,23680,153,23680,0,0,0,0.099823345000000008,1706673478.9195499,1
2498,1706673478.9203515,1706673479.0201705,1706673478.9189134,1706673479.0180702,11,1,7972,23931,23424,507,0,507,0,0,23424,507,23424,0,0,0,0.099827305000000005,1706673479.0201788,1
2499,1706673479.0201819,1706673479.1200078,1706673479.0180702,1706673479.1184473,11,1,7966,23882,23505,377,0,377,0,0,23505,377,23505,0,0,0,0.099834085000000003,1706673479.1200161,1
2500,1706673479.1200192,1706673479.2198489,1706673479.1184473,1706673479.217988,11,1,7965,23884,23435,449,0,449,0,0,23435,449,23435,0,0,0,0.099837985000000004,1706673479.2198572,1
2501,1706673479.2198608,1706673479.3196948,1706673479.217988,1706673479.3184214,11,1,7966,23886,23578,308,0,308,0,0,23578,308,23578,0,0,0,0.099842365000000002,1706673479.3197031,1
2502,1706673479.3197062,1706673479.4195266,1706673479.3184214,1706673479.4179728,11,1,7959,23875,23499,376,0,376,0,0,23499,376,23499,0,0,0,0.09982882500000001,1706673479.4195349,1
2503,1706673479.4203367,1706673479.5201666,1706673479.4179728,1706673479.5186005,11,1,7977,23917,23539,378,0,378,0,0,23539,378,23539,0,0,0,0.099838325000000006,1706673479.520175,1
2504,1706673479.5201778,1706673479.6199975,1706673479.5186005,1706673479.618053,11,1,7944,23866,23396,470,0,470,0,0,23396,470,23396,0,0,0,0.099828065000000007,1706673479.6200058,1
2505,1706673479.6200092,1706673479.7198396,1706673479.618053,1706673479.7178111,11,1,7976,23913,23423,490,0,490,0,0,23423,490,23423,0,0,0,0.099838705,1706673479.7198479,1
2506,1706673479.7198503,1706673479.8196952,1706673479.7178111,1706673479.8182793,11,1,7967,23886,23543,343,0,343,0,0,23543,343,23543,0,0,0,0.099853364999999999,1706673479.8197036,1
2507,1706673479.8197062,1706673479.919524,1706673479.8182793,1706673479.9179986,11,1,7958,23861,23492,369,0,369,0,0,23492,369,23492,0,0,0,0.099826185000000012,1706673479.9195323,1
2508,1706673479.9203355,1706673480.0201724,1706673479.9179986,1706673480.0179369,11,1,7964,23890,23350,540,0,540,0,0,23350,540,23350,0,0,0,0.099845105000000003,1706673480.0201807,1
2509,1706673480.0201838,1706673480.1200118,1706673480.0179369,1706673480.1185749,11,1,7973,23920,23572,348,0,348,0,0,23572,348,23572,0,0,0,0.099836425000000006,1706673480.1200202,1
2510,1706673480.120024,1706673480.2198565,1706673480.1185749,1706673480.2181721,11,1,7951,23854,23447,407,0,407,0,0,23447,407,23447,0,0,0,0.099840765000000012,1706673480.2198648,1
2511,1706673480.2198689,1706673480.3196886,1706673480.2181721,1706673480.3185952,11,1,7945,23844,23579,265,0,265,0,0,23579,265,23579,0,0,0,0.099828065000000007,1706673480.3196969,1
2512,1706673480.3197002,1706673480.419522,1706673480.3185952,1706673480.4184387,11,1,7960,23897,23634,263,0,263,0,0,23634,263,23634,0,0,0,0.099830105000000002,1706673480.4195304,1
2513,1706673480.4203322,1706673480.5201659,1706673480.4184387,1706673480.5179687,11,1,7954,23858,23328,530,0,530,0,0,23328,530,23328,0,0,0,0.099842145000000007,1706673480.5201743,1
2514,1706673480.5201783,1706673480.6200066,1706673480.5179687,1706673480.6187189,11,1,7974,23926,23614,312,0,312,0,0,23614,312,23614,0,0,0,0.099836685000000008,1706673480.6200149,1
2515,1706673480.6200185,1706673480.7198522,1706673480.6187189,1706673480.7180436,11,1,7964,23907,23470,437,0,437,0,0,23470,437,23470,0,0,0,0.099842145000000007,1706673480.7198606,1
2516,1706673480.7198639,1706673480.8196988,1706673480.7180436,1706673480.818352,11,1,7968,23906,23580,326,0,326,0,0,23580,326,23580,0,0,0,0.099843325000000011,1706673480.8197072,1
2517,1706673480.8197105,1706673480.9195323,1706673480.818352,1706673480.9189281,11,1,7968,23898,23750,148,0,148,0,0,23750,148,23750,0,0,0,0.099830085000000013,1706673480.9195406,1
2518,1706673480.9203434,1706673481.0201714,1706673480.9189281,1706673481.0183506,11,1,7956,23878,23438,440,0,440,0,0,23438,440,23438,0,0,0,0.099836305,1706673481.0201797,1
2519,1706673481.0201833,1706673481.1200039,1706673481.0183506,1706673481.1187408,11,1,7970,23924,23618,306,0,306,0,0,23618,306,23618,0,0,0,0.099829045000000005,1706673481.1200123,1
2520,1706673481.1200154,1706673481.219841,1706673481.1187408,1706673481.2185812,11,1,7966,23901,23596,305,0,305,0,0,23596,305,23596,0,0,0,0.099834025000000007,1706673481.2198493,1
2521,1706673481.2198534,1706673481.3196919,1706673481.2185812,1706673481.318213,11,1,7982,23943,23585,358,0,358,0,0,23585,358,23585,0,0,0,0.099846725000000011,1706673481.3197002,1
2522,1706673481.3197033,1706673481.4195139,1706673481.318213,1706673481.4185901,11,1,7975,23908,23683,225,0,225,0,0,23683,225,23683,0,0,0,0.099818925000000003,1706673481.4195223,1
2523,1706673481.4203231,1706673481.5201504,1706673481.4185901,1706673481.5179448,11,1,7960,23885,23353,532,0,532,0,0,23353,532,23353,0,0,0,0.099835565000000001,1706673481.5201588,1
2524,1706673481.5201626,1706673481.6199877,1706673481.5179448,1706673481.6185303,11,1,7974,23909,23556,353,0,353,0,0,23556,353,23556,0,0,0,0.099833425000000003,1706673481.6199961,1
2525,1706673481.6199994,1706673481.7198334,1706673481.6185303,1706673481.7180662,11,1,7973,23931,23504,427,0,427,0,0,23504,427,23504,0,0,0,0.09984232500000001,1706673481.7198417,1
2526,1706673481.7198453,1706673481.8196838,1706673481.7180662,1706673481.8185744,11,1,7963,23915,23646,269,0,269,0,0,23646,269,23646,0,0,0,0.099846905,1706673481.8196921,1
2527,1706673481.8196957,1706673481.9195175,1706673481.8185744,1706673481.9180274,11,1,7947,23872,23511,361,0,361,0,0,23511,361,23511,0,0,0,0.099830165000000012,1706673481.9195259,1
2528,1706673481.9203267,1706673482.0201557,1706673481.9180274,1706673482.0186529,11,1,7984,23946,23582,364,0,364,0,0,23582,364,23582,0,0,0,0.099837325000000005,1706673482.020164,1
2529,1706673482.0201674,1706673482.1199937,1706673482.0186529,1706673482.1190143,11,1,7981,23923,23685,238,0,238,0,0,23685,238,23685,0,0,0,0.099834645,1706673482.120002,1
2530,1706673482.1200054,1706673482.21983,1706673482.1190143,1706673482.218529,11,1,7978,23924,23608,316,0,316,0,0,23608,316,23608,0,0,0,0.099833105000000005,1706673482.2198384,1
2531,1706673482.2198415,1706673482.3196681,1706673482.218529,1706673482.319073,11,1,7949,23846,23701,145,0,145,0,0,23701,145,23701,0,0,0,0.099834885000000012,1706673482.3196764,1
2532,1706673482.31968,1706673482.4195089,1706673482.319073,1706673482.418406,11,1,7956,23893,23625,268,0,268,0,0,23625,268,23625,0,0,0,0.099837405000000004,1706673482.4195173,1
2533,1706673482.4203188,1706673482.5201352,1706673482.418406,1706673482.5189247,11,1,7977,23918,23624,294,0,294,0,0,23624,294,23624,0,0,0,0.099824585000000007,1706673482.5201435,1
2534,1706673482.5201461,1706673482.6199751,1706673482.5189247,1706673482.6185358,11,1,7976,23902,23554,348,0,348,0,0,23554,348,23554,0,0,0,0.099837405000000004,1706673482.6199834,1
2535,1706673482.6199872,1706673482.7198033,1706673482.6185358,1706673482.7188709,11,1,7961,23877,23651,226,0,226,0,0,23651,226,23651,0,0,0,0.099824525000000011,1706673482.7198117,1
2536,1706673482.7198162,1706673482.8196549,1706673482.7188709,1706673482.8183475,11,1,7954,23873,23556,317,0,317,0,0,23556,317,23556,0,0,0,0.099847185000000005,1706673482.8196633,1
2537,1706673482.8196664,1706673482.9194877,1706673482.8183475,1706673482.9189777,11,1,7960,23900,23775,125,0,125,0,0,23775,125,23775,0,0,0,0.099829585000000012,1706673482.9194961,1
2538,1706673482.9202986,1706673483.0201354,1706673482.9189777,1706673483.0183234,11,1,7964,23920,23482,438,0,438,0,0,23482,438,23482,0,0,0,0.099845185000000003,1706673483.0201437,1
2539,1706673483.0201478,1706673483.1199753,1706673483.0183234,1706673483.1188784,11,1,7969,23938,23672,266,0,266,0,0,23672,266,23672,0,0,0,0.099835765000000007,1706673483.1199837,1
2540,1706673483.1199863,1706673483.219811,1706673483.1188784,1706673483.2181902,11,1,7989,23959,23567,392,0,392,0,0,23567,392,23567,0,0,0,0.099832925000000003,1706673483.2198193,1
2541,1706673483.2198226,1706673483.3196571,1706673483.2181902,1706673483.3185856,11,1,7982,23954,23694,260,0,260,0,0,23694,260,23694,0,0,0,0.099842805000000007,1706673483.3196654,1
2542,1706673483.319669,1706673483.4194791,1706673483.3185856,1706673483.4184096,11,1,7962,23925,23665,260,0,260,0,0,23665,260,23665,0,0,0,0.099818425000000002,1706673483.4194875,1
2543,1706673483.4202905,1706673483.5201149,1706673483.4184096,1706673483.5188885,11,1,7972,23896,23599,297,0,297,0,0,23599,297,23599,0,0,0,0.099832645000000012,1706673483.520123,1
2544,1706673483.5201263,1706673483.6199687,1706673483.5188885,1706673483.6186771,11,1,7955,23862,23549,313,0,313,0,0,23549,313,23549,0,0,0,0.099850745000000005,1706673483.619977,1
2545,1706673483.6199808,1706673483.7198179,1706673483.6186771,1706673483.7191763,11,1,7942,23870,23714,156,0,156,0,0,23714,156,23714,0,0,0,0.099845405000000012,1706673483.7198262,1
2546,1706673483.7198293,1706673483.8196628,1706673483.7191763,1706673483.8185551,11,1,7962,23862,23593,269,0,269,0,0,23593,269,23593,0,0,0,0.099841885000000005,1706673483.8196712,1
2547,1706673483.819675,1706673483.9195185,1706673483.8185551,1706673483.9191046,11,1,7964,23887,23785,102,0,102,0,0,23785,102,23785,0,0,0,0.099851905000000005,1706673483.9195268,1
2548,1706673483.9203284,1706673484.020143,1706673483.9191046,1706673484.0186753,11,1,7964,23893,23538,355,0,355,0,0,23538,355,23538,0,0,0,0.099822885,1706673484.0201514,1
2549,1706673484.0201547,1706673484.1199858,1706673484.0186753,1706673484.1193447,11,1,7952,23873,23717,156,0,156,0,0,23717,156,23717,0,0,0,0.099839385000000003,1706673484.1199942,1
2550,1706673484.1199982,1706673484.21982,1706673484.1193447,1706673484.2191114,11,1,7961,23889,23716,173,0,173,0,0,23716,173,23716,0,0,0,0.099830105000000002,1706673484.2198284,1
2551,1706673484.2198319,1706673484.319653,1706673484.2191114,1706673484.318593,11,1,7975,23913,23656,257,0,257,0,0,23656,257,23656,0,0,0,0.099829345,1706673484.3196614,1
2552,1706673484.320065,1706673484.4198864,1706673484.318593,1706673484.4191911,11,1,7966,23897,23728,169,0,169,0,0,23728,169,23728,0,0,0,0.099829685000000001,1706673484.4198947,1
2553,1706673484.4198985,1706673484.5197239,1706673484.4191911,1706673484.5185745,11,1,7965,23906,23627,279,0,279,0,0,23627,279,23627,0,0,0,0.099833765000000005,1706673484.5197322,1
2554,1706673484.5197361,1706673484.619565,1706673484.5185745,1706673484.6188915,11,1,7980,23909,23745,164,0,164,0,0,23745,164,23745,0,0,0,0.099837245000000005,1706673484.6195734,1
2555,1706673484.6203732,1706673484.720202,1706673484.6188915,1706673484.7191644,11,1,7975,23916,23664,252,0,252,0,0,23664,252,23664,0,0,0,0.09983694500000001,1706673484.7202101,1
2556,1706673484.7202137,1706673484.8200471,1706673484.7191644,1706673484.8185618,11,1,7967,23895,23536,359,0,359,0,0,23536,359,23536,0,0,0,0.099841885000000005,1706673484.8200555,1
2557,1706673484.8200591,1706673484.9198864,1706673484.8185618,1706673484.919209,11,1,7963,23902,23737,165,0,165,0,0,23737,165,23737,0,0,0,0.099835725,1706673484.9198947,1
2558,1706673484.9198976,1706673485.0197332,1706673484.919209,1706673485.0188155,11,1,7963,23897,23674,223,0,223,0,0,23674,223,23674,0,0,0,0.099844025000000003,1706673485.0197415,1
2559,1706673485.0197449,1706673485.1195824,1706673485.0188155,1706673485.1193099,11,1,7954,23863,23795,68,0,68,0,0,23795,68,23795,0,0,0,0.099845965000000009,1706673485.1195908,1
2560,1706673485.1199934,1706673485.2198246,1706673485.1193099,1706673485.2189956,11,1,7949,23884,23682,202,0,202,0,0,23682,202,23682,0,0,0,0.099839505000000009,1706673485.2198329,1
2561,1706673485.2198367,1706673485.3196619,1706673485.2189956,1706673485.3184757,11,1,7966,23871,23584,287,0,287,0,0,23584,287,23584,0,0,0,0.09983354500000001,1706673485.3196702,1
2562,1706673485.3196733,1706673485.4195077,1706673485.3184757,1706673485.4188578,11,1,7962,23881,23722,159,0,159,0,0,23722,159,23722,0,0,0,0.099842845,1706673485.4195161,1
2563,1706673485.4203198,1706673485.5201583,1706673485.4188578,1706673485.5193655,11,1,7982,23949,23756,193,0,193,0,0,23756,193,23756,0,0,0,0.099846785000000007,1706673485.5201666,1
2564,1706673485.5201705,1706673485.6199954,1706673485.5193655,1706673485.6193447,11,1,7972,23907,23748,159,0,159,0,0,23748,159,23748,0,0,0,0.099833305000000011,1706673485.6200037,1
2565,1706673485.6200066,1706673485.7198203,1706673485.6193447,1706673485.7187691,11,1,7964,23879,23623,256,0,256,0,0,23623,256,23623,0,0,0,0.099822085000000005,1706673485.7198286,1
2566,1706673485.7198324,1706673485.8196638,1706673485.7187691,1706673485.81932,11,1,7960,23890,23805,85,0,85,0,0,23805,85,23805,0,0,0,0.099839645000000005,1706673485.8196721,1
2567,1706673485.8196754,1706673485.9194925,1706673485.81932,1706673485.9192085,11,1,7986,23940,23869,71,0,71,0,0,23869,71,23869,0,0,0,0.09982534500000001,1706673485.9195008,1
2568,1706673485.9203038,1706673486.020139,1706673485.9192085,1706673486.0187483,11,1,7965,23883,23546,337,0,337,0,0,23546,337,23546,0,0,0,0.099843565000000009,1706673486.0201473,1
2569,1706673486.0201509,1706673486.1199739,1706673486.0187483,1706673486.1192677,11,1,7960,23889,23717,172,0,172,0,0,23717,172,23717,0,0,0,0.099831325000000012,1706673486.1199822,1
2570,1706673486.1199851,1706673486.2198131,1706673486.1192677,1706673486.2185884,11,1,7996,23976,23679,297,0,297,0,0,23679,297,23679,0,0,0,0.099836225000000001,1706673486.2198212,1
2571,1706673486.2198246,1706673486.3196454,1706673486.2185884,1706673486.3193748,11,1,7974,23914,23847,67,0,67,0,0,23847,67,23847,0,0,0,0.099829205000000004,1706673486.3196537,1
2572,1706673486.3200564,1706673486.4198725,1706673486.3193748,1706673486.4190264,11,1,7966,23905,23743,162,0,162,0,0,23743,162,23743,0,0,0,0.09983694500000001,1706673486.4198933,1
2573,1706673486.4198961,1706673486.5197291,1706673486.4190264,1706673486.5184352,11,1,7947,23848,23551,297,0,297,0,0,23551,297,23551,0,0,0,0.099841425000000011,1706673486.5197375,1
2574,1706673486.5197418,1706673486.6195724,1706673486.5184352,1706673486.6191099,11,1,7974,23936,23822,114,0,114,0,0,23822,114,23822,0,0,0,0.099838985000000005,1706673486.6195807,1
2575,1706673486.6203825,1706673486.7202227,1706673486.6191099,1706673486.7190027,11,1,7957,23894,23598,296,0,296,0,0,23598,296,23598,0,0,0,0.099848445000000008,1706673486.7202311,1
2576,1706673486.7202351,1706673486.8200746,1706673486.7190027,1706673486.8186123,11,1,7973,23903,23549,354,0,354,0,0,23549,354,23549,0,0,0,0.099847745000000002,1706673486.8200829,1
2577,1706673486.8200858,1706673486.9199221,1706673486.8186123,1706673486.9181354,11,1,7976,23920,23488,432,0,432,0,0,23488,432,23488,0,0,0,0.09984456500000001,1706673486.9199302,1
2578,1706673486.919934,1706673487.019773,1706673486.9181354,1706673487.017575,11,1,7980,23924,23393,531,0,531,0,0,23393,531,23393,0,0,0,0.099847205000000008,1706673487.0197814,1
2579,1706673487.0197849,1706673487.1196122,1706673487.017575,1706673487.1185329,11,1,7961,23911,23649,262,0,262,0,0,23649,262,23649,0,0,0,0.099835565000000001,1706673487.1196206,1
2580,1706673487.1200242,1706673487.2198594,1706673487.1185329,1706673487.217916,11,1,7972,23938,23469,469,0,469,0,0,23469,469,23469,0,0,0,0.099843425,1706673487.2198677,1
2581,1706673487.2198708,1706673487.3197134,1706673487.217916,1706673487.3184295,11,1,7985,23946,23635,311,0,311,0,0,23635,311,23635,0,0,0,0.099850985000000003,1706673487.3197217,1
2582,1706673487.3197253,1706673487.4195645,1706673487.3184295,1706673487.4181688,11,1,7967,23896,23558,338,0,338,0,0,23558,338,23558,0,0,0,0.099847565000000013,1706673487.4195728,1
2583,1706673487.4203763,1706673487.5202105,1706673487.4181688,1706673487.5177875,11,1,7973,23895,23310,585,0,585,0,0,23310,585,23310,0,0,0,0.099842645000000008,1706673487.5202188,1
2584,1706673487.5202217,1706673487.6200454,1706673487.5177875,1706673487.6182499,11,1,7979,23932,23498,434,0,434,0,0,23498,434,23498,0,0,0,0.099832085000000001,1706673487.6200538,1
2585,1706673487.6200571,1706673487.7198741,1706673487.6182499,1706673487.7177677,11,1,7984,23967,23459,508,0,508,0,0,23459,508,23459,0,0,0,0.099825445000000013,1706673487.7198825,1
2586,1706673487.7198865,1706673487.8197105,1706673487.7177677,1706673487.8182449,11,1,7962,23883,23529,354,0,354,0,0,23529,354,23529,0,0,0,0.099832245,1706673487.8197188,1
2587,1706673487.8197219,1706673487.9195545,1706673487.8182449,1706673487.9181426,11,1,7963,23908,23566,342,0,342,0,0,23566,342,23566,0,0,0,0.099840785000000001,1706673487.9195628,1
2588,1706673487.9203639,1706673488.020195,1706673487.9181426,1706673488.0184994,11,1,7997,23995,23586,409,0,409,0,0,23586,409,23586,0,0,0,0.099839385000000003,1706673488.0202034,1
2589,1706673488.0202069,1706673488.1200454,1706673488.0184994,1706673488.1183527,11,1,8000,23998,23588,410,0,410,0,0,23588,410,23588,0,0,0,0.099846905,1706673488.1200538,1
2590,1706673488.1200566,1706673488.2198913,1706673488.1183527,1706673488.2179518,11,1,7998,23998,23530,468,0,468,0,0,23530,468,23530,0,0,0,0.099843005000000012,1706673488.2198997,1
2591,1706673488.219902,1706673488.3197203,1706673488.2179518,1706673488.3184946,11,1,8000,24000,23703,297,0,297,0,0,23703,297,23703,0,0,0,0.099826605000000013,1706673488.3197286,1
2592,1706673488.3197329,1706673488.41958,1706673488.3184946,1706673488.417881,11,1,8000,23999,23588,411,0,411,0,0,23588,411,23588,0,0,0,0.099855345000000012,1706673488.4195883,1
2593,1706673488.419991,1706673488.5198104,1706673488.417881,1706673488.5183234,11,1,7999,23999,23639,360,0,360,0,0,23639,360,23639,0,0,0,0.099827825000000009,1706673488.5198188,1
2594,1706673488.5198226,1706673488.6196518,1706673488.5183234,1706673488.6178277,11,1,8000,24000,23559,441,0,441,0,0,23559,441,23559,0,0,0,0.099837645000000003,1706673488.6196601,1
2595,1706673488.6200638,1706673488.7198761,1706673488.6178277,1706673488.7186475,11,1,8000,24000,23702,298,0,298,0,0,23702,298,23702,0,0,0,0.09982062500000001,1706673488.7198844,1
2596,1706673488.7198868,1706673488.8197207,1706673488.7186475,1706673488.8180828,11,1,8000,24000,23604,396,0,396,0,0,23604,396,23604,0,0,0,0.099842225000000007,1706673488.8197291,1
2597,1706673488.819732,1706673488.9195611,1706673488.8180828,1706673488.9179575,11,1,8000,24000,23612,388,0,388,0,0,23612,388,23612,0,0,0,0.099837545,1706673488.9195695,1
2598,1706673488.920372,1706673489.0201957,1706673488.9179575,1706673489.0185714,11,1,8000,23999,23606,393,0,393,0,0,23606,393,23606,0,0,0,0.099832105000000004,1706673489.0202041,1
2599,1706673489.0202096,1706673489.1200359,1706673489.0185714,1706673489.1179721,11,1,8000,23999,23501,498,0,498,0,0,23501,498,23501,0,0,0,0.099834745000000003,1706673489.1200442,1
2600,1706673489.1200464,1706673489.2198637,1706673489.1179721,1706673489.2186303,11,1,8000,24000,23701,299,0,299,0,0,23701,299,23701,0,0,0,0.099825585000000008,1706673489.219872,1
2601,1706673489.2198758,1706673489.3197234,1706673489.2186303,1706673489.3180084,11,1,7999,23999,23584,415,0,415,0,0,23584,415,23584,0,0,0,0.099855845000000013,1706673489.3197317,1
2602,1706673489.3197348,1706673489.4195454,1706673489.3180084,1706673489.4182773,11,1,8000,23990,23683,307,0,307,0,0,23683,307,23683,0,0,0,0.099819045000000009,1706673489.4195538,1
2603,1706673489.4203558,1706673489.5201809,1706673489.4182773,1706673489.5187404,11,1,7947,23849,23501,348,0,348,0,0,23501,348,23501,0,0,0,0.099833425000000003,1706673489.5201893,1
2604,1706673489.5201929,1706673489.6200252,1706673489.5187404,1706673489.618083,11,1,7968,23926,23457,469,0,469,0,0,23457,469,23457,0,0,0,0.099840705000000002,1706673489.6200335,1
2605,1706673489.6200368,1706673489.7198696,1706673489.618083,1706673489.7184031,11,1,7975,23945,23590,355,0,355,0,0,23590,355,23590,0,0,0,0.099841145000000006,1706673489.719878,1
2606,1706673489.7198822,1706673489.8197145,1706673489.7184031,1706673489.8178103,11,1,7969,23913,23453,460,0,460,0,0,23453,460,23453,0,0,0,0.099840645000000006,1706673489.8197229,1
2607,1706673489.8197255,1706673489.9195631,1706673489.8178103,1706673489.9183037,11,1,7949,23872,23567,305,0,305,0,0,23567,305,23567,0,0,0,0.099845965000000009,1706673489.9195714,1
2608,1706673489.9203737,1706673490.0201812,1706673489.9183037,1706673490.0179992,11,1,7988,23954,23427,527,0,527,0,0,23427,527,23427,0,0,0,0.099815805000000007,1706673490.0201895,1
2609,1706673490.0201933,1706673490.1199939,1706673490.0179992,1706673490.11781,11,1,7879,23666,23138,528,0,528,0,0,23138,528,23138,0,0,0,0.099808925000000007,1706673490.1200023,1
2610,1706673490.1200063,1706673490.2198386,1706673490.11781,1706673490.2184772,11,1,7944,23893,23563,330,0,330,0,0,23563,330,23563,0,0,0,0.099840545000000003,1706673490.219847,1
2611,1706673490.2198503,1706673490.31967,1706673490.2184772,1706673490.3178914,11,1,7952,23873,23442,431,0,431,0,0,23442,431,23442,0,0,0,0.099827945000000001,1706673490.3196783,1
2612,1706673490.3196819,1706673490.4195082,1706673490.3178914,1706673490.4183345,11,1,7974,23927,23643,284,0,284,0,0,23643,284,23643,0,0,0,0.099834725000000013,1706673490.4195166,1
2613,1706673490.4203179,1706673490.5201428,1706673490.4183345,1706673490.518713,11,1,7979,23940,23594,346,0,346,0,0,23594,346,23594,0,0,0,0.099833165000000001,1706673490.5201511,1
2614,1706673490.5201554,1706673490.6199932,1706673490.518713,1706673490.6181631,11,1,7977,23926,23484,442,0,442,0,0,23484,442,23484,0,0,0,0.099846225000000011,1706673490.6200016,1
2615,1706673490.6200042,1706673490.7198205,1706673490.6181631,1706673490.7185626,11,1,7971,23917,23613,304,0,304,0,0,23613,304,23613,0,0,0,0.099824545000000001,1706673490.7198286,1
2616,1706673490.7198334,1706673490.8196471,1706673490.7185626,1706673490.8185244,11,1,7986,23939,23667,272,0,272,0,0,23667,272,23667,0,0,0,0.099822105000000008,1706673490.8196554,1
2617,1706673490.8200581,1706673490.9198947,1706673490.8185244,1706673490.9178505,11,1,7976,23927,23433,494,0,494,0,0,23433,494,23433,0,0,0,0.099844945000000004,1706673490.919903,1
2618,1706673490.9199066,1706673491.0197408,1706673490.9178505,1706673491.0182621,11,1,7984,23931,23573,358,0,358,0,0,23573,358,23573,0,0,0,0.099842425000000012,1706673491.0197489,1
2619,1706673491.0197523,1706673491.1195693,1706673491.0182621,1706673491.1185267,11,1,7976,23944,23691,253,0,253,0,0,23691,253,23691,0,0,0,0.099825445000000013,1706673491.1195776,1
2620,1706673491.1203802,1706673491.2202125,1706673491.1185267,1706673491.2189755,11,1,7969,23922,23661,261,0,261,0,0,23661,261,23661,0,0,4.1670000000000001e-06,0.099840585000000009,1706673491.2202208,1
2621,1706673491.2202246,1706673491.3200579,1706673491.2189755,1706673491.3184409,11,1,7971,23890,23499,391,0,391,0,0,23499,391,23499,0,0,0,0.099841625000000003,1706673491.3200662,1
2622,1706673491.32007,1706673491.4198985,1706673491.3184409,1706673491.4184434,11,1,7977,23912,23560,352,0,352,0,0,23560,352,23560,0,0,0,0.099836865000000011,1706673491.4199069,1
2623,1706673491.4199107,1706673491.5197387,1706673491.4184434,1706673491.5179565,11,1,7981,23937,23506,431,0,431,0,0,23506,431,23506,0,0,0,0.099836245000000004,1706673491.519747,1
2624,1706673491.5197511,1706673491.6195819,1706673491.5179565,1706673491.6188216,11,1,7978,23930,23745,185,0,185,0,0,23745,185,23745,0,0,0,0.099839285,1706673491.6195903,1
2625,1706673491.619992,1706673491.7198186,1706673491.6188216,1706673491.7188265,11,1,7967,23911,23670,241,0,241,0,0,23670,241,23670,0,0,0,0.099834805000000013,1706673491.7198269,1
2626,1706673491.719831,1706673491.8196685,1706673491.7188265,1706673491.8187089,11,1,7969,23898,23665,233,0,233,0,0,23665,233,23665,0,0,0,0.099845905000000013,1706673491.8196769,1
2627,1706673491.8196807,1706673491.9195237,1706673491.8187089,1706673491.9181695,11,1,7979,23922,23594,328,0,328,0,0,23594,328,23594,0,0,0,0.099851325000000005,1706673491.9195321,1
2628,1706673491.9203351,1706673492.0201445,1706673491.9181695,1706673492.0185471,11,1,7977,23928,23542,386,0,386,0,0,23542,386,23542,0,0,0,0.099817805000000009,1706673492.0201528,1
2629,1706673492.0201559,1706673492.119987,1706673492.0185471,1706673492.1189256,11,1,7979,23918,23661,257,0,257,0,0,23661,257,23661,0,0,0,0.099839325000000007,1706673492.1199951,1
2630,1706673492.1199987,1706673492.2198246,1706673492.1189256,1706673492.2182586,11,1,7975,23933,23554,379,0,379,0,0,23554,379,23554,0,0,0,0.099834245000000002,1706673492.2198329,1
2631,1706673492.2198358,1706673492.3196568,1706673492.2182586,1706673492.3188071,11,1,7970,23913,23706,207,0,207,0,0,23706,207,23706,0,0,0,0.099829424999999999,1706673492.3196652,1
2632,1706673492.3196695,1706673492.4194846,1706673492.3188071,1706673492.4181433,11,1,7973,23928,23603,325,0,325,0,0,23603,325,23603,0,0,0,0.099823565000000003,1706673492.419493,1
2633,1706673492.4202957,1706673492.5201118,1706673492.4181433,1706673492.5182447,11,1,7971,23917,23469,448,0,448,0,0,23469,448,23469,0,0,0,0.099824445000000012,1706673492.5201201,1
2634,1706673492.5201235,1706673492.6199574,1706673492.5182447,1706673492.6187706,11,1,7972,23926,23641,285,0,285,0,0,23641,285,23641,0,0,0,0.099842185,1706673492.6199656,1
2635,1706673492.6199684,1706673492.7197936,1706673492.6187706,1706673492.7187212,11,1,7977,23934,23674,260,0,260,0,0,23674,260,23674,0,0,0,0.099833525000000006,1706673492.7198019,1
2636,1706673492.7198055,1706673492.8196425,1706673492.7187212,1706673492.819073,11,1,7973,23927,23788,139,0,139,0,0,23788,139,23788,0,0,0,0.099845365000000005,1706673492.8196509,1
2637,1706673492.8200526,1706673492.9198856,1706673492.819073,1706673492.918447,11,1,7973,23913,23565,348,0,348,0,0,23565,348,23565,0,0,0,0.099841325000000009,1706673492.919894,1
2638,1706673492.9198973,1706673493.0197351,1706673492.918447,1706673493.0188498,11,1,7959,23892,23677,215,0,215,0,0,23677,215,23677,0,0,0,0.099846005000000002,1706673493.0197432,1
2639,1706673493.0197465,1706673493.1195836,1706673493.0188498,1706673493.1181939,11,1,7971,23919,23582,337,0,337,0,0,23582,337,23582,0,0,0,0.099845305000000009,1706673493.119592,1
2640,1706673493.1199939,1706673493.2198269,1706673493.1181939,1706673493.2188499,11,1,7930,23801,23564,237,0,237,0,0,23564,237,23564,0,0,0,0.099841265000000012,1706673493.2198353,1
2641,1706673493.2198386,1706673493.3196764,1706673493.2188499,1706673493.3191195,11,1,7859,23507,23371,136,0,136,0,0,23371,136,23371,0,0,0,0.099846165000000001,1706673493.3196847,1
2642,1706673493.3196888,1706673493.4195209,1706673493.3191195,1706673493.4185083,11,1,7906,23677,23431,246,0,246,0,0,23431,246,23431,0,0,0,0.099840345000000011,1706673493.4195292,1
2643,1706673493.420331,1706673493.5201631,1706673493.4185083,1706673493.5188479,11,1,7953,23870,23551,319,0,319,0,0,23551,319,23551,0,0,0,0.099840405000000007,1706673493.5201714,1
2644,1706673493.5201747,1706673493.6200252,1706673493.5188479,1706673493.6183825,11,1,7971,23914,23517,397,0,397,0,0,23517,397,23517,0,0,0,0.099858825000000012,1706673493.6200335,1
2645,1706673493.6200366,1706673493.7198801,1706673493.6183825,1706673493.7189536,11,1,7972,23930,23705,225,0,225,0,0,23705,225,23705,0,0,0,0.099851845000000009,1706673493.7198884,1
2646,1706673493.7198923,1706673493.819716,1706673493.7189536,1706673493.8191721,11,1,7985,23946,23813,133,0,133,0,0,23813,133,23813,0,0,0,0.099832145000000011,1706673493.8197243,1
2647,1706673493.8197291,1706673493.9195495,1706673493.8191721,1706673493.9184213,11,1,7968,23899,23626,273,0,273,0,0,23626,273,23626,0,0,0,0.099828605000000001,1706673493.9195578,1
2648,1706673493.9203579,1706673494.0201836,1706673493.9184213,1706673494.0189917,11,1,7989,23971,23682,289,0,289,0,0,23682,289,23682,0,0,0,0.099833925000000004,1706673494.0201919,1
2649,1706673494.020196,1706673494.1200309,1706673494.0189917,1706673494.1183438,11,1,8000,24000,23592,408,0,408,0,0,23592,408,23592,0,0,0,0.099843305000000007,1706673494.1200392,1
2650,1706673494.1200421,1706673494.2198706,1706673494.1183438,1706673494.2187672,11,1,8000,24000,23732,268,0,268,0,0,23732,268,23732,0,0,0,0.099836805000000001,1706673494.2198789,1
2651,1706673494.2198827,1706673494.319715,1706673494.2187672,1706673494.3189867,11,1,8000,24000,23823,177,0,177,0,0,23823,177,23823,0,0,0,0.099840545000000003,1706673494.3197234,1
2652,1706673494.3197267,1706673494.4195466,1706673494.3189867,1706673494.4184332,11,1,8000,24000,23730,270,0,270,0,0,23730,270,23730,0,0,0,0.099828145000000007,1706673494.4195549,1
2653,1706673494.4203572,1706673494.5201883,1706673494.4184332,1706673494.5182853,11,1,8000,24000,23540,460,0,460,0,0,23540,460,23540,0,0,0,0.09983934500000001,1706673494.5201967,1
2654,1706673494.5201998,1706673494.6200283,1706673494.5182853,1706673494.6189079,11,1,8000,23999,23728,271,0,271,0,0,23728,271,23728,0,0,0,0.099836725000000001,1706673494.6200366,1
2655,1706673494.6200397,1706673494.719872,1706673494.6189079,1706673494.7187526,11,1,8000,24000,23729,271,0,271,0,0,23729,271,23729,0,0,0,0.099840685000000012,1706673494.7198803,1
2656,1706673494.7198832,1706673494.8196967,1706673494.7187526,1706673494.8189886,11,1,7955,23872,23700,172,0,172,0,0,23700,172,23700,0,0,0,0.099821805,1706673494.819705,1
2657,1706673494.8197093,1706673494.9195392,1706673494.8189886,1706673494.9184239,11,1,7969,23887,23616,271,0,271,0,0,23616,271,23616,0,0,0,0.099838265000000009,1706673494.9195476,1
2658,1706673494.9203503,1706673495.0201712,1706673494.9184239,1706673495.0188515,11,1,7984,23952,23632,320,0,320,0,0,23632,320,23632,0,0,0,0.099829225000000008,1706673495.0201795,1
2659,1706673495.0201838,1706673495.1200037,1706673495.0188515,1706673495.1185334,11,1,7955,23892,23536,356,0,356,0,0,23536,356,23536,0,0,0,0.099828205000000003,1706673495.120012,1
2660,1706673495.1200156,1706673495.2198429,1706673495.1185334,1706673495.2188909,11,1,7978,23923,23692,231,0,231,0,0,23692,231,23692,0,0,0,0.099835625000000011,1706673495.2198513,1
2661,1706673495.2198551,1706673495.319675,1706673495.2188909,1706673495.3185973,11,1,7985,23957,23696,261,0,261,0,0,23696,261,23696,0,0,0,0.099828305000000006,1706673495.3196833,1
2662,1706673495.3196874,1706673495.4195316,1706673495.3185973,1706673495.4192176,11,1,7966,23897,23819,78,0,78,0,0,23819,78,23819,0,0,0,0.099852465000000001,1706673495.4195399,1
2663,1706673495.4203413,1706673495.5201707,1706673495.4192176,1706673495.5185966,11,1,7973,23916,23536,380,0,380,0,0,23536,380,23536,0,0,0,0.099837845000000008,1706673495.520179,1
2664,1706673495.5201831,1706673495.6200235,1706673495.5185966,1706673495.6192648,11,1,7981,23937,23752,185,0,185,0,0,23752,185,23752,0,0,0,0.099848825000000002,1706673495.6200318,1
2665,1706673495.6200349,1706673495.7198524,1706673495.6192648,1706673495.7186718,11,1,7977,23946,23660,286,0,286,0,0,23660,286,23660,0,0,0,0.099825825000000007,1706673495.7198608,1
2666,1706673495.7198629,1706673495.8196905,1706673495.7186718,1706673495.819253,11,1,7963,23878,23770,108,0,108,0,0,23770,108,23770,0,0,0,0.099835845000000006,1706673495.8196988,1
2667,1706673495.8197012,1706673495.919523,1706673495.819253,1706673495.9175513,11,1,7937,23833,23357,476,0,476,0,0,23357,476,23357,0,0,0,0.099830085000000013,1706673495.9195313,1
2668,1706673495.9203322,1706673496.0201659,1706673495.9175513,1706673496.0184309,11,1,7975,23921,23501,420,0,420,0,0,23501,420,23501,0,0,0,0.099841945000000001,1706673496.020174,1
2669,1706673496.0201776,1706673496.1200202,1706673496.0184309,1706673496.1179709,11,1,7925,23730,23244,486,0,486,0,0,23244,486,23244,0,0,0,0.099850905000000004,1706673496.1200285,1
2670,1706673496.1200321,1706673496.2198536,1706673496.1179709,1706673496.2176957,11,1,7979,23928,23409,519,0,519,0,0,23409,519,23409,0,0,0,0.099829825000000011,1706673496.219862,1
2671,1706673496.2198658,1706673496.3197021,1706673496.2176957,1706673496.3178158,11,1,7928,23770,23314,456,0,456,0,0,23314,456,23314,0,0,0,0.099844665000000013,1706673496.3197105,1
2672,1706673496.3197136,1706673496.4195325,1706673496.3178158,1706673496.4183908,11,1,7970,23923,23646,277,0,277,0,0,23646,277,23646,0,0,0,0.099827305000000005,1706673496.4195409,1
2673,1706673496.4203424,1706673496.5201492,1706673496.4183908,1706673496.517787,11,1,7979,23932,23361,571,0,571,0,0,23361,571,23361,0,0,0,0.099815025000000002,1706673496.5201576,1
2674,1706673496.5201609,1706673496.6200006,1706673496.517787,1706673496.6183536,11,1,7981,23939,23542,397,0,397,0,0,23542,397,23542,0,0,0,0.09984804500000001,1706673496.6200089,1
2675,1706673496.6200123,1706673496.7198465,1706673496.6183536,1706673496.7177427,11,1,7970,23909,23404,505,0,505,0,0,23404,505,23404,0,0,0,0.099842485000000009,1706673496.7198548,1
2676,1706673496.7198579,1706673496.81968,1706673496.7177427,1706673496.8175018,11,1,7991,23946,23420,526,0,526,0,0,23420,526,23420,0,0,0,0.099830265000000001,1706673496.8196881,1
2677,1706673496.8196917,1706673496.9195163,1706673496.8175018,1706673496.918185,11,1,7977,23914,23603,311,0,311,0,0,23603,311,23603,0,0,0,0.099832985000000013,1706673496.9195247,1
2678,1706673496.9203253,1706673497.0201585,1706673496.918185,1706673497.0176458,11,1,7963,23897,23328,569,0,569,0,0,23328,569,23328,0,0,0,0.099841545000000004,1706673497.0201669,1
2679,1706673497.0201697,1706673497.1200066,1706673497.0176458,1706673497.1176429,11,1,7970,23937,23367,570,0,570,0,0,23367,570,23367,0,0,0,0.09984522500000001,1706673497.1200149,1
2680,1706673497.1200197,1706673497.2198317,1706673497.1176429,1706673497.2177629,11,1,7936,23812,23312,500,0,500,0,0,23312,500,23312,0,0,0,0.099820285000000009,1706673497.21984,1
2681,1706673497.2198422,1706673497.3196726,1706673497.2177629,1706673497.3182461,11,1,7976,23916,23570,346,0,346,0,0,23570,346,23570,0,0,0,0.099838725000000003,1706673497.3196809,1
2682,1706673497.3196833,1706673497.4195149,1706673497.3182461,1706673497.4176226,11,1,7981,23932,23475,457,0,457,0,0,23475,457,23475,0,0,0,0.099839805000000004,1706673497.419523,1
2683,1706673497.4203238,1706673497.5201435,1706673497.4176226,1706673497.5184813,11,1,7972,23920,23525,395,0,395,0,0,23525,395,23525,0,0,0,0.099828065000000007,1706673497.5201519,1
2684,1706673497.5201554,1706673497.6199896,1706673497.5184813,1706673497.6181273,11,1,7967,23901,23453,448,0,448,0,0,23453,448,23453,0,0,0,0.099842425000000012,1706673497.6199977,1
2685,1706673497.6200011,1706673497.7198281,1706673497.6181273,1706673497.7185783,11,1,7979,23940,23638,302,0,302,0,0,23638,302,23638,0,0,0,0.099835425000000005,1706673497.7198365,1
2686,1706673497.71984,1706673497.8196654,1706673497.7185783,1706673497.8177249,11,1,7966,23892,23436,456,0,456,0,0,23436,456,23436,0,0,0,0.099833605000000006,1706673497.8196735,1
2687,1706673497.8196766,1706673497.9194934,1706673497.8177249,1706673497.9187043,11,1,7976,23926,23734,192,0,192,0,0,23734,192,23734,0,0,0,0.099825085000000008,1706673497.9195018,1
2688,1706673497.9203045,1706673498.0201352,1706673497.9187043,1706673498.0178719,11,1,7970,23911,23365,546,0,546,0,0,23365,546,23365,0,0,0,0.099838865000000013,1706673498.0201435,1
2689,1706673498.0201468,1706673498.1199813,1706673498.0178719,1706673498.1182933,11,1,7958,23894,23486,408,0,408,0,0,23486,408,23486,0,0,0,0.099842705000000004,1706673498.1199896,1
2690,1706673498.1199923,1706673498.2198088,1706673498.1182933,1706673498.2177103,11,1,7939,23832,23325,507,0,507,0,0,23325,507,23325,0,0,0,0.099825005000000008,1706673498.2198172,1
2691,1706673498.2198205,1706673498.3196371,1706673498.2177103,1706673498.3186359,11,1,7849,23626,23403,223,0,223,0,0,23403,223,23403,0,0,0,0.099824865000000013,1706673498.3196454,1
2692,1706673498.3200476,1706673498.419874,1706673498.3186359,1706673498.4182272,11,1,7832,23535,23137,398,0,398,0,0,23137,398,23137,0,0,0,0.099834605000000007,1706673498.4198823,1
2693,1706673498.4198854,1706673498.5197093,1706673498.4182272,1706673498.5178044,11,1,7942,23812,23352,460,0,460,0,0,23352,460,23352,0,0,0,0.099832265000000003,1706673498.5197177,1
2694,1706673498.5197217,1706673498.6195526,1706673498.5178044,1706673498.6176896,11,1,7956,23896,23446,450,0,450,0,0,23446,450,23446,0,0,0,0.099839185000000011,1706673498.619561,1
2695,1706673498.6203644,1706673498.720201,1706673498.6176896,1706673498.7183568,11,1,7976,23936,23491,445,0,445,0,0,23491,445,23491,0,0,0,0.099845025000000004,1706673498.7202094,1
2696,1706673498.7202122,1706673498.8200457,1706673498.7183568,1706673498.8180296,11,1,7977,23930,23443,487,0,487,0,0,23443,487,23443,0,0,0,0.099841765000000013,1706673498.8200541,1
2697,1706673498.8200567,1706673498.9198942,1706673498.8180296,1706673498.9178028,11,1,7973,23912,23407,505,0,505,0,0,23407,505,23407,0,0,0,0.099845925000000002,1706673498.9199026,1
2698,1706673498.9199061,1706673499.0197403,1706673498.9178028,1706673499.0188007,11,1,7965,23881,23652,229,0,229,0,0,23652,229,23652,0,0,0,0.099842565000000008,1706673499.0197487,1
2699,1706673499.0197535,1706673499.1195881,1706673499.0188007,1706673499.1181533,11,1,7934,23832,23484,348,0,348,0,0,23484,348,23484,0,0,0,0.099842945000000002,1706673499.1195965,1
2700,1706673499.1199977,1706673499.2198277,1706673499.1181533,1706673499.2176707,11,1,7928,23833,23312,521,0,521,0,0,23312,521,23312,0,0,0,0.099838225000000003,1706673499.219836,1
2701,1706673499.21984,1706673499.3196728,1706673499.2176707,1706673499.3179667,11,1,7937,23847,23434,413,0,413,0,0,23434,413,23434,0,0,0,0.099841125000000003,1706673499.3196812,1
2702,1706673499.319685,1706673499.4195204,1706673499.3179667,1706673499.4186876,11,1,7941,23851,23648,203,0,203,0,0,23648,203,23648,0,0,0,0.099843785000000004,1706673499.4195287,1
2703,1706673499.4203312,1706673499.5201581,1706673499.4186876,1706673499.5187023,11,1,7952,23849,23536,313,0,313,0,0,23536,313,23536,0,0,0,0.099835065000000001,1706673499.5201664,1
2704,1706673499.5201705,1706673499.6199906,1706673499.5187023,1706673499.6182008,11,1,7974,23936,23503,433,0,433,0,0,23503,433,23503,0,0,0,0.099828505000000012,1706673499.6199989,1
2705,1706673499.6200025,1706673499.7198308,1706673499.6182008,1706673499.7179015,11,1,7978,23905,23439,466,0,466,0,0,23439,466,23439,0,0,0,0.099836465000000013,1706673499.7198389,1
2706,1706673499.7198424,1706673499.8196726,1706673499.7179015,1706673499.8186479,11,1,7930,23816,23567,249,0,249,0,0,23567,249,23567,0,0,0,0.099838565000000004,1706673499.8196809,1
2707,1706673499.8196855,1706673499.9195166,1706673499.8186479,1706673499.9180818,11,1,7996,23992,23645,347,0,347,0,0,23645,347,23645,0,0,0,0.09983934500000001,1706673499.9195249,1
2708,1706673499.9203267,1706673500.0201542,1706673499.9180818,1706673500.0186467,11,1,7956,23864,23499,365,0,365,0,0,23499,365,23499,0,0,0,0.099835745000000004,1706673500.0201623,1
2709,1706673500.0201654,1706673500.1199846,1706673500.0186467,1706673500.1183324,11,1,7963,23902,23505,397,0,397,0,0,23505,397,23505,0,0,0,0.099827405000000008,1706673500.1199927,1
2710,1706673500.1199963,1706673500.2198253,1706673500.1183324,1706673500.2178471,11,1,7982,23955,23477,478,0,478,0,0,23477,478,23477,0,0,0,0.099837225000000002,1706673500.2198336,1
2711,1706673500.219837,1706673500.3196564,1706673500.2178471,1706673500.3182659,11,1,7968,23906,23571,335,0,335,0,0,23571,335,23571,0,0,0,0.099827785000000002,1706673500.3196647,1
2712,1706673500.319669,1706673500.4194877,1706673500.3182659,1706673500.4178035,11,1,7985,23947,23540,407,0,407,0,0,23540,407,23540,0,0,0,0.099826985000000007,1706673500.4194961,1
2713,1706673500.4202991,1706673500.5201087,1706673500.4178035,1706673500.5187137,11,1,7974,23920,23582,338,0,338,0,0,23582,338,23582,0,0,0,0.099817885000000009,1706673500.520117,1
2714,1706673500.5201211,1706673500.6199529,1706673500.5187137,1706673500.6181545,11,1,7962,23900,23465,435,0,435,0,0,23465,435,23465,0,0,0,0.099840185000000012,1706673500.6199613,1
2715,1706673500.6199653,1706673500.7198033,1706673500.6181545,1706673500.718199,11,1,7965,23910,23522,388,0,388,0,0,23522,388,23522,0,0,0,0.09984638500000001,1706673500.7198117,1
2716,1706673500.7198153,1706673500.8196337,1706673500.718199,1706673500.8186014,11,1,7975,23929,23678,251,0,251,0,0,23678,251,23678,0,0,0,0.099826725000000005,1706673500.8196421,1
2717,1706673500.8200436,1706673500.9198673,1706673500.8186014,1706673500.9179881,11,1,7978,23921,23467,454,0,454,0,0,23467,454,23467,0,0,0,0.099832085000000001,1706673500.9198756,1
2718,1706673500.9198787,1706673501.0197086,1706673500.9179881,1706673501.0186913,11,1,7967,23916,23669,247,0,247,0,0,23669,247,23669,0,0,0,0.099838225000000003,1706673501.019717,1
2719,1706673501.0197196,1706673501.1195509,1706673501.0186913,1706673501.118329,11,1,7974,23921,23624,297,0,297,0,0,23624,297,23624,0,0,0,0.099839705000000001,1706673501.1195593,1
2720,1706673501.1203613,1706673501.2201779,1706673501.118329,1706673501.2188265,11,1,7974,23922,23595,327,0,327,0,0,23595,327,23595,0,0,0,0.099824785000000013,1706673501.220186,1
2721,1706673501.2201898,1706673501.320019,1706673501.2188265,1706673501.3183296,11,1,7972,23923,23514,409,0,409,0,0,23514,409,23514,0,0,0,0.099837545,1706673501.3200274,1
2722,1706673501.3200314,1706673501.4198525,1706673501.3183296,1706673501.418808,11,1,7964,23901,23648,253,0,253,0,0,23648,253,23648,0,0,0,0.09982932500000001,1706673501.4198608,1
2723,1706673501.4198654,1706673501.5196745,1706673501.418808,1706673501.5183723,11,1,7982,23919,23604,315,0,315,0,0,23604,315,23604,0,0,0,0.099817605000000004,1706673501.5196829,1
2724,1706673501.5196867,1706673501.6195128,1706673501.5183723,1706673501.6189826,11,1,7965,23915,23785,130,0,130,0,0,23785,130,23785,0,0,0,0.099834365000000008,1706673501.6195211,1
2725,1706673501.6203229,1706673501.7201586,1706673501.6189826,1706673501.7184944,11,1,7970,23891,23489,402,0,402,0,0,23489,402,23489,0,0,0,0.099843905000000011,1706673501.7201669,1
2726,1706673501.7201703,1706673501.8200006,1706673501.7184944,1706673501.8181117,11,1,7925,23826,23370,456,0,456,0,0,23370,456,23370,0,0,0,0.099838605000000011,1706673501.8200088,1
2727,1706673501.8200126,1706673501.9198239,1706673501.8181117,1706673501.9181886,11,1,7844,23572,23176,396,0,396,0,0,23176,396,23176,0,0,0,0.099819645000000012,1706673501.9198322,1
2728,1706673501.9198351,1706673502.0196679,1706673501.9181886,1706673502.0187128,11,1,7929,23756,23524,232,0,232,0,0,23524,232,23524,0,0,0,0.09984100500000001,1706673502.0196762,1
2729,1706673502.0196803,1706673502.1195078,1706673502.0187128,1706673502.1181135,11,1,7924,23777,23466,311,0,311,0,0,23466,311,23466,0,0,0,0.09983586500000001,1706673502.1195161,1
2730,1706673502.1203203,1706673502.2201483,1706673502.1181135,1706673502.2186801,11,1,7911,23672,23317,355,0,355,0,0,23317,355,23317,0,0,0,0.099836385,1706673502.2201567,1
2731,1706673502.2201605,1706673502.3199949,1706673502.2186801,1706673502.3181138,11,1,7929,23756,23302,454,0,454,0,0,23302,454,23302,0,0,0,0.09984282500000001,1706673502.3200033,1
2732,1706673502.3200066,1706673502.4198484,1706673502.3181138,1706673502.4186928,11,1,7938,23751,23471,280,0,280,0,0,23471,280,23471,0,0,0,0.099850165000000005,1706673502.4198568,1
2733,1706673502.4198594,1706673502.5196929,1706673502.4186928,1706673502.5184848,11,1,7872,23537,23291,246,0,246,0,0,23291,246,23291,0,0,0,0.099841705000000003,1706673502.519701,1
2734,1706673502.5197046,1706673502.6195307,1706673502.5184848,1706673502.6190007,11,1,7802,23407,23277,130,0,130,0,0,23277,130,23277,0,0,0,0.099834545000000011,1706673502.619539,1
2735,1706673502.6203432,1706673502.7201598,1706673502.6190007,1706673502.7186046,11,1,7779,23345,22969,376,0,376,0,0,22969,376,22969,0,0,0,0.099825005000000008,1706673502.7201681,1
2736,1706673502.7201722,1706673502.820019,1706673502.7186046,1706673502.8182235,11,1,7849,23581,23149,432,0,432,0,0,23149,432,23149,0,0,0,0.09985516500000001,1706673502.8200274,1
2737,1706673502.8200309,1706673502.919862,1706673502.8182235,1706673502.9180524,11,1,7889,23717,23320,397,0,397,0,0,23320,397,23320,0,0,0,0.099839465000000002,1706673502.9198704,1
2738,1706673502.9198735,1706673503.0197165,1706673502.9180524,1706673503.0190308,11,1,7909,23802,23635,167,0,167,0,0,23635,167,23635,0,0,0,0.099851265000000008,1706673503.0197248,1
2739,1706673503.0197279,1706673503.1195562,1706673503.0190308,1706673503.1186304,11,1,7944,23839,23614,225,0,225,0,0,23614,225,23614,0,0,0,0.099836505000000006,1706673503.1195645,1
2740,1706673503.1203673,1706673503.2201915,1706673503.1186304,1706673503.2190933,11,1,7952,23879,23613,266,0,266,0,0,23613,266,23613,0,0,0,0.099832425000000002,1706673503.2201998,1
2741,1706673503.2202032,1706673503.3200378,1706673503.2190933,1706673503.3181419,11,1,7970,23907,23449,458,0,458,0,0,23449,458,23449,0,0,0,0.099843125000000005,1706673503.3200462,1
2742,1706673503.32005,1706673503.419894,1706673503.3181419,1706673503.4182949,11,1,7967,23918,23531,387,0,387,0,0,23531,387,23531,0,0,0,0.099852285000000013,1706673503.4199023,1
2743,1706673503.4199054,1706673503.5197263,1706673503.4182949,1706673503.5191214,11,1,7969,23906,23758,148,0,148,0,0,23758,148,23758,0,0,0,0.099829285000000004,1706673503.5197346,1
2744,1706673503.5197387,1706673503.6195633,1706673503.5191214,1706673503.61905,11,1,7972,23929,23803,126,0,126,0,0,23803,126,23803,0,0,0,0.099833085000000002,1706673503.6195717,1
2745,1706673503.6203732,1706673503.7201891,1706673503.61905,1706673503.7186081,11,1,7979,23934,23552,382,0,382,0,0,23552,382,23552,0,0,0,0.099824065000000003,1706673503.7201972,1
2746,1706673503.7202005,1706673503.8200281,1706673503.7186081,1706673503.8184731,11,1,7983,23956,23580,376,0,376,0,0,23580,376,23580,0,0,0,0.099835805,1706673503.8200364,1
2747,1706673503.8200407,1706673503.9198749,1706673503.8184731,1706673503.9189329,11,1,7965,23896,23672,224,0,224,0,0,23672,224,23672,0,0,4.1670000000000001e-06,0.099842485000000009,1706673503.9198833,1
2748,1706673503.9198864,1706673504.0197203,1706673503.9189329,1706673504.0187092,11,1,7979,23932,23687,245,0,245,0,0,23687,245,23687,0,0,0,0.09984224500000001,1706673504.0197287,1
2749,1706673504.0197327,1706673504.119556,1706673504.0187092,1706673504.1182172,11,1,7983,23953,23629,324,0,324,0,0,23629,324,23629,0,0,0,0.099831605000000004,1706673504.1195643,1
2750,1706673504.1203656,1706673504.2201958,1706673504.1182172,1706673504.2185032,11,1,7981,23959,23550,409,0,409,0,0,23550,409,23550,0,0,0,0.099838585000000007,1706673504.2202041,1
2751,1706673504.2202077,1706673504.3200216,1706673504.2185032,1706673504.3186722,11,1,7971,23893,23566,327,0,327,0,0,23566,327,23566,0,0,0,0.099822285000000011,1706673504.32003,1
2752,1706673504.3200331,1706673504.4198565,1706673504.3186722,1706673504.4189417,11,1,7987,23962,23740,222,0,222,0,0,23740,222,23740,0,0,0,0.099831885000000009,1706673504.4198649,1
2753,1706673504.4198687,1706673504.5196924,1706673504.4189417,1706673504.5184059,11,1,7966,23896,23584,312,0,312,0,0,23584,312,23584,0,0,0,0.099832005000000001,1706673504.5197008,1
2754,1706673504.5197039,1706673504.6195176,1706673504.5184059,1706673504.6191676,11,1,7991,23972,23886,86,0,86,0,0,23886,86,23886,0,0,0,0.099821985000000002,1706673504.6195259,1
2755,1706673504.6203284,1706673504.7201576,1706673504.6191676,1706673504.7191327,11,1,7975,23908,23659,249,0,249,0,0,23659,249,23659,0,0,0,0.099837585000000006,1706673504.720166,1
2756,1706673504.7201695,1706673504.8199925,1706673504.7191327,1706673504.8186665,11,1,7993,23947,23626,321,0,321,0,0,23626,321,23626,0,0,0,0.099831245000000013,1706673504.8200009,1
2757,1706673504.8200047,1706673504.9198375,1706673504.8186665,1706673504.9176543,11,1,7966,23896,23369,527,0,527,0,0,23369,527,23369,0,0,0,0.099841045000000003,1706673504.9198458,1
2758,1706673504.9198475,1706673505.0196848,1706673504.9176543,1706673505.0177596,11,1,7971,23912,23447,465,0,465,0,0,23447,465,23447,0,0,0,0.099845565000000011,1706673505.0196931,1
2759,1706673505.0196974,1706673505.1195111,1706673505.0177596,1706673505.117753,11,1,7964,23922,23497,425,0,425,0,0,23497,425,23497,0,0,0,0.099821925000000006,1706673505.1195192,1
2760,1706673505.1203218,1706673505.2201543,1706673505.117753,1706673505.2178919,11,1,7959,23916,23387,529,0,529,0,0,23387,529,23387,0,0,0,0.099840925000000011,1706673505.2201626,1
2761,1706673505.2201667,1706673505.3199878,1706673505.2178919,1706673505.3180406,11,1,7970,23899,23474,425,0,425,0,0,23474,425,23474,0,0,0,0.099829385000000007,1706673505.3199961,1
2762,1706673505.3200002,1706673505.4198215,1706673505.3180406,1706673505.4177225,11,1,7971,23929,23426,503,0,503,0,0,23426,503,23426,0,0,0,0.099829685000000001,1706673505.4198298,1
2763,1706673505.4198325,1706673505.5196574,1706673505.4177225,1706673505.5180347,11,1,7976,23934,23542,392,0,392,0,0,23542,392,23542,0,0,0,0.099833305000000011,1706673505.5196657,1
2764,1706673505.5196698,1706673505.6194935,1706673505.5180347,1706673505.6176276,11,1,7971,23926,23475,451,0,451,0,0,23475,451,23475,0,0,0,0.099832065000000011,1706673505.6195018,1
2765,1706673505.6203041,1706673505.7201378,1706673505.6176276,1706673505.7176127,11,1,7972,23919,23310,609,0,609,0,0,23310,609,23310,0,0,0,0.099841945000000001,1706673505.7201459,1
2766,1706673505.7201498,1706673505.8199725,1706673505.7176127,1706673505.8180759,11,1,7972,23896,23438,458,0,458,0,0,23438,458,23438,0,0,0,0.099831125000000007,1706673505.8199809,1
2767,1706673505.8199844,1706673505.9198031,1706673505.8180759,1706673505.9176717,11,1,7975,23920,23405,515,0,515,0,0,23405,515,23405,0,0,0,0.099826965000000004,1706673505.9198115,1
2768,1706673505.9198153,1706673506.01965,1706673505.9176717,1706673506.0176456,11,1,7970,23902,23418,484,0,484,0,0,23418,484,23418,0,0,0,0.099842925000000013,1706673506.0196583,1
2769,1706673506.0200608,1706673506.1198833,1706673506.0176456,1706673506.1174221,11,1,7965,23918,23324,594,0,594,0,0,23324,594,23324,0,0,0,0.099830845000000001,1706673506.1198916,1
2770,1706673506.1198952,1706673506.2197185,1706673506.1174221,1706673506.2177637,11,1,7966,23904,23432,472,0,472,0,0,23432,472,23432,0,0,0,0.099831645000000011,1706673506.2197268,1
2771,1706673506.2197297,1706673506.3195572,1706673506.2177637,1706673506.3183374,11,1,7983,23935,23639,296,0,296,0,0,23639,296,23639,0,0,0,0.099835845000000006,1706673506.3195655,1
2772,1706673506.3203683,1706673506.4201922,1706673506.3183374,1706673506.4181726,11,1,7979,23935,23447,488,0,488,0,0,23447,488,23447,0,0,0,0.099832185000000004,1706673506.4202006,1
2773,1706673506.4202042,1706673506.5200231,1706673506.4181726,1706673506.5177126,11,1,7975,23903,23353,550,0,550,0,0,23353,550,23353,0,0,0,0.099827205000000002,1706673506.5200315,1
2774,1706673506.520035,1706673506.619874,1706673506.5177126,1706673506.6173837,11,1,7972,23896,23342,554,0,554,0,0,23342,554,23342,0,0,0,0.099847365000000007,1706673506.6198823,1
2775,1706673506.6198859,1706673506.7197149,1706673506.6173837,1706673506.7184389,11,1,7980,23942,23637,305,0,305,0,0,23637,305,23637,0,0,0,0.099837345000000008,1706673506.7197232,1
2776,1706673506.7197268,1706673506.8195541,1706673506.7184389,1706673506.8176465,11,1,7982,23926,23465,461,0,461,0,0,23465,461,23465,0,0,0,0.099835505000000005,1706673506.8195622,1
2777,1706673506.820364,1706673506.9201813,1706673506.8176465,1706673506.9179618,11,1,7964,23915,23379,536,0,536,0,0,23379,536,23379,0,0,0,0.099825585000000008,1706673506.9201896,1
2778,1706673506.9201932,1706673507.0200272,1706673506.9179618,1706673507.0174265,11,1,7969,23918,23291,627,0,627,0,0,23291,627,23291,0,0,0,0.099842405000000009,1706673507.0200355,1
2779,1706673507.0200391,1706673507.1198807,1706673507.0174265,1706673507.1179595,11,1,7992,23947,23483,464,0,464,0,0,23483,464,23483,0,0,0,0.099849845000000007,1706673507.119889,1
2780,1706673507.1198933,1706673507.2197273,1706673507.1179595,1706673507.2184539,11,1,7990,23954,23645,309,0,309,0,0,23645,309,23645,0,0,0,0.09984224500000001,1706673507.2197356,1
2781,1706673507.2197385,1706673507.3195679,1706673507.2184539,1706673507.3182549,11,1,7968,23910,23592,318,0,318,0,0,23592,318,23592,0,0,0,0.099837785000000012,1706673507.3195763,1
2782,1706673507.3203788,1706673507.420212,1706673507.3182549,1706673507.4179056,11,1,7990,23953,23397,556,0,556,0,0,23397,556,23397,0,0,0,0.099841525,1706673507.4202204,1
2783,1706673507.4202242,1706673507.5200503,1706673507.4179056,1706673507.5184722,11,1,7972,23937,23555,382,0,382,0,0,23555,382,23555,0,0,0,0.099834345000000005,1706673507.5200586,1
2784,1706673507.5200632,1706673507.61989,1706673507.5184722,1706673507.6180348,11,1,7974,23921,23473,448,0,448,0,0,23473,448,23473,0,0,0,0.099835185000000007,1706673507.6198983,1
2785,1706673507.6199026,1706673507.7197325,1706673507.6180348,1706673507.7174978,11,1,7982,23947,23407,540,0,540,0,0,23407,540,23407,0,0,0,0.099838305000000002,1706673507.7197409,1
2786,1706673507.719744,1706673507.8195753,1706673507.7174978,1706673507.8179891,11,1,7978,23937,23554,383,0,383,0,0,23554,383,23554,0,0,0,0.099839605000000012,1706673507.8195837,1
2787,1706673507.8203843,1706673507.9202068,1706673507.8179891,1706673507.9180055,11,1,7948,23860,23369,491,0,491,0,0,23369,491,23369,0,0,0,0.099830885000000008,1706673507.9202151,1
2788,1706673507.9202192,1706673508.020041,1706673507.9180055,1706673508.0185091,11,1,7971,23921,23550,371,0,371,0,0,23550,371,23550,0,0,0,0.099830025000000003,1706673508.0200491,1
2789,1706673508.0200517,1706673508.119885,1706673508.0185091,1706673508.1182549,11,1,7978,23932,23538,394,0,394,0,0,23538,394,23538,0,0,0,0.099841465000000004,1706673508.1198931,1
2790,1706673508.1198964,1706673508.2197087,1706673508.1182549,1706673508.2184122,11,1,7986,23963,23649,314,0,314,0,0,23649,314,23649,0,0,0,0.099820685000000006,1706673508.219717,1
2791,1706673508.2197206,1706673508.3195357,1706673508.2184122,1706673508.3177989,11,1,7979,23932,23512,420,0,420,0,0,23512,420,23512,0,0,0,0.099823465,1706673508.3195441,1
2792,1706673508.3203452,1706673508.420171,1706673508.3177989,1706673508.4181759,11,1,7974,23920,23438,482,0,482,0,0,23438,482,23438,0,0,0,0.099834105000000006,1706673508.4201794,1
2793,1706673508.4201827,1706673508.5200026,1706673508.4181759,1706673508.5176964,11,1,7981,23946,23389,557,0,557,0,0,23389,557,23389,0,0,0,0.099828225000000007,1706673508.5200109,1
2794,1706673508.5200143,1706673508.6198306,1706673508.5176964,1706673508.6179399,11,1,7979,23952,23495,457,0,457,0,0,23495,457,23495,0,0,0,0.099824565000000004,1706673508.619839,1
2795,1706673508.6198425,1706673508.7196715,1706673508.6179399,1706673508.7187326,11,1,7972,23912,23684,228,0,228,0,0,23684,228,23684,0,0,0,0.099837285000000012,1706673508.7196798,1
2796,1706673508.7196834,1706673508.8195155,1706673508.7187326,1706673508.8177545,11,1,7984,23947,23521,426,0,426,0,0,23521,426,23521,0,0,0,0.09984042500000001,1706673508.8195238,1
2797,1706673508.8203263,1706673508.9201462,1706673508.8177545,1706673508.9180274,11,1,7969,23923,23412,511,0,511,0,0,23412,511,23412,0,0,0,0.09982816500000001,1706673508.9201546,1
2798,1706673508.9201581,1706673509.0200005,1706673508.9180274,1706673509.0185118,11,1,7973,23932,23572,360,0,360,0,0,23572,360,23572,0,0,0,0.099850685000000008,1706673509.0200088,1
2799,1706673509.0200129,1706673509.1198308,1706673509.0185118,1706673509.118022,11,1,7973,23918,23489,429,0,429,0,0,23489,429,23489,0,0,0,0.099834697999999999,1706673509.1198475,1
2800,1706673509.1198549,1706673509.2196674,1706673509.118022,1706673509.2185943,11,1,7972,23919,23696,223,0,223,0,0,23696,223,23696,0,0,0,0.099820885000000012,1706673509.2196758,1
2801,1706673509.2196789,1706673509.319505,1706673509.2185943,1706673509.3180578,11,1,7980,23941,23591,350,0,350,0,0,23591,350,23591,0,0,0,0.099834325000000002,1706673509.3195133,1
2802,1706673509.3203156,1706673509.4201446,1706673509.3180578,1706673509.4186714,11,1,7967,23896,23539,357,0,357,0,0,23539,357,23539,0,0,0,0.099837385000000001,1706673509.4201529,1
2803,1706673509.4201577,1706673509.5199785,1706673509.4186714,1706673509.5185466,11,1,7975,23907,23560,347,0,347,0,0,23560,347,23560,0,0,0,0.099829185000000001,1706673509.5199869,1
2804,1706673509.5199895,1706673509.6198277,1706673509.5185466,1706673509.6181185,11,1,7996,23974,23561,413,0,413,0,0,23561,413,23561,0,0,0,0.099846525000000005,1706673509.6198361,1
2805,1706673509.6198394,1706673509.7196567,1706673509.6181185,1706673509.718581,11,1,7980,23942,23681,261,0,261,0,0,23681,261,23681,0,0,0,0.099825705000000001,1706673509.7196651,1
2806,1706673509.7196681,1706673509.8194985,1706673509.718581,1706673509.8179421,11,1,7985,23953,23577,376,0,376,0,0,23577,376,23577,0,0,0,0.099838645000000004,1706673509.8195069,1
2807,1706673509.8203087,1706673509.9201419,1706673509.8179421,1706673509.9184608,11,1,7979,23940,23533,407,0,407,0,0,23533,407,23533,0,0,0,0.09984166500000001,1706673509.9201503,1
2808,1706673509.9201539,1706673510.0199852,1706673509.9184608,1706673510.0183709,11,1,7973,23938,23547,391,0,391,0,0,23547,391,23547,0,0,0,0.099839645000000005,1706673510.0199935,1
2809,1706673510.0199971,1706673510.1198161,1706673510.0183709,1706673510.1178083,11,1,7968,23908,23423,485,0,485,0,0,23423,485,23423,0,0,0,0.099827385000000005,1706673510.1198244,1
2810,1706673510.1198275,1706673510.2196455,1706673510.1178083,1706673510.218327,11,1,7982,23954,23634,320,0,320,0,0,23634,320,23634,0,0,0,0.099826265000000011,1706673510.2196538,1
2811,1706673510.2200575,1706673510.31988,1706673510.218327,1706673510.3181701,11,1,7984,23946,23533,413,0,413,0,0,23533,413,23533,0,0,0,0.099830905000000011,1706673510.3198884,1
2812,1706673510.3198917,1706673510.4197109,1706673510.3181701,1706673510.4186509,11,1,7972,23926,23669,257,0,257,0,0,23669,257,23669,0,0,0,0.09982758500000001,1706673510.4197192,1
2813,1706673510.419723,1706673510.5195372,1706673510.4186509,1706673510.5182834,11,1,7974,23923,23619,304,0,304,0,0,23619,304,23619,0,0,0,0.099822605000000009,1706673510.5195456,1
2814,1706673510.5203493,1706673510.6201704,1706673510.5182834,1706673510.6185338,11,1,7970,23913,23517,396,0,396,0,0,23517,396,23517,0,0,0,0.099829365000000003,1706673510.6201787,1
2815,1706673510.6201818,1706673510.7200022,1706673510.6185338,1706673510.7179358,11,1,7991,23957,23457,500,0,500,0,0,23457,500,23457,0,0,0,0.09982874500000001,1706673510.7200105,1
2816,1706673510.7200136,1706673510.8198311,1706673510.7179358,1706673510.8185883,11,1,7995,23961,23660,301,0,301,0,0,23660,301,23660,0,0,0,0.099825745000000007,1706673510.8198395,1
2817,1706673510.8198435,1706673510.9196746,1706673510.8185883,1706673510.9178979,11,1,7988,23952,23523,429,0,429,0,0,23523,429,23523,0,0,0,0.099839465000000002,1706673510.919683,1
2818,1706673510.9196854,1706673511.0194988,1706673510.9178979,1706673511.0185754,11,1,7982,23951,23727,224,0,224,0,0,23727,224,23727,0,0,0,0.099821805,1706673511.0195072,1
2819,1706673511.0203078,1706673511.1201475,1706673511.0185754,1706673511.1185682,11,1,7971,23940,23558,382,0,382,0,0,23558,382,23558,0,0,0,0.099848005000000004,1706673511.1201558,1
2820,1706673511.1201596,1706673511.2199881,1706673511.1185682,1706673511.2182596,11,1,7983,23930,23512,418,0,418,0,0,23512,418,23512,0,0,0,0.099836925000000007,1706673511.2199965,1
2821,1706673511.2199998,1706673511.3198152,1706673511.2182596,1706673511.3187935,11,1,7985,23955,23707,248,0,248,0,0,23707,248,23707,0,0,0,0.099823625000000013,1706673511.3198235,1
2822,1706673511.3198278,1706673511.4196599,1706673511.3187935,1706673511.4184024,11,1,7967,23901,23596,305,0,305,0,0,23596,305,23596,0,0,0,0.099840445,1706673511.4196682,1
2823,1706673511.4196718,1706673511.5194879,1706673511.4184024,1706673511.518409,11,1,7974,23945,23683,262,0,262,0,0,23683,262,23683,0,0,0,0.099824325000000005,1706673511.5194962,1
2824,1706673511.5202992,1706673511.6201286,1706673511.518409,1706673511.6188891,11,1,7977,23926,23626,300,0,300,0,0,23626,300,23626,0,0,0,0.099837785000000012,1706673511.620137,1
2825,1706673511.6201406,1706673511.7199762,1706673511.6188891,1706673511.7187772,11,1,7984,23959,23669,290,0,290,0,0,23669,290,23669,0,0,0,0.099844085000000013,1706673511.7199845,1
2826,1706673511.7199886,1706673511.8198104,1706673511.7187772,1706673511.8179469,11,1,7989,23955,23505,450,0,450,0,0,23505,450,23505,0,0,0,0.099830125000000006,1706673511.8198187,1
2827,1706673511.8198221,1706673511.9196355,1706673511.8179469,1706673511.9186473,11,1,7988,23940,23700,240,0,240,0,0,23700,240,23700,0,0,0,0.099821765000000007,1706673511.9196439,1
2828,1706673511.9200463,1706673512.0198786,1706673511.9186473,1706673512.0181303,11,1,7985,23934,23511,423,0,423,0,0,23511,423,23511,0,0,0,0.099840645000000006,1706673512.019887,1
2829,1706673512.0198901,1706673512.11973,1706673512.0181303,1706673512.1186686,11,1,7976,23953,23696,257,0,257,0,0,23696,257,23696,0,0,0,0.099848165000000003,1706673512.1197383,1
2830,1706673512.1197414,1706673512.2195547,1706673512.1186686,1706673512.2182555,11,1,7967,23903,23588,315,0,315,0,0,23588,315,23588,0,0,0,0.099821485000000001,1706673512.219563,1
2831,1706673512.2203653,1706673512.320204,1706673512.2182555,1706673512.318795,11,1,7975,23930,23589,341,0,341,0,0,23589,341,23589,0,0,0,0.099847065000000013,1706673512.3202124,1
2832,1706673512.3202162,1706673512.4200335,1706673512.318795,1706673512.4184771,11,1,7988,23957,23581,376,0,376,0,0,23581,376,23581,0,0,0,0.099825725000000004,1706673512.4200418,1
2833,1706673512.4200463,1706673512.5198746,1706673512.4184771,1706673512.5184734,11,1,7987,23955,23616,339,0,339,0,0,23616,339,23616,0,0,0,0.099836605000000009,1706673512.5198829,1
2834,1706673512.519886,1706673512.6197171,1706673512.5184734,1706673512.618144,11,1,7977,23923,23542,381,0,381,0,0,23542,381,23542,0,0,0,0.099839545000000002,1706673512.6197255,1
2835,1706673512.6197288,1706673512.7195518,1706673512.618144,1706673512.7187967,11,1,7979,23948,23764,184,0,184,0,0,23764,184,23764,0,0,0,0.099831445000000005,1706673512.7195601,1
2836,1706673512.7203619,1706673512.8201821,1706673512.7187967,1706673512.8183069,11,1,7988,23966,23513,453,0,453,0,0,23513,453,23513,0,0,0,0.099828425000000012,1706673512.8201904,1
2837,1706673512.8201938,1706673512.9200351,1706673512.8183069,1706673512.9189713,11,1,7988,23968,23710,258,0,258,0,0,23710,258,23710,0,0,0,0.099849665000000004,1706673512.9200435,1
2838,1706673512.9200475,1706673513.019877,1706673512.9189713,1706673513.018568,11,1,7976,23926,23609,317,0,317,0,0,23609,317,23609,0,0,0,0.099837725000000002,1706673513.0198853,1
2839,1706673513.0198884,1706673513.1197085,1706673513.018568,1706673513.11871,11,1,7984,23951,23709,242,0,242,0,0,23709,242,23709,0,0,0,0.099828565000000008,1706673513.1197169,1
2840,1706673513.1197209,1706673513.2195578,1706673513.11871,1706673513.2181134,11,1,7971,23927,23578,349,0,349,0,0,23578,349,23578,0,0,0,0.09984514500000001,1706673513.2195661,1
2841,1706673513.220366,1706673513.3201997,1706673513.2181134,1706673513.3186822,11,1,7981,23943,23576,367,0,367,0,0,23576,367,23576,0,0,0,0.099842065000000008,1706673513.3202081,1
2842,1706673513.3202116,1706673513.4200432,1706673513.3186822,1706673513.4183917,11,1,7984,23950,23551,399,0,399,0,0,23551,399,23551,0,0,0,0.099839825000000007,1706673513.4200516,1
2843,1706673513.4200559,1706673513.5198817,1706673513.4183917,1706673513.5190003,11,1,7988,23972,23758,214,0,214,0,0,23758,214,23758,0,0,0,0.099834105000000006,1706673513.5198901,1
2844,1706673513.5198936,1706673513.6197076,1706673513.5190003,1706673513.6188042,11,1,7976,23958,23739,219,0,219,0,0,23739,219,23739,0,0,0,0.099822345000000007,1706673513.6197159,1
2845,1706673513.6197209,1706673513.7195404,1706673513.6188042,1706673513.7189877,11,1,7991,23982,23847,135,0,135,0,0,23847,135,23847,0,0,0,0.099827805000000006,1706673513.7195487,1
2846,1706673513.720351,1706673513.8201849,1706673513.7189877,1706673513.8187048,11,1,7986,23972,23614,358,0,358,0,0,23614,358,23614,0,0,0,0.099842405000000009,1706673513.8201933,1
2847,1706673513.8201962,1706673513.9200211,1706673513.8187048,1706673513.9176924,11,1,7986,23978,23416,562,0,562,0,0,23416,562,23416,0,0,0,0.099833185000000005,1706673513.9200294,1
2848,1706673513.9200332,1706673514.0198598,1706673513.9176924,1706673514.0172906,11,1,7979,23972,23352,620,0,620,0,0,23352,620,23352,0,0,0,0.099834965000000012,1706673514.0198681,1
2849,1706673514.0198717,1706673514.119704,1706673514.0172906,1706673514.118207,11,1,7991,23980,23618,362,0,362,0,0,23618,362,23618,0,0,0,0.099840524999999999,1706673514.1197124,1
2850,1706673514.1197169,1706673514.2195449,1706673514.118207,1706673514.2176108,11,1,7979,23954,23487,467,0,467,0,0,23487,467,23487,0,0,0,0.099836285000000011,1706673514.2195532,1
2851,1706673514.220355,1706673514.3201995,1706673514.2176108,1706673514.3173769,11,1,7977,23946,23265,681,0,681,0,0,23265,681,23265,0,0,0,0.099852885000000002,1706673514.3202078,1
2852,1706673514.3202116,1706673514.420048,1706673514.3173769,1706673514.4179361,11,1,7978,23945,23435,510,0,510,0,0,23435,510,23435,0,0,0,0.099844625000000006,1706673514.4200563,1
2853,1706673514.4200592,1706673514.5198865,1706673514.4179361,1706673514.5174761,11,1,7980,23951,23369,582,0,582,0,0,23369,582,23369,0,0,0,0.099835585000000004,1706673514.5198948,1
2854,1706673514.5198979,1706673514.6197302,1706673514.5174761,1706673514.6172605,11,1,7986,23958,23362,596,0,596,0,0,23362,596,23362,0,0,0,0.099840645000000006,1706673514.6197386,1
2855,1706673514.6197429,1706673514.7195745,1706673514.6172605,1706673514.7177613,11,1,7984,23949,23511,438,0,438,0,0,23511,438,23511,0,0,0,0.099840025000000013,1706673514.7195828,1
2856,1706673514.7203846,1706673514.8202145,1706673514.7177613,1706673514.8177502,11,1,7980,23933,23338,595,0,595,0,0,23338,595,23338,0,0,0,0.099838325000000006,1706673514.8202229,1
2857,1706673514.8202262,1706673514.9200525,1706673514.8177502,1706673514.9175484,11,1,7975,23931,23326,605,0,605,0,0,23326,605,23326,0,0,0,0.099834645,1706673514.9200609,1
2858,1706673514.9200649,1706673515.0198832,1706673514.9175484,1706673515.0181229,11,1,7977,23936,23511,425,0,425,0,0,23511,425,23511,0,0,0,0.099826645000000006,1706673515.0198915,1
2859,1706673515.0198953,1706673515.1197221,1706673515.0181229,1706673515.117465,11,1,7971,23937,23393,544,0,544,0,0,23393,544,23393,0,0,0,0.099835145,1706673515.1197305,1
2860,1706673515.1197343,1706673515.2195594,1706673515.117465,1706673515.2172441,11,1,7978,23944,23385,559,0,559,0,0,23385,559,23385,0,0,0,0.099833485,1706673515.2195678,1
2861,1706673515.2203698,1706673515.3201847,1706673515.2172441,1706673515.3180919,11,1,7983,23953,23448,505,0,505,0,0,23448,505,23448,0,0,0,0.099823185000000009,1706673515.3201931,1
2862,1706673515.3201957,1706673515.420033,1706673515.3180919,1706673515.4177577,11,1,7977,23954,23404,550,0,550,0,0,23404,550,23404,0,0,0,0.099845745,1706673515.4200413,1
2863,1706673515.4200444,1706673515.5198715,1706673515.4177577,1706673515.518255,11,1,7981,23965,23574,391,0,391,0,0,23574,391,23574,0,0,0,0.099835465000000012,1706673515.5198798,1
2864,1706673515.5198836,1706673515.6197066,1706673515.518255,1706673515.6177313,11,1,7984,23959,23482,477,0,477,0,0,23482,477,23482,0,0,0,0.099831365000000005,1706673515.619715,1
2865,1706673515.6197188,1706673515.7195294,1706673515.6177313,1706673515.7173352,11,1,7980,23956,23426,530,0,530,0,0,23426,530,23426,0,0,0,0.099818825,1706673515.7195375,1
2866,1706673515.7203393,1706673515.8201675,1706673515.7173352,1706673515.817898,11,1,7985,23945,23397,548,0,548,0,0,23397,548,23397,0,0,0,0.099836465000000013,1706673515.8201756,1
2867,1706673515.8201792,1706673515.9200056,1706673515.817898,1706673515.917274,11,1,7980,23925,23266,659,0,659,0,0,23266,659,23266,0,0,0,0.099834765000000006,1706673515.9200139,1
2868,1706673515.9200177,1706673516.0198452,1706673515.917274,1706673516.0172865,11,1,7977,23946,23329,617,0,617,0,0,23329,617,23329,0,0,0,0.09983578500000001,1706673516.0198536,1
2869,1706673516.0198567,1706673516.1196856,1706673516.0172865,1706673516.1175292,11,1,7986,23952,23431,521,0,521,0,0,23431,521,23431,0,0,0,0.099837205000000012,1706673516.119694,1
2870,1706673516.1196978,1706673516.2195373,1706673516.1175292,1706673516.2182105,11,1,7978,23923,23602,321,0,321,0,0,23602,321,23602,0,0,0,0.099847745000000002,1706673516.2195456,1
2871,1706673516.2203479,1706673516.3201849,1706673516.2182105,1706673516.3178055,11,1,7984,23964,23390,574,0,574,0,0,23390,574,23390,0,0,0,0.099845345000000002,1706673516.3201933,1
2872,1706673516.3201962,1706673516.4200225,1706673516.3178055,1706673516.4173465,11,1,7977,23920,23274,646,0,646,0,0,23274,646,23274,0,0,0,0.099834645,1706673516.4200308,1
2873,1706673516.4200332,1706673516.5198619,1706673516.4173465,1706673516.5173771,11,1,7978,23950,23350,600,0,600,0,0,23350,600,23350,0,0,0,0.09983694500000001,1706673516.51987,1
2874,1706673516.5198739,1706673516.6197162,1706673516.5173771,1706673516.6183109,11,1,7979,23951,23611,340,0,340,0,0,23611,340,23611,0,0,0,0.099850605000000009,1706673516.6197245,1
2875,1706673516.6197283,1706673516.7195618,1706673516.6183109,1706673516.7183921,11,1,7985,23964,23680,284,0,284,0,0,23680,284,23680,0,0,0,0.099841805000000006,1706673516.7195702,1
2876,1706673516.7203736,1706673516.8201962,1706673516.7183921,1706673516.8179138,11,1,7982,23942,23391,551,0,551,0,0,23391,551,23391,0,0,0,0.099830825000000012,1706673516.8202045,1
2877,1706673516.8202071,1706673516.9200516,1706673516.8179138,1706673516.9179025,11,1,7976,23941,23423,518,0,518,0,0,23423,518,23423,0,0,0,0.099852705,1706673516.9200599,1
2878,1706673516.9200637,1706673517.0198977,1706673516.9179025,1706673517.0177341,11,1,7979,23948,23426,522,0,522,0,0,23426,522,23426,0,0,0,0.099842345000000013,1706673517.019906,1
2879,1706673517.0199101,1706673517.1197314,1706673517.0177341,1706673517.1183438,11,1,7982,23947,23611,336,0,336,0,0,23611,336,23611,0,0,0,0.099829665000000012,1706673517.1197398,1
2880,1706673517.1197424,1706673517.2195716,1706673517.1183438,1706673517.2182474,11,1,7988,23960,23639,321,0,321,0,0,23639,321,23639,0,0,0,0.099837465,1706673517.2195799,1
2881,1706673517.2203827,1706673517.3201997,1706673517.2182474,1706673517.3177266,11,1,7988,23955,23358,597,0,597,0,0,23358,597,23358,0,0,0,0.099825385000000003,1706673517.3202081,1
2882,1706673517.3202119,1706673517.4200337,1706673517.3177266,1706673517.4181585,11,1,7972,23934,23481,453,0,453,0,0,23481,453,23481,0,0,0,0.099830185000000002,1706673517.420042,1
2883,1706673517.4200463,1706673517.519871,1706673517.4181585,1706673517.5175245,11,1,7988,23959,23393,566,0,566,0,0,23393,566,23393,0,0,0,0.099832925000000003,1706673517.5198793,1
2884,1706673517.5198834,1706673517.6197069,1706673517.5175245,1706673517.6183827,11,1,7986,23952,23632,320,0,320,0,0,23632,320,23632,0,0,0,0.099831885000000009,1706673517.6197152,1
2885,1706673517.6197188,1706673517.7195442,1706673517.6183827,1706673517.717813,11,1,7993,23961,23542,419,0,419,0,0,23542,419,23542,0,0,0,0.099833665000000002,1706673517.7195525,1
2886,1706673517.7203536,1706673517.8201759,1706673517.717813,1706673517.8182671,11,1,7960,23904,23443,461,0,461,0,0,23443,461,23443,0,0,0,0.099830605000000003,1706673517.8201842,1
2887,1706673517.8201878,1706673517.9200273,1706673517.8182671,1706673517.9180689,11,1,7991,23965,23492,473,0,473,0,0,23492,473,23492,0,0,0,0.099847785000000008,1706673517.9200356,1
2888,1706673517.920038,1706673518.0198627,1706673517.9180689,1706673518.0176928,11,1,7982,23950,23426,524,0,524,0,0,23426,524,23426,0,0,0,0.099833025000000006,1706673518.019871,1
2889,1706673518.0198748,1706673518.1197104,1706673518.0176928,1706673518.1181612,11,1,7976,23925,23550,375,0,375,0,0,23550,375,23550,0,0,0,0.09984406500000001,1706673518.1197188,1
2890,1706673518.1197217,1706673518.2195597,1706673518.1181612,1706673518.2174842,11,1,7975,23922,23421,501,0,501,0,0,23421,501,23421,0,0,0,0.099846425000000003,1706673518.219568,1
2891,1706673518.220371,1706673518.3202021,1706673518.2174842,1706673518.3179176,11,1,7988,23964,23413,551,0,551,0,0,23413,551,23413,0,0,0,0.099839465000000002,1706673518.3202105,1
2892,1706673518.3202138,1706673518.4200416,1706673518.3179176,1706673518.4186428,11,1,7984,23958,23619,339,0,339,0,0,23619,339,23619,0,0,0,0.099836045000000012,1706673518.4200499,1
2893,1706673518.4200532,1706673518.5199001,1706673518.4186428,1706673518.5183291,11,1,7964,23902,23522,380,0,380,0,0,23522,380,23522,0,0,0,0.099855245000000009,1706673518.5199084,1
2894,1706673518.5199108,1706673518.619736,1706673518.5183291,1706673518.6178918,11,1,7981,23944,23498,446,0,446,0,0,23498,446,23498,0,0,0,0.099833365000000007,1706673518.6197441,1
2895,1706673518.6197476,1706673518.7195795,1706673518.6178918,1706673518.7185647,11,1,7981,23938,23692,246,0,246,0,0,23692,246,23692,0,0,0,0.099840045000000002,1706673518.7195878,1
2896,1706673518.719991,1706673518.8198237,1706673518.7185647,1706673518.8179333,11,1,7973,23906,23477,429,0,429,0,0,23477,429,23477,0,0,0,0.099841065000000007,1706673518.8198321,1
2897,1706673518.8198352,1706673518.9196558,1706673518.8179333,1706673518.9179623,11,1,7974,23923,23529,394,0,394,0,0,23529,394,23529,0,0,0,0.099828865000000003,1706673518.9196641,1
2898,1706673518.9196677,1706673519.0195045,1706673518.9179623,1706673519.0185544,11,1,7990,23983,23752,231,0,231,0,0,23752,231,23752,0,0,0,0.09984514500000001,1706673519.0195129,1
2899,1706673519.0203147,1706673519.1201494,1706673519.0185544,1706673519.118634,11,1,7975,23945,23579,366,0,366,0,0,23579,366,23579,0,0,0,0.099843025000000002,1706673519.1201577,1
2900,1706673519.1201615,1706673519.2199836,1706673519.118634,1706673519.2177675,11,1,7978,23931,23396,535,0,535,0,0,23396,535,23396,0,0,0,0.099830425,1706673519.2199919,1
2901,1706673519.219996,1706673519.3197918,1706673519.2177675,1706673519.3176591,11,1,7981,23952,23437,515,0,515,0,0,23437,515,23437,0,0,0,0.099804185000000004,1706673519.3198001,1
2902,1706673519.3198032,1706673519.4196424,1706673519.3176591,1706673519.4177833,11,1,7990,23972,23522,450,0,450,0,0,23522,450,23522,0,0,0,0.09984746500000001,1706673519.4196508,1
2903,1706673519.4200542,1706673519.5198987,1706673519.4177833,1706673519.5185626,11,1,7988,23966,23642,324,0,324,0,0,23642,324,23642,0,0,0,0.099852745000000007,1706673519.519907,1
2904,1706673519.5199099,1706673519.6197326,1706673519.5185626,1706673519.6182349,11,1,7984,23961,23599,362,0,362,0,0,23599,362,23599,0,0,0,0.099831125000000007,1706673519.619741,1
2905,1706673519.6197455,1706673519.7195692,1706673519.6182349,1706673519.7186828,11,1,7990,23960,23745,215,0,215,0,0,23745,215,23745,0,0,0,0.099832165,1706673519.7195776,1
2906,1706673519.7203796,1706673519.8202028,1706673519.7186828,1706673519.8181365,11,1,7988,23962,23463,499,0,499,0,0,23463,499,23463,0,0,0,0.099831485000000011,1706673519.8202112,1
2907,1706673519.8202138,1706673519.920033,1706673519.8181365,1706673519.9185793,11,1,7994,23979,23627,352,0,352,0,0,23627,352,23627,0,0,0,0.099827505000000011,1706673519.9200413,1
2908,1706673519.9200454,1706673520.0198693,1706673519.9185793,1706673520.018132,11,1,7985,23952,23532,420,0,420,0,0,23532,420,23532,0,0,0,0.099832185000000004,1706673520.0198777,1
2909,1706673520.0198803,1706673520.1197019,1706673520.018132,1706673520.1184297,11,1,7963,23902,23596,306,0,306,0,0,23596,306,23596,0,0,0,0.099829865000000004,1706673520.1197102,1
2910,1706673520.1197138,1706673520.2195373,1706673520.1184297,1706673520.2181756,11,1,7988,23959,23631,328,0,328,0,0,23631,328,23631,0,0,0,0.099831905000000012,1706673520.2195456,1
2911,1706673520.2203476,1706673520.3201962,1706673520.2181756,1706673520.3177152,11,1,7982,23945,23368,577,0,577,0,0,23368,577,23368,0,0,0,0.099856845,1706673520.3202045,1
2912,1706673520.3202074,1706673520.4200606,1706673520.3177152,1706673520.4180524,11,1,7988,23948,23463,485,0,485,0,0,23463,485,23463,0,0,0,0.099861585000000003,1706673520.420069,1
2913,1706673520.4200726,1706673520.5198994,1706673520.4180524,1706673520.5185115,11,1,7993,23956,23620,336,0,336,0,0,23620,336,23620,0,0,0,0.099835085000000004,1706673520.5199077,1
2914,1706673520.5199118,1706673520.6197283,1706673520.5185115,1706673520.6190145,11,1,7986,23953,23779,174,0,174,0,0,23779,174,23779,0,0,0,0.099824785000000013,1706673520.6197364,1
2915,1706673520.6197405,1706673520.719559,1706673520.6190145,1706673520.718086,11,1,7990,23967,23611,356,0,356,0,0,23611,356,23611,0,0,0,0.099826785000000001,1706673520.7195673,1
2916,1706673520.7203701,1706673520.8201957,1706673520.718086,1706673520.8186073,11,1,7979,23918,23534,384,0,384,0,0,23534,384,23534,0,0,0,0.099833965000000011,1706673520.820204,1
2917,1706673520.8202069,1706673520.9200428,1706673520.8186073,1706673520.9179964,11,1,7980,23951,23456,495,0,495,0,0,23456,495,23456,0,0,0,0.099844245000000012,1706673520.9200511,1
2918,1706673520.9200552,1706673521.019872,1706673520.9179964,1706673521.0185301,11,1,7975,23932,23607,325,0,325,0,0,23607,325,23607,0,0,0,0.099825165000000007,1706673521.0198803,1
2919,1706673521.0198836,1706673521.119715,1706673521.0185301,1706673521.118022,11,1,7989,23968,23558,410,0,410,0,0,23558,410,23558,0,0,0,0.099839605000000012,1706673521.1197233,1
2920,1706673521.1197281,1706673521.2195411,1706673521.118022,1706673521.2185559,11,1,7989,23962,23723,239,0,239,0,0,23723,239,23723,0,0,0,0.09982128500000001,1706673521.2195494,1
2921,1706673521.2203507,1706673521.3201854,1706673521.2185559,1706673521.3185003,11,1,7984,23950,23544,406,0,406,0,0,23544,406,23544,0,0,0,0.099842965000000006,1706673521.3201938,1
2922,1706673521.3201969,1706673521.4200265,1706673521.3185003,1706673521.4179385,11,1,7988,23954,23450,504,0,504,0,0,23450,504,23450,0,0,0,0.099838005000000007,1706673521.4200349,1
2923,1706673521.4200377,1706673521.5198715,1706673521.4179385,1706673521.518312,11,1,7959,23901,23524,377,0,377,0,0,23524,377,23524,0,0,0,0.099842025000000001,1706673521.5198798,1
2924,1706673521.5198836,1706673521.6196983,1706673521.518312,1706673521.6187212,11,1,7965,23897,23660,237,0,237,0,0,23660,237,23660,0,0,0,0.099823065000000002,1706673521.6197066,1
2925,1706673521.61971,1706673521.7195327,1706673521.6187212,1706673521.7179034,11,1,7971,23924,23530,394,0,394,0,0,23530,394,23530,0,0,0,0.099830985000000011,1706673521.7195408,1
2926,1706673521.7203438,1706673521.8201735,1706673521.7179034,1706673521.8184838,11,1,7978,23944,23536,408,0,408,0,0,23536,408,23536,0,0,0,0.099838125,1706673521.8201818,1
2927,1706673521.8201859,1706673521.9199996,1706673521.8184838,1706673521.9183934,11,1,7973,23927,23538,389,0,389,0,0,23538,389,23538,0,0,0,0.099822125000000012,1706673521.9200079,1
2928,1706673521.920012,1706673522.0198536,1706673521.9183934,1706673522.0189505,11,1,7991,23971,23751,220,0,220,0,0,23751,220,23751,0,0,0,0.099849845000000007,1706673522.0198619,1
2929,1706673522.0198638,1706673522.119679,1706673522.0189505,1706673522.1185162,11,1,7984,23963,23681,282,0,282,0,0,23681,282,23681,0,0,0,0.099823465,1706673522.1196873,1
2930,1706673522.1196904,1706673522.2195203,1706673522.1185162,1706673522.2188182,11,1,7988,23956,23785,171,0,171,0,0,23785,171,23785,0,0,0,0.099838245000000006,1706673522.2195287,1
2931,1706673522.2203317,1706673522.3201654,1706673522.2188182,1706673522.3181078,11,1,7981,23962,23465,497,0,497,0,0,23465,497,23465,0,0,0,0.099842065000000008,1706673522.3201737,1
2932,1706673522.3201778,1706673522.4199936,1706673522.3181078,1706673522.4184706,11,1,7961,23898,23529,369,0,369,0,0,23529,369,23529,0,0,0,0.099824145000000003,1706673522.420002,1
2933,1706673522.420006,1706673522.5198443,1706673522.4184706,1706673522.5180893,11,1,7930,23789,23373,416,0,416,0,0,23373,416,23373,0,0,0,0.099846525000000005,1706673522.5198526,1
2934,1706673522.5198557,1706673522.6196811,1706673522.5180893,1706673522.6181004,11,1,7909,23748,23368,380,0,380,0,0,23368,380,23368,0,0,0,0.099833725000000012,1706673522.6196895,1
2935,1706673522.6196933,1706673522.7195165,1706673522.6181004,1706673522.7180319,11,1,7846,23542,23183,359,0,359,0,0,23183,359,23183,0,0,0,0.099831625000000007,1706673522.7195249,1
2936,1706673522.7203255,1706673522.8201401,1706673522.7180319,1706673522.8181171,11,1,7919,23724,23235,489,0,489,0,0,23235,489,23235,0,0,0,0.099823005000000006,1706673522.8201485,1
2937,1706673522.8201518,1706673522.9199679,1706673522.8181171,1706673522.9178157,11,1,7953,23856,23336,520,0,520,0,0,23336,520,23336,0,0,0,0.099824445000000012,1706673522.9199762,1
2938,1706673522.9199789,1706673523.0198023,1706673522.9178157,1706673523.0175316,11,1,7966,23888,23340,548,0,548,0,0,23340,548,23340,0,0,0,0.099831765000000003,1706673523.0198107,1
2939,1706673523.019814,1706673523.1196249,1706673523.0175316,1706673523.1178114,11,1,7966,23900,23462,438,0,438,0,0,23462,438,23462,0,0,0,0.099819265000000004,1706673523.1196332,1
2940,1706673523.1200364,1706673523.2198632,1706673523.1178114,1706673523.217231,11,1,7952,23832,23197,635,0,635,0,0,23197,635,23197,0,0,0,0.099835165000000003,1706673523.2198715,1
2941,1706673523.2198739,1706673523.3197122,1706673523.217231,1706673523.3178997,11,1,7976,23902,23465,437,0,437,0,0,23465,437,23465,0,0,0,0.099846645000000012,1706673523.3197205,1
2942,1706673523.3197229,1706673523.4195571,1706673523.3178997,1706673523.4172921,11,1,7960,23856,23314,542,0,542,0,0,23314,542,23314,0,0,0,0.099842545000000005,1706673523.4195654,1
2943,1706673523.4203677,1706673523.5201941,1706673523.4172921,1706673523.5172319,11,1,7947,23824,23109,715,0,715,0,0,23109,715,23109,0,0,0,0.099834645,1706673523.5202024,1
2944,1706673523.5202065,1706673523.6200359,1706673523.5172319,1706673523.6170461,11,1,7912,23697,22976,721,0,721,0,0,22976,721,22976,0,0,0,0.099837825000000005,1706673523.6200442,1
2945,1706673523.6200469,1706673523.719873,1706673523.6170461,1706673523.7170126,11,1,7927,23762,23073,689,0,689,0,0,23073,689,23073,0,0,0,0.099834365000000008,1706673523.7198813,1
2946,1706673523.7198851,1706673523.8197143,1706673523.7170126,1706673523.8178108,11,1,7971,23899,23439,460,0,460,0,0,23439,460,23439,0,0,0,0.099837645000000003,1706673523.8197227,1
2947,1706673523.819726,1706673523.9195549,1706673523.8178108,1706673523.9174459,11,1,7961,23908,23399,509,0,509,0,0,23399,509,23399,0,0,0,0.099837285000000012,1706673523.9195633,1
2948,1706673523.9203653,1706673524.0201919,1706673523.9174459,1706673524.0179303,11,1,7957,23878,23332,546,0,546,0,0,23332,546,23332,0,0,0,0.099834905000000002,1706673524.0202003,1
2949,1706673524.0202043,1706673524.1200335,1706673524.0179303,1706673524.1173344,11,1,7960,23882,23231,651,0,651,0,0,23231,651,23231,0,0,0,0.099837565000000003,1706673524.1200418,1
2950,1706673524.1200449,1706673524.2198727,1706673524.1173344,1706673524.2177525,11,1,7925,23763,23255,508,0,508,0,0,23255,508,23255,0,0,0,0.099836145000000001,1706673524.2198811,1
2951,1706673524.2198851,1706673524.3197155,1706673524.2177525,1706673524.3176572,11,1,7972,23920,23452,468,0,468,0,0,23452,468,23452,0,0,0,0.099838825000000006,1706673524.3197238,1
2952,1706673524.3197269,1706673524.419539,1706673524.3176572,1706673524.4173965,11,1,7956,23879,23365,514,0,514,0,0,23365,514,23365,0,0,0,0.099820365000000008,1706673524.4195473,1
2953,1706673524.4203501,1706673524.5201674,1706673524.4173965,1706673524.5180657,11,1,7968,23895,23387,508,0,508,0,0,23387,508,23387,0,0,0,0.099825625000000001,1706673524.5201757,1
2954,1706673524.5201793,1706673524.6200254,1706673524.5180657,1706673524.6175601,11,1,7972,23890,23299,591,0,591,0,0,23299,591,23299,0,0,0,0.099854465000000003,1706673524.6200337,1
2955,1706673524.6200376,1706673524.7198501,1706673524.6175601,1706673524.7179031,11,1,7940,23835,23373,462,0,462,0,0,23373,462,23373,0,0,0,0.099820765000000006,1706673524.7198584,1
2956,1706673524.719862,1706673524.8196871,1706673524.7179031,1706673524.8173683,11,1,7964,23868,23309,559,0,559,0,0,23309,559,23309,0,0,0,0.09983354500000001,1706673524.8196955,1
2957,1706673524.8196993,1706673524.9195282,1706673524.8173683,1706673524.9179194,11,1,7973,23869,23480,389,0,389,0,0,23480,389,23480,0,0,0,0.099837405000000004,1706673524.9195366,1
2958,1706673524.9203398,1706673525.0201654,1706673524.9179194,1706673525.0172262,11,1,7942,23864,23155,709,0,709,0,0,23155,709,23155,0,0,0,0.099833845000000004,1706673525.0201735,1
2959,1706673525.0201778,1706673525.1200061,1706673525.0172262,1706673525.1176131,11,1,7957,23878,23301,577,0,577,0,0,23301,577,23301,0,0,0,0.099836645000000002,1706673525.1200144,1
2960,1706673525.1200168,1706673525.2198367,1706673525.1176131,1706673525.217983,11,1,7922,23821,23375,446,0,446,0,0,23375,446,23375,0,0,0,0.09982824500000001,1706673525.2198451,1
2961,1706673525.2198484,1706673525.319675,1706673525.217983,1706673525.3179216,11,1,7936,23828,23404,424,0,424,0,0,23404,424,23404,0,0,0,0.099834945000000008,1706673525.3196833,1
2962,1706673525.3196869,1706673525.4195209,1706673525.3179216,1706673525.4172995,11,1,7947,23809,23276,533,0,533,0,0,23276,533,23276,0,0,0,0.09984232500000001,1706673525.4195292,1
2963,1706673525.4203324,1706673525.5201669,1706673525.4172995,1706673525.517653,11,1,7933,23840,23268,572,0,572,0,0,23268,572,23268,0,0,0,0.099842845,1706673525.5201752,1
2964,1706673525.5201786,1706673525.620014,1706673525.517653,1706673525.6181068,11,1,7971,23940,23479,461,0,461,0,0,23479,461,23479,0,0,0,0.099843825000000011,1706673525.6200223,1
2965,1706673525.6200259,1706673525.7198551,1706673525.6181068,1706673525.7179606,11,1,7963,23914,23456,458,0,458,0,0,23456,458,23456,0,0,0,0.099837445000000011,1706673525.7198634,1
2966,1706673525.7198672,1706673525.8196962,1706673525.7179606,1706673525.817564,11,1,7970,23905,23390,515,0,515,0,0,23390,515,23390,0,0,0,0.099837365000000011,1706673525.8197045,1
2967,1706673525.8197081,1706673525.9195304,1706673525.817564,1706673525.9182813,11,1,7964,23894,23591,303,0,303,0,0,23591,303,23591,0,0,0,0.099830625000000006,1706673525.9195387,1
2968,1706673525.920342,1706673526.020174,1706673525.9182813,1706673526.0178399,11,1,7962,23887,23325,562,0,562,0,0,23325,562,23325,0,0,0,0.099840305000000004,1706673526.0201824,1
2969,1706673526.0201852,1706673526.1199951,1706673526.0178399,1706673526.117552,11,1,7931,23850,23260,590,0,590,0,0,23260,590,23260,0,0,0,0.09981830500000001,1706673526.1200035,1
2970,1706673526.1200066,1706673526.2198522,1706673526.117552,1706673526.2180979,11,1,7940,23848,23424,424,0,424,0,0,23424,424,23424,0,0,0,0.099853905000000007,1706673526.2198606,1
2971,1706673526.2198627,1706673526.3196964,1706673526.2180979,1706673526.3179505,11,1,7938,23831,23410,421,0,421,0,0,23410,421,23410,0,0,0,0.099841965000000005,1706673526.3197048,1
2972,1706673526.3197086,1706673526.4195464,1706673526.3179505,1706673526.417366,11,1,7926,23810,23284,526,0,526,0,0,23284,526,23284,0,0,0,0.099846065000000012,1706673526.4195547,1
2973,1706673526.4203568,1706673526.5201898,1706673526.417366,1706673526.5178883,11,1,7972,23923,23367,556,0,556,0,0,23367,556,23367,0,0,0,0.099841325000000009,1706673526.5201981,1
2974,1706673526.5202017,1706673526.6200283,1706673526.5178883,1706673526.6179025,11,1,7976,23926,23413,513,0,513,0,0,23413,513,23413,0,0,0,0.099834965000000012,1706673526.6200366,1
2975,1706673526.6200399,1706673526.7198715,1706673526.6179025,1706673526.7175324,11,1,7974,23943,23379,564,0,564,0,0,23379,564,23379,0,0,0,0.099840025000000013,1706673526.7198799,1
2976,1706673526.7198839,1706673526.8197134,1706673526.7175324,1706673526.8180492,11,1,7975,23934,23532,402,0,402,0,0,23532,402,23532,0,0,0,0.099837685000000009,1706673526.8197217,1
2977,1706673526.8197253,1706673526.9195578,1706673526.8180492,1706673526.9176583,11,1,7970,23908,23449,459,0,459,0,0,23449,459,23449,0,0,0,0.099840845000000011,1706673526.9195662,1
2978,1706673526.9203682,1706673527.0201914,1706673526.9176583,1706673527.0182428,11,1,7959,23880,23409,471,0,471,0,0,23409,471,23409,0,0,0,0.099831585,1706673527.0201998,1
2979,1706673527.0202029,1706673527.1200354,1706673527.0182428,1706673527.1176307,11,1,7965,23908,23327,581,0,581,0,0,23327,581,23327,0,0,0,0.099840825000000008,1706673527.1200438,1
2980,1706673527.1200476,1706673527.2198737,1706673527.1176307,1706673527.2182324,11,1,7937,23837,23445,392,0,392,0,0,23445,392,23445,0,0,0,0.099834445000000008,1706673527.219882,1
2981,1706673527.2198853,1706673527.3197136,1706673527.2182324,1706673527.3176146,11,1,7939,23817,23315,502,0,502,0,0,23315,502,23315,0,0,0,0.099836505000000006,1706673527.3197219,1
2982,1706673527.319725,1706673527.4195538,1706673527.3176146,1706673527.4181545,11,1,7952,23874,23535,339,0,339,0,0,23535,339,23535,0,0,0,0.099836985000000003,1706673527.4195621,1
2983,1706673527.4203637,1706673527.5201848,1706673527.4181545,1706673527.5179489,11,1,7966,23898,23358,540,0,540,0,0,23358,540,23358,0,0,0,0.099829424999999999,1706673527.5201931,1
2984,1706673527.5201964,1706673527.6200216,1706673527.5179489,1706673527.617569,11,1,7959,23907,23315,592,0,592,0,0,23315,592,23315,0,0,0,0.099833565000000013,1706673527.6200299,1
2985,1706673527.6200337,1706673527.7198622,1706673527.617569,1706673527.7181795,11,1,7961,23894,23487,407,0,407,0,0,23487,407,23487,0,0,0,0.099836745000000005,1706673527.7198706,1
2986,1706673527.7198737,1706673527.8197095,1706673527.7181795,1706673527.8175724,11,1,7968,23914,23398,516,0,516,0,0,23398,516,23398,0,0,0,0.099844305000000008,1706673527.8197179,1
2987,1706673527.8197219,1706673527.9195552,1706673527.8175724,1706673527.9181652,11,1,7972,23936,23599,337,0,337,0,0,23599,337,23599,0,0,0,0.099841525,1706673527.9195635,1
2988,1706673527.9203653,1706673528.0202098,1706673527.9181652,1706673528.0174861,11,1,7978,23929,23272,657,0,657,0,0,23272,657,23272,0,0,0,0.099852885000000002,1706673528.0202181,1
2989,1706673528.0202217,1706673528.1200531,1706673528.0174861,1706673528.1184707,11,1,7954,23884,23501,383,0,383,0,0,23501,383,23501,0,0,0,0.099839685000000011,1706673528.1200614,1
2990,1706673528.1200659,1706673528.2198834,1706673528.1184707,1706673528.2176392,11,1,7934,23814,23272,542,0,542,0,0,23272,542,23272,0,0,0,0.099825745000000007,1706673528.2198918,1
2991,1706673528.2198956,1706673528.3197351,1706673528.2176392,1706673528.3176866,11,1,7941,23806,23311,495,0,495,0,0,23311,495,23311,0,0,0,0.099847685000000005,1706673528.3197434,1
2992,1706673528.3197465,1706673528.4195828,1706673528.3176866,1706673528.4182739,11,1,7972,23894,23577,317,0,317,0,0,23577,317,23577,0,0,0,0.099844685000000002,1706673528.4195912,1
2993,1706673528.4199939,1706673528.5198083,1706673528.4182739,1706673528.5178096,11,1,7975,23933,23466,467,0,467,0,0,23466,467,23466,0,0,0,0.099822645000000002,1706673528.5198166,1
2994,1706673528.5198183,1706673528.6196461,1706673528.5178096,1706673528.6183243,11,1,7976,23934,23614,320,0,320,0,0,23614,320,23614,0,0,0,0.099836045000000012,1706673528.6196544,1
2995,1706673528.6200576,1706673528.7198825,1706673528.6183243,1706673528.717756,11,1,7987,23946,23433,513,0,513,0,0,23433,513,23433,0,0,0,0.099833205000000008,1706673528.7198908,1
2996,1706673528.7198949,1706673528.819726,1706673528.717756,1706673528.8176103,11,1,7979,23937,23426,511,0,511,0,0,23426,511,23426,0,0,0,0.09983934500000001,1706673528.8197343,1
2997,1706673528.8197381,1706673528.9195724,1706673528.8176103,1706673528.9181008,11,1,7977,23924,23568,356,0,356,0,0,23568,356,23568,0,0,0,0.099842605000000001,1706673528.9195807,1
2998,1706673528.9203832,1706673529.0201974,1706673528.9181008,1706673529.017756,11,1,7967,23896,23307,589,0,589,0,0,23307,589,23307,0,0,0,0.099822585000000005,1706673529.0202057,1
2999,1706673529.0202093,1706673529.1200454,1706673529.017756,1706673529.1178985,11,1,7965,23906,23388,518,0,518,0,0,23388,518,23388,0,0,0,0.099844405000000011,1706673529.1200538,1
3000,1706673529.1200576,1706673529.2198892,1706673529.1178985,1706673529.2182779,11,1,7968,23910,23526,384,0,384,0,0,23526,384,23526,0,0,0,0.099839905000000007,1706673529.2198975,1
3001,1706673529.2199006,1706673529.3197327,1706673529.2182779,1706673529.3176191,11,1,7980,23931,23421,510,0,510,0,0,23421,510,23421,0,0,0,0.099840285000000001,1706673529.319741,1
3002,1706673529.3197451,1706673529.4195714,1706673529.3176191,1706673529.4184279,11,1,7978,23926,23649,277,0,277,0,0,23649,277,23649,0,0,0,0.09983470500000001,1706673529.4195797,1
3003,1706673529.4203811,1706673529.5202181,1706673529.4184279,1706673529.5179474,11,1,7973,23923,23374,549,0,549,0,0,23374,549,23374,0,0,0,0.099845505000000001,1706673529.5202265,1
3004,1706673529.5202298,1706673529.6200526,1706673529.5179474,1706673529.6184981,11,1,7984,23938,23562,376,0,376,0,0,23562,376,23562,0,0,0,0.099831105000000003,1706673529.6200609,1
3005,1706673529.6200645,1706673529.7198806,1706673529.6184981,1706673529.7178831,11,1,7984,23965,23483,482,0,482,0,0,23483,482,23483,0,0,0,0.099824365000000012,1706673529.7198889,1
3006,1706673529.7198927,1706673529.8197258,1706673529.7178831,1706673529.818311,11,1,7969,23915,23594,321,0,321,0,0,23594,321,23594,0,0,0,0.099841385000000005,1706673529.8197341,1
3007,1706673529.8197381,1706673529.9195604,1706673529.818311,1706673529.9178574,11,1,7976,23917,23505,412,0,412,0,0,23505,412,23505,0,0,0,0.099830605000000003,1706673529.9195688,1
3008,1706673529.9203706,1706673530.0202122,1706673529.9178574,1706673530.0185237,11,1,7954,23885,23477,408,0,408,0,0,23477,408,23477,0,0,0,0.099850005000000006,1706673530.0202205,1
3009,1706673530.0202243,1706673530.1200452,1706673530.0185237,1706673530.1182573,11,1,7959,23893,23461,432,0,432,0,0,23461,432,23461,0,0,0,0.099829105000000001,1706673530.1200535,1
3010,1706673530.1200564,1706673530.2198865,1706673530.1182573,1706673530.2177899,11,1,7968,23910,23404,506,0,506,0,0,23404,506,23404,0,0,0,0.099838485000000005,1706673530.2198949,1
3011,1706673530.2198994,1706673530.3197236,1706673530.2177899,1706673530.3181529,11,1,7958,23876,23496,380,0,380,0,0,23496,380,23496,0,0,0,0.099832445000000006,1706673530.319732,1
3012,1706673530.3197353,1706673530.4195712,1706673530.3181529,1706673530.4178207,11,1,7971,23912,23489,423,0,423,0,0,23489,423,23489,0,0,0,0.099844185000000002,1706673530.4195795,1
3013,1706673530.4203815,1706673530.5201969,1706673530.4178207,1706673530.5184915,11,1,7981,23935,23522,413,0,413,0,0,23522,413,23522,0,0,0,0.099823705000000013,1706673530.5202053,1
3014,1706673530.5202081,1706673530.6200571,1706673530.5184915,1706673530.6181998,11,1,7985,23940,23491,449,0,449,0,0,23491,449,23491,0,0,0,0.099857365000000003,1706673530.6200655,1
3015,1706673530.620069,1706673530.7198942,1706673530.6181998,1706673530.718019,11,1,7978,23935,23482,453,0,453,0,0,23482,453,23482,0,0,0,0.099833565000000013,1706673530.7199025,1
3016,1706673530.7199063,1706673530.8197315,1706673530.718019,1706673530.8179548,11,1,7976,23933,23503,430,0,430,0,0,23503,430,23503,0,0,0,0.099833525000000006,1706673530.8197398,1
3017,1706673530.8197434,1706673530.9195647,1706673530.8179548,1706673530.9185722,11,1,7977,23930,23689,241,0,241,0,0,23689,241,23689,0,0,0,0.099829665000000012,1706673530.9195731,1
3018,1706673530.9203749,1706673531.0201945,1706673530.9185722,1706673531.0181077,11,1,7949,23862,23382,480,0,480,0,0,23382,480,23382,0,0,0,0.099827925000000012,1706673531.0202029,1
3019,1706673531.0202062,1706673531.1200373,1706673531.0181077,1706673531.1187129,11,1,7980,23913,23598,315,0,315,0,0,23598,315,23598,0,0,0,0.099839505000000009,1706673531.1200457,1
3020,1706673531.1200497,1706673531.2198844,1706673531.1187129,1706673531.2178183,11,1,7970,23922,23423,499,0,499,0,0,23423,499,23423,0,0,0,0.099842985000000009,1706673531.2198927,1
3021,1706673531.2198958,1706673531.3197315,1706673531.2178183,1706673531.3183458,11,1,7981,23936,23600,336,0,336,0,0,23600,336,23600,0,0,0,0.099843905000000011,1706673531.3197398,1
3022,1706673531.3197436,1706673531.4195721,1706673531.3183458,1706673531.4178381,11,1,7984,23930,23511,419,0,419,0,0,23511,419,23511,0,0,0,0.099836925000000007,1706673531.4195805,1
3023,1706673531.4203827,1706673531.5202143,1706673531.4178381,1706673531.5188322,11,1,7976,23933,23599,334,0,334,0,0,23599,334,23599,0,0,0,0.099839965000000003,1706673531.5202227,1
3024,1706673531.5202267,1706673531.6200569,1706673531.5188322,1706673531.6186318,11,1,7978,23940,23595,345,0,345,0,0,23595,345,23595,0,0,0,0.099838465000000001,1706673531.6200652,1
3025,1706673531.620069,1706673531.7198796,1706673531.6186318,1706673531.7188318,11,1,7981,23938,23683,255,0,255,0,0,23683,255,23683,0,0,0,0.099819005000000002,1706673531.719888,1
3026,1706673531.7198906,1706673531.8197107,1706673531.7188318,1706673531.8182254,11,1,7981,23943,23584,359,0,359,0,0,23584,359,23584,0,0,0,0.099828525000000001,1706673531.8197191,1
3027,1706673531.8197219,1706673531.9195583,1706673531.8182254,1706673531.9168038,11,1,7976,23928,23264,664,0,664,0,0,23264,664,23264,0,0,0,0.099844685000000002,1706673531.9195666,1
3028,1706673531.9203689,1706673532.0202019,1706673531.9168038,1706673532.0174589,11,1,7984,23959,23297,662,0,662,0,0,23297,662,23297,0,0,0,0.099841305000000005,1706673532.0202103,1
3029,1706673532.0202141,1706673532.1200435,1706673532.0174589,1706673532.1175773,11,1,7981,23941,23346,595,0,595,0,0,23346,595,23346,0,0,0,0.099837685000000009,1706673532.1200519,1
3030,1706673532.1200554,1706673532.2199123,1706673532.1175773,1706673532.2175179,11,1,7976,23944,23366,578,0,578,0,0,23366,578,23366,0,0,0,0.099865085000000006,1706673532.2199206,1
3031,1706673532.2199242,1706673532.3197572,1706673532.2175179,1706673532.317517,11,1,7976,23929,23388,541,0,541,0,0,23388,541,23388,0,0,0,0.099841345000000012,1706673532.3197656,1
3032,1706673532.3197691,1706673532.4196017,1706673532.317517,1706673532.4174919,11,1,7977,23939,23429,510,0,510,0,0,23429,510,23429,0,0,0,0.099840785000000001,1706673532.41961,1
3033,1706673532.420013,1706673532.5198431,1706673532.4174919,1706673532.5177641,11,1,7982,23959,23457,502,0,502,0,0,23457,502,23457,0,0,0,0.099838485000000005,1706673532.5198514,1
3034,1706673532.5198545,1706673532.6196792,1706673532.5177641,1706673532.6174834,11,1,7982,23956,23425,531,0,531,0,0,23425,531,23425,0,0,0,0.099832945000000006,1706673532.6196876,1
3035,1706673532.6196911,1706673532.7195106,1706673532.6174834,1706673532.7169657,11,1,7985,23948,23336,612,0,612,0,0,23336,612,23336,0,0,0,0.099827684999999999,1706673532.7195189,1
3036,1706673532.7203202,1706673532.8201618,1706673532.7169657,1706673532.8175955,11,1,7984,23956,23337,619,0,619,0,0,23337,619,23337,0,0,0,0.099849825000000003,1706673532.8201702,1
3037,1706673532.8201728,1706673532.9200079,1706673532.8175955,1706673532.9170535,11,1,7979,23940,23227,713,0,713,0,0,23227,713,23227,0,0,0,0.099843445000000003,1706673532.9200163,1
3038,1706673532.9200196,1706673533.0198526,1706673532.9170535,1706673533.0178781,11,1,7988,23944,23467,477,0,477,0,0,23467,477,23467,0,0,0,0.099841345000000012,1706673533.019861,1
3039,1706673533.0198655,1706673533.1196957,1706673533.0178781,1706673533.1174603,11,1,7990,23958,23418,540,0,540,0,0,23418,540,23418,0,0,0,0.099838525000000011,1706673533.119704,1
3040,1706673533.1197071,1706673533.219542,1706673533.1174603,1706673533.2179277,11,1,7981,23954,23563,391,0,391,0,0,23563,391,23563,0,0,0,0.099843185000000001,1706673533.2195504,1
3041,1706673533.2203543,1706673533.3201621,1706673533.2179277,1706673533.3174748,11,1,7981,23949,23301,648,0,648,0,0,23301,648,23301,0,0,0,0.099816004999999999,1706673533.3201704,1
3042,1706673533.320174,1706673533.4200082,1706673533.3174748,1706673533.4176583,11,1,7988,23956,23389,567,0,567,0,0,23389,567,23389,0,0,0,0.099842625000000004,1706673533.4200165,1
3043,1706673533.4200203,1706673533.5198457,1706673533.4176583,1706673533.5174007,11,1,7980,23940,23350,590,0,590,0,0,23350,590,23350,0,0,0,0.099833685000000005,1706673533.5198541,1
3044,1706673533.5198584,1706673533.6196833,1706673533.5174007,1706673533.6170652,11,1,7971,23932,23301,631,0,631,0,0,23301,631,23301,0,0,0,0.099833285000000008,1706673533.6196916,1
3045,1706673533.6196947,1706673533.7195349,1706673533.6170652,1706673533.7178516,11,1,7976,23946,23541,405,0,405,0,0,23541,405,23541,0,0,0,0.099848565,1706673533.7195432,1
3046,1706673533.7203453,1706673533.8201666,1706673533.7178516,1706673533.8179741,11,1,7980,23945,23416,529,0,529,0,0,23416,529,23416,0,0,0,0.099829705000000005,1706673533.8201749,1
3047,1706673533.8201773,1706673533.9200275,1706673533.8179741,1706673533.9174397,11,1,7969,23921,23318,603,0,603,0,0,23318,603,23318,0,0,0,0.099858445000000004,1706673533.9200358,1
3048,1706673533.9200387,1706673534.0198648,1706673533.9174397,1706673534.0172708,11,1,7975,23948,23334,614,0,614,0,0,23334,614,23334,0,0,0,0.099834325000000002,1706673534.0198731,1
3049,1706673534.019876,1706673534.1197023,1706673534.0172708,1706673534.1175506,11,1,7970,23938,23418,520,0,520,0,0,23418,520,23418,0,0,0,0.099834605000000007,1706673534.1197107,1
3050,1706673534.1197147,1706673534.2195365,1706673534.1175506,1706673534.2180314,11,1,7972,23923,23559,364,0,364,0,0,23559,364,23559,0,0,0,0.099830185000000002,1706673534.2195449,1
3051,1706673534.2203476,1706673534.3201816,1706673534.2180314,1706673534.3175209,11,1,7978,23933,23291,642,0,642,0,0,23291,642,23291,0,0,0,0.099842225000000007,1706673534.32019,1
3052,1706673534.3201935,1706673534.4200158,1706673534.3175209,1706673534.4179096,11,1,7967,23924,23415,509,0,509,0,0,23415,509,23415,0,0,0,0.099830545000000007,1706673534.4200242,1
3053,1706673534.4200284,1706673534.51987,1706673534.4179096,1706673534.5174763,11,1,7972,23917,23339,578,0,578,0,0,23339,578,23339,0,0,0,0.099850045000000012,1706673534.5198784,1
3054,1706673534.5198827,1706673534.6197224,1706673534.5174763,1706673534.6181543,11,1,7970,23936,23557,379,0,379,0,0,23557,379,23557,0,0,0,0.09984812500000001,1706673534.6197307,1
3055,1706673534.6197352,1706673534.7195673,1706673534.6181543,1706673534.717581,11,1,7976,23922,23443,479,0,479,0,0,23443,479,23443,0,0,0,0.099840305000000004,1706673534.7195756,1
3056,1706673534.7203772,1706673534.8202059,1706673534.717581,1706673534.8172576,11,1,7976,23923,23212,711,0,711,0,0,23212,711,23212,0,0,0,0.099837065000000003,1706673534.8202143,1
3057,1706673534.8202178,1706673534.9200485,1706673534.8172576,1706673534.9180431,11,1,7978,23935,23453,482,0,482,0,0,23453,482,23453,0,0,0,0.099839025000000012,1706673534.9200568,1
3058,1706673534.9200606,1706673535.0198832,1706673534.9180431,1706673535.0175464,11,1,7966,23925,23361,564,0,564,0,0,23361,564,23361,0,0,0,0.099830785000000005,1706673535.0198915,1
3059,1706673535.0198951,1706673535.1197209,1706673535.0175464,1706673535.1172371,11,1,7977,23932,23333,599,0,599,0,0,23333,599,23333,0,0,0,0.09983412500000001,1706673535.1197293,1
3060,1706673535.1197326,1706673535.2195692,1706673535.1172371,1706673535.2172427,11,1,7966,23895,23357,538,0,538,0,0,23357,538,23357,0,0,0,0.099844865000000005,1706673535.2195776,1
3061,1706673535.2203805,1706673535.3202083,1706673535.2172427,1706673535.317872,11,1,7977,23929,23378,551,0,551,0,0,23378,551,23378,0,0,0,0.099836185000000008,1706673535.3202167,1
3062,1706673535.3202207,1706673535.4200482,1706673535.317872,1706673535.4172399,11,1,7965,23883,23207,676,0,676,0,0,23207,676,23207,0,0,0,0.099835745000000004,1706673535.4200563,1
3063,1706673535.4200604,1706673535.5198958,1706673535.4172399,1706673535.517405,11,1,7945,23847,23246,601,0,601,0,0,23246,601,23246,0,0,0,0.099843725000000008,1706673535.5199041,1
3064,1706673535.5199077,1706673535.6197333,1706673535.517405,1706673535.6172552,11,1,7947,23844,23246,598,0,598,0,0,23246,598,23246,0,0,0,0.099834025000000007,1706673535.6197417,1
3065,1706673535.6197453,1706673535.7195723,1706673535.6172552,1706673535.7176499,11,1,7926,23798,23342,456,0,456,0,0,23342,456,23342,0,0,0,0.099835465000000012,1706673535.7195807,1
3066,1706673535.7203817,1706673535.8202097,1706673535.7176499,1706673535.817518,11,1,7942,23836,23194,642,0,642,0,0,23194,642,23194,0,0,0,0.099836325000000004,1706673535.8202181,1
3067,1706673535.8202209,1706673535.9200537,1706673535.817518,1706673535.9180772,11,1,7965,23875,23397,478,0,478,0,0,23397,478,23397,0,0,0,0.099841145000000006,1706673535.9200621,1
3068,1706673535.9200647,1706673536.0198996,1706673535.9180772,1706673536.0179908,11,1,7955,23885,23424,461,0,461,0,0,23424,461,23424,0,0,0,0.099843305000000007,1706673536.019908,1
3069,1706673536.0199115,1706673536.1197281,1706673536.0179908,1706673536.117938,11,1,7955,23883,23452,431,0,431,0,0,23452,431,23452,0,0,0,0.099820618,1706673536.1197321,1
3070,1706673536.1197398,1706673536.2195649,1706673536.117938,1706673536.2180541,11,1,7966,23902,23536,366,0,366,0,0,23536,366,23536,0,0,0,0.099833425000000003,1706673536.2195733,1
3071,1706673536.2203751,1706673536.3202167,1706673536.2180541,1706673536.3174212,11,1,7963,23904,23230,674,0,674,0,0,23230,674,23230,0,0,0,0.099850045000000012,1706673536.320225,1
3072,1706673536.3202283,1706673536.4200504,1706673536.3174212,1706673536.4181767,11,1,7954,23892,23439,453,0,453,0,0,23439,453,23439,0,0,0,0.099830265000000001,1706673536.4200585,1
3073,1706673536.4200625,1706673536.5198925,1706673536.4181767,1706673536.5179231,11,1,7971,23892,23420,472,0,472,0,0,23420,472,23420,0,0,0,0.099838265000000009,1706673536.5199008,1
3074,1706673536.5199039,1706673536.6197236,1706673536.5179231,1706673536.6177685,11,1,7968,23900,23432,468,0,468,0,0,23432,468,23432,0,0,0,0.099828005000000011,1706673536.6197319,1
3075,1706673536.619736,1706673536.7195551,1706673536.6177685,1706673536.717356,11,1,7962,23894,23363,531,0,531,0,0,23363,531,23363,0,0,0,0.099827565000000007,1706673536.7195635,1
3076,1706673536.7203655,1706673536.820188,1706673536.717356,1706673536.8178275,11,1,7986,23953,23383,570,0,570,0,0,23383,570,23383,0,0,0,0.099830885000000008,1706673536.8201964,1
3077,1706673536.8202002,1706673536.9200287,1706673536.8178275,1706673536.9174082,11,1,7980,23946,23313,633,0,633,0,0,23313,633,23313,0,0,0,0.099836925000000007,1706673536.920037,1
3078,1706673536.9200408,1706673537.01987,1706673536.9174082,1706673537.0179861,11,1,7986,23949,23494,455,0,455,0,0,23494,455,23494,0,0,0,0.099837585000000006,1706673537.0198784,1
3079,1706673537.0198822,1706673537.1197143,1706673537.0179861,1706673537.117568,11,1,7975,23942,23423,519,0,519,0,0,23423,519,23423,0,0,0,0.099840445,1706673537.1197226,1
3080,1706673537.1197257,1706673537.2195482,1706673537.117568,1706673537.2182903,11,1,7974,23917,23612,305,0,305,0,0,23612,305,23612,0,0,0,0.099830745000000012,1706673537.2195563,1
3081,1706673537.2203577,1706673537.3201897,1706673537.2182903,1706673537.3179166,11,1,7975,23931,23382,549,0,549,0,0,23382,549,23382,0,0,0,0.099840365,1706673537.3201981,1
3082,1706673537.3202026,1706673537.4200406,1706673537.3179166,1706673537.4175396,11,1,7968,23900,23298,602,0,602,0,0,23298,602,23298,0,0,0,0.099846245,1706673537.420049,1
3083,1706673537.4200532,1706673537.5198982,1706673537.4175396,1706673537.5178742,11,1,7962,23895,23407,488,0,488,0,0,23407,488,23407,0,0,0,0.09985334500000001,1706673537.5199065,1
3084,1706673537.5199101,1706673537.6197331,1706673537.5178742,1706673537.6176555,11,1,7958,23873,23371,502,0,502,0,0,23371,502,23371,0,0,0,0.099831365000000005,1706673537.6197414,1
3085,1706673537.6197445,1706673537.7195654,1706673537.6176555,1706673537.7183752,11,1,7964,23904,23620,284,0,284,0,0,23620,284,23620,0,0,0,0.099829125000000005,1706673537.7195737,1
3086,1706673537.720377,1706673537.8202019,1706673537.7183752,1706673537.8176534,11,1,7984,23941,23337,604,0,604,0,0,23337,604,23337,0,0,0,0.099833165000000001,1706673537.8202102,1
3087,1706673537.8202143,1706673537.9200428,1706673537.8176534,1706673537.9181387,11,1,7984,23947,23486,461,0,461,0,0,23486,461,23486,0,0,0,0.099836925000000007,1706673537.9200511,1
3088,1706673537.9200554,1706673538.0198767,1706673537.9181387,1706673538.0180767,11,1,7983,23947,23512,435,0,435,0,0,23512,435,23512,0,0,0,0.099829545000000006,1706673538.0198848,1
3089,1706673538.0198894,1706673538.11972,1706673538.0180767,1706673538.1180024,11,1,7977,23937,23521,416,0,416,0,0,23521,416,23521,0,0,0,0.099839005000000008,1706673538.1197283,1
3090,1706673538.1197317,1706673538.2195725,1706673538.1180024,1706673538.2182217,11,1,7982,23939,23612,327,0,327,0,0,23612,327,23612,0,0,0,0.099849165000000004,1706673538.2195809,1
3091,1706673538.2203827,1706673538.3201997,1706673538.2182217,1706673538.3180935,11,1,7980,23941,23433,508,0,508,0,0,23433,508,23433,0,0,0,0.09982534500000001,1706673538.3202081,1
3092,1706673538.3202112,1706673538.4200437,1706673538.3180935,1706673538.4177859,11,1,7976,23933,23388,545,0,545,0,0,23388,545,23388,0,0,0,0.099840925000000011,1706673538.4200521,1
3093,1706673538.4200556,1706673538.5198917,1706673538.4177859,1706673538.518553,11,1,7981,23938,23614,324,0,324,0,0,23614,324,23614,0,0,0,0.099844345000000001,1706673538.5199001,1
3094,1706673538.5199025,1706673538.6197228,1706673538.518553,1706673538.618135,11,1,7979,23945,23561,384,0,384,0,0,23561,384,23561,0,0,0,0.09982874500000001,1706673538.6197312,1
3095,1706673538.6197345,1706673538.7195504,1706673538.618135,1706673538.7179973,11,1,7983,23937,23561,376,0,376,0,0,23561,376,23561,0,0,0,0.099824085000000007,1706673538.7195587,1
3096,1706673538.7203627,1706673538.8201892,1706673538.7179973,1706673538.8184841,11,1,7984,23955,23543,412,0,412,0,0,23543,412,23543,0,0,0,0.099834885000000012,1706673538.8201976,1
3097,1706673538.8202014,1706673538.9200191,1706673538.8184841,1706673538.9180872,11,1,7979,23939,23472,467,0,467,0,0,23472,467,23472,0,0,0,0.099826205000000001,1706673538.9200275,1
3098,1706673538.9200315,1706673539.0198507,1706673538.9180872,1706673539.0184739,11,1,7979,23946,23615,331,0,331,0,0,23615,331,23615,0,0,0,0.099827465000000004,1706673539.0198591,1
3099,1706673539.0198622,1706673539.1196997,1706673539.0184739,1706673539.1182201,11,1,7971,23944,23586,358,0,358,0,0,23586,358,23586,0,0,0,0.099845985000000012,1706673539.1197081,1
3100,1706673539.1197116,1706673539.2195356,1706673539.1182201,1706673539.2179716,11,1,7983,23951,23573,378,0,378,0,0,23573,378,23573,0,0,0,0.099832205000000007,1706673539.2195439,1
3101,1706673539.220346,1706673539.320159,1706673539.2179716,1706673539.3185549,11,1,7984,23954,23566,388,0,388,0,0,23566,388,23566,0,0,0,0.099821345000000006,1706673539.3201673,1
3102,1706673539.3201704,1706673539.4199915,1706673539.3185549,1706673539.41817,11,1,7989,23952,23512,440,0,440,0,0,23512,440,23512,0,0,0,0.099829345,1706673539.4199998,1
3103,1706673539.4200034,1706673539.5198355,1706673539.41817,1706673539.5179303,11,1,7977,23938,23478,460,0,460,0,0,23478,460,23478,0,0,0,0.099840285000000001,1706673539.5198438,1
3104,1706673539.5198472,1706673539.6196671,1706673539.5179303,1706673539.6185901,11,1,7984,23934,23673,261,0,261,0,0,23673,261,23673,0,0,0,0.099828205000000003,1706673539.6196754,1
3105,1706673539.619679,1706673539.7195115,1706673539.6185901,1706673539.7177672,11,1,7987,23961,23540,421,0,421,0,0,23540,421,23540,0,0,0,0.099840925000000011,1706673539.7195199,1
3106,1706673539.7203233,1706673539.8201463,1706673539.7177672,1706673539.8182957,11,1,7990,23956,23509,447,0,447,0,0,23509,447,23509,0,0,0,0.099831345000000002,1706673539.8201547,1
3107,1706673539.820158,1706673539.9199829,1706673539.8182957,1706673539.9177856,11,1,7986,23960,23429,531,0,531,0,0,23429,531,23429,0,0,0,0.099833185000000005,1706673539.9199913,1
3108,1706673539.9199944,1706673540.0198214,1706673539.9177856,1706673540.0181844,11,1,7982,23947,23551,396,0,396,0,0,23551,396,23551,0,0,0,0.099835445000000009,1706673540.0198298,1
3109,1706673540.0198328,1706673540.1196556,1706673540.0181844,1706673540.1178517,11,1,7986,23964,23528,436,0,436,0,0,23528,436,23528,0,0,0,0.099831085,1706673540.119664,1
3110,1706673540.119668,1706673540.2195053,1706673540.1178517,1706673540.2177067,11,1,7975,23927,23493,434,0,434,0,0,23493,434,23493,0,0,0,0.099845685000000003,1706673540.2195137,1
3111,1706673540.2203162,1706673540.3201323,1706673540.2177067,1706673540.3181634,11,1,7993,23972,23496,476,0,476,0,0,23496,476,23496,0,0,0,0.099824525000000011,1706673540.3201406,1
3112,1706673540.3201444,1706673540.4199753,1706673540.3181634,1706673540.4178278,11,1,7985,23937,23418,519,0,519,0,0,23418,519,23418,0,0,0,0.099839245000000007,1706673540.4199836,1
3113,1706673540.4199867,1706673540.519819,1706673540.4178278,1706673540.5186062,11,1,7981,23929,23635,294,0,294,0,0,23635,294,23635,0,0,0,0.099840605000000013,1706673540.5198274,1
3114,1706673540.5198302,1706673540.6196549,1706673540.5186062,1706673540.6180592,11,1,7981,23946,23560,386,0,386,0,0,23560,386,23560,0,0,0,0.099833045000000009,1706673540.6196632,1
3115,1706673540.6196668,1706673540.7194898,1706673540.6180592,1706673540.718646,11,1,7983,23938,23733,205,0,205,0,0,23733,205,23733,0,0,0,0.09983122500000001,1706673540.7194982,1
3116,1706673540.7203014,1706673540.8201315,1706673540.718646,1706673540.8181489,11,1,7982,23954,23475,479,0,479,0,0,23475,479,23475,0,0,0,0.099838585000000007,1706673540.8201399,1
3117,1706673540.8201432,1706673540.9199691,1706673540.8181489,1706673540.9168913,11,1,7975,23941,23200,741,0,741,0,0,23200,741,23200,0,0,0,0.099834225000000013,1706673540.9199774,1
3118,1706673540.9199812,1706673541.0198047,1706673540.9168913,1706673541.0174305,11,1,7976,23933,23363,570,0,570,0,0,23363,570,23363,0,0,0,0.099831845000000002,1706673541.0198131,1
3119,1706673541.0198169,1706673541.1196394,1706673541.0174305,1706673541.116786,11,1,7985,23947,23258,689,0,689,0,0,23258,689,23258,0,0,0,0.099830825000000012,1706673541.1196477,1
3120,1706673541.1200495,1706673541.2198656,1706673541.116786,1706673541.2172892,11,1,7984,23955,23333,622,0,622,0,0,23333,622,23333,0,0,0,0.099824525000000011,1706673541.2198739,1
3121,1706673541.2198772,1706673541.3196948,1706673541.2172892,1706673541.31688,11,1,7986,23933,23254,679,0,679,0,0,23254,679,23254,0,0,0,0.099825885000000003,1706673541.3197031,1
3122,1706673541.3197057,1706673541.4195309,1706673541.31688,1706673541.4167504,11,1,7604,22812,22141,671,0,671,0,0,22141,671,22141,0,0,0,0.099833585000000002,1706673541.4195392,1
3123,1706673541.4203405,1706673541.5201871,1706673541.4167504,1706673541.5171976,11,1,7989,23968,23247,721,0,721,0,0,23247,721,23247,0,0,0,0.099854905000000008,1706673541.5201955,1
3124,1706673541.5201979,1706673541.6200378,1706673541.5171976,1706673541.617125,11,1,7970,23942,23239,703,0,703,0,0,23239,703,23239,0,0,0,0.099848325000000002,1706673541.6200461,1
3125,1706673541.6200504,1706673541.7198699,1706673541.617125,1706673541.7175045,11,1,7987,23952,23381,571,0,571,0,0,23381,571,23381,0,0,0,0.099827785000000002,1706673541.7198782,1
3126,1706673541.7198811,1706673541.8197112,1706673541.7175045,1706673541.8172383,11,1,7975,23930,23333,597,0,597,0,0,23333,597,23333,0,0,0,0.099838545000000001,1706673541.8197196,1
3127,1706673541.8197222,1706673541.9195487,1706673541.8172383,1706673541.9180002,11,1,7989,23955,23580,375,0,375,0,0,23580,375,23580,0,0,0,0.099834965000000012,1706673541.9195571,1
3128,1706673541.9203587,1706673542.0201924,1706673541.9180002,1706673542.0175071,11,1,7980,23952,23304,648,0,648,0,0,23304,648,23304,0,0,0,0.099842145000000007,1706673542.0202007,1
3129,1706673542.0202038,1706673542.1200228,1706673542.0175071,1706673542.1169214,11,1,7977,23935,23191,744,0,744,0,0,23191,744,23191,0,0,0,0.099827225000000006,1706673542.1200311,1
3130,1706673542.1200349,1706673542.2198637,1706673542.1169214,1706673542.2170849,11,1,7979,23932,23274,658,0,658,0,0,23274,658,23274,0,0,0,0.099837145000000002,1706673542.219872,1
3131,1706673542.2198753,1706673542.3197007,1706673542.2170849,1706673542.3175864,11,1,7976,23908,23397,511,0,511,0,0,23397,511,23397,0,0,0,0.099833745000000002,1706673542.3197091,1
3132,1706673542.3197131,1706673542.4195297,1706673542.3175864,1706673542.4168472,11,1,7972,23930,23283,647,0,647,0,0,23283,647,23283,0,0,0,0.099824825000000006,1706673542.419538,1
3133,1706673542.4203398,1706673542.52017,1706673542.4168472,1706673542.5177257,11,1,7973,23906,23320,586,0,586,0,0,23320,586,23320,0,0,0,0.099838425000000008,1706673542.5201783,1
3134,1706673542.5201819,1706673542.6200116,1706673542.5177257,1706673542.6175749,11,1,7972,23879,23291,588,0,588,0,0,23291,588,23291,0,0,0,0.099837985000000004,1706673542.6200199,1
3135,1706673542.620023,1706673542.7198601,1706673542.6175749,1706673542.717068,11,1,7957,23879,23206,673,0,673,0,0,23206,673,23206,0,0,0,0.099845385000000009,1706673542.7198684,1
3136,1706673542.719872,1706673542.8197048,1706673542.717068,1706673542.8178043,11,1,7964,23881,23422,459,0,459,0,0,23422,459,23422,0,0,0,0.09984108500000001,1706673542.8197131,1
3137,1706673542.8197157,1706673542.9195399,1706673542.8178043,1706673542.9177926,11,1,7972,23906,23486,420,0,420,0,0,23486,420,23486,0,0,0,0.099832605000000005,1706673542.9195483,1
3138,1706673542.9203491,1706673543.0201645,1706673542.9177926,1706673543.0177736,11,1,7968,23887,23310,577,0,577,0,0,23310,577,23310,0,0,0,0.099823765000000009,1706673543.0201728,1
3139,1706673543.0201769,1706673543.120002,1706673543.0177736,1706673543.1171763,11,1,7964,23884,23203,681,0,681,0,0,23203,681,23203,0,0,0,0.099833445000000007,1706673543.1200104,1
3140,1706673543.1200142,1706673543.2198493,1706673543.1171763,1706673543.2179649,11,1,7972,23887,23432,455,0,455,0,0,23432,455,23432,0,0,0,0.099843425,1706673543.2198577,1
3141,1706673543.2198603,1706673543.3197007,1706673543.2179649,1706673543.3177757,11,1,7953,23876,23411,465,0,465,0,0,23411,465,23411,0,0,0,0.099848745000000003,1706673543.3197091,1
3142,1706673543.3197131,1706673543.4195447,1706673543.3177757,1706673543.4172525,11,1,7923,23776,23239,537,0,537,0,0,23239,537,23239,0,0,0,0.099839944999999999,1706673543.419553,1
3143,1706673543.4203539,1706673543.5201774,1706673543.4172525,1706673543.5179882,11,1,7948,23827,23298,529,0,529,0,0,23298,529,23298,0,0,0,0.099831885000000009,1706673543.5201857,1
3144,1706673543.5201898,1706673543.6200256,1706673543.5179882,1706673543.6172373,11,1,7959,23873,23200,673,0,673,0,0,23200,673,23200,0,0,0,0.099844265000000001,1706673543.620034,1
3145,1706673543.6200376,1706673543.7198696,1706673543.6172373,1706673543.717901,11,1,7962,23904,23428,476,0,476,0,0,23428,476,23428,0,0,0,0.099840485000000007,1706673543.719878,1
3146,1706673543.7198815,1706673543.8197021,1706673543.717901,1706673543.8177693,11,1,7982,23937,23470,467,0,467,0,0,23470,467,23470,0,0,0,0.099828865000000003,1706673543.8197105,1
3147,1706673543.8197136,1706673543.9195457,1706673543.8177693,1706673543.9171686,11,1,7967,23909,23339,570,0,570,0,0,23339,570,23339,0,0,0,0.099840405000000007,1706673543.919554,1
3148,1706673543.9203553,1706673544.020184,1706673543.9171686,1706673544.017493,11,1,7951,23874,23225,649,0,649,0,0,23225,649,23225,0,0,0,0.099837125000000013,1706673544.0201924,1
3149,1706673544.0201964,1706673544.1200385,1706673544.017493,1706673544.1179934,11,1,7952,23870,23378,492,0,492,0,0,23378,492,23378,0,0,0,0.09985044500000001,1706673544.1200469,1
3150,1706673544.1200502,1706673544.2198834,1706673544.1179934,1706673544.2179306,11,1,7935,23798,23349,449,0,449,0,0,23349,449,23349,0,0,0,0.099841645000000007,1706673544.2198918,1
3151,1706673544.2198949,1706673544.3197134,1706673544.2179306,1706673544.3175542,11,1,7932,23789,23272,517,0,517,0,0,23272,517,23272,0,0,0,0.099826765000000012,1706673544.3197217,1
3152,1706673544.3197241,1706673544.4195435,1706673544.3175542,1706673544.4173479,11,1,7944,23789,23259,530,0,530,0,0,23259,530,23259,0,0,0,0.099827645000000007,1706673544.4195516,1
3153,1706673544.4203532,1706673544.520179,1706673544.4173479,1706673544.5179257,11,1,7928,23788,23244,544,0,544,0,0,23244,544,23244,0,0,0,0.099834225000000013,1706673544.5201874,1
3154,1706673544.5201905,1706673544.619998,1706673544.5179257,1706673544.6179109,11,1,7959,23868,23365,503,0,503,0,0,23365,503,23365,0,0,0,0.099815745000000011,1706673544.6200063,1
3155,1706673544.6200104,1706673544.7198448,1706673544.6179109,1706673544.7175522,11,1,7950,23860,23312,548,0,548,0,0,23312,548,23312,0,0,0,0.099842765,1706673544.7198532,1
3156,1706673544.7198563,1706673544.8196959,1706673544.7175522,1706673544.8180666,11,1,7963,23865,23471,394,0,394,0,0,23471,394,23471,0,0,0,0.099847945000000007,1706673544.8197043,1
3157,1706673544.8197076,1706673544.9195347,1706673544.8180666,1706673544.917665,11,1,7967,23900,23448,452,0,452,0,0,23448,452,23448,0,0,0,0.09983528500000001,1706673544.919543,1
3158,1706673544.9203465,1706673545.0201809,1706673544.917665,1706673545.0171688,11,1,7967,23885,23163,722,0,722,0,0,23163,722,23163,0,0,4.1670000000000001e-06,0.099842805000000007,1706673545.0201893,1
3159,1706673545.0201929,1706673545.120019,1706673545.0171688,1706673545.1179039,11,1,7971,23894,23383,511,0,511,0,0,23383,511,23383,0,0,0,0.099834425000000004,1706673545.1200273,1
3160,1706673545.1200321,1706673545.219857,1706673545.1179039,1706673545.2175756,11,1,7957,23847,23297,550,0,550,0,0,23297,550,23297,0,0,0,0.099833325000000001,1706673545.2198653,1
3161,1706673545.2198687,1706673545.3196867,1706673545.2175756,1706673545.3171904,11,1,7935,23814,23212,602,0,602,0,0,23212,602,23212,0,0,0,0.099826285000000001,1706673545.319695,1
3162,1706673545.3196983,1706673545.4195256,1706673545.3171904,1706673545.4171925,11,1,7964,23846,23282,564,0,564,0,0,23282,564,23282,0,0,0,0.099835685000000007,1706673545.419534,1
3163,1706673545.4203351,1706673545.5201688,1706673545.4171925,1706673545.5174124,11,1,7940,23829,23167,662,0,662,0,0,23167,662,23167,0,0,0,0.099842045000000004,1706673545.5201771,1
3164,1706673545.5201807,1706673545.620012,1706673545.5174124,1706673545.6175959,11,1,7957,23863,23282,581,0,581,0,0,23282,581,23282,0,0,0,0.099839685000000011,1706673545.6200204,1
3165,1706673545.6200242,1706673545.7198625,1706673545.6175959,1706673545.7172933,11,1,7957,23849,23229,620,0,620,0,0,23229,620,23229,0,0,0,0.099846605000000005,1706673545.7198708,1
3166,1706673545.7198746,1706673545.8196938,1706673545.7172933,1706673545.8179259,11,1,7911,23742,23314,428,0,428,0,0,23314,428,23314,0,0,0,0.099827545000000004,1706673545.8197021,1
3167,1706673545.819705,1706673545.9195318,1706673545.8179259,1706673545.9173822,11,1,7911,23711,23207,504,0,504,0,0,23207,504,23207,0,0,0,0.099835165000000003,1706673545.9195402,1
3168,1706673545.9203427,1706673546.0201747,1706673545.9173822,1706673546.0180025,11,1,7916,23661,23138,523,0,523,0,0,23138,523,23138,0,0,0,0.099840345000000011,1706673546.0201831,1
3169,1706673546.0201867,1706673546.1200221,1706673546.0180025,1706673546.1173975,11,1,7905,23672,23039,633,0,633,0,0,23039,633,23039,0,0,0,0.099843625000000005,1706673546.1200304,1
3170,1706673546.1200318,1706673546.2198577,1706673546.1173975,1706673546.2179618,11,1,7909,23743,23285,458,0,458,0,0,23285,458,23285,0,0,0,0.09983412500000001,1706673546.219866,1
3171,1706673546.2198694,1706673546.3196969,1706673546.2179618,1706673546.3174541,11,1,7923,23802,23264,538,0,538,0,0,23264,538,23264,0,0,0,0.099835945000000009,1706673546.3197052,1
3172,1706673546.3197088,1706673546.4195416,1706673546.3174541,1706673546.4173627,11,1,7958,23869,23346,523,0,523,0,0,23346,523,23346,0,0,0,0.099841065000000007,1706673546.4195499,1
3173,1706673546.4203513,1706673546.5201914,1706673546.4173627,1706673546.5180085,11,1,7965,23906,23379,527,0,527,0,0,23379,527,23379,0,0,0,0.099848405000000001,1706673546.5201998,1
3174,1706673546.5202038,1706673546.6200328,1706673546.5180085,1706673546.6177216,11,1,7965,23894,23336,558,0,558,0,0,23336,558,23336,0,0,0,0.099837345000000008,1706673546.6200411,1
3175,1706673546.6200452,1706673546.7198625,1706673546.6177216,1706673546.7183039,11,1,7957,23877,23504,373,0,373,0,0,23504,373,23504,0,0,0,0.099825625000000001,1706673546.7198708,1
3176,1706673546.7198741,1706673546.8197057,1706673546.7183039,1706673546.8178215,11,1,7932,23814,23373,441,0,441,0,0,23373,441,23373,0,0,0,0.099839905000000007,1706673546.8197141,1
3177,1706673546.8197179,1706673546.9195495,1706673546.8178215,1706673546.9173837,11,1,7934,23788,23266,522,0,522,0,0,23266,522,23266,0,0,0,0.099839985000000006,1706673546.9195578,1
3178,1706673546.9203608,1706673547.0201991,1706673546.9173837,1706673547.017761,11,1,7929,23758,23170,588,0,588,0,0,23170,588,23170,0,0,0,0.099846705000000008,1706673547.0202074,1
3179,1706673547.0202112,1706673547.1200271,1706673547.017761,1706673547.1178563,11,1,7908,23755,23242,513,0,513,0,0,23242,513,23242,0,0,0,0.099815891000000004,1706673547.1200271,1
3180,1706673547.1200397,1706673547.2198672,1706673547.1178563,1706673547.2172971,11,1,7896,23629,23022,607,0,607,0,0,23022,607,23022,0,0,0,0.099835885000000013,1706673547.2198756,1
3181,1706673547.2198794,1706673547.319725,1706673547.2172971,1706673547.31777,11,1,7908,23634,23166,468,0,468,0,0,23166,468,23166,0,0,0,0.099853865,1706673547.3197331,1
3182,1706673547.3197377,1706673547.4195695,1706673547.31777,1706673547.4175277,11,1,7883,23559,23066,493,0,493,0,0,23066,493,23066,0,0,0,0.099840145000000005,1706673547.4195778,1
3183,1706673547.4203799,1706673547.5202174,1706673547.4175277,1706673547.5173652,11,1,7918,23704,23016,688,0,688,0,0,23016,688,23016,0,0,0,0.099845945000000005,1706673547.5202258,1
3184,1706673547.5202293,1706673547.6200607,1706673547.5173652,1706673547.6179273,11,1,7924,23825,23338,487,0,487,0,0,23338,487,23338,0,0,0,0.099839765000000011,1706673547.620069,1
3185,1706673547.6200728,1706673547.7199011,1706673547.6179273,1706673547.7178407,11,1,7951,23858,23387,471,0,471,0,0,23387,471,23387,0,0,0,0.099836625000000012,1706673547.7199094,1
3186,1706673547.719913,1706673547.8197422,1706673547.7178407,1706673547.8182712,11,1,7964,23897,23541,356,0,356,0,0,23541,356,23541,0,0,0,0.099837465,1706673547.8197505,1
3187,1706673547.8197539,1706673547.9195821,1706673547.8182712,1706673547.9177501,11,1,7959,23893,23451,442,0,442,0,0,23451,442,23451,0,0,0,0.099836685000000008,1706673547.9195905,1
3188,1706673547.9199922,1706673548.0198252,1706673547.9177501,1706673548.0183902,11,1,7939,23858,23512,346,0,346,0,0,23512,346,23512,0,0,0,0.099841405000000008,1706673548.0198336,1
3189,1706673548.0198379,1706673548.1196682,1706673548.0183902,1706673548.1180551,11,1,7930,23830,23440,390,0,390,0,0,23440,390,23440,0,0,0,0.099838745000000007,1706673548.1196766,1
3190,1706673548.1196802,1706673548.2195015,1706673548.1180551,1706673548.2179191,11,1,7935,23829,23446,383,0,383,0,0,23446,383,23446,0,0,0,0.099829665000000012,1706673548.2195098,1
3191,1706673548.2203121,1706673548.3201334,1706673548.2179191,1706673548.3183265,11,1,7928,23795,23361,434,0,434,0,0,23361,434,23361,0,0,0,0.099829625000000005,1706673548.3201418,1
3192,1706673548.3201449,1706673548.4199517,1706673548.3183265,1706673548.4181292,11,1,7930,23793,23372,421,0,421,0,0,23372,421,23372,0,0,0,0.099815125000000005,1706673548.41996,1
3193,1706673548.4199631,1706673548.5197728,1706673548.4181292,1706673548.5175769,11,1,7946,23815,23288,527,0,527,0,0,23288,527,23288,0,0,0,0.099817865000000006,1706673548.5197809,1
3194,1706673548.519784,1706673548.6196215,1706673548.5175769,1706673548.6179914,11,1,7940,23830,23436,394,0,394,0,0,23436,394,23436,0,0,0,0.099845845000000003,1706673548.6196299,1
3195,1706673548.620034,1706673548.719872,1706673548.6179914,1706673548.7180903,11,1,7945,23834,23403,431,0,431,0,0,23403,431,23403,0,0,0,0.099846465000000009,1706673548.7198803,1
3196,1706673548.7198844,1706673548.8197079,1706673548.7180903,1706673548.8180075,11,1,7903,23743,23332,411,0,411,0,0,23332,411,23332,0,0,0,0.099831745,1706673548.8197162,1
3197,1706673548.81972,1706673548.9195514,1706673548.8180075,1706673548.9176388,11,1,7913,23747,23311,436,0,436,0,0,23311,436,23311,0,0,0,0.099839685000000011,1706673548.9195597,1
3198,1706673548.9203639,1706673549.0201838,1706673548.9176388,1706673549.0182083,11,1,7858,23586,23111,475,0,475,0,0,23111,475,23111,0,0,0,0.099828285000000003,1706673549.0201921,1
3199,1706673549.0201957,1706673549.1200151,1706673549.0182083,1706673549.1178787,11,1,7887,23723,23206,517,0,517,0,0,23206,517,23206,0,0,0,0.09982766500000001,1706673549.1200235,1
3200,1706673549.1200268,1706673549.2198443,1706673549.1178787,1706673549.2183411,11,1,7906,23701,23339,362,0,362,0,0,23339,362,23339,0,0,0,0.099825805000000004,1706673549.2198527,1
3201,1706673549.2198558,1706673549.3196814,1706673549.2183411,1706673549.3175993,11,1,7902,23718,23219,499,0,499,0,0,23219,499,23219,0,0,0,0.099833885000000011,1706673549.3196898,1
3202,1706673549.3196936,1706673549.4195077,1706673549.3175993,1706673549.4180813,11,1,7897,23705,23360,345,0,345,0,0,23360,345,23360,0,0,0,0.099822485000000002,1706673549.4195161,1
3203,1706673549.4203196,1706673549.5201375,1706673549.4180813,1706673549.5184553,11,1,7843,23573,23166,407,0,407,0,0,23166,407,23166,0,0,0,0.099826365,1706673549.5201459,1
3204,1706673549.5201502,1706673549.6199746,1706673549.5184553,1706673549.6177053,11,1,7927,23773,23227,546,0,546,0,0,23227,546,23227,0,0,0,0.099832665000000001,1706673549.619983,1
3205,1706673549.6199858,1706673549.7198284,1706673549.6177053,1706673549.7184045,11,1,7911,23746,23413,333,0,333,0,0,23413,333,23413,0,0,0,0.099850865000000011,1706673549.7198367,1
3206,1706673549.7198396,1706673549.8196409,1706673549.7184045,1706673549.8180537,11,1,7870,23663,23285,378,0,378,0,0,23285,378,23285,0,0,0,0.099809685000000009,1706673549.8196492,1
3207,1706673549.8200526,1706673549.9198689,1706673549.8180537,1706673549.9165714,11,1,7852,23545,22770,775,0,775,0,0,22770,775,22770,0,0,0,0.099824725000000003,1706673549.9198773,1
3208,1706673549.9198816,1706673550.0197151,1706673549.9165714,1706673550.0173008,11,1,7894,23642,23060,582,0,582,0,0,23060,582,23060,0,0,0,0.099841865000000002,1706673550.0197234,1
3209,1706673550.0197263,1706673550.1195443,1706673550.0173008,1706673550.1169286,11,1,7903,23727,23118,609,0,609,0,0,23118,609,23118,0,0,0,0.099826345000000011,1706673550.1195526,1
3210,1706673550.120357,1706673550.2201872,1706673550.1169286,1706673550.2175615,11,1,7942,23836,23225,611,0,611,0,0,23225,611,23225,0,0,0,0.099838565000000004,1706673550.2201955,1
3211,1706673550.2201991,1706673550.3200383,1706673550.2175615,1706673550.3169286,11,1,7952,23857,23107,750,0,750,0,0,23107,750,23107,0,0,0,0.099847445000000007,1706673550.3200467,1
3212,1706673550.3200502,1706673550.4198775,1706673550.3169286,1706673550.4171355,11,1,7960,23870,23208,662,0,662,0,0,23208,662,23208,0,0,0,0.099835525000000008,1706673550.4198859,1
3213,1706673550.4198883,1706673550.5197146,1706673550.4171355,1706673550.5169425,11,1,7966,23897,23231,666,0,666,0,0,23231,666,23231,0,0,0,0.099834685000000006,1706673550.5197229,1
3214,1706673550.5197265,1706673550.6195674,1706673550.5169425,1706673550.6172888,11,1,7973,23884,23339,545,0,545,0,0,23339,545,23339,0,0,0,0.099849145,1706673550.6195757,1
3215,1706673550.6203773,1706673550.7201917,1706673550.6172888,1706673550.716707,11,1,7958,23876,23039,837,0,837,0,0,23039,837,23039,0,0,0,0.099822645000000002,1706673550.7202001,1
3216,1706673550.7202039,1706673550.8200331,1706673550.716707,1706673550.8171742,11,1,7981,23934,23244,690,0,690,0,0,23244,690,23244,0,0,0,0.09983752500000001,1706673550.8200414,1
3217,1706673550.8200445,1706673550.919878,1706673550.8171742,1706673550.9176621,11,1,7971,23910,23375,535,0,535,0,0,23375,535,23375,0,0,0,0.099841805000000006,1706673550.9198864,1
3218,1706673550.9198899,1706673551.0197291,1706673550.9176621,1706673551.0171547,11,1,7971,23919,23299,620,0,620,0,0,23299,620,23299,0,0,0,0.09984746500000001,1706673551.0197375,1
3219,1706673551.0197411,1706673551.1195636,1706673551.0171547,1706673551.117666,11,1,7972,23910,23456,454,0,454,0,0,23456,454,23456,0,0,0,0.099830905000000011,1706673551.1195719,1
3220,1706673551.1203744,1706673551.2202053,1706673551.117666,1706673551.2174098,11,1,7958,23856,23191,665,0,665,0,0,23191,665,23191,0,0,0,0.099839185000000011,1706673551.2202137,1
3221,1706673551.2202177,1706673551.3200567,1706673551.2174098,1706673551.3171666,11,1,7946,23854,23171,683,0,683,0,0,23171,683,23171,0,0,0,0.099847305000000011,1706673551.320065,1
3222,1706673551.3200684,1706673551.4199114,1706673551.3171666,1706673551.4176021,11,1,7909,23761,23210,551,0,551,0,0,23210,551,23210,0,0,0,0.099851285000000012,1706673551.4199197,1
3223,1706673551.4199231,1706673551.5197535,1706673551.4176021,1706673551.5176811,11,1,7892,23650,23162,488,0,488,0,0,23162,488,23162,0,0,0,0.099838705,1706673551.5197618,1
3224,1706673551.5197642,1706673551.6195729,1706673551.5176811,1706673551.6173582,11,1,7857,23565,23030,535,0,535,0,0,23030,535,23030,0,0,0,0.099816945000000004,1706673551.6195812,1
3225,1706673551.6203835,1706673551.7202244,1706673551.6173582,1706673551.7173352,11,1,7863,23598,22901,697,0,697,0,0,22901,697,22901,0,0,0,0.099849245000000003,1706673551.7202327,1
3226,1706673551.7202365,1706673551.8200641,1706673551.7173352,1706673551.8172126,11,1,7882,23679,22992,687,0,687,0,0,22992,687,22992,0,0,0,0.099835765000000007,1706673551.8200724,1
3227,1706673551.820075,1706673551.9199026,1706673551.8172126,1706673551.9172733,11,1,7935,23793,23158,635,0,635,0,0,23158,635,23158,0,0,0,0.099835905000000003,1706673551.9199109,1
3228,1706673551.9199138,1706673552.0197449,1706673551.9172733,1706673552.0173423,11,1,7950,23859,23279,580,0,580,0,0,23279,580,23279,0,0,0,0.099839364999999999,1706673552.0197532,1
3229,1706673552.0197573,1706673552.1195734,1706673552.0173423,1706673552.1176677,11,1,7965,23909,23449,460,0,460,0,0,23449,460,23449,0,0,0,0.099824385000000002,1706673552.1195817,1
3230,1706673552.1203845,1706673552.2201996,1706673552.1176677,1706673552.217556,11,1,7973,23925,23287,638,0,638,0,0,23287,638,23287,0,0,0,0.099823385000000001,1706673552.2202079,1
3231,1706673552.220211,1706673552.3200459,1706673552.217556,1706673552.3174043,11,1,7969,23912,23275,637,0,637,0,0,23275,637,23275,0,0,0,0.099843225000000008,1706673552.3200543,1
3232,1706673552.3200579,1706673552.4198813,1706673552.3174043,1706673552.4169083,11,1,7973,23936,23218,718,0,718,0,0,23218,718,23218,0,0,0,0.09983172500000001,1706673552.4198897,1
3233,1706673552.4198923,1706673552.5197182,1706673552.4169083,1706673552.5174794,11,1,7959,23880,23375,505,0,505,0,0,23375,505,23375,0,0,0,0.099829998000000003,1706673552.5197222,1
3234,1706673552.5197294,1706673552.6195672,1706673552.5174794,1706673552.6174774,11,1,7973,23926,23440,486,0,486,0,0,23440,486,23440,0,0,0,0.099846105000000004,1706673552.6195755,1
3235,1706673552.620379,1706673552.7202055,1706673552.6174774,1706673552.7169254,11,1,7968,23904,23113,791,0,791,0,0,23113,791,23113,0,0,0,0.099834925000000005,1706673552.7202139,1
3236,1706673552.7202175,1706673552.8200405,1706673552.7169254,1706673552.8176174,11,1,7976,23945,23360,585,0,585,0,0,23360,585,23360,0,0,0,0.099831365000000005,1706673552.8200488,1
3237,1706673552.8200512,1706673552.9198799,1706673552.8176174,1706673552.9177079,11,1,7987,23977,23452,525,0,525,0,0,23452,525,23452,0,0,0,0.099837065000000003,1706673552.9198883,1
3238,1706673552.9198921,1706673553.0197163,1706673552.9177079,1706673553.0171313,11,1,7998,23996,23372,624,0,624,0,0,23372,624,23372,0,0,0,0.099832605000000005,1706673553.0197246,1
3239,1706673553.0197282,1706673553.1195543,1706673553.0171313,1706673553.1177061,11,1,7997,23996,23549,447,0,447,0,0,23549,447,23549,0,0,0,0.099834325000000002,1706673553.1195626,1
3240,1706673553.1203642,1706673553.2201896,1706673553.1177061,1706673553.2176862,11,1,7998,23997,23394,603,0,603,0,0,23394,603,23394,0,0,0,0.099833805000000012,1706673553.2201979,1
3241,1706673553.220201,1706673553.3200395,1706673553.2176862,1706673553.3171284,11,1,7999,23997,23295,702,0,702,0,0,23295,702,23295,0,0,0,0.099846925000000003,1706673553.3200479,1
3242,1706673553.3200507,1706673553.419884,1706673553.3171284,1706673553.4177303,11,1,8000,23999,23479,520,0,520,0,0,23479,520,23479,0,0,0,0.099841505000000011,1706673553.4198923,1
3243,1706673553.4198954,1706673553.5197337,1706673553.4177303,1706673553.5173168,11,1,8000,23999,23416,583,0,583,0,0,23416,583,23416,0,0,0,0.099846585000000002,1706673553.519742,1
3244,1706673553.5197461,1706673553.6195817,1706673553.5173168,1706673553.6177304,11,1,7999,23999,23552,447,0,447,0,0,23552,447,23552,0,0,0,0.099844045000000006,1706673553.61959,1
3245,1706673553.619993,1706673553.7198296,1706673553.6177304,1706673553.7175231,11,1,7999,23999,23442,557,0,557,0,0,23442,557,23442,0,0,0,0.099844865000000005,1706673553.7198379,1
3246,1706673553.7198417,1706673553.8196816,1706673553.7175231,1706673553.8179002,11,1,7999,23996,23565,431,0,431,0,0,23565,431,23565,0,0,0,0.099848245000000002,1706673553.81969,1
3247,1706673553.819694,1706673553.9195185,1706673553.8179002,1706673553.917563,11,1,7983,23935,23462,473,0,473,0,0,23462,473,23462,0,0,0,0.099832685000000004,1706673553.9195268,1
3248,1706673553.9203279,1706673554.0201657,1706673553.917563,1706673554.0179756,11,1,7949,23842,23316,526,0,526,0,0,23316,526,23316,0,0,0,0.099846025000000005,1706673554.020174,1
3249,1706673554.0201776,1706673554.1200078,1706673554.0179756,1706673554.117069,11,1,7959,23881,23173,708,0,708,0,0,23173,708,23173,0,0,0,0.099838445000000012,1706673554.1200161,1
3250,1706673554.1200197,1706673554.2198496,1706673554.117069,1706673554.2175748,11,1,7947,23853,23305,548,0,548,0,0,23305,548,23305,0,0,0,0.099838305000000002,1706673554.2198579,1
3251,1706673554.2198617,1706673554.3196833,1706673554.2175748,1706673554.3173459,11,1,7952,23841,23277,564,0,564,0,0,23277,564,23277,0,0,0,0.099829825000000011,1706673554.3196917,1
3252,1706673554.319695,1706673554.4195268,1706673554.3173459,1706673554.4178679,11,1,7927,23775,23374,401,0,401,0,0,23374,401,23374,0,0,0,0.099840085000000009,1706673554.4195352,1
3253,1706673554.4203374,1706673554.5201747,1706673554.4178679,1706673554.5172153,11,1,7929,23757,23044,713,0,713,0,0,23044,713,23044,0,0,0,0.099845625000000007,1706673554.5201831,1
3254,1706673554.5201862,1706673554.620019,1706673554.5172153,1706673554.6177421,11,1,7914,23713,23163,550,0,550,0,0,23163,550,23163,0,0,0,0.099841125000000003,1706673554.6200273,1
3255,1706673554.6200302,1706673554.7198467,1706673554.6177421,1706673554.7176538,11,1,7901,23663,23134,529,0,529,0,0,23134,529,23134,0,0,0,0.099824965000000002,1706673554.7198551,1
3256,1706673554.7198589,1706673554.8196812,1706673554.7176538,1706673554.8181067,11,1,7874,23595,23283,312,0,312,0,0,23283,312,23283,0,0,0,0.099843025000000002,1706673554.8197019,1
3257,1706673554.8197057,1706673554.9195242,1706673554.8181067,1706673554.9175253,11,1,7907,23678,23261,417,0,417,0,0,23261,417,23261,0,0,0,0.099826845000000011,1706673554.9195325,1
3258,1706673554.9203351,1706673555.0201671,1706673554.9175253,1706673555.0179501,11,1,7927,23738,23203,535,0,535,0,0,23203,535,23203,0,0,0,0.099840485000000007,1706673555.0201755,1
3259,1706673555.0201783,1706673555.1199973,1706673555.0179501,1706673555.1175046,11,1,7854,23640,23061,579,0,579,0,0,23061,579,23061,0,0,0,0.099827385000000005,1706673555.1200056,1
3260,1706673555.1200089,1706673555.2198577,1706673555.1175046,1706673555.2180688,11,1,7717,23298,22868,430,0,430,0,0,22868,430,22868,0,0,0,0.099857125000000005,1706673555.219866,1
3261,1706673555.2198694,1706673555.3197021,1706673555.2180688,1706673555.3179398,11,1,7472,22637,22211,426,0,426,0,0,22211,426,22211,0,0,0,0.099841025,1706673555.3197105,1
3262,1706673555.3197129,1706673555.4195428,1706673555.3179398,1706673555.417872,11,1,7479,22720,22316,404,0,404,0,0,22316,404,22316,0,0,0,0.099838165000000006,1706673555.4195511,1
3263,1706673555.4203539,1706673555.5201881,1706673555.417872,1706673555.5176034,11,1,7552,22909,22285,624,0,624,0,0,22285,624,22285,0,0,0,0.099842505000000012,1706673555.5201964,1
3264,1706673555.5202007,1706673555.6200159,1706673555.5176034,1706673555.6181369,11,1,7565,22970,22516,454,0,454,0,0,22516,454,22516,0,0,0,0.099823405000000004,1706673555.6200242,1
3265,1706673555.6200268,1706673555.7198353,1706673555.6181369,1706673555.7180691,11,1,7684,23210,22786,424,0,424,0,0,22786,424,22786,0,0,0,0.099816805000000008,1706673555.7198436,1
3266,1706673555.7198462,1706673555.8196826,1706673555.7180691,1706673555.8177412,11,1,7745,23348,22879,469,0,469,0,0,22879,469,22879,0,0,0,0.099844725000000009,1706673555.8196909,1
3267,1706673555.819695,1706673555.9195259,1706673555.8177412,1706673555.917685,11,1,7796,23529,23084,445,0,445,0,0,23084,445,23084,0,0,0,0.099839305000000003,1706673555.9195342,1
3268,1706673555.9203362,1706673556.0201256,1706673555.917685,1706673556.0176797,11,1,7821,23539,22955,584,0,584,0,0,22955,584,22955,0,0,0,0.099822705000000012,1706673556.020159,1
3269,1706673556.0201628,1706673556.1199985,1706673556.0176797,1706673556.1172552,11,1,7832,23554,22898,656,0,656,0,0,22898,656,22898,0,0,1.2501000000000001e-05,0.099843905000000011,1706673556.1200068,1
3270,1706673556.1200097,1706673556.21984,1706673556.1172552,1706673556.2178459,11,1,7795,23482,23004,478,0,478,0,0,23004,478,23004,0,0,0,0.099838625,1706673556.2198484,1
3271,1706673556.219852,1706673556.3196731,1706673556.2178459,1706673556.3174126,11,1,7813,23555,23027,528,0,528,0,0,23027,528,23027,0,0,0,0.099829385000000007,1706673556.3196814,1
3272,1706673556.3196847,1706673556.4195046,1706673556.3174126,1706673556.4181278,11,1,7790,23523,23191,332,0,332,0,0,23191,332,23191,0,0,0,0.099828125000000004,1706673556.419513,1
3273,1706673556.420316,1706673556.5201476,1706673556.4181278,1706673556.5182378,11,1,7801,23495,23059,436,0,436,0,0,23059,436,23059,0,0,0,0.099839985000000006,1706673556.5201559,1
3274,1706673556.5201607,1706673556.6199872,1706673556.5182378,1706673556.6173203,11,1,7846,23621,23019,602,0,602,0,0,23019,602,23019,0,0,0,0.099834985000000001,1706673556.6199956,1
3275,1706673556.6199994,1706673556.7198203,1706673556.6173203,1706673556.71803,11,1,7826,23581,23149,432,0,432,0,0,23149,432,23149,0,0,0,0.099829125000000005,1706673556.7198286,1
3276,1706673556.7198324,1706673556.8196542,1706673556.71803,1706673556.8176062,11,1,7840,23618,23123,495,0,495,0,0,23123,495,23123,0,0,0,0.099830145000000009,1706673556.8196626,1
3277,1706673556.820065,1706673556.9198937,1706673556.8176062,1706673556.9181094,11,1,7849,23625,23197,428,0,428,0,0,23197,428,23197,0,0,0,0.09983702500000001,1706673556.9199021,1
3278,1706673556.9199052,1706673557.0197332,1706673556.9181094,1706673557.0181231,11,1,7832,23611,23223,388,0,388,0,0,23223,388,23223,0,0,0,0.099836265000000007,1706673557.0197415,1
3279,1706673557.0197451,1706673557.1195703,1706673557.0181231,1706673557.1177261,11,1,7844,23602,23156,446,0,446,0,0,23156,446,23156,0,0,0,0.099833525000000006,1706673557.1195786,1
3280,1706673557.1203809,1706673557.2202106,1706673557.1177261,1706673557.2176321,11,1,7815,23550,22928,622,0,622,0,0,22928,622,22928,0,0,0,0.099838125,1706673557.2202189,1
3281,1706673557.220222,1706673557.3200395,1706673557.2176321,1706673557.3181953,11,1,7825,23576,23130,446,0,446,0,0,23130,446,23130,0,0,0,0.099825965000000003,1706673557.3200479,1
3282,1706673557.3200514,1706673557.4198766,1706673557.3181953,1706673557.4176633,11,1,7831,23551,23054,497,0,497,0,0,23054,497,23054,0,0,0,0.099833505000000003,1706673557.4198849,1
3283,1706673557.419888,1706673557.5197077,1706673557.4176633,1706673557.517909,11,1,7798,23407,22972,435,0,435,0,0,22972,435,22972,0,0,0,0.099827885000000005,1706673557.5197158,1
3284,1706673557.5197203,1706673557.6195467,1706673557.517909,1706673557.6177387,11,1,7804,23393,22959,434,0,434,0,0,22959,434,22959,0,0,0,0.099834785000000009,1706673557.619555,1
3285,1706673557.6203558,1706673557.72019,1706673557.6177387,1706673557.7182896,11,1,7773,23245,22786,459,0,459,0,0,22786,459,22786,0,0,0,0.099842545000000005,1706673557.7201984,1
3286,1706673557.720202,1706673557.8200395,1706673557.7182896,1706673557.8173974,11,1,7688,23014,22429,585,0,585,0,0,22429,585,22429,0,0,0,0.099845905000000013,1706673557.8200479,1
3287,1706673557.820051,1706673557.919884,1706673557.8173974,1706673557.9177155,11,1,7668,22975,22489,486,0,486,0,0,22489,486,22489,0,0,0,0.099841385000000005,1706673557.9198923,1
3288,1706673557.9198959,1706673558.0197206,1706673557.9177155,1706673558.0182331,11,1,7767,23217,22857,360,0,360,0,0,22857,360,22857,0,0,0,0.099832945000000006,1706673558.0197289,1
3289,1706673558.0197313,1706673558.1195605,1706673558.0182331,1706673558.1179881,11,1,7680,22990,22610,380,0,380,0,0,22610,380,22610,0,0,0,0.099837545,1706673558.1195688,1
3290,1706673558.1203711,1706673558.2201917,1706673558.1179881,1706673558.21773,11,1,7708,23059,22528,531,0,531,0,0,22528,531,22528,0,0,0,0.099828885000000006,1706673558.2202001,1
3291,1706673558.2202046,1706673558.3200271,1706673558.21773,1706673558.3182192,11,1,7777,23338,22956,382,0,382,0,0,22956,382,22956,0,0,0,0.099830865000000005,1706673558.3200355,1
3292,1706673558.3200386,1706673558.4198453,1706673558.3182192,1706673558.4178407,11,1,7797,23345,22860,485,0,485,0,0,22860,485,22860,0,0,0,0.099815045000000005,1706673558.4198537,1
3293,1706673558.419857,1706673558.5196881,1706673558.4178407,1706673558.5184059,11,1,7785,23345,23035,310,0,310,0,0,23035,310,23035,0,0,0,0.099839425000000009,1706673558.5196965,1
3294,1706673558.5196998,1706673558.6195307,1706673558.5184059,1706673558.6182902,11,1,7811,23351,23050,301,0,301,0,0,23050,301,23050,0,0,0,0.099839305000000003,1706673558.619539,1
3295,1706673558.6203411,1706673558.7201743,1706673558.6182902,1706673558.7177305,11,1,7772,23286,22751,535,0,535,0,0,22751,535,22751,0,0,0,0.099841684999999999,1706673558.7201827,1
3296,1706673558.7201867,1706673558.8200181,1706673558.7177305,1706673558.8175685,11,1,7753,23232,22641,591,0,591,0,0,22641,591,22641,0,0,0,0.099839765000000011,1706673558.8200264,1
3297,1706673558.8200297,1706673558.9198692,1706673558.8175685,1706673558.9173522,11,1,7755,23215,22608,607,0,607,0,0,22608,607,22608,0,0,0,0.099847745000000002,1706673558.9198775,1
3298,1706673558.9198811,1706673559.0197086,1706673558.9173522,1706673559.0173686,11,1,7730,23129,22564,565,0,565,0,0,22564,565,22564,0,0,0,0.099835745000000004,1706673559.0197167,1
3299,1706673559.0197206,1706673559.1195443,1706673559.0173686,1706673559.1170905,11,1,7715,23038,22500,538,0,538,0,0,22500,538,22500,0,0,0,0.099832005000000001,1706673559.1195526,1
3300,1706673559.1203554,1706673559.2201889,1706673559.1170905,1706673559.2174397,11,1,7745,23137,22496,641,0,641,0,0,22496,641,22496,0,0,0,0.099841785000000002,1706673559.2201972,1
3301,1706673559.2202013,1706673559.3200417,1706673559.2174397,1706673559.3174899,11,1,7743,23168,22552,616,0,616,0,0,22552,616,22552,0,0,0,0.099848745000000003,1706673559.32005,1
3302,1706673559.3200536,1706673559.4198725,1706673559.3174899,1706673559.4171793,11,1,7750,23161,22512,649,0,649,0,0,22512,649,22512,0,0,0,0.099827245000000009,1706673559.4198809,1
3303,1706673559.4198844,1706673559.5196946,1706673559.4171793,1706673559.5168664,11,1,7735,23139,22513,626,0,626,0,0,22513,626,22513,0,0,0,0.099818365000000006,1706673559.5197029,1
3304,1706673559.5197055,1706673559.6195338,1706673559.5168664,1706673559.6166635,11,1,7759,23193,22551,642,0,642,0,0,22551,642,22551,0,0,0,0.099836585000000005,1706673559.6195421,1
3305,1706673559.6203449,1706673559.7201786,1706673559.6166635,1706673559.7167447,11,1,7749,23182,22354,828,0,828,0,0,22354,828,22354,0,0,0,0.099841945000000001,1706673559.7201867,1
3306,1706673559.7201905,1706673559.8200219,1706673559.7167447,1706673559.8173199,11,1,7764,23191,22539,652,0,652,0,0,22539,652,22539,0,0,0,0.099839645000000005,1706673559.8200302,1
3307,1706673559.8200347,1706673559.9198768,1706673559.8173199,1706673559.9172502,11,1,7729,23122,22543,579,0,579,0,0,22543,579,22543,0,0,0,0.099850485000000003,1706673559.9198852,1
3308,1706673559.9198892,1706673560.0197189,1706673559.9172502,1706673560.0166504,11,1,7766,23205,22528,677,0,677,0,0,22528,677,22528,0,0,0,0.09983810500000001,1706673560.0197272,1
3309,1706673560.0197306,1706673560.1195638,1706673560.0166504,1706673560.1172035,11,1,7760,23197,22628,569,0,569,0,0,22628,569,22628,0,0,0,0.099841545000000004,1706673560.1195722,1
3310,1706673560.120374,1706673560.2202084,1706673560.1172035,1706673560.2174764,11,1,7754,23198,22539,659,0,659,0,0,22539,659,22539,0,0,0,0.099842785000000003,1706673560.2202168,1
3311,1706673560.2202201,1706673560.3200567,1706673560.2174764,1706673560.3167737,11,1,7747,23134,22382,752,0,752,0,0,22382,752,22382,0,0,0,0.099845025000000004,1706673560.320065,1
3312,1706673560.3200676,1706673560.4199052,1706673560.3167737,1706673560.4171925,11,1,7762,23179,22563,616,0,616,0,0,22563,616,22563,0,0,0,0.099845825000000013,1706673560.4199135,1
3313,1706673560.4199164,1706673560.5197473,1706673560.4171925,1706673560.5169852,11,1,7755,23184,22551,633,0,633,0,0,22551,633,22551,0,0,0,0.099839305000000003,1706673560.5197556,1
3314,1706673560.5197582,1706673560.6195853,1706673560.5169852,1706673560.6169262,11,1,7750,23174,22533,641,0,641,0,0,22533,641,22533,0,0,0,0.099835485000000002,1706673560.6195936,1
3315,1706673560.6199961,1706673560.7198157,1706673560.6169262,1706673560.7176685,11,1,7749,23163,22644,519,0,519,0,0,22644,519,22644,0,0,0,0.099828105,1706673560.7198241,1
3316,1706673560.7198274,1706673560.819654,1706673560.7176685,1706673560.8166752,11,1,7747,23128,22456,672,0,672,0,0,22456,672,22456,0,0,0,0.099834865000000009,1706673560.8196623,1
3317,1706673560.820065,1706673560.9198778,1706673560.8166752,1706673560.9171135,11,1,7752,23144,22526,618,0,618,0,0,22526,618,22526,0,0,0,0.099821065,1706673560.9198861,1
3318,1706673560.9198897,1706673561.0197146,1706673560.9171135,1706673561.0175693,11,1,7762,23197,22679,518,0,518,0,0,22679,518,22679,0,0,0,0.099833145000000012,1706673561.0197229,1
3319,1706673561.019726,1706673561.1195545,1706673561.0175693,1706673561.1169765,11,1,7753,23169,22547,622,0,622,0,0,22547,622,22547,0,0,0,0.099836705000000012,1706673561.1195626,1
3320,1706673561.1203651,1706673561.2201948,1706673561.1169765,1706673561.2175333,11,1,7746,23113,22533,580,0,580,0,0,22533,580,22533,0,0,8.3340000000000002e-06,0.099837985000000004,1706673561.2202032,1
3321,1706673561.2202067,1706673561.3200345,1706673561.2175333,1706673561.3171058,11,1,7753,23167,22529,638,0,638,0,0,22529,638,22529,0,0,0,0.099836205000000011,1706673561.3200428,1
3322,1706673561.3200469,1706673561.4198773,1706673561.3171058,1706673561.4168687,11,1,7769,23200,22477,723,0,723,0,0,22477,723,22477,0,0,0,0.099838784999999999,1706673561.4198856,1
3323,1706673561.4198887,1706673561.5197177,1706673561.4168687,1706673561.5167851,11,1,7764,23197,22490,707,0,707,0,0,22490,707,22490,0,0,0,0.099837205000000012,1706673561.519726,1
3324,1706673561.5197296,1706673561.619561,1706673561.5167851,1706673561.6173007,11,1,7763,23167,22648,519,0,519,0,0,22648,519,22648,0,0,0,0.099831291000000003,1706673561.619561,1
3325,1706673561.6203704,1706673561.7202013,1706673561.6173007,1706673561.7171204,11,1,7757,23183,22475,708,0,708,0,0,22475,708,22475,0,0,0,0.099839185000000011,1706673561.7202096,1
3326,1706673561.7202137,1706673561.8200374,1706673561.7171204,1706673561.8174207,11,1,7761,23188,22557,631,0,631,0,0,22557,631,22557,0,0,0,0.099832125000000008,1706673561.8200457,1
3327,1706673561.8200479,1706673561.9198897,1706673561.8174207,1706673561.9169199,11,1,7744,23164,22448,716,0,716,0,0,22448,716,22448,0,0,0,0.099850245000000004,1706673561.919898,1
3328,1706673561.9199014,1706673562.0197363,1706673561.9169199,1706673562.0175645,11,1,7749,23162,22638,524,0,524,0,0,22638,524,22638,0,0,0,0.099843285000000004,1706673562.0197446,1
3329,1706673562.0197484,1706673562.1195583,1706673562.0175645,1706673562.1174374,11,1,7744,23143,22679,464,0,464,0,0,22679,464,22679,0,0,0,0.099818324999999999,1706673562.1195667,1
3330,1706673562.1203699,1706673562.2202129,1706673562.1174374,1706673562.2170002,11,1,7747,23183,22453,730,0,730,0,0,22453,730,22453,0,0,0,0.099851425000000008,1706673562.2202213,1
3331,1706673562.2202253,1706673562.3200517,1706673562.2170002,1706673562.3169839,11,1,7735,23143,22403,740,0,740,0,0,22403,740,22403,0,0,0,0.099834665000000003,1706673562.32006,1
3332,1706673562.3200631,1706673562.419884,1706673562.3169839,1706673562.4175935,11,1,7769,23195,22642,553,0,553,0,0,22642,553,22642,0,0,0,0.099829105000000001,1706673562.4198923,1
3333,1706673562.4198956,1706673562.519732,1706673562.4175935,1706673562.5168436,11,1,7713,23066,22433,633,0,633,0,0,22433,633,22433,0,0,4.1670000000000001e-06,0.099844605000000003,1706673562.5197403,1
3334,1706673562.5197439,1706673562.6195667,1706673562.5168436,1706673562.6168103,11,1,7744,23145,22543,602,0,602,0,0,22543,602,22543,0,0,0,0.099831105000000003,1706673562.619575,1
3335,1706673562.6203783,1706673562.7202115,1706673562.6168103,1706673562.7173717,11,1,7763,23168,22486,682,0,682,0,0,22486,682,22486,0,0,0,0.099841465000000004,1706673562.7202196,1
3336,1706673562.7202229,1706673562.820056,1706673562.7173717,1706673562.8170376,11,1,7740,23137,22410,727,0,727,0,0,22410,727,22410,0,0,0,0.099841385000000005,1706673562.8200643,1
3337,1706673562.8200684,1706673562.9199026,1706673562.8170376,1706673562.9172883,11,1,7713,23065,22466,599,0,599,0,0,22466,599,22466,0,0,0,0.099842565000000008,1706673562.9199109,1
3338,1706673562.919915,1706673563.0197384,1706673562.9172883,1706673563.0176866,11,1,7719,23087,22624,463,0,463,0,0,22624,463,22624,0,0,0,0.099831925000000002,1706673563.0197468,1
3339,1706673563.0197513,1706673563.1195827,1706673563.0176866,1706673563.1170657,11,1,7708,23060,22452,608,0,608,0,0,22452,608,22452,0,0,0,0.099839705000000001,1706673563.119591,1
3340,1706673563.1199934,1706673563.2198322,1706673563.1170657,1706673563.2176411,11,1,7697,23047,22518,529,0,529,0,0,22518,529,22518,0,0,0,0.099847185000000005,1706673563.2198405,1
3341,1706673563.2198443,1706673563.3196561,1706673563.2176411,1706673563.3169308,11,1,7703,23041,22394,647,0,647,0,0,22394,647,22394,0,0,0,0.099815937000000007,1706673563.3196602,1
3342,1706673563.3196807,1706673563.4195025,1706673563.3169308,1706673563.4169712,11,1,7697,23018,22455,563,0,563,0,0,22455,563,22455,0,0,0,0.099830025000000003,1706673563.4195106,1
3343,1706673563.4203129,1706673563.5201375,1706673563.4169712,1706673563.5174611,11,1,7723,23084,22438,646,0,646,0,0,22438,646,22438,0,0,0,0.099833045000000009,1706673563.5201459,1
3344,1706673563.5201497,1706673563.6199825,1706673563.5174611,1706673563.6172051,11,1,7709,23062,22392,670,0,670,0,0,22392,670,22392,0,0,0,0.099841025,1706673563.6199908,1
3345,1706673563.6199939,1706673563.719748,1706673563.6172051,1706673563.7177546,11,1,7703,23035,22562,473,0,473,0,0,22562,473,22562,0,0,0,0.099837445000000011,1706673563.7198315,1
3346,1706673563.7198339,1706673563.8196683,1706673563.7177546,1706673563.8179624,11,1,7718,23045,22684,361,0,361,0,0,22684,361,22684,0,0,1.6668e-05,0.099842805000000007,1706673563.8196766,1
3347,1706673563.8196802,1706673563.9195116,1706673563.8179624,1706673563.9175289,11,1,7707,23067,22592,475,0,475,0,0,22592,475,22592,0,0,0,0.099839625000000001,1706673563.9195199,1
3348,1706673563.9203231,1706673564.0201547,1706673563.9175289,1706673564.0169859,11,1,7714,23079,22315,764,0,764,0,0,22315,764,22315,0,0,0,0.09983984500000001,1706673564.0201631,1
3349,1706673564.0201657,1706673564.1199963,1706673564.0169859,1706673564.1173456,11,1,7694,22972,22332,640,0,640,0,0,22332,640,22332,0,0,0,0.099838925000000009,1706673564.1200047,1
3350,1706673564.1200082,1706673564.2198179,1706673564.1173456,1706673564.2177639,11,1,7671,22942,22476,466,0,466,0,0,22476,466,22476,0,0,0,0.099817985000000012,1706673564.2198262,1
3351,1706673564.2198286,1706673564.3196654,1706673564.2177639,1706673564.317384,11,1,7679,22971,22447,524,0,524,0,0,22447,524,22447,0,0,0,0.099845125000000007,1706673564.3196738,1
3352,1706673564.3196766,1706673564.4194899,1706673564.317384,1706673564.4170225,11,1,7667,22945,22350,595,0,595,0,0,22350,595,22350,0,0,0,0.099821525000000008,1706673564.4194982,1
3353,1706673564.4203007,1706673564.5201221,1706673564.4170225,1706673564.5176816,11,1,7703,23048,22460,588,0,588,0,0,22460,588,22460,0,0,0,0.099829565000000009,1706673564.5201304,1
3354,1706673564.5201335,1706673564.6199539,1706673564.5176816,1706673564.6178958,11,1,7686,22944,22492,452,0,452,0,0,22492,452,22492,0,0,0,0.09982882500000001,1706673564.6199622,1
3355,1706673564.6199658,1706673564.7198052,1706673564.6178958,1706673564.7177985,11,1,7712,23062,22623,439,0,439,0,0,22623,439,22623,0,0,0,0.099847665000000002,1706673564.7198133,1
3356,1706673564.7198167,1706673564.819634,1706673564.7177985,1706673564.8181429,11,1,7730,23080,22719,361,0,361,0,0,22719,361,22719,0,0,0,0.099825545000000002,1706673564.8196423,1
3357,1706673564.8200459,1706673564.9198737,1706673564.8181429,1706673564.9176576,11,1,7735,23131,22596,535,0,535,0,0,22596,535,22596,0,0,0,0.099836145000000001,1706673564.9198821,1
3358,1706673564.9198854,1706673565.0196826,1706673564.9176576,1706673565.0179923,11,1,7723,23094,22741,353,0,353,0,0,22741,353,22741,0,0,0,0.099818185000000004,1706673565.0197036,1
3359,1706673565.019707,1706673565.119524,1706673565.0179923,1706673565.1175032,11,1,7755,23181,22752,429,0,429,0,0,22752,429,22752,0,0,0,0.099825485000000005,1706673565.1195323,1
3360,1706673565.1203346,1706673565.2201641,1706673565.1175032,1706673565.2173154,11,1,7747,23157,22471,686,0,686,0,0,22471,686,22471,0,0,0,0.099837705000000013,1706673565.2201724,1
3361,1706673565.220176,1706673565.3200068,1706673565.2173154,1706673565.3180473,11,1,7756,23160,22687,473,0,473,0,0,22687,473,22687,0,0,0,0.099839125000000001,1706673565.3200152,1
3362,1706673565.3200192,1706673565.4198406,1706673565.3180473,1706673565.417371,11,1,7738,23123,22536,587,0,587,0,0,22536,587,22536,0,0,0,0.09982131100000001,1706673565.4198406,1
3363,1706673565.419852,1706673565.5196638,1706673565.417371,1706673565.5179057,11,1,7742,23146,22751,395,0,395,0,0,22751,395,22751,0,0,0,0.099820085000000003,1706673565.5196722,1
3364,1706673565.5196753,1706673565.6195002,1706673565.5179057,1706673565.6173079,11,1,7746,23158,22637,521,0,521,0,0,22637,521,22637,0,0,0,0.099833185000000005,1706673565.6195085,1
3365,1706673565.6203108,1706673565.720145,1706673565.6173079,1706673565.7179098,11,1,7737,23158,22619,539,0,539,0,0,22619,539,22619,0,0,0,0.099842505000000012,1706673565.7201533,1
3366,1706673565.720156,1706673565.8199821,1706673565.7179098,1706673565.8176196,11,1,7745,23142,22572,570,0,570,0,0,22572,570,22572,0,0,0,0.099834385000000012,1706673565.8199904,1
3367,1706673565.8199935,1706673565.9198177,1706673565.8176196,1706673565.9175529,11,1,7723,23081,22575,506,0,506,0,0,22575,506,22575,0,0,0,0.099832625000000008,1706673565.919826,1
3368,1706673565.9198282,1706673566.0196662,1706673565.9175529,1706673566.0173495,11,1,7756,23145,22626,519,0,519,0,0,22626,519,22626,0,0,0,0.099846325,1706673566.0196745,1
3369,1706673566.0196779,1706673566.1194999,1706673566.0173495,1706673566.1177707,11,1,7730,23139,22721,418,0,418,0,0,22721,418,22721,0,0,0,0.099830345000000001,1706673566.1195083,1
3370,1706673566.120311,1706673566.2201316,1706673566.1177707,1706673566.2177114,11,1,7760,23172,22588,584,0,584,0,0,22588,584,22588,0,0,0,0.099829025000000002,1706673566.22014,1
3371,1706673566.2201431,1706673566.3199677,1706673566.2177114,1706673566.3172596,11,1,7731,23082,22491,591,0,591,0,0,22491,591,22491,0,0,0,0.099833045000000009,1706673566.3199761,1
3372,1706673566.3199792,1706673566.4198031,1706673566.3172596,1706673566.4175813,11,1,7736,23122,22644,478,0,478,0,0,22644,478,22644,0,0,0,0.099832265000000003,1706673566.4198115,1
3373,1706673566.4198148,1706673566.5196331,1706673566.4175813,1706673566.5172119,11,1,7719,23096,22511,585,0,585,0,0,22511,585,22511,0,0,0,0.099826665000000009,1706673566.5196414,1
3374,1706673566.5200446,1706673566.6198647,1706673566.5172119,1706673566.6179869,11,1,7716,23074,22620,454,0,454,0,0,22620,454,22620,0,0,0,0.099828405000000009,1706673566.619873,1
3375,1706673566.6198769,1706673566.7197187,1706673566.6179869,1706673566.7178962,11,1,7721,23039,22629,410,0,410,0,0,22629,410,22629,0,0,0,0.099850265000000007,1706673566.719727,1
3376,1706673566.7197306,1706673566.8195605,1706673566.7178962,1706673566.8176053,11,1,7692,23062,22628,434,0,434,0,0,22628,434,22628,0,0,4.1670000000000001e-06,0.099838305000000002,1706673566.8195689,1
3377,1706673566.8203695,1706673566.9202023,1706673566.8176053,1706673566.9174411,11,1,7721,23092,22427,665,0,665,0,0,22427,665,22427,0,0,0,0.099841185000000013,1706673566.9202106,1
3378,1706673566.9202137,1706673567.0200436,1706673566.9174411,1706673567.0175331,11,1,7638,22915,22309,606,0,606,0,0,22309,606,22309,0,0,0,0.099838345000000009,1706673567.020052,1
3379,1706673567.0200558,1706673567.1198785,1706673567.0175331,1706673567.1179354,11,1,7648,22887,22417,470,0,470,0,0,22417,470,22417,0,0,0,0.099831105000000003,1706673567.1198869,1
3380,1706673567.11989,1706673567.219723,1706673567.1179354,1706673567.2173121,11,1,7626,22821,22280,541,0,541,0,0,22280,541,22280,0,0,0,0.099841365000000001,1706673567.2197313,1
3381,1706673567.2197356,1706673567.3195674,1706673567.2173121,1706673567.3178892,11,1,7667,22960,22554,406,0,406,0,0,22554,406,22554,0,0,0,0.099840265000000011,1706673567.3195758,1
3382,1706673567.3203773,1706673567.4202018,1706673567.3178892,1706673567.4173057,11,1,7666,22920,22221,699,0,699,0,0,22221,699,22221,0,0,0,0.099832645000000012,1706673567.4202099,1
3383,1706673567.4202137,1706673567.5200384,1706673567.4173057,1706673567.517741,11,1,7658,22954,22403,551,0,551,0,0,22403,551,22403,0,0,0,0.09983296500000001,1706673567.5200467,1
3384,1706673567.5200503,1706673567.6198792,1706673567.517741,1706673567.6176424,11,1,7654,22858,22369,489,0,489,0,0,22369,489,22369,0,0,1.2501000000000001e-05,0.099837365000000011,1706673567.6198876,1
3385,1706673567.6198912,1706673567.7197134,1706673567.6176424,1706673567.7182508,11,1,7595,22757,22403,354,0,354,0,0,22403,354,22403,0,0,0,0.099830725000000009,1706673567.7197218,1
3386,1706673567.7197261,1706673567.8195543,1706673567.7182508,1706673567.8176396,11,1,7637,22840,22386,454,0,454,0,0,22386,454,22386,0,0,0,0.099836565000000002,1706673567.8195627,1
3387,1706673567.8203638,1706673567.9201927,1706673567.8176396,1706673567.9166949,11,1,7615,22758,21933,825,0,825,0,0,21933,825,21933,0,0,0,0.099837365000000011,1706673567.9202011,1
3388,1706673567.9202042,1706673568.0200491,1706673567.9166949,1706673568.0165761,11,1,7618,22825,22033,792,0,792,0,0,22033,792,22033,0,0,0,0.099853364999999999,1706673568.0200574,1
3389,1706673568.020062,1706673568.1198816,1706673568.0165761,1706673568.1171792,11,1,7615,22762,22162,600,0,600,0,0,22162,600,22162,0,0,0,0.099827905000000008,1706673568.11989,1
3390,1706673568.119894,1706673568.2197332,1706673568.1171792,1706673568.21682,11,1,7605,22803,22107,696,0,696,0,0,22107,696,22107,0,0,0,0.099847525000000006,1706673568.2197416,1
3391,1706673568.2197449,1706673568.3195739,1706673568.21682,1706673568.3173437,11,1,7635,22786,22247,539,0,539,0,0,22247,539,22247,0,0,0,0.099837405000000004,1706673568.3195822,1
3392,1706673568.3203831,1706673568.4202094,1706673568.3173437,1706673568.416909,11,1,7612,22746,21995,751,0,751,0,0,21995,751,21995,0,0,0,0.099834745000000003,1706673568.4202178,1
3393,1706673568.4202213,1706673568.5200675,1706673568.416909,1706673568.516633,11,1,7683,22964,22166,798,0,798,0,0,22166,798,22166,0,0,0,0.09985450500000001,1706673568.5200758,1
3394,1706673568.5200801,1706673568.6199172,1706673568.516633,1706673568.6172986,11,1,7627,22791,22163,628,0,628,0,0,22163,628,22163,0,0,0,0.099845345000000002,1706673568.6199255,1
