frame,timestamp,raw_points,motion_fallback_points,coin_minus_super_scan_end_s,active_before,valid_patches,photo_rows,residual_rms,photo_A_norm,photo_b_norm,weak_dirs,active_after,added,removed,status,skip_reason,ncc_count,ncc_median,rejected_ncc,selector_mode,selected_centers_xy,selected_gradient_mean,selected_score_e1,selected_score_e2,selected_score_e3,N_geo_rows,lambda1,lambda2,lambda3,lambda1_over_lambda2,lambda1_over_lambda3,weakest_axis_stability,anisotropy_confidence,eigengap_confidence,degeneracy_confidence,gate_threshold,gate_active
0,1691509832.9570942,127634,0,2.3164062501468408e-08,0,0,0,0,0,0,3,4,4,0,USED,,0,0,0,g1,320:14;62:26;181:13;71:15,32.697456836700439,10.033927249605036,26.946948965031925,20.740469316021908,1290,147.87484316749936,523.00756152955182,619.11759530294853,0.28273939813610877,0.2388477476482328,0,0.7611522523517672,0.60591513019185206,0,0.31913064578672057,0
1,1691509833.0570977,127566,0,1.5580444337470745e-08,4,2,50,10.559599491852458,35284.269229579848,310.53154137679138,1,3,1,2,USED,,3,0.74114912556254586,0,g1,331:16,30.375322341918945,25.580377690012035,14.350752108045185,19.810838036307221,1285,138.01553594642246,522.32961867626693,624.65484537731027,0.2642307290484377,0.22094687485063361,0.99998713213101276,0.77905312514936642,0.61524229832509703,0.47930026758183231,0.31913064578672057,1
2,1691509833.1570694,127584,0,-2.6277465814406042e-08,3,2,50,10.91277500286075,32649.193747307942,315.62274904568005,1,2,2,3,USED,,2,0.69844082833028953,1,g1,63:25;75:13,34.651046752929688,3.0522301557986209,27.71248209490685,23.884743856600576,1275,132.79760547274313,523.97315183933301,618.2292426879236,0.25344353046826174,0.21480317704702645,0.9999267814746049,0.78519682295297355,0.63273543106088825,0.49678547367553111,0.31913064578672057,1
3,1691509833.256793,127677,0,1.1853637696401798e-08,2,2,50,8.7988368355675206,37230.080321524852,230.17281130962647,1,2,0,0,USED,,2,0.89824178002757404,0,g1,,0,0,0,0,1299,139.57122556874151,519.84080809447403,639.58796633678492,0.26848839759301146,0.21822053089605523,0.99995682447577916,0.7817794691039448,0.59455399810554865,0.4647900405724647,0.31913064578672057,1
4,1691509833.3567033,127798,0,-2.1862182605913993e-08,2,2,50,8.358182279508652,42937.55271252738,181.71435370867968,1,2,0,0,USED,,2,0.90848750274054135,0,g1,,0,0,0,0,1288,146.93276116514841,507.47115749575903,633.59608133909228,0.28953913733782266,0.23190288812173371,0.99971931773374867,0.76809711187826624,0.56903507920790819,0.43695152191978698,0.31913064578672057,1
5,1691509833.4568539,127882,0,1.8665771484016602e-08,2,2,50,8.5028873948031567,42233.250985652609,213.77334550664378,1,2,0,0,USED,,2,0.89313432919180069,0,g1,,0,0,0,0,1302,135.1885477372692,533.56675612314984,633.24469613958172,0.25336763616897268,0.21348547972278717,0.99974405108641562,0.7865145202772128,0.62910626936868785,0.49467457182231317,0.31913064578672057,1
6,1691509833.5573726,127871,0,6.7783813478827781e-08,2,2,50,8.4831973142701873,39339.505007781765,201.99572124154707,1,3,1,0,USED,,2,0.87498871968201741,0,g1,320:17,25.213167190551758,14.285289052787567,23.5720371569119,22.461279140160684,1315,140.74598783698866,520.72423046527786,653.52978169773291,0.27028891609524147,0.21536277577337054,0.99997710722028021,0.78463722422662951,0.58142452458889582,0.45619688121691954,0.31913064578672057,1
7,1691509833.6571023,127974,0,-1.0203369139871743e-07,3,2,50,9.2393852432953416,30404.941494836963,186.45580856284951,1,2,0,1,USED,,2,0.88374888762978809,0,g1,,0,0,0,0,1301,138.33826480099742,526.38851206621757,636.27322313278466,0.26280639039401188,0.21741959235667446,0.9999656080850674,0.78258040764332559,0.60987989617824523,0.47726364318949455,0.31913064578672057,1
8,1691509833.7570212,128034,0,-5.3855590820273136e-08,2,2,50,9.757361097900132,33704.038219703267,260.77368524031073,1,3,1,0,USED,,2,0.84802199267813794,0,g1,331:13,25.508283615112305,13.967543957937934,21.940568184687034,18.744810619667991,1316,130.94183243412337,532.40413978960873,652.65402777626696,0.24594442951902654,0.2006297775871704,0.99987739724742597,0.79937022241282962,0.61512269942369624,0.49165048395574446,0.31913064578672057,1
9,1691509833.8568962,128047,0,-1.1794738768999835e-07,3,2,50,10.122702666762194,35636.352743251846,272.71042070827724,1,2,0,1,USED,,2,0.82639059592202835,0,g1,,0,0,0,0,1320,134.76843623010194,538.47304816185613,646.75851560804188,0.2502788889623177,0.20837520183773861,0.99986861128056648,0.79162479816226139,0.62419682491882833,0.49406476247327474,0.31913064578672057,1
10,1691509833.9569385,128058,0,-7.1627197256729502e-08,2,2,50,9.563011691127052,34843.233619067476,184.44691408765422,1,2,0,0,USED,,2,0.85481014972990832,0,g1,,0,0,0,0,1311,138.99991148829619,530.23941574902312,641.76067276268054,0.26214556549317086,0.21659150737598651,0.99993459157429598,0.78340849262401346,0.60963458944360249,0.47756167616678963,0.31913064578672057,1
11,1691509834.0567453,128063,0,4.5162963868694561e-08,2,2,50,8.0667035084691445,34704.841247123142,134.32598409053071,1,2,0,0,USED,,2,0.91408275436952113,0,g1,,0,0,0,0,1303,128.35783940656847,533.92492786130379,640.71723273212763,0.24040428290306692,0.20033461385021398,0.99988206493721854,0.79966538614978599,0.63298919981491375,0.50611985658128722,0.31913064578672057,1
12,1691509834.1568589,128098,0,7.7454833991019711e-08,2,2,50,9.3263186430281362,36877.264917377084,149.08405385661266,1,2,0,0,USED,,2,0.85787317160216914,0,g1,,0,0,0,0,1301,126.57611644463559,530.7618941208226,643.66198943454219,0.23848003755865302,0.19664997859487221,0.9998504883408057,0.80335002140512779,0.62794725230126558,0.50438601571083164,0.31913064578672057,1
13,1691509834.2568333,127987,0,-9.7113037056395513e-09,2,2,50,8.5459673216317036,44239.887671533579,182.13485456054235,1,2,0,0,USED,,2,0.91098170161509873,0,g1,,0,0,0,0,1301,130.81971520566276,529.79544833236844,640.38483646196926,0.24692495116264701,0.20428296823582234,0.99978268183691421,0.79571703176417763,0.62302495376215827,0.49564383110276811,0.31913064578672057,1
14,1691509834.3569214,128078,0,2.795532226540498e-08,2,2,50,8.7309801103295932,41466.304558373362,204.34592332049402,1,2,0,0,USED,,2,0.89672391571755905,0,g1,,0,0,0,0,1318,132.03148886880425,539.75445104882829,646.2140600823667,0.24461398810560278,0.20431540726918795,0.99997861640946895,0.79568459273081205,0.63094102614860392,0.50201931822311574,0.31913064578672057,1
15,1691509834.4570663,128071,0,1.3786010749639033e-08,2,2,50,8.5488155799727252,37844.457324143666,185.26057085190186,1,3,1,0,USED,,2,0.88407055347079466,0,g1,332:15,24.238784790039062,21.176979268744205,9.6205183790372004,14.201318141850534,1291,130.59635443206102,525.6067484764269,634.79689709151285,0.24846780375369967,0.20572935222339964,0.99997182231113102,0.79427064777660039,0.62226264156962452,0.49423102472621838,0.31913064578672057,1
16,1691509834.5570576,128013,0,5.4151000988822418e-08,3,1,25,9.0230854456606817,22092.058869959979,136.13970528395564,1,2,1,2,USED,,1,0.87545720884681477,0,g1,73:17,38.008453369140625,5.9828049239968593,33.937464454042669,20.997422316380732,1298,136.24044309529214,523.71081016154926,638.0487467431592,0.26014441644476655,0.21352669963026275,0.99962823415941415,0.78647330036973728,0.60727392545483661,0.47742717125763684,0.31913064578672057,1
17,1691509834.6569746,127999,0,-3.5119018554352621e-08,2,2,50,10.634188050296364,39104.385890546742,375.71276809896386,1,2,0,0,USED,,2,0.88854052732189315,0,g1,,0,0,0,0,1273,134.04963903995466,510.7190976060827,628.23126335396273,0.26247234471609099,0.21337626262707562,0.99996421136842706,0.78662373737292435,0.59957133708244337,0.47162016675299767,0.31913064578672057,1
18,1691509834.7567396,128037,0,-6.7139892576117965e-08,2,2,50,9.1423594669165347,38587.98079740598,253.92032042357346,1,2,0,0,USED,,2,0.92023992134521226,0,g1,,0,0,0,0,1284,131.38640818714393,518.16551971549461,634.44807209736257,0.25356069284440869,0.20708772548209642,0.99970672371983138,0.79291227451790358,0.60963084062929496,0.48324201146378193,0.31913064578672057,1
19,1691509834.8566248,127982,0,6.004272461168636e-08,2,2,50,8.8311568959252273,41556.23440854549,210.29304185383381,1,2,0,0,USED,,2,0.91183301936698902,0,g1,,0,0,0,0,1286,136.61108689071625,515.23588348808266,634.15302962120074,0.26514280404127955,0.21542290347854726,0.99980874528298402,0.78457709652145269,0.59705588227423712,0.46834677991028079,0.31913064578672057,1
20,1691509834.9566944,127980,0,1.5179443368928958e-08,2,2,50,8.586807662937602,41946.175126227514,234.46404454324721,1,2,0,0,USED,,2,0.92426613459248541,0,g1,,0,0,0,0,1262,135.1114827046014,496.4076760211089,630.48084127428922,0.27217847191157457,0.21429910928224616,0.99989303830166532,0.78570089071775384,0.57304864742008299,0.45019667375059097,0.31913064578672057,1
21,1691509835.0571108,128169,0,-5.3958129880848915e-08,2,2,50,9.1756626839137017,41173.948676943568,271.50124320286807,1,2,0,0,USED,,2,0.89967954652666005,0,g1,,0,0,0,0,1279,129.37407478766511,525.56537478895564,624.06055042337948,0.24616171649362584,0.20731013152472824,0.99966385163174531,0.79268986847527179,0.63486035086259451,0.5030782022438447,0.31913064578672057,1
22,1691509835.1571476,128116,0,-7.3568115224742492e-08,2,2,50,9.347394260157035,38114.360615067068,273.23684201072234,1,2,0,0,USED,,2,0.90980733515642076,0,g1,,0,0,0,0,1288,139.37283185336338,517.11979371184441,631.50737443479227,0.26951749584551071,0.22069866084794967,0.99976549488639521,0.77930133915205035,0.59816714285651806,0.46604314033031441,0.31913064578672057,1
23,1691509835.257153,128145,0,1.1825378418151011e-07,2,2,50,8.5629779000251425,35323.749437397142,141.45321186582498,1,2,0,0,USED,,2,0.91732230431709072,0,g1,,0,0,0,0,1301,144.60537850173742,532.66462534222956,623.72999615603339,0.2714754680937006,0.23183970530986406,0.99971681096488041,0.76816029469013591,0.62215902591193417,0.47778251959080442,0.31913064578672057,1
24,1691509835.3571942,128171,0,2.9484252941913702e-08,2,2,50,8.8402851402455607,42313.211196544886,195.84776706985991,1,2,0,0,USED,,2,0.90877053442335221,0,g1,,0,0,0,0,1295,135.92287169286288,524.74262978827437,634.33449851886292,0.25902769086572153,0.21427633529350132,0.99990345948815562,0.78572366470649868,0.61295697932760207,0.48156830876500895,0.31913064578672057,1
25,1691509835.4570909,128163,0,-2.7623901360795955e-08,2,2,50,9.0760394510731146,40145.712101128833,190.9267817520531,1,2,0,0,USED,,2,0.90747488267131293,0,g1,,0,0,0,0,1303,134.909815644677,532.54236781124609,635.54781654407668,0.253331610401549,0.21227327375346383,0.99997151573637433,0.78772672624653617,0.62565324247163456,0.49282974216554215,0.31913064578672057,1
26,1691509835.5569968,128157,0,4.3670043956001159e-08,2,2,50,9.4103967126174943,33871.27154210498,177.04642950227262,1,2,1,1,USED,,2,0.89334731595586025,0,g1,63:25,38.414505004882812,2.2713953859886438,32.28447358573861,23.956900461397176,1302,140.9677561102944,525.89465767497245,635.13758621473266,0.2680532195050726,0.22194837649339624,0.99991729553191455,0.77805162350660373,0.60605278276593555,0.47150135306777446,0.31913064578672057,1
27,1691509835.656966,128128,0,5.6655883790002193e-08,2,2,50,9.199054830621666,42960.751127708689,264.05343727501707,1,3,1,0,USED,,2,0.89601389002408716,0,g1,319:20,25.759243011474609,18.321403299031374,10.639298216674547,15.738314222376063,1294,136.14340989017941,529.19891154236484,628.65767856745595,0.25726320844724659,0.21656207270133743,0.99981600389547731,0.78343792729866257,0.62522977934168333,0.48973859583604124,0.31913064578672057,1
28,1691509835.757144,128081,0,-6.0947265623223501e-08,3,2,50,8.3190617884893552,38640.670745651027,170.52674191137982,1,2,1,2,USED,,2,0.89866982003524143,0,g1,63:25,35.724506378173828,3.934733938078578,31.147677086987787,21.069585935741138,1265,136.62453691709828,508.84005252136978,619.53541056153222,0.26850193148142648,0.22052740583991001,0.99999454003995458,0.77947259416008996,0.60079780632216673,0.46830286773072288,0.31913064578672057,1
29,1691509835.8572812,128064,0,3.9506225596452893e-08,2,2,50,10.098633584014529,30107.865092485841,241.97522529233723,1,2,0,0,USED,,2,0.88573640330861314,0,g1,,0,0,0,0,1297,132.58556718465428,530.39965514430071,634.01477767104598,0.24997295133720063,0.20912062597607994,0.99990615614182821,0.79087937402392006,0.62745239065397529,0.49619258495344554,0.31913064578672057,1
30,1691509835.9574096,128199,0,2.8248291025767536e-08,2,2,50,10.735347384075475,31267.326788131264,287.15327123665554,1,2,0,0,USED,,2,0.86292584971938446,0,g1,,0,0,0,0,1310,131.62031215033167,534.96250305103479,643.4171847986338,0.24603651919464578,0.20456449603770538,0.99998835097599481,0.79543550396229468,0.62687506711051644,0.49863287627444025,0.31913064578672057,1
31,1691509836.057723,128101,0,-8.1229248036218671e-08,2,2,50,10.129268507366385,39180.31417144648,318.33406318843402,1,2,0,0,USED,,2,0.89866561281041102,0,g1,,0,0,0,0,1298,140.26589745126617,526.39701221990117,631.33709032883257,0.26646408356259893,0.22217274986680813,0.99999131538885344,0.77782725013319187,0.61160847459083745,0.47572160645610073,0.31913064578672057,1
32,1691509836.1574061,128051,0,-1.1189819335011286e-07,2,2,50,10.545887331142518,35273.394648003166,299.53732317344145,1,2,0,0,USED,,2,0.91139336059431841,0,g1,,0,0,0,0,1301,127.42694085702792,537.07234311436889,636.50071602860396,0.23726215376890578,0.20019921053993195,0.99999345121772087,0.79980078946006805,0.6435898529907258,0.51474030156623074,0.31913064578672057,1
33,1691509836.2574663,128069,0,-3.6454467763902265e-08,2,2,50,9.4576697748781271,34088.450288399996,214.63155714347582,1,2,0,0,USED,,2,0.90023038351250717,0,g1,,0,0,0,0,1277,128.73339694918263,519.02810041435794,629.23850263645988,0.24802779819899992,0.20458601374486751,0.99984781067611039,0.79541398625513249,0.62026513290250229,0.49329247662137471,0.31913064578672057,1
34,1691509836.3574588,128024,0,-1.1562499999118181e-07,2,2,50,10.137483559690619,39953.807765711754,299.86513062881636,1,2,0,0,USED,,2,0.90220265014212386,0,g1,,0,0,0,0,1301,139.01857024774995,522.78607987682142,639.1953498754292,0.26591865315255797,0.21748995870330229,0.9995261695567742,0.78251004129669766,0.60039158561441774,0.46958983301453949,0.31913064578672057,1
35,1691509836.4575291,128065,0,6.4234008792518615e-08,2,2,50,10.181220999607158,37836.740159636145,282.74531486996767,1,2,0,0,USED,,2,0.86517725673364654,0,g1,,0,0,0,0,1299,134.85838824518024,526.41251103939135,637.7291007154289,0.25618385850842518,0.21146657427721416,0.99986120649704924,0.78853342572278584,0.61398189663126668,0.48407805206748,0.31913064578672057,1
36,1691509836.5573654,128099,0,5.2652587900769987e-08,2,2,50,11.788709113639378,37757.83086050069,346.76795083202404,1,4,2,0,USED,,2,0.77909054484241624,0,g1,333:14;155:41,26.694433212280273,13.338391517253623,19.455190254894596,19.691935614972806,1307,144.49443863607959,515.88480508623161,646.620756277689,0.28009051092700227,0.2234608729046535,0.99989912176372231,0.77653912709534656,0.57435577631018653,0.44596474050283669,0.31913064578672057,1
37,1691509836.6574037,128160,0,-6.6459960937348406e-08,4,2,50,11.293681032957714,41116.215130710319,344.87114238239485,1,3,2,3,USED,,2,0.89303180954117056,1,g1,157:40;69:23,30.832667350769043,4.5316327135751306,22.072170040654633,22.389871242505084,1310,146.41941645494569,510.01096601266045,653.56961753239443,0.28709072198912483,0.22403032902258244,0.99995332099601464,0.77596967097741754,0.55631648076066387,0.43166456592256358,0.31913064578672057,1
38,1691509836.7572303,128144,0,-4.8699340809976732e-08,3,2,50,10.262022218038835,40702.053427204191,274.43790013346904,1,2,0,1,USED,,2,0.84694578708350587,0,g1,,0,0,0,0,1310,137.04414461855288,531.63037022087167,641.32548516057636,0.25778087990273463,0.21368891115287503,0.99998110522711159,0.78631108884712497,0.61526671671798838,0.48378190083205386,0.31913064578672057,1
39,1691509836.8569288,128166,0,1.6534423830094624e-08,2,2,50,10.801339439502671,31669.366988086862,203.74214975695438,1,3,1,0,USED,,2,0.85829310336739217,0,g1,161:38,26.076786041259766,8.8049675935635676,17.462341778849144,19.661472881394818,1283,134.13154037516284,522.65481779325137,626.21364183158528,0.25663504058279202,0.2141945358821109,0.99980710786616345,0.7858054641178891,0.6204324713874223,0.48744518365074463,0.31913064578672057,1
40,1691509836.9566529,128109,0,-5.6111450194573642e-08,3,2,50,9.5058125041444992,37513.022470825963,183.12867933345407,1,2,0,1,USED,,2,0.90490435747459186,0,g1,,0,0,0,0,1271,133.82644957870838,510.98386061082965,626.18968981046112,0.26189956257861524,0.21371551106057937,0.99964492592920484,0.7862844889394206,0.60230536715844296,0.47341521062738018,0.31913064578672057,1
41,1691509837.0565214,128076,0,-1.1150817870453356e-07,2,2,50,10.051371136941865,39774.487668800881,212.93421681216753,1,4,3,1,USED,,2,0.90975338900567893,0,g1,324:21;161:39;80:11,29.519454320271809,13.061814944614396,21.236919959900323,17.798753429473386,1286,135.09056890602744,522.47154050471443,628.43789058925745,0.25856062662385049,0.21496248225796696,0.99987966515222393,0.78503751774203301,0.61641886557072101,0.48385370464782906,0.31913064578672057,1
42,1691509837.1562269,128221,0,5.3089599619249306e-08,4,1,25,9.5350733814933371,16298.236827130439,97.909459873168828,1,3,2,3,USED,,1,0.88787435641190526,0,g1,323:20;79:13,31.545976638793945,12.824182516126493,25.465154449340233,20.556460152738989,1275,130.93849732638739,528.3965839075604,615.66491876605244,0.24780345163869236,0.21267818473207978,0.99985152590584236,0.78732181526792022,0.64557533565137859,0.50820007940609058,0.31913064578672057,1
43,1691509837.2560503,128104,0,-7.1497192374869734e-08,3,2,50,9.3988614104039598,41684.176686571496,219.51489445507644,1,5,3,1,USED,,2,0.89601459520482196,0,g1,322:20;160:40;66:29,27.286423365275066,12.18969009252452,21.309415056468925,16.828632569597492,1292,134.12649417651326,529.08612801180413,628.78737781168263,0.2535059739338334,0.21330977514736818,0.99997326748604443,0.78669022485263185,0.62812907474357493,0.49412979336177354,0.31913064578672057,1
44,1691509837.3559124,128128,0,-8.2290649405791783e-08,5,1,25,11.610328753893141,14826.181679322706,170.02664788342889,1,6,5,4,USED,,2,0.84233871481888034,0,g1,320:20;334:12;159:41;82:13;116:10,29.004635620117188,11.952367565225014,22.787327528531943,18.617120550303071,1285,141.71134637403739,513.21136154976512,630.07729207619809,0.27612667409798936,0.22491105163793079,0.99984745706820644,0.77508894836206921,0.58961022694784015,0.45693065857213766,0.31913064578672057,1
45,1691509837.4559829,128155,0,-3.2758178711289609e-08,6,1,25,9.8638923142682167,18785.90589289842,131.28647442857073,1,6,5,5,USED,,2,0.90889100127338962,0,g1,319:17;159:41;69:29;83:13;118:10,31.315295410156249,10.707132510879587,25.404567388255078,20.824630317397517,1315,144.03331735900247,522.3296233143617,648.63705932663618,0.27575176848110083,0.22205533169585853,0.99955621136069384,0.77794466830414144,0.58321722528169551,0.4535093792031385,0.31913064578672057,1
46,1691509837.5565722,128164,0,1.0902221680986202e-07,6,2,50,10.4634935064026,28383.822953602696,272.83730989318082,1,6,4,4,USED,,3,0.75524882305464358,0,g1,316:17;161:39;84:11;115:10,32.072908878326416,11.938890093290295,24.97489292757437,22.95203381835881,1298,132.24738748813166,525.11723033706244,640.63538217480573,0.25184355006451542,0.20643160082601594,0.99991878501134956,0.79356839917398403,0.6132503039642152,0.48661653824328854,0.31913064578672057,1
47,1691509837.6568868,128286,0,2.9904174816963724e-08,6,1,25,11.015865332845461,18514.078335062717,138.25201236391652,1,5,4,5,USED,,3,-0.21678540245919692,0,g1,332:11;313:16;72:27;115:10,33.721292972564697,16.843250233709536,24.848627763508087,22.332307284705195,1311,133.73008331514433,534.56921854187954,642.70069814297597,0.25016420451576671,0.20807521090539499,0.99993352051839723,0.79192478909460506,0.62367932131538473,0.49387428030638764,0.31913064578672057,1
48,1691509837.7571824,128326,0,5.0739135754040987e-08,5,2,50,10.04200774806837,34027.857861672055,241.29188540979916,1,6,5,4,USED,,2,0.90642807629549915,0,g1,309:10;312:22;72:26;117:12;14:32,35.070703125000001,15.86993989986118,26.332451576131639,21.616804871088924,1266,119.74726184035158,525.76711141252554,620.4856267471223,0.22775723174969748,0.19298958215700029,0.99990361112218806,0.80701041784299976,0.65435818666859558,0.52802297319432878,0.31913064578672057,1
49,1691509837.8575637,128483,0,-1.0730346679255209e-07,6,2,50,9.5220542650570952,40271.161918924925,156.45487245944321,1,6,4,4,USED,,5,0.59392834076300394,0,g1,305:11;309:21;119:13;10:29,36.445416927337646,20.139395857798082,28.925624928576923,21.50260731594728,1312,132.03822826714574,533.79546439456567,646.16630733828902,0.24735734391618402,0.20434093633114708,0.99985443317994005,0.79565906366885297,0.6217551604978484,0.49463311618052386,0.31913064578672057,1
50,1691509837.9577568,127335,0,-1.1540954589217556e-07,6,2,50,10.180550440640198,38244.322217730114,186.40203901113688,1,5,3,4,USED,,4,0.87638376940799578,0,g1,303:17;327:12;121:13,32.756491978963219,16.940661414747989,19.163873500661296,21.040455270650408,1305,137.42677432914627,535.92105566624161,631.65217000461234,0.25643100392519802,0.21756716885519886,0.99965502519952565,0.78243283114480111,0.63087613762838102,0.49344791662536502,0.31913064578672057,1
51,1691509838.0578864,128187,0,9.6401367194465237e-08,5,2,50,7.6285118542327961,26785.363759919845,53.562574991418039,1,7,5,3,USED,,4,0.90826234802908501,0,g1,302:14;306:24;72:32;85:15;121:10,34.033540344238283,17.636371110592695,29.244004771262354,18.751775472454902,1324,131.9442269888107,544.7308986411058,647.32487437008365,0.24221909812342357,0.20382999667239196,0.99981683740433958,0.79617000332760801,0.63768084310676421,0.50760936689637093,0.31913064578672057,1
52,1691509838.1582215,128015,0,5.2262573255190681e-08,7,2,50,8.9787814978403908,28362.029916689145,104.39207710804796,1,5,3,5,USED,,4,0.86643950922310475,0,g1,299:23;172:22;75:30,32.817757288614906,16.683477466014565,24.0913879010612,21.580783135034835,1316,132.15407664397466,524.67946359350435,659.16645976252096,0.25187583241558142,0.20048665202350563,0.9999903744729447,0.79951334797649443,0.59548749960813463,0.4760956217744518,0.31913064578672057,1
53,1691509838.2577279,127987,0,-1.6039428701875025e-08,5,3,75,8.0638832281959925,47363.549396087881,159.7857246976055,1,5,3,3,USED,,4,0.86257098751696015,0,g1,300:24;170:25;76:29,34.472833633422852,11.615465900182906,24.782016594856334,27.62445532823023,1328,131.83162762553667,541.17608545006613,654.99228692439647,0.24360209397630647,0.20127203061362697,0.99993518897889888,0.79872796938637303,0.62496073006700714,0.49914126292095917,0.31913064578672057,1
54,1691509838.3573186,127800,0,-9.014282223440695e-09,5,3,75,8.3949735070320308,48370.178389646222,191.21969515172361,1,4,2,3,USED,,4,0.85394410747675087,0,g1,169:24;74:29,32.255782127380371,4.7106143223595947,21.619199475704839,22.548661773100655,1333,131.79950034227127,535.54193539629637,665.65856426143307,0.24610491099028647,0.19799865489375401,0.99961910265529275,0.80200134510624599,0.60653082034930139,0.48625325062265884,0.31913064578672057,1
55,1691509838.4568508,127330,0,4.460754395030353e-08,4,2,50,10.600916646587176,24934.986069101884,109.08185771957757,1,4,2,2,USED,,3,0.8186803408572384,0,g1,169:27;78:24,29.825310707092285,5.8552887473151429,18.114393105786963,21.800204923731062,1304,132.4196943403322,528.65378856876487,642.92651709090308,0.25048471646979914,0.20596396449706467,0.99987931173573608,0.79403603550293533,0.61629763852532049,0.48930347326969248,0.31913064578672057,1
56,1691509838.556365,127112,0,9.3407592785532678e-08,4,2,50,10.863704541230014,20897.380400895283,168.88691444512025,1,3,1,2,USED,,3,0.74457617948221211,0,g1,10:30,24.275894165039062,6.4861100081512442,14.020652861750852,19.808664491445576,1327,131.65158905328303,548.223814006937,647.12459693977871,0.24014204726177249,0.20344086699200911,0.99983874354354241,0.79655913300799086,0.64372800373159067,0.51268473348817656,0.31913064578672057,1
57,1691509838.6562448,127033,0,-2.6006469713846236e-08,3,2,50,9.0623926657032836,26492.056605980866,102.02420999085275,1,3,1,1,USED,,2,0.88034899787845411,0,g1,118:11,26.251913070678711,5.1584515781550788,19.200316319499876,20.047436935641979,1338,133.10456507999407,537.67613407557235,667.21930084443431,0.247555278436974,0.19949147890586591,0.99996209093237376,0.80050852109413406,0.60635471498434101,0.4853737153880136,0.31913064578672057,1
58,1691509838.7564123,127033,0,-1.0622497557954969e-07,3,3,75,8.9263313295514717,27020.39271187647,122.71963737172659,1,3,0,0,USED,,3,0.84908933850896562,0,g1,,0,0,0,0,1346,137.11722933496867,538.93074440685018,669.95202625818172,0.25442458193005962,0.20466723580313098,0.99994114650410815,0.79533276419686905,0.59976460899161943,0.4769843704868259,0.31913064578672057,1
59,1691509838.8565049,126953,0,6.9365234375839968e-08,3,1,25,10.778944908149473,21324.836396984727,72.176188287334085,1,4,3,2,USED,,3,0.3587438768595772,0,g1,310:15;77:29;116:10,27.301921208699543,8.1396819668579639,15.939358269013843,17.876490120343838,1316,128.92947729312931,539.03187033543691,648.03865237143395,0.23918711376545718,0.19895337542185873,0.99991724745545929,0.80104662457814124,0.63283631545985419,0.50688944454678908,0.31913064578672057,1
60,1691509838.9566574,126942,0,-9.7043457020218327e-08,4,3,75,9.315707845636938,31819.876516319167,94.856095742164342,1,4,1,1,USED,,3,0.89669522856093364,0,g1,77:26,33.415203094482422,5.6007482774782424,24.797624395783814,20.785199683889381,1327,138.34105879627586,542.85732532958707,645.80161587413738,0.25483870685964183,0.21421603073727466,0.99986488017302666,0.78578396926272531,0.62637852955163376,0.492131701475437,0.31913064578672057,1
61,1691509839.0569162,126715,0,-5.8019409179821402e-08,4,2,50,10.20019247656289,20684.549487408214,108.0630569687748,1,4,2,2,USED,,4,0.79103893827085758,0,g1,120:17;78:23,35.906883239746094,3.0423607851031562,26.776012576072628,23.913753752193887,1309,117.53098421643229,517.25904074944231,674.20997503412582,0.22721881099679747,0.17432400671687384,0.99943665890506961,0.82567599328312613,0.59288362874307432,0.48925400682200326,0.31913064578672057,1
62,1691509839.1572723,126879,0,-4.6916503904093076e-08,4,2,50,9.7100117954755749,26335.386580411458,30.192958273806305,1,3,1,2,USED,,3,0.88111499535080917,0,g1,119:13,30.685762405395508,4.6421100618299036,23.929934975452728,21.414148196460527,1400,131.24607224267649,545.31162625764443,723.44230149967939,0.24068086195665744,0.18141885257553558,0.99976632450561742,0.81858114742446442,0.57235463444233148,0.46840923205353341,0.31913064578672057,1
63,1691509839.2577233,126943,0,6.9486694342923983e-08,3,2,50,11.04641230328447,34194.740563227308,221.86210943143215,1,4,2,1,USED,,3,0.74476914289432616,0,g1,361:67;120:12,30.214198112487793,10.312033468717319,15.157693616622733,22.332591080087887,1354,125.03961430248437,545.06309989132558,683.89728580619112,0.22940392466012596,0.18283390926911677,0.99994575862198687,0.8171660907308832,0.61416165015731794,0.50184485250296385,0.31913064578672057,1
64,1691509839.3577011,126980,0,3.68023681668328e-08,4,2,50,11.67113626159337,30268.485819118665,194.42631757441896,1,3,1,2,USED,,2,0.82485861403990146,0,g1,117:10,30.022056579589844,4.1926675326714111,22.248470226432747,21.840346791224533,1292,122.20865424849482,510.12411696214849,659.66722878935718,0.23956650976680402,0.18525803452867612,0.99948954254836164,0.81474196547132394,0.58804719377309189,0.47886216284594163,0.31913064578672057,1
65,1691509839.4577138,126985,0,-1.0347412109090737e-07,3,3,75,10.032029081167703,36980.338987839466,179.05011097646957,1,4,1,0,USED,,3,0.86041782362903652,0,g1,360:71,23.814229965209961,15.638424491630486,2.4219273850623271,17.428526626333191,1334,126.05589449432475,529.77427997112352,678.16982553455182,0.23794264701033749,0.18587658982757613,0.99951348147612507,0.81412341017242384,0.59530573357282146,0.48441654157341463,0.31913064578672057,1
66,1691509839.5574872,126787,0,2.8491821291165564e-08,4,2,50,12.492944132263542,27903.956349052856,92.173715229065081,1,3,2,3,USED,,3,0.7014912212514538,1,g1,349:68;117:10,30.402149200439453,9.5320510636862767,18.392311355408495,23.875144136254416,1314,132.92246235400032,515.19158936571012,665.88594828028977,0.25800588576698397,0.19961746106414244,0.99984898067052119,0.80038253893585753,0.57407597802439603,0.45941099841302141,0.31913064578672057,1
67,1691509839.6573119,126884,0,-5.9827270498802321e-08,3,2,50,11.187625899996942,27652.412431855253,77.781051942223201,1,3,1,1,USED,,3,0.7664432021816685,0,g1,117:12,34.141998291015625,7.0302625832842516,22.918298790257072,26.009867504918176,1321,141.47915587135415,495.03416972258339,684.48667440606255,0.28579674803183569,0.20669380597382314,0.99969422983646572,0.79330619402617686,0.51652578066331711,0.40963780784395953,0.31913064578672057,1
68,1691509839.7575412,126838,0,9.4908447267894047e-08,3,2,50,12.091972775291252,33289.702906075865,201.06626374298878,1,3,2,2,USED,,3,0.65677061989135899,1,g1,118:12;83:17,35.579057693481445,4.731652887143948,25.592918308063219,24.692262660065715,1291,123.51162167868802,506.84963153020828,660.63874679110347,0.24368493927044851,0.18695788322834003,0.99980373371394327,0.81304211677165994,0.58025359807231114,0.47167802097487377,0.31913064578672057,1
69,1691509839.8577268,126890,0,9.4413452153552235e-08,3,1,25,9.8276955302493381,37698.295932486093,9.0567789985372755,1,3,2,2,USED,,2,0.83010722124164926,0,g1,339:69;119:12,31.371606826782227,14.065279775919647,20.44238471653707,22.826185743644057,1301,135.20836653868969,496.99574505976102,668.79588840154918,0.27205135633994537,0.20216686269086295,0.99992983586978235,0.79783313730913707,0.54095335332541994,0.43156022884870188,0.31913064578672057,1
70,1691509839.9577661,127065,0,-1.9705810538894752e-08,3,1,25,9.7544031383487404,10749.768765536766,46.581694299147884,1,3,2,2,USED,,3,0.4761493289655262,0,g1,82:20;121:16,36.125625610351562,4.2776711007338308,27.34801471466524,23.646157647454203,1311,137.22493718877217,502.33737301840671,671.43768979282163,0.2731728606299495,0.20437479050530244,0.99996208963189381,0.79562520949469762,0.54377709410726316,0.4326263627710516,0.31913064578672057,1
71,1691509840.0575645,127037,0,3.6357421878685514e-08,3,1,25,10.081338264407105,8380.6942921659102,21.496140317911099,1,3,2,2,USED,,3,-0.16724694218436503,0,g1,115:10;83:15,32.558843612670898,2.2061796992471576,22.599732223909278,23.396871955185411,1318,122.88540063794231,513.69535002539408,681.41924933666337,0.23921844071951903,0.1803374365452205,0.99996289402251815,0.8196625634547795,0.57352349492311949,0.47007829468835793,0.31913064578672057,1
72,1691509840.1576045,126965,0,-6.4972534172258456e-08,3,1,25,8.1765058354748987,15779.067164623286,56.214907293237673,1,2,1,2,USED,,1,0.8513198007498517,0,g1,85:12,33.631629943847656,1.3515977815085627,20.041035576050714,25.461025375677867,1324,120.01220721097788,509.64815153218183,694.33964125684054,0.23548051111375351,0.17284366336011142,0.9997722096600643,0.82715633663988863,0.56116044824390954,0.46406168778209611,0.31913064578672057,1
73,1691509840.2578044,127095,0,8.0957641604428865e-08,2,0,0,0,0,0,1,3,3,2,USED,,1,0.24533434536511969,0,g1,335:69;84:24;121:10,29.123669306437176,13.714210459998656,19.047630897853111,17.395285129560403,1358,120.27439046493399,513.87454548872211,723.85106404634394,0.23405399532009633,0.16615902972166319,0.99954100748737151,0.83384097027833681,0.54375848095539758,0.45319998843415327,0.31913064578672057,1
74,1691509840.3579674,127198,0,1.1778381348026556e-07,3,0,0,0,0,0,1,2,2,3,USED,,0,0,0,g1,84:18;122:10,30.829778671264648,7.8947145966636025,15.292778140147362,26.690960833531378,1337,128.60633134505062,508.64695944478365,699.74670921016616,0.2528400670780212,0.18378983373885965,0.99895278590754444,0.81621016626114029,0.54311170470340764,0.44282907180893999,0.31913064578672057,1
75,1691509840.4575074,127233,0,-9.1754150388645428e-08,2,0,0,0,0,0,1,0,0,2,USED,,1,0.067904068893339831,0,g1,,0,0,0,0,1379,127.10374817311694,532.99959508350457,718.89665674337891,0.23846875184436811,0.17680392164974076,0.99934162480442779,0.82319607835025921,0.56460945130709972,0.46447828367022592,0.31913064578672057,1
76,1691509840.5567446,127114,0,-1.1778930662786902e-07,0,0,0,0,0,0,1,2,2,0,USED,,0,0,0,g1,203:10;320:70,33.286908149719238,29.016503479809465,10.188213365984261,17.78833638863734,1371,129.36982470719639,527.87460248355796,713.75557280924659,0.24507681199007098,0.18125227968170399,0.99976644942652559,0.81874772031829601,0.55832107370860873,0.45701734470741029,0.31913064578672057,1
77,1691509840.6565406,127195,0,8.5845947267459977e-08,2,0,0,0,0,0,1,3,3,2,USED,,1,0.72521791497558408,0,g1,206:12;320:69;120:10,31.19284947713216,20.406352759224379,13.393873423846165,19.02769591539138,1390,133.36946196358653,533.22656343688527,723.40397459952862,0.25011781315611942,0.18436373955149876,0.99984253099651688,0.81563626044850124,0.55274385476615162,0.45076693768767567,0.31913064578672057,1
78,1691509840.7567961,127305,0,-3.536804198123189e-08,3,1,25,10.397342937853876,62496.20546184975,100.44286187960716,1,3,2,2,USED,,1,0.91783233597110137,0,g1,202:19;319:67,33.938222885131836,31.460048321644244,18.93999103604347,11.446380315966342,1388,134.21660089234302,518.66587938703049,735.11751972062746,0.2587727595479441,0.18257842765514612,0.99946984891308444,0.81742157234485391,0.52297662371152953,0.42726573850712868,0.31913064578672057,1
79,1691509840.8569536,127292,0,6.4626464846284648e-08,3,1,25,14.572036388472499,53200.465636598819,158.60493867764598,1,4,4,3,USED,,1,-0.077508354319004866,0,g1,212:16;318:66;228:10;19:29,32.296602725982666,18.926474885251405,16.441130647779914,23.252193629929241,1377,123.31821710756148,539.64527876051091,714.03650413192804,0.22851717963845813,0.17270575999119611,0.99997739635282845,0.82729424000880392,0.58306131303341213,0.48235236267544235,0.31913064578672057,1
80,1691509840.9568603,127314,0,-2.8187866207840528e-08,4,2,50,11.65931342883278,53357.226622085662,241.34555534330644,1,5,3,2,USED,,2,0.90813259891332032,0,g1,314:64;227:10;33:34,28.27502950032552,15.162139741890485,18.560733516837697,20.238761044686296,1395,136.7168677552275,557.94764522021626,700.33548702455641,0.24503529843067398,0.19521625033750958,0.99997124636219104,0.80478374966249044,0.60146998869731527,0.48403935452079444,0.31913064578672057,1
81,1691509841.0566614,127347,0,6.4640502936419431e-08,5,3,75,8.169089899335896,52307.140946528969,126.04253321874636,1,5,2,2,USED,,3,0.92446156107073363,0,g1,311:65;120:11,27.535540580749512,10.609574071448744,16.302267187726532,19.059511334248814,1352,118.82494461340299,536.19291362442902,696.98214176216811,0.22160856959148986,0.17048491990480547,0.99993603548722232,0.82951508009519448,0.59882161106137055,0.49669978347030297,0.31913064578672057,1
82,1691509841.1568313,127431,0,-1.0322814940344482e-07,5,3,75,10.431559377568837,46946.236659469781,92.720298247640102,1,4,3,4,USED,,4,0.77439247633834762,1,g1,227:15;217:19;303:71,36.28082275390625,33.985904558609832,15.442143549904209,13.093875609377895,1393,132.74948431097343,558.18483216821903,702.06568352080751,0.23782352486240074,0.18908413760553652,0.9998677429622479,0.81091586239446345,0.60597656009010259,0.49133101423633568,0.31913064578672057,1
83,1691509841.257406,127612,0,2.6005859382616237e-08,4,3,75,12.371499644733737,48402.47867259763,96.758251212164524,1,6,5,3,USED,,3,0.37609384810514884,0,g1,233:17;202:34;222:16;14:22;119:11,31.728013229370116,18.709419798023532,22.650462088004062,18.10454562659179,1371,128.67399467856217,533.83670436333773,708.48930095810067,0.24103624502931256,0.18161741398854492,0.99994109844672729,0.81838258601145508,0.57186849418455288,0.46797965077719939,0.31913064578672057,1
84,1691509841.3575852,127534,0,2.9005737312015611e-08,6,3,75,10.824801904499544,31243.565613221479,104.78070965628363,1,9,6,3,USED,,4,0.81819807864681759,0,g1,205:34;224:19;205:16;217:11;302:64;44:36,31.635055541992188,22.209273906327244,19.213289578017093,17.328644527909116,1405,119.37757404185147,569.99673741186086,715.62568854628842,0.20943553919957469,0.16681566348512913,0.99982972716911256,0.83318433651487089,0.62968556129586484,0.52455481395723891,0.31913064578672057,1
85,1691509841.4574406,127556,0,-9.698242187106132e-08,9,2,50,9.1295995927930846,25184.115166642892,31.958914300867058,1,7,5,7,USED,,4,0.86713323190237079,0,g1,207:32;229:21;43:34;23:24;116:10,31.093555831909178,12.561646160717212,24.170876191389546,22.132250821941028,1373,125.27611902582905,545.06394228974796,702.65993868442342,0.22983747282852571,0.17828840400433402,0.99993069846658922,0.82171159599566601,0.59742672116739637,0.49087844355435589,0.31913064578672057,1
86,1691509841.5569067,127502,0,-3.4228515619072475e-08,7,6,150,10.091389358575515,58941.002632267322,95.102761086009437,1,9,3,1,USED,,6,0.85153871442173357,0,g1,208:32;223:11;214:21,30.62952486673991,21.949294337330176,25.179591399095965,18.612486432969813,1361,126.88060472928122,535.24196566652279,698.87742960419621,0.23705279643250718,0.1815491520467889,0.9999396020921838,0.8184508479532111,0.58431041501585457,0.47820047058514242,0.31913064578672057,1
87,1691509841.6565919,127730,0,-4.7786865228771624e-08,9,6,150,10.069627822208087,61221.123637785036,297.05761781604417,1,10,4,3,USED,,7,0.83373525359359202,0,g1,210:33;203:19;226:11;220:22,30.773369312286377,19.512900844663822,21.109320908947904,21.33718449180499,1367,124.50178080003242,552.77332821098332,689.72489098898461,0.22523116519202316,0.18050933412235054,0.99932274494912066,0.81949066587764952,0.62093097263295771,0.5085025169339038,0.31913064578672057,1
88,1691509841.7567282,127674,0,6.4991455078766691e-08,10,6,150,9.6625632326183268,45573.637472558126,168.37452378639011,1,9,4,5,USED,,8,0.79987558305285844,0,g1,211:34;235:17;204:20;216:21,38.54723072052002,27.457179294271391,25.289588457942834,25.484124420874341,1355,128.75714250105747,543.08910137768135,683.15375612126104,0.23708290623846578,0.18847461694729062,0.9999224194595342,0.81152538305270938,0.6064988374345982,0.49215101706588149,0.31913064578672057,1
89,1691509841.8570259,127709,0,-9.3728637684531435e-08,9,4,100,9.7384102772081356,30295.503670089234,143.28441330118551,1,10,6,5,USED,,7,0.7940722601820478,0,g1,212:31;238:22;219:21;205:20;231:12;14:12,31.365829149882,19.577348717972672,23.149218318641829,19.919852549912605,1338,119.79161862470097,545.47834609960819,672.73003527569062,0.21960838497304194,0.17806789104578827,0.99997835201095597,0.82193210895421176,0.63277496938345723,0.52008680600156709,0.31913064578672057,1
90,1691509841.9572668,127753,0,8.2074584961677743e-08,10,5,125,10.738100270647443,49336.22953622436,165.3920902098225,1,9,4,5,USED,,7,0.81705427508360684,0,g1,215:35;220:22;341:15;19:14,33.745396614074707,17.221537857991372,28.0469720002766,22.462248834441432,1351,120.97770306275306,559.4594531919264,670.56284374532015,0.21624034123032476,0.18041217790573022,0.99976377014390561,0.81958782209426984,0.65390105374778085,0.5358027379953072,0.31913064578672057,1
91,1691509842.0574381,127855,0,-6.6672973628167931e-08,9,5,125,9.0768918733060051,46342.697659090336,143.73262468583837,1,10,5,4,USED,,5,0.80652612909378107,0,g1,215:29;243:23;209:20;236:12;229:21,28.478261184692382,15.803520403361267,20.613959452208242,21.972479894342605,1359,129.77530477658942,568.74512749880262,660.47956772460793,0.22817831485837678,0.19648647909529313,0.99997207515340103,0.80351352090470685,0.66462286522275138,0.53401854570649976,0.31913064578672057,1
92,1691509842.1575971,127980,0,-5.7413940421358056e-08,10,5,125,10.144176355957491,46982.588398817068,195.17804632233799,1,12,8,6,USED,,7,0.7213855433232863,1,g1,219:34;245:23;239:12;332:14;31:20;316:21;13:10;117:18,26.787131309509277,10.60030462055671,22.410550732534055,19.151639856686934,1362,125.47070356785447,549.58208095481268,686.94721547733275,0.22830202787883622,0.18264970108463105,0.99993258041705901,0.81735029891536892,0.6173856852920786,0.5045863531243634,0.31913064578672057,1
93,1691509842.2578306,128020,0,4.9558715825570587e-08,12,6,150,9.3930679733969757,54281.097915324579,111.78524159286508,1,10,4,6,USED,,8,0.82411067573334662,0,g1,220:32;214:20;248:15;233:20,31.322496891021729,20.747286030396818,18.256058049109978,22.387015611037555,1347,123.77049247884553,548.71489573068686,674.51461179046748,0.22556430204802197,0.18349564311187053,0.99990566061787278,0.8165043568881295,0.63000029328326379,0.51434945631857731,0.31913064578672057,1
94,1691509842.3576717,127916,0,-5.8276367176368638e-08,10,7,175,10.013632524147242,71721.395982168935,226.68290291716326,1,12,7,5,USED,,7,0.80605829846801014,2,g1,222:33;259:11;249:22;329:13;243:10;36:26;45:31,30.530490602765763,14.26895900302617,21.213303020601369,22.924363764052909,1326,126.71646711305328,536.36986555629642,662.9136673306507,0.23624829665184341,0.1911507838166944,0.99959433086356875,0.80884921618330563,0.61795889665812942,0.49963280133171517,0.31913064578672057,1
95,1691509842.4576933,127890,0,4.1870118483444685e-10,12,7,175,7.6221137687740921,72378.101059651002,115.70642078678053,1,12,5,5,USED,,8,0.90160252725723566,0,g1,224:34;261:12;250:11;321:11;109:13,29.124790954589844,19.5803847183697,17.75438823974034,17.343589334387225,1301,128.54218475755582,514.52344328662036,657.93437195582328,0.24982765398689544,0.19537235055138102,0.99992244015078491,0.80462764944861898,0.5866561696445024,0.47200316348182803,0.31913064578672057,1
96,1691509842.5571728,127801,0,4.0792236338793586e-08,12,6,150,9.1584817723545928,76474.669866086639,322.67938319317744,1,11,6,7,USED,,7,0.85156925409567064,0,g1,225:34;259:16;41:26;317:12;23:10;248:11,33.768373171488442,19.926449134491438,24.438147005190249,21.552626141661118,1255,104.86921680565555,516.44323096103392,633.68755223331073,0.2030604924582079,0.16549041627228439,0.99998082690666301,0.83450958372771566,0.64949045109828074,0.54199561404941066,0.31913064578672057,1
97,1691509842.6566739,127947,0,3.10382080176419e-08,11,7,175,10.529258884750408,99486.870976934224,515.66332498971644,1,10,5,6,USED,,7,0.86858284744597303,2,g1,226:34;246:22;233:21;312:10;26:13,32.009009933471681,23.484002742999845,20.047293494571552,16.999308223413131,1285,111.69290253254469,528.52826329665811,644.77883417079761,0.211328154592657,0.17322668892533466,0.99979974313019115,0.82677331107466534,0.64647804591813962,0.53438375910735947,0.31913064578672057,1
98,1691509842.7569869,128025,0,2.2027587892603506e-08,10,4,100,9.0061932379633713,35196.794338212698,134.13206744943693,1,9,6,7,USED,,4,0.89002120277838515,0,g1,227:32;265:14;249:24;233:20;214:38;30:15,33.6832586924235,20.918259812672584,19.930523046125188,24.003940310576695,1263,116.15481402364827,511.0030046829782,635.8421812933741,0.22730749713636167,0.182678685750883,0.99999518639136442,0.81732131424911703,0.62098458119932298,0.50754149091640444,0.31913064578672057,1
99,1691509842.8574538,128051,0,-6.5194091791731523e-08,9,6,150,9.7595948193231266,72592.021873455175,283.79476155632722,1,9,5,5,USED,,6,0.86704864942177873,0,g1,264:16;229:31;238:21;32:13;217:39,34.058412933349608,23.756791930551106,23.165866911924979,20.808797026733643,1265,118.64428840355363,511.47941032091734,634.87630127552916,0.23196298034580257,0.1868778030699611,0.99999868355008192,0.81312219693003884,0.61875852213749227,0.5031256265490599,0.31913064578672057,1
100,1691509842.957381,128062,0,-1.1026977538020066e-07,9,5,125,9.5994391902943423,47633.697333191412,126.07575663607896,1,10,6,5,USED,,6,0.88628087526524613,0,g1,233:35;270:14;218:39;238:21;29:10;44:29,32.326573053995766,18.474005886215128,19.721366808118805,20.622832619639759,1252,122.24630993354795,504.74525071319522,625.0084393532569,0.24219407663730622,0.19559145482906659,0.99998507180859142,0.80440854517093341,0.61199004156719483,0.49228266999653414,0.31913064578672057,1
101,1691509843.0574255,128077,0,-9.3902587885996702e-08,10,7,175,10.709010230703322,77845.047102061915,192.11661393741298,1,7,2,5,USED,,8,0.84277188468528119,0,g1,270:19;42:24,34.652425765991211,26.380200323139761,24.034177882209335,13.482698598103871,1243,116.64958237074063,503.24083168025845,623.10958594900137,0.2317967363285332,0.18720556544332775,0.99998315229857637,0.81279443455667222,0.62042256775866467,0.5042675142559484,0.31913064578672057,1
102,1691509843.1574998,128052,0,5.0993652356279284e-08,7,5,125,10.113892134340535,54188.069494345233,176.40981239968747,1,9,5,3,USED,,5,0.89127510572859092,0,g1,277:13;245:20;223:37;37:16;45:29,30.552630233764649,16.423057286654803,19.460926386770048,21.713763766410228,1252,112.83572689578001,506.88697442164778,632.27729868257245,0.22260529978014187,0.17845924111285844,0.99990167455546186,0.82154075888714151,0.62322536068734724,0.51195469265404725,0.31913064578672057,1
103,1691509843.2573445,128132,0,-2.3161621093281681e-08,9,6,150,10.530972605116544,60449.18250607299,257.2079155982936,1,9,4,4,USED,,6,0.88519802579676832,0,g1,276:14;226:36;43:24;245:19,30.915102958679199,18.294879355520443,25.42086769975537,17.777190377325439,1252,118.69077904817648,498.37346553786438,634.93575541395933,0.23815629694506446,0.18693352522066364,0.99989988063638779,0.81306647477933636,0.59798599031825828,0.48615368284451499,0.31913064578672057,1
104,1691509843.3572392,128152,0,2.3017578135164918e-08,9,6,150,10.715895026955865,57889.263885014079,99.269302329088276,1,7,2,4,USED,,6,0.8737303218430934,0,g1,37:12;247:18,32.119772911071777,9.6092837174205208,25.876016502946936,25.453706224047789,1238,115.99058782167032,496.52413705465978,625.48527512366911,0.23360513450507545,0.18544095670155783,0.99995902489186561,0.8145590432984422,0.60838130707034066,0.49554218972103414,0.31913064578672057,1
105,1691509843.4569755,128156,0,-7.9362792962389683e-08,7,6,150,12.504173996697924,50372.853346680553,148.90548949163664,1,9,5,3,USED,,6,0.82796507164585698,0,g1,244:31;206:21;251:17;229:35;35:10,30.841839218139647,18.165375077123667,17.459344672138371,20.646197561449306,1214,101.85627585821653,495.97151954580403,616.17220459597968,0.20536718711488411,0.16530488570967442,0.99996523321250119,0.83469511429032561,0.63961866625581798,0.53386801421149865,0.31913064578672057,1
106,1691509843.5566263,128031,0,1.0276062012426479e-07,9,5,125,13.608717736248096,58351.878254437172,256.15874811846817,1,5,3,7,USED,,7,0.46041113234553738,1,g1,246:31;254:17;240:22,39.576925277709961,23.845216920235202,24.883479173070622,27.215520157884068,1233,108.88216963926772,493.59661271487715,630.5212176458557,0.2205893777114771,0.17268597248129955,0.99994382910481749,0.82731402751870042,0.61015304847630303,0.50475982153402321,0.31913064578672057,1
107,1691509843.6564934,127919,0,-8.652343749804281e-08,5,2,50,15.42699877165923,32069.442768015866,130.4527122291679,1,6,5,4,USED,,2,0.75395176518139995,0,g1,248:30;210:18;242:19;234:34;43:25,31.369083404541016,19.322283932363771,21.436753435871893,21.36429579776874,1207,108.81059474138726,480.74875959573683,617.44064566287636,0.2263356744443531,0.17622842860396662,0.99980479796278598,0.82377157139603341,0.60238691357133045,0.49613234942748913,0.31913064578672057,1
108,1691509843.7564688,127986,0,3.1900634772652481e-08,6,3,75,15.051782986326385,41427.614703177569,171.07078311567324,1,9,8,5,USED,,5,0.26362627082717105,0,g1,250:30;493:85;235:33;108:16;256:17;244:20;41:22;85:35,30.679061889648438,14.534928218591515,22.443781911202407,19.963077333787705,1202,100.97254790685115,494.00049497952125,607.02695711362742,0.20439766545383109,0.16633947920034534,0.99947418522883136,0.83366052079965469,0.64746374517120575,0.53948114660781854,0.31913064578672057,1
109,1691509843.8567989,126437,0,-2.7214965808708413e-08,9,6,150,12.621522242971084,58246.416177134241,164.81839625202372,1,5,4,8,USED,,7,0.20578204876570014,0,g1,252:28;247:17;258:15;41:21,30.784079074859619,19.889884831450775,18.741190475878867,18.489821475395342,1203,110.0666182596201,470.32967020291312,622.60371153746701,0.23402014636272966,0.17678439145153813,0.99967595996960557,0.82321560854846187,0.57863942226372855,0.47619064927934951,0.31913064578672057,1
110,1691509843.9569187,126417,0,1.816528320819355e-08,5,2,50,12.588851779882303,31855.678800737889,297.61736811097347,1,7,7,5,USED,,3,0.40679456406875214,0,g1,255:28;250:19;491:83;108:18;241:32;276:15;40:18,30.760836465018137,14.627246660103919,21.479164788432691,20.601503054051953,1198,113.65779996389665,482.86576683438983,601.4764332017138,0.23538177226566212,0.18896467706787087,0.99999138722008607,0.8110353229321291,0.6138361313761963,0.49783849722776291,0.31913064578672057,1
111,1691509844.0571184,127049,0,4.7001342776131771e-08,7,3,75,9.9661234948451334,38807.059918097155,261.14716966465357,1,8,7,6,USED,,2,0.88843661139974561,0,g1,258:26;107:18;221:14;255:16;491:84;243:32;85:34,29.685182571411133,21.108363610713933,19.780837147276845,16.147243329172387,1196,103.14586970858122,467.66047107015709,625.19365922126144,0.22055716933387678,0.1649822709927341,0.99999207052216565,0.8350177290072659,0.58304270362500743,0.48684713382104222,0.31913064578672057,1
112,1691509844.1574552,127587,0,1.0641235352604195e-07,8,2,50,9.2244599572371317,46192.704474263708,148.92844463958528,1,7,7,8,USED,,4,0.14148007194484183,0,g1,262:26;259:15;205:73;492:84;247:30;41:19;115:19,30.350689479282924,18.910137517434674,17.381571621998109,17.084926766491392,1206,101.50936279839188,471.61420202343788,632.8764351781706,0.21523813821312182,0.16039365215077797,0.99996450838287076,0.83960634784922206,0.58479794578044642,0.49098264110004231,0.31913064578672057,1
113,1691509844.2574804,126278,0,-2.2127685544992559e-08,7,1,25,9.9603882477720074,9718.8529499486485,41.184314495649254,1,8,7,6,USED,,2,0.83111273318983481,0,g1,265:25;228:12;261:13;208:76;116:20;249:29;78:39,29.316217422485352,15.457419761780525,15.026305061094474,19.760171146057608,1190,111.00467922916204,461.8189449910472,617.17637577979087,0.24036406568663823,0.17985892458846903,0.99991902517476261,0.82014107541153103,0.56841816947163259,0.46614533969977495,0.31913064578672057,1
114,1691509844.3574495,124686,0,-4.6595458977338744e-08,8,3,75,10.35174770336493,51455.61060061663,198.79168701143556,1,7,5,6,USED,,3,0.83228328221383074,0,g1,268:23;265:11;491:83;84:35;252:28,29.797161865234376,16.819718107367027,18.584576478714773,17.388661384652501,1206,112.45311242720905,469.81089550792484,623.73599206486642,0.23935824712118065,0.18028959985928519,0.99996152491310719,0.81971040014071483,0.57293115617344681,0.46961955793150073,0.31913064578672057,1
115,1691509844.4571123,124479,0,1.1016174317202143e-07,7,2,50,9.8351032595895536,23920.272506146179,226.77971393523754,1,5,5,7,USED,,1,0.69919871061174743,1,g1,270:20;214:75;40:16;260:27;84:36,28.767749404907228,14.370532616735469,16.358003688044025,20.754842804596269,1186,107.62755841088922,480.32254608300309,598.04989550610765,0.22407350912128624,0.17996417894163827,0.99960086005263549,0.8200358210583617,0.62318376856619262,0.51082903963638115,0.31913064578672057,1
116,1691509844.5566471,125173,0,-6.6503906132053814e-09,5,2,50,7.4561690834004537,25460.663162469853,10.37625740853658,1,5,3,3,USED,,2,0.93280306372293764,0,g1,274:25;271:11;261:27,31.924426396687824,19.954646940371337,15.828061788713008,18.692789188804358,1137,101.95745962196825,462.38928389745189,572.65325648057956,0.22050134631705751,0.17804397070677611,0.99978000781348431,0.82195602929322387,0.62940674866782487,0.51723086015980002,0.31913064578672057,1
117,1691509844.6563659,126632,0,8.0383300848918537e-09,5,2,50,9.1974466240644741,23622.077144543338,104.96881428753655,1,4,4,5,USED,,2,0.58355514641969752,1,g1,232:16;274:10;84:32;262:27,27.787429809570312,12.110633309807906,13.98021333056499,21.168951613812141,1158,109.18815067758902,447.63132648964904,601.18052283276222,0.24392428370429045,0.18162290115969582,0.99999480205940516,0.81837709884030418,0.56296430599134517,0.46071470070774895,0.31913064578672057,1
118,1691509844.7564139,127767,0,-9.7159423825821101e-08,4,1,25,9.6562353755642185,18122.152223377856,55.841182364729192,1,3,2,3,USED,,2,0.73999656871529684,0,g1,109:15;263:26,31.866255760192871,7.7114196278608356,12.204273455075825,26.403788290251271,1168,104.48209106281421,460.61268274547132,602.90522619171452,0.22683285757580773,0.17329770339325359,0.99996889483008067,0.82670229660674643,0.5906908353277619,0.4883102807032933,0.31913064578672057,1
119,1691509844.8564978,127644,0,-6.2503662107138425e-08,3,1,25,10.848521257975664,15463.422013970983,129.66731378384318,1,3,3,3,USED,,1,0.69320904622105295,1,g1,237:14;265:26;74:39,30.709765116373699,15.138999335046918,14.943795161686205,22.996552052940796,1149,92.530626882531578,474.06170484202158,582.40766827544667,0.19518688376941751,0.15887604494721333,0.99993139947890874,0.8411239550527867,0.65509281340548364,0.55097645827304065,0.31913064578672057,1
120,1691509844.9564373,127716,0,4.8712768555003727e-08,3,0,0,0,0,0,1,4,4,3,USED,,1,-0.23638306528768069,0,g1,240:13;111:18;74:38;270:25,29.908715724945068,14.88431167981793,15.826850043549904,23.913883064183381,1154,95.497173084394746,467.70154261324126,590.80128430236414,0.2041840027954851,0.16164009053765119,0.99986373521117267,0.83835990946234884,0.62999925595685968,0.52809414874064353,0.31913064578672057,1
121,1691509845.0569363,127618,0,-3.5769042963651465e-08,4,0,0,0,0,0,1,4,4,4,USED,,0,0,0,g1,244:11;114:21;76:36;274:24,29.240728855133057,10.983302441568792,15.315853348780587,22.009623902174056,1157,100.45732752128158,464.4898314013314,592.0528410773876,0.21627454624401415,0.16967628655995376,0.99984087974569347,0.8303237134400463,0.61486488810289641,0.5104556603925875,0.31913064578672057,1
122,1691509845.1574349,127583,0,1.1898071289317969e-07,4,1,25,11.861583402180321,14786.716476885871,89.342246544430168,1,3,2,3,USED,,1,0.81093239799147976,0,g1,246:11;118:20,29.634055137634277,15.494960694150691,12.821198980505223,21.204381975009525,1199,104.10941890726312,475.66646712627278,619.2241139664643,0.21887062911169167,0.16812881888656783,0.99962498411209433,0.83187118111343217,0.60003646472839445,0.49896585230325702,0.31913064578672057,1
123,1691509845.2573142,127657,0,7.9030761726550658e-08,3,1,25,9.8762736579596204,19631.924193264305,63.963583482233389,1,5,4,2,USED,,1,0.84189241805939019,0,g1,247:10;118:20;269:10;33:19,28.190521240234375,8.6963172981359662,16.948778581484937,19.944102584542097,1208,97.4023807874716,498.57240263045242,612.02521658207581,0.19536255972769387,0.15914765952198218,0.99983808854069445,0.84085234047801782,0.65547956354373804,0.55107228577441303,0.31913064578672057,1
124,1691509845.3573868,127613,0,-7.0687255854240405e-08,5,2,50,9.8739493669294927,34339.758936545251,58.103507700667286,1,2,1,4,USED,,2,0.89727511848829189,0,g1,21:84,24.655267715454102,0.52065476261772048,16.372946750660656,16.893734601528262,1217,113.73062300512687,493.33526523574398,609.93411175912888,0.23053414385606477,0.18646378487852244,0.99995831949479552,0.81353621512147756,0.62236991654030993,0.50629936261484254,0.31913064578672057,1
125,1691509845.4572587,127610,0,7.5063476573378196e-08,2,1,25,9.6051773352738721,24516.131374921846,21.789669172246455,1,2,1,1,USED,,1,0.84710074738096508,0,g1,21:80,24.131288528442383,0.66904329516451,15.295922641828872,17.10588423964283,1186,100.05670245350203,488.83571758089471,597.10757996560267,0.20468369813207071,0.16756897050154002,0.99990725806741521,0.83243102949846004,0.65110380134479096,0.54194874162837536,0.31913064578672057,1
126,1691509845.5571206,127669,0,7.3711547851629255e-08,2,2,50,8.251804808321749,30527.853948042633,101.63626485862811,1,3,2,1,USED,,2,0.90552407129651169,0,g1,29:27;16:85,30.786051750183105,0.89375478567216948,23.109515665384691,18.271859767006347,1178,87.614743679048772,489.99502130728513,600.39023501366592,0.17880741613516091,0.1459296613594232,0.99990093531944968,0.8540703386405768,0.67019790489943176,0.5723394473517569,0.31913064578672057,1
127,1691509845.657104,127638,0,1.2898559581531188e-08,3,2,50,11.385402615624937,34127.702991044891,164.45071422679939,1,4,2,1,USED,,2,0.88435030993415265,0,g1,84:47;69:34,31.332385063171387,10.99949302609914,20.698821614094726,25.117314280944662,1152,87.356607099825538,471.33560321823154,593.30778968194295,0.18533844357049098,0.14723657538131291,0.99992273896271544,0.85276342461868704,0.64718347339455518,0.55185175519511864,0.31913064578672057,1
128,1691509845.7576032,127688,0,-1.0207824706343072e-07,4,3,75,10.902592985934509,45886.584141505307,167.41042153510853,1,4,1,1,USED,,4,0.84288472649757495,0,g1,71:34,30.382915496826172,1.8070919064228228,18.127835432151556,26.185431015352357,1173,95.91707955680792,475.1234402494735,601.9594801937186,0.2018782308581632,0.15934142199395301,0.99987686752702831,0.84065857800604693,0.62995329946565826,0.52951043698023081,0.31913064578672057,1
129,1691509845.8582001,127555,0,-9.9238891590469613e-08,4,3,75,13.239543654208129,66828.633901298439,183.72877810889932,1,3,1,2,USED,,4,0.80302209089511412,1,g1,71:36,35.858352661132812,2.139320516151102,21.945861260760374,30.528965217758689,1129,80.917253029580863,479.73331306517264,568.34943390524666,0.16867132389154743,0.14237236496143166,0.99996794465066463,0.85762763503856831,0.70170925885373725,0.60178596107780757,0.31913064578672057,1
130,1691509845.9581625,127570,0,-5.3114624018468781e-08,3,2,50,15.097085409566509,38369.894450173873,47.091559071480326,1,5,3,1,USED,,3,0.81837052909621655,0,g1,49:32;207:47;75:33,30.231627146402996,13.222535075024538,19.22308616751285,24.323553465524796,1102,93.427824847622745,453.99779976559768,554.57437538677959,0.20578915777975179,0.16846761948289246,0.99963956990612624,0.83153238051710754,0.65017424338530039,0.54044607308964632,0.31913064578672057,1
131,1691509846.0581343,127549,0,1.0759033203244783e-07,5,4,100,14.475753738442497,29568.178573584912,61.811065387959225,1,6,2,1,USED,,5,0.81255939960871226,0,g1,343:82;29:28,25.906221389770508,12.490485661099759,12.6520664965457,15.790081052498358,1143,93.050935891643178,468.39046309931507,581.55860100904226,0.19866103864696566,0.16000268198285386,0.99997885187208457,0.83999731801714617,0.64540276174478928,0.54212512373255239,0.31913064578672057,1
132,1691509846.1581137,127604,0,5.6329345771155559e-09,6,5,125,17.716205203103584,34789.122507744818,231.65455099443844,1,6,3,3,USED,,6,0.73550081607555584,2,g1,203:50;202:35;205:17,28.113135655721027,16.750305296234632,24.922703828210725,20.222623594414063,1124,88.780047342245297,457.79679311894449,577.42315953881075,0.19392894112995351,0.1537521415198416,0.99989834451915771,0.84624785848015838,0.6390750694368299,0.54076093201770747,0.31913064578672057,1
133,1691509846.2576964,127652,0,4.9420166015057276e-09,6,6,150,9.5245964648581953,86406.681721912391,171.24130627543252,1,8,4,2,USED,,6,0.80442442588522289,1,g1,218:42;74:37;85:27;29:21,31.197096824645996,6.3408917325201557,21.961369995048905,24.569844032607243,1102,88.351883228990729,430.80530423982049,582.84281253118843,0.20508541180775955,0.15158784037379366,0.99996371211555501,0.84841215962620631,0.58755707996743078,0.49847248195059385,0.31913064578672057,1
134,1691509846.3570473,127670,0,9.5859985352331201e-08,8,7,175,10.144396564793933,98305.563984716049,696.1718004617594,1,9,4,3,USED,,7,0.82009194019386811,2,g1,84:45;223:43;79:34;207:18,27.95592212677002,11.849242981006627,21.844040606109129,21.511595010102592,1104,89.348533316067815,439.07196119810618,575.57950548582664,0.20349405384998925,0.15523230494569437,0.99999837498022537,0.8447676950543056,0.60760229394694831,0.51328195527258957,0.31913064578672057,1
135,1691509846.4563882,127776,0,1.0543151855724187e-07,9,8,200,8.7393344131446842,95451.011867424255,189.89234419327695,1,9,2,2,USED,,9,0.86957826907841962,1,g1,211:32;338:81,28.093188285827637,19.606456302711265,24.960969894260828,20.689127380914179,1077,82.407240084676715,446.08936907414079,548.50339084118286,0.18473258005612883,0.15024016525822614,0.9999471671074377,0.84975983474177386,0.6630444497922291,0.56339877452226461,0.31913064578672057,1
136,1691509846.5559621,127744,0,5.0369262705185491e-08,9,8,200,11.634025805999499,80549.766556986142,339.84671527398086,1,9,3,3,USED,,8,0.81789513678293335,2,g1,213:32;28:21;73:36,31.218428929646809,9.3415901626058773,24.645695484642562,24.208390558957962,1049,77.456902958880107,417.85084273992771,553.69225430119161,0.1853697421093623,0.13989161372076181,0.99990049344579013,0.86010838627923825,0.61477099803509938,0.52871707500131893,0.31913064578672057,1
137,1691509846.6559157,127738,0,-9.5019531243245581e-08,9,7,175,9.6117914544742789,92492.689791476514,66.853673071446735,1,12,5,2,USED,,8,0.84169068717194373,0,g1,204:42;209:25;83:45;75:35;205:15,29.608714294433593,10.93438385234224,22.894677296480872,25.016886490998569,1076,71.637832080318532,435.82274496875851,568.53942295092281,0.16437378018316556,0.12600327996340618,0.99997000432853933,0.87399672003659379,0.6405622867772125,0.55983254456562492,0.31913064578672057,1
138,1691509846.7560945,127800,0,6.1834106446223558e-08,12,12,300,9.8322027445646007,150240.59804502962,630.28887298948985,1,11,3,4,USED,,11,0.83759546486729797,3,g1,221:32;62:23;84:27,25.898888270060223,12.983385504827,19.129593647767027,20.167082341587406,1064,78.559438192127516,437.83970754849156,547.60085425938144,0.17942511114852897,0.14346113155425497,0.9998740425086946,0.85653886844574501,0.65609881095288469,0.56190334827019595,0.31913064578672057,1
139,1691509846.8566318,127848,0,2.7429809576484665e-08,11,10,250,9.9658105471219702,119942.26306739335,619.58491899251351,1,14,7,4,USED,,11,0.78670277162609814,3,g1,225:21;206:29;202:48;226:31;26:18;34:32;106:11,28.026110240391322,13.823160879336273,21.019410321076887,17.941569139830627,1062,78.449124697808045,445.30543727865563,538.24543802353605,0.17616924953179383,0.14574972522921351,0.99972070414169933,0.85425027477078652,0.68157811783405386,0.58207567769331559,0.31913064578672057,1
140,1691509846.9566748,127819,0,1.0751281738496932e-07,14,13,325,10.850385588338362,125857.67735279619,827.78927737699621,1,17,8,5,USED,,13,0.75857245349882851,4,g1,39:10;340:74;54:18;85:44;229:31;34:32;27:17;203:19,30.208978414535522,14.319276159226629,24.833884836418775,21.658949970645345,1037,72.282516836823476,439.37354373574345,525.34393942743327,0.16451267461906408,0.13759084556224901,0.99986152399867601,0.86240915443775101,0.69876322795121326,0.60253635618874379,0.31913064578672057,1
141,1691509847.0567045,127789,0,-7.02532958890556e-08,17,15,375,9.9768311043204676,147568.90232617204,231.29338020564165,1,16,3,4,USED,,16,0.87237284142658744,1,g1,219:51;25:15;30:27,32.136811574300133,11.226792950240196,27.010499417167665,19.419668862934873,1043,77.95318785273075,441.13770102689523,523.90911112037429,0.17670942127881767,0.14879143385391533,0.99980797657145759,0.85120856614608464,0.69322045649768926,0.58996188253729742,0.31913064578672057,1
142,1691509847.1570253,127871,0,2.2539062505266827e-08,16,12,300,9.7348247198251023,110810.93676848974,256.66724083005317,1,17,7,6,USED,,14,0.86762508937483462,2,g1,202:41;211:47;51:13;362:78;233:15;29:26;36:35,33.07819856916155,15.524702157684098,25.006736244406344,20.565592614056733,1031,74.538605279548591,439.84897916147656,516.61241555897448,0.16946408610893721,0.14428341835125633,0.9995986693426504,0.85571658164874365,0.7071265863532572,0.60485710010835814,0.31913064578672057,1
143,1691509847.2570868,127835,0,7.0983886824027564e-09,17,12,300,10.080010609214133,110066.82753416356,318.25708599691581,1,18,7,6,USED,,15,0.83889253091952198,1,g1,220:37;217:27;64:15;53:15;24:25;222:13;34:35,32.614121573311941,14.749365634242881,22.56607093205761,22.73705741753297,1017,79.008255302899741,438.084768398054,499.90697629904645,0.18034924060886545,0.15804591463759984,0.99972689752892008,0.84195408536240013,0.71828666155751586,0.60459922651056952,0.31913064578672057,1
144,1691509847.3561416,127868,0,7.5354003911676237e-08,18,15,375,10.986277852014233,126559.59040724751,581.59747198454545,1,19,8,7,USED,,15,0.776603369755138,3,g1,362:77;51:13;60:18;223:41;73:37;224:11;30:33;202:16,30.445626020431519,9.397940922791916,21.256939855186861,23.366290704606087,990,81.175803582098283,423.56888757605759,485.25530884184371,0.19164722897056988,0.16728473053873463,0.9999942721156635,0.83271526946126539,0.70559369007450334,0.58755527429262921,0.31913064578672057,1
145,1691509847.4555795,127967,0,-2.694335936304082e-08,19,15,375,11.125202006164308,126762.79501219088,687.00855074667197,1,18,11,12,USED,,15,0.72715625126640304,6,g1,202:41;237:28;217:42;85:42;33:17;48:10;214:27;248:25;21:29;14:18;212:11,32.954898140647195,17.215705564492541,24.605321107133935,21.535910981828536,943,62.592244581737212,410.10874063470169,470.2990147835618,0.15262353219993993,0.13309031619073886,0.99971097532758713,0.86690968380926114,0.73892669371824315,0.64039756220263155,0.31913064578672057,1
146,1691509847.5550823,127995,0,2.4754028327134137e-08,18,11,275,11.196957039019782,106961.73762593395,464.72924275453124,1,18,9,9,USED,,12,0.79721276232041371,2,g1,242:15;238:28;211:44;49:10;24:33;106:13;66:35;84:20;205:12,33.916502422756622,12.701647207182162,20.895687225639442,22.751672838840143,971,71.014082489806157,434.55320313922095,465.43271437097286,0.16341861474452155,0.15257647410062461,0.99979163287569373,0.84742352589937542,0.78107771418847061,0.66176571160295083,0.31913064578672057,1
147,1691509847.6554947,127933,0,-6.5028076159934223e-08,18,15,375,10.712756171905308,141073.86473355058,585.02716949068213,1,17,4,5,USED,,15,0.83076643077957468,2,g1,51:10;10:20;85:17;203:23,32.201605319976807,4.9660793259597176,19.484263289540603,23.842091115984026,964,72.568137428420457,433.5913618547105,457.84050071686931,0.16736527480161581,0.15850091312322964,0.99995005688616934,0.84149908687677033,0.78853492397682934,0.6635182786729189,0.31913064578672057,1
148,1691509847.7560177,127963,0,1.1880920411377893e-07,17,14,350,11.166020144507426,145248.99343032614,326.57726289663975,1,20,8,5,USED,,15,0.78036706847384418,1,g1,226:28;242:25;80:49;85:25;106:11;10:22;372:10;66:33,30.986207008361816,8.8567408687263374,23.57273556076284,20.912186823360912,966,74.465461576205996,432.82809825527823,458.70644016851571,0.17204396358825788,0.16233794657177583,0.99955724544425639,0.8376620534282242,0.78124614197136621,0.65413049997065376,0.31913064578672057,1
149,1691509847.8570101,127915,0,8.8654174806857e-08,20,17,425,11.374694869351964,181273.62667245333,791.89146087999904,1,16,5,9,USED,,18,0.7817341925772604,6,g1,203:36;82:48;22:39;109:16;371:11,28.544529342651366,10.226542240460329,19.962228860016815,18.953270648490633,951,68.932195508178566,417.0467870170674,465.02101747475388,0.1652864802081728,0.14823458062714534,0.9998953891373713,0.85176541937285466,0.74859969426605133,0.6375646293651791,0.31913064578672057,1
150,1691509847.9575744,127862,0,8.7885742197646444e-08,16,12,300,12.293797774780295,106193.62266817577,584.36204844918257,1,17,9,8,USED,,14,0.76391029416528433,3,g1,233:26;247:24;260:24;85:38;367:12;84:15;69:31;111:15;22:37,31.237981584337021,11.623030409998588,17.802209257940348,19.38010156523038,968,68.567843339511839,439.11232041599328,460.31983624449504,0.15615103505762273,0.14895695979326123,0.99981564644925947,0.85104304020673882,0.80497177810010734,0.68493933503368509,0.31913064578672057,1
151,1691509848.0583208,127783,0,-1.010748290897201e-07,17,12,300,12.191335591754319,118509.31531967077,222.59240352995599,1,16,8,9,USED,,14,0.74588809809171042,3,g1,252:11;206:23;254:22;264:19;83:10;109:10;62:35;17:32,32.307969331741333,13.43818565000948,19.652357036422515,21.109811006560861,982,69.584934651794981,449.50938433022736,462.90568101797811,0.15480196204463473,0.1503220580459726,0.99991378873794767,0.84967794195402746,0.82073836044297122,0.69730316041534401,0.31913064578672057,1
152,1691509848.1596107,127780,0,-5.4835205071102067e-08,16,11,275,11.851882581795246,110904.97472719503,209.34444966855636,1,16,6,6,USED,,11,0.79222329014762605,0,g1,343:33;120:17;209:34;11:23;65:36;85:18,30.963222503662109,7.5398963836513104,18.095160879190441,23.052794113847558,1023,74.780115284184092,434.62352011824044,513.59636459757508,0.17205722153241954,0.14560094354012326,0.99996791456839806,0.85439905645987668,0.70063464159449251,0.59860236966978353,0.31913064578672057,1
153,1691509848.2599311,127860,0,4.2331542979279213e-08,16,12,300,14.346273109335542,127900.96560267347,507.24171174341654,1,15,9,10,USED,,14,0.70723334274372374,6,g1,254:20;272:32;227:32;210:32;257:41;123:14;16:27;496:10;72:36,31.223376168145073,15.827090016973841,24.021343272435363,19.989030031762987,1040,72.090135726102019,454.4327754224426,513.47708885145516,0.1586376239237734,0.14039601238558302,0.99940333201355824,0.85960398761441703,0.74461479975974021,0.6396919395342674,0.31913064578672057,1
154,1691509848.3596416,127942,0,5.3794555671116129e-08,15,8,200,12.261914924959491,72145.169180411176,271.01966775215527,1,14,9,10,USED,,12,0.65446822842893682,3,g1,338:51;276:16;255:10;218:34;267:40;228:31;179:10;12:18;85:26,28.731636259290909,13.698949572060986,20.291758969162117,20.09318053171782,1070,79.571716331388188,470.11797972675146,520.31030394186075,0.1692590365883006,0.15293127145196705,0.99966345660695211,0.84706872854803295,0.75060259317678768,0.63559800592459892,0.31913064578672057,1
155,1691509848.4586887,127957,0,3.704345703792189e-08,14,10,250,11.571778405682318,109463.9921831117,719.71016106347895,1,17,11,8,USED,,10,0.71721062887921527,4,g1,248:31;258:20;268:25;225:15;277:40;14:16;79:35;85:26;124:10;31:33;207:12,29.88216816295277,9.1321187506243557,19.179213888938804,22.075047257674267,1074,79.262689128240538,479.13287867826568,515.60443219349429,0.16542945110945909,0.15372771097222668,0.99999911141346587,0.84627228902777329,0.77553675760483609,0.65631468389051351,0.31913064578672057,1
156,1691509848.5580082,128214,0,2.2991943487982169e-09,17,12,300,11.094881443604104,146119.32713700287,504.79118294409506,1,14,4,7,USED,,13,0.76825334464930306,2,g1,111:19;25:23;85:31;206:15,30.998597145080566,10.990504319584778,25.106766218227612,21.577892007652562,1081,84.899256411496751,472.44874765323539,523.65199593526791,0.17970045816231164,0.16212915652094967,0.99985836472597134,0.83787084347905028,0.74008978147702154,0.62001182147260225,0.31913064578672057,1
157,1691509848.6568577,128392,0,-4.4388427725139401e-08,14,12,300,12.185051903976879,160243.4179395877,789.62281587732878,1,15,8,7,USED,,13,0.76149226821110061,5,g1,120:20;256:22;119:32;246:25;45:36;202:24;35:29;20:13,30.605082750320435,14.252213783483523,24.771238564684321,17.797224295007744,1101,92.373447694913082,481.39803766248508,527.22851464260179,0.19188580024847837,0.17520571275916533,0.99994533884686532,0.8247942872408347,0.73786712812998057,0.60855532587018424,0.31913064578672057,1
158,1691509848.7558658,128576,0,-1.6669311514450058e-08,15,9,225,10.104757051546436,140580.8811084863,227.88308349442951,1,14,5,6,USED,,14,0.78827027364613522,0,g1,122:21;106:19;107:32;19:10;45:37,29.729995727539062,12.429327075101099,21.191563783789917,10.499344122686134,1105,88.142832905607676,494.49549594772594,522.36167114666671,0.17824799948213366,0.16873908974240048,0.99977130655387003,0.83126091025759952,0.77791439435077558,0.646501942973013,0.31913064578672057,1
159,1691509848.8546391,128538,0,8.2479248056377408e-08,14,12,300,10.352234801078904,175502.90209549794,371.69970866096628,1,14,4,4,USED,,12,0.83393573153249367,1,g1,218:35;16:10;43:36;217:20,32.677501678466797,5.9518118519456742,22.29211173122501,21.483318339280842,1095,77.982717282382652,498.0330172547911,518.98426546282656,0.15658142046933227,0.15026027275188816,0.99998534533953898,0.84973972724811186,0.80937000970118134,0.68774377248711216,0.31913064578672057,1
160,1691509848.9529638,128472,0,-3.0575561513201954e-08,14,11,275,10.747811965020489,120888.30860033775,295.52238948055202,1,13,3,4,USED,,12,0.81994243359384145,1,g1,230:11;21:15;37:31,35.026298522949219,1.9006792661212693,29.840297647244828,29.334980879209144,1074,83.369557997557934,480.00496386227906,510.62547814016273,0.17368478302128135,0.16326948334268906,0.9999099871714916,0.83673051665731091,0.77676383738111832,0.64988350385420457,0.31913064578672057,1
161,1691509849.0523007,128417,0,-1.1445495605444389e-07,13,11,275,10.505383934723902,149476.5157893342,297.13611837326903,1,17,7,3,USED,,11,0.8514213021627135,1,g1,255:20;111:11;249:11;261:29;84:32;13:14;39:38,30.079433986118861,8.7389396988683128,21.918535024223381,20.249206162290985,1049,69.297724617203585,477.48961209541875,502.21266328737704,0.14512928210751427,0.13798482133762907,0.99996777931835801,0.86201517866237087,0.81278692736713976,0.70061209348222619,0.31913064578672057,1
162,1691509849.1522617,128380,0,2.981567395754503e-09,17,10,250,10.313737110291557,99897.791510463576,408.43401492693238,1,14,6,9,USED,,12,0.79575476679001445,0,g1,232:28;208:12;218:10;17:18;84:32;35:37,31.935759544372559,6.4031584975299181,22.300540710954426,19.389288723030848,1042,76.930724179821183,470.1132295653174,494.95604625486226,0.16364296799508055,0.15542940582689255,0.99992033105003875,0.84457059417310743,0.79437862889150179,0.67085537999926037,0.31913064578672057,1
163,1691509849.2527175,128276,0,4.9293212900369809e-08,14,11,275,9.9610134583890879,107787.73600437866,241.28414332335302,1,13,3,4,USED,,11,0.81605719277765465,1,g1,10:16;203:10;85:24,32.474784851074219,2.5236740253761489,19.658983188483059,24.036418679366587,990,75.074331298951947,438.98719223934842,475.93847646169905,0.17101713358876144,0.15773957141915068,0.99988318655909758,0.84226042858084926,0.76462164531402876,0.6439353255955178,0.31913064578672057,1
164,1691509849.3533659,128232,0,-5.2573242176334745e-08,13,10,250,9.6287900437399667,101936.89943443966,328.41543759369017,1,14,5,4,USED,,10,0.88099623210746369,1,g1,222:28;109:33;225:39;240:23;12:25,30.422428894042969,14.811727193551594,21.161976819200447,18.543838863014059,948,66.814833118546233,424.22801169502844,456.95715518642538,0.15749745720840913,0.14621684409622102,0.99989253755614049,0.85378315590377896,0.78215905915876927,0.66772246714735917,0.31913064578672057,1
165,1691509849.4542613,128168,0,-4.854797362729979e-08,14,13,325,10.819375776192322,118089.00040049294,518.00336907395285,1,15,7,6,USED,,13,0.81133786488074766,5,g1,273:21;243:36;242:23;114:13;10:25;361:13;84:16,29.116960253034318,10.016639215998053,20.514273274545172,22.680804518924933,925,71.998778529934583,400.66413468920075,452.33708678086464,0.17969858616315826,0.15917062879439398,0.99974938168526151,0.84082937120560608,0.72659387382597829,0.61078835692931477,0.31913064578672057,1
166,1691509849.555618,128205,0,-7.4876708971993722e-08,15,13,325,9.4418001893422421,133139.63344813939,337.95525235900033,1,16,6,5,USED,,13,0.79240200126602034,3,g1,244:23;23:41;227:39;372:16;83:15;10:28,32.046977043151855,6.5161660873203671,25.535760558602089,21.335492859284262,941,63.285011600415892,426.89418556489551,450.82080283468844,0.14824519457127963,0.14037731001428938,0.99993983013637533,0.85962268998571068,0.80654923570111192,0.69328630614668163,0.31913064578672057,1
167,1691509849.6571679,128239,0,-6.9698486315772357e-08,16,13,325,10.731259672081411,145147.77616120342,268.90564750748854,1,16,5,5,USED,,15,0.7689652760058806,1,g1,261:16;10:31;17:39;82:12;116:12,35.565112686157228,8.2174403037908466,25.2469156589747,27.380121406123852,950,75.027676941720003,407.76056416508885,467.21175889319062,0.18399934553588601,0.16058602017949658,0.99993504262527289,0.83941397982050336,0.71216719376156579,0.59776426669311888,0.31913064578672057,1
168,1691509849.7582974,128240,0,-3.4688720701447906e-08,16,13,325,11.273933940729883,151210.92616377425,282.68112755938995,1,15,6,7,USED,,13,0.76872093001637543,4,g1,276:12;58:38;69:24;373:25;76:13;117:11,33.510964075724281,7.8760661998385517,24.093908923457764,26.651058233522605,952,71.18764166096453,421.70041265571376,459.11194568332155,0.16881093668524297,0.15505508477896834,0.99998078169538429,0.84494491522103166,0.76345818114808972,0.64506771079895586,0.31913064578672057,1
169,1691509849.8599999,128246,0,1.1418029785548178e-07,15,9,225,10.384580532747206,93119.057809700244,312.72132123812503,1,15,7,7,USED,,12,0.81108618091877438,0,g1,274:10;257:14;61:36;12:34;78:12;19:42;120:10,32.510241917201448,10.57462607432441,24.310951244967548,23.067006515155583,1019,71.81834672984229,458.84448149751262,488.33717177264481,0.15652001849396027,0.14706713082918613,0.99991274911716876,0.8529328691708139,0.79253875629164294,0.6759233752756183,0.31913064578672057,1
170,1691509849.9607968,128258,0,2.6483764653528752e-08,15,10,250,10.419665875248516,101935.02538005223,450.05184821012614,1,14,5,6,USED,,11,0.80978735365545806,0,g1,108:18;65:35;72:23;23:43;121:10,32.185112762451169,7.4012041748562281,13.137395496085318,24.818919479684194,993,72.358777744571142,453.21780169426819,467.42342056116149,0.15965563901963178,0.15480349199811466,0.99975766935940569,0.84519650800188528,0.81480517919375928,0.68850360619489304,0.31913064578672057,1
171,1691509850.062145,128254,0,-3.376525878340253e-08,14,7,175,11.195192681812475,71094.55193617566,428.87836768162924,1,12,7,9,USED,,9,0.82552296366785183,2,g1,257:13;247:12;122:12;109:10;14:30;354:19;31:44,30.353259495326451,11.118157647620166,22.321711115293521,19.70809918530021,1046,77.777596408739853,468.3574160642508,499.86498752700885,0.16606462018329624,0.15559720794515008,0.99996608154732014,0.84440279205484992,0.78137062887287545,0.65976916154175991,0.31913064578672057,1
172,1691509850.1630261,128493,0,-2.497314452454269e-08,12,7,175,11.243194224941103,55554.492377037444,335.23844267455189,1,10,4,6,USED,,8,0.84861191303105676,1,g1,121:16;11:24;85:35;202:12,36.422608375549316,4.5775570505647529,25.307440522375888,31.837549429584783,1102,74.937864506942603,491.04160168236831,536.02053381068924,0.15261001155542903,0.13980409290329354,0.9998557556903831,0.86019590709670646,0.77628320358783953,0.66765931452369132,0.31913064578672057,1
173,1691509850.2621334,128708,0,3.8019409190348519e-08,10,6,150,11.577681610116903,86915.874847317595,379.40679714665208,1,8,3,5,USED,,7,0.73755354747988011,1,g1,45:41;10:17;204:23,31.452955881754558,4.7182735798525774,26.712122079272337,17.553192776881314,1132,69.786532482478108,511.86319448545601,550.35027303206562,0.13633825059961605,0.12680384820743437,0.9997851171366563,0.8731961517925656,0.80326418222240215,0.70125647240344735,0.31913064578672057,1
174,1691509850.3600504,128761,0,-4.6433715816807108e-08,8,7,175,10.827111223430212,104879.529050533,270.26206698868396,1,10,5,3,USED,,8,0.80850110321015101,2,g1,490:84;208:30;232:10;34:27;224:17,35.808567810058591,5.4692627916833727,10.341500879135831,27.227156857809792,1144,76.159953754732527,520.96647445715223,546.8735717881151,0.1461897405856899,0.13926427913806835,0.99987110252669531,0.86073572086193162,0.81336261916631603,0.70000002046462595,0.31913064578672057,1
175,1691509850.4574966,128915,0,2.8443603528049977e-08,10,6,150,11.349358420676696,89412.681728489682,347.1546061071528,1,13,7,4,USED,,8,0.84581246024717316,0,g1,119:13;490:84;238:10;329:18;17:10;342:11;124:30,27.649825504847936,9.3631420375368943,18.861033765522713,22.500625727647908,1133,70.461138459051966,518.74852896114646,543.79033257980154,0.13582908581959449,0.12957409177315921,0.99976704322958987,0.87042590822684085,0.82437543230194887,0.71739057444893417,0.31913064578672057,1
176,1691509850.5545485,129060,0,1.0243347169092143e-07,13,6,150,11.380932902920346,81257.895785665445,366.88437562021244,1,9,4,8,USED,,9,0.76643836961384626,0,g1,46:26;28:12;214:34;243:11,28.116351127624512,3.5348975845443484,22.201576350061885,26.671988519965211,1121,69.907349523193133,500.69518212444245,550.3974683523644,0.13962057558967764,0.12701248378278959,0.99962029864917645,0.87298751621721038,0.78268498198370884,0.68301477825875967,0.31913064578672057,1
177,1691509850.651751,129123,0,3.8969116211706734e-08,9,7,175,10.416659165307012,93888.56775014085,303.68893498743677,1,9,3,3,USED,,7,0.84128426300161663,1,g1,313:10;23:10;53:35,31.900990168253582,6.6365552501337177,27.673018198086094,20.848749799581299,1083,74.563348777267834,480.33378971125813,528.10286151147454,0.15523236210821212,0.14119095769309278,0.999816150596749,0.85880904230690724,0.76835493709055347,0.65974885093797209,0.31913064578672057,1
178,1691509850.7499559,128954,0,-3.0249023424966381e-09,9,6,150,9.7430108648120815,86837.488033262154,451.3645203800516,1,8,2,3,USED,,6,0.85611172776813704,0,g1,249:10;29:15,31.171472549438477,6.1024514705309985,29.373999973054502,23.230521450937083,1064,65.523599064467021,479.48030609865356,518.99609483687948,0.1366554543138743,0.1262506591404336,0.99994798978512778,0.87374934085956646,0.79761044669188341,0.69687535553756741,0.31913064578672057,1
179,1691509850.8487792,128783,0,1.7928466808370125e-08,8,6,150,10.544403533712064,72407.761557468155,364.15702452665823,1,8,3,3,USED,,6,0.82433564291468275,1,g1,210:35;20:10;46:41,33.188040415445961,4.5363910279713258,27.437096900144297,22.399316579001535,1046,64.462149668109717,473.55981998901882,507.9780303428717,0.13612250648630728,0.12689948347687297,0.99995655285419038,0.87310051652312703,0.8053452036986305,0.70311676358484942,0.31913064578672057,1
180,1691509850.9485214,128547,0,-1.1585693358850957e-07,8,5,125,10.334499249438037,72911.79236291931,162.97027782601342,1,8,4,4,USED,,5,0.81618040483714505,0,g1,202:31;21:18;36:38;84:42,32.99365234375,6.6311216316234551,25.84864785460648,27.435795901395092,1028,60.588740499079151,469.78543041105274,497.62582908986792,0.12897109313514732,0.12175561829234798,0.99992092220343121,0.87824438170765207,0.82229793148071373,0.72212143012521379,0.31913064578672057,1
181,1691509851.0488155,128625,0,-5.3681640618807869e-08,8,6,150,10.765862303807856,73488.11634514753,157.7123165206757,1,9,3,2,USED,,7,0.80292858720976967,0,g1,32:13;10:13;85:33,29.307268778483074,5.9720353905713468,17.331157660538107,13.598505279546048,939,60.256630727676708,430.34764677542944,448.39572249689439,0.14001849708991376,0.13438270640080435,0.99972093854389354,0.8656172935991957,0.82536696377676977,0.71425254141824224,0.31913064578672057,1
182,1691509851.150552,128562,0,1.0543823242281647e-07,9,2,50,10.877444849140412,26026.417758998799,187.96684544355062,1,6,4,7,USED,,4,0.77327809026064676,0,g1,373:13;108:14;12:33;80:23,33.995406150817871,4.7648032829625162,24.976066019856855,27.347774314619564,937,55.088199805979954,416.79882944716309,465.11297074685751,0.13216975652030566,0.11844047203741018,0.99974477890603441,0.88155952796258985,0.77768338530822834,0.68539922505984807,0.31913064578672057,1
183,1691509851.2538528,128425,0,8.0618286144029661e-08,6,4,100,11.946243428383895,77414.592701536487,213.05102214143162,1,5,3,4,USED,,5,0.52277174718643693,1,g1,373:23;59:34;348:10,33.98890495300293,3.0246740205682556,25.546298719983685,26.578416238116045,982,58.712693454829626,452.88806530647452,470.39924123869599,0.12964062856259653,0.12481460067882397,0.99982210525860749,0.87518539932117601,0.83795919996313817,0.7332391944291089,0.31913064578672057,1
184,1691509851.3580611,128243,0,-1.8400878903923612e-08,5,4,100,10.948917463252329,86351.164973545863,224.81380808473222,1,8,4,1,USED,,4,0.88167296301813591,0,g1,66:18;372:29;47:36;560:12,27.61593770980835,3.8018002258555281,15.534069342541295,23.809902482373136,1011,63.448498774896485,465.55334827106537,481.99815295403897,0.13628620438565509,0.13163639401113356,0.99974821554624027,0.86836360598886642,0.83424562320783757,0.72424613780554703,0.31913064578672057,1
185,1691509851.4623868,127930,0,-1.1054931639553622e-07,8,5,125,10.524508181978923,84653.347584649004,162.84891959741901,1,9,5,4,USED,,6,0.87948330377470341,1,g1,82:58;106:16;67:13;58:23;48:33,33.466628646850587,7.0591570931619456,18.37480375035744,29.070795575276975,1001,71.601386184358091,446.80615037626939,482.59246343937326,0.16025156798772874,0.14836822289777257,0.99974654578780087,0.85163177710222748,0.77747746311220045,0.66195669532021095,0.31913064578672057,1
186,1691509851.5665557,127710,0,5.1192626956964027e-08,9,6,150,10.908652350093325,93765.56100095564,208.4734760540197,1,9,3,3,USED,,6,0.90803235087058087,0,g1,112:31;71:10;113:14,31.017550786336262,4.7680811647898951,21.747758299652862,22.308869853340486,1012,66.439165750321877,463.6691974399842,481.89163680969358,0.14329001390893892,0.13787158911944289,0.99997683489412592,0.86212841088055714,0.82431401864426745,0.7106480723411549,0.31913064578672057,1
187,1691509851.6689599,127545,0,-7.470336912951403e-08,9,4,100,12.951593063370485,53293.705429963957,162.57125112048587,1,8,4,5,USED,,7,0.75518256581823728,0,g1,565:11;72:17;122:14;11:33,33.508113861083984,5.1978443642871017,13.031197800870633,24.645856812048347,1005,68.99142008122611,460.38110555332207,475.62747436545152,0.14985719276708112,0.14505347945525976,0.99969880207440986,0.85494652054474018,0.82289124696646332,0.70331610720398141,0.31913064578672057,1
188,1691509851.7694902,127597,0,1.9237670900729142e-08,8,4,100,11.884627323174003,41728.615687236088,30.368517625253791,1,10,6,4,USED,,4,0.86664751245279958,0,g1,303:30;181:15;11:25;84:14;67:34;125:10,32.059593518575035,8.3633336546575041,19.73171287513458,25.147394406762981,987,65.902682991185742,450.65319854856477,470.44411846024951,0.14623813434241878,0.14008610248308212,0.99985449945202787,0.85991389751691782,0.81784530927213361,0.70317422033909771,0.31913064578672057,1
189,1691509851.8682523,127993,0,-9.0885620113168031e-08,10,3,75,10.861949254730296,37274.695649408444,239.61956063223315,1,5,4,9,USED,,6,0.30213926375091382,1,g1,321:32;202:11;81:31;17:21,33.797236442565918,10.416670050991252,18.061993035213238,25.088305053346748,1062,72.321611960023191,475.73109747661499,513.94729056336166,0.15202204006345882,0.1407179554945179,0.99960399471673167,0.85928204450548207,0.78492384904762469,0.67420387572330709,0.31913064578672057,1
190,1691509851.9653103,128243,0,-4.8843994140956859e-08,5,3,75,11.552510355809771,43897.688882599607,127.49018684770795,1,8,6,3,USED,,3,0.80639637891074811,1,g1,335:33;29:26;315:16;20:20;11:13;206:18,31.152848879496258,8.283976003647803,24.36254760654424,23.351984207023538,1068,64.304521619761204,476.99645869325678,526.69901968698127,0.13481131871696694,0.12208969300527189,0.99982790738643812,0.87791030699472805,0.78354415263343302,0.68776310825932241,0.31913064578672057,1
191,1691509852.0607028,128027,0,-2.9547729485379648e-08,8,6,150,11.051338665826549,105405.44742084318,319.62088075281378,1,9,5,4,USED,,6,0.79601997232521993,2,g1,341:14;39:30;47:38;202:27;12:12,29.616533279418945,6.1128667819882292,22.633868132736687,23.959911722032608,1069,71.466956590909675,479.48504041412571,518.04800299496446,0.14904939793154859,0.13795431345694106,0.99958628634339708,0.86204568654305891,0.78760671108538582,0.67867207586847622,0.31913064578672057,1
192,1691509852.1552637,127580,0,6.8334960939830935e-08,9,7,175,9.1451355552982285,174083.17395038609,319.57953893479782,1,7,0,2,USED,,7,0.85390348636401248,0,g1,,0,0,0,0,1057,70.713121151036674,465.61402150938164,520.67285733958158,0.15187068662968062,0.13581103787962151,0.99991943754934542,0.86418896212037843,0.75844341565281859,0.65538562447401505,0.31913064578672057,1
193,1691509852.2500322,127090,0,-1.1780822753437725e-07,7,5,125,9.6086437373660356,133042.43256215975,332.29000391029666,1,7,3,3,USED,,5,0.87704961275174065,1,g1,202:21;10:12;85:38,36.586273193359375,3.7945028650498895,14.094575037538897,26.24968579099566,1050,69.22797535974361,469.7193088872246,511.05271575303129,0.14738158310703942,0.13546151546761051,0.99993415128070595,0.86453848453238946,0.78365953488254314,0.6774592139174076,0.31913064578672057,1
194,1691509852.3456185,127456,0,8.916381837031917e-08,7,2,50,7.4774378377944171,39238.012304628726,14.402379166081548,1,8,6,5,USED,,4,0.83740782180866336,0,g1,343:22;73:39;85:22;82:32;180:10;205:12,33.546855608622231,8.1662341174147386,15.140167597151185,25.499810745993315,959,59.701625502048621,433.56864225624139,465.72973224170931,0.1376982089649478,0.12818942268230374,0.99998315201725751,0.87181057731769629,0.80275531251708732,0.69983878138000266,0.31913064578672057,1
195,1691509852.4434302,127765,0,-5.0256957997985019e-08,8,3,75,23.540353589028427,33151.971925123507,270.89937904747904,1,8,6,6,USED,,4,0.79596085907475533,0,g1,345:23;260:18;22:35;85:11;168:10;10:26,33.136641502380371,10.666073923637493,22.94581717303873,18.134658769901076,884,48.700626269238512,407.55896338397866,427.74041034678265,0.11949344915610549,0.1138555654111693,0.9998973870972182,0.88614443458883074,0.83896290468277801,0.74336602203776547,0.31913064578672057,1
196,1691509852.5435603,127471,0,1.1596679727610137e-09,8,3,75,12.023657164834868,26873.368781167796,120.00767014814322,1,8,6,6,USED,,3,0.78742823277607799,1,g1,259:53;347:26;63:31;10:32;76:17;108:11,33.789368629455566,10.542213684298886,16.74562853676845,27.22379484797327,915,56.77027312351656,407.69098166503244,450.53874521145167,0.13924829264474686,0.12600530748331651,0.99990318729207917,0.87399469251668349,0.77889129907532817,0.68068095649219695,0.31913064578672057,1
197,1691509852.6461794,127422,0,1.0178833008411825e-07,8,5,125,12.083286787521255,42077.948131349302,263.0290007876842,1,6,3,5,USED,,5,0.77251350204132907,2,g1,350:29;54:33;106:12,34.434427261352539,13.557557919760052,15.280724270664559,27.600063813997394,964,61.429615342205928,438.01856110214482,464.55182355565,0.14024432021245031,0.13223414961979391,0.99986794112340593,0.86776585038020615,0.81065002151439458,0.70336150788167451,0.31913064578672057,1
198,1691509852.7504978,127628,0,-6.4339599606388909e-08,6,3,75,10.498601240374864,27327.290270192341,138.8955955658071,1,5,2,3,USED,,4,0.79365797881093447,0,g1,355:34;343:17,30.547700881958008,15.618691167541364,18.847768185412651,14.061673524058062,986,65.476130150100616,453.00067906364779,467.52319078625038,0.14453870198481766,0.14004894610679541,0.99989087855248837,0.85995105389320459,0.82888839858795738,0.71272566978109919,0.31913064578672057,1
199,1691509852.8561223,128114,0,4.1993408209095584e-08,5,3,75,9.895648112553685,20961.877874990725,101.90643505578828,1,5,2,2,USED,,3,0.79006200667893278,0,g1,322:10;59:12,35.46507740020752,10.958531143316513,14.378582229737152,33.669670881266072,1009,70.74560050793815,460.18883424492486,478.0655652471367,0.15373167544148938,0.1479830501311386,0.99944570173744351,0.85201694986886145,0.81462306019816222,0.69368793177609789,0.31913064578672057,1
200,1691509852.9618053,127996,0,4.3997802734452307e-08,5,4,100,11.481266774517398,31301.019718082978,133.4702118631688,1,6,4,3,USED,,4,0.78776691586206138,2,g1,67:11;53:33;176:13;360:28,31.412092685699463,4.0765772869540218,21.935486391597621,25.103398724349731,979,59.294987973415843,446.73375088762208,472.97126113896229,0.13273003854220042,0.12536699974249504,0.99983400803327072,0.8746330002575049,0.81915920637802553,0.71634474714857155,0.31913064578672057,1
201,1691509853.065933,127958,0,8.8228759770325738e-08,6,3,75,11.301561544481904,34731.490870989757,165.85500284755727,1,7,4,3,USED,,4,0.78569044781078368,0,g1,30:17;175:16;64:28;126:10,31.852888107299805,7.2997094943824781,19.100918611249039,20.113566604992236,987,65.879392116790271,443.59667551712005,477.52393236609049,0.14851191578474249,0.13796039873931235,0.99992731650540567,0.86203960126068768,0.79099131540648182,0.68181627774171039,0.31913064578672057,1
202,1691509853.1673791,128059,0,5.7312011803034579e-09,7,3,75,9.5681053956809272,45316.048990439718,90.140805860688346,1,7,4,4,USED,,6,0.81805813732970301,0,g1,21:38;10:29;69:31;84:10,33.347214221954346,5.4565083628837359,20.977077928623753,24.770626130900951,1029,70.67620026708272,464.81502882212772,493.50877091078979,0.15205231303768496,0.14321163965667119,0.99976556078976397,0.85678836034332884,0.79864604600166744,0.68411021638090164,0.31913064578672057,1
203,1691509853.2668679,128645,0,2.5417480481459975e-08,7,4,100,10.367021882629603,45711.829484649366,130.75884527974804,1,5,1,3,USED,,6,0.85854306070433228,0,g1,11:25,27.634487152099609,2.8418317373992839,25.910192054586943,18.37414220331803,1094,71.974390221670703,490.09541769185341,531.9301920864757,0.14685791301751053,0.13530796200786033,0.99976576115520355,0.86469203799213967,0.78604492410953219,0.67952757833374844,0.31913064578672057,1
204,1691509853.3650537,128726,0,4.0577392584895122e-08,5,4,100,11.938278622083955,51372.247521691672,375.64074452689078,1,5,3,3,USED,,4,0.86598273242303203,2,g1,28:29;18:25;207:14,35.451301574707031,3.86638690306469,31.300152773958558,23.660771001076814,1116,71.053398723030185,513.12922298199612,531.81737829497411,0.13847077020893661,0.13360488322294012,0.99983608061273632,0.86639511677705983,0.83125494258250299,0.72007716909060315,0.31913064578672057,1
205,1691509853.4626923,128866,0,-1.080444335388453e-08,5,4,100,11.677419335101446,93043.958894039402,375.88296638305962,1,7,5,3,USED,,5,0.69903922926967033,2,g1,206:31;17:15;55:39;212:22;29:24,32.050043106079102,5.0444098389777405,24.82623475886291,28.801304909848387,1083,63.579999884300882,487.00975635330462,532.41024376239409,0.13055179912694875,0.11941918967411075,0.99990462712786932,0.8805808103258892,0.79530730565352059,0.70026555896265197,0.31913064578672057,1
206,1691509853.5596912,128863,0,-9.1464843740562962e-08,7,5,125,10.314516307280527,108234.91232900829,373.2537188403017,1,10,6,3,USED,,6,0.83916903355205086,0,g1,26:14;43:26;324:24;61:38;238:10;345:11,27.968888282775879,5.206704882296969,22.097199051765386,25.708489639533649,1055,64.431220323946533,471.28866164086293,519.28011803519064,0.13671285895064708,0.12407796502538183,0.99987816256484785,0.87592203497461818,0.78350282860116049,0.68620377654107501,0.31913064578672057,1
207,1691509853.6559045,128918,0,-7.7811889639956e-08,10,6,150,10.72738542829841,107064.84644845076,335.28126074588067,1,11,5,4,USED,,7,0.81941492513546732,0,g1,329:18;218:36;26:10;343:12;240:11,31.834705352783203,5.0214316792331113,24.551306603015433,30.392535608494722,1068,66.251383969354862,450.39179250279204,551.35682352785238,0.14709722750763526,0.12016063126859643,0.99993395869915236,0.87983936873140356,0.69671833582382769,0.61295973744283072,0.31913064578672057,1
208,1691509853.7518284,129010,0,3.4286499028812756e-08,11,8,200,10.835141927674071,156125.01717968486,330.04082630743505,1,9,1,3,USED,,9,0.80600789276323048,0,g1,216:38,35.118728637695312,3.7367549274795522,26.939803556797621,29.021690278104799,1058,66.373065343571113,446.82594546098733,544.80098919544173,0.14854344520010912,0.12182992810198526,0.99955806955358006,0.87817007189801477,0.69833368085338166,0.61298472234143564,0.31913064578672057,1
209,1691509853.8482258,128910,0,-8.9965820307402744e-08,9,7,175,11.790618726897662,164200.50645976674,478.93639346204191,1,9,4,4,USED,,7,0.81176663727681642,1,g1,316:11;24:10;52:38;242:13,33.428778171539307,4.2505153535063753,29.847966331658718,28.273651105159367,1071,64.80715174422717,470.12459121012256,536.06825704565017,0.13785101429689212,0.12089346998717808,0.99946095235473376,0.87910653001282191,0.75609296789863767,0.66432796781027537,0.31913064578672057,1
210,1691509853.9456973,128888,0,2.5170288089904069e-08,9,5,125,10.277454370065612,122400.95172823347,218.30216413806733,1,7,2,4,USED,,5,0.89489723494968121,0,g1,18:11;226:13,35.401277542114258,2.5794857796612147,24.114665261965342,20.734840175651001,1071,67.122755831842454,493.72664514793854,510.15059902021846,0.13595125256351118,0.13157439383734257,0.99942595512297794,0.8684256061626574,0.83623128177330397,0.72578778370269725,0.31913064578672057,1
211,1691509854.0439043,128652,0,-4.5717773428100017e-08,7,2,50,11.173843342797619,59829.825719136883,170.80844846184542,1,6,4,5,USED,,4,0.88104993884478278,0,g1,231:10;220:11;78:37;16:17,33.35762357711792,4.1623530034816376,23.541992506630457,24.959197151412322,967,57.556512347183833,441.44741641193508,467.99607124088072,0.13038135507735124,0.12298503317468901,0.99903207350417222,0.87701496682531099,0.8202865956692188,0.71870729166165448,0.31913064578672057,1
212,1691509854.1444123,128677,0,-7.3300170891354988e-08,6,1,25,11.012363102131511,18135.24663340141,167.37305925253614,1,8,7,5,USED,,2,0.80272192561318267,0,g1,168:10;73:27;15:30;83:19;357:10;21:39;368:13,32.78289794921875,3.6985577358874968,25.874494088378082,24.597738684857244,851,53.122305424831659,378.87996616048497,418.99772841468319,0.14020880006711745,0.12678423252036433,0.99946767103135181,0.8732157674796357,0.77746879909871502,0.6785366170167938,0.31913064578672057,1
213,1691509854.2268207,101888,101888,-5.1310424797890164e-08,8,0,0,0,0,0,0,8,0,0,SKIPPED,imu_bracket_gap_or_order_invalid,0,0,0,g1,,,,,,,,,,,,,,,,,
214,1691509854.5087683,110763,0,-1.0766650390681143e-07,8,4,100,11.374096257670441,38629.295998692942,271.31368936663199,3,9,5,4,USED,,5,0.75358666352109238,0,g1,173:20;62:18;325:19;358:33;10:43,28.33834342956543,5.7524817067872531,22.588369805206071,22.757655534935907,701,48.879306490401355,297.99514748857342,354.12554602102534,0.16402718937655059,0.13802818531340652,0,0.86197181468659345,0.7034675803461562,0,0.31913064578672057,0
215,1691509854.5682774,128427,0,3.1279296874853202e-08,9,6,150,9.3464503173664362,50957.557404484636,167.73996949879782,1,7,1,3,USED,,8,0.83671400111513583,0,g1,10:43,27.042642593383789,5.1775521231345873,26.525820890866004,1.8929813218349647,1087,72.521875715197211,496.69194121777662,517.78618306702526,0.14600976922917236,0.14006143479075717,0.99995989483921777,0.85993856520924283,0.81919927447672425,0.70443279619034349,0.31913064578672057,1
216,1691509854.6719205,128343,0,-8.385009764300122e-08,7,5,125,9.2728697077758167,44065.455883323957,78.841832964896909,1,8,3,2,USED,,6,0.85311344423122337,0,g1,71:31;13:42;79:12,31.907921473185223,4.6057221534446215,11.031599711116948,21.262484116648679,1068,78.346412078922896,482.93058221030117,506.72300571077596,0.16223120871812066,0.15461388410622301,0.99984316542492346,0.84538611589377699,0.79843260631885382,0.67487797905513325,0.31913064578672057,1
217,1691509854.7730989,128744,0,7.0174560551361509e-08,8,5,125,10.527484810218649,33768.507449607627,151.45946604949646,1,6,1,3,USED,,6,0.82398329023433425,0,g1,85:26,31.857128143310547,3.7421719813241747,14.749699522330852,25.426898531237192,1157,80.820114655469808,529.32030270830933,546.85958263622194,0.1526865949443981,0.14778951895816442,0.99983837091251226,0.85221048104183561,0.82013775070151351,0.69881701962988185,0.31913064578672057,1
218,1691509854.8713906,128839,0,-5.3699951166330528e-08,6,5,125,10.886624731715427,47605.190316968619,157.8223820392964,1,8,3,1,USED,,5,0.7790269182261107,0,g1,216:10;28:32;18:26,27.985946655273438,5.934245756177515,20.617680626157497,22.833239478511064,1161,75.435766800417213,530.05381974531326,555.5104134542695,0.14231718363366103,0.13579541440338311,0.9998780653356516,0.86420458559661695,0.81837899332614561,0.70716064087762165,0.31913064578672057,1
219,1691509854.9682803,128860,0,2.7451782236287414e-08,8,5,125,9.5016749365692856,52799.765288381932,157.42583047841043,1,8,3,3,USED,,7,0.79417743666979479,0,g1,229:14;170:11;353:22,32.271982192993164,5.5764221794504332,22.126049783807037,31.338877228282655,1128,75.363197005265903,502.4089752420474,550.22782775268718,0.15000368369008119,0.13696725829566669,0.99993516814669814,0.86303274170433331,0.77612537334030895,0.66977818308390213,0.31913064578672057,1
220,1691509855.0631347,128909,0,-5.759033203101005e-08,8,7,175,10.833557653096205,82764.056574690636,360.30078482659974,1,11,6,3,USED,,7,0.76972213065370487,2,g1,42:51;335:27;352:18;72:36;174:12;362:13,27.538524945576984,6.7176865142762345,21.39198524494731,21.693106554259685,1082,78.132939366859929,470.666874001819,533.20018663132089,0.16600475555574784,0.1465358439960274,0.99995640830040688,0.85346415600397263,0.73618491605363046,0.6282800490534759,0.31913064578672057,1
221,1691509855.1576974,127970,0,2.4561157233038422e-08,11,7,175,10.969088795673132,74586.12367904342,364.58736840076841,1,11,7,7,USED,,7,0.7898238519752272,2,g1,41:48;178:10;251:10;37:15;51:22;76:34;343:17,28.382272992815292,5.7553929771027414,21.820014126775249,25.942391391001429,1033,66.667242289226124,449.19799506675912,517.13476264401515,0.14841393555044283,0.12891657475967916,0.99996385686967271,0.87108342524032079,0.73971192890171111,0.64432751186386028,0.31913064578672057,1
222,1691509855.2522259,127575,0,-8.3353881824566045e-08,11,8,200,8.9067322202206807,106721.24015241022,226.03202097894916,1,11,4,4,USED,,8,0.85680990862824014,1,g1,43:48;170:13;330:19;32:10,27.280748844146729,6.9024900624745102,21.13135420436468,23.451165805547994,1021,64.573667203697937,436.8277924679216,519.59854032838007,0.14782408151935503,0.12427607506920275,0.99991813998749834,0.8757239249307972,0.71642642611921792,0.62734040350780051,0.31913064578672057,1
223,1691509855.346503,128638,0,-9.9353637691979024e-08,11,7,175,9.8393678040583801,86774.988237670463,275.461281251841,1,8,3,6,USED,,7,0.82042227721706629,1,g1,322:15;64:38;30:10,28.412975311279297,2.7021156402360149,24.815199640825711,22.986173121818627,1040,59.794234718115646,454.71822959805013,525.48753568383381,0.13149733357066196,0.11378811229138573,0.99996057186931253,0.88621188770861425,0.75153827267474038,0.66599589130393033,0.31913064578672057,1
224,1691509855.4423332,129116,0,4.8981323247376807e-08,8,5,125,10.806538528347078,89878.406483799452,497.52918507704169,1,9,4,3,USED,,5,0.82624054064037666,0,g1,26:45;29:13;205:42;246:11,29.164373397827148,7.7897740134580928,18.744530701562525,24.5358137466872,1123,87.385450248283675,505.6511000093189,529.9634497423981,0.17281768050474566,0.16488957925449302,0.99998153587514416,0.83511042074550701,0.78923489905642286,0.65908611894495372,0.31913064578672057,1
225,1691509855.5403049,129040,0,4.1362915051412763e-08,9,5,125,8.4673735523711784,101116.8392042732,193.98589250592468,1,7,2,4,USED,,5,0.89294119810228278,0,g1,19:13;202:32,39.554956436157227,9.6090857620560772,32.760500087005127,31.238224918866827,1033,67.576993820053715,459.92258081910614,505.50042536084038,0.14693123720888293,0.13368335698593203,0.99980827103894832,0.86631664301406797,0.77615283255001255,0.67226519893523984,0.31913064578672057,1
226,1691509855.6408091,129008,0,-5.1041259760409297e-08,7,3,75,12.122471286395387,89744.061339594875,341.80109611764459,1,9,7,5,USED,,4,0.83305255001456679,1,g1,362:40;347:41;217:15;490:81;16:24;73:41;206:19,31.558832168579102,10.351675852692233,25.617078934798542,20.911486470577504,899,57.527384949245537,411.84319931476568,429.62941573598903,0.13968273616017199,0.13390001438960272,0.99932375764658676,0.86609998561039725,0.82470101298475862,0.71379051346236633,0.31913064578672057,1
227,1691509855.7433648,128838,0,-7.1362304676636512e-09,9,5,125,10.047660107344896,76856.690816466638,145.0282696749905,1,9,5,5,USED,,6,0.87496816246234133,1,g1,345:41;361:17;11:39;79:23;353:10,32.25550727844238,6.800021467439767,22.535237881726015,18.585037077112812,844,49.945133641463151,391.73110448794819,402.32376187058884,0.12749851382557176,0.12414164505035739,0.99980044975697568,0.87585835494964259,0.84952966550462827,0.74391917642836025,0.31913064578672057,1
228,1691509855.849432,128729,0,-9.743041984311418e-09,9,8,200,11.668279234887764,127238.11559081625,372.84216541997006,1,8,2,3,USED,,9,0.76863631738553218,2,g1,324:44;373:33,31.492885589599609,7.3041583453839216,28.515522804925212,24.541154291795927,929,55.424341987098522,432.59524484743338,440.98041316546744,0.12812055298168024,0.12568436223561216,0.99996855412332164,0.87431563776438781,0.85530080611269788,0.74777935445999566,0.31913064578672057,1
229,1691509855.9580882,128635,0,6.1861572267507547e-08,8,7,175,11.978920665123816,108587.60463350102,313.83618292893209,1,8,2,2,USED,,7,0.81044829760796178,1,g1,303:45;67:11,30.658270835876465,15.210959015310181,21.049121873723866,27.463626584949992,1001,69.580733816694007,452.14104136036786,479.27822482293777,0.15389165647813069,0.14517816627784327,0.99926969486769224,0.8548218337221567,0.79820089403186445,0.68182125044434583,0.31913064578672057,1
230,1691509856.0656419,128431,0,-8.2318115227075772e-08,8,7,175,12.836765246270945,94019.328329975106,330.53731563044136,1,11,5,2,USED,,7,0.83094415813359346,1,g1,310:48;321:51;12:47;176:12;311:12,26.025923919677734,9.7545441876384782,18.182852051317344,18.426293748473586,984,69.345592337889059,451.55807166043252,463.09633600167791,0.15356959977018483,0.14974334052523749,0.99839677604708177,0.85025665947476248,0.82534118629079067,0.70062677462368084,0.31913064578672057,1
231,1691509856.170541,128264,0,8.5211181721778217e-09,11,7,175,12.314316135569884,49785.895398550369,247.62675159885356,1,9,4,6,USED,,9,0.71468249556469543,2,g1,337:57;178:21;13:44;73:11,30.049455165863037,9.4597045889992408,21.155409330256674,24.308340460081237,1038,79.263217147100221,472.59733981376235,486.13944303913689,0.16771828884677109,0.16304625819205354,0.99994362022335637,0.83695374180794646,0.80909732443782911,0.6771388540851605,0.31913064578672057,1
232,1691509856.2728755,128258,0,-9.0893554682835997e-08,9,5,125,10.18996053625181,24040.120044286508,124.11890434054082,1,8,5,6,USED,,7,0.67236503031174433,2,g1,340:52;81:13;75:25;15:36;565:10,32.068439483642578,5.9308551387408803,22.955597402658093,25.186261734951181,1070,69.161030199347024,484.27421078139173,516.56475901926103,0.14281377917637514,0.13388646629834891,0.99995642907147542,0.86611353370165112,0.80360336885963701,0.69598142761920767,0.31913064578672057,1
233,1691509856.3726165,128612,0,-7.2993164054735438e-08,8,5,125,10.410526778560971,28855.369551097134,252.94907523088418,1,6,3,5,USED,,5,0.80344833743781174,2,g1,17:29;84:28;26:35,30.137980779012043,5.6809434438595465,22.3272150760987,13.40410800531644,1152,76.064056677873666,529.65193218356558,546.28401113856114,0.14361140223597174,0.13923903157872317,0.99999121328392582,0.86076096842127681,0.83031512227554927,0.71469656885372335,0.31913064578672057,1
234,1691509856.4712477,128895,0,4.1132812503286154e-08,6,5,125,11.308707836708036,41554.623842245725,187.66314314019272,1,10,6,2,USED,,5,0.82827660807962544,1,g1,333:47;357:54;337:22;223:10;210:21;15:19,30.668277422587078,11.931170493783155,21.685356987092234,26.166291462013859,1132,78.899538652934197,512.63151815232823,540.46894319473745,0.15391082260667638,0.14598348276323761,0.99983332615726872,0.85401651723676242,0.80251045866869575,0.68524295584232242,0.31913064578672057,1
235,1691509856.5680335,128827,0,4.968261718696354e-08,10,10,250,10.507071864366782,110897.49912324324,363.57673272882249,1,10,4,4,USED,,10,0.84438857357087227,4,g1,364:43;17:11;29:20;38:26,30.351208686828613,7.4708383830596912,23.710086110741059,28.207626689937179,1138,75.780497885203332,513.36610673853966,548.853395376256,0.14761492215885375,0.13807056405882931,0.9996071661718432,0.86192943594117066,0.79727229992511539,0.68692251131975279,0.31913064578672057,1
236,1691509856.6634665,128660,0,-9.6191406243062438e-08,10,8,200,10.657445355362439,101785.23410205005,267.98733065680238,1,14,7,3,USED,,9,0.81589532497475281,1,g1,364:39;372:47;353:43;73:39;171:17;225:36;329:21,27.225627899169922,10.368659877410852,19.226613381526452,20.29115854903705,1090,74.040535548047501,472.39652352776335,543.56294092418841,0.15673387051015425,0.13621336182735469,0.99978991629297731,0.86378663817264534,0.73286082988368262,0.63290240207170956,0.31913064578672057,1
237,1691509856.7580812,128401,0,-8.2588500968650003e-08,14,10,250,12.693395377832021,110357.9650023688,537.73162488609557,1,12,7,9,USED,,11,0.54552402963770141,4,g1,368:43;359:35;73:37;337:11;228:37;257:10;43:17,30.002842494419642,7.8624402313484536,22.739324153377513,24.239966047849897,1043,80.818865434065401,449.67651932318341,512.50461524275181,0.17972667453419047,0.15769392709914409,0.99931730456248768,0.84230607290085591,0.71971577019731947,0.60580709971347213,0.31913064578672057,1
238,1691509856.8528993,128505,0,-3.5485839836035815e-08,12,10,250,11.107274859255972,110019.90526065175,378.39401632224963,1,11,3,4,USED,,10,0.83413367607651956,2,g1,355:34;332:10;40:14,27.160860697428387,10.947534368837642,19.143251518521577,24.177083385252775,1066,73.364793444964448,460.32752165274303,532.30768490229195,0.15937520568302802,0.13782403584579278,0.99964571753365294,0.86217596415420727,0.72695311223772352,0.62653944982827414,0.31913064578672057,1
239,1691509856.9118147,79186,79186,1.3712768559548394e-08,11,0,0,0,0,0,0,11,0,0,SKIPPED,imu_bracket_gap_or_order_invalid,0,0,0,g1,,,,,,,,,,,,,,,,,
240,1691509857.0409539,4852,4852,9.0682128917052296e-08,11,0,0,0,0,0,0,11,0,0,SKIPPED,imu_bracket_gap_or_order_invalid,0,0,0,g1,,,,,,,,,,,,,,,,,
241,1691509857.1447258,128702,0,8.6162109377840856e-08,11,8,200,27.200133663047485,2021.2909804958285,48.550644280152795,3,8,8,11,USED,,2,0.040552339081831305,0,g1,360:46;228:17;82:43;215:21;203:27;31:36;17:17;25:26,33.527951717376709,5.9829768350175847,24.392108215099345,23.24451479512306,268,31.912873291603127,107.42189279516165,128.66523391323526,0.29707978942855212,0.24803027454272075,0,0.75196972545727925,0.5868641994967938,0,0.31913064578672057,0
242,1691509857.2434173,128901,0,-3.3294677723172406e-08,8,6,150,11.440620586096793,113226.94674595109,535.45302941559794,3,7,3,4,USED,,6,0.78930718863162486,1,g1,68:43;23:37;76:36,34.314060846964516,4.4280008851634385,27.577847108266255,25.188545430232583,561,70.14644300617941,186.09838448219156,304.75517251162927,0.37693203625253385,0.23017310068298402,0.98615755296830288,0.76982689931701598,0.38047571275131514,0.28884597941125534,0.31913064578672057,0
243,1691509857.3469369,128602,0,3.1688232426940743e-08,7,3,75,11.498238768189728,34849.177614747496,138.97632257669014,3,9,7,5,USED,,4,0.86459898950802416,1,g1,14:38;353:12;373:19;363:14;83:12;76:24;106:10,31.407637187412806,2.7680271351439103,27.379908516282146,25.87090771176528,684,84.058036649990328,207.01310081539313,392.9288625346166,0.4060517731433349,0.21392685716128809,0.99728523127424595,0.78607314283871188,0.3129194006575951,0.24530976460616893,0.31913064578672057,0
244,1691509857.4528232,128465,0,-4.3046874995122941e-08,9,6,150,10.07579367650702,109970.13964013557,606.71220118605243,1,11,6,4,USED,,6,0.87668360938285794,1,g1,373:28;335:10;493:85;82:10;106:12;70:22,30.317742983500164,2.7578422277432586,26.010317442795913,26.763185482908852,780,72.293005416034219,268.18393665216348,439.52305793180221,0.26956500944274964,0.16448057527678431,0.99987860758855707,0.83551942472321572,0.44568977144886063,0.37233725704099957,0.31913064578672057,1
245,1691509857.5607097,128496,0,6.3333129893261564e-08,11,7,175,14.519922712229517,133006.50549118815,1356.9899904422564,1,8,5,8,USED,,8,0.61008434967685576,4,g1,359:25;60:32;491:84;78:10;68:20,34.428646087646484,3.3765585024549898,31.094940859816909,30.257160967106859,821,87.586843772536056,276.72679350012999,456.68636272733386,0.31651016753639694,0.19178773644447553,0.99874258831072782,0.80821226355552445,0.41415720977094422,0.33430604641480349,0.31913064578672057,1
246,1691509857.6667759,128406,0,-1.0223449706248111e-07,8,5,125,13.656832518309766,84507.011884608059,774.30803040535204,1,9,8,7,USED,,6,0.57746240361275669,4,g1,11:43;373:34;341:16;353:26;77:10;563:10;62:31;72:19,30.588327169418335,4.2238154165826547,27.659306723419832,24.523372518550953,849,81.067789389095481,297.94628654585932,469.98592406504514,0.27208860472445484,0.1724898241375328,0.9996057391365184,0.82751017586246722,0.46145743106712334,0.38171016719822609,0.31913064578672057,1
247,1691509857.7712831,128079,0,9.7824707043225878e-08,9,4,100,10.238411909349518,39756.057266804426,175.39430788492191,1,8,4,5,USED,,5,0.84321237621733347,0,g1,14:37;179:18;70:35;85:12,33.373486518859863,4.7127973778043426,25.569704586796057,24.566092401867479,893,68.478657415912252,321.4332355720037,503.08810701208483,0.21304162058429227,0.13611662939642361,0.99942409551461331,0.86388337060357645,0.50280373284597468,0.43411363143184334,0.31913064578672057,1
248,1691509857.7844725,15008,15008,1.1785644531310535e-07,8,0,0,0,0,0,0,8,0,0,SKIPPED,imu_bracket_gap_or_order_invalid,0,0,0,g1,,,,,,,,,,,,,,,,,
249,1691509857.9729531,73069,0,-9.9250244134374555e-08,8,4,100,12.355446142612829,36849.071301434051,497.52833649437292,1,3,2,7,USED,,4,0.50894646399035637,1,g1,47:38;34:30,35.393377304077148,4.4122854410528731,22.208169505796967,33.790108006925962,758,61.519499355421168,286.12099517300948,410.35950547156904,0.21501218153607365,0.1499161065727608,0.99978704908971494,0.85008389342723922,0.54732860533956706,0.46517615102701271,0.31913064578672057,1
250,1691509858.0684407,128685,0,8.8129272463044472e-08,3,3,75,12.893554317801682,36658.161057889505,407.88434150425212,1,9,8,2,USED,,3,0.70417362839524167,2,g1,64:39;29:19;327:23;21:12;41:26;344:16;222:26;232:16,31.10976243019104,4.8511782666211536,24.446028638220451,29.165155067395443,1024,79.71257648216914,396.37466099466764,547.91276252316356,0.20110411771059578,0.14548406595803509,0.9998733529554833,0.85451593404196491,0.57794252328464657,0.49379854905905274,0.31913064578672057,1
251,1691509858.1631131,128302,0,5.4447631847587274e-08,9,6,150,10.49924276367712,74492.121561766864,191.11484584441374,1,10,4,3,USED,,7,0.8006183647905194,0,g1,348:49;69:38;343:10;247:12,29.670360088348389,10.508825803097547,18.789391895459588,27.797167149519357,983,70.63952177494879,377.99255100859256,534.36792721645872,0.1868807244652369,0.13219266759311799,0.99994487767659801,0.86780733240688201,0.57517117622432257,0.49911025048330226,0.31913064578672057,1
252,1691509858.2579675,128290,0,-3.3663940426920114e-08,10,8,200,12.20596365241178,88255.207911235804,346.37753652375056,1,11,9,8,USED,,7,0.67870101338829214,4,g1,319:18;68:36;53:21;61:28;42:12;239:23;223:36;232:31;257:11,34.39221297370063,4.6472416031093866,27.335768025469239,31.333620425931979,947,71.19203362573063,351.10128314513014,524.70668322913923,0.20276779676792839,0.13567967762026978,0.99962238698295858,0.86432032237973022,0.53345851780805931,0.46090492864140786,0.31913064578672057,1
253,1691509858.3528726,128498,0,-5.257751464760041e-08,11,7,175,10.189293014900718,108018.45947119025,488.28763356829188,1,7,4,8,USED,,7,0.68163096948324875,3,g1,65:39;39:11;228:37;244:25,36.866959095001221,4.5186684428250512,31.549407879741395,32.994823975274002,1014,80.255054252248812,379.58652268657113,554.15842306118054,0.21142756514175903,0.14482330487537937,0.99886564916600695,0.85517669512462069,0.54015504588166363,0.46140401857199287,0.31913064578672057,1
254,1691509858.4486742,128699,0,3.0535888678739909e-09,7,6,150,10.831685224431249,81694.358778735739,673.4254914005038,1,11,7,3,USED,,6,0.7968680123118822,1,g1,239:59;62:43;252:16;47:25;213:49;42:16;262:14,33.215891156877788,10.864056328541931,29.111361134033018,26.014722261411322,1005,80.223014069123394,380.67081025198001,544.10617567889665,0.2107411756000436,0.14743999913073377,0.99904798143580142,0.8525600008692662,0.55218596960047261,0.47032348735254886,0.31913064578672057,1
255,1691509858.5458729,128682,0,-3.6308593742706563e-08,11,10,250,12.831762651567036,117354.76154691401,361.97172003416676,1,11,4,4,USED,,10,0.80502181643400239,3,g1,228:67;264:12;51:44;252:16,29.826820373535156,7.9928781353063663,26.018540675672266,21.940951930292897,979,76.415368626700996,378.5817600196703,524.00287135362919,0.20184640861390316,0.14583005705541494,0.99983606547026904,0.85416994294458504,0.57665025882854171,0.4924765715301519,0.31913064578672057,1
256,1691509858.6440804,128985,0,-5.2471923819852329e-08,11,9,225,13.163859202302637,109253.21134075425,453.85410469396913,1,11,5,5,USED,,11,0.71049257827232914,3,g1,223:66;38:44;252:17;223:31;202:41,29.264218139648438,11.877915944448961,23.12487017242486,24.085667005146561,888,71.889385378543935,346.27225023649891,469.83836438495757,0.20760943254749559,0.15300875966706298,0.99966966944540558,0.84699124033293705,0.58399416832879569,0.49447455095331999,0.31913064578672057,1
257,1691509858.7441525,129073,0,-1.0255859374252996e-07,11,6,150,11.698998573149689,69414.695697786417,209.92807006469334,1,9,4,6,USED,,9,0.7584287027522959,1,g1,210:64;85:35;208:24;68:47,28.709686279296875,9.8190228751005968,21.293871240564126,25.951226760947954,737,64.136551138191464,285.88855832595971,386.97489053584866,0.22434109120612414,0.16573827580745829,0.99966380423231371,0.83426172419254174,0.57303978271227274,0.47790443367394586,0.31913064578672057,1
258,1691509858.8471434,128621,0,1.1021179199821596e-07,9,4,100,10.070666362021422,63760.398223646815,198.6199312104888,1,10,6,5,USED,,6,0.87065024633591326,0,g1,85:63;352:16;363:26;343:11;371:33;72:27,37.510039329528809,8.571815113000028,32.205374677969957,33.514442386617297,817,55.941260099220564,305.48895050816486,455.56978939261415,0.18312040421156053,0.12279405132154161,0.99999647188814655,0.87720594867845836,0.54777049799911526,0.48050584407104019,0.31913064578672057,1
259,1691509858.9536715,128335,0,9.7873535165327041e-08,10,10,250,11.939060640927545,168266.56449030549,732.85618692567527,1,15,9,4,USED,,10,0.85217971679060234,4,g1,73:60;84:62;348:62;352:33;331:12;62:31;371:50;78:10;202:50,33.663743336995445,5.5271731482662609,32.418482929688906,23.02008102262025,844,64.239197040721805,308.46070870987933,471.30009424939891,0.20825730871655862,0.13630210947237412,0.99964975404288892,0.86369789052762591,0.51818685090252126,0.44740013503235299,0.31913064578672057,1
260,1691509859.0607221,128337,0,7.2642211926265965e-08,15,13,325,11.744189249329262,169434.02739225273,287.43023986168396,1,17,7,5,USED,,13,0.863662431002577,3,g1,221:37;78:53;20:40;345:67;205:42;311:10;320:16,26.756700788225448,12.76528159521404,18.74965890245894,19.826869177231565,873,70.942979905328102,312.47956683339129,489.57745326128082,0.22703238046650798,0.1449065503992211,0.99972432519379939,0.85509344960077893,0.49335725188953583,0.42175025642315583,0.31913064578672057,1
261,1691509859.168227,127749,0,-1.1826232909628587e-07,17,15,375,13.479774497544595,156185.92183052373,400.07543451972094,1,14,4,7,USED,,17,0.72778875719402636,5,g1,343:72;220:37;70:13;206:48,28.370773315429688,9.6689187638607414,25.754304581785675,21.531908268336686,909,72.728322635402364,345.06831046571682,491.20336689888001,0.21076500052191277,0.14806153120358059,0.99941847632637093,0.85193846879641943,0.55443428563953401,0.47206921719815603,0.31913064578672057,1
262,1691509859.2743397,127959,0,1.1238281250047777e-07,14,11,275,12.986613780377137,140494.43902617964,686.96518869648344,1,13,7,8,USED,,12,0.77304469347741156,5,g1,203:47;364:68;24:53;14:45;349:25;76:24;85:11,34.06032453264509,7.819877788270686,26.597083588033701,25.857997628179586,904,70.111786178899195,342.3809953068357,491.50721851426545,0.20477709668454661,0.14264650352610087,0.99880670505268299,0.85735349647389913,0.55394752889073628,0.47436212055960497,0.31913064578672057,1
263,1691509859.3757551,128543,0,7.0157470707932212e-08,13,7,175,13.48329162567493,66818.429284762198,218.94011769942159,1,11,6,8,USED,,9,0.71031563603005876,2,g1,240:41;367:67;180:12;21:33;11:28;210:10,30.476516405741375,8.2075715806572642,22.889829127544786,23.927607426410329,925,84.180448539655842,361.58511518480094,479.23443627554354,0.23280949631079925,0.17565609265035148,0.99990404606584493,0.82434390734964857,0.57884961022635451,0.47712536301275799,0.31913064578672057,1
264,1691509859.4739332,128988,0,3.1428833008328994e-08,11,6,150,13.827418481898878,108982.41286916034,605.99035654814475,1,11,9,9,USED,,6,0.69086689151975689,4,g1,235:46;256:43;16:62;73:23;45:41;36:33;27:23;13:10;211:22,33.100751664903427,10.791882119126228,26.433838018984684,26.037113946944416,999,84.852834482698853,380.01828614846812,534.12887936883362,0.22328618799556391,0.15886209819429212,0.99989416498084904,0.84113790180570791,0.55261092044781168,0.46477279569616498,0.31913064578672057,1
265,1691509859.5695322,128924,0,-5.2520141596845704e-08,11,9,225,15.938909086905557,102500.99940548917,172.39910110239003,1,13,8,6,USED,,10,0.82548127177898711,4,g1,267:42;254:46;277:47;309:13;53:37;24:12;238:14;203:37,29.210440158843994,10.503225448781706,23.188771729997253,23.504403623185716,1037,84.7654313477763,389.54725167854207,562.68731697368162,0.2175998700607584,0.15064393454551775,0.99985464814966196,0.84935606545448228,0.54165397217407196,0.45999021649475663,0.31913064578672057,1
266,1691509859.6641014,128638,0,3.5025634767538172e-08,13,11,275,12.88604046694855,147134.24611204409,354.55903803568521,1,13,6,6,USED,,12,0.76717131804233163,3,g1,277:44;262:51;306:11;56:37;257:11;205:39,29.659772555033367,12.035562984217664,21.58703132238503,25.604317778519604,1066,83.970490925449312,396.35640245452817,585.67310662002251,0.21185602252276672,0.14337433284251574,0.99980711800341693,0.85662566715748423,0.53337929981434329,0.45681826953304944,0.31913064578672057,1
267,1691509859.7579851,127137,0,5.1680908205731235e-08,13,10,250,12.755234120548739,134237.36407856777,577.39356899223242,1,11,4,6,USED,,11,0.80679994437391589,3,g1,269:50;368:48;55:40;238:21,31.230449199676514,11.842419858300369,27.574752456200265,23.417301082544618,1030,81.065706261570227,389.41967168187512,559.51462205655469,0.20817054750072939,0.14488576896096964,0.99974097097678838,0.85511423103903039,0.55110975346259505,0.47113972256834585,0.31913064578672057,1
268,1691509859.8530653,127951,0,-5.0050659172740097e-08,11,10,250,12.913622654049179,141496.91358893682,256.05244599803837,1,16,8,3,USED,,11,0.83642489306210499,2,g1,373:51;269:45;248:51;77:29;252:15;358:43;261:10;26:12,29.634200811386108,11.032718976223029,24.928922212589157,20.348140286626034,987,77.635702764413438,380.57159141646571,528.79270581912067,0.20399763018426517,0.14681689423864627,0.99995795517852293,0.8531831057613537,0.57288212435304431,0.48875279970244506,0.31913064578672057,1
269,1691509859.949584,128648,0,-9.8677368151611766e-08,16,15,375,15.538810279320769,173112.47508913369,479.04275781590269,1,17,9,8,USED,,15,0.74876043080801513,7,g1,358:48;248:52;268:48;242:62;339:43;277:43;71:30;255:10;24:12,29.049579620361328,13.063143966855709,21.703718452727706,19.679758861426969,964,88.654888820435872,375.36485448246674,499.98025669709705,0.23618324348098213,0.1773167792786379,0.99860033938109038,0.82268322072136213,0.57344257462495829,0.47110127808030389,0.31913064578672057,1
270,1691509860.0470607,128840,0,8.6898193363271758e-08,17,16,400,15.014955837917709,189212.18300435683,451.43802388495584,1,17,8,8,USED,,16,0.79354068288837121,7,g1,16:59;252:52;343:45;268:50;328:41;238:52;63:29;85:49,27.26378607749939,14.76751590199019,17.53058259967753,22.255702176513456,901,82.299091218222514,350.79942664851376,467.9014821332637,0.23460440629705684,0.17588978526634116,0.99771067029579474,0.82411021473365886,0.57383946339759451,0.47182432344459463,0.31913064578672057,1
271,1691509860.1472795,128910,0,4.9495239268226854e-08,17,16,400,15.028648188473682,171904.06867857985,452.273036120369,1,17,10,10,USED,,16,0.3275485254894111,8,g1,336:43;367:50;213:64;241:53;326:34;276:42;244:15;255:10;267:50;83:49,26.408875846862792,12.131342202266339,20.016936092103585,15.719363109428619,863,76.589937557598162,338.12025461983791,448.28980782256428,0.226516857571018,0.17084916101396824,0.99978917618309882,0.82915083898603181,0.5833956349187287,0.48362099982865381,0.31913064578672057,1
272,1691509860.2490537,128821,0,-4.814208984238455e-08,17,15,375,14.702428904139211,178092.30858640891,208.14778845934475,1,18,12,11,USED,,15,0.40803141535781956,9,g1,260:48;216:64;325:44;274:45;359:52;308:36;238:59;59:22;202:32;232:20;85:41;243:16,27.027672449747723,10.591256091887216,21.052855604534219,19.621961445346699,828,79.467259434839931,323.39464470306359,425.13809586209635,0.24572843346804846,0.18692105037939727,0.99999463684079559,0.81307894962060279,0.57376035608756004,0.46650996568098146,0.31913064578672057,1
273,1691509860.3531992,128691,0,4.8237304692277938e-08,18,17,425,14.963011921113605,181997.0423855579,685.08415241808223,1,15,7,10,USED,,17,0.51973595915467019,9,g1,323:35;368:55;260:50;311:32;277:35;216:60;246:10,25.809501647949219,12.574506966569954,18.801309901858279,15.694860565495221,871,66.263814023243711,344.22393256117385,460.51225341558319,0.19250205391069844,0.1438915328132318,0.99992310146192431,0.85610846718676825,0.60358897396610367,0.51669789494453844,0.31913064578672057,1
274,1691509860.4571717,128916,0,-4.6407470699616482e-08,15,14,350,14.536779427254141,169916.40067042893,663.77885187734637,1,15,12,12,USED,,14,0.57011146775914068,10,g1,360:54;273:38;223:55;256:49;298:37;347:52;28:41;171:10;222:18;10:22;232:14;82:38,32.404178778330483,13.685908679231048,23.514102453450231,25.319647715245093,876,80.496054948166787,345.75195122212995,449.75199382970345,0.23281446326951233,0.17897876174540375,0.99993456785708623,0.82102123825459628,0.58978259110153297,0.48419234943103912,0.31913064578672057,1
275,1691509860.560559,128727,0,2.0286254884260835e-08,15,14,350,15.551667563071142,169625.61039972518,111.09555217915137,1,15,7,7,USED,,14,0.78788936903486018,6,g1,354:53;273:43;226:54;277:33;263:45;174:10;366:51,27.864893232073104,14.570928977457038,18.758745147784346,19.754830318881737,871,76.266632381091441,335.37077037066013,459.36259724824833,0.22740989710224196,0.16602708369805627,0.99996168902383398,0.8339729163019437,0.56405144768359072,0.47038560914673055,0.31913064578672057,1
276,1691509860.6634059,128551,0,-9.5021362292446732e-08,15,13,325,15.562043757781245,154262.13323358475,123.97217764387446,1,14,8,9,USED,,13,0.51248013256765346,6,g1,265:39;114:32;370:58;277:32;174:11;74:46;84:37;351:56,30.210951566696167,13.722341670856176,22.266439069018322,20.070528729721502,881,74.981030024607151,351.67892597830314,454.34004399708954,0.21320876653619306,0.16503284492591958,0.99961949048363086,0.83496715507408048,0.60901058493419635,0.50831034496398486,0.31913064578672057,1
277,1691509860.7645547,128710,0,6.9472045907681412e-08,14,11,275,14.394029919134599,140674.9213170594,308.98002002998618,1,13,7,8,USED,,11,0.72030355690209336,5,g1,338:50;276:32;362:56;240:46;12:23;202:21;73:45,31.570234298706055,11.962337576500147,25.950771776978961,21.642789064250625,890,76.776813129456073,345.96555341769539,467.25763345284901,0.22192039748177167,0.1643136625978816,0.99996553876793293,0.8356863374021184,0.57610346202167118,0.48142520106424502,0.31913064578672057,1
278,1691509860.8646991,128820,0,5.3619995124543074e-08,13,11,275,15.718316029678633,170847.39316476422,800.07116278532862,1,13,10,10,USED,,11,0.68841782358498893,7,g1,248:43;353:51;329:48;318:46;175:10;356:61;13:26;73:47;222:13;210:16,29.636826324462891,12.267138984922344,22.066476546432948,21.69708903563405,901,78.385767311447481,355.2472776836604,467.36695500489208,0.22065128217885521,0.1677178210227272,0.99992155917734404,0.83228217897727275,0.59238572048662475,0.49299340439981665,0.31913064578672057,1
279,1691509860.9638381,128731,0,-1.0774230956023256e-07,13,10,250,16.347587865425456,152917.7344500469,577.35209900900259,1,14,10,9,USED,,10,0.66039948146400795,6,g1,362:60;322:47;237:50;310:41;348:56;174:10;250:40;222:10;85:30;211:14,28.841965484619141,13.022475705531869,20.04213919939431,24.987485329166635,893,74.258787554276978,362.40068321749783,456.34052922822559,0.20490796787408355,0.16272669815206919,0.99976652733343385,0.83727330184793081,0.63141859468527495,0.52854650164165173,0.31913064578672057,1
280,1691509861.0634332,128550,0,-1.0379455565867612e-07,14,12,300,18.277699892263747,164234.32108891883,488.5188664872785,1,14,9,9,USED,,12,0.6415562903011971,7,g1,318:46;257:40;331:45;175:13;32:45;340:50;373:13;220:11;10:26,30.219739702012802,11.818406737504688,21.226166142755087,26.078394925221392,907,70.292098187859381,373.32728095721257,463.38062085492805,0.18828545829179741,0.15169408262730508,0.99974524808734866,0.8483059173726949,0.65396602518737035,0.55462192192841431,0.31913064578672057,1
281,1691509861.1629598,128544,0,-7.6655883779475076e-08,14,11,275,15.671970255710196,168231.00132319791,349.78992914419575,1,12,6,8,USED,,13,0.52816258304627484,5,g1,313:44;261:37;176:13;10:20;334:49;223:10,29.233035723368328,12.368080858987009,19.103325517331264,21.80259175998512,928,74.408745680232897,360.70840837172392,492.88284594804344,0.20628503232326045,0.15096639351915403,0.99956535109571698,0.84903360648084591,0.58086757339019035,0.49296173227579931,0.31913064578672057,1
282,1691509861.2615166,128628,0,8.8428955088981631e-08,12,10,250,14.520539821941504,153610.75348550998,404.82041297586818,1,13,7,6,USED,,11,0.77332052982981092,4,g1,343:52;308:42;274:33;38:43;329:52;181:11;262:44,26.379037857055664,12.574774084700541,16.2359784667788,19.30347222502628,958,72.757271756267002,380.40138103439779,504.84134720933503,0.19126447847908293,0.14411908247701002,0.99969645907058302,0.85588091752299,0.60938770363942596,0.52140499110720806,0.31913064578672057,1
283,1691509861.3600836,128638,0,-1.9768066406022911e-08,13,11,275,15.579335827465767,164897.44324858472,495.66093497692282,1,10,5,8,USED,,12,0.6270713248376717,6,g1,274:35;323:46;180:10;11:18;231:10,29.527677154541017,9.7090972074657422,22.27833941362449,22.846628838378432,926,78.734640754314128,368.04232566384701,479.22303358183922,0.21392822309852139,0.16429644494721107,0.99993166894349417,0.83570355505278893,0.60370154319831215,0.50448105176277991,0.31913064578672057,1
284,1691509861.4584596,128678,0,-2.7097778312890064e-08,10,8,200,13.654731710228404,159488.96401665409,177.25978579228476,1,9,3,4,USED,,8,0.78324468907960165,2,g1,107:31;175:10;84:38,32.003087997436523,10.031985909611214,20.786600811105711,22.358846347039428,884,73.528824494396503,337.01423677813608,473.45693872746705,0.21817720579799171,0.15530203167372192,0.99985531734885558,0.84469796832627808,0.55651399468750418,0.47001822733411103,0.31913064578672057,1
285,1691509861.5577981,128788,0,9.6008300892735932e-09,9,7,175,11.715221993075824,210740.78740802489,248.57587959462515,1,10,5,4,USED,,7,0.76778193093507074,1,g1,65:24;176:12;14:19;85:39;235:11,32.935756683349609,8.2945112374535306,25.322808504685188,24.770359285979048,931,78.222521318948054,348.56344128172691,504.21403739932481,0.2244140149388891,0.15513753191483995,0.99981849188320582,0.84486246808516008,0.53616301790637311,0.4529017903296636,0.31913064578672057,1
286,1691509861.6573982,128732,0,-1.0273559569728974e-07,10,8,200,12.350207050085055,157602.61860443282,260.06446810108019,1,8,1,3,USED,,8,0.90186623343695405,1,g1,175:10,36.980144500732422,4.1007447386934626,22.203755041456311,24.696034766634249,875,78.473213380828795,311.83226684148991,484.69451977768182,0.25165199924842346,0.16190241518889598,0.99976289818828767,0.83809758481110408,0.48145593551934018,0.40341138449753511,0.31913064578672057,1
287,1691509861.7578964,128751,0,-9.2730712886179845e-08,8,7,175,10.728119440561233,154559.60330496493,182.5981197589866,1,9,3,2,USED,,7,0.83465819672278929,1,g1,174:13;36:42;10:15,35.221254984537758,6.0267225740939478,26.865468664672193,25.580251444461055,880,77.836861433439566,313.19105689887562,488.97208166768615,0.24852836541425205,0.15918467403695011,0.99932541274335085,0.84081532596304986,0.48132440335394611,0.40443192630809721,0.31913064578672057,1
288,1691509861.8587523,128787,0,2.8084716802156962e-08,9,7,175,11.574261401859363,153163.91916324088,344.42686719540939,1,12,6,3,USED,,8,0.78592087463492355,1,g1,64:23;175:14;35:36;247:10;234:15;11:10,29.690149307250977,9.4488986103760073,22.325928504244388,23.333056091774242,915,78.224048478280707,343.59332404573064,493.18262747598914,0.22766463433343501,0.15861071359835985,0.99873245048071213,0.84138928640164012,0.53807506749691736,0.45215673862106043,0.31913064578672057,1
289,1691509861.9590535,128788,0,6.6871337897622674e-08,12,7,175,10.870305449597794,136907.04701564551,81.825059428175351,1,10,5,7,USED,,9,0.84524146574859438,2,g1,36:37;179:10;240:10;10:10;85:36,31.350909805297853,5.1704816265662563,24.170940013493386,23.927953120572234,897,75.620567500324341,334.76062721999693,486.61880527967838,0.22589444920184193,0.15540001060349962,0.99946853804733249,0.84459998939650038,0.53253194678889348,0.44953743752667341,0.31913064578672057,1
290,1691509862.0592966,128568,0,-3.1646728515521971e-08,10,8,200,10.515262991667367,157629.53862332963,666.77377331453874,1,9,2,3,USED,,8,0.86049238687239837,0,g1,177:11;83:38,34.005138397216797,4.9472722382341292,25.088036549304888,22.926101202218842,892,84.844922582135553,312.68833308368824,494.46674433417644,0.27134022477080261,0.1715887338316015,0.99973160205112854,0.82841126616839844,0.46078611577479278,0.38161795662683479,0.31913064578672057,1
291,1691509862.1599638,128873,0,-5.3543701167280133e-08,9,6,150,10.784793893561959,125990.52383829435,361.60424176997424,1,10,4,3,USED,,7,0.86400347194395732,0,g1,11:13;175:10;117:10;226:13,30.625800132751465,4.7695019307157462,23.293071761096726,22.886975759914638,892,82.520807996635796,308.21527602015544,501.26391598320834,0.26773756661963577,0.16462547046653989,0.99811429879088587,0.83537452953346014,0.45025077773816879,0.37541876654108014,0.31913064578672057,1
292,1691509862.2603333,128978,0,1.9110717786041675e-08,10,6,150,11.962520792318593,142683.19546576284,608.77910923839238,1,9,5,6,USED,,6,0.7145807997364243,1,g1,33:41;174:11;83:35;75:42;219:14,32.90921058654785,4.6464477331924385,27.140594415023838,24.051712617508951,885,80.159284787020823,321.41679389567236,483.42392131730725,0.24939357964300854,0.16581571836286169,0.99904942164103661,0.83418428163713831,0.49905993160461787,0.41591221721103033,0.31913064578672057,1
293,1691509862.360626,128907,0,-1.1624755852368551e-08,9,7,175,10.62145657263186,171544.68777331235,392.97864185483724,1,9,3,3,USED,,7,0.86268125453623123,1,g1,171:14;224:10;202:18,30.056812922159832,7.1954560068182785,23.929121623726264,27.06691210144729,878,67.703626518748976,321.75431965267495,488.54205382857657,0.21042025664747316,0.13858300629019207,0.99946359117096173,0.86141699370980795,0.52001806424441255,0.44771211195516691,0.31913064578672057,1
294,1691509862.4624364,128931,0,1.0965454101674599e-07,9,7,175,10.671121362718283,172729.81069274186,307.04878671637738,1,9,3,3,USED,,8,0.89558069913433569,1,g1,172:15;10:17;17:26,38.128332773844399,4.7308212004611301,29.042548987150905,28.317808280855882,923,76.328311798489224,321.49322773893999,525.17846046257159,0.23741810157341664,0.14533785664259738,0.99945836801152133,0.85466214335740265,0.46682210790692391,0.39875908558846229,0.31913064578672057,1
295,1691509862.5624421,129041,0,9.2467041024058005e-08,9,7,175,14.163918834330925,159252.8384031741,1198.3078663577446,1,8,7,8,USED,,7,0.57815814212834205,5,g1,23:30;174:14;13:21;212:19;202:23;76:41;85:33,36.095828192574636,6.5621212785150238,30.049210173867852,28.446445687678846,910,86.009684470058232,339.72636960568872,484.26394592425316,0.25317341297317414,0.17760910180067702,0.99993362053614632,0.82239089819932298,0.52392230987048527,0.43084033815189027,0.31913064578672057,1
296,1691509862.6619437,129004,0,-1.0980773924862408e-07,8,6,150,12.290903532047668,103419.50347013901,694.66378981299226,1,10,6,4,USED,,6,0.76558954184175543,1,g1,14:61;34:39;10:17;84:32;219:14;77:41,32.192128817240395,7.3715805491409983,26.450813445170315,23.461274924250134,910,85.637551110890712,335.40577354930895,488.95667533980026,0.25532521460397845,0.17514343382545483,0.99982809665183614,0.82485656617454517,0.51081871878493512,0.42127974246510141,0.31913064578672057,1
297,1691509862.7613077,128941,0,-2.9495239250998395e-08,10,6,150,12.151454595848984,108888.98677249368,251.18239739148001,1,8,3,5,USED,,7,0.80803450036268032,1,g1,35:42;174:13;202:18,31.89129638671875,5.8060678271659256,22.362569498703404,25.983240360522206,882,71.76167062030261,334.37647653718972,475.86185284250757,0.21461339434959084,0.15080357921451845,0.99909494199996463,0.84919642078548152,0.55187194423799035,0.4682235264470444,0.31913064578672057,1
298,1691509862.8613439,129070,0,-2.6281738174649405e-09,8,5,125,10.896053193097341,92180.216558317145,259.85548916086992,1,7,3,4,USED,,6,0.81948824655515495,1,g1,176:13;10:21;219:12,31.241558710734051,6.0805306754257087,22.719647445254562,26.94777334425736,916,78.699180724580486,351.11745952434285,486.18335975107703,0.22413918359740326,0.16187139922862434,0.99989725530009044,0.83812860077137563,0.56032003838888866,0.46957199876740974,0.31913064578672057,1
299,1691509862.9608369,129008,0,3.067626953845437e-08,7,6,150,10.435595553391773,162111.93184996152,406.67696385459061,1,9,3,1,USED,,6,0.89146397900553942,0,g1,180:12;223:10;84:31,30.236117680867512,3.5692844453044024,25.23405481006365,23.175047191475826,887,73.014011379914379,345.5225132304443,468.46347538964147,0.21131477279808419,0.15585849317107475,0.99962595247094699,0.8441415068289253,0.58170704049845667,0.49085938425697084,0.31913064578672057,1
300,1691509863.0608361,129031,0,-1.0888732909775101e-07,9,6,150,11.293380211143973,142309.63592302115,605.14926630002572,1,10,5,4,USED,,7,0.75753798935804839,1,g1,174:18;36:44;181:10;10:22;76:42,31.78645133972168,4.2802521061038039,21.003122929687756,24.28575320185238,957,69.649583698069165,393.58933706841225,493.76107923351844,0.17696003712103342,0.14105928277333746,0.99989304591680661,0.85894071722666254,0.65606579172502899,0.5634613507537668,0.31913064578672057,1
301,1691509863.1610799,129242,0,-8.4228514440898294e-10,10,6,150,11.68340223564941,131804.07677123355,171.26697007914149,1,10,6,6,USED,,7,0.71531664977765197,1,g1,178:18;36:41;10:19;226:11;85:33;78:42,31.274879137674969,4.9524790436231498,24.833572553514497,23.700301753896216,983,84.688782836453726,394.79454782113976,503.51666934240706,0.21451355725110385,0.16819459611348578,0.99987355143639334,0.83180540388651425,0.6158798384762203,0.5122273991792452,0.31913064578672057,1
302,1691509863.2601564,129182,0,-9.7042846675110539e-08,10,6,150,11.164051812330783,130283.09376729564,29.726463779148844,1,10,6,6,USED,,7,0.70855757680262776,1,g1,38:44;10:14;181:13;491:14;14:24;85:35,30.725133577982586,4.289838797372683,23.365968816658011,22.901830018230925,964,65.083957119039226,387.59765003992618,511.31839284103444,0.16791628409598194,0.12728655575523842,0.9993634191139068,0.8727134442447616,0.63074925024485551,0.55011293618847923,0.31913064578672057,1
303,1691509863.3596849,129208,0,-2.3117065428568395e-08,10,7,175,11.424089508545704,164851.60861803949,181.25329475987166,1,9,4,5,USED,,7,0.82976084714642206,2,g1,181:12;12:23;221:11;210:16,30.252366065979004,7.5391141651157803,23.966962689168831,26.209982479189279,970,77.285179338533439,401.14597852299175,491.56884213847462,0.19266098496885176,0.15722147685829577,0.99916570262168425,0.84277852314170421,0.65883101495116103,0.55478538730435023,0.31913064578672057,1
304,1691509863.4596024,129489,0,8.426452637044779e-08,9,6,150,11.679602645696804,128983.30521390635,118.67069012253681,1,9,4,4,USED,,7,0.79410449482595691,0,g1,179:13;78:41;10:21;85:31,30.443699359893799,1.6044614450820043,24.514635144296268,20.774136506611931,937,64.738932462267471,369.53213009405647,502.72893744367559,0.17519161986209308,0.1287750269388872,0.99956355382183992,0.8712249730611128,0.60627740901812954,0.5279734867138518,0.31913064578672057,1
305,1691509863.5596142,129634,0,-1.477905273161717e-08,9,6,150,11.295522032123507,127896.59944058659,496.99873320032964,1,8,4,5,USED,,7,0.74599223895073019,1,g1,35:42;10:19;176:17;216:10,26.208766460418701,4.775030195181122,19.834700812042428,21.484938422651808,951,71.981914280291448,390.58312311580045,488.43496260390879,0.18429345770516098,0.14737256705897286,0.99974082675953702,0.85262743294102716,0.652289932598202,0.5560161488997063,0.31913064578672057,1
306,1691509863.6597335,129487,0,-7.6304931637127815e-08,8,4,100,12.403003357839031,78293.715185546156,328.2055623757463,1,8,5,5,USED,,7,0.51508737765173895,1,g1,176:18;73:41;84:30;209:12;491:12,29.845785522460936,5.3250364057988069,24.685555102722894,22.699998544651617,938,72.376396954798594,375.34315365299324,490.2804493922086,0.19282727352397896,0.14762244149144074,0.99958607954386813,0.85237755850855923,0.61794582483102645,0.52650513197209281,0.31913064578672057,1
307,1691509863.7600963,129612,0,-4.2462768551354557e-08,8,6,150,11.391329297775199,117883.03691256398,270.54899565599499,1,9,4,3,USED,,6,0.78708621565905168,0,g1,59:38;10:17;34:40;217:10,29.561738014221191,5.9425145676782742,25.30112227855173,22.746614311712523,943,73.943160557394521,373.68576484750173,495.37107459510389,0.19787524041107146,0.14926822406381446,0.99996444585048838,0.85073177593618554,0.60508701388167363,0.51474844782148943,0.31913064578672057,1
308,1691509863.860142,129821,0,2.5721435550907223e-08,9,6,150,13.1097429825658,95073.663667455548,261.90390265390874,1,9,5,5,USED,,8,0.73105026257854067,2,g1,57:36;173:20;180:11;83:28;202:14,31.852424240112306,5.3133499337435257,24.2436279570321,22.932107906008273,912,70.281353716837913,352.78220462256769,488.93644166059534,0.19922023502299405,0.1437433329332917,0.99989736606173496,0.85625666706670833,0.57778645000618134,0.4946827235111057,0.31913064578672057,1
309,1691509863.9594207,129716,0,-1.1111267089747301e-07,9,6,150,12.640315498373608,96238.036919190141,306.71138217573662,1,8,5,6,USED,,7,0.67049828665101163,3,g1,53:37;29:38;11:19;78:33;69:39,35.849769592285156,5.8950567963953286,28.905923671189676,25.019276639003138,872,60.997543125005464,338.11636386039334,472.88609301460122,0.18040399591600678,0.12898992807369797,0.99996106816557728,0.87101007192630209,0.5860160085672711,0.51040597395763054,0.31913064578672057,1
310,1691509864.0592365,129788,0,1.8251342784325608e-08,8,4,100,11.942658980129796,74318.93461193546,442.44715252484912,1,10,7,5,USED,,6,0.7843056239970535,1,g1,300:42;48:35;169:13;372:11;25:40;11:24;85:23,32.068434579031809,10.042586432957162,24.001372686485251,24.345435383101382,856,55.75680422386592,338.72945615837801,461.5137396177563,0.16460571470877924,0.1208128803923495,0.99979077773577119,0.8791871196076505,0.61314025486842727,0.53895223019035354,0.31913064578672057,1
311,1691509864.1593673,130043,0,1.0086364746197951e-07,10,6,150,13.823894895030707,87221.891243678925,309.50940868662667,1,9,6,7,USED,,9,0.66526764457655774,3,g1,45:34;353:10;20:39;365:14;81:24;109:10,31.934938112894695,5.2443828632057068,26.517342898134459,24.774475603520177,866,53.368588518111991,353.1966870843753,459.4347243975127,0.15110161128256208,0.11616141681083808,0.99979757821221515,0.88383858318916197,0.65260217098184692,0.576678222316097,0.31913064578672057,1
312,1691509864.2595689,130396,0,-6.745544432751327e-08,9,4,100,11.160223970009351,77190.999022940887,425.07595213136801,1,9,5,5,USED,,6,0.77580357012143553,0,g1,40:32;12:34;85:15;111:14;76:21,31.69032096862793,5.2959485426502653,25.727222940222255,22.30191838920971,874,56.26578861339641,344.75774775310651,472.97646363349702,0.16320384090016268,0.11896107510541158,0.99997573718266752,0.88103892489458846,0.60994992631019918,0.53737658872950744,0.31913064578672057,1
313,1691509864.3603256,130313,0,-4.8951416004028303e-08,9,6,150,12.170521785782622,98040.502914779034,273.90578384867439,1,9,5,5,USED,,7,0.80092818649941866,2,g1,37:30;10:36;353:14;107:11;79:15,31.767694854736327,4.3463606742802003,25.102343008388079,24.282230593533576,906,50.525027159714895,367.87421135321443,487.60076148707043,0.13734321569826838,0.10361966418105081,0.99984522601984394,0.89638033581894916,0.65083816363546554,0.58330823677058097,0.31913064578672057,1
314,1691509864.4618165,130472,0,-3.0168457024193351e-08,9,6,150,14.271946629640047,103492.32073267864,332.2854372953027,1,11,8,6,USED,,7,0.67633443215119715,3,g1,37:29;47:34;353:15;59:36;65:27;74:20;83:10;109:12,32.862211942672729,4.6598052283847169,28.469350754322797,24.285202326805237,927,49.929797000456908,376.02376843210226,501.04643456744043,0.1327836195266274,0.099651037420437724,0.99989019187160655,0.90034896257956232,0.65082584953062539,0.58590603413430986,0.31913064578672057,1
315,1691509864.5634642,130630,0,5.6956176761047139e-08,11,6,150,14.558157997560063,89689.740317827716,417.37676273839276,1,11,6,6,USED,,8,0.73365978477211835,1,g1,37:29;12:38;49:32;356:23;80:10;173:11,29.380152702331543,7.3337715441169777,22.719815646686126,23.008183684660043,932,49.502493970182805,378.9142065049225,503.5832995248951,0.13064301396031114,0.098300507615891666,0.99989832557379765,0.90169949238410829,0.65413549822943429,0.58977367570632322,0.31913064578672057,1
316,1691509864.6646996,130244,0,8.9184570312150768e-08,11,7,175,12.970928542151173,112540.27143646839,72.009788409772767,1,12,7,6,USED,,9,0.78909273894205145,1,g1,55:14;54:28;22:43;43:33;490:21;125:10;177:19,27.683447429112025,7.6965666173203564,19.085214331573329,18.037512120606532,900,44.488275095082663,393.18562438429166,462.32610052062552,0.11314827485045773,0.096227046331549118,0.9997614977199154,0.9037729536684509,0.75422380197990302,0.68148449886124451,0.31913064578672057,1
317,1691509864.766531,129892,0,-7.2880859375290541e-08,12,7,175,12.339104075940888,111087.59213466413,167.99469868986844,1,10,5,7,USED,,9,0.7089187459266354,2,g1,58:12;64:22;31:42;11:30;51:30,31.169123077392577,12.304143940994146,20.07679835463982,20.956781811519953,1017,54.892556638391461,441.95501508588211,520.15242827572649,0.12420394557062457,0.10553167428316529,0.9998488185376877,0.89446832571683466,0.74413275302891313,0.66550255085110444,0.31913064578672057,1
318,1691509864.8676646,130201,0,-1.8885498040410731e-08,10,6,150,15.816546189954192,52701.99513682985,238.88427849135638,1,10,6,6,USED,,7,0.74677135219769852,2,g1,66:16;15:21;23:28;80:17;208:16;79:27,29.525146802266438,6.9155625871028228,24.75592635287904,21.76396514998061,1108,63.238805390128903,468.61478492368923,576.14640968618176,0.13494837855025618,0.10976169308175351,0.99973828637285012,0.89023830691824646,0.7035988990270069,0.62620676287343902,0.31913064578672057,1
319,1691509864.9671462,130119,0,9.1591186524020429e-08,10,7,175,16.590661025605002,82869.351339707966,507.05507441570313,1,12,10,8,USED,,8,0.60942168044776912,4,g1,202:13;82:14;339:18;35:23;44:30;350:14;26:17;12:10;228:16;209:31,28.660846519470216,5.7698787124592972,22.790899150284254,25.667916952262459,1107,48.459984516460494,460.30400851071539,598.23600697282404,0.10527821531089794,0.081004794013781051,0.99985666124360228,0.91899520598621898,0.68843068487009951,0.63257381370692012,0.31913064578672057,1
320,1691509865.0639787,129904,0,9.2673950208288502e-08,12,8,200,11.077811969025641,121208.40329097622,94.857380087976949,1,12,6,6,USED,,8,0.76950277387589849,1,g1,65:37;27:11;328:21;209:22;236:16;337:14,27.829380353291828,4.3478216711989219,20.090238218936673,26.181887775030862,1048,52.982218691092442,402.82033025603556,592.197451052872,0.131528164572569,0.089467150858037275,0.99993110892442172,0.91053284914196275,0.5907457233106348,0.53785633051051507,0.31913064578672057,1
321,1691509865.1602793,129666,0,5.8693237312001934e-08,12,9,225,10.292305474633519,120597.00650293806,267.74347553232474,1,11,4,5,USED,,9,0.7770172772342272,1,g1,326:18;214:18;32:10;245:14,27.885729312896729,5.3447632618452534,21.357238940869244,26.434481132825766,979,43.439095672192039,403.94165526309098,531.61924906471688,0.10753804443342133,0.081710915751479804,0.99997540187968892,0.91828908424852018,0.67812172005647797,0.62269645578057531,0.31913064578672057,1
322,1691509865.2557285,129720,0,-9.6462402343622244e-08,11,9,225,11.568674322350878,141566.53568544643,627.41848531047106,1,13,8,6,USED,,9,0.74376317161379302,3,g1,214:18;313:15;322:10;58:31;33:10;252:11;231:27;240:21,27.963093757629395,5.4960525604801864,21.342118722077345,26.353895321228499,1057,52.464145326294293,419.32693878880286,585.20891588490213,0.12511513206815042,0.089650283688796101,0.99999051125726679,0.91034971631120387,0.62689200985219184,0.57068554818697204,0.31913064578672057,1
323,1691509865.352293,129787,0,-6.4641113281527218e-08,13,9,225,13.378940898739916,142236.29027914422,728.82485930260975,1,12,7,8,USED,,10,0.81833397165119071,3,g1,83:27;305:10;203:23;54:35;85:13;234:23;32:10,28.428519385201589,3.0067060342596386,19.977711442103907,25.165004381681122,1089,52.438621488004856,453.85524574010839,582.70613277188636,0.11554041069304472,0.089991538682729383,0.99990380490012643,0.91000846131727064,0.6888834726049593,0.62682948520628112,0.31913064578672057,1
324,1691509865.4494224,129799,0,1.1656677247062763e-07,12,8,200,12.805241798359594,121398.65324255096,739.51903433305415,1,11,6,7,USED,,10,0.72477820871444365,3,g1,24:10;217:30;45:35;82:30;226:24;243:16,28.177866617838543,5.2571596185584566,22.563116683446083,24.823470449075785,1094,41.729513463645986,485.42096781467183,566.84951872168267,0.08596561794911553,0.073616563277236813,0.99992309662987344,0.92638343672276324,0.7827323472931691,0.72505451849512836,0.31913064578672057,1
325,1691509865.5485716,129952,0,1.0677856446261735e-07,11,8,200,12.866459890325475,122401.42729976395,694.62407268716993,1,12,8,7,USED,,10,0.62198582433174887,3,g1,211:13;171:13;78:15;255:11;73:24;35:36;14:10;204:27,28.941172122955322,6.5371115174743704,21.740200264254995,19.579869605822914,1006,40.871141221202365,447.85650236710177,517.2723564116958,0.091259457002816624,0.079012807691337603,0.99974802739120028,0.92098719230866244,0.78679124469195627,0.72444207381605752,0.31913064578672057,1
326,1691509865.6481502,130491,0,-3.345458983450289e-08,12,7,175,13.718220692341349,79150.350209911063,197.45048836910701,1,8,4,8,USED,,9,0.66516850096713109,3,g1,45:34;63:16;85:24;65:42,27.796929359436035,5.478315955010375,19.132943923878219,23.449946317049523,895,38.380197577434075,379.86162680315152,476.75817561941426,0.10103731166644825,0.080502442412381733,0.99977778720241373,0.91949755758761831,0.71625710200366788,0.65845030729177034,0.31913064578672057,1
327,1691509865.7506814,130888,0,-1.0749023436618099e-07,8,4,100,11.850787494490369,42092.520059065435,72.660053584525883,1,10,7,5,USED,,5,0.72738259609351374,1,g1,366:18;357:13;10:40;84:14;69:30;54:16;77:22,30.48627962384905,1.7146522649273119,26.92990601031936,25.171058153465999,905,31.532847097189237,387.90380886384884,485.56334403896227,0.081290377605590922,0.064940748687691299,0.99982588394859828,0.93505925131230871,0.73393299997139794,0.68615135069754374,0.31913064578672057,1
328,1691509865.8553677,131146,0,5.7692260746478041e-08,10,7,175,11.478065341248826,97936.763399052783,398.45654735104381,1,12,8,6,USED,,8,0.70764289512449963,3,g1,28:37;27:27;342:17;357:24;26:12;79:10;493:85;71:19,28.369128465652466,5.7522290209539673,16.589333571123436,26.062952882364542,914,35.483236566942978,402.31010248451344,476.20666094854352,0.088198721204891625,0.074512264268342773,0.99984276382055137,0.92548773573165721,0.77031023712876601,0.71280058150557879,0.31913064578672057,1
329,1691509865.9616501,131186,0,7.7575073254010363e-08,12,10,250,10.929261805782392,130077.29224873721,134.29512497831863,1,12,3,3,USED,,11,0.78636676204807965,1,g1,341:19;24:14;71:15,27.283648808797199,3.6782193962763494,18.63765902327507,24.725636479421581,935,33.635105301922074,395.82483146299899,505.54006323507889,0.084974722726727736,0.066533016368045136,0.99947562109391253,0.93346698363195491,0.71644119329204725,0.66842350856877264,0.31913064578672057,1
330,1691509866.0672991,131138,0,2.9411010751823063e-08,12,7,175,12.148813825650901,103131.73924924921,418.79630959422047,1,12,5,5,USED,,9,0.81220496963996636,0,g1,27:11;170:12;12:44;73:13;334:18,27.913154220581056,6.2585413857288135,17.811750958779271,22.853580717145029,948,32.066145736654164,413.05234881526616,502.88150544807974,0.077632159285929758,0.063764814154544103,0.99986157561483469,0.93623518584545584,0.75760631272200785,0.7091995028927589,0.31913064578672057,1
331,1691509866.1716986,130650,0,9.7468261725519589e-08,12,9,225,12.561391449211138,119677.84437088041,598.14964034352897,1,11,5,6,USED,,10,0.78261255196606083,1,g1,48:38;177:17;84:14;12:31;30:45,27.33693161010742,4.7446844306523577,14.232012746480695,22.441678177691095,982,32.933049560960576,431.73440162241189,517.33254881662731,0.076280809305910496,0.063659341822379631,0.99995990643598309,0.93634065817762036,0.77088007119151836,0.72177741344624591,0.31913064578672057,1
332,1691509866.2734327,130803,0,-9.2112426755552868e-08,11,7,175,11.546393671830783,81636.230234135786,436.85472008574226,1,10,5,6,USED,,9,0.7695241546117042,1,g1,205:15;11:18;58:17;31:33;73:33,28.794139480590822,5.1066156857778662,20.045027872744463,25.536559581568106,1035,35.20123149931279,441.56218368754088,558.23658481314635,0.079719760431799014,0.063057908522952483,0.99989055453564779,0.93694209147704755,0.72793679820222779,0.68195998057433527,0.31913064578672057,1
333,1691509866.3715982,130665,0,8.6444091801363143e-08,10,9,225,11.418100163365441,106884.49680036787,441.6773233185487,1,10,5,5,USED,,9,0.81596088859563309,2,g1,224:17;23:14;204:32;212:25;69:12,34.232149124145508,6.23898645740395,23.921009896135487,31.326374540259859,1080,34.526388602908142,448.17008426141797,597.30352713567379,0.077038583822049297,0.057803758113528912,0.99999125613191586,0.94219624188647111,0.69251842131605768,0.65248254872992195,0.31913064578672057,1
334,1691509866.4676216,130232,0,3.9954223637894692e-08,10,9,225,11.302407653755077,142924.1494702436,295.97404982229119,1,12,7,5,USED,,10,0.73450405198116353,3,g1,229:16;23:12;319:22;209:34;33:19;218:26;60:39,31.290835516793386,2.7276807433071641,25.15188273618935,27.806597267571696,1080,37.585137553393395,441.24580632727617,601.16905611933043,0.08517959154384834,0.062520080118582899,0.99996105736705854,0.9374799198814171,0.67145949157728646,0.62945527676707125,0.31913064578672057,1
335,1691509866.5625432,129972,0,1.7278442385193493e-08,12,10,250,12.809876721456536,114814.18499790897,213.32888912021158,1,12,3,3,USED,,11,0.76689226373453523,1,g1,22:12;235:11;82:13,29.021355311075848,3.5009009089321039,20.686451067713779,28.45851719864439,1076,34.410409855153787,437.45267329964247,604.13691684520325,0.078660874548099169,0.056957965811532577,0.99982563146217907,0.94304203418846744,0.66713728660908733,0.62902880188580579,0.31913064578672057,1
336,1691509866.6579506,129849,0,6.1475219734208331e-08,12,7,175,11.640511060162378,137560.89485518337,197.99067539303741,1,8,2,6,USED,,8,0.79119781816081602,1,g1,258:38;235:13,26.673273086547852,6.6135617388613452,22.142637168228557,21.634838045251556,1089,33.041595937601457,447.40721984241134,608.55118421998782,0.07385128015868761,0.054295508404856058,0.99999305569424135,0.94570449159514391,0.68090513115330498,0.64393056920004843,0.31913064578672057,1
337,1691509866.753083,129794,0,-8.1512451094445382e-09,8,8,200,14.489787389929813,128673.34432121408,604.00231468895163,1,9,5,4,USED,,8,0.70811166119407742,4,g1,19:11;27:22;212:29;226:12;74:17,29.238640975952148,3.9942297674287928,20.848918388804339,27.571535137190931,1098,35.280467952862935,473.34813800281893,589.37139404431809,0.074533868669517889,0.059861181437336611,0.99983825413915584,0.94013881856266335,0.74327949146614891,0.69867287724142102,0.31913064578672057,1
338,1691509866.8490086,129918,0,-1.154010009773998e-07,9,8,200,11.730623957809927,177901.56734347207,514.2798530045003,1,10,4,3,USED,,8,0.79696931261270687,1,g1,249:45;12:16;210:15;61:16,32.028007030487061,9.4732765992349677,24.085570716705835,24.02168361782125,1117,29.998120206517246,493.65062618360679,593.35125360987672,0.060767916853325013,0.050557102599872061,0.99990700828493806,0.94944289740012788,0.78141320702751405,0.74183822812218503,0.31913064578672057,1
339,1691509866.9467533,130133,0,-6.9006347580558014e-09,10,8,200,10.094333228656655,87222.241937331288,220.89354024558432,1,7,1,4,USED,,10,0.74058060800095382,1,g1,68:20,26.619632720947266,10.796318367451057,21.8600901996397,15.284716912673478,1085,28.667409181717179,480.07399096765795,576.25859985062459,0.059714564256926117,0.04974747307744861,0.99991689169902787,0.95025252692255135,0.78334029531698535,0.74430923164821927,0.31913064578672057,1
340,1691509867.0466261,130490,0,6.7593383792918793e-08,7,6,150,16.305345531164367,46481.347130600894,181.20964470131864,1,7,6,6,USED,,6,0.52670244856196258,5,g1,246:36;177:24;71:30;79:17;42:13;14:31,30.499451637268066,8.2542751879995819,18.713805909183911,20.281502400902486,1010,26.874860107437645,461.01810623577632,522.10703365678603,0.058294587010630686,0.051473851863685464,0.99992486729307795,0.94852614813631453,0.83152154279102941,0.78866066741289131,0.31913064578672057,1
341,1691509867.1483448,131181,0,-1.1191589355252773e-07,7,4,100,13.430101234500707,30688.557091234423,56.768864344802566,1,6,5,6,USED,,5,0.65589119709147303,3,g1,33:21;61:26;67:15;10:34;174:25,28.010507583618164,9.4609500493940537,18.190909310740899,19.025251033482,949,29.058233403850664,418.68975727215894,501.25200932399127,0.069402780696548247,0.057971305577487406,0.99980025814406648,0.94202869442251258,0.77731663239371562,0.73210831047945568,0.31913064578672057,1
342,1691509867.2530904,131654,0,-1.0151977537786738e-07,6,3,75,17.61252870522604,15684.539288862194,136.53112871448039,1,6,5,5,USED,,4,0.62825554346115464,2,g1,215:33;27:19;57:28;15:42;64:11,27.441468429565429,10.556930050032353,18.830478149274317,18.350999546720736,973,24.239340663350777,429.29763824901204,519.4630210876378,0.056462785964107413,0.046662302568908742,0.99987187573304426,0.9533376974310912,0.77976348872256784,0.74328268412739873,0.31913064578672057,1
343,1691509867.3587384,131915,0,-2.0298461911316679e-08,6,3,75,19.73291208305854,8858.4600242197321,156.87182346358375,1,6,6,6,USED,,5,0.12573322653166516,3,g1,81:22;23:16;54:29;327:24;174:23;63:11,26.747512181599934,9.2438774030967945,15.85577334948052,21.095019245709477,1016,27.68338487387631,446.55659945027764,541.76001567584638,0.061993003592277551,0.051098981233122655,0.99990000906515175,0.94890101876687738,0.77317115042876761,0.73358953268454929,0.31913064578672057,1
344,1691509867.464025,131817,0,1.0713867187872594e-07,6,4,100,16.820678992873027,15981.287464953863,37.236987798335456,1,6,4,4,USED,,4,0.77661410123723096,2,g1,176:26;64:10;22:11;10:37,25.050398826599121,5.1958827378774091,13.301308048823454,19.413532405426473,1038,24.530500719631263,472.84499409216653,540.62450518820253,0.051878524730347042,0.045374378120525055,0.9999027679668574,0.95462562187947497,0.82925300105748578,0.79154919040871974,0.31913064578672057,1
345,1691509867.567889,131418,0,3.4803466802957317e-08,6,4,100,14.451934840455122,21257.21243685011,83.171194406682787,1,5,4,5,USED,,5,0.15548058592117892,2,g1,29:14;61:23;180:24;15:39,26.478263854980469,6.9922847545419735,10.582112770945267,18.926085487271351,1025,26.527682555421798,479.41456564725803,519.05775179732041,0.055333493089862108,0.051107381526555487,0.99984511317379199,0.94889261847344453,0.87251732880135791,0.82779701807503381,0.31913064578672057,1
346,1691509867.6702886,131061,0,6.7033081058154309e-08,5,2,50,15.312309041660232,6724.740150772599,34.288217951941526,1,7,6,4,USED,,4,0.24389442893895685,1,g1,31:12;175:26;21:40;65:22;370:27;12:35,27.948948224385578,6.9476318026257884,17.128232510252644,22.152173358514872,1011,26.751980767790833,466.45650264596469,517.79151658624471,0.057351501406971039,0.051665544743112746,0.99989880240254414,0.94833445525688731,0.84919220920633898,0.80523673485590874,0.31913064578672057,1
347,1691509867.7706213,130972,0,1.0011596690562286e-08,7,5,125,14.54311462302787,30530.903780386667,208.74921007206279,1,4,1,4,USED,,6,0.79924846279477146,2,g1,78:15,31.811697006225586,9.3034131494603027,28.349136082878985,14.235471933964099,1015,26.583496972324799,456.83486883736282,531.58163419031268,0.058190604057828069,0.050008305897956559,0.99993572288037558,0.94999169410204343,0.80937967791227872,0.76885454845910306,0.31913064578672057,1
348,1691509867.8695965,131068,0,-9.0921630849227775e-08,4,2,50,9.1932519581768339,30470.764690286673,51.394684286509083,1,5,3,2,USED,,4,0.83395800695980549,0,g1,231:21;20:28;10:22,30.012803395589192,10.083696408906542,20.571923568012572,28.197171042923589,1040,28.336656136761903,454.79171331444587,556.87163054879261,0.062306887542539192,0.050885436754672442,0.99996329777263038,0.9491145632453275,0.7658049607544487,0.72680996433391043,0.31913064578672057,1
349,1691509867.9677179,130854,0,1.0237182618277885e-07,5,5,125,13.360192385638451,42692.76993789446,244.98638747292989,1,4,1,2,USED,,5,0.74169446712841769,1,g1,18:21,31.221258163452148,11.279855590554842,18.469007275509167,31.041975038070238,1075,23.558667618885668,460.7289300012776,590.71240237983648,0.051133467175200696,0.039881789385111145,0.99998247069597224,0.96011821061488889,0.74007293671360097,0.71054504814345654,0.31913064578672057,1
350,1691509868.0655465,130590,0,-7.3757324206558117e-08,4,3,75,11.920971558280057,23826.008337381092,71.945389327200886,1,8,5,1,USED,,3,0.73919706657198847,0,g1,494:84;328:21;14:12;22:19;207:13,28.673776245117189,4.3297327484209056,17.543507748431885,27.517961541805004,1068,31.544004876874855,450.68474793007624,585.77124719304913,0.069991285531075725,0.053850381062625095,0.99989056186112513,0.94614961893737493,0.71553655981183328,0.67693055327354279,0.31913064578672057,1
351,1691509868.1628609,130527,0,4.1495971686567046e-08,8,6,150,11.602929076059624,86899.582152525691,621.44811190760515,1,10,6,4,USED,,7,0.73882470701914416,1,g1,169:10;204:26;328:22;496:85;22:15;214:19,31.439678510030109,6.5196570471221067,21.461585452839945,26.580630680046244,1064,26.860685391977722,438.7567270211652,598.3825875868572,0.061219996726527656,0.044888815198150807,0.99999189805778488,0.9551111848018492,0.68834897634684167,0.65744447973543152,0.31913064578672057,1
352,1691509868.260664,130360,0,-3.8413085934330127e-08,10,6,150,10.676302137320706,72246.419890182602,193.19780373828829,1,10,6,6,USED,,6,0.80711008729940414,1,g1,250:28;176:11;25:13;35:14;333:22;222:17,28.170623779296875,10.6720991449001,20.283717525634035,22.551117188465284,1051,32.275548226501392,423.57152871674839,595.15292305675018,0.076198578134567596,0.054230680848766984,0.99998170705907541,0.94576931915123297,0.65747132431194566,0.62180483190883229,0.31913064578672057,1
353,1691509868.3578761,130318,0,4.8457641607657642e-08,10,7,175,11.887375647298352,71347.120241408265,413.03034312591626,1,11,6,5,USED,,7,0.81428938297138842,2,g1,180:10;228:12;357:12;330:26;220:20;24:10,31.956900278727215,7.9959472179107109,22.108180299604456,27.239675831675708,1080,27.023474522132847,419.68500758173604,633.29151789613081,0.064389897265676982,0.042671461338860212,0.99999149293205603,0.95732853866113976,0.62003283158453026,0.5935700749988323,0.31913064578672057,1
354,1691509868.4554448,130184,0,1.0318237304851596e-07,11,8,200,11.321714227625819,94626.614805176258,137.48522387867402,1,11,6,6,USED,,8,0.79510691254956956,3,g1,181:12;326:27;303:10;18:11;349:18;227:12,27.939308802286785,7.1775282195150636,18.964555846029093,23.970427958504136,1101,27.3664555903412,454.86803520967442,618.7655091999834,0.060163505614823982,0.044227506516521804,0.99997870157916935,0.95577249348347815,0.69089432630474201,0.66032372883366564,0.31913064578672057,1
355,1691509868.5530605,130296,0,1.0212890626248861e-07,11,6,150,10.511397001475396,80478.973149866957,318.76727511750039,1,11,7,7,USED,,8,0.72581803274613588,2,g1,177:14;322:30;298:10;336:24;50:30;21:15;206:25,27.809777123587473,8.4417840590025737,18.746397790551363,24.212921790466318,1134,32.983758603163821,484.69674519733837,616.31949619949751,0.068050299346934726,0.053517305239500733,0.99999306915056796,0.94648269476049929,0.73292016458937204,0.6936914445205804,0.31913064578672057,1
356,1691509868.6514449,130282,0,2.9783935553973073e-08,11,5,125,7.7861843591379083,35657.373979857599,55.246160772959726,1,10,5,6,USED,,6,0.8831020114065653,0,g1,242:29;172:16;361:10;47:34;205:11,30.704565429687499,12.144084201683679,21.224019587953439,26.31611204112545,1125,25.360813708723018,487.30571461042859,612.33347168084765,0.052042922847718817,0.041416670624109288,0.99999559573969343,0.95858332937589075,0.75440086532208117,0.72315290819681699,0.31913064578672057,1
357,1691509868.7516036,130525,0,-6.8212890613761346e-08,10,7,175,12.940876591021393,57171.849580345799,365.56066303652995,1,8,4,6,USED,,7,0.71383003112459331,3,g1,176:20;180:10;85:21;15:21,28.223889350891113,9.1438354601525162,17.338239309638233,20.044605684444967,1129,29.863465537919904,493.41206713569068,605.72446732638969,0.060524392342652833,0.04930206248681749,0.9999812808529781,0.95069793751318254,0.765279638849377,0.72753615516374559,0.31913064578672057,1
358,1691509868.8531594,130669,0,-7.584716796293911e-08,8,4,100,9.9092477107210275,28809.393979946006,56.777622500469832,1,8,5,5,USED,,6,0.79447915343164754,1,g1,170:21;173:11;356:15;76:23;81:14,30.19880905151367,8.4252713295255326,20.043536697441745,20.110860464324169,1096,28.612546931022951,490.84327753839221,576.54417553058511,0.058292632781926951,0.049627674938683142,0.99996791260927964,0.95037232506131686,0.80172647686881082,0.76191420726167347,0.31913064578672057,1
359,1691509868.9561658,130939,0,-7.0061645499053249e-08,8,2,50,9.9690949898774406,15014.488269522619,22.981846372855248,1,4,2,6,USED,,3,0.71941825053222097,0,g1,76:18;11:23,31.690814018249512,5.9078822257733679,22.504156275162096,22.78915338510653,1045,22.503783974606577,474.37027578006507,548.12594024532825,0.047439279237302234,0.041055863848615544,0.99998501675607576,0.95894413615138441,0.82438443180268706,0.79052677197875032,0.31913064578672057,1
360,1691509869.0597923,131142,0,9.373657226807719e-08,4,3,75,9.8830433096950046,26467.963048295998,35.240839564954292,1,5,3,2,USED,,3,0.72567568174282804,1,g1,11:24;68:25;73:16,28.726312637329102,6.0539819687376779,20.277174949235938,20.058149675280394,1015,28.831197674870342,444.02012488069744,542.14867744443211,0.064932186762068314,0.053179503841592264,0.99998813388975116,0.94682049615840769,0.76582115659293881,0.7250865633947341,0.31913064578672057,1
361,1691509869.1631622,131467,0,2.6336669928239687e-09,5,2,50,9.1051709970096848,27365.815531113847,48.259994078386185,1,5,3,3,USED,,3,0.72857778624783964,0,g1,73:17;65:28;11:25,28.255513509114582,6.1280594990443547,21.518068126858907,18.279653354169561,975,27.815621137580568,428.04949439672396,519.13488446569522,0.064982254392760827,0.053580720483095645,0.99997599515766111,0.94641927951690441,0.77096316436348267,0.72963688731206489,0.31913064578672057,1
362,1691509869.2655382,131602,0,-1.0489685058068243e-07,5,2,50,10.198079280688361,33843.591026315837,176.68522561112991,1,3,2,4,USED,,4,0.16439934739617451,0,g1,68:25;12:24,29.234606742858887,7.662203255205104,19.786767701543187,21.900830416062931,978,23.443321217639202,431.57792809287486,522.97875068948599,0.054320018915782545,0.044826527247487473,0.99991761512603639,0.95517347275251252,0.78040380481455152,0.74535960097783327,0.31913064578672057,1
363,1691509869.3675518,131592,0,7.2272338877410469e-08,3,1,25,10.983525831484501,9171.0226618259367,13.897605779388281,1,4,3,2,USED,,2,0.73979185150675486,0,g1,213:58;11:24;72:19,27.187032063802082,9.7055322837679743,21.199248248690441,15.437455188981417,972,28.537800165938236,412.33167189412524,531.13052793993666,0.069210788574266768,0.053730295407093336,0.9999271864322915,0.94626970459290671,0.7225980272999647,0.68372283390845767,0.31913064578672057,1
364,1691509869.4683332,131544,0,8.1034545906799593e-08,4,2,50,13.044654102040264,13594.01561766442,38.88424220432006,1,5,4,3,USED,,3,-0.086287591957498216,1,g1,256:61;82:11;14:24;72:24,27.969584465026855,9.7157695390735839,19.364754126894191,18.235736831311982,983,25.349337230254495,430.88524582061069,526.76541694913521,0.058830831355056692,0.048122629949912302,0.99999561949926652,0.95187737005008766,0.76986054046428598,0.73280961647535936,0.31913064578672057,1
365,1691509869.5679114,131311,0,-9.4024047839202929e-08,5,4,100,10.228434944065578,34258.58683213983,12.281893991705999,1,6,3,2,USED,,4,0.80475034576808013,0,g1,216:34;84:11;14:22,27.893234888712566,9.4142166135312149,20.926092232592087,21.281156666215519,999,32.473756364063455,424.92636194011584,541.59988169582095,0.076422079853543962,0.059958942868273572,0.99996444237762694,0.94004105713172648,0.72461722913829174,0.68114572531130713,0.31913064578672057,1
366,1691509869.6666791,131229,0,-1.1360595703058252e-07,6,4,100,12.972179706077693,40875.208997778645,216.70819659134517,1,6,3,3,USED,,5,0.76772915748091497,1,g1,225:30;10:11;17:22,28.068503697713215,8.5866952013642344,21.052266672127761,25.663205710094655,1040,31.477152103699733,434.16330297339812,574.3595449229025,0.072500720093398557,0.05480391573874685,0.99997196529273769,0.94519608426125312,0.70110465548849166,0.66266279694670016,0.31913064578672057,1
367,1691509869.7646389,131137,0,-6.4111328121341238e-08,6,4,100,12.108717282665722,32854.903895661664,39.340432803964987,1,7,5,4,USED,,5,0.66353354676324372,2,g1,250:60;172:13;11:17;21:23;85:20,29.103013610839845,8.6760708436096721,19.774860163017642,22.645940711758772,1041,28.529084455277104,448.78546464955951,563.68545089516306,0.063569537568589574,0.050611709793061663,0.99986793885146252,0.94938829020693838,0.74555122813067554,0.70772413053069649,0.31913064578672057,1
368,1691509869.8623588,130978,0,7.6043701183192702e-08,7,4,100,15.211895278663619,31219.499361393893,153.30704967490811,1,7,5,5,USED,,5,0.70462131909962433,2,g1,172:21;84:26;178:11;10:16;69:22,27.306948089599608,5.1540020679906124,13.86555122174453,22.607866945945492,1038,32.03085905277797,424.51908398225686,581.45005696496526,0.075452106304169653,0.055087893911252912,0.99999731476046672,0.94491210608874709,0.67501622921524262,0.63782929406282429,0.31913064578672057,1
369,1691509869.9607151,131001,0,1.1308776856622238e-07,7,2,50,10.87336722892643,19160.905124901587,117.91552199282211,1,9,7,5,USED,,3,0.75962220850267759,0,g1,50:24;176:20;304:28;180:10;493:85;85:24;12:17,26.743767057146346,8.5519163432681768,16.382846408288426,19.448275755087035,1040,28.593882578936125,431.80583760842381,579.60027981264,0.066219305272259957,0.049333797057826312,0.9999921735712809,0.95066620294217374,0.69567246440914221,0.66134712420462771,0.31913064578672057,1
370,1691509870.0596976,130930,0,-1.1824523925285657e-07,9,3,75,9.863714828751176,32696.781406226921,42.606903554937468,1,3,1,7,USED,,4,0.78873846607342046,0,g1,11:16,29.047628402709961,6.305727434238106,22.632389746203202,28.50121129092576,1059,31.405351217321719,453.09613315679439,574.49851562588435,0.069312776956438657,0.054665678610339538,0.999947040663273,0.94533432138966045,0.73401544211139325,0.6938532419042811,0.31913064578672057,1
371,1691509870.1594224,130956,0,-6.0266723625468366e-08,3,3,75,8.6777722124889216,24013.171771048696,64.241182363166388,1,7,4,0,USED,,3,0.87170548485050625,0,g1,55:23;77:25;21:15;204:10,29.085525989532471,14.752419910887649,21.258547416848916,21.361967278681185,1078,34.916592160396569,457.86682874151518,585.21657909808812,0.076259274462768367,0.059664393333163243,0.99999917022218687,0.9403356066668368,0.72272428992519699,0.67960281969985958,0.31913064578672057,1
372,1691509870.2591455,130716,0,-5.457153319510244e-08,7,4,100,10.844044235135826,120597.50483536793,288.35827630624817,1,5,3,5,USED,,5,0.65955602541804104,1,g1,80:21;208:11;28:21,31.710048675537109,10.166137338972995,20.413720819432317,28.747216657122284,1050,31.490093741137478,437.93199321818031,580.57791304068201,0.071906355847011452,0.054239221013788239,0.99997766749746364,0.9457607789862118,0.70006435027534852,0.6620786190542377,0.31913064578672057,1
373,1691509870.359354,130685,0,7.2298583994601096e-08,5,3,75,10.514601811859166,75840.542495482106,83.73744743926423,1,7,5,3,USED,,4,0.7597395716745875,1,g1,60:21;298:14;25:20;37:26;211:11,29.189507675170898,12.436182082466322,19.172083148190232,25.803924606989476,1078,34.374338110200647,449.9818614918442,593.64380039795572,0.07639049715523627,0.057903978930054396,0.99992379630872386,0.94209602106994561,0.70009578656938121,0.65950719418217618,0.31913064578672057,1
374,1691509870.460474,130686,0,-8.848449706277961e-08,7,3,75,11.866960368855691,58321.52386997523,79.243252918762678,1,6,4,5,USED,,4,0.73584595947965448,0,g1,85:20;62:19;306:16;215:17,28.797321796417236,14.755917960331384,19.314601235538234,20.583069389463805,1090,30.800414763438518,457.227164018709,601.97242121785303,0.06736348403433487,0.051165823678643058,0.99999787672084495,0.94883417632135691,0.70838253419079344,0.67213613121368998,0.31913064578672057,1
375,1691509870.5615852,130199,0,9.5842285163794116e-08,6,3,75,12.381584596275923,23504.05830683589,111.13075684669892,1,8,8,6,USED,,4,0.15472082534613754,1,g1,70:13;368:14;309:21;339:29;316:13;218:19;350:24;170:10,28.809674978256226,8.3795168410396954,21.019217722876061,24.565758822188368,1061,32.752129710365736,465.18442191255895,563.06344837707502,0.070406763785658702,0.0581677425603946,0.99990599233843536,0.94183225743960541,0.76799922539564291,0.72325844593868271,0.31913064578672057,1
376,1691509870.6622717,129944,0,-8.5407104485901719e-08,8,3,75,12.209071896804559,19090.948120117482,99.593832192074771,1,6,5,7,USED,,4,0.6802574063279313,2,g1,318:20;372:14;346:29;181:17;223:19,29.474414443969728,5.0845287983742198,22.23514543343834,26.577375582252937,1007,32.626317031846533,419.02562601170484,555.34805695644877,0.077862343032297429,0.058749313377727611,0.99995387435168814,0.9412506866222724,0.69577862772672006,0.65487190330042311,0.31913064578672057,1
377,1691509870.7630429,129924,0,-5.7196044844776139e-09,6,1,25,11.241941052168162,12337.182080362763,117.82989532620975,1,5,4,5,USED,,1,0.72914150580425796,0,g1,347:31;323:22;235:15;357:25,30.124104976654053,5.1112355321322731,22.495770220290204,25.224869391396147,987,28.423444604246185,422.0417272858673,536.53482810988737,0.067347474826804851,0.052975954430352093,0.99998682174527265,0.94702404556964792,0.7336304412301905,0.69475651260790672,0.31913064578672057,1
378,1691509870.8638506,130201,0,2.7213745118492838e-08,5,2,50,8.8248999129696326,22334.757999464524,63.434779607811613,1,10,8,3,USED,,3,0.77365523107487799,0,g1,159:47;226:14;49:18;350:33;359:27;298:18;330:22;240:16,27.522559642791748,9.3570854964145358,20.251617756868328,21.525033239032592,951,30.537486385839372,408.69224326324513,511.77027035091595,0.074720004818319238,0.059670301607985379,0.99989507513397113,0.94032969839201463,0.73891505385435674,0.69475086543723408,0.31913064578672057,1
379,1691509870.9645462,130426,0,-7.2296752917644369e-08,10,3,75,12.041401699160753,29958.588834931114,282.77753789235902,1,6,5,9,USED,,4,0.70691592442029216,2,g1,370:25;359:32;247:18;305:15;337:23,30.150035095214843,5.431284784350928,21.433938401126511,22.268491687962772,931,28.852497588911206,408.21184840191194,493.93565400917771,0.070680206127931855,0.058413474214143495,0.99998410710911556,0.94158652578585655,0.76803394882271836,0.72315892428903861,0.31913064578672057,1
380,1691509871.0649173,130793,0,1.1614135743409637e-07,6,1,25,10.426215025724936,9920.1227429465489,71.292499000371848,1,8,7,5,USED,,2,0.88394906772693571,0,g1,359:38;308:10;346:21;315:18;372:29;321:27;254:22,28.866267340523855,3.7477984712076835,20.219847916212007,21.623185849786172,916,35.343027411219509,397.01455285479102,483.64241973398913,0.089021994677727354,0.073076773188461688,0.99998598875050215,0.92692322681153827,0.74780769983430417,0.69315061412265555,0.31913064578672057,1
381,1691509871.164902,131418,0,8.7037353518892857e-08,8,2,50,12.172507925538673,24235.055327988663,134.21712201810203,1,8,7,7,USED,,4,0.67880248591528669,1,g1,256:15;325:20;317:12;353:19;276:10;266:21;214:15,28.961527688162668,7.1684159893960109,18.930009999490181,21.813410677857028,946,30.727908337577432,400.57535075197887,514.69674091044328,0.076709433767937943,0.05970099651927669,0.99997594924214939,0.94029900348072326,0.71857350749915572,0.6756577025584739,0.31913064578672057,1
382,1691509871.2643445,131735,0,5.9993286144477409e-08,8,1,25,15.86993022991472,10525.555219488093,118.13891519517303,1,11,11,8,USED,,2,0.6496789654517493,1,g1,269:11;43:16;10:32;24:24;225:19;61:11;340:29;333:21;323:11;366:16;216:13,29.388549978082832,4.9009833134487044,22.457558249425933,24.985054957630961,981,32.739377915076787,405.88401399827995,542.37660808664282,0.080661905337359577,0.060362813268390041,0.9998683900099804,0.93963718673161001,0.68798069555314334,0.64636716572166042,0.31913064578672057,1
383,1691509871.3635881,132221,0,-6.2116088855868057e-08,11,5,125,9.7268145016601988,44877.015480752605,74.848771184433545,1,13,10,8,USED,,7,0.63941565765670172,1,g1,21:34;38:22;359:17;115:16;57:11;234:13;334:16;343:23;223:11;349:32,28.670973777770996,3.0198913136626038,20.907561253075599,26.525880346513805,1004,26.062970104614731,414.34831984236695,563.58871005301853,0.062901112075294585,0.04624466324416418,0.99998280809202134,0.95375533675583579,0.68895161100942737,0.65707997911402538,0.31913064578672057,1
384,1691509871.4626589,132386,0,7.0366821300349436e-08,13,5,125,10.940919650826094,42431.875170241743,208.6341844101606,1,8,5,10,USED,,6,0.77667208222472961,1,g1,237:14;63:10;335:10;343:17;356:26,31.715598678588869,5.0920509186938228,23.564103476676813,30.936011600964811,1020,29.157287063363938,408.99183316513103,581.85087977150556,0.071290633941806958,0.050111270906411771,0.99979807939891363,0.94988872909358824,0.65280393878742471,0.61996589459367546,0.31913064578672057,1
385,1691509871.5618608,132491,0,-5.8687744136642905e-08,8,4,100,11.582448861457872,60328.037556157324,197.55536600687142,1,7,5,6,USED,,4,0.72041972416175359,2,g1,43:33;366:23;65:15;348:11;357:17,31.052299880981444,3.3964721732268019,24.265956593737354,28.447827346558562,1007,34.429999097124295,400.41242471953319,572.15757618334203,0.085986340511887485,0.060175728733322852,0.99962264749923047,0.93982427126667711,0.63965320194437758,0.60093475454599155,0.31913064578672057,1
386,1691509871.6607041,132567,0,-9.3876953113913864e-08,7,1,25,8.4361020204696295,9240.7623241984311,92.974217334479661,1,6,5,6,USED,,1,0.87173931228803614,0,g1,277:19;13:15;71:12;353:11;369:17,31.83960304260254,5.9109844276214973,25.35394770388725,27.80917271710188,977,26.713321352667165,405.46213349165038,544.82454515568293,0.065883640286269224,0.049031053373400912,0.99994644582402425,0.95096894662659914,0.69517575062767456,0.6610551471350351,0.31913064578672057,1
387,1691509871.760334,132917,0,-7.9296264637873648e-08,6,0,0,0,0,0,1,7,7,6,USED,,2,0.42402874646131011,0,g1,107:22;61:27;82:10;10:27;71:20;26:20;368:12,30.993008204868861,3.3120661252318127,23.324627830029879,23.142740660117532,971,23.580910723526333,417.35426063677329,530.06482863970052,0.05650094643229002,0.044486842834001575,0.9999927520223465,0.95551315716599838,0.74287771728560659,0.70982428820397148,0.31913064578672057,1
388,1691509871.8598864,132906,0,-6.6785888666598403e-08,7,0,0,0,0,0,1,7,7,7,USED,,0,0,0,g1,111:18;31:22;17:27;71:26;83:12;169:14;10:17,32.327927725655691,2.4836801826897883,22.768561776433788,23.461843899064384,958,31.860916223717478,422.34436840461137,503.7947153716708,0.07543824094084832,0.063241862710315094,0.99998579732699067,0.93675813728968493,0.77508445457356101,0.72605635782102473,0.31913064578672057,1
389,1691509871.9602993,133231,0,7.0274658203750562e-08,7,0,0,0,0,0,1,9,9,7,USED,,1,-0.056253415125003599,0,g1,85:18;122:21;112:12;12:13;170:21;77:28;21:20;181:10;30:32,32.693143420749237,2.6939033817145037,23.669597269634409,22.848463182502829,947,27.962096803573136,410.4732376327201,508.56466556370663,0.06812160754946181,0.054982382176668142,0.99998435182259904,0.94501761782333182,0.75213864967429733,0.71077315250963313,0.31913064578672057,1
390,1691509872.0606561,133722,0,6.9533691415823995e-08,9,4,100,10.431766705650412,40941.166814649645,157.04361351295697,1,8,6,7,USED,,4,0.76060351943283955,1,g1,46:20;179:21;16:10;123:14;26:18;38:30,31.600019454956055,3.1117161958944322,20.577877713195026,26.853030438091576,968,25.07139346172556,417.24546088008458,525.68314565819026,0.060087875872497559,0.047692975642836158,0.99999718638818658,0.95230702435716386,0.74602747045909379,0.71044520155896551,0.31913064578672057,1
391,1691509872.1609471,134337,0,1.4778442386509383e-08,8,1,25,9.2462795356231968,12804.834887762603,22.05610316121474,1,9,8,7,USED,,1,0.78028983700908305,0,g1,220:12;209:17;123:10;232:10;56:24;43:32;299:14;28:15,28.248320817947388,3.0173077814463021,21.824113295658719,25.607387222782215,984,30.689913239596372,412.69298405213107,540.61710270827336,0.074364998741339505,0.056768298830821851,0.99994607345092978,0.9432317011691782,0.70660559737909434,0.66645685801488008,0.31913064578672057,1
392,1691509872.2610843,134612,0,-8.219970702716406e-08,9,2,50,9.7896993469592157,26977.457378802428,117.9048221702112,1,10,9,8,USED,,3,0.68624495112151462,1,g1,205:26;216:20;232:13;27:11;42:27;61:23;135:14;35:18;50:34,32.661004596286347,2.9929121816124069,24.909084537401796,30.107571275981886,1022,27.520153194388712,437.94528753626167,556.53455926934964,0.062839249508102213,0.049449136151614267,0.99999793100843481,0.95055086384838572,0.73746567487327752,0.70099718394906518,0.31913064578672057,1
393,1691509872.3612666,134730,0,-2.4262084952209051e-08,10,2,50,8.5094627505011164,32418.735996746964,51.063649276769773,1,12,10,8,USED,,2,0.8421650781471447,0,g1,65:23;213:28;235:13;137:12;37:16;325:11;56:32;27:10;501:12;304:21,29.316059494018553,2.8860333072236166,22.487721973590649,27.673894108460349,1024,25.760484004673277,429.10637477785593,569.13314121747089,0.060032862522746769,0.045262667272489697,0.99997461267880516,0.95473733272751027,0.70870216749345927,0.67660723940950551,0.31913064578672057,1
394,1691509872.4611025,134771,0,-3.4060058592966236e-08,12,3,75,10.005657260218459,44237.890105156592,125.86134370956854,1,11,8,9,USED,,4,0.7400357711674016,0,g1,218:29;72:24;241:12;500:10;31:10;490:17;328:15;43:17,29.528697729110718,3.1900262603211988,22.906213412610267,28.587039582707838,1019,35.50016549334223,423.25490023140304,560.24493427525454,0.083874198441491132,0.063365437724601723,0.99993675682399907,0.93663456227539832,0.69211644945914419,0.64821918964962433,0.31913064578672057,1
395,1691509872.5612445,134725,0,-9.3651123037052919e-08,11,2,50,7.7087195194454443,26416.324298428048,69.727515580905745,1,10,8,9,USED,,3,0.85676399629200328,0,g1,224:33;499:11;248:10;240:17;55:23;70:34;340:12;43:14,32.933514595031738,4.5066670368035302,25.746504366660513,31.059250201078484,1017,30.825060434201283,429.53093140955065,556.64400815624788,0.071764471846173281,0.055376614106207721,0.99999633383603326,0.94462338589379224,0.71626724645068685,0.67660031101029694,0.31913064578672057,1
396,1691509872.6615012,134676,0,3.8729248058588794e-08,10,4,100,10.48021345385275,54484.829698941117,144.40180908965363,1,12,10,8,USED,,4,0.80450107660241554,1,g1,174:20;40:12;60:22;247:18;347:10;255:10;331:21;77:36;50:18;498:10,31.093044281005859,5.2134410236288744,24.940676386126793,29.061729562919151,1029,35.094789610504769,428.94921198866507,564.95599840082991,0.081815722303814717,0.062119509678354473,0.99984458133348098,0.93788049032164555,0.69714176589505827,0.65373404295476545,0.31913064578672057,1
397,1691509872.7617979,134742,0,8.3896484384671233e-08,12,3,75,10.272013876102205,36580.182038709238,85.602502517603057,1,10,8,10,USED,,6,0.7032263247595224,1,g1,238:29;181:15;493:16;246:21;257:10;60:18;349:11;49:14,32.900519371032715,4.8981067062827792,27.404999850477687,29.525155008426943,987,33.456461887985562,409.32910759890268,544.21443051311155,0.081734871199947004,0.061476616591076422,0.99995807529404612,0.93852338340892361,0.69067011941694811,0.64818288127859103,0.31913064578672057,1
398,1691509872.8614471,134873,0,-1.0893981933213226e-07,10,4,100,13.376524786770283,43240.3327392137,121.08930287876269,1,14,13,9,USED,,4,0.59446804654562679,3,g1,350:18;46:12;492:22;358:10;244:27;180:10;204:25;261:10;341:25;329:20;72:21;56:14;85:26,27.591165836040791,5.4902206794653896,20.722849670549724,24.327834714043679,970,37.365239257490906,398.75996017380498,533.87480056870379,0.09370358859802462,0.069988767437024618,0.99992569288859545,0.93001123256297535,0.67692784999655853,0.62950372405205901,0.31913064578672057,1
399,1691509872.9613976,134895,0,-1.6653442375114125e-08,14,5,125,11.758972640358422,48770.266565616563,162.28291874550007,1,11,9,12,USED,,8,0.48695168032529274,2,g1,366:10;255:14;248:22;343:29;47:12;335:21;85:26;353:21;65:19,28.902119318644207,4.9519610501195181,20.528072921368533,25.279623722582357,976,35.101303096320969,407.60505721740759,533.29363968627126,0.086115965626007193,0.065819841986059585,0.99993558256633008,0.93418015801394039,0.69849652499179449,0.65247956032251742,0.31913064578672057,1
400,1691509873.0622883,134868,0,9.4556884766561211e-08,11,5,125,13.00615376124607,50992.272942365533,421.64879102890706,1,10,9,10,USED,,6,0.66935277498394108,4,g1,492:11;307:18;299:11;366:15;250:30;255:20;263:10;358:23;349:28,29.802480485704208,5.4295322571421547,21.786630523604327,21.477981440106038,969,31.117586237054155,418.57215238827354,519.310261374672,0.074342227641052042,0.05992099242306987,0.99999744503449006,0.94007900757693008,0.74609456998901602,0.70138605089206285,0.31913064578672057,1
401,1691509873.1625497,134901,0,-1.6302490191133501e-09,10,5,125,13.646139640210034,42155.376589807936,153.6281742630687,1,11,9,8,USED,,6,0.64935297833006678,2,g1,344:25;490:28;255:27;371:16;314:20;269:10;304:10;360:26;209:27,30.430000517103409,5.6953982184693892,21.360506065400283,21.955849085764903,921,29.16616448327601,417.03481731125231,474.79901820547218,0.069937001114964356,0.061428443120019625,0.99994486417411099,0.9385715568799804,0.81691123602981786,0.76668737636073403,0.31913064578672057,1
402,1691509873.2629461,134903,0,-7.7679443349909505e-08,11,4,100,15.037239815974486,40974.027934585967,475.12661658108806,1,10,9,10,USED,,6,0.4051106466265425,2,g1,344:14;309:11;318:19;263:24;271:17;354:24;206:18;219:28;371:24,30.740063137478298,5.6572269481930988,20.636818555236513,22.477850723270809,949,28.780209658222052,438.29917440885782,481.9206159329193,0.065663390073774267,0.059719814232284472,0.99998670486409091,0.94028018576771555,0.84976436203683503,0.79900596916059263,0.31913064578672057,1
403,1691509873.3636687,134987,0,-3.9216918934492639e-08,10,5,125,12.885171940702646,46999.438823278681,272.49563489152069,1,11,9,8,USED,,6,0.56790670492476436,1,g1,354:11;332:27;272:25;316:11;324:18;212:17;226:27;277:16;202:12,30.318457709418404,4.9442875243414965,22.385107391492113,22.295676472686708,1002,37.709671204423202,437.72839935137608,526.56192944420116,0.086148559838249511,0.071614883446333974,0.99999989267050393,0.92838511655366607,0.75968030687137278,0.70527581454139832,0.31913064578672057,1
404,1691509873.4642882,134942,0,-5.547058104515834e-08,11,5,125,11.866824953991861,58075.795750300531,242.49601942868779,1,8,5,8,USED,,4,0.79503775137899624,1,g1,204:10;234:30;213:16;328:13;373:26,31.148127746582031,2.9107831702432239,22.921767090364238,26.775857598624743,1033,36.292728222210918,456.9426834453397,539.76458833244953,0.079425121655443506,0.067238068236995296,0.99993950429386602,0.9327619317630047,0.77932114169009514,0.72687711798174315,0.31913064578672057,1
405,1691509873.5642309,134925,0,-3.5202026363312378e-08,8,2,50,13.037446303924416,29124.968174526024,143.20669072900643,1,10,10,8,USED,,2,0.65174270100113652,1,g1,107:21;341:18;121:11;331:10;220:15;234:24;28:27;242:31;38:23;65:12,29.138944053649901,4.6357121918461761,21.822225749994342,26.431375657917094,1076,35.933181653441494,471.36982079290215,568.69699755365696,0.076231400629334839,0.063185108780271296,0.99995311653684904,0.93681489121972872,0.76567423603880891,0.71726139686951906,0.31913064578672057,1
406,1691509873.6634207,134748,0,6.3045654308258037e-08,10,5,125,10.518785631662618,72661.013149674749,212.47863696870041,1,11,7,6,USED,,7,0.74342079091939384,0,g1,124:16;336:11;217:10;135:10;226:15;250:31;71:10,28.628425870622909,3.2313366789343911,21.810875600429775,27.181564682453402,1067,31.000150410704251,461.77623751748354,574.22361207181166,0.067132407196527813,0.053986199381204497,0.99991790252726764,0.94601380061879548,0.75018873841242706,0.70963063594187548,0.31913064578672057,1
407,1691509873.7624743,134738,0,6.126525879668332e-08,11,5,125,10.509209369611481,96843.591092692979,255.3381765424476,1,11,7,7,USED,,5,0.80456888886287936,0,g1,360:30;130:18;66:10;345:14;223:12;27:21;236:19,29.522176742553711,5.7960588444285994,21.259049172699548,27.629835036546787,1037,32.93660756777367,433.72646435623949,570.33692807598675,0.075938662439378662,0.057749386277483827,0.99996449119207031,0.94225061372251617,0.70272471772171141,0.66211928464987979,0.31913064578672057,1
408,1691509873.8625426,134451,0,-3.5760498034997923e-08,11,5,125,11.976056148953978,86034.323651705068,164.50694276483813,1,9,5,7,USED,,5,0.755159703538543,1,g1,353:16;36:19;62:20;222:10;250:19,27.931741333007814,7.121060112272926,20.090288118380265,26.725000029980642,1019,31.988546115034726,421.35380021205458,565.65765367291124,0.075918494383902232,0.056551070965499474,0.99999369158519635,0.94344892903450051,0.68834082164150889,0.64941031421292572,0.31913064578672057,1
409,1691509873.9621394,134164,0,6.1685180671733342e-08,9,4,100,11.119217474935057,89802.411916438679,217.77084612915311,1,10,8,7,USED,,4,0.7498784750045534,2,g1,224:10;361:13;35:30;45:19;77:13;66:21;56:28;251:18,28.016908884048462,5.9557201838655409,19.25330637890859,26.168439193605341,971,31.082374160184845,417.59459461337019,522.32303122644601,0.074431936047837141,0.059507952554191522,0.99999310662003815,0.9404920474458085,0.73998693786416303,0.69594703281461967,0.31913064578672057,1
410,1691509874.0614414,133709,0,-6.6373901361216348e-08,10,3,75,10.420844362233881,34781.720930395364,77.741160799451293,1,7,5,8,USED,,3,0.71288653254522161,1,g1,372:16;10:31;361:10;67:24;80:14,30.938968658447266,5.9787152086755118,23.995613087050362,26.260150436631495,971,31.186549850398627,423.09984348475831,516.71360666484293,0.073709670023837021,0.060355580824925377,0.99996089398719168,0.93964441917507457,0.75847295015895955,0.71266700405722183,0.31913064578672057,1
411,1691509874.1609757,133421,0,-6.3274536124535707e-08,7,3,75,10.317255439994033,28693.347197994215,32.483461852765863,1,7,5,5,USED,,4,0.80430534421156075,1,g1,44:30;371:10;10:27;50:20;77:16,31.794247817993163,6.5064778022160512,22.279217895939862,26.357280240696149,970,31.866516854952604,418.06085184883267,520.0726312962139,0.076224589587917863,0.061273204812815132,0.99995980075100821,0.93872679518718483,0.74257769348742797,0.69704955638980481,0.31913064578672057,1
412,1691509874.2603521,133361,0,3.3856201175908041e-09,7,3,75,11.116699045268952,36742.919840804141,54.023948644477009,1,7,7,7,USED,,5,0.38468877571644972,2,g1,38:30;11:27;371:10;72:21;61:30;83:12;48:32,30.110104152134486,5.0643201455718749,20.780715126148731,24.255321908971293,979,40.945858999531154,417.90420166446552,520.14993933600363,0.097979055574096641,0.07871933821966895,0.99999601018065187,0.92128066178033108,0.72471092305833928,0.6676594949432223,0.31913064578672057,1
413,1691509874.3609157,132879,0,-4.6927490227055557e-08,7,3,75,12.748531094353334,51270.393412192745,274.73816679170443,1,6,4,5,USED,,4,0.7285814956341351,1,g1,21:33;81:17;51:30;61:35,28.328330516815186,6.2859764159212235,18.02928213618431,22.324719650363019,918,29.180078395066086,386.74354627218895,502.07637533274487,0.075450718380001711,0.058118803888606296,0.99994442305214648,0.94188119611139376,0.71216947349923032,0.67074175568199756,0.31913064578672057,1
414,1691509874.4614718,132787,0,1.1006713868111362e-07,6,2,50,12.868417815982189,28383.506160487439,214.55656950360452,1,8,8,6,USED,,2,0.58857729391276803,1,g1,21:27;10:14;48:33;80:24;51:19;58:27;66:36;109:18,29.899544954299927,4.8282890375479006,17.914698271272215,23.485244173136323,913,31.5484264528856,400.02048954648825,481.43108400062653,0.078867026258211737,0.065530514130335102,0.99982947077074291,0.93446948586966494,0.76536824342884169,0.71509130417041178,0.31913064578672057,1
415,1691509874.5623453,132378,0,-7.1105346680089276e-08,8,3,75,10.290701813836316,34887.362725551597,61.334274901348849,1,10,7,5,USED,,4,0.82705944835384626,0,g1,172:11;85:23;23:20;16:12;112:13;67:25;119:21,31.60074016026088,3.567351996218274,22.567862993392971,22.690082240754936,911,30.616178870338768,396.70508771955468,483.67873341010687,0.077176168942865844,0.063298583864714972,0.99953785081280566,0.93670141613528501,0.75688444325050031,0.70864707774837188,0.31913064578672057,1
416,1691509874.6629133,131980,0,-7.2943725573648699e-08,10,3,75,13.398309533035468,51472.896954916338,148.84164504240704,1,9,9,10,USED,,3,0.28930730368854179,0,g1,38:33;28:22;175:17;22:13;116:14;74:23;204:18;78:36;85:28,32.444516499837242,3.4931917332289948,23.778591548191095,23.800525098150114,965,31.578166280030331,410.79050134011453,522.63133237985517,0.076871705107624061,0.06042149470112311,0.99983161858077607,0.93957850529887688,0.72558285652967291,0.68162726311373789,0.31913064578672057,1
417,1691509874.7634461,131779,0,-2.3560180653636742e-08,9,3,75,12.649938967743607,59761.546101186999,233.71432611499577,1,6,5,8,USED,,3,0.48745535412018515,1,g1,181:20;39:27;29:17;208:19;77:27,29.872900390624999,5.8373578183906831,20.728842941278661,23.767765158358781,993,30.435945422508336,411.61689865644109,550.94715592105058,0.073942409852108398,0.055242948612062054,0.99982408052010219,0.94475705138793797,0.69186481704709102,0.65352917577100555,0.31913064578672057,1
418,1691509874.8637104,131476,0,8.5357666074203919e-09,6,4,100,11.927758533824914,91850.278957767267,64.116683959500364,1,8,7,5,USED,,4,0.67230791001983548,2,g1,303:14;313:10;230:13;39:19;218:21;207:27;27:10,28.635193961007253,5.3513970041501819,20.881407042027508,27.000937159155722,1023,31.868467323693721,422.1900920429805,568.9414406333251,0.075483693066983187,0.056013615897303762,0.99965924322412192,0.9439863841026962,0.68604885642500357,0.64740009812568478,0.31913064578672057,1
419,1691509874.9629922,130809,0,-7.0898437398714265e-09,8,5,125,11.909619843787466,84956.505511592244,499.07845523866416,1,10,7,5,USED,,5,0.71189992948446945,1,g1,307:20;57:31;326:10;317:17;43:21;36:13;236:11,30.692652566092356,3.9992174160366019,23.300073771639969,28.094834431220438,1038,44.846431758968684,428.6848851895889,564.46868305144255,0.10461397942485197,0.079448928001700364,0.99983013285953382,0.92055107199829966,0.67999955525546729,0.62586798708112046,0.31913064578672057,1
420,1691509875.060663,130380,0,4.2492675905725363e-09,10,5,125,12.422365492597082,74604.420824870991,141.16751760795569,1,7,5,8,USED,,5,0.62575278704073056,2,g1,306:23;52:28;331:10;40:18;224:18,32.096337509155276,4.5379496432074991,23.956603052958251,29.625513444260214,1053,33.691375381341018,425.91059492493474,593.39802969372442,0.079104337348731624,0.056777026035510152,0.99993008617418888,0.94322297396448984,0.66097155689248444,0.62339997027377914,0.31913064578672057,1
421,1691509875.1586516,130522,0,6.0480957034259042e-08,7,3,75,10.370378191262041,54023.255864979619,209.31381546626005,1,7,5,5,USED,,3,0.71579917945085991,1,g1,304:25;327:14;37:18;49:26;222:16,30.693036270141601,2.7457002124743828,24.69848566473312,27.16340107433847,1092,42.196502798438758,469.18658711700147,580.61691008456,0.089935441372530497,0.072675290825224739,0.99983547787177018,0.92732470917477527,0.73540759303130987,0.68184943455355851,0.31913064578672057,1
422,1691509875.2566102,130597,0,-1.7232666016386844e-08,7,3,75,9.5646050636306672,45293.509311173642,84.105705382366594,1,7,5,5,USED,,4,0.85375163925428066,1,g1,47:32;39:25;84:10;82:20;24:10,31.587950134277342,8.2124357777762391,20.564131643119854,25.280381014707942,1043,42.063859894957218,438.38925779467752,562.54688231036516,0.095950936632343539,0.074773963233432314,0.99975192350357656,0.92522603676656767,0.70451976601847366,0.6516783247458785,0.31913064578672057,1
423,1691509875.3556342,131089,0,-2.4670410145311017e-08,7,3,75,9.6270780927008168,33829.555307991155,19.766089391163366,1,7,6,6,USED,,4,0.70037747516619975,1,g1,40:33;181:20;24:18;32:25;73:17;83:29,30.959994633992512,4.7684472525634991,20.742486867833126,23.137180022215912,958,40.898516367829323,393.75575784376855,523.34572578840141,0.10386772905059773,0.078148180738874265,0.99977108616920773,0.92185181926112569,0.6742335402555788,0.62140113580718515,0.31913064578672057,1
424,1691509875.4553785,131717,0,3.0308227538800026e-08,7,1,25,13.244783653388843,19056.162792116895,55.398811437937674,1,7,7,7,USED,,3,0.29100138639637663,1,g1,28:30;172:18;180:10;11:13;82:23;21:21;71:33,34.036559241158621,3.8627628969890955,23.996940256541215,23.827375756059837,893,37.165300378899374,385.25728940051778,470.57741022058286,0.096468779180611197,0.07897808006015028,0.99999712437130905,0.92102191993984972,0.73971249248545634,0.68128946089129239,0.31913064578672057,1
425,1691509875.5555809,132666,0,9.5331420910116371e-08,7,1,25,12.832838340727324,30715.58873474917,53.344222787200223,1,7,7,7,USED,,5,0.12560410617406603,1,g1,49:31;16:29;53:21;60:35;83:12;169:12;73:23,30.553565161568777,3.7376356396094308,20.048510489028263,23.351207564972807,862,42.644874940787147,361.46277378585847,457.89235127335428,0.11797860812646579,0.09313297071286708,0.99987319617292658,0.90686702928713292,0.69627260197395668,0.63134659880836341,0.31913064578672057,1
426,1691509875.6564305,133199,0,-3.5307617177182671e-08,7,1,25,12.073822494395776,6872.4688676239821,75.919769841350202,1,7,7,7,USED,,3,-0.055557180189679096,1,g1,43:18;367:20;38:30;52:32;357:13;66:21;73:13,28.767944063459122,7.5903942740190384,19.935270211074588,26.00449907328284,900,40.772126159413972,375.17699242017909,484.05088142040705,0.10867437764880654,0.084231075129481345,0.99987089543551355,0.91576892487051864,0.69084651861284052,0.63257409485250116,0.31913064578672057,1
427,1691509875.7583735,133744,0,-8.9331054678454258e-08,7,5,125,12.414586710430472,89004.81667785249,341.97094063377631,1,9,6,4,USED,,5,0.80065212006174269,2,g1,500:13;354:23;256:11;35:17;346:15;58:21,29.93370532989502,8.8727863255877448,17.254207716760813,28.595860253040197,982,43.965434186755488,430.87224741924587,507.16231839399848,0.10203821306684528,0.086689078806127154,0.99988840313645955,0.9133109211938728,0.76288556779550531,0.69667396538212834,0.31913064578672057,1
428,1691509875.8616984,134277,0,-6.267456054143139e-08,9,4,100,11.380838724221084,82158.799805491057,237.2543477398977,1,9,6,6,USED,,5,0.75841581998116114,1,g1,499:10;343:19;26:19;331:10;47:23;252:10,30.392417271931965,6.2410352930636508,17.976847661544191,29.277991455944576,982,47.054244646121617,439.43532146857217,495.51043388530678,0.10707888589580952,0.094961158087365355,0.99991232280485842,0.90503884191263462,0.79187248136387978,0.71661251739123022,0.31913064578672057,1
429,1691509875.9657123,134461,0,1.1177612305179885e-07,9,3,75,12.098494190400221,56723.512919713088,140.20869996583053,1,12,10,7,USED,,5,0.68470833157934696,1,g1,497:11;363:36;23:16;332:14;343:21;544:11;47:21;55:14;258:10;39:29,28.888165664672851,5.1285121159182721,18.687402826107345,27.084809426250398,947,42.018933554952966,407.7513033797951,497.22976306525169,0.10305039666743855,0.084506070786914661,0.99976328366614098,0.91549392921308537,0.73553997968711071,0.67322298548734394,0.31913064578672057,1
430,1691509876.0697949,134517,0,3.5610961915399919e-08,12,6,150,13.447617364523721,109950.38976952188,144.6956486131225,1,9,7,10,USED,,6,0.70706016008544448,2,g1,24:27;10:11;368:35;336:20;51:17;43:27;531:12,28.353104727608816,6.1977536240071966,19.892744726176314,24.599996231995249,904,43.740674051428662,381.24734963119744,479.01197631737443,0.1147304344377516,0.091314364178752425,0.99976169170722284,0.90868563582124762,0.70458922170277882,0.64009752800633468,0.31913064578672057,1
431,1691509876.1718516,134425,0,-8.4468383787505985e-08,9,3,75,10.45239727887172,41143.96765594514,47.910106437025803,1,8,6,7,USED,,5,0.56559485731319048,1,g1,372:31;20:14;508:12;180:13;49:24;57:12,29.300042788187664,7.4968787034509425,19.804144205903505,23.453975139533512,928,43.754051875086532,406.13154062827044,478.11440749664308,0.10773369585479776,0.091513769903270981,0.99998125177926034,0.90848623009672902,0.75793049335315887,0.68855650713034866,0.31913064578672057,1
432,1691509876.2723048,133647,0,-5.975036621030938e-08,8,4,100,12.960851449085553,38234.491203169091,175.26961296053253,1,8,6,6,USED,,4,0.78085622540007671,1,g1,175:21;28:12;14:35;118:15;507:18;61:19,30.236463228861492,5.9679066101754685,19.76187229190657,23.156726918325599,938,36.606834680148921,428.65005245693931,472.74311286291146,0.085400280415984117,0.077434940211946274,0.9998036716228218,0.9225650597880537,0.82929440347125083,0.76492783439016421,0.31913064578672057,1
433,1691509876.3717213,132910,0,-7.1195678699731424e-08,8,3,75,13.387110632543807,13707.230782126782,72.375988220296279,1,9,8,7,USED,,4,0.57796569611967386,2,g1,45:28;181:27;27:35;42:18;17:29;502:24;74:11;70:21,29.814409255981445,8.5286020925901962,18.183718768783859,15.894012788403595,972,48.250904828609613,456.6141530326322,467.13494213875782,0.10567106715406899,0.10329114882242561,0.99990475545146862,0.89670885117757437,0.87418690268458299,0.78381647186369308,0.31913064578672057,1
434,1691509876.4702878,132208,0,-4.4003906241041335e-08,9,4,100,10.876761292805643,32712.900697919813,188.08378834170392,1,4,3,8,USED,,5,0.35627038357463492,1,g1,315:29;83:17;13:18,29.183213551839192,8.6868393059986388,19.296949013883701,22.97588488103246,1051,50.076143158310423,469.06256782258674,531.86128901910263,0.10675791801244454,0.09415263752446526,0.99992489460391254,0.90584736247553477,0.78777386757551326,0.71354928474346557,0.31913064578672057,1
435,1691509876.5689435,131452,0,-8.5939331054274426e-08,4,3,75,9.1744151763206645,21856.127316714341,74.989871979238629,1,7,4,1,USED,,3,0.81385435599748668,0,g1,332:29;318:35;211:14;24:13,28.907893657684326,4.0824728689466934,21.418328191259082,25.479601597373073,1086,43.52334880507388,479.30879862702943,563.16785256789728,0.090804401942433874,0.077283084619654441,0.99996879988275544,0.92271691538034561,0.77381094789926053,0.71398617378576434,0.31913064578672057,1
436,1691509876.666636,130561,0,-8.6519165026777145e-08,7,5,125,11.135992848550867,40004.702514472112,210.57441358356269,1,10,7,4,USED,,5,0.73276750125615386,2,g1,331:35;351:21;63:26;178:21;40:18;229:18;169:16,29.897324153355189,5.5495216849185036,22.644577267386747,26.824642467907715,1033,48.624922345562851,467.30068166297718,517.07439599146005,0.10405489282087485,0.09403854207928318,0.9998734226898589,0.90596145792071681,0.80970120076169683,0.73346522851358242,0.31913064578672057,1
437,1691509876.7630701,130444,0,1.3553466807203485e-08,10,3,75,8.1786119088398852,35951.590175841833,113.17344884170511,1,10,7,7,USED,,4,0.89598060906869614,0,g1,48:14;339:34;372:10;179:13;169:10;241:21;358:18,31.404056004115514,4.4837951882904461,24.105856223267853,27.561339706046823,967,38.490618242293927,428.93072375786232,499.57865799984404,0.08973621172453583,0.07704616205263505,0.99999456399318842,0.92295383794736496,0.78153880127459385,0.72132031501770832,0.31913064578672057,1
438,1691509876.8599687,130715,0,-2.6825561522114683e-08,10,2,50,9.4190718861790561,43802.985807815894,176.15775639862215,1,9,7,8,USED,,3,0.77867194805366058,0,g1,346:31;204:24;307:11;258:15;366:11;298:22;250:23,31.952381678989955,3.2590161398291184,22.645935276084288,23.179726157552356,918,41.961820095865072,392.35457034144088,483.68360956269436,0.10694872257852994,0.086754686878481133,0.99985011422336345,0.91324531312151891,0.72442551973669567,0.66147904944125535,0.31913064578672057,1
439,1691509876.9564226,130835,0,1.0405395507728787e-07,9,3,75,12.373159298673547,51568.440639812274,360.20720468274851,1,11,10,8,USED,,4,0.68860830719527155,2,g1,204:20;262:17;348:25;212:28;243:18;364:11;271:11;252:28;175:12;305:28,30.877070236206055,3.8531816025570351,21.338672278273869,23.531293748677932,895,39.112625388651644,401.26221805729017,454.6251565540577,0.097473979927677479,0.086032690502908668,0.99998852820123374,0.91396730949709137,0.79658942636091623,0.72804834266502494,0.31913064578672057,1
440,1691509877.0535164,130819,0,6.8753662110787594e-08,11,2,50,12.645280539573436,23933.300360342721,89.829540686397749,1,8,8,11,USED,,3,-0.12871460622382078,1,g1,212:29;355:11;349:21;205:18;243:28;298:22;257:28;271:17,31.985719442367554,6.090198856952477,21.227365657498893,24.010575635885026,892,38.991708719962695,387.72052470767215,465.28776657236517,0.10056653242528518,0.083801276373980063,0.99998001713937956,0.91619872362601995,0.74949061858361254,0.68666862623832903,0.31913064578672057,1
441,1691509877.151556,130719,0,5.6289672853426787e-08,8,1,25,13.364701155710129,6047.2488850112213,90.022368740788352,1,7,7,8,USED,,3,0.59104497026035818,1,g1,209:30;268:22;202:21;239:31;345:16;246:23;250:35,30.019712448120117,4.9927041714998364,20.437669106817882,22.52492167095976,923,38.793267404740355,409.83849920861894,474.36823338664072,0.094655010399580658,0.081778805312878816,0.99999207538806534,0.91822119468712116,0.7821881940847687,0.71821608641380408,0.31913064578672057,1
442,1691509877.2502091,130376,0,-3.3727416984263847e-08,7,2,50,11.046010046541916,17322.926479869064,16.149134369827483,1,6,6,7,USED,,3,0.47599934945723676,1,g1,85:12;336:11;233:34;262:25;252:33;242:40,28.408187866210938,6.736838212599352,19.27131305688005,24.822243330962721,979,43.356646363036013,442.30533247738242,493.33802115958179,0.098024245197751672,0.0878842588720955,0.99979578926296364,0.9121157411279045,0.80867208486510933,0.73745191165825874,0.31913064578672057,1
443,1691509877.3494632,130159,0,-3.1704101552398889e-08,6,2,50,14.867017094012894,70375.726495134164,370.96769316546062,1,7,7,6,USED,,3,0.25918021368035643,1,g1,81:23;72:15;231:27;319:12;216:30;234:41;256:29,31.9714480808803,8.4620493017924794,21.414667839802313,28.883888177743611,993,48.872733940818449,446.3547137070554,497.77255235212562,0.1094930386976799,0.098182862252810088,0.99991970580192868,0.90181713774718997,0.79852128826311242,0.72006236113906097,0.31913064578672057,1
444,1691509877.4503932,130219,0,-2.2316284167822609e-08,7,3,75,10.772286204675209,55185.303893264805,25.413541767379844,1,7,5,5,USED,,4,0.7436855864008608,0,g1,66:25;62:15;202:27;222:26;253:29,31.200027847290038,4.2342998887811767,19.607413459883652,28.144912918938406,1054,44.945585678623225,489.39371601973335,519.66069830164338,0.091839319156298546,0.086490253785815471,0.99977504916504156,0.91350974621418457,0.85526600682648657,0.78111808014163708,0.31913064578672057,1
445,1691509877.5524051,130424,0,8.9160156341305807e-09,7,3,75,11.517107228413041,27130.469303550242,148.33030095953504,1,8,7,6,USED,,5,0.64495703967900819,1,g1,55:29;491:85;210:21;85:20;49:18;81:34;202:28,29.76039477757045,4.1607701248438635,16.867419923498073,24.688465418567421,1078,45.690928579838854,504.44382431959031,527.86524710057085,0.090576842013019424,0.086557940366045069,0.99993734032486459,0.91344205963395497,0.86907198050935175,0.79379715765777092,0.31913064578672057,1
446,1691509877.6558971,130276,0,-8.4673461908657544e-08,8,3,75,11.703754369004905,40148.437659788717,73.833856822679962,1,6,5,7,USED,,4,0.19073087417939269,0,g1,124:42;37:17;44:27;68:22;85:22,29.374439239501953,7.9202571586531487,17.510358007421466,20.960077556573737,1000,45.876972402620495,466.29306453473816,487.82996306264187,0.098386563927121695,0.094042957334151023,0.99988806330158508,0.90595704266584898,0.86180867098180347,0.78067423902679989,0.31913064578672057,1
447,1691509877.7602487,131282,0,1.1598937989243385e-07,6,1,25,12.607817369926089,13961.693570339541,163.98269561954069,1,6,6,6,USED,,3,-0.22972890716089572,0,g1,33:25;68:25;27:14;78:17;78:36;56:27,29.170171737670898,4.2458563620296497,15.521324905831726,22.095678349856808,929,44.745535857182404,435.74166255198082,448.51280159083763,0.10268822034396261,0.099764233481126313,0.99992824310017037,0.90023576651887371,0.87176135287101653,0.78473443557215483,0.31913064578672057,1
448,1691509877.8644731,132532,0,3.451599121795379e-08,6,2,50,11.328628922666727,35689.176712412976,238.95460176397089,1,6,5,5,USED,,3,0.29063089100594108,0,g1,19:20;12:12;63:17;83:26;46:23,31.751559448242187,2.8851554142729525,19.359705877616996,23.923421439402073,966,38.401514108296965,444.98430034788771,482.61418554381476,0.086298581946092814,0.079569799766713717,0.99966692464348705,0.92043020023328626,0.84245925299822877,0.77516666398756273,0.31913064578672057,1
449,1691509877.9676158,133492,0,1.0364807129237263e-07,6,2,50,10.909530570241058,18957.004410583588,65.417435060938345,1,6,4,4,USED,,3,0.81147316446334661,0,g1,506:25;10:23;52:20;74:25,28.426764011383057,7.8829514528404783,14.722168904935415,23.070126807609121,959,40.698429522517849,445.57655426953227,472.72501620794975,0.091338803921669307,0.086093242640272669,0.99987180352741711,0.91390675735972737,0.85647704450849327,0.78263981397253135,0.31913064578672057,1
450,1691509878.0704601,134107,0,1.0804443359435645e-07,6,2,50,10.166919811017403,28431.591590464948,82.647410640046132,1,9,7,4,USED,,2,0.75889144932069863,0,g1,371:14;361:10;73:20;228:14;497:23;508:30;46:18,27.7415098462786,6.7514315668720579,16.615393418924302,25.519940195178126,945,43.856837939573836,447.52291709023262,453.62024497019314,0.097999088459488029,0.096681835579132097,0.99996704589001306,0.90331816442086788,0.88987668347382343,0.80381528238632804,0.31913064578672057,1
451,1691509878.1724186,134171,0,-5.8337402270014493e-09,9,3,75,11.876936438337488,75881.68154853335,473.94387218844395,1,9,6,6,USED,,5,0.7237159406509529,0,g1,519:19;357:16;497:29;77:10;67:18;46:35,28.68417517344157,6.0774845516406044,17.92250905254631,25.533350800298788,939,41.053834917265029,409.17126159812074,488.77490348461436,0.10033411133743608,0.083993336451157058,0.99946495238669708,0.91600666354884297,0.7531430604485676,0.68951494115564083,0.31913064578672057,1
452,1691509878.2733617,134078,0,2.4960327152379058e-08,9,4,100,12.21391341690938,76152.3642030599,336.14276153731538,1,12,10,7,USED,,5,0.69210405885895487,2,g1,503:36;36:31;513:21;500:16;42:16;350:18;370:27;361:21;491:31;69:12,28.891240501403807,8.8612657889296997,15.544826235155847,27.029368352734867,886,41.542509892747219,388.93665940344982,455.52083070380326,0.10681047643198517,0.091197826954613453,0.99920035553325115,0.90880217304538657,0.76263065505470007,0.69252617864062893,0.31913064578672057,1
453,1691509878.37427,133803,0,-6.2598266598046237e-08,12,3,75,11.743032634460761,52004.700682291215,197.75768252873823,1,12,10,10,USED,,4,0.73117728937208259,1,g1,174:10;330:11;13:37;343:17;65:19;361:23;110:13;35:20;45:23;72:10,28.279433631896971,5.9742164104407163,19.405099757112733,23.375622095323511,926,42.075255660365784,429.1716493626916,454.75309497694258,0.098038292424130091,0.09252329698272671,0.99981674290080713,0.90747670301727323,0.85122321976050064,0.77232368126071393,0.31913064578672057,1
454,1691509878.4744835,132639,0,-5.9302368154989793e-08,12,5,125,12.249884326240757,85473.461605682925,249.72606950139544,1,7,6,11,USED,,7,0.48041311328504532,3,g1,179:16;24:39;15:33;171:24;80:10;122:10,30.586494127909344,5.153171658791762,21.938500453672461,10.356146786091498,974,47.401239799106683,459.24391876972646,467.35484143116656,0.10321582466696648,0.10142451858196505,0.99982997528043926,0.89857548141803489,0.88122052552070806,0.79170852504435651,0.31913064578672057,1
455,1691509878.5731082,131902,0,-7.9931640611929922e-09,7,3,75,14.33533108323663,40300.06089566461,203.93519358887789,1,10,10,7,USED,,4,0.59401495164908902,3,g1,35:39;177:26;54:24;64:26;25:31;14:26;69:14;80:23;85:13;496:20,30.304897117614747,6.961501590642472,23.356005884110523,20.228674159568861,1011,48.771247120135129,471.97640229676648,490.25235058309818,0.10333407959126956,0.099481924078747203,0.99977100002253438,0.90051807592125277,0.86323942082741267,0.77718468626156834,0.31913064578672057,1
456,1691509878.6705401,131597,0,-1.5792236324196907e-08,10,2,50,10.18597932353984,18952.428942171162,120.650024996729,1,6,4,8,USED,,5,0.04470956948037777,0,g1,202:11;326:21;24:24;16:17,27.916727542877197,6.8717613094821317,26.402729444546544,19.741274814749588,1066,53.383175819288248,496.04014542741493,516.57667875329707,0.10761866012536228,0.10334027457089792,0.99975511920289417,0.89665972542910211,0.85690467226749811,0.76816375352656296,0.31913064578672057,1
457,1691509878.7675791,130883,0,9.2991943367870533e-08,6,4,100,12.420926598391121,52708.862455968658,163.28999648076578,1,8,7,5,USED,,4,0.70048262324072841,3,g1,331:19;318:26;35:23;46:28;217:13;342:17;20:12,28.268116814749582,6.1782255586896424,27.13041622152938,16.362776731410225,1072,52.988131712565917,488.87230024073409,530.13956804669988,0.10838849263186544,0.099951286239208251,0.9998026995094248,0.90004871376079176,0.82220644298290002,0.73987984398906503,0.31913064578672057,1
458,1691509878.8649626,130360,0,-1.4401245113093708e-08,8,5,125,12.529300895435041,46576.613705923046,386.09334499486704,1,10,8,6,USED,,5,0.52639826743992446,2,g1,324:24;339:15;33:12;43:16;209:16;351:10;169:10;231:15,29.215797662734985,3.8405931138169276,20.179090247405906,27.663972673525549,1064,47.462746655235343,497.26877276402081,519.26848058074359,0.095446867478563388,0.091403095759160238,0.9997847647511483,0.90859690424083972,0.86623017365838939,0.78688465237081373,0.31913064578672057,1
459,1691509878.9632888,130096,0,5.0428466805141348e-08,10,4,100,12.499022173599712,101815.92573353669,100.96574290135854,1,9,8,9,USED,,4,0.66787337569745031,2,g1,331:21;76:24;176:13;50:10;339:14;224:21;491:82;237:24,32.083729267120361,5.3303777381814301,29.619935349678745,21.003593163041387,1025,53.243450726144694,480.91889269995079,490.83765657390484,0.11071191324430607,0.10847466573324717,0.99995278944207722,0.89152533426675284,0.87131750436391286,0.77676495609219431,0.31913064578672057,1
460,1691509879.0600698,130258,0,-5.0325927730687781e-08,9,2,50,12.694421023587108,128633.5450700564,244.06815537813449,1,12,10,7,USED,,2,0.93957305205582597,0,g1,66:10;337:15;249:22;179:12;228:25;494:82;261:13;238:30;170:25;223:16,28.67607135772705,5.34503467244968,20.680240453192198,24.44622828213155,963,58.044351934152232,444.53581524818469,460.41983281766301,0.13057294810260905,0.1260683137364744,0.99980457737243278,0.87393168626352558,0.83943269982266833,0.73346347148549862,0.31913064578672057,1
461,1691509879.1566088,130251,0,1.1558288574853304e-07,12,5,125,13.977995175043093,183773.88023034879,628.2414911195832,1,11,7,8,USED,,5,0.78283207006412114,0,g1,70:10;331:16;177:16;490:82;266:10;223:18;231:25,32.348279680524556,9.0043739037311408,18.429061440623343,30.365051628322909,929,45.08531757069165,400.54437412901405,483.37030830029352,0.11256010690133876,0.093272832022364152,0.99990380747742513,0.90672716797763586,0.73537627457558619,0.66672150705047906,0.31913064578672057,1
462,1691509879.2545226,130299,0,-1.0531921386391918e-07,11,3,75,14.493677961822041,87167.120783612292,363.82392250759688,1,10,8,9,USED,,5,0.68436788644376567,1,g1,322:19;72:11;219:26;174:17;332:10;229:25;264:12;249:26,30.913121700286865,5.6710812202695422,20.635695947168113,28.891810566312344,929,46.165898824739827,387.60508796888683,495.22901320637334,0.11910550263067129,0.093221312955469829,0.99991412318290296,0.90677868704453013,0.689457160301433,0.62513136968865513,0.31913064578672057,1
463,1691509879.3526144,130195,0,1.0237731934426009e-07,10,4,100,17.971433901817708,154831.29006165228,145.80895029099923,1,8,7,9,USED,,4,0.4487918475935237,1,g1,68:18;75:26;179:10;316:15;214:20;221:30;209:29,33.290291649954661,6.331412387072076,21.906449032822763,30.6321259853996,913,49.391362079984397,389.33340082045061,474.2752370995658,0.12686135321526723,0.10414071453959453,0.99978915752361286,0.8958592854604055,0.71676109598170168,0.64198169773601255,0.31913064578672057,1
464,1691509879.4517398,130118,0,-1.7927246090398974e-08,8,2,50,10.767793838845538,41596.926525357616,50.582454883098244,1,6,6,8,USED,,1,0.66551851636051429,1,g1,55:15;64:25;208:33;204:16;234:32;218:40,30.848534901936848,6.1773894774822429,21.439474083510799,27.3506281498601,988,53.673470011952283,454.39956828499396,479.92696170305356,0.11811954446728022,0.11183674661971128,0.99956089555695615,0.88816325338028868,0.83497309017821741,0.74126677973277233,0.31913064578672057,1
465,1691509879.5515168,130131,0,7.4568481445158596e-08,6,3,75,11.05796022352042,47887.500544520946,110.59696276568373,1,6,5,5,USED,,3,0.68421486238048956,1,g1,46:16;52:26;233:29;83:30;203:28,30.163253402709962,4.2791267849412176,22.542742386986369,20.510085547608849,1006,48.781553791946095,472.13551860684737,485.08292760120696,0.10332108445449759,0.1005633284873098,0.9999645061343051,0.89943667151269024,0.87274554663969972,0.7849514875955288,0.31913064578672057,1
466,1691509879.6529386,130263,0,-2.3773193275067328e-09,6,2,50,11.168716638734704,22539.467797678772,58.791430316690871,1,9,8,5,USED,,3,-0.21625059384192424,0,g1,45:33;40:24;34:15;81:32;173:12;75:17;262:16;71:31,31.059146642684937,5.292908906439302,22.213876214296207,16.072783121507936,955,45.45545890813527,444.8708352714869,464.67370582037739,0.10217675627217869,0.097822317765719174,0.99974908520010652,0.90217768223428085,0.85956095935789456,0.77528213546805169,0.31913064578672057,1
467,1691509879.7555873,131262,0,-1.1199401854511404e-07,9,4,100,10.488773732809008,38453.465850104345,113.06424037300646,1,9,6,6,USED,,4,0.8062084533557855,1,g1,27:15;69:33;79:21;260:17;203:29;59:31,30.292777061462402,8.069760139931935,20.261226381304642,24.004287762325948,896,51.56767175966101,414.67411733316482,429.758210907175,0.12435710261180734,0.1199922897361449,0.99999953935676755,0.88000771026385505,0.84490868669390584,0.74352581625925185,0.31913064578672057,1
468,1691509879.85904,132241,0,-7.5168457028262914e-08,9,4,100,11.420769943954374,36511.827532694748,129.31834270022026,1,9,6,6,USED,,5,0.7444519698506542,1,g1,28:31;21:23;67:24;16:12;50:29;85:31,32.480978647867836,5.1339441567179014,22.103334776050854,18.980135005504987,888,50.26900723305819,418.2156410314235,419.51535173551844,0.12019877379306607,0.11982638305153147,0.9998187760787749,0.88017361694846852,0.87707549265166251,0.77183880769538005,0.31913064578672057,1
469,1691509879.961797,132640,0,-7.531738280275313e-08,9,5,125,11.603161173498638,72597.497192000301,166.65990292064672,1,7,4,6,USED,,5,0.76403816939401981,0,g1,53:31;41:27;59:20;72:31,27.658084392547607,5.4426915273837526,14.497280216128178,24.857863668024063,881,49.548365588905966,411.18718440318736,420.26445000790665,0.12050075359430849,0.11789806534427023,0.99987035987837725,0.88210193465572972,0.86050299711878497,0.75895295502509563,0.31913064578672057,1
470,1691509880.0643532,133388,0,-1.1664428710422836e-07,7,3,75,12.065436264028319,21618.898703194474,181.00075250048488,1,8,7,6,USED,,3,0.70280956859454291,2,g1,362:13;373:21;507:27;34:26;61:33;47:28;70:27,30.547337123325892,7.9454882299193583,19.396505385883078,27.500796998027166,911,44.369530111638056,428.10510954764663,438.52536034071488,0.10364167379016036,0.10117893769510819,0.99954100796715073,0.89882106230489178,0.87505903680886998,0.78616048594507204,0.31913064578672057,1
471,1691509880.1675301,133530,0,6.6880493171384003e-08,8,4,100,9.7535525850789835,133414.78450023741,58.65576106035769,1,11,8,5,USED,,6,0.81312653276874114,1,g1,39:33;362:19;27:24;44:22;353:14;74:20;491:21;58:32,30.489050626754761,7.7110287141026257,17.8405880509737,27.785719140823733,944,41.228869981751835,446.38344935607864,456.38768066216949,0.092362004104824452,0.090337385798698974,0.99980530994904415,0.90966261420130101,0.88774214673474772,0.80738862079428997,0.31913064578672057,1
472,1691509880.2697673,133559,0,1.1788330089856913e-08,11,6,150,13.294305643418106,169356.92983826532,241.80508039871276,1,13,9,7,USED,,8,0.73050460031057518,1,g1,31:37;491:22;61:25;26:19;350:17;77:14;504:11;37:28;45:40,27.733507580227322,7.6407050443436049,15.462053579134594,24.975568398481254,950,53.094354729609506,439.29016392790669,457.61548134248466,0.12086397349502911,0.11602394782154034,0.9997480625723939,0.88397605217845965,0.84393082171375189,0.74582668708187283,0.31913064578672057,1
473,1691509880.3705518,133598,0,1.040039068755938e-09,13,7,175,14.397309364935735,135049.65068067188,194.36712435725173,1,11,6,8,USED,,8,0.76871741856437392,2,g1,25:35;502:11;352:20;342:15;37:23;67:16,30.548973719278973,8.4281091492351354,19.969642869160886,28.14438164706387,944,54.909712522175262,417.96765956362208,471.1226279142021,0.13137311288510597,0.11655078586498094,0.99981234381442363,0.88344921413501909,0.77062303003532373,0.68067855276375067,0.31913064578672057,1
474,1691509880.4711375,133723,0,8.6627807621697528e-08,11,6,150,15.132800775260534,127124.26953956824,203.49171590264831,1,11,9,9,USED,,6,0.68551454377475307,3,g1,32:34;495:32;492:13;337:13;38:22;346:18;65:19;54:29;46:38,28.857500712076824,6.7167352796174917,17.777279932396759,25.659767913653408,934,52.340832994166547,410.55230203252256,471.10686497331005,0.12748883086282217,0.11110182611567727,0.99992788842827296,0.88889817388432268,0.76036138649486684,0.67583510890085841,0.31913064578672057,1
475,1691509880.5707316,133860,0,1.0026245125804856e-08,11,4,100,14.599159920971248,68799.479490587604,104.84440247219835,1,9,6,8,USED,,7,0.43362966044063106,1,g1,31:34;16:34;348:16;28:13;62:21;73:11,28.950545946757,7.3619456832871846,19.617313596719907,23.619073477465331,909,53.696896277875837,392.7173120719994,462.58579165012463,0.13673167601032887,0.11607986506963301,0.99992933309229381,0.88392013493036703,0.73288116910114831,0.64776264326185184,0.31913064578672057,1
476,1691509880.6707158,133458,0,-3.5802001946416695e-08,9,4,100,14.516058542191914,53257.931919158582,180.71819432931889,1,9,7,7,USED,,6,0.59358606757705146,2,g1,34:31;172:13;367:20;113:10;77:10;353:16;59:34,28.656536102294922,6.8663719696249492,21.109210594760945,23.124185702841306,863,46.283791542974718,385.70711880776605,431.00908964925873,0.11999724476447182,0.10738472262995422,0.99997717941470377,0.89261527737004576,0.78750851296663626,0.70292608818215641,0.31913064578672057,1
477,1691509880.7691014,132672,0,1.1699829105538129e-08,9,2,50,16.131853894180612,37425.577405518459,387.14593205519401,1,9,9,9,USED,,4,0.32305157938398199,2,g1,45:31;56:20;22:36;177:16;13:27;66:30;74:22;83:11;121:11,31.927145428127712,6.1971370007226287,22.390909859335956,22.686202938951872,825,41.747741913509408,388.54996748492147,394.70229060156919,0.10744497595442347,0.10577020429722186,0.99988981843740188,0.89422979570277816,0.87864254611456083,0.78562177393464838,0.31913064578672057,1
478,1691509880.8662589,132383,0,4.2872924807535462e-08,9,4,100,12.182300527029886,49112.485244502052,240.88832634236431,1,10,8,7,USED,,5,0.43144387995168043,1,g1,43:30;55:33;28:38;10:24;175:22;81:18;505:17;19:29,32.880147933959961,12.07336943003105,24.917625197737728,23.542738968385855,882,51.786310764691223,401.94521550426941,428.26847373103959,0.12883922675810816,0.12092020295945008,0.99989876933318,0.87907979704054995,0.81761541233475044,0.71867643127260383,0.31913064578672057,1
479,1691509880.9642918,132126,0,-1.0950805663656471e-07,10,4,100,12.146816804908811,60051.541650445834,300.63336805242221,1,7,5,8,USED,,4,0.76016202014318446,0,g1,61:28;42:33;21:29;11:22;84:19,29.902237701416016,10.84887819777256,22.220122158619446,21.966386360149368,919,53.258711483887339,422.60836167557625,443.13292684053579,0.12602379960662599,0.12018676170965925,0.99987586977719223,0.87981323829034075,0.8334962893077944,0.73323004209113918,0.31913064578672057,1
480,1691509881.0622954,131669,0,3.49127197291077e-08,7,3,75,11.155269653823551,48305.225849091556,225.03605214692524,1,8,6,5,USED,,5,0.67226522305391267,1,g1,54:30;67:28;20:26;330:15;84:30;10:19,31.994560241699219,13.47106741990102,23.602270328748503,25.441735043258078,961,58.706690998303046,449.67135135046425,452.62195765123295,0.130554661358776,0.12970358597480899,0.99933929269386201,0.87029641402519098,0.86377749409457139,0.75124577389340474,0.31913064578672057,1
481,1691509881.1604679,131298,0,1.3958740274766512e-09,8,5,125,11.655487550832774,55712.81358328231,270.78652286511891,1,9,6,5,USED,,6,0.76929536667067577,1,g1,52:29;71:27;204:11;85:32;16:22;321:17,32.25139776865641,12.905126166280439,24.268454881356728,25.170995835952255,1012,53.432043453055357,472.76741345458242,485.80054309236232,0.11301972583647295,0.10998761572585695,0.99982408574329296,0.89001238427414309,0.8631842346907409,0.76810951359683854,0.31913064578672057,1
482,1691509881.259042,131142,0,-6.606628417948901e-08,9,4,100,12.42725255306406,34984.771045177615,158.28966763451331,1,9,6,6,USED,,6,0.71165061812646258,0,g1,212:47;72:32;210:60;203:14;18:23;52:33,28.935856183369953,14.240689393532158,17.049706648601916,16.503811278319478,1018,49.793865126636092,481.36017278839677,486.84596208496691,0.10344409018758849,0.10227848026794521,0.99967307451469445,0.89772151973205483,0.88645350125434841,0.79552822081411101,0.31913064578672057,1
483,1691509881.3576374,130959,0,3.9722900399552508e-08,9,3,75,11.18563966080819,28478.007340678862,41.480115516020703,1,10,8,7,USED,,4,0.73030538402368794,1,g1,53:27;209:58;212:45;69:31;41:40;83:35;203:13;15:23,29.864383697509766,15.967567286355832,18.936874199386896,23.096119270434261,1020,52.124511970977672,480.98478904624329,486.89069898277882,0.10837039581716641,0.10705587944045179,0.99993508985800428,0.89294412055954819,0.88081427304166737,0.78646687342720345,0.31913064578672057,1
484,1691509881.4565465,130814,0,1.1548156739205062e-07,10,4,100,16.379222972498663,56161.165064599969,223.72215447859429,1,8,7,9,USED,,5,0.60614858541626715,3,g1,51:27;65:31;19:28;38:41;10:22;83:32;205:48,32.411440985543386,14.797921187933602,22.804745582376075,23.134518380603605,1011,53.893250663247457,476.23455735790867,480.87219197884372,0.11316535062520588,0.11207395969700516,0.9999679092108138,0.88792604030299482,0.8782818256898548,0.77982427777527408,0.31913064578672057,1
485,1691509881.5564265,131011,0,3.4530029308088572e-08,8,5,125,17.870447462884158,47526.630869510358,169.40879916894551,1,8,5,5,USED,,6,0.74181399547285898,2,g1,44:26;61:31;12:27;75:31;83:22,34.664831161499023,18.401463876883632,20.557410375497618,27.414204576038248,989,56.272633951374793,448.75682648475134,483.97053956387401,0.12539671962692009,0.11627285000050706,0.99975755994008841,0.88372714999949298,0.81096711565761903,0.71649990745886738,0.31913064578672057,1
486,1691509881.6564376,131500,0,1.1382751465005558e-07,8,4,100,16.882283321530238,49205.79913590473,174.01347768150984,1,8,6,6,USED,,4,0.71742056670730825,1,g1,34:22;84:53;51:21;43:28;69:30;76:15,31.97930081685384,20.233140876399471,17.010680881251698,25.293228399935177,918,47.427968871354445,432.59777645612428,437.97425467252162,0.10963525809098737,0.10828939912647806,0.99989927099711973,0.89171060087352194,0.87943481489058239,0.78412235539541342,0.31913064578672057,1
487,1691509881.7582924,132179,0,9.1346435554529037e-08,8,5,125,19.56940382281363,37354.413097880381,310.54751584257468,1,11,10,7,USED,,6,0.44386775442110188,4,g1,81:52;26:19;42:25;29:29;85:41;372:25;67:24;60:33;14:35;72:15,31.343609046936034,11.976328859885445,24.051171680044718,21.101420318264395,850,55.65821368442478,379.27606384558123,415.06572246999428,0.14674855333629888,0.13409494128595115,0.9997338702808245,0.86590505871404888,0.77967857291456122,0.67494794893362897,0.31913064578672057,1
488,1691509881.8612835,132695,0,2.4829101566425926e-08,11,5,125,22.663722916408684,28650.18828272718,98.401054614252274,1,8,7,10,USED,,7,0.15396195910104427,3,g1,12:10;21:17;26:28;39:24;176:19;14:40;67:20,30.782951082502091,14.744967644071616,21.299962882121161,18.599357002707741,852,46.758330756586801,386.96755247654136,418.27411676687234,0.12083269115805613,0.11178872629751518,0.99926604003415753,0.88821127370248476,0.81336427018163371,0.72190907286759898,0.31913064578672057,1
489,1691509881.9647961,132728,0,5.5166015630603304e-08,8,3,75,26.784765255001563,7241.8223735963438,61.078562393575325,1,12,12,8,USED,,6,0.14236785351711087,3,g1,22:24;202:40;18:14;202:51;37:22;365:29;10:21;172:22;21:43;60:30;12:38;69:16,29.189041932423908,14.224455982919869,20.391579271824543,21.409268222510054,875,46.82190582742556,384.16206274051876,444.01603143205574,0.12188060813035381,0.10545093535567611,0.99983012883550115,0.89454906464432393,0.75974769610253068,0.67951614110442005,0.31913064578672057,1
490,1691509882.0678654,132559,0,4.0524292005406082e-08,12,7,175,28.450629488422695,21144.321664435749,201.95416080403081,1,10,10,12,USED,,9,0.29186036165664209,7,g1,212:40;23:14;24:25;212:59;40:20;63:29;20:42;13:18;73:14;10:35,31.992219543457033,14.447542183886465,22.165353246111188,21.729916806294021,886,50.692328378265685,384.05525143409687,451.25242018763743,0.13199228024867768,0.11233696731684467,0.99983868785844954,0.88766303268315538,0.73875043798593687,0.65565567189408613,0.31913064578672057,1
491,1691509882.1710389,132176,0,-5.7142333975690462e-08,10,6,150,25.742247825541842,26539.074428054602,104.43243233622444,1,12,11,9,USED,,6,0.42388816555468106,4,g1,32:14;230:37;227:56;218:38;16:12;49:18;203:42;33:25;29:42;80:19;18:34,30.625883795998313,13.694869777293871,22.185991992380711,20.97502874940006,944,54.399515444102676,414.12573737876647,475.47474717713084,0.13135989998696446,0.11441094562239068,0.99981070748728484,0.88558905437760926,0.7565622024520543,0.66987637885706985,0.31913064578672057,1
492,1691509882.2722301,131265,0,-9.5194702148804211e-08,12,8,200,25.887371176619261,38897.410652088074,112.8571399715609,1,8,7,11,USED,,10,-0.037837266945469857,7,g1,243:33;241:55;58:18;45:18;233:38;17:30;34:38,28.986630575997488,14.997050414353854,19.643037598896846,19.773879064565996,977,49.222114273710737,452.73669401198157,475.04119171430762,0.10872128308735692,0.10361651817199294,0.99995192297465074,0.89638348182800709,0.84943071627554079,0.76137905642659465,0.31913064578672057,1
493,1691509882.3712049,130625,0,5.9230346682870305e-08,8,7,175,20.919104712891272,20204.914461410557,127.24715947192904,1,14,13,7,USED,,7,-0.38110330942619763,5,g1,54:20;253:35;75:16;230:44;247:53;68:35;496:85;202:25;49:44;29:32;209:16;18:26;10:19,29.762024952815128,13.024478187320776,21.471666896245612,21.546606982861803,1009,59.717127292925248,453.96208560127951,495.32078710579572,0.13154650836936971,0.12056253007643357,0.99976625960940924,0.87943746992356642,0.79593864939923753,0.69981465884733385,0.31913064578672057,1
494,1691509882.4694216,130343,0,-5.5571289056532969e-08,14,11,275,18.994596334214261,131243.40881358908,344.12737797501433,1,14,9,9,USED,,11,0.66597867577618131,6,g1,61:15;251:52;267:49;257:35;77:32;42:12;25:24;34:29;218:19,29.636855019463432,13.64953317220599,20.141439053716155,25.719195584651775,1025,68.014153447029003,471.51635441654145,485.46949213643023,0.14424558726322509,0.14009974787028462,0.99990584762198509,0.85990025212971544,0.83115871852997358,0.71464629963948456,0.31913064578672057,1
495,1691509882.5677528,130231,0,-4.5853271471441026e-08,14,9,225,19.595578933672744,34954.259126796605,57.603521318357267,1,10,9,13,USED,,10,0.29104630827307865,7,g1,275:51;171:11;44:31;490:85;349:19;11:10;229:18;220:30;33:26,28.575420591566299,7.2736224378505137,22.617088883041678,21.729344859847174,1000,60.446245124955361,462.25143186620812,477.30232300883694,0.13076486292518535,0.12664142245089438,0.99999540728323,0.87335857754910562,0.84182533243990443,0.73521199824853611,0.31913064578672057,1
496,1691509882.6651046,130008,0,8.7091064499000836e-09,10,6,150,16.640055644780052,51065.995818494797,94.466927918689876,1,13,9,6,USED,,6,0.7340798591457518,2,g1,146:42;107:47;343:22;364:13;73:40;234:18;353:20;31:21;495:84,25.870400958591038,9.0754415491267277,22.4896451272215,15.106228029146557,968,55.522788312500097,448.81950458326622,463.65770710423374,0.12370850140315004,0.11974952095429778,0.99992110460391714,0.88025047904570219,0.8482479860565546,0.7466117871955239,0.31913064578672057,1
497,1691509882.7627187,130001,0,-2.7871093738474073e-08,13,6,150,15.159981144156546,57773.966019955566,141.72361418270515,1,14,10,9,USED,,8,0.76101562452405047,2,g1,151:41;338:27;348:22;358:17;208:22;32:12;45:23;21:13;367:12;241:20,27.16888599395752,6.1968562147155799,22.350411429676797,10.310141907707418,955,53.75285596239366,447.87350116742772,453.37364287017834,0.1200179421695666,0.11856193408619822,0.99994323686492559,0.8814380659138018,0.86930647911062808,0.76619632745911403,0.31913064578672057,1
498,1691509882.8597713,129878,0,-5.6616210886151208e-09,14,9,225,11.650840235578359,130621.60766075439,180.53201621660236,1,10,4,8,USED,,10,0.78240759388202008,2,g1,154:44;212:27;361:12;244:19,28.664177417755127,6.5962306215307809,16.865088577225908,23.709819345887674,943,55.35226086216305,421.85290074522482,465.79483839261172,0.13121223242599597,0.1188339936380047,0.99994827278739318,0.88116600636199527,0.78682846969236631,0.69329063648345401,0.31913064578672057,1
499,1691509882.9558942,129734,0,-8.0612792968670632e-08,10,4,100,9.5446084109253029,68705.247784658626,326.67738102171324,1,12,9,7,USED,,7,0.56828013883419459,1,g1,79:37;336:23;43:19;353:13;176:13;207:22;490:82;33:14;241:20,29.813927544487846,5.9811377420925576,19.294401971362646,26.711174240340338,907,50.327215746563326,408.5571909152988,448.11559333813801,0.1231827926802959,0.11230855719985521,0.9997520578595428,0.88769144280014478,0.79941421475691232,0.70945720972845061,0.31913064578672057,1
500,1691509883.0536079,129812,0,1.245239258929054e-08,12,8,200,14.893725645288283,111828.31231671452,491.42143838037396,1,11,6,7,USED,,9,0.73195586599621476,2,g1,336:17;74:39;498:85;345:12;34:12;238:18,28.294551849365234,3.840089043863951,18.15281674814949,26.182688969463822,949,52.2155306761723,426.45645057382188,470.32801875000581,0.12244047570604988,0.11101939198720479,0.99989587525041346,0.88898060801279521,0.79570194625502511,0.70728994592104233,0.31913064578672057,1
501,1691509883.1528761,129953,0,-3.0725097605044382e-09,11,5,125,15.339138311408778,89058.862921724547,777.41278319565606,1,9,8,10,USED,,4,0.67346397990951778,3,g1,338:10;322:18;559:85;50:27;219:32;490:83;36:17;231:24,30.798231601715088,4.6889938696774518,21.552875053411697,28.360323110995711,964,56.381914372183374,426.52929852309427,481.08878710472237,0.13218767050097638,0.11719648406586179,0.99990950538867773,0.88280351593413819,0.76939515963056115,0.67916328588462838,0.31913064578672057,1
502,1691509883.2539721,130095,0,9.0329589849669212e-08,9,4,100,13.994531841186099,60672.122845132391,31.485745165965209,1,7,6,8,USED,,4,0.48526881861044741,1,g1,309:11;57:39;41:23;50:30;34:14;228:26,31.292086283365887,5.7578135338216834,25.78338744222582,26.596859923553875,965,65.773495891293877,438.59919072093231,460.62731338777382,0.14996264763548917,0.14279113283046507,0.99991317838083105,0.85720886716953493,0.80938686003576044,0.6937533553735814,0.31913064578672057,1
503,1691509883.3549571,129922,0,-1.1737304686509908e-07,7,4,100,12.334860734293756,61604.498920877399,254.9565817957839,1,8,6,5,USED,,4,0.80766275637967222,1,g1,33:22;74:20;216:28;25:11;229:23;246:13,30.454516410827637,3.3800724912999769,21.675028020685957,25.306045054735439,973,61.013945651461022,443.37979661171846,468.60625773682051,0.13761101908053974,0.13020301083074265,0.99989081423525017,0.86979698916925741,0.81596403088369007,0.7096455656782692,0.31913064578672057,1
504,1691509883.4570143,130357,0,-7.08435058532908e-08,8,6,150,16.801656675358959,93194.015689134088,164.58044646182563,1,8,6,6,USED,,8,0.57831453892318785,3,g1,27:25;203:29;21:15;63:32;218:23;234:18,31.404239972432453,6.1085742917609247,27.955680194439509,23.844679367628761,905,52.282678669922426,415.44791116207716,437.26941016800077,0.12584653157523176,0.11956628443282871,0.99991108948385354,0.88043371556717132,0.83052970102030488,0.73116133684595097,0.31913064578672057,1
505,1691509883.5597746,131353,0,3.5961914141013906e-09,8,5,125,15.626531157203784,96335.143772997777,437.84834125166174,1,9,7,6,USED,,6,0.60372329830593463,2,g1,260:43;11:17;54:33;19:25;85:35;226:16;241:11,32.236466544015066,5.5020322509508235,20.503765849970954,24.798563927209926,840,52.113548940680701,387.49602042514289,400.39043063417637,0.13448795908537101,0.13015682931816905,0.99998622872888632,0.86984317068183092,0.83763857930683205,0.7286041637660251,0.31913064578672057,1
506,1691509883.6628416,132153,0,1.177044677835859e-07,9,7,175,16.949904337470873,101420.74034377933,160.778043861676,1,9,6,6,USED,,8,0.63183343919907387,3,g1,373:11;21:40;47:26;72:39;80:32;63:44,32.772703488667808,6.5574360149220894,27.043736348482085,19.85337472297558,780,47.210697638383998,356.08324830949294,376.70605405212297,0.13258331545366717,0.12532503030028735,0.99996175403491261,0.8746749696997127,0.81992988259321098,0.71714471627227827,0.31913064578672057,1
507,1691509883.7662299,132334,0,-6.7109374987661674e-08,9,6,150,14.794996160652595,105089.30820100471,459.85144391938189,1,8,5,6,USED,,6,0.7192736589868447,3,g1,40:42;373:19;364:11;85:20;75:30,31.104621505737306,6.1567520020043887,25.840026371051739,26.21735001241192,820,50.261112630022723,376.69635548962913,393.04253188034846,0.13342606557659267,0.12787703251749713,0.9999909497580548,0.87212296748250284,0.83053414422584959,0.72432134711502405,0.31913064578672057,1
508,1691509883.8699331,132486,0,-5.2307128906026179e-08,8,3,75,11.985447223453246,49025.85857674307,69.783804950476139,1,9,7,6,USED,,3,0.73886487029995407,1,g1,56:30;46:38;371:18;12:36;360:13;85:16;76:24,30.961574009486608,11.485128794089421,24.378148920788323,24.361014229327672,833,57.171422550611766,382.23817664425832,393.59040080512983,0.14957015296726917,0.14525614047919286,0.99994268213148219,0.85474385952080711,0.82590112316938846,0.70589345097313061,0.31913064578672057,1
509,1691509883.9725773,132409,0,7.5935058602150107e-08,9,5,125,17.776980542635869,88663.806052504457,745.46214745259238,1,10,9,8,USED,,5,0.62811361927933329,3,g1,63:26;52:35;25:40;373:13;361:12;115:10;72:31;82:22;64:40,30.909436543782551,8.4339121649203221,23.718694202291303,23.263600332833875,837,46.80553456636752,385.48837536381092,404.70609006982238,0.12141879640908507,0.11565315105164921,0.99993001542467685,0.88434684894835081,0.83686124105276438,0.74002380765533826,0.31913064578672057,1
510,1691509884.0736935,132168,0,5.3425903326353996e-08,10,6,150,15.401033776142217,97681.330082647532,335.15172977093783,1,10,7,7,USED,,6,0.71005839297810114,0,g1,66:19;58:31;364:10;176:10;29:39;68:40;85:19,31.132684707641602,10.725194029690408,22.130373505742103,12.969417116169501,846,54.189375732683139,389.42594229609483,402.38468197122222,0.13915194096514755,0.13467057311232006,0.998920548956725,0.86532942688767989,0.83312457353281455,0.7201490041125127,0.31913064578672057,1
511,1691509884.1732953,131793,0,-5.1381225579794076e-08,10,6,150,14.609803228412233,107526.88441969684,209.88762407463955,1,10,6,6,USED,,6,0.80755283623560403,1,g1,83:10;71:26;180:19;12:14;495:15;210:11,28.991289456685383,11.420648572112155,22.653520818880391,23.893746216847642,923,60.960360606863333,422.82149259753834,439.21814679559878,0.14417517007558628,0.13879290063858124,0.99968680988815461,0.8612070993614187,0.82387564045498374,0.7093053335378533,0.31913064578672057,1
512,1691509884.2712924,131338,0,-2.2430419910346444e-08,10,5,125,14.355410371060591,72664.760702810352,304.10089720513156,1,8,5,7,USED,,6,0.77575569443849457,2,g1,78:18;308:19;28:23;215:11;17:13,29.425190734863282,7.6960109163298451,24.921217826950489,8.8982453087977635,1004,57.065040429282227,469.07271466235005,477.86224490836713,0.12165499856532698,0.1194173447208092,0.99984966488716764,0.88058265527919077,0.86218921587344211,0.75911473030922239,0.31913064578672057,1
513,1691509884.3693302,130863,0,1.4818725593834792e-08,8,6,150,15.577171091641153,105864.53146844702,940.30490120898753,1,11,10,7,USED,,7,0.3645684108562432,4,g1,170:11;180:10;309:25;319:23;49:30;38:21;202:25;21:11;220:15;203:35,29.259704017639159,9.1439863871609308,20.572727500991448,18.662026373059319,1009,58.681138989214006,467.1752436823449,483.14361732844151,0.12560840879897769,0.12145692685270953,0.99982220235308306,0.87854307314729052,0.84549208566991418,0.74266914695795727,0.31913064578672057,1
514,1691509884.4668639,130337,0,4.669067384110992e-08,11,5,125,10.552182316613537,57263.285531665199,263.71277791582821,1,11,7,7,USED,,5,0.77821667850763576,1,g1,319:29;33:12;204:19;48:21;352:10;233:12;214:29,28.337120328630721,6.3807387597707583,25.625715264547477,20.85343985531723,1020,67.369261310163779,461.27071067463157,491.36002801520488,0.14605146121598064,0.13710773662704015,0.99982407642002824,0.86289226337295988,0.80165546016347655,0.69162060068489373,0.31913064578672057,1
515,1691509884.5642018,129970,0,-1.1177734374201442e-07,11,5,125,11.453127844210689,78105.643890604348,329.63500411678609,1,14,10,7,USED,,6,0.75043090054419359,0,g1,300:10;325:29;75:28;341:15;216:21;48:14;241:15;351:10;169:29;225:34,29.053551101684569,7.2507838391201691,19.165295512456069,19.518064023318004,975,60.510134422518554,451.34836743812758,463.1414981393541,0.13406525599278588,0.13065150643078788,0.99998178808771876,0.86934849356921218,0.84388515083571758,0.73361692381406796,0.31913064578672057,1
516,1691509884.6603134,129860,0,-7.3396606445341739e-08,14,5,125,11.531106102959679,120461.38492023498,601.08960443761146,1,10,6,10,USED,,5,0.77146536480633332,0,g1,323:27;217:21;51:12;208:15;346:10;243:15,28.67812951405843,7.6500282260396339,19.761515933825901,26.180385567229447,946,60.887518235032367,415.532003255691,469.58047850927642,0.14652907058416437,0.12966364877076028,0.99993465231983969,0.87033635122923969,0.75523685768732984,0.65726713734383224,0.31913064578672057,1
517,1691509884.7570848,130082,0,-9.1685791014928242e-08,10,4,100,14.243591225348876,79319.527105860121,387.04963472669783,1,11,11,10,USED,,4,0.61024286573392217,2,g1,41:37;205:17;64:21;318:25;73:26;54:14;337:11;329:18;218:24;229:27;245:16,30.48884530500932,8.6877805393653329,19.99969863885908,28.423128944318691,917,61.449481579647042,397.29514650033281,458.25537192002093,0.15466960047445624,0.13409440531418754,0.99989965996906949,0.86590559468581252,0.73287883896165373,0.63454021071010003,0.31913064578672057,1
518,1691509884.8550572,130183,0,6.9234008789886836e-08,11,4,100,14.98062551194622,82906.060160031499,137.67793278708183,1,10,9,10,USED,,4,0.63695318649544175,2,g1,181:10;317:17;325:10;214:26;241:21;206:16;57:16;258:10;227:32,30.443017535739475,8.5948072462306015,20.90410674180869,25.179093561243146,881,56.281942266437163,391.29329169985488,433.42476603370795,0.14383569424851972,0.12985400622460058,0.99999105373855468,0.87014599377539947,0.77294002486088553,0.67256464906833813,0.31913064578672057,1
519,1691509884.9537027,130177,0,1.0781860362851781e-08,10,3,75,12.25509698717644,44580.969396572407,138.68328430926931,1,10,8,8,USED,,4,0.7249751959657732,1,g1,39:46;306:10;26:37;53:18;208:29;237:25;257:14;216:39,29.962628602981567,8.4939162502226875,23.132653448092874,25.893373383409376,978,66.898076809503934,428.27168461157248,482.8302385789238,0.15620476256836396,0.13855403300008667,0.99991854067027963,0.86144596699991327,0.74844858280970761,0.64469549242723201,0.31913064578672057,1
520,1691509885.0531523,130051,0,7.7706909185071282e-08,10,6,150,17.400586106884873,42070.996821528432,210.19560228120389,1,13,12,9,USED,,6,0.36241704610726627,3,g1,11:32;17:44;79:39;54:34;48:25;210:21;42:16;84:30;255:17;202:28;203:43;234:28,29.92911656697591,9.5751042379899953,16.980166826600136,23.302960291956168,966,57.535787310029193,449.16148297192842,459.30272971804169,0.12809599551888792,0.12526767987063664,0.99992871553856255,0.87473232012936331,0.85265266309719456,0.74578967525016215,0.31913064578672057,1
521,1691509885.1544394,130173,0,1.631774902699501e-08,13,7,175,23.002978425723136,69984.568917595985,396.04161343391166,1,12,12,13,USED,,8,0.20254621189026917,6,g1,360:44;359:32;372:39;202:20;45:30;490:83;38:21;82:37;210:37;245:23;79:23;262:13,30.534622351328533,8.2330393790378373,20.778772165536733,25.05430954317751,978,58.093712074278606,451.0176423834094,468.88864554231156,0.12880585284265494,0.12389660663906255,0.99989322186730134,0.87610339336093745,0.83798985973456286,0.73408736686659282,0.31913064578672057,1
522,1691509885.2556787,130839,0,-5.1296386707755381e-08,12,7,175,18.566676439516673,59758.113036589471,121.12504201487029,1,12,9,9,USED,,8,0.62622211887843326,4,g1,218:11;338:30;353:39;21:10;26:19;72:37;354:28;81:30;66:28,31.175098419189453,12.646951889727399,19.862458758891776,20.172919343343267,879,51.323281295506028,406.17763352428233,421.49908518021232,0.12635673916899168,0.12176368371846576,0.99993025214016185,0.8782363162815342,0.84188641139531295,0.73932365083204077,0.31913064578672057,1
523,1691509885.3573446,131748,0,-9.5935058508356263e-09,12,8,200,24.382651555483886,72608.822798804686,51.694949975368587,1,13,10,9,USED,,9,-0.050625184337182452,5,g1,324:38;81:53;324:27;334:39;24:39;85:34;13:19;53:24;67:46;76:40,32.53285999298096,13.405539222398659,22.856848683465735,23.412105418062712,788,52.93015154195075,346.40105579824757,388.66879265980162,0.15280020270139869,0.13618317843254282,0.99926116917228902,0.8638168215674572,0.7550668070054426,0.65175751471589238,0.31913064578672057,1
524,1691509885.4590888,132271,0,1.1307983399655441e-07,13,7,175,23.451670020166961,21801.762768423203,69.086784345689907,1,14,12,11,USED,,7,0.38404153588036738,5,g1,312:28;64:53;319:38;10:41;300:22;361:11;39:24;370:17;44:39;51:30;83:25;69:34,30.38684606552124,11.598254950288393,22.01099240023639,23.311593648421862,858,51.606335465120104,400.87848287607068,405.51518165880992,0.12873311407206137,0.12726116752033306,0.99956834747962175,0.87273883247966699,0.86130473828922938,0.75136962105450977,0.31913064578672057,1
525,1691509885.5617702,132983,0,-9.3022460928571249e-08,14,11,275,18.334809693642722,146085.63340039749,698.26760440681483,1,17,14,11,USED,,11,0.38480154271999767,7,g1,54:49;177:25;174:37;493:15;370:37;345:13;354:20;29:16;42:24;35:33;50:16;81:16;70:20;60:31,31.313456807817733,10.340353665926058,23.272171938547054,23.49805850146624,908,54.732041929656596,419.70747534337465,433.56048272696904,0.1304052111172877,0.12623853905090243,0.99982825421046873,0.87376146094909757,0.84180973117782554,0.73541457450240555,0.31913064578672057,1
526,1691509885.664324,133659,0,2.0557861329928429e-08,17,12,300,16.629604690380855,140649.23052711997,358.98867189405587,1,14,10,13,USED,,14,0.61467896490826546,7,g1,46:47;357:42;171:38;14:41;339:22;328:10;31:18;57:17;70:13;41:34,29.9282377243042,8.3005004937087161,17.450606373593139,15.61933102042131,944,54.710175568520469,439.29014493427542,449.99967949720428,0.12454223296246711,0.12157825452153542,0.99996720446048781,0.87842174547846463,0.85462276283275496,0.75069459881136547,0.31913064578672057,1
527,1691509885.7674563,134240,0,1.8353881844901387e-08,14,8,200,15.718205834249082,90838.006762156889,222.70962981372736,1,14,11,11,USED,,8,0.67872913544633373,4,g1,43:41;349:41;32:45;23:12;12:27;342:33;334:23;324:15;60:12;51:18;242:12,31.264178709550336,7.8112128180871538,23.29432859580406,27.576156437330159,924,62.236681185738902,412.57592595256625,449.18739286169506,0.15084903716096668,0.13855393578443906,0.99989164641019079,0.86144606421556091,0.7799400658484128,0.67180349984012266,0.31913064578672057,1
528,1691509885.8714097,134247,0,-2.5160522457157164e-08,14,10,250,13.462431729235286,153994.00673466353,416.00141077951969,1,12,7,9,USED,,11,0.6416501963668092,4,g1,29:44;127:13;48:13;314:10;246:10;20:39;326:18,30.443225315638951,4.4583451369559581,23.535781612872075,27.488004631254338,937,60.871434885967538,408.3630018731314,467.76556324090103,0.14906207126197696,0.13013235618334418,0.99991798671966503,0.86986764381665582,0.7428754792883383,0.64615034556180784,0.31913064578672057,1
529,1691509885.9742188,134259,0,3.5583497259850105e-10,12,8,200,12.842543952233125,153808.04668247796,168.4479417386506,1,11,7,8,USED,,8,0.72555032155494803,3,g1,53:32;41:36;15:31;46:11;19:21;324:21;310:12,29.642914635794504,9.9567793469230939,22.449168015152598,24.765358523968889,1018,62.910335006246363,430.01131730874158,525.0783476850122,0.14629925416841461,0.11981132964939066,0.99987271174371406,0.88018867035060933,0.69913563170331749,0.61529293252875972,0.31913064578672057,1
530,1691509886.0754023,133960,0,-2.1484374987390531e-08,11,8,200,13.506128683404917,89200.324209102037,133.86892439967156,1,14,10,7,USED,,8,0.752703062382441,4,g1,493:35;55:21;358:39;11:22;47:29;329:26;173:13;46:10;514:10;41:20,29.293489456176758,6.7322964243010919,18.496316732401159,24.712776290831748,1051,58.31082434698159,472.58415584504172,520.10501980797608,0.12338717586228484,0.11211355808200059,0.9994342304938052,0.88788644191799937,0.79651861781878353,0.70681795907182221,0.31913064578672057,1
531,1691509886.17539,133548,0,-7.8071899403675538e-08,14,7,175,14.837764401524188,52630.170282571547,258.75013686009868,1,10,9,13,USED,,8,0.54447806905563245,6,g1,68:12;58:20;22:16;110:12;25:26;500:17;356:35;175:25;47:15,28.989387512207031,4.7570330014224504,17.484943748380985,23.757464711554658,991,60.495156757965134,443.3672869894591,487.13755625257568,0.13644479088373379,0.12418495757818154,0.99943197827821495,0.87581504242181851,0.78596307206701765,0.6879672788482063,0.31913064578672057,1
532,1691509886.274384,132718,0,4.8190917978363501e-08,10,4,100,21.002687248627847,35391.660725822658,340.7301891032011,1,6,5,9,USED,,5,-0.27538153621670181,3,g1,71:16;174:36;35:15;59:10;126:12,28.130931472778322,3.862968941650061,15.134460428347083,22.085862810068601,1030,68.191391507475444,474.86117776738729,486.94743072513711,0.14360279319544475,0.1400385076597043,0.99999484393954174,0.85996149234029573,0.83514104521368993,0.71818543652997513,0.31913064578672057,1
533,1691509886.3734453,131955,0,-6.4053955070586532e-08,6,3,75,22.157749947737145,12781.610278362656,16.175364589199059,1,4,3,5,USED,,3,0.66292547587154871,2,g1,213:11;311:37;321:33,26.121496836344402,10.79455626896754,23.503402926577369,15.061586688945562,1057,60.20045647900676,491.81598363996812,504.98355988102605,0.12240443271781963,0.11921270564370445,0.99993404857662405,0.88078729435629555,0.8547120370862169,0.75276985308118516,0.31913064578672057,1
534,1691509886.4713304,132017,0,8.84405517570519e-08,4,4,100,13.137370735847339,26345.151008787667,150.07068574257792,1,8,7,3,USED,,4,0.48778060195977729,3,g1,231:16;334:36;367:21;312:46;323:41;178:26;355:26,27.935537610735214,6.4092640533261616,27.047768819730827,16.042963793021865,1056,68.067056929900005,482.03153127597841,505.90141179412234,0.14120872290184155,0.13454609009393323,0.99966172920544205,0.86545390990606674,0.81827103996013784,0.70793631568186977,0.31913064578672057,1
535,1691509886.5688572,130972,0,5.7838134767673743e-08,8,4,100,14.18145590997467,24261.860916447175,364.81882198987859,1,8,8,8,USED,,5,0.52122832137984332,4,g1,349:70;175:17;324:46;366:17;357:23;334:39;344:34;169:40,31.760432481765747,7.3348177554009268,24.34290388479091,19.568552114619571,1029,60.099496459303083,477.11974506564064,491.78075847505693,0.12596312997072628,0.12220790550175892,0.99970967838340286,0.87779209449824114,0.84798000210390245,0.74413404120282722,0.31913064578672057,1
536,1691509886.6665332,130737,0,-9.2474365234740397e-08,8,4,100,19.234500220431212,51250.263983493162,257.88191951565534,1,7,5,6,USED,,4,0.75419168570583361,2,g1,259:23;258:11;171:25;336:44;351:31,35.833229827880857,7.9137202985962443,28.687491121419963,29.071429921260165,955,59.312318477927178,432.53490008640654,463.15278143566587,0.13712724329546239,0.1280621014389092,0.99974703580686886,0.87193789856109083,0.80583037945184344,0.70245630640099499,0.31913064578672057,1
537,1691509886.7638168,130915,0,7.3212890625007354e-08,7,3,75,19.540154593082125,18426.248403461697,165.95298925919499,1,9,8,6,USED,,3,0.069480795562698566,2,g1,260:20;202:13;361:17;341:38;370:11;248:15;168:18;176:25,32.26104998588562,6.7258358137306669,27.064002859874527,24.338584534689893,945,57.001444521368484,415.46632644160866,472.53222903702266,0.13719871116770205,0.12062974971576479,0.99973318899805308,0.87937025028423521,0.75860409066860623,0.66691588109429556,0.31913064578672057,1
538,1691509886.8608968,131030,0,8.9809570322230137e-08,9,2,50,25.640434185344237,24254.482296914484,122.44799236528171,1,12,12,9,USED,,3,-0.042823433329486502,2,g1,269:38;210:22;203:14;267:26;346:28;317:26;298:32;355:20;243:19;362:12;174:21;253:23,30.825860500335693,6.2904463937948139,21.400904281522276,23.516798741050195,894,51.946762224424958,390.08938059408092,451.96385718149452,0.13316630702766991,0.11493565558177977,0.9993964359663543,0.88506434441822024,0.74816296258368398,0.66177269857534604,0.31913064578672057,1
539,1691509886.9586675,130677,0,-1.1379394523891584e-08,12,2,50,21.279363251971247,6014.7343244840649,193.52261122142892,1,10,10,12,USED,,3,0.14946461013398454,2,g1,272:46;272:35;277:56;208:23;202:13;346:18;273:17;315:12;354:11;264:23,32.129002571105957,11.11218303140609,23.920564802876022,20.72941722872789,936,51.882423382687676,413.06945133535197,471.04812528196072,0.12560217952444694,0.11014251113223689,0.99992160180812728,0.88985748886776306,0.76677309295406781,0.68226528646891804,0.31913064578672057,1
540,1691509887.0559976,130258,0,-6.1661376948851654e-08,10,6,150,16.366669033025715,48418.90661208189,165.61487718280085,1,5,4,9,USED,,5,0.44652360433313965,4,g1,246:24;274:61;232:28;340:14,31.246735572814941,7.6031762999774273,19.93414269052769,24.852015991449182,927,52.363586525908424,411.09254048056658,463.54387299352521,0.12737663997672025,0.11296360404409841,0.99991457072401824,0.88703639595590156,0.77388349809915158,0.68640418502114364,0.31913064578672057,1
541,1691509887.1538937,129884,0,8.8055420038868348e-09,5,2,50,18.503173886864186,11233.766050011905,30.46726077771012,1,11,10,4,USED,,2,0.90205608287424266,1,g1,257:44;268:45;255:56;219:36;84:25;77:15;492:84;258:26;225:25;246:38,30.234934043884277,12.50850041671452,18.698073624825678,24.072132910733469,979,54.248807738087692,439.93672650135346,484.81446576055873,0.123310477325927,0.11189601707322037,0.99989044247289072,0.88810398292677961,0.79553715081131715,0.70644230764923011,0.31913064578672057,1
542,1691509887.2531195,129759,0,-5.7106323239630719e-08,11,7,175,14.609241179912944,107359.09860933617,89.469342279829846,1,12,10,9,USED,,7,0.43242207374021674,4,g1,257:58;248:49;259:47;243:61;66:20;211:26;219:38;257:25;246:36;237:41,29.644893646240234,12.739155617399231,16.166577449903436,22.746764523443026,973,52.961320360662008,446.89341309546887,473.14526654386981,0.11850995966536655,0.11193458775889806,0.99978915935719159,0.88806541224110191,0.83258170500640882,0.73923112224737209,0.31913064578672057,1
543,1691509887.3530617,129931,0,1.4165039072255858e-08,12,9,225,17.736736957872381,63686.170419688613,293.01242950649419,1,13,12,11,USED,,9,0.37272431961010405,8,g1,328:25;243:51;243:74;58:35;53:25;229:56;494:85;84:39;230:38;48:16;202:39;212:29,28.40711275736491,8.1951633896386227,19.383083868751772,20.649631559903046,1051,55.006914481953032,480.32105150880409,515.67203400924336,0.11452114020229401,0.10667034637167669,0.99970590360575473,0.89332965362832328,0.82477642566753462,0.73658054925120475,0.31913064578672057,1
544,1691509887.4550891,130103,0,4.9372558597049476e-08,13,6,150,16.146572664501004,60557.417593011749,237.6532463008036,1,11,8,10,USED,,7,-0.071646770911522439,2,g1,229:56;216:74;38:18;67:38;253:28;70:28;214:55;76:19,29.193709135055542,11.50675564427206,15.968783048493499,20.907449579604911,1042,59.188751269737637,475.05381382041776,507.75743490984524,0.12459378189964909,0.11656895044825268,0.99984706853940197,0.88343104955174734,0.81902308850390138,0.72343977306054619,0.31913064578672057,1
545,1691509887.5575194,131112,0,-3.096008299730002e-08,11,6,150,22.527204794377631,41733.130851917609,507.64920983964242,1,11,9,9,USED,,7,0.3473355912081007,3,g1,74:56;214:69;210:53;206:85;24:23;21:13;78:42;76:23;58:19,29.323784510294598,10.935022471860471,17.607171611478126,19.52194578193512,905,46.753138845325907,409.53701099946028,448.70985015521433,0.11416096125531258,0.10419458995418401,0.99999273987397053,0.89580541004581593,0.8085043642983164,0.72425732534644982,0.31913064578672057,1
546,1691509887.6605766,132420,0,1.0563903808658015e-07,11,6,150,14.4122119980801,32051.676807461561,114.82629318262974,1,10,8,9,USED,,6,0.6954043353785414,4,g1,84:53;373:10;74:48;85:26;75:32;71:73;53:22;36:23,26.588025569915771,9.2447925663000774,14.872766635577531,20.518862616040114,966,48.803845290957902,448.87474741873547,468.32140729030732,0.10872486271862147,0.10421015253890568,0.99998885865497988,0.89578984746109436,0.85426567289028066,0.76523399097872979,0.31913064578672057,1
547,1691509887.764128,133760,0,-2.0172729486844787e-08,10,7,175,14.14697979841795,64818.368676508209,226.52898962700849,1,10,9,9,USED,,8,0.57473899261793493,5,g1,261:20;68:56;47:59;60:47;44:48;357:24;350:13;11:16;506:11,29.871807734171551,14.988918586547392,18.255704012026207,21.663795268246879,1047,56.22950174212091,469.08118594844581,521.68931230943394,0.11987157751473067,0.10778350335221941,0.9999584420105071,0.89221649664778058,0.79137462559602278,0.70604815282407318,0.31913064578672057,1
548,1691509887.867769,134650,0,9.6376953126475762e-08,10,5,125,22.821229364582322,11837.557777868467,128.29990275457413,1,10,10,10,USED,,6,0.02180891769716636,5,g1,36:42;47:40;329:12;337:20;366:19;212:19;230:31;202:14;221:26;15:33,28.102007675170899,9.0813105069465898,19.906297152974354,21.919992215697931,1021,58.455522352579983,478.81326030603975,483.73121734137993,0.12208417602139375,0.12084298109569103,0.99990189703815402,0.87915701890430897,0.86899030470635086,0.76390397714697922,0.31913064578672057,1
549,1691509887.9701521,134794,0,-9.8977661122656713e-08,10,5,125,17.664920266581156,42633.182632488839,381.58791924532983,1,12,11,9,USED,,6,0.52552036558325921,3,g1,31:40;18:41;265:22;354:29;311:10;348:20;321:22;274:10;221:29;369:33;208:21,32.871087854558773,9.6568069351934849,21.121909485998916,22.661182629860946,967,50.092345878409887,445.4062029601356,471.50145116145461,0.11246441011710205,0.10624006724691275,0.99934037897421357,0.89375993275308729,0.83841493193275396,0.74884739166027259,0.31913064578672057,1
550,1691509888.0718734,134585,0,8.2385864269562958e-08,12,5,125,18.48361610545642,45417.057542953509,457.65582424727774,1,14,13,11,USED,,8,0.49838348018008577,4,g1,134:34;369:56;16:39;12:65;373:38;496:14;258:13;299:11;343:26;203:23;372:22;353:13;356:31,29.828221541184647,11.109069046343764,20.709642256080045,18.791634310976843,930,49.646469500448191,429.63353334187269,450.71999715767919,0.1155553876678964,0.11014924967502594,0.99991326806238423,0.88985075032497407,0.84306679587702082,0.75013855427159304,0.31913064578672057,1
551,1691509888.1727428,134151,0,3.1358032226425081e-08,14,7,175,19.045963050947268,31945.505240477916,76.103234403561387,1,14,11,11,USED,,8,0.37337032371801837,4,g1,120:34;363:62;181:14;357:40;367:18;501:20;550:10;338:19;249:11;324:20;359:25,30.330101013183594,10.296846306194134,16.289083129609548,19.617462241358599,929,47.257635142544189,429.09004578568636,452.6523190717694,0.11013454077223578,0.10440161941388694,0.99996624294295844,0.89559838058611307,0.84354458058702997,0.75545165764034128,0.31913064578672057,1
552,1691509888.2730319,133927,0,-8.4035644526414544e-08,14,6,150,15.691818527278578,107457.69415137549,300.70256773096185,1,17,15,12,USED,,8,0.28153577735217211,3,g1,351:57;370:41;351:43;172:21;314:30;240:11;551:20;317:10;511:12;344:30;368:15;558:11;336:37;334:18;355:24,30.710001754760743,9.2004503983224897,18.044228572456159,25.54506239685983,957,52.774242335202928,439.57129746694932,464.65446019784702,0.12005843566064715,0.1135773932154487,0.99996773247574211,0.88642260678455131,0.83244020721774747,0.73787000846754036,0.31913064578672057,1
553,1691509888.3739998,133885,0,-1.190795892447305e-09,17,9,225,15.173283386471853,140471.73697243948,276.52996862898118,1,17,13,13,USED,,10,0.67941289382149117,5,g1,365:37;344:54;358:61;345:39;271:27;234:10;355:35;35:12;558:14;358:16;312:11;329:18;331:37,27.832025674673226,10.072894277396298,15.621783354850724,23.314224980505035,961,49.353443716511123,431.20165627752647,480.4449000059625,0.11445559866946954,0.10272446167270925,0.9999709183818285,0.89727553832729079,0.79478044736509101,0.71311631458201563,0.31913064578672057,1
554,1691509888.4731381,134054,0,5.653747559009048e-08,17,11,275,14.695131799038839,124850.49333309192,144.75979414086612,1,19,14,12,USED,,13,0.30486017493106327,6,g1,73:13;346:48;355:36;170:30;232:11;324:12;306:11;560:21;565:11;359:12;350:18;340:25;58:21;46:16,28.988630158560618,10.033216511738264,17.95266176721233,23.673511622120241,928,50.291277412607158,412.1490028607073,465.5597197266863,0.12202207712147237,0.10802325734307812,0.99985844559009363,0.89197674265692184,0.77725307863947957,0.69319353081176582,0.31913064578672057,1
555,1691509888.5704658,134343,0,-1.8407592769498216e-08,19,9,225,12.740598007206748,86871.486698519104,76.527771158053682,1,18,12,13,USED,,10,0.74330110898654567,3,g1,259:30;335:48;354:32;356:43;219:17;229:10;565:22;59:27;317:12;48:19;345:14;337:38,27.730631192525227,10.969434025493451,17.516574959147125,22.730348629174525,924,45.884202661648509,387.96113673273135,490.15466060562017,0.11827010057777616,0.093611682902199456,0.99978020525124855,0.90638831709780054,0.69789591238084536,0.63242566713266612,0.31913064578672057,1
556,1691509888.6680565,134512,0,-4.9017333941803187e-09,18,11,275,16.971515506119076,135595.14993707227,893.11740965296337,1,12,10,16,USED,,11,0.57737284418903345,9,g1,343:35;318:37;211:17;328:33;225:11;34:14;564:31;313:25;325:21;24:10,28.256325912475585,9.2188895868052754,18.70164702825339,25.160389874132392,929,51.656550795623517,395.83190140088476,481.51154780349208,0.1305012319947087,0.10727998327613295,0.99987096669141118,0.89272001672386703,0.71478109336169315,0.63801705354430349,0.31913064578672057,1
557,1691509888.7660201,134635,0,-3.8678588859530905e-08,12,5,125,16.346702656201579,43466.777714932134,21.919791147500018,1,15,13,10,USED,,6,0.34563514544409896,3,g1,337:32;255:43;250:34;331:52;203:15;218:10;321:31;173:14;181:21;42:26;29:16;18:10;323:44,28.562661977914665,9.5862696885692404,20.318045129524169,22.715547864818401,967,54.241113145048821,419.89144978780064,492.86743706715049,0.12917889414623826,0.1100521338309854,0.99997832923051977,0.88994786616901456,0.74188373818847753,0.66022354188408339,0.31913064578672057,1
558,1691509888.8640349,134020,0,-1.1747436523545929e-08,15,6,150,18.156055988057428,38629.615540713843,157.57531977484243,1,12,11,14,USED,,7,0.093833220469578954,5,g1,234:36;327:32;313:41;317:30;81:26;51:17;29:26;173:17;37:33;11:12;20:19,30.941462950272992,11.217642101036153,21.4353380437494,20.245431443171757,912,42.915334066465739,403.07645145644182,466.00821447709245,0.10646946481591558,0.092091368206075538,0.99989103288813097,0.90790863179392445,0.77286431054463856,0.70161371759673241,0.31913064578672057,1
559,1691509888.9618161,133641,0,-9.4810791009813933e-08,12,4,100,23.959769818603206,33793.078108870293,412.16027946832725,1,14,13,11,USED,,9,0.33417694786221652,3,g1,320:29;306:26;222:40;233:37;303:38;310:47;65:33;181:10;82:15;14:28;38:18;23:37;171:20,30.638735697819637,10.239990610739337,22.751976799853484,18.334043507411938,782,45.45556993441739,359.8751016873635,376.66932837821923,0.12630929375577166,0.12067765148314594,0.99990723281353766,0.87932234851685409,0.83473622104222089,0.73393412295865379,0.31913064578672057,1
560,1691509889.0622237,133172,0,-1.1574707026174025e-08,14,8,200,21.455969230823765,59275.897156445477,164.13846769892797,1,14,12,12,USED,,11,0.030599750182476407,6,g1,220:48;215:38;172:24;306:25;114:10;29:21;57:38;26:10;14:39;69:20;77:10;346:17,30.42986027399699,8.9455650024231996,21.233977368448251,21.36665828996755,820,59.04196289062196,353.63442335813505,407.32361375124276,0.16695762344048895,0.14495099448538126,0.9998933751302147,0.85504900551461871,0.7232393372789433,0.61833913872869983,0.31913064578672057,1
561,1691509889.1627553,132718,0,-3.2783203124386873e-08,14,5,125,22.246837320823687,36121.067468272537,115.34072835838947,1,12,10,12,USED,,6,0.21159335971351237,3,g1,172:19;218:40;47:39;19:23;73:10;346:19;18:11;66:19;355:24;337:14,32.336984443664548,6.4897539511459525,25.105371396334018,28.936624988727203,850,50.606946004832466,375.48959956435459,423.90345443081355,0.13477589276386606,0.11938318849697453,0.9999968371476059,0.88061681150302551,0.76640718579599854,0.67490891762464167,0.31913064578672057,1
562,1691509889.2639856,132242,0,8.3901367187166898e-08,12,3,75,21.579345006914295,32084.108684385945,116.03177108611708,1,12,12,12,USED,,6,0.6308605379697968,3,g1,213:43;180:33;169:42;42:36;49:28;64:10;59:19;371:45;324:10;350:28;361:38;340:21,35.437030792236328,9.5629205759864515,29.01465575671865,29.480750937902815,922,46.239269389028799,423.1377672988072,452.62296331216453,0.10927710302062452,0.10215846993414372,0.99985042160706705,0.89784153006585632,0.83269857797700708,0.74751953583640574,0.31913064578672057,1
563,1691509889.3658876,131930,0,-4.7144165030155172e-08,12,6,150,16.537164008570016,74278.216759922041,144.20552762279829,1,12,9,9,USED,,6,0.81599592086926798,2,g1,207:39;172:24;373:14;53:13;38:35;46:22;336:25;354:38;318:14,34.421432495117188,11.210947472925689,29.222336127232253,26.786910223091514,933,55.650144674658044,424.98797837703898,452.3618769483034,0.13094522082054422,0.12302129668857534,0.99990849798601744,0.87697870331142469,0.81646542850601311,0.71595727526221242,0.31913064578672057,1
564,1691509889.4690268,132381,0,-3.1579589832020361e-08,12,5,125,18.474304496063876,46820.284382029735,473.23326748441491,1,14,11,9,USED,,6,0.72880180212839984,2,g1,169:27;207:34;159:48;31:37;373:20;38:27;559:29;306:14;316:18;354:44;367:10,30.206694689663973,8.7977912332534896,24.321097727610596,23.050882977981914,988,56.388961616732168,452.93092863967149,478.6801097435968,0.12449792683862471,0.11780092898979384,0.99988879230744498,0.88219907101020612,0.82840702789039122,0.73073863762731761,0.31913064578672057,1
565,1691509889.5726259,132447,0,-7.9301757799354888e-08,14,6,150,15.752495124874933,41937.830367638424,232.57431268153184,1,15,11,10,USED,,6,0.76554149207600453,2,g1,368:34;13:38;207:24;202:15;174:35;370:10;564:39;44:22;360:47;339:37;49:13,28.869572552767668,13.290762887204375,20.208944280982518,15.11063421015516,1002,59.439161544784653,465.1276511555933,477.43318729962186,0.12779107283153376,0.12449733936799523,0.99998561038511369,0.87550266063200477,0.84972829791199966,0.74392868063500239,0.31913064578672057,1
566,1691509889.6749537,132466,0,6.4273681640858449e-08,15,8,200,19.073421381097965,21085.89579013766,141.00534405315494,1,10,7,12,USED,,9,0.16701794264148978,5,g1,176:41;220:12;235:17;10:22;46:27;51:13;165:41,27.542697906494141,15.487762696726678,16.132372299105729,13.017482080126722,1007,57.439199871836664,466.74440517110469,482.81639495705855,0.12306349949878868,0.11896696233139573,0.99997144150321371,0.8810330376686043,0.84774504257601158,0.74687005993388189,0.31913064578672057,1
567,1691509889.7758527,132320,0,-8.7456054675971728e-08,10,4,100,15.727784572746693,9847.5033459189017,119.57924146163664,1,12,10,8,USED,,5,0.66218901650676776,2,g1,37:35;18:33;250:19;352:22;298:45;179:42;21:19;563:29;61:18;176:58,27.827334785461424,17.446087576292051,23.439265967663822,7.6145161587259427,973,55.714597116608005,449.54533299897378,467.74006988441823,0.12393543659975043,0.11911444133998497,0.99957814167558212,0.88088555866001506,0.84198631085783193,0.74138069221242664,0.31913064578672057,1
568,1691509889.8753934,132918,0,-8.765686033973541e-08,12,8,200,19.846475233551633,29144.289228752317,111.44477751199892,1,15,12,9,USED,,8,0.15457764602213064,5,g1,32:28;43:34;305:59;273:14;309:47;77:11;26:43;172:19;10:38;35:12;562:18;178:10,28.794006029764812,13.841033743725971,20.977462508345017,17.627400101048327,1023,60.087027790956839,467.79956959599605,495.11340261304758,0.12844609464444265,0.12136013178766125,0.99981708167846595,0.87863986821233875,0.82347304608048377,0.723403900648391,0.31913064578672057,1
569,1691509889.9731877,133476,0,-3.858459471373088e-08,15,8,200,18.513717459308445,34567.025452383677,163.7900917512201,1,11,8,12,USED,,10,0.55381188347782473,5,g1,53:28;63:24;318:47;111:19;52:12;12:31;542:15;556:10,27.526059627532959,12.893152598981855,15.661201596833227,20.69961410552478,1046,52.640142805002327,484.49904251461948,508.86081468037884,0.10864860027749991,0.10344703558686512,0.99954145877692024,0.89655296441313492,0.84867784519991496,0.76053574097322907,0.31913064578672057,1
570,1691509890.0703635,133756,0,6.3937377933753758e-08,11,4,100,19.04108979595842,14781.076081133937,174.96228037402412,1,11,10,10,USED,,4,0.59575959725956051,3,g1,77:16;68:23;325:45;115:18;560:42;205:17;11:22;47:36;315:18;368:22,27.901437759399414,11.998867642811531,20.969611066621887,19.570886602401266,1077,48.717448628263625,497.57554480035867,530.70700657137775,0.097909652388182458,0.091797259175079957,0.99974975778176589,0.90820274082492003,0.84577382739288487,0.76794188857307455,0.31913064578672057,1
571,1691509890.1682467,134056,0,-9.9638061523688037e-08,11,4,100,9.9134254546307634,45829.758636727995,82.062654921423686,1,16,12,7,USED,,7,0.73803493738475201,0,g1,335:39;203:11;129:26;174:25;222:24;58:29;238:10;30:18;556:26;334:27;18:11;369:11,28.171969413757324,8.8838584244235772,16.41289338996658,16.808461293700109,1020,48.020510901047309,481.68406388901514,490.29542520993812,0.099692961634104876,0.09794199258637902,0.99995008486191994,0.90205800741362097,0.88449438989213236,0.79782542136065426,0.31913064578672057,1
572,1691509890.2655373,134237,0,-9.8860473626838363e-08,16,5,125,14.120561430572645,50186.861801719155,171.41114727031669,1,14,12,14,USED,,6,0.58350042822690973,3,g1,213:16;202:14;221:24;173:20;497:10;251:10;78:33;65:25;320:14;54:19;40:11;548:20,30.526990572611492,7.8356408320323636,22.101070493448592,25.991671488995379,951,48.297052503876593,436.92570115357915,465.77724634254469,0.11053836470677243,0.1036913092752446,0.99991516722204399,0.89630869072475539,0.83436589421522522,0.74778596008715448,0.31913064578672057,1
573,1691509890.3620913,134277,0,7.8997192384799853e-08,14,4,100,14.698685292515021,43306.045521178508,125.38531358112957,1,14,12,12,USED,,5,0.68065345075527217,2,g1,214:25;169:19;233:36;63:24;261:10;240:28;80:36;543:18;335:12;49:13;316:11;328:20,31.296611626942951,6.7725900321077832,21.366563298063678,27.052931760852001,948,50.173635316637096,422.62401108833268,475.20235359503084,0.11871932024740142,0.10558372646318004,0.99984242054108297,0.89441627353681996,0.78377216138348327,0.70090810975863516,0.31913064578672057,1
574,1691509890.4593537,134160,0,-8.0552368164621413e-08,14,5,125,10.620562789735249,72935.622546469269,264.55915841631372,1,16,11,9,USED,,7,0.79932313727707893,0,g1,211:26;74:10;224:29;231:40;260:15;540:20;51:12;547:11;324:25;80:38;271:10,30.332494562322442,7.408191706505094,19.145586514506945,25.380514981649437,966,54.943333952054225,430.25276531387311,480.80390073407273,0.12770012974111297,0.11427389392675241,0.99978181140294842,0.88572610607324753,0.78058732632745076,0.69123572033175751,0.31913064578672057,1
575,1691509890.5563099,134089,0,8.5283813483494342e-08,16,4,100,15.606719284228328,34329.379973788898,179.76678405048304,1,14,11,13,USED,,6,0.74561663299657277,1,g1,64:10;224:40;270:10;260:17;215:30;565:70;130:10;46:13;545:19;314:10;67:36,30.315757578069512,4.7432761829495638,22.660973958715868,26.963661890651007,942,52.870270525987763,426.47070628836462,462.65902318564747,0.12397163450246153,0.11427480688034249,0.99976362121604689,0.88572519311965747,0.80750707765287699,0.71506029725267672,0.31913064578672057,1
576,1691509890.653825,133743,0,-1.0377380370296674e-07,14,4,100,16.94853677300247,35202.559279690679,90.92101462073623,1,16,14,12,USED,,6,0.6712369662243256,2,g1,85:36;78:27;53:18;490:82;210:47;219:41;205:31;228:33;247:22;55:40;258:15;549:23;34:11;42:21,32.209412711007253,7.4410400829920507,26.296940104420798,25.123905151515569,979,45.883829948236873,455.9871390886139,477.12903096314938,0.10062527210733475,0.096166502079351929,0.99976651985294251,0.90383349792064804,0.85952285970218179,0.77668417014386326,0.31913064578672057,1
577,1691509890.7531252,133386,0,5.4757080078515763e-08,16,6,150,15.970971117333088,89194.713783638203,353.76655749747493,1,14,11,13,USED,,7,0.67071227652184928,3,g1,62:30;73:34;40:16;55:39;252:11;243:19;44:44;233:23;549:31;30:22;23:13,32.452252301302821,10.3329347468813,26.723653365159031,26.5574337369098,908,45.626391564882155,410.24048672815934,452.13312170695872,0.1112186462354602,0.10091362338734833,0.99987111483503455,0.89908637661265167,0.80643084449715385,0.72495753765169202,0.31913064578672057,1
578,1691509890.8539891,133981,0,8.7081298838498356e-08,14,3,75,15.754865690088581,34140.860926681409,81.355287324104452,1,13,11,12,USED,,3,0.8173224580318601,1,g1,49:31;50:41;66:35;83:46;75:54;207:29;218:24;247:11;237:16;32:44;15:21,32.282614101063125,6.4833528412004622,25.399330627303708,27.609926617730665,774,44.267644072162227,352.30250174698807,377.42985418085016,0.12565236934920709,0.11728707621244726,0.99983354651338763,0.88271292378755273,0.81613803005426055,0.72029567103718983,0.31913064578672057,1
579,1691509890.9560401,133533,0,-7.9043579098714289e-08,13,4,100,16.060417440989593,67295.549669931992,226.55166044126054,1,12,9,10,USED,,5,0.81831769721545078,1,g1,46:35;54:25;36:39;56:40;229:11;17:44;207:20;369:15;10:36,32.822287665473091,11.089360636782796,22.195423691687047,30.995470241004202,692,34.869617560503549,320.28555169165685,336.84483074784038,0.1088704044760439,0.10351833953660014,0.99995505680669394,0.89648166046339983,0.84732169853250205,0.75957422402157937,0.31913064578672057,1
580,1691509891.0594852,132747,0,5.8240356454186681e-08,12,4,100,15.740916903529367,89280.041175622973,461.3768975343126,1,14,13,11,USED,,4,0.68018111784983837,3,g1,34:32;42:25;22:31;12:35;74:26;50:51;58:44;47:34;82:19;369:34;350:17;338:10;357:26,33.55158541752742,7.1724206590480808,24.005267631082823,28.15825556459242,792,42.258820978957438,362.58724985326597,387.15392916777677,0.11654800602078258,0.10915250445681046,0.99968019338911784,0.89084749554318954,0.82739294306759115,0.73684520780733165,0.31913064578672057,1
581,1691509891.1635282,132137,0,6.9903564464679491e-09,14,4,100,16.395240327015824,54688.65589937452,205.89969939059515,1,13,10,11,USED,,9,-0.047133296464563053,1,g1,23:36;12:34;10:20;21:25;66:20;361:45;369:52;75:10;347:32;332:16,33.161594009399415,10.115030763243112,23.524541825872795,25.860452229947317,868,54.193950242305213,392.67761268605045,421.12843707164382,0.13801130620001451,0.128687463186167,0.99975864200837994,0.87131253681383303,0.80375399200638931,0.70015190169623853,0.31913064578672057,1
582,1691509891.269187,132249,0,-9.5924682613768297e-08,13,5,125,15.615812166775234,60021.695102652928,490.9408271759952,1,13,10,10,USED,,6,0.79098539202360918,2,g1,15:34;14:21;559:19;56:21;36:47;46:34;64:13;369:58;312:10;333:25,32.459698867797854,11.215185388116813,29.01554196254158,24.672870399285138,922,56.88405448430094,421.02363742576108,444.0923080899384,0.13510893315183825,0.12809060965041683,0.99954514752090495,0.87190939034958315,0.81996372445098498,0.71460888156020486,0.31913064578672057,1
583,1691509891.3735173,132317,0,1.0051513672781898e-07,13,4,100,14.006623238014624,34334.340569613283,369.84697867518645,1,15,14,12,USED,,4,0.70149306286438029,2,g1,371:17;14:27;26:30;335:17;11:15;562:28;57:10;48:25;327:27;313:18;365:54;356:48;340:35;303:11,32.314171382359099,11.455088960133052,28.043905196966243,24.438874792983814,939,58.813856504121546,433.29103210347222,446.89511139240687,0.13573753469717897,0.13160550430026666,0.99983863344307011,0.86839449569973337,0.83795317078447995,0.72755649892815522,0.31913064578672057,1
584,1691509891.4763258,132246,0,4.3123168952385882e-08,15,6,150,18.63934076130472,54199.727618230922,282.09303522927502,1,16,13,12,USED,,9,0.62104938079374361,3,g1,373:13;18:28;335:21;30:26;10:49;336:34;46:32;55:17;326:31;372:55;174:16;316:26;303:17,29.770975406353291,12.592913930675554,19.569154599752039,23.96275724209562,932,60.123481712112635,430.32411418696614,441.55240410092108,0.13971673845354235,0.13616386447840703,0.99998148450026192,0.863836135521593,0.83840701361064396,0.72423286484991001,0.31913064578672057,1
585,1691509891.5779884,132463,0,1.6336669933503245e-08,16,8,200,13.865320350089293,43422.577663116434,320.49890052333291,1,15,9,10,USED,,10,0.76355630535592067,2,g1,12:22;29:25;28:15;343:25;178:17;348:39;58:20;563:29;62:10,29.580720901489258,16.245734495854649,23.71554768179082,18.399388551479685,925,54.150830146517201,426.09830183112115,444.75086802236166,0.12708529912888322,0.1217554231817588,0.99984845622512775,0.8782445768182412,0.83630521810674197,0.73436921641611286,0.31913064578672057,1
586,1691509891.6771724,132588,0,-8.7324829090018596e-08,15,9,225,17.293076157440446,35838.850481153924,105.11287664764906,1,12,10,13,USED,,10,0.60208255162917179,7,g1,32:26;564:65;37:12;349:25;19:19;66:19;72:10;19:48;561:24;33:41,28.968877410888673,12.955492710997623,21.2875068238483,18.48421446412835,933,49.573193680492487,434.84817550728803,448.57863081222007,0.11400115367314366,0.11051171472598384,0.99999896460167059,0.88948828527401613,0.85887948146169246,0.7639624462161374,0.31913064578672057,1
587,1691509891.7752287,132806,0,1.9731445324855379e-08,12,6,150,18.653836129047061,28016.269164332356,111.06179077673835,1,12,11,11,USED,,7,0.61491404550234496,5,g1,40:14;176:11;347:13;560:67;40:34;80:12;547:19;77:23;561:12;29:43;19:39,29.770491339943625,14.488784255464971,19.874409374700836,21.489910730480506,981,53.100010451438941,435.73092734352343,492.16906220503716,0.1218642219756316,0.10788977717034462,0.99999270647952554,0.89211022282965535,0.77743797055793162,0.69355530265397713,0.31913064578672057,1
588,1691509891.8727949,133282,0,-1.0996398924767448e-07,12,5,125,20.475731563653337,11217.023222666787,161.62513104767368,1,10,8,10,USED,,6,0.1576655539794776,3,g1,305:19;300:10;564:56;49:26;62:24;178:22;13:24;545:10,27.365328311920166,12.261278401174817,16.113539653860759,15.896671578161774,1010,51.58944362941466,469.85669236693872,488.55386400364677,0.10979825224906115,0.10559622475737819,0.99999874594278604,0.89440377524262182,0.85613333463350094,0.76572792633942399,0.31913064578672057,1
589,1691509891.969866,133452,0,1.0625427246391261e-07,10,4,100,19.424523297609085,24707.395342347572,322.50946053873037,1,9,8,9,USED,,5,0.40562681318830107,3,g1,309:19;298:24;74:15;213:11;17:19;37:25;62:21;48:30,28.578545570373535,12.015083409626371,23.69325255992193,18.197319484876836,1005,49.573882994698899,458.60451042087072,496.82160658443098,0.10809724254391639,0.099782059269747564,0.99985304292333921,0.90021794073025241,0.82329476416734748,0.74103580075170417,0.31913064578672057,1
590,1691509892.0667534,133714,0,2.4338378909471992e-08,9,2,50,18.392235628623794,12285.962907268597,59.137598732781946,1,13,13,9,USED,,4,0.11653091202342822,2,g1,315:22;301:24;41:48;220:19;343:19;233:11;321:33;69:14;23:11;46:20;36:17;334:24;57:28,28.436837856586163,9.9632609195159638,14.797769331270121,18.693011070457207,990,53.47227367985279,458.62182970598991,477.90589661415788,0.11659338962153726,0.11188870875770794,0.99978363866375741,0.88811129124229204,0.84776011113593497,0.752742427362038,0.31913064578672057,1
591,1691509892.1635954,133996,0,-1.0135681151324238e-07,13,5,125,16.175111748143802,66442.770655667991,360.52146953221768,1,11,10,12,USED,,7,0.52988738548622327,4,g1,306:12;316:21;303:25;226:25;243:10;321:31;333:22;38:10;343:13;58:22,29.801358795166017,11.530375836058999,21.008817306366971,21.73184994089717,974,58.007306073784477,440.16013018202858,475.83256374418744,0.13178682505795222,0.12190697000083797,0.99967803571773872,0.87809302999916206,0.80312457201582665,0.70499103387232454,0.31913064578672057,1
592,1691509892.259352,134016,0,-7.8726806629347834e-08,11,3,75,10.256397128448084,66728.927067772514,158.42764480790711,1,13,10,8,USED,,4,0.78047676594241122,0,g1,307:19;46:51;253:10;565:72;241:16;58:20;334:11;49:15;65:28;79:19,28.646762084960937,6.9610242417793513,21.099881871864703,25.352175135611443,964,59.672033383629973,418.06418876155772,486.26377785481259,0.14273414223877431,0.12271535759228749,0.99966643309256065,0.87728464240771253,0.73703239208768612,0.64637151844334129,0.31913064578672057,1
593,1691509892.3568439,134324,0,-5.0292968400977855e-10,13,5,125,12.468207945505915,148802.95487320787,128.61579907501454,1,14,11,10,USED,,4,0.78581507954505425,1,g1,298:13;42:49;219:27;116:11;230:24;47:13;324:11;132:19;565:11;307:24;260:11,29.002600929953836,7.4865611451157585,19.488032486344267,25.518325125715307,975,54.419111719810921,445.02387454011745,475.55701374007185,0.12228357810251642,0.11443236067916583,0.99920064908882311,0.88556763932083415,0.82136263693884193,0.72679074581227621,0.31913064578672057,1
594,1691509892.4550142,134209,0,-4.7874145495119258e-08,14,4,100,11.613141865957637,66536.463394086139,104.97333876064978,1,9,5,10,USED,,7,0.75966897381563891,0,g1,62:18;46:19;116:14;41:10;126:22,31.63946189880371,3.8826580739614203,29.204370747994005,21.024253327654389,987,50.17588899068398,462.26449776206704,474.5596132472491,0.1085436784213312,0.10573147733189417,0.99950260884595477,0.89426852266810586,0.86836004849127735,0.77616081007109539,0.31913064578672057,1
595,1691509892.553869,133834,0,-9.0759276483165507e-10,9,3,75,13.991079981104729,35902.387841488198,159.82907438770721,1,10,9,8,USED,,4,0.70749071125783158,2,g1,17:35;119:22;202:26;41:27;212:24;32:15;110:16;180:16;53:20,29.292398452758789,5.0037375255827108,20.830765125770377,21.514021626829575,953,49.130308564231584,435.84852840478965,468.02116303097881,0.11272335539149128,0.10497454483907515,0.99951403112278003,0.89502545516092491,0.82628361789477622,0.73918547540757784,0.31913064578672057,1
596,1691509892.6543047,133335,0,-7.4151611323403088e-08,10,5,125,13.978156052356029,38708.036182014854,195.4389070599899,1,12,8,6,USED,,7,0.74272586232481996,1,g1,370:46;72:35;81:29;29:27;54:14;24:17;168:12;42:24,31.970515966415405,7.0971968268861767,23.400180727763608,19.863842305095389,917,43.302498315426284,424.42574797027589,449.27175371429814,0.1020260870659028,0.096383754281074388,0.99999541389554836,0.90361624571892563,0.84831340164156921,0.76654625570708779,0.31913064578672057,1
597,1691509892.7564073,132740,0,5.8451538095805056e-08,12,7,175,15.515831531611742,54520.064049692715,125.11641807077623,1,8,3,7,USED,,7,0.80560983582879209,2,g1,107:28;18:25;11:15,28.59181849161784,5.8755144366152017,12.366762823588084,22.051589228066486,939,53.058105428276782,427.70157310798663,458.24032146373651,0.12405403385056198,0.11578663627590792,0.99968340782069287,0.88421336372409209,0.81756984300945623,0.72267731452350226,0.31913064578672057,1
598,1691509892.8591774,131642,0,1.0680908203719586e-07,8,4,100,12.232135798208551,27656.849292731607,164.90245496784905,1,11,8,5,USED,,6,0.76349373386227704,1,g1,336:39;65:28;53:35;78:21;210:17;11:14;373:14;562:80,30.210439443588257,7.2107451156798881,26.184497651220518,19.137222907820195,979,57.565784325645048,438.2127054637146,483.22151021064053,0.13136493672571453,0.11912918425454946,0.99999152578519612,0.88087081574545056,0.7877276013067841,0.6938803746071418,0.31913064578672057,1
599,1691509892.9625022,131062,0,-3.787536620447618e-08,11,5,125,15.576713951212513,31763.100039956669,448.44880678736723,1,11,8,8,USED,,5,0.73181200727947215,2,g1,61:27;336:29;15:12;44:37;553:84;71:24;356:15;366:23,31.014055013656616,5.2079382028067691,26.730538918300454,20.936685991349503,1038,56.786909809855871,461.59624924442335,519.61684094572149,0.12302290129698649,0.10928612264856857,0.9999800277901042,0.89071387735143137,0.77905354010043215,0.69389994037516423,0.31913064578672057,1
600,1691509893.0673902,130834,0,-2.0109863274608841e-08,11,6,150,16.250035852332054,51378.420269620729,202.59004915071199,1,8,5,8,USED,,7,0.67395255905803397,2,g1,36:35;65:24;81:15;202:11;550:85,28.628311157226562,2.8722049841957809,26.165003146026539,14.226342020851956,1061,60.940097710050956,486.6218778334117,513.43802445653739,0.12523090408794355,0.11869026992022003,0.99985441417307142,0.88130973007977997,0.82908113510668657,0.73057089514033757,0.31913064578672057,1
601,1691509893.1722062,130950,0,-2.0288085933461986e-09,8,5,125,13.306970715143262,36854.508547672558,71.794342299402771,1,9,8,7,USED,,5,0.61714775853718218,3,g1,71:16;35:33;57:24;356:21;211:14;371:15;346:10;221:18,29.946834325790405,3.8458983805458615,22.643040408558484,28.064606345450159,1088,58.796950921928641,501.83539619780578,527.36765288026572,0.11716381779246389,0.11149138670300278,0.99986322541337769,0.88850861329699726,0.84009408399658747,0.74632873684265688,0.31913064578672057,1
602,1691509893.2757773,130833,0,5.5223999026465798e-08,9,4,100,10.597729892950287,49716.42844401981,221.8002254731355,1,10,7,6,USED,,5,0.81604857872871384,1,g1,332:42;67:14;259:29;41:31;58:21;220:12;344:10,31.092579160417831,7.0509223655506821,25.511931953446716,22.873654062448541,1059,56.903754775156223,490.88974126647111,511.20650395837254,0.11591962510430014,0.11131265806389248,0.99988286857139286,0.88868734193610754,0.84894457157895287,0.75435792539527369,0.31913064578672057,1
603,1691509893.3771198,130855,0,4.0177001961461123e-08,10,6,150,11.873366560878784,87599.241483847261,82.43959381226685,1,9,4,5,USED,,6,0.8934193452424033,1,g1,72:10;353:12;47:30;364:19,35.064363956451416,4.0016825415303128,28.303433436530948,31.383089514591035,1028,54.871002615068186,473.62774029043686,499.50125709449514,0.11585259465887771,0.10985158062312493,0.99981366828746565,0.89014841937687506,0.83834971729840657,0.74611662464017792,0.31913064578672057,1
604,1691509893.4763372,130604,0,-1.1903625488085545e-07,9,5,125,12.463491969325046,134630.53066277504,831.66665926039775,1,11,7,5,USED,,5,0.82042177134982197,1,g1,348:49;52:29;78:10;352:10;373:20;14:21;70:17,32.001904078892302,5.4947575056818261,22.452767837873331,21.432109689623957,971,52.009892902534027,443.16573246995193,475.82437462751426,0.11735991547148891,0.10930481008512544,0.99978488912835495,0.89069518991487451,0.82205927317957017,0.73204673535357645,0.31913064578672057,1
605,1691509893.5738018,130511,0,-1.0776611326923646e-07,11,5,125,17.376645082029338,69027.974684592278,380.96568137471377,1,13,11,9,USED,,5,0.68363731191619248,3,g1,355:52;360:42;492:84;275:14;107:23;372:15;57:33;20:26;10:29;81:10;352:10,30.353558453646574,7.2894670312678835,24.636539911332871,22.689017699232839,973,51.680647351784216,446.59806645788046,474.72128619033543,0.11572071451558405,0.10886524125876948,0.99999220938972444,0.89113475874123049,0.8318932194410964,0.74132318800006713,0.31913064578672057,1
606,1691509893.6703537,130445,0,-7.1967773435099858e-08,13,4,100,17.22737578652141,31092.083625984083,179.62433163016399,1,9,8,12,USED,,4,0.68375749913448058,3,g1,365:53;77:19;21:10;109:20;61:35;85:12;12:26;25:26,33.896829843521118,5.4484521552907603,22.821324842345838,14.732425556999676,937,41.872946446273488,440.82548004240755,454.30157351131953,0.094987582029617018,0.092169934879677826,0.99989639079568626,0.90783006512032216,0.87816674398155836,0.7971435724059015,0.31913064578672057,1
607,1691509893.7675843,130294,0,-1.1415771483669346e-07,9,3,75,16.37942397384543,26960.574439698688,106.64560303027588,1,9,7,7,USED,,6,0.43269871212227673,1,g1,83:20;116:22;14:24;106:14;66:36;23:31;171:10,34.851781027657644,3.8811320165237739,21.155363423643387,15.463533044080906,941,39.9388511236575,443.03498755048992,458.02616132585291,0.090148300350897048,0.087197750905856797,0.99993138873758025,0.9128022490941432,0.8800722981848591,0.80327685552777095,0.31913064578672057,1
608,1691509893.8642342,130291,0,1.0322998048040155e-07,9,3,75,12.265025539194465,39365.221224322151,172.80808297969375,1,12,10,7,USED,,4,0.78294372017969871,0,g1,214:10;115:19;85:24;15:20;68:38;204:14;106:12;172:10;32:21;36:31,32.107621574401854,4.1558387762833515,23.7038717743416,24.073731864401658,889,42.941120937164712,404.64938997299345,441.40948908984154,0.10611932700561004,0.097281825603039454,0.99992425821100617,0.90271817439696056,0.81943926892384733,0.73966669294987719,0.31913064578672057,1
609,1691509893.9620812,130218,0,1.1165344239449926e-07,12,5,125,12.671535244858104,65526.540088847862,321.90150370696614,1,11,8,9,USED,,7,0.59144783815948254,2,g1,115:16;123:23;173:10;85:24;21:24;12:15;215:14;29:33,34.778223752975464,4.5025676905067495,19.521697201074254,24.200869224215715,928,47.896020736290701,432.04560035857486,448.0583789051343,0.1108587165256157,0.10689683084005341,0.99993958654051507,0.89310316915994659,0.85736501694485368,0.76566915424319393,0.31913064578672057,1
610,1691509894.0588992,130508,0,-7.1325683553835617e-09,11,3,75,19.040256342776956,25851.499150712454,143.03928546435824,1,9,8,10,USED,,4,0.71098097040475461,1,g1,15:60;118:18;175:11;78:29;109:10;13:21;203:12;70:38,32.139554738998413,5.3568955564196203,25.453100660809106,19.684503352748834,852,45.934233817705199,395.28785046805405,410.77791571424092,0.11620451719756933,0.11182254951032837,0.99991391962640475,0.88817745048967167,0.85046835111110963,0.75530178955465799,0.31913064578672057,1
611,1691509894.1585813,130472,0,4.7383422852043111e-08,9,3,75,10.605766044718195,35209.246678309493,181.41555117443798,1,10,8,7,USED,,5,0.1240542031263393,0,g1,75:35;206:13;39:34;226:10;84:29;173:10;10:16;25:33,33.236628293991089,1.6964768850508778,20.287022817309563,20.086300701989046,873,44.202347528139683,406.48305855565638,422.31459391620416,0.10874339433776775,0.10466687195969915,0.999737166217052,0.89533312804030085,0.85784558773595354,0.76785570196565167,0.31913064578672057,1
612,1691509894.2591686,130433,0,3.6423339844215974e-08,10,3,75,19.056613948623546,45970.15126186813,195.98048844260413,1,13,11,8,USED,,4,0.81832399711471038,1,g1,60:12;36:12;71:11;204:16;72:40;174:15;217:10;43:33;11:18;123:15;30:34,30.35221429304643,6.7207757606139387,22.609152840851181,22.785374820217136,881,52.02532368346084,400.2933341959216,428.6813421206175,0.12996799906240084,0.12136129700933554,0.99980379045788603,0.87863870299066449,0.8124170013783083,0.71368096188304198,0.31913064578672057,1
613,1691509894.3596685,130425,0,6.3882446291185779e-08,13,4,100,19.28099239098022,39350.139068377917,73.186086964249228,1,13,11,11,USED,,5,0.16491906801332115,2,g1,57:19;565:23;34:18;71:13;85:25;43:35;203:12;119:11;13:20;172:15;32:38,31.948481473055754,7.5257336305919385,16.179492299036795,18.541250813704007,867,46.282439053687796,407.07187942428817,413.64568152202372,0.11369598685898893,0.11188909040072641,0.99986353538585482,0.88811090959927363,0.8722185592342292,0.77452110886105285,0.31913064578672057,1
614,1691509894.4619002,130335,0,6.1343383789269623e-08,13,3,75,18.027340865942229,29715.090830975594,133.92362363942732,1,13,11,11,USED,,5,0.027233422684144085,1,g1,49:14;58:22;62:12;564:84;39:22;71:17;211:13;74:39;121:12;14:23;173:15,31.710765145041726,11.624710433613973,22.912688845956179,22.107694149697139,928,59.515502086270054,429.46171320652883,439.02278470720086,0.13858162498795079,0.13556358384898623,0.99994915240625315,0.86443641615101374,0.84265834031139963,0.72838751710266214,0.31913064578672057,1
615,1691509894.563102,130474,0,-2.7564086901854523e-08,13,2,50,10.763364031390275,29224.671688546659,85.539443601007164,1,13,13,13,USED,,4,0.68825740816882575,1,g1,56:25;44:20;61:15;67:24;71:14;76:34;209:11;85:26;173:13;122:12;13:21;24:34;32:41,34.234054712148811,7.9595545815942854,23.550138056491488,21.344058447314215,860,52.930418938829675,394.16082560324207,412.90875545792812,0.13428635090212859,0.12818914164251194,0.99985346490107696,0.87181085835748806,0.82640632380385759,0.72036443236382264,0.31913064578672057,1
616,1691509894.6656163,130187,0,6.5874633789486658e-08,13,3,75,10.570391578945509,41905.155239635511,200.41840735215234,1,14,11,10,USED,,5,0.73552591884272034,0,g1,109:34;58:28;57:15;46:23;122:14;220:11;170:27;73:38;208:12;173:15;70:23,31.253526514226738,11.893210325067985,21.519043516977195,19.91256590819221,884,56.198994911368835,406.19222417632216,421.60878091230973,0.13835566405863464,0.13329654754761297,0.99993321106391064,0.866703452452387,0.83013742860765583,0.71943492188174196,0.31913064578672057,1
617,1691509894.7667639,130249,0,-8.4370727529425871e-08,14,3,75,23.007906259132646,20570.480746470465,210.02279025469758,1,13,13,14,USED,,5,-0.22708094653013611,3,g1,53:33;61:25;75:36;205:13;84:30;122:13;25:34;222:10;18:25;45:26;175:12;34:40;10:18,33.751579871544472,6.3685622665423844,23.441752413145927,22.79372277317551,902,51.672185921517219,419.60630950039928,430.72150457808368,0.1231444445700549,0.11996658019694902,0.99925392498678933,0.88003341980305094,0.85422742925105299,0.7511878249426438,0.31913064578672057,1
618,1691509894.8682401,130056,0,-7.5418701159235546e-08,13,6,150,22.302938916008586,66583.705144855601,237.11669731104516,1,13,11,11,USED,,7,0.43872303627477721,3,g1,47:27;57:35;277:30;42:36;123:12;224:10;67:30;206:14;174:14;11:20;28:36,30.923605312000621,7.7162393805316078,21.142615583192086,22.657365080125299,912,55.838196150578547,421.8614252853672,434.30037856405403,0.13236146469852494,0.12857045240254861,0.99995772977357056,0.87142954759745139,0.84278818808536837,0.73439948491893126,0.31913064578672057,1
619,1691509894.9674814,130201,0,-5.1889648425285095e-08,13,6,150,22.205011497395052,46892.910556165574,127.21577199132834,1,14,12,11,USED,,7,0.034695819535473668,4,g1,45:31;53:38;25:20;274:29;73:38;216:11;10:22;120:10;29:40;175:21;204:15;175:10,30.431289990743,11.028113882257657,22.172703043435476,22.210995712164237,833,57.449581019854186,361.38934998959922,414.16106899054682,0.1589686608681401,0.13871313679935829,0.99966242003221029,0.86128686320064174,0.73386851572155476,0.6318579372944142,0.31913064578672057,1
620,1691509895.0687616,130041,0,-2.5849609369688054e-08,14,5,125,22.499279342242605,42416.26965852228,37.128479668946177,1,12,10,12,USED,,6,0.20599807564599276,3,g1,274:38;28:25;47:33;59:35;209:13;74:41;122:12;219:12;174:13;14:23,30.787031173706055,11.678347307295656,23.949647133767847,21.467412956837801,861,65.940358100758743,375.66111474178314,419.39852715745792,0.17553149770660703,0.15722601256537619,0.99961758216250307,0.84277398743462384,0.73848794543988383,0.62214042183729612,0.31913064578672057,1
621,1691509895.1681571,130067,0,-1.0832580565889316e-07,12,4,100,23.185860687657023,34279.901946804544,104.04362280550616,1,13,12,11,USED,,5,0.26083355872839903,3,g1,298:20;261:45;44:39;206:18;221:12;85:29;122:10;173:13;373:10;30:40;22:33;14:25,32.343340714772545,6.4285903518363634,23.404100131796369,26.015376377205566,879,55.696345021459976,399.7249025131116,423.57875246542864,0.13933669048711081,0.13148994064806346,0.99973935150258586,0.86851005935193659,0.81219502982442515,0.70521569222444791,0.31913064578672057,1
622,1691509895.2672565,129988,0,7.5838012703055568e-08,13,5,125,17.755842015218537,59483.913383251005,380.36540880484421,1,12,9,10,USED,,7,0.66064357954203357,2,g1,258:44;300:30;50:38;175:21;299:18;72:42;202:17;121:11;14:26,32.320095274183487,12.809869871068294,22.738233339182816,22.091954087770517,841,59.663321609449305,377.7264370239929,403.61024136655828,0.15795378814234159,0.1478241023008709,0.9999651252887205,0.85217589769912916,0.78804520504146247,0.67152970981218374,0.31913064578672057,1
623,1691509895.3660069,130393,0,-3.7661743154671079e-08,12,4,100,19.741864427495575,38478.953281520779,83.632442075195044,1,12,11,11,USED,,8,0.12405740544879858,2,g1,299:36;244:39;175:18;305:19;73:42;202:20;10:23;214:15;82:36;369:10;27:40,31.833666888150301,8.8767279173950087,23.777908308092879,25.364589052471285,820,62.399849347210584,351.37878136864077,406.22136928414875,0.17758570709409244,0.15361045495261075,0.99974161290979047,0.84638954504738928,0.71138289088699225,0.60195146468592309,0.31913064578672057,1
624,1691509895.4656851,130107,0,1.9226074898792689e-10,12,4,100,18.785813691391336,50821.220057294704,484.376847396865,1,15,14,11,USED,,7,0.24607713815759272,3,g1,235:41;299:42;298:15;309:19;121:10;226:10;215:14;48:26;81:34;13:26;203:19;72:45;28:43;373:13,32.840950557163787,8.5551878592692994,23.042635754656974,26.337013083715906,818,57.099993750810917,350.32404000325931,410.57596624592964,0.16299193669460901,0.13907290841424647,0.99995439510516804,0.86092709158575353,0.71417732736165807,0.61482656894216381,0.31913064578672057,1
625,1691509895.5652909,130166,0,-3.5005493156936573e-08,15,5,125,19.318507666250095,57604.71523804879,353.99487148743248,1,12,9,12,USED,,8,0.15839069895982136,2,g1,319:37;301:32;321:24;304:20;225:10;122:10;210:16;84:31;370:12,31.749129613240559,8.9690391540930143,23.544857537110644,24.819098395243728,839,63.575370810138416,372.90595136424571,402.51867782561601,0.17048633999418125,0.15794390251296936,0.99953682607748784,0.84205609748703059,0.76848752019432809,0.6468098779295649,0.31913064578672057,1
626,1691509895.6647115,130015,0,2.3062133799878204e-08,12,4,100,18.019267305432667,42584.25064514995,166.31405483832484,1,18,16,10,USED,,6,0.32759772583975422,2,g1,327:36;229:46;299:34;311:22;326:25;310:34;222:10;298:21;120:10;47:24;72:40;210:14;26:40;11:23;171:10;373:13,29.997660040855408,7.2539530257878937,19.410615487302223,24.143462978843921,813,58.527637243303687,350.5232343616841,403.94912839501285,0.16697220470958138,0.14488863356593459,0.99996323938660014,0.85511136643406538,0.72285240044594046,0.61809658143070756,0.31913064578672057,1
627,1691509895.7633164,130209,0,-9.3099975576049765e-08,18,7,175,21.635624037402216,50534.030641556441,450.15085356366535,1,16,14,16,USED,,11,0.3097417020512076,5,g1,311:37;222:52;301:44;329:27;316:49;315:22;300:21;80:28;368:15;10:26;119:10;207:12;25:42;44:27,33.373268808637349,10.003393323336079,28.01653831509454,17.52395680113408,853,70.372092540707385,385.27917238244152,397.34873507685091,0.18265221061795056,0.17710410611247265,0.99988749172793667,0.82289589388752737,0.79252065513893777,0.65208861931595452,0.31913064578672057,1
628,1691509895.8646789,129785,0,-1.1099853508556023e-08,16,8,200,22.177482579960806,73131.608253588565,389.74220498790277,1,16,15,15,USED,,10,0.22071835315081684,7,g1,298:21;333:38;320:36;306:37;321:24;332:27;324:50;119:10;85:25;68:44;10:25;76:36;372:15;309:20;210:12,33.330252202351886,9.9757896770367953,21.095431957549305,27.230292696888828,816,59.7223565826217,368.87341872104594,387.40422469633268,0.1619047444234134,0.15416031311851375,0.99999363687720766,0.84583968688148625,0.79800642953946277,0.67498121347539841,0.31913064578672057,1
629,1691509895.9653761,129990,0,9.801269532094814e-08,16,8,200,17.331877036863414,94835.607334212094,152.72085220375195,1,15,13,14,USED,,9,0.38036561544094449,5,g1,344:43;313:40;328:26;343:29;323:39;312:23;217:11;121:12;72:39;326:49;26:38;204:13;10:23,33.4970703125,10.087534821428175,20.386895189710344,27.864034039410036,827,70.340048462560318,361.58807133444242,395.07188020299759,0.19453088760082723,0.17804367252465014,0.99991337421307003,0.82195632747534986,0.73720261417297461,0.60589586259789763,0.31913064578672057,1
630,1691509896.065793,129889,0,3.7048339854295342e-08,15,8,200,19.652131578228545,73536.294386752765,176.23724111790986,1,19,17,13,USED,,11,0.1612572428991782,6,g1,343:45;329:44;307:33;318:41;348:31;333:28;308:46;118:10;69:43;44:14;84:28;367:14;204:11;321:24;10:25;357:11;26:40,32.02731053969439,11.087925522395532,23.306902002012926,24.425654647139321,818,61.274028555735796,367.01824379693915,389.70772764732487,0.16695090664113413,0.15723072499908741,0.9998784008161502,0.84276927500091259,0.78454747891962184,0.66111210954329835,0.31913064578672057,1
631,1691509896.1655431,130421,0,1.0572143555043212e-07,19,10,250,22.269613116337624,101895.58822933976,396.68412456986891,1,19,16,16,USED,,11,0.34122994658736361,7,g1,313:26;347:47;326:38;336:42;307:42;335:30;350:34;334:55;25:15;41:12;318:47;325:25;365:14;207:12;11:30;26:46,30.933553218841553,10.819175648247466,23.498715755072446,24.624968727381738,825,63.375676420581968,347.63943427233875,413.98488930707981,0.18230289826940008,0.15308693157051939,0.99988350081662425,0.84691306842948055,0.68665249673134732,0.58146722460205591,0.31913064578672057,1
632,1691509896.2663176,130027,0,-9.344421386670021e-08,19,10,250,23.962974010748226,46952.081446478078,188.25911066652853,1,22,21,18,USED,,13,0.079819912190576672,9,g1,328:46;333:31;353:50;315:21;312:42;338:43;29:24;343:30;352:36;67:44;218:10;24:15;205:14;44:25;43:13;345:57;373:19;82:29;23:43;15:35;363:15,31.888590313139417,11.481921643116957,25.333746499728221,25.368233127237936,786,59.63029956517574,340.13531099921136,386.23438943561263,0.17531346389764865,0.15438889233118491,0.99969065053076511,0.84561110766881509,0.726255918961347,0.61394009127209759,0.31913064578672057,1
633,1691509896.3669136,130054,0,2.5452880872411932e-08,22,12,300,21.661935176895323,103985.69597205847,450.46869638852456,1,20,17,19,USED,,14,0.13547477177611772,9,g1,350:59;333:45;343:46;318:45;320:34;31:28;347:34;358:37;335:31;203:15;217:10;26:46;21:15;82:29;43:13;10:31;372:19,32.308166167315314,7.0238402099004578,23.112575955957965,29.19436448911064,782,61.044635718163107,333.33017002650371,387.6251942553331,0.18313564509719998,0.15748366365977831,0.99985142516474246,0.84251633634022172,0.70244539917336501,0.59173379437541462,0.31913064578672057,1
634,1691509896.4677691,130312,0,5.591430664309005e-08,20,12,300,22.713733137011463,107770.04394603864,294.33224659944102,1,19,19,20,USED,,14,-0.0011011247471021596,11,g1,332:29;327:41;355:35;350:46;353:60;33:32;45:25;71:44;219:11;82:36;342:55;12:29;206:19;492:83;370:14;23:40;343:32;365:39;23:11,33.45181806463944,8.7060122636792467,21.216421858468333,27.862158973452733,812,65.400203381995198,365.99183900947884,380.60795760852614,0.17869306473880528,0.17183088812153133,0.99968215179929421,0.82816911187846864,0.78976708084663017,0.65385280991834183,0.31913064578672057,1
635,1691509896.5673852,129990,0,-1.3211059565754191e-08,19,12,300,23.434856003846093,115610.10102394134,293.13746278422786,1,19,16,16,USED,,14,0.17523830188878672,9,g1,366:61;332:41;341:49;350:55;360:49;35:34;360:37;373:39;350:31;67:47;373:15;85:31;22:42;202:20;27:21;361:10,31.537496209144592,10.327184234188868,20.431178271902851,25.78992547714131,757,56.217245999539436,337.04267048870798,363.7400835117524,0.16679563426798474,0.15455334330158602,0.99971257226200527,0.84544665669841401,0.77204970587217425,0.65253923083471677,0.31913064578672057,1
636,1691509896.6667612,130292,0,1.132196044972833e-07,19,13,325,18.859439922163279,121795.04518999554,216.01305676026163,1,18,14,15,USED,,13,0.057189498907283517,9,g1,38:41;365:38;353:57;336:49;353:35;202:24;235:10;373:14;363:10;25:46;23:11;33:31;10:30;345:27,31.658884320940292,6.5983203388376008,23.305230570368931,30.735321955456538,776,66.944327938801266,323.44248364841991,385.61318841277921,0.20697444313335586,0.17360487128137533,0.99996347352632031,0.82639512871862464,0.66516956218585155,0.54967280761955695,0.31913064578672057,1
637,1691509896.7674174,129891,0,-1.0338867187376088e-07,18,12,300,22.202262458257483,116089.10166250169,563.97303995897687,1,17,12,13,USED,,12,0.63854856757833911,7,g1,372:47;344:46;351:32;38:41;354:56;371:35;75:46;372:10;48:32;205:26;84:41;361:37,30.619803269704182,9.8382466423268315,20.802949199113566,21.86615471599869,778,63.083398115945279,334.18811355844213,380.72848832561215,0.18876613367313372,0.16569129983778408,0.99973747105893662,0.83430870016221592,0.71206837354035546,0.59392887469135192,0.31913064578672057,1
638,1691509896.8666644,130052,0,1.4743041995557427e-08,17,11,275,22.980365366202875,98452.660573148358,405.77517441966614,1,16,12,13,USED,,11,0.16229889485010007,7,g1,352:49;369:41;230:13;74:47;12:46;362:61;31:46;373:11;14:30;208:24;37:37;32:24,33.557145118713379,6.6975427386757005,24.361028960700946,30.033212303939905,735,52.137305205145687,315.62973739437285,367.23295740048121,0.16518502228451687,0.14197338271109478,0.99978745540794789,0.85802661728890528,0.7175075844346912,0.61550975447027401,0.31913064578672057,1
639,1691509896.9666519,129937,0,2.6995849722322163e-09,16,8,200,22.993630149665552,88604.130450928584,322.04154730825496,1,17,14,13,USED,,9,0.68357358942756064,5,g1,367:41;358:48;370:63;43:42;298:24;74:48;18:50;226:15;492:84;211:22;21:34;30:16;202:27;12:27,32.639993531363352,8.0763478033364144,22.809896024950586,27.955686369921711,794,60.856187551843043,346.3461460577368,386.79766639041981,0.17570915179664842,0.1573333885898292,0.99978038153709325,0.84266661141017085,0.73808604165085723,0.62182386964605918,0.31913064578672057,1
640,1691509897.0655787,130099,0,-7.0415649408572811e-08,17,9,225,20.743538022013141,133480.36509137877,83.381884452485977,1,16,12,13,USED,,11,0.5013802988033409,4,g1,23:53;366:52;42:45;308:34;298:36;204:22;33:50;13:52;15:29;370:10;23:40;36:32,30.926633834838867,6.6740798016202092,23.239304711234084,27.510454693987445,772,60.298639681992761,335.85743122860225,375.84392908940487,0.17953641657239477,0.16043531640403075,0.99971577643457354,0.83956468359596925,0.73317345371051668,0.61537158585352292,0.31913064578672057,1
641,1691509897.1656013,130125,0,-1.6783447256973894e-08,16,9,225,14.604105974696916,115305.01944186309,122.95148202366633,1,16,12,12,USED,,10,0.54467246084377197,4,g1,371:47;10:67;310:34;82:44;20:53;205:27;10:23;52:12;34:50;38:33;26:42;10:52,32.7240301767985,8.8377628528112364,22.063740520571525,27.58342177371053,788,66.359651056441052,349.420261193035,372.22008775052439,0.18991357521703953,0.17828068188764098,0.99995925195839852,0.82171931811235899,0.76046570148119352,0.62486389465142056,0.31913064578672057,1
642,1691509897.2657895,130193,0,-2.2221679676914796e-08,16,6,150,16.101808496822404,62581.499619356429,342.97486316536521,1,18,15,13,USED,,10,0.34902673880482499,2,g1,324:41;14:73;31:57;230:10;85:44;78:53;300:31;314:32;206:28;54:23;565:42;30:43;41:37;16:55;13:26,33.320459365844727,7.3849299790482821,24.418987715242114,26.847547630354143,789,59.916661821550903,347.31030500315273,381.77303317529618,0.17251622240522638,0.15694314845448859,0.99999471673276519,0.84305685154551147,0.75278665125004052,0.63463859110535914,0.31913064578672057,1
643,1691509897.3662581,130433,0,-7.9191894528096718e-08,18,8,200,16.068500238786129,85365.038144606326,276.06337571521118,1,16,13,15,USED,,9,0.49931049558146601,5,g1,302:32;316:41;202:34;41:31;232:14;326:40;212:29;46:41;37:47;57:15;17:27;23:57;57:26,34.17175160921537,6.4105805731036805,27.296949709653575,28.624608094494015,850,56.010359685445799,373.80704468810285,420.18259562645187,0.14983762473545603,0.13330004685686644,0.99999933825319121,0.86669995314313353,0.75632995823840043,0.65551070558356528,0.31913064578672057,1
644,1691509897.467062,130333,0,1.151855469339047e-08,16,11,275,15.584722308955675,170683.52357909014,342.07344466029218,1,18,11,9,USED,,11,0.76689341361978225,4,g1,17:54;20:64;313:32;324:42;339:37;51:44;29:57;207:37;13:18;62:21;43:52,30.487099214033648,8.6542183696049246,21.241256218427928,23.456046906318683,874,69.266036089192511,383.88351298154737,420.85045092926049,0.18043503757485416,0.16458586639565045,0.99989733981653273,0.83541413360434957,0.74757547769679822,0.62447100511392706,0.31913064578672057,1
645,1691509897.5652888,130634,0,-3.5195312497737774e-08,18,12,300,16.967212265838619,135113.04494662874,847.83577408806536,1,18,14,14,USED,,13,0.51939464986967532,7,g1,325:38;34:56;10:17;222:24;36:44;59:30;203:39;27:37;18:26;36:11;338:40;52:48;313:34;61:16,32.980288505554199,5.47772373213422,25.885179162659256,28.40092846106166,829,58.894163525207915,370.79771425630304,399.30812221848896,0.15883097781044855,0.14749052235151597,0.99941566656081338,0.85250947764848406,0.78110995839055652,0.66551453284790718,0.31913064578672057,1
646,1691509897.6646225,130765,0,1.1770690919177262e-07,18,11,275,15.156198795781899,199267.36713776816,418.3431447273295,1,17,10,11,USED,,12,0.7700091710558773,4,g1,19:66;332:39;44:34;202:38;85:54;36:46;59:24;32:12;316:34;562:41,29.481700515747072,10.610721016206695,23.587506335928595,22.105993948137268,815,61.013059833245194,362.05273928415687,391.93420088259796,0.16851981275954145,0.15567169105388015,0.99934455456969695,0.84432830894611988,0.76808729315532909,0.6480927772946351,0.31913064578672057,1
647,1691509897.7652631,130958,0,-7.0388793932396609e-08,17,8,200,12.642999683569387,154721.54222817119,103.34232118946575,1,19,13,11,USED,,9,0.74715411050371239,2,g1,28:59;85:53;344:39;563:41;203:35;229:13;329:39;58:16;318:34;33:10;39:52;57:30;10:23,32.501884753887467,4.4968228830600321,25.216569066609697,29.22500533965518,820,61.749073446808431,359.43656774264213,398.81435881054909,0.17179407714303846,0.15483162048370835,0.99869352466804751,0.84516837951629165,0.74643123478221041,0.6300358739925529,0.31913064578672057,1
648,1691509897.86514,131054,0,5.2038574227530887e-08,19,9,225,18.21593393639688,110220.06735882994,558.80612595755395,1,18,14,15,USED,,11,0.58265502175094763,5,g1,340:42;21:65;84:54;322:35;205:33;233:12;36:58;58:37;16:25;59:23;52:50;42:28;47:39;32:11,30.515032495771134,7.8211623628385789,24.616711400322128,24.251183985051409,799,57.228194900710513,359.87985449548677,381.8919506038028,0.15902027908991556,0.14985441513032155,0.99997384048848603,0.85014558486967839,0.79250599316445125,0.67372784621910975,0.31913064578672057,1
649,1691509897.9653418,130951,0,5.2909545911195011e-08,18,10,250,12.310253787327074,170347.65687415452,409.6792884216681,1,18,9,9,USED,,10,0.8581779460936495,1,g1,350:46;235:10;205:32;37:46;562:42;325:34;21:32;36:15;12:23,33.481874254014755,6.1775988788057088,27.670484569058019,29.365787213714029,829,63.981521574893883,358.36606670628618,406.65241171882025,0.17853677431834694,0.15733712559200042,0.99939082073203811,0.84266287440799958,0.72392179819394376,0.6096504105431142,0.31913064578672057,1
650,1691509898.0657225,130998,0,-6.8588867183083657e-08,18,7,175,16.14177063450726,77689.247965113958,233.37139533345433,1,17,15,16,USED,,9,0.30624019084483178,5,g1,23:55;25:66;324:35;85:51;226:17;202:36;235:10;31:10;41:50;39:22;31:40;11:22;57:35;20:31;340:43,34.508831151326497,6.8653240825376418,28.22477008858958,28.283378472600369,800,57.493105655945733,360.98127106164071,381.52562328241316,0.15926894347415682,0.15069264591277043,0.99977507786370634,0.84930735408722957,0.79545945772833915,0.67543761227817722,0.31913064578672057,1
651,1691509898.1653073,131151,0,6.7960815433587562e-08,17,7,175,14.129601084815931,97060.131129857022,525.83747522735973,1,19,15,13,USED,,8,0.74140467882662386,2,g1,352:47;20:63;36:57;339:39;83:50;202:31;30:39;222:18;35:14;38:47;229:10;48:42;322:37;56:35;10:19,32.555055236816408,7.0012781483553885,23.54532483512979,25.985932042550157,824,65.43477436080012,368.12593557845537,390.43929006074416,0.17775105755039797,0.16759269885625455,0.99982026708110006,0.83240730114374539,0.77525794386769542,0.64521438563360933,0.31913064578672057,1
652,1691509898.2656572,131235,0,-1.1903686522596324e-07,19,11,275,13.745485364574048,170752.23960893208,250.55013117065261,1,16,9,12,USED,,12,0.81468108663462879,4,g1,351:48;59:11;29:56;204:30;10:17;325:37;47:43;33:15;342:43,29.955155690511067,8.5503439006919706,17.608804463465155,21.814836903866084,840,61.213583882999771,381.87432776185994,396.91208835514095,0.16029771951879698,0.15422453908289213,0.99994796406682795,0.84577546091710787,0.80788858109039463,0.68325678128700951,0.31913064578672057,1
653,1691509898.3657455,131343,0,-5.6542968737693933e-08,16,7,175,17.176454397141704,72096.238965397031,217.44326811726924,1,14,11,13,USED,,7,0.6082034284641854,4,g1,36:51;348:44;324:38;85:42;205:27;227:10;32:10;14:18;35:39;55:28;56:12,32.87992425398393,5.7172305423036152,22.738152404183861,25.363418317913794,858,62.831213047857815,382.99825179889746,412.17053515324477,0.16405091342518419,0.15243984634781621,0.99997082248165292,0.84756015365218373,0.77678293678125654,0.65835105564222274,0.31913064578672057,1
654,1691509898.4657817,131288,0,6.8535766603594617e-08,14,6,150,15.201266674796003,78931.369926698477,91.825330563930905,1,18,14,10,USED,,7,0.74050702533717172,2,g1,354:44;336:40;310:29;83:42;230:11;55:21;205:26;12:13;49:36;564:45;326:38;40:41;20:21;56:10,31.762337139674596,5.5236472497377331,23.354312180277265,24.632796104576418,894,60.191640258046959,387.06893668097842,446.73942306097456,0.1555062536771242,0.13473545684780885,0.9992631691064322,0.86526454315219115,0.73169565869792652,0.63264381461436947,0.31913064578672057,1
655,1691509898.5651436,131236,0,1.0854187011688499e-07,18,9,225,16.214066309204384,97032.812155682841,324.83912381641017,1,16,12,14,USED,,10,0.60843525187690883,5,g1,22:43;350:41;333:40;319:37;33:46;226:11;202:21;10:11;52:11;32:10;54:33;23:24,30.587604840596516,8.4658834071971594,17.560982369530084,21.173875175173205,901,64.301154585468609,410.79452552355571,425.90431989097573,0.15652875243046896,0.15097558672785619,0.99923355783212442,0.84902441327214384,0.81354744424001968,0.69019224332261353,0.31913064578672057,1
656,1691509898.664139,131183,0,-9.0468139646304735e-08,16,7,175,13.065646719669314,66599.193771667022,117.92348450071482,1,14,12,14,USED,,8,0.62225531523340849,5,g1,18:53;330:40;25:44;24:31;76:39;29:13;17:22;213:12;202:17;41:31;34:39;34:23,31.516688346862793,6.4636596770183345,20.764105613633387,24.789339426617349,865,59.033200280502342,393.11185539807076,412.85494432142679,0.1501689645577452,0.14298775173331157,0.999953908829599,0.85701224826668843,0.80919136300199579,0.69345494566101973,0.31913064578672057,1
657,1691509898.7631063,131281,0,4.1326293956367444e-08,14,4,100,12.180556498425021,45569.298763879247,253.16905730384394,1,12,9,11,USED,,6,0.74645731180909469,1,g1,326:39;82:23;170:15;12:25;340:35;41:16;16:42;43:27;21:10,29.747471279568142,5.2340381669676894,18.586073690095581,23.503613800082423,808,59.189797821818892,353.82791308988936,394.98228908829151,0.16728413907464057,0.14985430855252355,0.99976802843491774,0.85014569144747643,0.74595272600237827,0.63402138697587085,0.31913064578672057,1
658,1691509898.8633742,131190,0,-4.796691893682592e-08,12,3,75,14.731299852902692,29800.724593382616,254.05530337136506,1,13,12,11,USED,,6,0.40235696303859098,2,g1,10:53;368:11;171:14;17:44;24:36;84:15;121:11;38:20;69:32;21:16;27:25;11:24,31.171065807342529,4.5559775887650957,17.916735368861779,24.18701836832555,827,61.379439684753528,374.83701580757531,390.78354450767165,0.16374967544897703,0.15706761594089733,0.99986367627472916,0.84293238405910265,0.80212583290253703,0.67604566701469571,0.31913064578672057,1
659,1691509898.9635525,130975,0,-1.187744139152791e-09,13,3,75,13.157867197475392,54882.822779707043,247.57129808857826,1,12,9,10,USED,,5,0.73036448157093181,0,g1,335:42;20:35;173:10;32:13;121:15;22:23;80:14;12:28;66:31,34.385721842447914,5.8295623852702159,22.302312229025251,24.550599979176791,799,57.426042243821591,350.88247767666252,390.69148007951594,0.16366175542324907,0.14698565280239509,0.99986500756566044,0.85301434719760494,0.75112064223441688,0.64063019239730101,0.31913064578672057,1
660,1691509899.0647202,130895,0,-8.5462646473577486e-08,12,3,75,18.916182820048224,45295.909467817983,95.809152741095886,1,10,9,11,USED,,6,0.49793854172581192,2,g1,119:12;75:10;14:31;30:17;24:30;63:30;18:21;172:14;564:69,33.060839335123696,4.8596416794716637,18.931934029945751,25.184792785503717,813,54.310850361983952,366.43773332741864,392.25141631059728,0.14821303982211964,0.13845928428459484,0.99944032061657351,0.86154071571540514,0.79573169142691524,0.68517155980921829,0.31913064578672057,1
661,1691509899.1657774,130979,0,-4.3693237292141696e-08,10,2,50,9.1875094923742502,33109.705465747771,130.79024400949041,1,12,10,8,USED,,4,0.83735855101082801,0,g1,329:46;298:43;122:12;58:28;24:30;309:40;179:13;10:33;565:72;24:11,30.163709449768067,7.7945292376769801,18.516689568956373,19.628557935684295,858,54.681945469357522,388.83943362939107,414.47862090125102,0.14062860075420164,0.13192947165876964,0.99949773135137121,0.86807052834123033,0.80621163869305124,0.69949705116306538,0.31913064578672057,1
662,1691509899.2673736,131030,0,-3.7766113278325797e-08,12,5,125,14.236577223071867,39867.947054982295,63.128653398712125,1,11,9,10,USED,,6,0.32816719405054501,2,g1,29:21;15:36;126:13;174:20;26:33;12:17;69:10;60:28;24:10,28.362937927246094,4.0873185996207031,12.32825207282626,19.366702547126572,909,58.143594919661481,416.58477440356017,434.27163067677833,0.13957205949955281,0.133887619665713,0.99991060593406855,0.86611238033428695,0.82538474577603926,0.71481204118816966,0.31913064578672057,1
663,1691509899.3693309,131083,0,2.7265625007766303e-08,11,2,50,9.0015685244937416,22097.072425740156,73.721891402380749,1,9,7,9,USED,,2,0.92251420088035152,0,g1,371:43;61:25;175:26;36:29;15:37;14:21;27:14,29.671617235456193,9.6107426467648214,21.790128747900685,20.340164265089495,938,65.565598624459682,415.40169783311507,457.032703542425,0.15783661686139819,0.14345931509116486,0.99990854318937383,0.85654068490883517,0.76545091083658323,0.65557988470269313,0.31913064578672057,1
664,1691509899.4711378,131313,0,8.3842773446196617e-08,9,4,100,13.121658706201442,28807.689852682033,18.151642511737901,1,12,10,7,USED,,5,0.70328395924087805,2,g1,337:52;25:24;16:16;10:45;33:34;44:33;69:26;73:16;32:13;562:19,29.988838005065919,8.5326408211744003,22.664650845565955,20.66388220620329,966,62.964505413953582,432.62452145839632,470.41097312765044,0.14554076870561442,0.13384999290156349,0.99973429475021913,0.86615000709843648,0.78582353975856767,0.68046021463593709,0.31913064578672057,1
665,1691509899.5716591,131951,0,-6.0073852531372651e-08,12,5,125,11.555334388144139,38532.572662893006,67.424547217179068,1,12,9,9,USED,,8,0.59957011478173849,2,g1,338:51;44:23;27:45;79:13;75:23;179:17;36:15;51:33;560:17,29.748255411783855,7.9251312024018192,22.968849111065808,18.960216859268712,959,59.554879857201925,408.66629717948149,490.77882296331688,0.14572985408445882,0.12134769690674559,0.99990015469956739,0.87865230309325437,0.71134164920635501,0.62495957285411119,0.31913064578672057,1
666,1691509899.6710665,131982,0,9.2937622070410342e-08,12,4,100,10.968940737910478,24395.608380359055,129.27734623976153,1,10,9,11,USED,,7,0.43947947105579677,3,g1,350:54;19:31;56:30;43:32;46:21;41:11;563:10;553:16;84:21,30.786092970106338,8.17419705567238,25.904891538500031,18.499900185444226,1007,58.83322850259993,450.62973275578662,497.53703874161369,0.13055780439255635,0.1182489421318316,0.99975281805988692,0.88175105786816843,0.78747203473359639,0.69418266782502991,0.31913064578672057,1
667,1691509899.7705972,131988,0,8.5168457147899446e-09,10,5,125,11.197969575967575,29407.981852091274,252.28950857140401,1,8,5,7,USED,,5,0.71219467853808849,2,g1,13:23;51:15;547:11;202:13;21:31,29.211782455444336,5.6438028142218837,28.727370003922942,19.215867830143686,1023,60.376756731494417,444.81273907219867,517.81050419630753,0.13573522389990389,0.116600100311223,0.99977624513070706,0.88339989968877697,0.74242600183900564,0.65571230389366786,0.31913064578672057,1
668,1691509899.8693976,132111,0,-4.9978637686742822e-08,8,3,75,11.424416011526834,27652.261941614255,150.10164206033306,1,8,7,7,USED,,3,0.69568843696626881,2,g1,366:56;55:11;64:20;211:17;541:11;56:31;76:32,32.964882714407786,6.3814319903125867,28.465467196544029,22.050021791231689,1053,61.185355904963743,477.44145825149025,514.37318584354671,0.12815258257847942,0.1189512937083273,0.99997689591341155,0.88104870629167276,0.80924922566460578,0.71297151040323525,0.31913064578672057,1
669,1691509899.9678309,131980,0,-4.7924194335191572e-08,8,3,75,12.21623064836105,35925.564727480276,122.78512888997132,1,10,8,6,USED,,3,0.72188029246060725,1,g1,368:53;67:32;29:12;221:18;50:46;490:85;67:13;533:11,31.234256267547607,9.8730207401399674,21.795901428294052,18.258805427643559,1039,66.297077579952173,468.47663234228776,504.22629007776021,0.14151629559083936,0.13148278636904878,0.99994211863702165,0.86851721363095125,0.79761718632384815,0.692704159228403,0.31913064578672057,1
670,1691509900.0654233,131908,0,7.909606934697333e-08,10,5,125,12.68325659955712,33411.554935614753,123.33495718602373,1,8,6,8,USED,,5,0.54303187543131026,3,g1,328:21;79:32;79:15;528:10;230:10;53:45,29.302477836608887,7.1755750397508224,24.79433025831155,20.183788363544434,1002,51.911380358982441,455.98743947097665,494.10118017004163,0.11384388223326615,0.10506224725291587,0.99996274381193839,0.89493775274708409,0.81780023065910123,0.7318530335519845,0.31913064578672057,1
671,1691509900.1619294,131968,0,1.1817871094221832e-07,8,3,75,11.918868786851949,18587.617370826829,77.419324533170922,1,10,8,6,USED,,3,0.80937870190714867,1,g1,329:17;13:15;491:85;85:20;232:10;76:10;526:10;229:22,32.039620161056519,6.3277875590963468,28.337408270116903,18.436821384779108,951,58.986385761191954,427.62344889742775,464.39016534138068,0.13794001688466989,0.12701902443999888,0.99992037162335701,0.87298097556000109,0.79380893621044868,0.6929249186608718,0.31913064578672057,1
672,1691509900.2587152,132026,0,-3.9133911125532883e-08,10,1,25,8.5215213464407071,15445.07231627697,79.651999060095108,1,9,8,9,USED,,3,0.42031552672305894,0,g1,372:47;39:27;60:36;71:10;85:25;228:19;523:11;47:41,30.096440076828003,7.96852853517795,17.119690927039628,23.468584815305089,963,61.907295320370693,440.02564868911708,461.06705599051259,0.14069019727554308,0.13426961331551862,0.99979970911078975,0.86573038668448143,0.82009405889222098,0.70983814412744151,0.31913064578672057,1
673,1691509900.3568239,132157,0,1.0257934571211713e-07,9,5,125,13.007103838071146,40555.086574463872,187.57563053035605,1,14,11,6,USED,,5,0.78380698342252497,2,g1,35:49;61:39;528:11;49:18;217:28;64:29;222:18;42:41;65:11;82:28;34:26,30.429182226007637,7.8638603822815432,22.051049941539631,18.590708311750788,963,53.836946899281976,441.20971678969374,467.95333631102415,0.12202121768987197,0.11504768258239187,0.99999732500995298,0.88495231741760816,0.82780213288819315,0.73256345625744912,0.31913064578672057,1
674,1691509900.4553282,132154,0,4.9988403333367515e-08,14,8,200,12.374891719194899,128945.68356927599,503.70933520186435,1,15,10,9,USED,,8,0.74737991284163241,3,g1,22:43;32:42;59:31;27:24;73:32;36:30;220:11;67:23;534:10;12:18,30.94383087158203,7.0762022168386567,16.5733040256845,23.236816001481742,951,62.923610495832527,427.54668545117079,460.52970405299703,0.14717365994647361,0.13663312038736894,0.99935026560211437,0.86336687961263103,0.79174713758176607,0.68312411780722526,0.31913064578672057,1
675,1691509900.5554578,132475,0,-5.4126586906955154e-08,15,9,225,12.575654916629849,82614.506287373355,84.223632669995752,1,14,9,10,USED,,10,0.73434352408732084,4,g1,10:55;333:43;19:24;539:11;45:40;207:12;43:26;25:41;203:22,30.760572857326931,5.7259621956907258,22.875153596034938,21.974655327215466,986,56.188696607093533,450.9923120167889,478.8189913761168,0.12458903424722198,0.11734851294349932,0.99950191089197493,0.88265148705650065,0.824536249648405,0.72741564851613305,0.31913064578672057,1
676,1691509900.6566741,132269,0,-3.2916259759541155e-08,14,6,150,15.605265664836951,31025.461961501245,87.554423021195987,1,13,9,10,USED,,7,0.74553295575776413,2,g1,13:52;36:26;543:12;15:25;11:42;55:36;41:42;84:31;40:11,32.057360119289825,8.3299288167104137,21.780745909718711,24.692339885954102,975,52.647761922219743,446.77763660577409,475.57460147200555,0.11783884780400249,0.11070347692930534,0.99979183562790808,0.88929652307069462,0.82874458279234786,0.73684625891612376,0.31913064578672057,1
677,1691509900.7582335,132003,0,-2.7871093738474073e-08,13,7,175,15.550861064366154,55372.555497516092,229.38947331357608,1,16,12,9,USED,,8,0.74814790185514235,3,g1,366:47;15:42;25:37;33:10;373:38;26:22;555:16;43:28;17:15;83:12;11:28;38:19,28.806858539581299,7.376777516054041,20.528699822154305,22.588999540095845,919,53.525976010699154,403.84939294225325,461.62463104704864,0.13253944897808198,0.11595129984570474,0.99992498371808503,0.88404870015429526,0.75889238435340178,0.67084749768417151,0.31913064578672057,1
678,1691509900.8607736,131789,0,-1.1507385253017866e-07,16,8,200,15.79715907314417,45447.461992890952,136.57692061875255,1,14,9,11,USED,,9,0.76335068749262325,3,g1,362:50;372:40;14:18;10:31;22:40;34:30;20:27;64:26;73:10,31.070052040947807,6.9374935548248216,23.268594020703031,23.905732077864496,865,53.341689182114472,377.6700894064345,433.98822141145149,0.14123885019846019,0.12291045367229629,0.99996937056993374,0.87708954632770375,0.74732074333610499,0.65544713514682407,0.31913064578672057,1
679,1691509900.9646881,131790,0,6.5572509769240561e-08,14,8,200,13.257979731535224,52068.090637248359,220.02376515286818,1,13,8,9,USED,,10,0.75166670754114118,3,g1,355:50;372:42;362:41;13:39;26:28;17:10;59:26;64:12,31.872728824615479,11.424874406726458,24.100142110695053,24.369523267584956,860,45.391478559857312,389.25283925739319,425.35568218274955,0.11661181109546699,0.10671416995519374,0.99988672032260295,0.89328583004480622,0.80840899769572017,0.72205849870180605,0.31913064578672057,1
680,1691509901.0683196,131574,0,-1.5848999015966037e-08,13,7,175,19.644635225868345,44595.493490147506,281.42814965533722,1,9,8,12,USED,,8,0.6322467311506712,6,g1,371:44;361:41;12:39;60:10;10:26;351:40;24:24;15:10,27.964416742324829,8.5215636401532393,20.052815173984296,22.856669130535177,863,49.473047420152746,374.7602356462026,438.76671693364409,0.13201253151857456,0.11275478633816861,0.99990556715830614,0.8872452136618314,0.74136705377140977,0.65771225452230209,0.31913064578672057,1
681,1691509901.1738305,131279,0,-4.1478881829259961e-08,9,6,150,15.846489333733061,44155.681179728126,371.47340892601972,1,9,7,7,USED,,7,0.50885886512999345,4,g1,367:43;31:26;26:16;66:13;17:23;355:40;65:23,29.807223183768137,8.579751334049158,25.171140202700808,21.842839440683608,903,54.431574595855864,374.96196737388078,473.60645803026335,0.14516558833173937,0.11492996700728625,0.99910772789597535,0.8850700329927137,0.676786364170615,0.59846885570422659,0.31913064578672057,1
682,1691509901.2754407,131665,0,5.7005615242133878e-08,9,5,125,14.741036017575505,30341.686903758888,87.832190198665472,1,13,10,6,USED,,6,0.71205727058314772,2,g1,349:40;373:42;27:39;361:38;71:20;25:27;38:25;565:21;76:11;16:17,29.970996475219728,9.5200233528895843,23.939508455351756,21.636936712310465,968,63.290868781925504,396.20745151244358,508.50167970563149,0.15974174271666303,0.12446540750576124,0.99961207858557333,0.87553459249423882,0.65470104823103326,0.57299105370961179,0.31913064578672057,1
683,1691509901.3751116,131666,0,-1.1065124511100422e-07,13,7,175,15.957833133209984,53132.06130577829,91.529258204049043,1,12,9,10,USED,,7,0.66535447323213248,4,g1,373:57;358:47;13:42;369:40;11:28;42:22;34:11;79:18;31:25,28.826823552449543,10.091175633226975,20.534495272260319,22.45561303926937,970,63.956910336057646,406.91712804889022,499.12596161505212,0.1571742891303739,0.12813781541057973,0.99998628364761388,0.87186218458942033,0.68712157669197449,0.59906710180501144,0.31913064578672057,1
684,1691509901.4732773,131721,0,1.1402770996871148e-07,12,5,125,17.032714380867485,23143.262566608373,126.44295702908967,1,12,10,10,USED,,5,0.16247189745241192,3,g1,18:46;368:55;15:29;36:27;37:40;46:25;41:15;16:13;84:26;558:13,30.195864868164062,6.3602664409486476,24.211057823640896,22.005380658230532,1004,61.083403730254375,434.02622784267578,508.89036842706884,0.14073666477223967,0.12003254044492392,0.99999229953102842,0.87996745955507605,0.73285494725544087,0.64488354021480776,0.31913064578672057,1
685,1691509901.5712841,131690,0,-1.1365966792742377e-08,12,5,125,14.213692733802848,40606.990475583319,356.82791659193043,1,11,8,9,USED,,6,0.74451401581671173,1,g1,369:41;24:49;15:42;44:42;12:27;23:16;553:10;52:25,30.213074445724487,8.6549567442848332,26.277640617055951,22.538741593188004,1019,63.317658036044243,448.34355733700255,507.33878462695361,0.14122575645366262,0.12480350399901269,0.99990556531254371,0.87519649600098726,0.75891280337273637,0.66413510296797096,0.31913064578672057,1
686,1691509901.6691644,131692,0,-1.2399902341031499e-08,11,5,125,20.496339721603281,34897.00650847322,242.19276494666013,1,12,9,8,USED,,5,0.70949967887149057,2,g1,10:56;21:45;38:23;10:43;49:28;214:10;540:11;208:19;61:26,30.656823052300346,8.1398518450030313,28.649161191830459,24.294432202066524,1035,56.869627476445693,455.9602655931655,522.17010693038935,0.12472496348440175,0.10891015537208261,0.99983671668606022,0.8910898446279174,0.76429238828472934,0.68094198090583735,0.31913064578672057,1
687,1691509901.7668915,131650,0,-1.1497924803927084e-07,12,6,150,14.499357750068048,63128.800704367844,280.91491016998248,1,14,10,8,USED,,6,0.80988561585820373,2,g1,41:47;13:57;28:45;14:41;331:10;57:41;221:12;71:23;534:12;219:25,31.294176292419433,10.270022583632562,27.88705136481903,23.436034408339275,1013,58.04365089433454,451.78398147052775,503.17236763513739,0.1284765579899628,0.11535540229908534,0.99998787373425324,0.88464459770091464,0.78251580552154643,0.6922399855823973,0.31913064578672057,1
688,1691509901.8645146,131539,0,-7.5476074140601312e-09,14,6,150,13.952808323693507,40274.53943927223,335.47759957896221,1,16,12,10,USED,,6,0.80891246263851102,2,g1,14:41;10:51;34:43;33:53;84:24;59:24;527:10;70:41;24:42;66:12;19:24;76:17,28.282313505808514,10.394885381182929,25.235474721458633,21.715392589008545,956,56.618397953702662,417.02174349892852,482.35985854736907,0.13576845532959156,0.11737792220979884,0.99997920804628049,0.88262207779020119,0.74716695255401988,0.65945233653184965,0.31913064578672057,1
689,1691509901.961889,131613,0,-9.1066894525315689e-08,16,8,200,14.727726210075252,79846.452365802601,179.24457728119862,1,15,11,12,USED,,10,0.4132437300822821,4,g1,14:46;47:43;22:54;35:42;60:21;354:11;335:14;78:14;525:11;231:18;25:41,28.999532526189629,9.7958859864521646,25.881322042706689,21.647729139665511,971,56.398103942042781,424.28235161653794,490.31954444141979,0.13292587760759564,0.11502316108221311,0.99990688705137554,0.88497683891778689,0.75029488798696575,0.66393177182508134,0.31913064578672057,1
690,1691509902.0587225,131700,0,4.3992919931956642e-08,15,7,175,17.219976411478854,35379.130934635854,151.85918923367481,1,17,13,11,USED,,9,0.55234621178055388,3,g1,12:39;24:50;45:43;72:39;233:12;50:17;83:16;24:37;351:11;72:10;332:12;229:28;523:10,29.812517899733322,9.3213794123081399,26.178974253557012,22.037416187735513,970,58.03869429543866,423.09597109542727,488.86533460913449,0.13717619230732006,0.11872123095380181,0.99996884183613544,0.88127876904619817,0.7467440437188394,0.65806916677529259,0.31913064578672057,1
691,1691509902.1560152,131847,0,9.7915649421853601e-08,17,8,200,16.293747933621162,57948.827372874453,143.21099505530694,1,18,15,14,USED,,9,0.63764922000603796,5,g1,15:49;41:43;327:13;68:39;26:39;13:12;51:16;231:10;14:39;80:18;72:11;492:85;527:10;49:33;224:29,30.363014348347981,7.6161902785257336,27.14866425719157,23.307186055679029,983,57.62964214320246,442.06353800202385,483.30681985477355,0.13036506562759903,0.11924028334737612,0.99990234396564137,0.88075971665262387,0.79542410755622694,0.70050909596834599,0.31913064578672057,1
692,1691509902.2545319,131892,0,-3.5466308584419792e-08,18,6,150,17.480210884913699,60397.412297453404,183.83497997811872,1,14,11,15,USED,,10,0.04394290633810629,3,g1,10:47;29:41;321:13;20:36;13:11;71:15;45:32;227:10;85:33;529:10;338:11,29.324175227772106,7.0739727043189724,26.224707883618702,23.437257721049171,951,52.069259721648152,432.30070966961421,466.63003060873723,0.12044685228817247,0.11158574525030408,0.9999100437238565,0.88841425474969593,0.8148456486007537,0.72385536844619947,0.31913064578672057,1
693,1691509902.3541138,131876,0,9.8223876962566514e-08,14,6,150,16.2743578960905,47355.644546081363,68.203833526410961,1,15,14,13,USED,,7,0.21986536478191276,5,g1,364:34;22:37;10:31;312:12;60:38;12:11;47:33;40:11;217:19;31:23;76:32;64:13;212:28;224:10,31.157757350376674,7.0057796307971145,24.004880901550035,22.201449913820049,936,57.820476517913185,422.35280187292631,455.8267216091603,0.13690089484788048,0.12684749220887104,0.99997678943490231,0.87315250779112896,0.79971688379334249,0.69825859525430189,0.31913064578672057,1
694,1691509902.4550693,132141,0,-3.9385375974476666e-08,15,6,150,18.345248627075961,96881.482602210119,269.17844410990659,1,13,11,13,USED,,8,0.53789917569032575,4,g1,352:31;362:42;373:29;302:10;50:36;14:14;214:11;68:31;41:31;59:13;534:10,29.235659165815875,7.9246490829822553,16.719401163978183,23.07982112847176,928,54.320421658865016,420.8787135112878,452.80086482984717,0.12906431215226608,0.11996536640732226,0.99999025829880028,0.88003463359267775,0.80953531745167384,0.71241217629975417,0.31913064578672057,1
695,1691509902.5562227,131897,0,6.6271972770648446e-09,13,6,150,18.219391320327958,36260.510429405149,52.45209030168715,1,11,9,11,USED,,6,0.29812224466943632,4,g1,343:38;362:28;368:47;351:30;539:10;60:32;202:12;11:11;51:11,30.027056164211697,12.391719116612894,21.687482673111283,22.503145984786109,945,55.482551923374047,409.73182385322593,479.78562422340059,0.13541186867449426,0.1156402966703728,0.99975622966237698,0.88435970332962721,0.73834907517967707,0.65280699529611086,0.31913064578672057,1
696,1691509902.6586032,131700,0,-1.7324218740122355e-08,11,6,150,16.135467572593619,30485.81460617415,187.8913897219347,1,9,8,10,USED,,6,0.32771696037924741,5,g1,335:36;366:27;351:27;36:32;85:22;11:15;544:11;52:31,30.378845453262329,10.814537359432768,20.747552207424853,21.537868395294861,978,58.893137969748004,413.64502081101961,505.46184121923267,0.14237603502219912,0.11651351925536241,0.99939991940026773,0.88348648074463765,0.70183711986164743,0.61969151894130903,0.31913064578672057,1
697,1691509902.7613614,131272,0,-4.4681396471624168e-08,9,6,150,16.373125158078402,66678.027759544464,85.978334382631502,1,9,7,7,USED,,6,0.48853741563450503,4,g1,352:28;331:26;342:26;11:16;549:13;46:28;74:30,31.429505211966379,11.11067454353611,20.724422796566365,22.916239892272582,918,51.693127090759042,385.75812919175081,480.54874371748951,0.13400398638148639,0.1075710378324264,0.99951899409361522,0.89242896216757361,0.69517402026002528,0.62009501652267773,0.31913064578672057,1
698,1691509902.8637841,130906,0,-4.6765747066523922e-08,9,5,125,17.896656621646919,38800.777868230252,439.29725713360881,1,10,10,9,USED,,7,0.4173628075440175,5,g1,312:25;345:28;333:27;335:46;322:26;74:14;36:28;63:30;176:15;17:28,31.148609733581544,11.462847355692499,21.660907096356873,22.451130866403332,871,58.24688531799395,367.90532546520245,444.84778921680413,0.15832031037969607,0.13093666357327077,0.99971247400151653,0.86906333642672928,0.69609976188122902,0.60478084131875121,0.31913064578672057,1
699,1691509902.9663091,130832,0,-6.747924803651717e-08,10,6,150,16.359875444925564,51327.838319345647,58.71536089683763,1,12,11,9,USED,,7,0.48633450610318979,5,g1,305:35;338:32;316:39;325:29;314:26;172:19;10:32;31:28;564:78;373:21;65:12,29.314709923484109,12.569793809503524,18.693248578891925,21.605358329494628,839,55.979812971893509,368.95562224323118,414.06456478487519,0.15172505742435671,0.1351958552671067,0.9999962225426543,0.86480414473289335,0.7558623361889043,0.65367041196222542,0.31913064578672057,1
700,1691509903.0694542,130583,0,3.7419433593366414e-08,12,6,150,18.182293746083452,44735.334824163707,84.145030774028015,1,11,11,12,USED,,8,0.3326985171011751,6,g1,304:37;301:27;323:30;317:40;311:28;10:34;59:22;364:24;26:29;563:83;62:11,29.688855778087269,11.710195609012503,21.086207960771073,21.277721005280281,849,47.304574681233426,370.47435891148814,431.22106640727861,0.12768650122027797,0.10969912735328964,0.9999737032047934,0.89030087264671032,0.74942949082415222,0.6672001839799272,0.31913064578672057,1
701,1691509903.1719384,130329,0,-9.4202880857041649e-08,11,5,125,18.218112932015575,26498.151539288676,233.21516051761873,1,9,8,10,USED,,5,0.19583561986605791,4,g1,313:44;329:36;309:32;14:39;173:10;57:26;561:84;59:15,30.137413024902344,10.864395270324522,21.371314147586066,21.033940473039159,845,52.542183480499794,378.22478863405161,414.23302788544794,0.13891787386610602,0.12684209115027356,0.99939855748309869,0.87315790884972644,0.78623041435415464,0.68609041219622524,0.31913064578672057,1
702,1691509903.2731068,130247,0,3.4470825208132716e-08,9,4,100,18.33814070728743,18562.941420461248,200.72566641833384,1,8,7,8,USED,,7,0.18611424591900005,3,g1,331:40;317:46;174:14;312:35;61:12;58:22;27:28,31.521416800362722,10.97773713956234,21.642419792281171,20.668956363089126,911,49.104191207832145,398.31361637575657,463.58219241641143,0.12328022239016,0.10592337671962265,0.99956970412445545,0.8940766232803774,0.75328481309361439,0.67320454022153831,0.31913064578672057,1
703,1691509903.3735058,130110,0,1.1875671387939768e-07,8,5,125,17.785032744211545,17778.252522996547,181.63968424485662,1,9,8,7,USED,,6,0.46365239142588749,4,g1,336:40;326:39;323:49;174:12;31:26;61:24;65:10;562:27,28.329361915588379,7.9999992720042812,18.448702413602078,18.012801960518225,963,59.900576732709162,400.47755176821977,502.62187149907146,0.14957286986057386,0.1191762239754022,0.99971072916427106,0.88082377602459783,0.67760078569549431,0.59667423229698058,0.31913064578672057,1
704,1691509903.4730489,130270,0,1.9561767622411352e-09,9,6,150,15.183745393243596,36526.154042124872,264.89563259555257,1,9,8,8,USED,,6,0.52427036157567364,5,g1,312:41;337:43;179:17;68:21;561:22;73:12;36:22;171:24,29.901387691497803,8.8124816098469374,21.336229170469924,17.33667526445349,981,56.747357017597494,410.78472844141697,513.46791454098582,0.13814378453869514,0.1105178247959792,0.99991504841867551,0.88948217520402084,0.68950242341882428,0.61324801457639067,0.31913064578672057,1
705,1691509903.5718057,130531,0,-5.9290161127933949e-08,9,3,75,16.477281902824025,27139.282909540994,196.03679546354471,1,9,8,8,USED,,4,0.24646476021092839,2,g1,340:42;332:51;21:32;46:25;31:36;80:11;11:28;556:17,27.991094350814819,6.2392350382709498,18.903350852040074,20.376485745918409,998,67.309319245447639,422.75182210784624,507.93885864670625,0.15921710025953872,0.13251460899207207,0.99979312192076308,0.86748539100792788,0.69977418898289978,0.60691830187394924,0.31913064578672057,1
706,1691509903.6701458,130908,0,9.4633178723824152e-08,9,5,125,11.67055792765446,41393.189602352992,115.36803378627978,1,8,5,6,USED,,5,0.81649924768099347,2,g1,346:43;331:43;302:10;10:21;560:10,28.48941535949707,10.1600225101144,23.623117469889429,18.52237732292938,1024,59.3925391069657,453.89241598464253,510.71504490839152,0.13085157851365212,0.11629291069273104,0.99999144689943442,0.88370708930726893,0.77244616310145986,0.68261031195637667,0.31913064578672057,1
707,1691509903.7679577,131077,0,3.6748657228358184e-08,8,5,125,10.917835253396859,91274.074982660502,92.226120596080463,1,9,6,5,USED,,5,0.86801934266106084,2,g1,352:37;341:36;44:35;50:10;202:12;58:21,30.527885754903156,9.0031921724805724,23.088034403838339,23.015423591595106,1022,57.571555480789826,450.55619583538629,513.87224868382395,0.1277788564732644,0.11203476278053018,0.99997852702749335,0.88796523721946985,0.76475163109341715,0.67905828180491434,0.31913064578672057,1
708,1691509903.8655908,131073,0,8.559570316424292e-09,9,6,150,13.405880957277299,88310.963726672082,124.15128652385573,1,12,8,5,USED,,6,0.87122638431005861,2,g1,56:28;354:35;343:34;248:34;204:18;15:16;358:18;212:10,29.971136569976807,12.190150849329774,26.105003801012096,19.732933365121607,981,52.507496128385156,450.23445293546166,478.25805093615293,0.11662256361334432,0.10978904803715446,0.99972325855976796,0.8902109519628455,0.8316158108129218,0.74010862718618886,0.31913064578672057,1
709,1691509903.9631991,131015,0,-1.0861206053980332e-07,12,7,175,13.39902095466657,74491.814894866329,208.23929556220608,1,12,8,8,USED,,9,0.6630945713440427,3,g1,65:30;244:30;349:34;255:30;203:24;60:14;303:11;50:35,31.101470708847046,12.582777270199605,22.839373961432297,21.992458059550735,969,51.049573354430869,452.17120149114106,465.77922515442839,0.11289877193877645,0.10960036557556954,0.99917906648245258,0.89039963442443049,0.86118402555141638,0.76616845139175782,0.31913064578672057,1
710,1691509904.0609324,131013,0,8.8507080081567935e-08,12,6,150,15.587464148747721,56566.693151024374,182.10598628654705,1,14,10,8,USED,,8,0.78072738676704778,2,g1,55:28;246:29;245:47;345:35;259:32;62:19;19:18;56:10;352:12;211:10,31.089453506469727,12.811751288947416,22.558712224111449,23.939997269637367,998,60.640219367187782,458.71099767882544,478.64878295398648,0.13219700350338254,0.12669042840336076,0.99932263445013858,0.87330957159663924,0.83165526057527872,0.72580053381091969,0.31913064578672057,1
711,1691509904.1592925,131115,0,4.2252807627707334e-08,14,7,175,22.40568477209602,18762.065448381789,120.50518759773148,1,10,8,12,USED,,7,0.0095528290462474613,5,g1,246:47;341:33;242:33;45:34;20:17;55:14;260:33;202:15,31.750065326690674,9.4361673149272391,25.395372358024225,24.281153000960472,974,53.225220417511458,445.42128133446971,475.35349824801858,0.1194941118620336,0.11196976694960784,0.99992080276468787,0.88803023305039219,0.8250619010114606,0.7326218860127891,0.31913064578672057,1
712,1691509904.258688,131124,0,5.9741821295533626e-08,10,5,125,21.469507875124869,35863.995416362275,147.32565588653094,1,10,9,9,USED,,5,0.18670393880075906,3,g1,237:23;255:36;335:32;266:39;35:29;44:35;263:27;11:14;51:17,28.878871917724609,11.795892997699216,16.524021339614272,23.987133861182762,994,54.967284316871606,460.12703401990643,478.90568166322163,0.11946110585298399,0.11477684734491407,0.9999714916001613,0.88522315265508589,0.84601157433741458,0.74888768281950258,0.31913064578672057,1
713,1691509904.3589628,130801,0,-6.6855468744408952e-08,10,4,100,25.918184051374521,22725.464828515538,59.403212301021753,1,13,11,8,USED,,5,0.19696711180984477,2,g1,239:19;245:47;267:38;264:17;179:11;243:29;267:27;12:18;44:14;85:23;550:11,28.633084210482512,9.7914679464770629,17.851559330914043,20.131408900561222,968,51.840070504622496,447.46231193357937,468.69761756179844,0.11585349005285066,0.11060451037557772,0.99998031837811518,0.88939548962442228,0.84408844125774452,0.75071367694520685,0.31913064578672057,1
714,1691509904.4602864,130581,0,-5.9919433581523407e-08,13,8,200,25.715751735131231,53578.762528820123,140.21359457238677,1,17,14,10,USED,,8,0.16648384750531589,5,g1,250:45;262:27;244:29;58:33;269:39;353:13;34:37;272:25;560:10;177:11;11:20;549:13;40:11;78:26,28.91839803968157,9.7944949044188512,17.463057184134296,19.715462991913771,978,54.32886177623196,450.5462008966503,473.12493732711812,0.1205844409920889,0.11482984195075104,0.99999824942063009,0.88517015804924892,0.8374475912405227,0.74128231902052966,0.31913064578672057,1
715,1691509904.5622389,130272,0,-9.3005371085141952e-08,17,7,175,23.158989640147851,64317.96630838744,170.80115289161927,1,15,13,15,USED,,9,0.5679691444660474,5,g1,258:27;243:22;247:42;268:33;257:40;173:12;275:13;273:24;83:11;562:11;13:26;72:29;34:10,30.602918331439678,10.07308230265318,20.134233141164472,21.288595109453581,938,51.238003821483574,429.23608974087307,457.5259064376433,0.11937021384295904,0.11198929525199872,0.99999501061267337,0.88801070474800126,0.82617854115088729,0.73365172808417711,0.31913064578672057,1
716,1691509904.6646824,130094,0,-2.9928588857197624e-08,15,7,175,26.110317844984984,77002.853810247398,305.0439193292197,1,15,13,13,USED,,8,0.074164266727489742,5,g1,258:27;272:38;314:33;252:40;274:18;277:28;262:37;169:15;29:37;10:23;559:15;33:11;81:10,30.991600036621094,12.324788687682393,18.703665402492476,20.520713070542758,942,54.632980573806528,427.0644011661916,460.30261826000208,0.12792679610995292,0.11868926746566337,0.99994537966204644,0.88131073253433667,0.80910124300448161,0.71303066106368496,0.31913064578672057,1
717,1691509904.7673461,129834,0,-9.3105468737531005e-08,15,7,175,27.161931470284323,46377.042197407951,212.65810006909606,1,15,14,14,USED,,7,0.11070482781322638,6,g1,28:22;275:21;106:32;300:36;257:38;312:32;260:24;268:36;34:13;171:10;558:15;70:29;77:15;15:28,29.285453251429967,13.254242110109244,19.241626212617376,18.694904174207068,955,52.675928214411179,448.7031138148796,453.62095797070913,0.11739594977748152,0.116123224222397,0.99979139795943539,0.88387677577760304,0.87303546858176784,0.77149480614024057,0.31913064578672057,1
718,1691509904.8693862,129838,0,-7.7575683585240363e-08,15,10,250,19.651700279797918,116502.58160843501,237.67037093313556,1,15,13,13,USED,,10,0.069870378779976122,8,g1,27:19;277:19;267:24;268:37;313:30;108:27;277:31;107:15;37:11;557:14;170:10;82:14;32:38,29.409075810359074,14.196698330915805,19.243981482052643,16.58672191877082,945,57.845468371544186,434.34262281656243,452.81190881189286,0.13317935043177717,0.12774723289261888,0.99975778704365381,0.87225276710738109,0.83146478066994189,0.72507179136136279,0.31913064578672057,1
719,1691509904.970552,129957,0,-5.1730346672940186e-08,15,8,200,22.237669678751946,90750.033003564109,346.36085363071282,1,12,12,15,USED,,9,-0.051834843636065227,7,g1,50:27;28:21;276:35;111:20;106:29;314:31;113:37;60:28;28:32;555:11;76:25;81:16,30.588061809539795,16.195239279920941,20.030741862775503,16.837510086070953,942,53.972306561375035,433.02861429740773,454.99907914121752,0.12463912263383684,0.1186206940533691,0.99972289605380071,0.88137930594663094,0.83309247230011518,0.73406699578180235,0.31913064578672057,1
720,1691509905.0707765,129904,0,-9.4016113269534962e-08,12,8,200,23.966438111573584,49453.357121794863,320.68478368450133,1,12,11,11,USED,,8,0.1287841562265645,7,g1,32:16;118:35;117:25;52:25;314:32;107:21;107:35;19:12;43:31;552:10;77:28,30.948692495172676,17.140937049285615,19.375877982850124,17.603182362719522,936,54.067102963974534,432.30344358990169,449.62945344612399,0.12506748157033998,0.12024813443510997,0.99981685239341334,0.87975186556489005,0.8412178911478907,0.73992746831508238,0.31913064578672057,1
721,1691509905.1699474,129877,0,1.1627197260555278e-09,12,5,125,18.364828680726941,33376.99721463475,160.29715798021059,1,9,8,11,USED,,8,0.2448770335343631,4,g1,126:36;55:31;32:15;113:37;113:25;65:25;179:11;43:31,29.993763208389282,17.685694468577793,15.808023886823749,19.598086563659805,993,54.757816659186361,456.44152330337289,481.80066003744059,0.11996677309919433,0.11365243180640547,0.99995383169913077,0.8863475681935945,0.83371348352443475,0.73892580216823678,0.31913064578672057,1
722,1691509905.268847,130032,0,-6.1878051751951268e-08,9,5,125,19.073610126804397,35125.654173155672,185.0060260944588,1,10,9,8,USED,,6,0.21133397340620261,4,g1,32:16;127:36;60:23;110:25;109:12;120:23;17:21;48:29;84:25,30.424698511759441,14.652159551717014,16.665381213456385,18.685431838730878,978,51.628621376291576,453.33200076573939,473.0393778579691,0.11388699957003656,0.10914233316067222,0.99999973373140028,0.89085766683932777,0.84919649017054977,0.75651300248577069,0.31913064578672057,1
723,1691509905.3672585,129998,0,-7.1832275266858758e-09,10,3,75,22.230281343275269,7555.7118188704753,126.05673347215786,1,11,11,10,USED,,5,-0.16458217273830317,3,g1,129:30;48:24;33:15;117:35;62:23;111:15;178:12;21:25;85:28;30:31;12:19,28.22424905950373,12.881500003954352,15.012331214552955,18.863122728817782,993,53.561167999277878,462.06904326765903,477.36978873306361,0.11591594109076017,0.11220058173649589,0.99996365520079722,0.88779941826350406,0.85574723183165502,0.75970428229759013,0.31913064578672057,1
724,1691509905.4656096,129817,0,-4.1786499010987299e-08,11,5,125,19.682521764796377,38182.068266757058,258.10062955990918,1,9,7,9,USED,,8,0.072803499300160862,3,g1,51:24;33:14;63:30;113:16;124:25;202:10;85:31,31.762547084263392,15.273980692034323,26.380296687165643,16.892604591116424,1013,58.917171824722374,471.52691115404741,482.55591702123064,0.124949754576095,0.12209397863860456,0.99983987261157525,0.87790602136139539,0.855050626829578,0.75053389358286149,0.31913064578672057,1
725,1691509905.5641413,129754,0,4.2999267590992929e-08,9,4,100,17.768259339664922,25801.658770105452,86.702755092724729,1,10,9,8,USED,,5,0.36710083158043216,3,g1,34:10;313:30;64:24;123:26;47:30;11:13;29:28;84:33;204:11,31.089435789320206,11.737541680124091,22.30230474290817,14.989651663995106,1005,63.551155185378889,463.69690333003109,477.75194148459002,0.13705322319167412,0.1330212389883689,0.99995727434350201,0.86697876101163107,0.83755964842595831,0.72611540118289875,0.31913064578672057,1
726,1691509905.6627717,129638,0,6.3444213868613097e-08,10,4,100,18.365353254771634,43621.772972206811,216.94258367698333,1,9,8,9,USED,,5,0.15678761200802757,3,g1,65:22;122:28;55:21;40:33;15:14;329:10;31:28;203:11,31.492644786834717,8.3203517674927294,23.967357268184855,25.777959901597384,1005,63.97136028735958,466.98869895213829,474.03994076050196,0.13698695585332785,0.13494930445044434,0.99998985988258382,0.8650506955495556,0.85017591137619808,0.73543780597413266,0.31913064578672057,1
727,1691509905.7627678,129699,0,-4.3443603506276851e-08,9,5,125,18.714197898763306,57167.994358960801,441.273811507787,1,9,7,7,USED,,5,0.59353573734305631,3,g1,64:28;62:17;124:30;37:29;48:27;44:37;209:14,31.711408887590682,13.302850159958567,25.074275977727325,21.435935361450937,975,59.901371503998703,441.66187300227057,473.43675549373052,0.13562721884234447,0.12652454801809732,0.99982771876009535,0.87347545198190268,0.80636008309102936,0.70421439420384313,0.31913064578672057,1
728,1691509905.8632526,129714,0,-1.0314331042038383e-08,9,5,125,16.33745360606957,54337.240334978422,287.18389793985961,1,10,8,7,USED,,5,0.66312129775226758,2,g1,68:15;123:33;68:27;44:35;16:13;55:23;207:17;221:10,32.448891639709473,12.724099429842113,21.026419793599537,22.243421766141594,963,59.042889996966018,440.05283459422543,463.90427540880876,0.13417227513466584,0.12727386473197588,0.99993812101529245,0.87272613526802412,0.82131156101439251,0.71673571087238919,0.31913064578672057,1
729,1691509905.9641078,129822,0,7.1217041028304173e-08,10,6,150,15.853583640885562,115532.03699730028,186.83915214491722,1,12,8,6,USED,,6,0.81274372019559071,2,g1,62:21;70:14;125:34;73:25;327:13;53:26;227:10;206:23,30.920501232147217,14.505971565852128,25.493079731237536,19.298571491392508,997,59.692174894046687,448.98540261842572,488.32242248752772,0.13294903252072232,0.12223926681468593,0.99994013378868896,0.87776073318531411,0.7972053090278115,0.69971362483985677,0.31913064578672057,1
730,1691509906.0648322,129862,0,5.1883544932573855e-08,12,7,175,17.364544559537762,93111.658784851286,136.56720424388507,1,12,8,8,USED,,7,0.76901679386905752,3,g1,72:26;61:17;77:15;55:26;52:36;226:10;18:11;204:27,33.832765340805054,12.994746329360034,27.426776805073878,19.431968603470828,1005,58.36347516034408,454.203126391735,492.43339844792138,0.12849641882475185,0.11852054581248406,0.99985500949197892,0.88147945418751594,0.80384403754704714,0.70846926725410775,0.31913064578672057,1
731,1691509906.1653018,129705,0,8.8726196292854276e-08,12,6,150,13.445253264292841,121102.69224535403,306.56077574271688,1,14,10,8,USED,,7,0.76002097763158716,2,g1,66:18;76:23;80:12;329:11;56:25;51:34;33:20;202:32;231:10;17:10,32.616307830810548,9.4484560522420136,23.823307484918438,22.841138194112727,1019,65.154864347045958,456.58435450536547,497.26078114758894,0.14270060658918243,0.13102755499172924,0.99997550931849843,0.86897244500827076,0.78717145006885569,0.68401354723883434,0.31913064578672057,1
732,1691509906.2666245,129740,0,-1.396972655609563e-08,14,9,225,12.545881717179642,125333.14812608316,182.73107881484412,1,15,10,9,USED,,9,0.82435970388270374,4,g1,69:16;80:21;83:10;330:10;59:24;19:11;491:84;298:10;231:12;36:23,31.330970573425294,11.355183235607024,22.588869698710578,22.107515554102392,1017,65.047402421944753,452.40483042568286,499.5477671523721,0.1437814056068753,0.13021257765346789,0.99995821578763744,0.86978742234653206,0.77541619335391065,0.6744190708158504,0.31913064578672057,1
733,1691509906.367399,129593,0,1.0442687989331567e-07,15,8,200,12.497818056090313,104079.4091567135,240.05196202753876,1,14,9,10,USED,,8,0.82675429433306735,2,g1,76:14;64:13;303:15;342:13;52:30;20:10;43:25;491:85;237:10,30.352457258436417,9.4215954947330971,19.914163873312365,23.4350447842235,1020,60.519274709635738,467.45263669902437,492.02808859134007,0.12946611048554613,0.1229996337869661,0.99991335096411438,0.8770003662130339,0.8270531122611825,0.72526303354227972,0.31913064578672057,1
734,1691509906.467618,129577,0,-3.2047729484063758e-08,14,6,150,10.792297164480299,69333.81867151687,226.84112402156072,1,11,6,9,USED,,7,0.81052151401448036,1,g1,81:20;78:10;305:16;60:35;236:11;37:19,31.648900985717773,10.339823428522529,23.972602035736855,22.275186145056427,1015,54.47995714710266,452.63181221023683,507.88823064265978,0.12036263399400217,0.1072676109823732,0.99981470041437448,0.89273238901762686,0.78393597457324427,0.69971535442256905,0.31913064578672057,1
735,1691509906.5677392,129587,0,-5.1068725581693286e-08,11,7,175,12.330886495998449,83686.389986862734,263.76962258763359,1,11,8,8,USED,,8,0.70258998859391486,4,g1,80:12;214:10;217:31;322:24;49:24;309:11;35:13;244:10,31.53998589515686,6.7237883839107653,22.505525069106092,24.499545062970768,1025,62.922884880070676,459.95038839031741,502.12672672961173,0.13680363462738038,0.12531275777708956,0.99991897239465843,0.87468724222291039,0.7906918360950751,0.69155202221710743,0.31913064578672057,1
736,1691509906.6668963,129519,0,1.1644348145434247e-07,11,5,125,7.62874357754069,70660.462734758446,147.02141357782889,1,11,6,6,USED,,6,0.88709703707630438,0,g1,84:10;319:24;338:15;37:12;243:10;226:25,32.419712702433266,8.7551826905167687,24.00074971300668,26.902667041274967,1045,60.004182401548597,456.02600224264575,528.96981535580551,0.13158061625095913,0.11343592896919358,0.99918031756472359,0.88656407103080648,0.74866619671808232,0.66319649473412978,0.31913064578672057,1
737,1691509906.7664092,129621,0,2.6700439456628366e-08,11,6,150,10.526228895977242,83593.099708290465,242.63029275466445,1,14,9,6,USED,,7,0.82485808215182499,1,g1,204:12;222:10;306:18;492:84;222:31;52:19;323:23;68:33;343:10,30.146614074707031,5.8285894844793393,19.527166724038608,26.252821945319138,1029,54.863404503339886,463.76946356505931,510.36713193160074,0.11829887220602536,0.10749791879366688,0.99920715211108213,0.89250208120633312,0.8011998294524203,0.71450557151430638,0.31913064578672057,1
738,1691509906.8659265,129643,0,9.8652343752392291e-08,14,5,125,11.438780006702558,73420.657999428819,325.80499063352613,1,12,8,10,USED,,9,0.48503496680664299,0,g1,202:12;306:14;69:30;318:22;228:29;337:11;249:12;490:83,29.963109970092773,6.0056850023630668,13.859503165953129,23.902713489295738,1028,58.63488907327735,470.71486999834099,498.65024092838161,0.1245656188288337,0.11758720694511558,0.99984374835351875,0.8824127930548844,0.82639081885904153,0.72910388913764135,0.31913064578672057,1
739,1691509906.9660656,129735,0,-7.6609497065560639e-08,12,5,125,11.076658042378464,72482.969490355332,219.31935006692123,1,10,6,8,USED,,7,0.76879708342188169,1,g1,204:12;224:10;491:85;49:10;256:14;247:21,34.619251251220703,9.5117207639032824,24.271920973477989,27.87478275004818,998,60.463852865507519,447.66227508551731,489.87387204897522,0.13506577665932887,0.12342738879419687,0.99985839343742566,0.8765726112058031,0.79040431489128193,0.6927486625624979,0.31913064578672057,1
740,1691509907.0658817,129660,0,3.2495117194275558e-08,10,3,75,10.209959214451008,57724.246628302826,128.13281540787335,1,12,9,7,USED,,3,0.82076254329656728,0,g1,209:14;219:20;328:10;234:17;231:37;78:34;58:12;265:12;490:82,33.564005321926544,7.1957043043520406,21.845040663953156,27.534996532130329,1005,57.247203587851025,460.09787863459337,487.65491777755568,0.12442396769517898,0.11739285609740205,0.99960567297005587,0.88260714390259798,0.82609784165142597,0.72883234493653781,0.31913064578672057,1
741,1691509907.1656289,129632,0,1.0448852540145825e-07,12,7,175,14.781614638599027,109175.334647564,342.13565329458186,1,14,11,9,USED,,7,0.65435334243267473,3,g1,211:14;221:21;71:39;84:36;323:11;59:12;242:29;76:28;271:11;252:24;232:12,32.29938593777743,8.0256282519270492,22.309670572566244,27.271174306445005,994,49.424431471091658,450.22653326859808,494.34903526031007,0.10977680749349754,0.099978816475420382,0.99980975157800567,0.9000211835245796,0.81076744002636814,0.72956904516476306,0.31913064578672057,1
742,1691509907.2654419,129399,0,-6.3310546874473239e-08,14,7,175,14.885655740918363,96534.893528089407,158.3236135280344,1,13,8,9,USED,,9,0.77483484361418442,2,g1,211:11;226:10;70:38;562:11;316:12;80:32;235:17;66:16,33.801784038543701,11.122867436126993,15.527951858271997,28.703163175542688,988,59.640410688511956,442.43931242458109,485.92027688690712,0.13479907642401998,0.12273702812034049,0.9998987584296154,0.87726297187965951,0.78778128829796001,0.69102138698948046,0.31913064578672057,1
743,1691509907.3643124,129373,0,-1.6578369135822335e-08,13,7,175,12.023592458010882,130722.81665220845,253.66485786406298,1,15,9,7,USED,,7,0.82166453700838571,1,g1,215:11;67:36;565:10;207:31;236:16;177:10;61:11;123:10;270:10,28.501408259073894,7.226451242886867,18.445324223917577,25.078545446883645,999,51.783998473189627,455.95913326513079,491.25686826167856,0.11357157844906751,0.10541124576319565,0.9997832059069498,0.8945887542368044,0.82273686314477856,0.73585158259662775,0.31913064578672057,1
744,1691509907.4643521,129400,0,-2.2597656246237108e-08,15,4,100,13.518635365955699,48190.55550996081,195.20824610678872,1,14,12,13,USED,,6,0.51283563630974027,1,g1,215:11;238:11;308:16;261:14;206:27;67:19;60:10;175:11;72:29;565:11;228:35;117:10,31.580867767333984,7.9269293858391237,20.414691025506908,27.998841939914076,971,55.773967326819154,437.88641965151811,477.33961302166261,0.12737085423020333,0.11684336645299125,0.99962768280824899,0.8831566335470088,0.80050438283519942,0.70670753851787971,0.31913064578672057,1
745,1691509907.5654266,129559,0,1.304443360272689e-08,14,6,150,11.373139477972874,55978.14937046112,89.91831040422683,1,13,9,10,USED,,8,0.75771703505830867,1,g1,211:12;66:32;307:14;239:12;69:19;173:11;63:10;119:12;562:14,33.957348293728302,7.1575183998735135,15.587903581124371,30.572781744800547,991,53.336213619403928,456.17268057331802,481.49110580727762,0.11692110442118311,0.11077299866210273,0.9998009267122524,0.88922700133789723,0.83664363078630588,0.74381800321366587,0.31913064578672057,1
746,1691509907.6669791,129555,0,-9.0942382791059373e-10,13,5,125,15.738579365151471,45569.585333597315,171.59192486473569,1,8,6,11,USED,,6,0.68177398677168632,3,g1,244:10;312:11;249:23;258:18;208:25;70:16,31.004347165425617,5.7750111662100174,19.790380318828156,30.247455062636359,1020,57.253527115974357,447.90016022041749,514.84631266360782,0.127826538592438,0.1112050833573375,0.99997755369173547,0.88879491664266252,0.75876358341462047,0.67437007841404106,0.31913064578672057,1
747,1691509907.7676129,129632,0,5.3863525445452254e-09,8,4,100,10.567412604788684,43130.244117782036,78.278316076703604,1,9,6,5,USED,,5,0.84298608266337904,1,g1,69:26;306:15;267:17;171:16;117:13;74:12,31.050918579101562,4.3523095466777839,16.669884611130666,29.418472644805671,950,50.432363389686557,434.99678434625332,464.57085226406019,0.11593732460684784,0.10855688243011209,0.9991890549665271,0.89144311756988792,0.82778422081887715,0.73732413185778312,0.31913064578672057,1
748,1691509907.8677833,129669,0,6.6760864267378928e-08,9,5,125,14.14291821263145,38083.764922310314,45.999681045435025,1,9,7,7,USED,,7,0.32823756495550394,3,g1,70:25;254:23;169:18;123:19;76:13;264:19;213:23,28.32371711730957,5.9973407492397355,19.5512374265986,25.652827614562984,955,55.38311927413389,435.71897141719103,463.8979093086752,0.12710743141157793,0.11938643861678251,0.99947998912616254,0.88061356138321745,0.81986972674624337,0.72161295812154125,0.31913064578672057,1
749,1691509907.9676065,129585,0,6.2171630871299399e-08,9,5,125,11.941064701654067,50160.530840915926,136.85235352181152,1,10,6,5,USED,,5,0.79825461415515064,1,g1,307:10;68:21;236:30;73:11;119:18;170:19,30.014437675476074,3.6066219468098573,15.999975615970291,27.780987504834471,1000,57.32845826855327,452.71322802155402,489.9583137098931,0.12663305315616671,0.11700680785365293,0.99995243265722589,0.88299319214634708,0.80697634612872426,0.71252072552494983,0.31913064578672057,1
750,1691509908.067498,127459,0,-3.4796142495130411e-09,10,6,150,12.845005468567166,105369.95250797566,74.856960830584299,1,7,4,7,USED,,6,0.78877019317828301,2,g1,181:14;170:21;210:20;233:30,27.147846698760986,7.5876417670723466,22.278388011973295,22.188239715003569,968,50.021490144194516,412.59931326652509,505.37919658927984,0.12123503005416381,0.098978134600278836,0.99964418481717321,0.90102186539972118,0.71743717503472249,0.64619657336451997,0.31913064578672057,1
751,1691509908.1675351,123183,0,-3.3897094714463449e-08,7,4,100,11.390903981340196,55310.008404771601,332.26259149643369,1,6,3,4,USED,,4,0.84400492551949124,1,g1,307:10;77:10;171:21,33.008904774983726,5.2620106380307998,15.426676799835723,31.975852311714203,976,52.311413855843796,413.65938371219943,510.02920243195751,0.12646011650067895,0.10256552684906824,0.99998767851644688,0.89743447315093172,0.70848486348105277,0.6358109059633783,0.31913064578672057,1
752,1691509908.2674308,119873,0,-8.4837036132268118e-08,6,3,75,8.8235495497365282,44522.268462934087,94.902185889577908,1,5,2,3,USED,,4,0.88312910407330836,0,g1,170:22;124:14,28.246240615844727,6.2025331010217695,22.415251025796287,24.503213061819785,930,52.298785212488923,424.83022017076104,452.87099461675075,0.12310514348877384,0.11548274416812143,0.99934889567720375,0.88451725583187857,0.82259945853572003,0.72712966998355233,0.31913064578672057,1
753,1691509908.3672357,117242,0,-9.0349731432515235e-08,5,1,25,8.3817509249734599,7139.5839954782577,76.620923111872514,1,6,5,4,USED,,3,0.29178774187304451,0,g1,217:17;262:12;253:21;232:30;171:23,27.943613433837889,5.9961272105816779,24.517685507871512,21.357126824796474,950,47.65284589961805,432.89798220847376,469.44917189190824,0.11007869719445708,0.10150799863502631,0.9997083914874686,0.89849200136497365,0.82063226303349257,0.73711651224855801,0.31913064578672057,1
754,1691509908.466645,115040,0,-6.2417602531006366e-08,6,3,75,8.2788147784896697,33482.50910638427,132.14899740341355,1,6,3,3,USED,,5,0.80999942742857556,0,g1,303:14;170:21;236:29,30.207244873046875,3.5057895923297178,17.483315274248387,24.427528255236069,947,54.985828962762511,434.04232128250419,457.97184975473328,0.12668310500296584,0.12006377464512319,0.9997028608138534,0.87993622535487681,0.82768513506396801,0.72809372405018979,0.31913064578672057,1
755,1691509908.5658207,111983,0,1.1690246583262454e-07,6,3,75,7.2698642840016969,24667.388452696858,68.15644877904603,1,6,3,3,USED,,4,0.87230871105720198,0,g1,216:17;171:23;273:12,26.437668482462566,3.4969896958447237,21.797377464935469,23.230880834149147,954,53.816537413500413,423.74414476926438,476.43931781723484,0.12700243313758211,0.11295570159922187,0.99995549160286668,0.88704429840077814,0.77644223203608598,0.68870800031160784,0.31913064578672057,1
756,1691509908.6652277,108141,0,7.6929931647207184e-08,6,4,100,7.268226953001788,44506.601701607302,92.27463573733813,1,6,2,2,USED,,4,0.90039366567895374,0,g1,229:29;122:19,24.434572219848633,10.903097398502716,16.843208930471853,22.940220868455775,947,49.726796518265509,427.32308765095689,469.95011583077883,0.11636814849302739,0.1058129253364655,0.99996270973315016,0.89418707466353453,0.80348164286580892,0.71843610810677394,0.31913064578672057,1
757,1691509908.7652149,103800,0,9.7709350596608679e-08,6,3,75,10.249004459944238,16675.639548471005,184.19245983101885,1,5,4,5,USED,,3,0.70597833351379613,2,g1,263:13;216:16;230:29;121:20,29.73100757598877,6.5286445166495248,26.886088062949668,12.681643682445749,943,43.404023798228884,438.45058710805262,461.14538909371907,0.098994105777151828,0.094122211399597963,0.99998777456982479,0.90587778860040202,0.85666380419893562,0.77602322518799893,0.31913064578672057,1
758,1691509908.8652861,100155,0,-7.2039184562111558e-08,5,3,75,9.1488095177514985,44336.420064762438,78.129909466101353,1,5,3,3,USED,,3,0.76138497481604606,0,g1,210:21;253:21;116:19,25.416720072428387,5.1465981751072176,21.619074185103035,20.67271096264216,949,46.977219316859333,427.95004998235572,474.07273070078537,0.1097726693075423,0.099092852793740138,0.99946621138501224,0.90090714720625986,0.80361684187642157,0.72359770196164019,0.31913064578672057,1
759,1691509908.9651601,96896,0,-3.2514648432013793e-08,5,4,100,8.19996626972112,42367.469943291639,209.25148567208453,1,6,2,1,USED,,4,0.90598628069306641,0,g1,220:13;231:31,25.593358039855957,3.5141190614411273,23.419359895446227,16.839272658070279,960,45.245364231247429,438.42861157086583,476.32602419788668,0.10319893145006151,0.094988226409503343,0.99993600400438165,0.90501177359049667,0.82544985443892704,0.74699402908967771,0.31913064578672057,1
760,1691509909.0651472,94696,0,-3.031677245357578e-08,6,4,100,8.4019004648016029,53339.051237536063,163.71321516720695,1,5,2,3,USED,,5,0.83603457576418894,1,g1,274:10;60:12,25.767699241638184,2.7102582201775025,12.967001427132484,23.139139165774459,926,48.850696224011848,428.54080214334471,448.60850163264365,0.11399310399309781,0.10889382623429346,0.99995752905681501,0.89110617376570656,0.84637296113985216,0.75417613904770542,0.31913064578672057,1
761,1691509909.1656175,93451,0,1.5864868169179758e-08,5,3,75,7.8300655622699802,42939.178895734622,54.408275409921835,1,6,3,2,USED,,3,0.89900344767135409,0,g1,122:22;275:15;61:10,26.298000971476238,6.6660796043372228,15.168619674328022,13.769463246813222,956,52.066083972463893,427.89372502849073,476.04019099904531,0.12167994276849267,0.10937329443380614,0.99975079157142155,0.89062670556619383,0.78948720751349444,0.70296316270097448,0.31913064578672057,1
762,1691509909.2662585,92873,0,-1.1578857421479238e-07,6,3,75,8.4765911655086814,45063.939712898507,160.14114848482535,1,6,3,3,USED,,3,0.85180689969760182,0,g1,245:25;273:10;206:21,25.352293014526367,3.1554953389619662,24.288702159878472,12.857671263451566,962,54.161394207552668,444.36395476647721,463.47465102597039,0.12188521059503046,0.1168594530200483,0.99991806733073663,0.8831405469799517,0.84190701626324727,0.74346130408860867,0.31913064578672057,1
763,1691509909.3667364,93072,0,-7.0632324211672426e-08,6,3,75,9.2844495993115537,21460.534020956187,189.94069976757925,1,5,2,3,USED,,4,0.79018487887952304,0,g1,217:13;209:21,30.268954277038574,1.8341957589131601,29.35913153354641,15.763081930012765,955,52.688663751328669,438.23268684320504,464.07864940546631,0.1202298809129683,0.1135339102947925,0.99995331027017031,0.88646608970520746,0.83077302432637001,0.73641772955691687,0.31913064578672057,1
764,1691509909.4671295,93912,0,-8.1536254872838221e-08,5,4,100,8.8639447645155123,41249.3290068645,70.418630154554705,1,6,4,3,USED,,4,0.83803787733817237,1,g1,263:17;115:16;214:12;208:21,27.446841716766357,2.2257311234151205,26.085936522703953,11.575800761508379,975,51.177990454061295,449.60450095457333,474.2175085913654,0.11382891039881329,0.10792092136387464,0.99999660529249146,0.89207907863612534,0.84017671908406344,0.74950152910492829,0.31913064578672057,1
765,1691509909.5669684,95258,0,-7.7905883785756025e-08,6,4,100,9.3613391876297651,27778.210566496047,173.65463503131159,1,8,4,2,USED,,5,0.79514850319101726,0,g1,231:27;559:10;216:12;208:20,27.370625019073486,1.0912023143349918,25.525701240355204,11.539375810962838,951,49.189927481513017,437.7412971450803,464.06877537340654,0.11237214263841785,0.1059970635644103,0.99999206747134317,0.8940029364355897,0.8372710905854952,0.74851687589739235,0.31913064578672057,1
766,1691509909.6667018,97171,0,-1.1193115233287809e-07,8,4,100,9.6263552947202911,48624.053738769551,280.41316446055174,1,6,3,5,USED,,5,0.71937502583753166,1,g1,557:10;216:10;232:26,28.744160334269207,1.9348093104513939,27.641339463719927,9.1602130782840536,959,55.399561159234693,438.14266858664251,465.45777025412292,0.12644183078069571,0.1190216700625463,0.99996889473635209,0.88097832993745373,0.82229394778057763,0.72440061546037193,0.31913064578672057,1
767,1691509909.766351,99327,0,1.2155151371540107e-08,6,4,100,8.4318391708807052,52507.29762651839,73.240589863814748,1,6,2,2,USED,,4,0.87121382981488193,0,g1,560:10;113:13,30.254714012145996,1.79099693456814,23.384457075912941,15.288809711941049,969,57.529535785592174,437.23856774846871,474.23189646593943,0.13157470550193398,0.12131097932111383,0.9999152238679786,0.87868902067888621,0.80068218690589121,0.70349100238485918,0.31913064578672057,1
768,1691509909.8660414,102399,0,1.2636108409624924e-08,6,4,100,9.8684612893396046,56019.97699346202,291.25440560208369,1,7,4,3,USED,,5,0.83633158539140662,1,g1,248:20;224:28;258:14;564:10,27.249000549316406,1.9744863762675289,22.675549347268777,16.577115037570941,969,55.822353944652967,436.75217022485174,476.42547583049384,0.12781242487224304,0.1171691204114237,0.99994292567011245,0.88283087958857631,0.79955803290361582,0.70583423415511337,0.31913064578672057,1
769,1691509909.9660707,105994,0,1.0247009278596675e-07,7,3,75,9.0789080570808629,24505.449527171211,32.629901524171103,1,6,4,5,USED,,5,0.66995605438608641,0,g1,55:37;207:16;564:10;118:14,29.969719886779785,10.096581241086193,21.991593173617773,20.683649440256726,972,51.702412048701738,440.98728667229716,479.31030127900084,0.11724240950084897,0.10786835148491077,0.99993962075246323,0.89213164851508919,0.81217715034461013,0.72452519109583735,0.31913064578672057,1
770,1691509910.0657663,109813,0,-1.0349731432990339e-08,6,4,100,11.627565356111145,66598.701544996307,81.741514721132887,1,9,6,3,USED,,5,0.76863731226856535,1,g1,53:34;57:53;298:10;227:26;564:12;114:13,29.753747304280598,11.17362042261648,20.592593006574617,16.397730997445645,978,51.387011620637189,439.43154862853004,487.18143975083296,0.11693974131128393,0.10547818005324439,0.99981115477496041,0.89452181994675561,0.79650927836322483,0.7123603780206883,0.31913064578672057,1
771,1691509910.1657465,113192,0,9.6462402343622244e-08,9,6,150,13.073226662258714,44266.504181158074,112.38169869340535,1,9,6,6,USED,,7,0.24167930985852196,2,g1,49:35;49:56;298:13;224:28;206:11;563:15,31.13057581583659,10.457382684017965,19.364178043659617,21.121428444592279,959,57.53057846673579,437.98529892165413,463.48412261161076,0.1313527614017628,0.12412631988894497,0.99957948471401781,0.87587368011105504,0.82085815218686753,0.71866571354965991,0.31913064578672057,1
772,1691509910.2657588,116845,0,9.2511596688771291e-08,9,3,75,15.341717469657512,26343.938035692932,38.931409669689948,1,9,7,7,USED,,5,0.30643715215957112,1,g1,44:34;47:54;300:13;122:12;204:10;234:22;61:12,30.051753725324357,13.05731424632469,16.650140648357119,22.6173752223375,980,52.562556959214838,448.28756611967015,479.14987692111526,0.11725187342176537,0.10969961486156964,0.99983206347370279,0.89030038513843035,0.82588982742367567,0.73516654938350978,0.31913064578672057,1
773,1691509910.3659084,121960,0,-1.2957153308623681e-08,9,5,125,18.233526723408428,36442.171562213654,139.10088493621447,1,13,11,7,USED,,6,0.67863295144536451,3,g1,44:35;41:58;33:37;52:57;299:13;65:18;202:11;58:10;254:12;119:11;565:16,30.805038798939098,12.090492449111265,19.372374979656801,17.308005540226826,997,42.367728684579426,464.50112577909283,490.13114553632761,0.091211250809171654,0.08644161684158716,0.99988894080668156,0.91355838315841287,0.86126621607078757,0.786729588564413,0.31913064578672057,1
774,1691509910.4662457,128215,0,-1.1642700194214317e-07,13,6,150,19.748083223454717,62528.351112294054,235.19491879831097,1,12,10,11,USED,,8,0.53665784467722255,3,g1,22:35;41:35;37:45;44:58;299:15;61:14;202:10;565:17;122:12;251:13,31.860331916809081,12.476625943256458,24.576972019386467,18.32935781950242,1008,49.907083214389232,464.6118591034824,493.48105768212878,0.10741672266112667,0.10113272320684782,0.99994000875796907,0.89886727679315215,0.84036614867641257,0.75533231552759594,0.31913064578672057,1
775,1691509910.566386,129045,0,9.0460205090514556e-08,12,6,150,19.839857315146723,70499.94371143078,555.66544105036155,1,12,10,10,USED,,7,0.22457832893315713,4,g1,29:39;32:59;43:59;13:38;305:10;40:35;121:11;247:14;55:10;61:22,32.947759628295898,12.664114689864814,18.053620037336692,21.04627444437881,1014,53.682609852209815,467.63812489617732,492.67926525161255,0.11479519524659834,0.10896056245597015,0.99994567728488815,0.89103943754402981,0.8402129828470849,0.7486222342516281,0.31913064578672057,1
776,1691509910.6658375,129117,0,-9.6669921872960529e-08,12,8,200,18.931942179676437,131422.70700054133,282.94065770847806,1,13,11,10,USED,,8,0.30694779362407509,4,g1,20:40;23:60;36:58;369:42;373:31;39:36;303:12;58:21;557:10;215:27;50:11,33.262301184914328,14.602312242477097,26.792760775826558,21.662558894652275,1033,57.244840736785036,470.0562836346499,505.69887562856525,0.12178294968029499,0.11319946216141333,0.99990226861104048,0.8868005378385867,0.81631868843836231,0.72384110304405358,0.31913064578672057,1
777,1691509910.7653735,129082,0,-2.9666748044276936e-08,13,8,200,16.838265272932922,131850.59583608643,571.2131671875469,1,16,13,10,USED,,8,0.22776204261606017,4,g1,359:45;22:52;370:42;15:39;29:61;26:38;70:17;51:24;231:12;85:11;42:10;564:15;19:65,30.789547553429237,13.26926938394473,23.533661975407774,18.994259427115797,1055,42.70052474575445,490.53950606704734,521.75996918719829,0.087048085256395444,0.081839403686476089,0.99989125507355492,0.91816059631352387,0.85832376527264043,0.78799336055336733,0.31913064578672057,1
778,1691509910.8652351,128990,0,6.6127929687631593e-08,16,7,175,16.646442745264721,91811.524608905253,414.02917705182392,1,12,8,12,USED,,9,0.28183396581172704,3,g1,351:46;21:42;21:61;11:53;10:66;227:12;300:13;38:14,32.693673610687256,13.506654079234263,25.493330526487643,23.049322207759975,1073,50.446475361712608,498.96323988933642,523.59028474895126,0.10110258898611646,0.096347233382873904,0.99993532783245853,0.90365276661712612,0.85661781280505733,0.77403499471633785,0.31913064578672057,1
779,1691509910.9659169,128938,0,-1.3872680657001091e-08,12,9,225,13.953295030922209,142279.26921207129,447.48841014286745,1,15,11,8,USED,,9,0.57758866694576716,5,g1,367:45;357:44;13:57;345:47;493:85;12:42;371:66;73:19;224:10;41:24;33:13,32.351705897938125,15.639126645247295,19.400048235591388,23.641516656071154,1059,52.520044779902719,477.51656854409589,528.96338667600105,0.10998580623083196,0.099288620163179894,0.99986540163366033,0.90071137983682015,0.8034516839338649,0.72358066898165507,0.31913064578672057,1
780,1691509911.0660851,128778,0,6.9511718756021246e-08,15,9,225,16.884839332777378,114869.61251930651,426.41586228315123,1,15,11,11,USED,,11,0.24740642262728996,5,g1,337:47;370:62;358:45;359:63;368:41;44:30;301:10;56:29;202:18;27:15;223:10,29.31737691705877,12.093771784475139,17.337394993622329,19.99822632649094,1057,54.145312687758533,484.97470130242834,517.87998600981382,0.11164564366419132,0.10455185400181208,0.99964701642907805,0.89544814599818789,0.83190970930184893,0.74466905807236639,0.31913064578672057,1
781,1691509911.1663473,128715,0,-7.4527587878847612e-08,15,8,200,17.787460660615306,73472.520057676331,83.242975380661079,1,14,11,12,USED,,10,0.25188002783027319,5,g1,349:47;332:47;370:45;369:62;359:61;348:63;179:21;20:11;36:29;207:12;84:28,31.534257888793945,12.06249108728495,19.500478384506181,23.141282905388344,1032,52.430227976768165,477.11793257302969,502.45183945020273,0.1098894516372909,0.10434876312551435,0.99996894126681068,0.89565123687448567,0.84523066939304481,0.75700838203450338,0.31913064578672057,1
782,1691509911.2658565,128733,0,-3.9113769528809073e-08,14,10,250,17.230216812675987,97364.564812514582,266.06245996124323,1,14,10,10,USED,,10,0.48645685174600511,6,g1,337:48;324:47;341:58;357:45;355:61;47:30;85:17;181:13;173:21;78:25,30.843872833251954,13.662224624729486,16.20461375734201,18.968108586105835,998,47.553546822394864,460.60056643512684,489.84588674247783,0.10324248445988946,0.097078587591355556,0.99999667473068887,0.90292141240864443,0.84321830761820682,0.76135733355686341,0.31913064578672057,1
783,1691509911.3660221,128829,0,9.9816894610915696e-09,14,12,300,15.259725639106135,120636.38317425679,289.06969656549734,1,13,8,9,USED,,12,0.70469933098905579,6,g1,317:45;330:46;348:56;350:43;71:32;11:18;29:37;36:25,31.265177488327026,12.85450368508031,14.994759837832387,22.756777412012518,957,52.423475935290277,439.4967025401192,465.07982152459084,0.11928070366012548,0.1127193086198396,0.99998786045752264,0.88728069138016041,0.83227267383038384,0.73845050889289199,0.31913064578672057,1
784,1691509911.4665902,128489,0,5.6428833009047885e-08,13,9,225,16.340317351945885,84461.390576830163,337.09968729564406,1,14,12,11,USED,,8,0.2277404873392268,5,g1,339:52;340:42;325:55;24:38;369:10;17:29;65:35;75:24;171:13;114:12;36:33;84:12,32.172851244608559,6.7115691684642416,20.68193943955573,20.424862651690539,931,49.387714542784465,416.58494600193023,465.02733945528558,0.11855376680499546,0.10620389459388616,0.99998688064520758,0.89379610540611387,0.78962503987242105,0.70575452620361745,0.31913064578672057,1
785,1691509911.567282,128365,0,-6.7207031245741788e-08,14,10,250,12.008854503433101,109511.07252939924,344.77974680976149,1,16,10,8,USED,,11,0.71667149948422981,3,g1,335:50;324:52;335:39;22:10;372:16;18:36;360:12;10:26;171:10;64:33,30.878775787353515,8.0554496455368572,20.775724318789713,23.603332067893291,917,53.694008456228879,397.20774184580404,466.09824969796676,0.13517865539759011,0.11519890600538144,0.99990943873494009,0.88480109399461859,0.73699854829356948,0.65203806706230372,0.31913064578672057,1
786,1691509911.6677568,128346,0,1.1806274415049334e-07,16,9,225,11.670347904873047,99518.650938506005,364.27892303771108,1,12,6,10,USED,,9,0.8363736416278863,2,g1,329:49;330:39;16:33;77:13;112:17;170:10,33.400390307108559,8.5666963197265584,22.964319884318684,19.775907530214237,887,50.037285413048117,399.22364443123257,437.73907015571939,0.12533647771372716,0.11430847467019124,0.99990179830980741,0.88569152532980877,0.79770434677893032,0.70645059820469203,0.31913064578672057,1
787,1691509911.7694721,128114,0,8.8996582034428506e-08,12,8,200,13.102506231620236,95732.084912804785,653.99585932942523,1,12,8,8,USED,,9,0.57950250993421737,3,g1,327:49;328:38;171:13;12:28;114:19;77:11;107:11;16:10,34.249303579330444,8.183593986323725,21.269895613090299,21.492466652288591,939,50.972070219789096,418.86338185430191,469.16454792590855,0.12169139730987347,0.10864433479709279,0.99990457297696256,0.89135566520290721,0.78414132794324221,0.69888211637727038,0.31913064578672057,1
788,1691509911.86989,128052,0,5.5928344733224833e-08,12,8,200,9.9976416874180227,85252.166591578585,293.07198259363491,1,12,5,5,USED,,8,0.85604889645469739,0,g1,36:25;14:31;16:13;111:14;32:12,31.517833709716797,3.6612393823976048,10.883778581286069,25.185283337797824,931,56.230242259840253,412.22891282968664,462.54084491047234,0.13640538183956039,0.12156816609509148,0.99989072248898492,0.87843183390490853,0.76965888415487305,0.67601898334385868,0.31913064578672057,1
789,1691509911.9712245,127971,0,-7.9485473619689273e-08,12,11,275,10.251675179626654,125871.86406435697,324.42347903417863,1,14,4,2,USED,,11,0.87787490100394716,1,g1,312:45;73:16;59:33;169:20,31.045241355895996,8.5362007008552965,18.560041277173799,15.600556285478461,969,55.955069087788061,437.24448748405882,475.80044342815313,0.12797204010451496,0.11760196918823888,0.99988561421825273,0.88239803081176116,0.80136415100640035,0.70704126409140389,0.31913064578672057,1
790,1691509912.0721917,127927,0,-9.356872557320095e-08,14,10,250,10.142537060928639,103190.96136293955,452.80014706188638,1,17,8,5,USED,,13,0.76356067780012393,1,g1,314:48;326:56;66:32;10:29;15:10;77:11;128:10;563:13,29.910831928253174,7.7538390612671417,20.843334880183189,16.697244142802887,1006,56.673620719960631,456.50346250216865,492.82291677787066,0.12414718698807548,0.11499794102615778,0.99961687047989933,0.88500205897384221,0.81130529480312852,0.71773176673484362,0.31913064578672057,1
791,1691509912.1728041,127989,0,6.2683105511718296e-09,17,10,250,10.085594518784495,93341.859724452355,557.17727540225837,1,13,7,11,USED,,11,0.74595205649426444,2,g1,23:11;31:38;555:10;83:14;75:24;14:29;46:15,31.552291870117188,5.2195036843622535,24.325667583961025,23.089966224655409,1088,49.051420945609607,494.21774043807415,544.73083861631619,0.099250627672997888,0.090047079159693427,0.99999789269268125,0.90995292084030655,0.81722253989372462,0.74363247008737965,0.31913064578672057,1
792,1691509912.2733624,128401,0,-4.2161254876216248e-08,13,7,175,10.219555397808138,61561.858942138191,384.45738639276334,1,9,4,8,USED,,9,0.76312114409819276,2,g1,10:23;61:22;55:13;32:10,26.921140193939209,5.1401489287984088,25.181876443155179,17.674591435178442,1109,56.253277755389966,495.48397220777861,557.26275003683077,0.11353198268903933,0.10094569886767428,0.99994698385006242,0.89905430113232576,0.78819317175490178,0.70859089243662599,0.31913064578672057,1
793,1691509912.3727651,128469,0,-8.4134521474710233e-08,9,7,175,12.67198945937999,82388.046127736583,706.37020754432808,1,10,8,7,USED,,7,0.64565482057861612,4,g1,306:11;346:64;349:54;50:16;43:35;30:30;216:10;208:21,31.226717233657837,12.286302289781487,22.176738307443578,24.126900603985128,1140,59.753895498871543,508.9118851508556,571.33421935027275,0.11741501277998023,0.10458658605609918,0.99976178824795048,0.89541341394390084,0.7861562889805046,0.70376720104683355,0.31913064578672057,1
794,1691509912.470561,128251,0,8.4807739261782977e-08,10,7,175,11.463883519261042,71253.50934426453,544.83499061505495,1,13,8,5,USED,,7,0.79329495956578333,2,g1,318:11;355:53;79:29;17:21;491:85;228:14;345:26;177:15,31.00263524055481,10.163997298497103,26.494266642857728,19.629051201930864,1108,56.755321221462985,509.40057314162829,541.84410563690869,0.11141589588609148,0.10474474231799596,0.99990097838793945,0.89525525768200409,0.83537911958662925,0.74780349292717074,0.31913064578672057,1
795,1691509912.5684783,128173,0,7.044494629293574e-08,13,8,200,12.415499783615921,90443.975442094714,694.09486069293439,1,17,13,9,USED,,11,0.48669885471431995,3,g1,322:13;308:10;359:62;361:50;206:24;34:19;203:12;337:31;177:10;353:23;366:17;78:12;231:23,30.175908602201023,13.088410611799686,20.282730707315132,20.110584212878354,1074,50.943297798612065,498.18365576282667,524.87304643856123,0.10225806729971276,0.097058323235074351,0.99993614040105638,0.90294167676492565,0.852092445971249,0.76934064900110144,0.31913064578672057,1
796,1691509912.6656911,128269,0,-1.0960144042337916e-07,17,12,300,12.468301992167119,129898.83205438177,709.87155607718501,1,13,8,12,USED,,15,0.65878963965101889,7,g1,322:10;311:13;360:57;363:47;76:27;344:26;365:11;354:18,30.453080654144287,16.963407816596092,14.482503622845364,17.890799979094176,1019,51.530943374268851,465.89797490063756,501.57108172509447,0.11060563932534563,0.10273906381730434,0.99975324148354483,0.89726093618269565,0.8261382017902672,0.74107862375760769,0.31913064578672057,1
797,1691509912.7629075,128259,0,1.2513427738447547e-08,13,11,275,11.428280017055652,143394.78097257475,674.92517057434486,1,15,8,6,USED,,11,0.79173246548542309,4,g1,320:10;362:43;360:54;308:11;341:26;206:28;202:17;259:10,28.340005874633789,11.297290318144322,16.623137934575254,17.652768823019823,1002,51.107621621873513,455.75503119512206,495.13734718300418,0.11213835969699443,0.10321908034738489,0.99980213322442057,0.89678091965261508,0.8172427547132487,0.73274269502331224,0.31913064578672057,1
798,1691509912.8602958,128374,0,-9.8889160055071201e-09,15,10,250,10.8518126598665,138602.45796028964,499.9286528922525,1,13,5,7,USED,,12,0.80913732133733807,2,g1,355:49;315:12;346:16;47:11;337:21,31.237031555175783,14.581451944868627,17.435507573775944,24.042596052820301,998,49.917077740853145,455.16245960924442,492.92046264990267,0.10966870550727492,0.10126801689770142,0.99986555652560682,0.89873198310229863,0.82213138340782843,0.73877643155528094,0.31913064578672057,1
799,1691509912.9578388,128477,0,4.4937744150819192e-08,13,9,225,10.127067219401338,111203.72918210749,233.4078642468734,1,16,8,5,USED,,9,0.86712990346646557,1,g1,349:35;346:46;490:83;83:36;52:12;341:10;265:10;203:35,27.909971952438354,8.8646998285074918,14.709202726763911,24.236046353321491,1014,46.363141281987417,459.75007298429205,507.88678573372022,0.10084422821521004,0.091286370475279766,0.99992069370405356,0.90871362952472023,0.81393519838304895,0.73957535068702762,0.31913064578672057,1
800,1691509913.0568666,128295,0,1.2672729504670244e-08,16,10,250,11.72780186989015,153124.09848976677,461.11792072844815,1,14,8,10,USED,,10,0.83472508641545295,4,g1,340:41;342:30;46:10;333:10;83:11;68:29;209:28;54:19,31.968907833099365,7.9591689686202916,19.447245057152116,28.36676515519931,1007,57.244334688508339,448.96901975299562,500.78664555849628,0.12750174771524733,0.11430882831283826,0.99995859487678218,0.88569117168716172,0.78221871237724616,0.69277552223743299,0.31913064578672057,1
801,1691509913.1557062,128255,0,1.0425964355742501e-07,14,10,250,11.615005905461903,147001.94630095956,467.47242477053032,1,12,5,7,USED,,10,0.82530079941600243,2,g1,77:23;65:37;219:46;79:36;263:11,31.537137985229492,5.878589930049694,17.16321125103385,26.348533159844056,1011,48.809857930110226,465.04019594159644,497.14994612829275,0.10495836350507681,0.098179348726137705,0.99987985058842543,0.90182065127386224,0.83723299429680575,0.75494328729338955,0.31913064578672057,1
802,1691509913.2551479,128404,0,7.4544067391046909e-08,12,11,275,11.397639584078828,123338.36510514061,700.00424712782569,1,13,3,2,USED,,11,0.82050714897236299,1,g1,29:10;80:27;38:18,32.988361994425453,7.9495145491376569,23.557480501552508,24.063421041083235,1058,55.878586906662711,483.64388659589355,518.47752649744427,0.11553663440255953,0.107774366391825,0.99997108205099361,0.89222563360817497,0.82504115960239111,0.73610158421540983,0.31913064578672057,1
803,1691509913.3562024,128417,0,-9.9700927722046195e-08,13,11,275,12.104564414318229,134311.89588529227,863.20172171417755,1,11,3,5,USED,,11,0.84593724929561287,2,g1,202:37;38:36;230:23,35.972096761067711,7.0141721809804274,27.143381141998905,29.985858992224895,968,49.342080692028894,447.50284656579095,471.1550727421801,0.11026093145705772,0.10472577617566962,0.99999455074418198,0.89527422382433042,0.84507371120174457,0.75656858811224181,0.31913064578672057,1
804,1691509913.4593439,128685,0,6.7974853523722345e-09,11,8,200,11.08615678059841,100130.71523814343,530.94657543098469,1,12,4,3,USED,,10,0.81518619453342134,0,g1,85:39;75:46;15:13;253:11,37.486761569976807,3.7369323708741202,29.160085052379134,21.262066326120021,907,48.469349693974983,411.63153134310329,446.89911896292188,0.11774936078347893,0.10845702673671273,0.99992102280532991,0.89154297326328724,0.81262675677653096,0.72443445656980587,0.31913064578672057,1
805,1691509913.562887,128445,0,-1.1327453612597349e-07,12,8,200,11.863536095252908,92567.991552884982,730.1986089188033,1,12,6,6,USED,,8,0.78967320292887,1,g1,205:22;84:33;64:46;33:33;24:42;11:22,33.68223031361898,3.9164988819512394,19.076133578615291,24.196409544254706,842,47.42762769279593,387.54400962448238,407.02836268272165,0.12237997882808656,0.11652167770373716,0.99976463607173682,0.88347832229626289,0.83560855486821928,0.73806828860385854,0.31913064578672057,1
806,1691509913.6664982,128290,0,5.1654663088540609e-08,12,5,125,10.368994202616374,72991.123179217611,272.9980959815893,1,11,6,7,USED,,7,0.85769506819620112,0,g1,373:15;84:20;19:12;361:11;59:43;106:13,29.54544226328532,2.7118096940867766,22.649426757010346,19.113660090653358,902,47.861045328352958,411.8848664111859,442.25408826046117,0.11620005790786479,0.10822069619889114,0.99916633920450693,0.89177930380110881,0.82311013226506269,0.73342064651782946,0.31913064578672057,1
807,1691509913.7709904,128188,0,-1.1702697753912528e-07,11,8,200,9.6241762057897517,172714.99845210958,632.11368086446328,1,12,4,3,USED,,8,0.87514245480858444,0,g1,10:37;107:10;14:10;23:37,30.141352653503418,3.6752886975914811,15.227510817813481,24.054517081316899,946,45.678441985302968,437.03628306279529,463.28527495190218,0.10451864926450441,0.098596792203346537,0.99981886359322714,0.90140320779665351,0.84474483053259719,0.76131777266230671,0.31913064578672057,1
808,1691509913.8748672,128091,0,9.9381713872248589e-08,12,7,175,12.117545981260053,132540.51392490009,885.71183265949912,1,13,9,8,USED,,10,0.55465172919246875,2,g1,12:38;369:22;29:39;357:19;83:10;114:10;345:14;60:37;19:19,32.128842459784615,3.8367671987011911,15.093759962330799,21.892858267656823,912,48.29298116263012,413.4190187986876,450.2880000386827,0.11681364176945656,0.10724909648598549,0.99948114416328904,0.89275090351401454,0.81087223644576534,0.72353131838981599,0.31913064578672057,1
809,1691509913.9767559,128146,0,6.0241699267882254e-09,13,9,225,11.570844332490925,138699.11068341992,864.76230397615325,1,10,4,7,USED,,10,0.77450045937771639,3,g1,370:23;122:12;171:13;77:14,30.575295925140381,5.0005144210869403,22.677108926288966,22.578623711077711,974,59.238045765240877,438.39744804102867,476.36450619373022,0.13512406614122652,0.12435444915610414,0.99976340660158514,0.87564555084389584,0.79594385674399803,0.69679979963320315,0.31913064578672057,1
810,1691509914.0779428,127740,0,3.3729858406328361e-08,10,7,175,10.750999333635519,90475.214491409264,194.44109956956871,1,9,4,5,USED,,7,0.76976991372942194,0,g1,24:13;77:26;10:30;129:11,34.852479457855225,3.6420114484864401,26.547379515589572,26.170805326199623,1036,53.223736702519638,466.98201939543486,515.79424390204508,0.11397384586974944,0.10318792295911584,0.9998807706185544,0.89681207704088417,0.80217700679011916,0.71931625375512309,0.31913064578672057,1
811,1691509914.1778669,127864,0,-7.6586914060650102e-08,9,5,125,13.666970144015664,62088.235980689467,332.37415314953631,1,8,6,7,USED,,7,0.48099713780397135,2,g1,37:10;17:25;34:37;26:30;206:10;84:29,31.350010236104328,2.1115792343639921,24.442389504342202,25.788213401014456,1112,67.099357014046191,504.96168618895831,539.93895679699585,0.13288009536021986,0.12427211663349927,0.99996803123178402,0.87572788336650076,0.81094783708955065,0.71014692964668602,0.31913064578672057,1
812,1691509914.2754343,128372,0,1.1093688966068438e-07,8,6,150,11.529312527703651,103289.11979964509,526.55234522974035,1,10,5,3,USED,,6,0.8441191609558053,1,g1,305:21;18:18;63:35;208:20;70:26,29.192978668212891,5.8921358954900915,26.600940923934569,20.025218760538248,1143,64.63429369587945,508.05687243716233,570.30883386695814,0.12721861902158124,0.11333209282000595,0.99996834672274315,0.88666790717999411,0.77751308135045427,0.68937407500661951,0.31913064578672057,1
813,1691509914.3727164,128381,0,-1.105499267545218e-07,10,7,175,10.203735511251178,140380.94522282411,376.57525889230089,1,13,6,3,USED,,10,0.84546266405464388,0,g1,313:23;324:17;63:13;210:32;71:32;239:10,29.25592549641927,6.8807984662306589,26.545822769156512,21.442460137935527,1110,63.296721207962484,497.99877519712498,548.70450359491258,0.12710216241577596,0.11535666427606364,0.99998040649467823,0.88464333572393639,0.79223343555803272,0.70083029711287825,0.31913064578672057,1
814,1691509914.4700608,128260,0,6.7393188488140687e-08,13,9,225,9.9903292857886328,150012.44967266917,186.57048896639543,1,13,4,4,USED,,9,0.87945204667135235,0,g1,72:36;321:21;223:33;493:85,28.572205066680908,3.5033462480551605,22.377731539343991,19.033602569152254,1068,63.317806799101831,489.05664634498856,515.62554685590999,0.12946926960775096,0.1227980405260948,0.99997341590857713,0.87720195947390522,0.82567444949514524,0.72426399057267876,0.31913064578672057,1
815,1691509914.5668819,128217,0,6.8377685596976434e-09,13,5,125,11.232485340638945,92481.498331922136,186.50770707284752,1,11,7,9,USED,,10,0.69444867151251766,1,g1,334:12;239:29;326:19;212:19;81:35;169:20;232:37,30.904932022094727,5.3291901658337215,20.961307501570808,17.086103597507918,1023,67.64416751249739,468.07673617670838,487.27909631079456,0.14451512387695414,0.13882017107779407,0.99997908706847771,0.8611798289222059,0.82177251537342477,0.70767911424789032,0.31913064578672057,1
816,1691509914.6629148,128197,0,-9.859985350413325e-08,11,6,150,8.8690969064563099,119607.58014103265,381.99817764968969,1,11,6,6,USED,,8,0.87503308154325743,0,g1,333:11;203:32;84:31;63:15;271:13;565:12,32.791500091552734,6.0301030829230013,12.995299731047609,30.656030427494496,985,51.14887973801504,448.82932507119841,485.02179519078697,0.11396064579760073,0.10545686862978032,0.99982701446488231,0.89454313137021968,0.81992283496611273,0.73332946293502688,0.31913064578672057,1
817,1691509914.7587435,128201,0,-1.0890930175755376e-07,11,8,200,10.757204352938597,160934.51415879882,511.91728241753111,1,12,6,5,USED,,9,0.83615507104725073,2,g1,322:10;275:10;490:82;262:20;217:12;231:42,27.152306874593098,4.6476237940749945,19.216927238467779,18.680672573469476,1019,56.534304713549666,465.67252388774153,496.79317139870932,0.1214035654102243,0.1137984738284117,0.99982785851708778,0.88620152617158832,0.82355845999709087,0.72971312861379889,0.31913064578672057,1
818,1691509914.8561037,128196,0,1.1087951660992967e-07,12,9,225,8.8122224446828472,193845.75411800004,337.43201374574767,1,10,1,3,USED,,9,0.87064840398110888,0,g1,227:44,27.59576416015625,3.6564229938541768,27.440868212223684,3.9027634849586104,1064,66.842811397388715,484.4456931086055,512.71149549400593,0.13797792476690168,0.13037119702764724,0.99991178026705196,0.86962880297235279,0.81449876856934833,0.70824910207418035,0.31913064578672057,1
819,1691509914.9539065,128164,0,-8.9776000966601543e-08,10,8,200,9.2318782464078009,148957.61131054722,119.85914483708233,1,9,3,4,USED,,8,0.86203519641997073,1,g1,264:18;68:39;220:47,27.91011683146159,8.6811478527482944,21.437360343367487,22.610648369614257,1079,60.1106160415261,476.09538051663606,542.79400344183807,0.1262575074269717,0.11074296263475049,0.99992831749747557,0.88925703736524953,0.76637686090370361,0.68145716477573548,0.31913064578672057,1
820,1691509915.0525494,128124,0,1.6789550791318497e-08,9,8,200,9.6262106085228876,114710.83182599324,583.56401986022593,1,12,5,2,USED,,9,0.86369651288182314,1,g1,258:20;493:84;77:40;83:26;249:26,26.679190063476561,6.1770447887351105,24.60047824847917,13.641325203945275,1085,64.556210721794557,470.09150059847451,550.35228867973115,0.13732690474005146,0.11729979514877975,0.99970518044713719,0.88270020485122025,0.73686491038229296,0.6502390476223372,0.31913064578672057,1
821,1691509915.1541104,128426,0,7.5137329108576623e-08,12,9,225,9.650045084941441,130558.36471518813,226.380279295066,1,9,1,4,USED,,10,0.85412713606185298,1,g1,250:23,27.03162956237793,5.1991112740766834,23.503757886047261,26.854720687481752,1006,52.606337905912049,435.8314728494035,517.56218924468442,0.12070339381866889,0.10164254460451264,0.9997316431809794,0.89835745539548739,0.74044268091291476,0.66500369651115565,0.31913064578672057,1
822,1691509915.2568896,128769,0,5.5387573250076372e-08,9,8,200,8.9260638010285263,117446.23297452768,231.93357148242282,1,11,3,1,USED,,9,0.89333043290834768,0,g1,81:53;259:17;67:17,29.620329538981121,7.2522894284522073,23.495218816957046,16.600464393838973,950,59.596273320087342,417.84652312788603,472.55720355202703,0.14262718491460874,0.12611441085253922,0.99959226585347438,0.87388558914746084,0.75810980578641518,0.66223110989280209,0.31913064578672057,1
823,1691509915.3604667,128468,0,-4.0454711913717745e-08,11,9,225,12.224922698110856,129524.09558030126,1232.9848987385378,1,12,8,7,USED,,10,0.69803184236855664,5,g1,109:15;51:39;15:10;564:84;20:24;85:48;72:54;209:37,32.142152547836304,7.2742318064258633,26.18012636539148,23.170799218180029,875,55.662281312179076,367.4111777175217,451.9265409702989,0.15149860616100838,0.12316665711350036,0.99963062069141728,0.87683334288649961,0.68982205766452453,0.6046355584267038,0.31913064578672057,1
824,1691509915.4642386,128429,0,8.3618164059551248e-09,12,7,175,8.9267436687583608,78635.691482220311,444.75279269869509,1,10,4,6,USED,,6,0.90395487870251179,0,g1,85:38;10:21;65:50;21:42,34.732962608337402,7.3137213493000015,21.656557354256126,29.644368931743568,902,56.066836494524082,385.54013245693068,460.39303104854537,0.14542412520643982,0.12178037614260111,0.99980245853770688,0.87821962385739893,0.7156348461922436,0.62836041368211359,0.31913064578672057,1
825,1691509915.5680437,128224,0,-5.0609741203411218e-08,10,7,175,10.91152800157114,85263.616305814969,505.8290828897176,1,11,6,5,USED,,8,0.80626430339217869,2,g1,10:36;25:32;19:18;366:12;373:20;84:27,34.399583498636879,5.9616587888791202,25.438641942066649,31.427642703557225,913,52.968084342991794,385.2811076137051,474.75080804330349,0.1374790595652545,0.11157028791862617,0.99945047332849402,0.88842971208137378,0.69997358117271913,0.62153558900815353,0.31913064578672057,1
826,1691509915.6719363,128080,0,9.7172851570848096e-08,11,9,225,9.5437033910556952,221390.0177298866,126.3319908385143,1,12,4,3,USED,,9,0.86442772905516607,0,g1,353:12;10:41;85:14;54:45,30.881406307220459,2.1100751783007126,24.991723171294417,26.851804544446793,931,56.482759574692494,402.43068606542283,472.08655435988499,0.140354007610419,0.11964492327318876,0.9994795532869386,0.88035507672681124,0.73280614178857628,0.64479385159660507,0.31913064578672057,1
827,1691509915.7750142,128204,0,-3.7017822265839051e-08,12,9,225,10.570667739020839,188179.94110000512,364.53680937412844,1,13,4,3,USED,,9,0.84856910386559992,0,g1,14:44;343:15;83:10;53:42,28.472014427185059,0.77626296047953236,23.703442371109702,23.912653478096694,932,51.431468218746431,423.61046820014263,456.95806358111082,0.12141217481539356,0.1125518342223482,0.99983580179205145,0.88744816577765184,0.81447080080978551,0.72268193569187733,0.31913064578672057,1
828,1691509915.8762507,128313,0,-7.5758666992498114e-08,13,9,225,9.9264662790145,140115.81797449241,173.63514528969412,1,15,6,4,USED,,11,0.87095379720928079,0,g1,10:41;114:10;75:12;322:10;170:12;10:10,31.068797429402668,4.8014483635501106,16.881343945882325,21.218618853111149,976,63.035453827178763,444.63470392727362,468.3298422455477,0.14176908205862651,0.13459627839416852,0.99995586259807112,0.86540372160583146,0.81480874306536388,0.70510739566352265,0.31913064578672057,1
829,1691509915.9773738,127725,0,8.5059814455834548e-08,15,12,300,10.293987760141484,137457.12448068915,238.52969598656492,1,16,6,5,USED,,13,0.8203904355547601,1,g1,18:37;125:11;565:10;174:19;63:33;39:19,31.008437792460125,6.2972366284902348,23.971853754522968,20.335671292277357,1027,53.066329166057066,460.12639281701678,513.80727801692592,0.11532989629473504,0.10328061013629501,0.99978249373610251,0.89671938986370503,0.79224269695446059,0.71026486717013138,0.31913064578672057,1
830,1691509916.0763292,127700,0,1.16567993174721e-07,16,7,175,9.3339421249704131,84358.038449583066,78.035656742800427,1,12,6,10,USED,,11,0.77822661156842865,0,g1,170:16;17:34;26:39;72:30;50:30;82:11,30.469092051188152,5.8233068508772279,22.423715288708024,22.05709738914501,1069,68.077437672623688,478.73973046924516,522.18283185813129,0.14220135355362379,0.13037088452406118,0.99964748310878893,0.8696291154759388,0.78643392264606637,0.68366474817159661,0.31913064578672057,1
831,1691509916.1749303,128050,0,-1.527832030334686e-08,12,8,200,10.317971631117159,87652.31149257558,603.55062714589246,1,9,3,6,USED,,11,0.74980593912128868,0,g1,29:10;13:27;85:18,31.061682383219402,4.5124550116447031,24.319758651925522,23.027254832014322,1129,62.935170143179477,509.02075150003719,557.04407835678353,0.12363969436946398,0.11298059271867865,0.99875349262996316,0.88701940728132134,0.80080840760889027,0.70944716424322696,0.31913064578672057,1
832,1691509916.2728071,128510,0,6.16528320340759e-08,9,8,200,11.416771048899022,102043.70221107031,556.40226434403644,1,9,3,3,USED,,8,0.81237824772338696,2,g1,178:20;31:28;211:10,28.208932240804035,2.9716001511598074,26.483256588622201,15.499199948583495,1119,61.124999887368524,485.58574443478943,572.28925567784222,0.12587890107547661,0.10680787605381414,0.99969251038654672,0.89319212394618586,0.74168917262769973,0.66226722447783193,0.31913064578672057,1
833,1691509916.3705323,128640,0,1.03574829102282e-07,9,6,150,9.7828758367973201,107082.00358077988,110.8331997496522,1,12,7,4,USED,,7,0.88541095337233999,1,g1,319:10;19:12;306:21;324:31;360:15;35:21;334:27,28.569162641252792,8.7339757182734896,25.699423200568759,21.577456167335868,1096,56.505683852269662,501.52944645740445,537.96486969032583,0.11266673223556926,0.10503601078040022,0.9997720485101349,0.89496398921959974,0.82723573169621345,0.74017742744670545,0.31913064578672057,1
834,1691509916.4678972,128596,0,8.298889160596179e-08,12,8,200,11.300004721696151,96624.175355860396,299.51798292483312,1,12,7,7,USED,,9,0.77962166262228405,2,g1,51:18;71:27;323:35;322:13;171:29;353:16;224:24,29.354770660400391,4.4987805365288684,13.44205926073732,19.513670308538302,1069,69.60301808869589,486.7153068544884,512.68167505681549,0.14300560740224441,0.13576264078676592,0.99976376680932577,0.86423735921323408,0.81358922906610243,0.70296810317527181,0.31913064578672057,1
835,1691509916.5649085,128346,0,1.0929565433248634e-08,12,6,150,8.3917120401614085,74977.694156230122,254.56945932597139,1,11,5,6,USED,,8,0.85412843632577373,0,g1,78:25;327:31;48:12;246:12;172:25,30.119704437255859,3.6840219715617324,19.794126982207644,23.796076061673311,1015,60.66824848896524,455.11638843401414,499.2153630770203,0.13330271119815176,0.12152720644457646,0.9999843369369581,0.87847279355542351,0.79013621999488104,0.69410230052984723,0.31913064578672057,1
836,1691509916.6621377,128185,0,6.1437988294055224e-08,11,7,175,9.4646132789703898,103895.01238642231,270.06491366014313,1,13,8,6,USED,,9,0.81697962151945103,1,g1,82:27;303:19;333:23;317:15;340:15;349:10;170:21;257:11,29.392140865325928,6.0090727881316788,18.186883824405058,26.51970018318055,952,51.592725218964972,417.97789403801568,482.42938074301952,0.12343410011600409,0.10694358030081792,0.99977197898369663,0.89305641969918204,0.75945865538860446,0.6780847748473029,0.31913064578672057,1
837,1691509916.7597165,128291,0,-2.4877929577504787e-09,13,8,200,10.285714010187339,128242.80846276278,560.5430204354866,1,10,4,7,USED,,9,0.7463140522523164,1,g1,310:18;51:10;80:33;338:11,27.599488258361816,1.4301067775223655,16.251690053086755,26.724611459036755,986,60.741555267549316,427.48711297263691,497.77133175981476,0.14208979270782679,0.12202702604990198,0.99999647420373483,0.87797297395009799,0.73677517025438122,0.64686640663362682,0.31913064578672057,1
838,1691509916.8569746,128419,0,-7.7818603505530604e-08,10,7,175,11.05659002091687,120760.13703358703,540.81643725167135,1,9,5,6,USED,,8,0.82863338298843481,2,g1,72:34;258:11;60:23;317:18;47:14,34.261287307739259,2.4547671657516368,18.0813127197741,32.941393739347305,1011,59.622107688745245,461.27110756295264,490.10678474830235,0.1292561071161567,0.12165125957063537,0.9989618802991993,0.87834874042936462,0.81951324154893501,0.71907116579327912,0.31913064578672057,1
839,1691509916.9561682,128517,0,4.8436889651948256e-08,9,6,150,11.263868047178267,90881.282391299319,252.66260037027129,1,10,6,5,USED,,7,0.76541737358946071,2,g1,312:10;60:33;52:26;261:11;245:20;37:10,31.150436401367188,4.8281898240427763,24.1421777793249,29.440084180084238,1046,61.02447566014208,471.75810384203606,513.2174204978221,0.12935543695625751,0.11890569809759809,0.99910471801963441,0.8810943019024019,0.80031115815102583,0.70451829346436834,0.31913064578672057,1
840,1691509917.0570254,128601,0,-2.1373291012038997e-08,10,9,225,9.8926932835559569,133784.74590719503,470.20535027498551,1,10,3,3,USED,,9,0.85169266651655762,1,g1,55:41;264:10;202:52,26.807877222696941,4.5261768279409553,16.231327890378385,14.163490240472376,1089,58.524075548410309,498.55328626428212,531.92263818730748,0.11738780419428789,0.11002366010938992,0.99999285036997643,0.88997633989061009,0.82724287166157995,0.73622131937428781,0.31913064578672057,1
841,1691509917.1577086,128673,0,-6.0062866208410171e-08,10,7,175,10.198912668279382,120663.53840426478,694.61582722336141,1,10,4,4,USED,,8,0.83333438144420058,1,g1,225:32;47:43;260:10;203:43,30.026885986328125,5.9407949416883774,24.297134268556562,25.571352809482697,997,54.529053336267303,440.67609267382375,501.79485398990914,0.12373953169415115,0.10866802021322414,0.99997665435755501,0.89133197978677581,0.76953168464601607,0.68589218701659938,0.31913064578672057,1
842,1691509917.260174,129122,0,4.0577392584895122e-08,10,8,200,10.091655147757404,138829.65150119193,715.66531701044516,1,11,3,2,USED,,9,0.78852394560604055,0,g1,78:52;37:42;202:39,33.202589670817055,8.5643104161283077,24.976455187472414,23.452323905468884,933,55.54442307016965,420.76514593160346,456.69043099822716,0.13200813709793005,0.12162379436933127,0.99969526472204917,0.87837620563066876,0.79971179177794405,0.70223374863161314,0.31913064578672057,1
843,1691509917.3635781,128932,0,1.8812866223183455e-08,11,7,175,9.0781130458707899,142720.5971794044,332.0862526761855,1,11,4,4,USED,,8,0.8517674540356861,0,g1,55:43;49:23;10:16;28:43,30.62143611907959,13.070778091032851,16.154312871125445,22.397251278782086,810,42.929260736158668,352.61574010555688,414.45499915828498,0.12174516294510174,0.10358002876872889,0.99942539464824764,0.89641997123127115,0.74721376264815065,0.66943245898862491,0.31913064578672057,1
844,1691509917.4668119,128845,0,-8.0001220703618259e-08,11,6,150,14.173260818406815,79746.266120558808,206.70065287151769,1,10,6,7,USED,,7,0.7719250018524173,2,g1,48:41;31:39;19:43;85:30;12:34;366:10,32.043794949849449,9.4414223607013259,19.792419986298999,26.339482566722694,824,43.471049035093081,375.41072644523479,405.11822451967168,0.11579596951509769,0.10730460000073934,0.99976941770400796,0.89269539999926062,0.81936495896649897,0.73127467190760553,0.31913064578672057,1
845,1691509917.5704198,128673,0,-2.3366088855447664e-08,10,7,175,12.453596653050704,108247.12038464581,344.31606748331751,1,9,6,7,USED,,7,0.67638362595695078,3,g1,46:36;26:34;371:19;10:38;84:24;75:32,33.860013643900551,9.1852029936865094,25.838148929958681,27.193070950429803,864,49.099773232268618,377.20624139792426,437.69398536980742,0.13016691624800567,0.11217831378419386,0.99980786353334572,0.88782168621580615,0.74962526133055873,0.66540569027712171,0.31913064578672057,1
846,1691509917.6730447,128897,0,8.5238647473673268e-08,9,7,175,13.8328431057254,117117.43261448706,213.45472952690568,1,10,5,4,USED,,7,0.83141839030559361,2,g1,42:36;349:14;10:40;21:33;85:10,30.29191360473633,4.3166265427883683,23.031749741716116,23.921708346711654,926,49.658886852625109,420.03440464225173,456.30670850512274,0.11822576032770499,0.10882786934101718,0.99976209346147893,0.89117213065898282,0.81168107083717922,0.7231754602019288,0.31913064578672057,1
847,1691509917.7747459,128947,0,-8.509277342472199e-08,10,8,200,11.421129016713676,131994.03653234901,113.33548359208874,1,11,4,3,USED,,8,0.89671417434213052,1,g1,18:17;43:23;12:40;106:12,26.025509357452393,10.892752187415194,15.023493543239645,13.403149250849019,960,57.01722015410197,436.0273842074813,466.95539563841675,0.13076522764214879,0.12210421099460388,0.99995624511120484,0.87789578900539611,0.81166245768549361,0.71252387592873045,0.31913064578672057,1
848,1691509917.8764482,128517,0,8.9665527350235585e-08,11,8,200,13.515643716663957,88211.513262924767,351.41374958610373,1,11,6,6,USED,,10,0.72729571167903739,2,g1,47:13;20:21;12:34;180:11;171:17;77:11,31.137094497680664,7.0067211156537077,20.437697590782395,24.066711957695038,941,48.187800211030712,427.43470022013292,465.3774995688363,0.11273722088125633,0.10354561674269991,0.99993379759464007,0.89645438325730009,0.81492315455832631,0.7304930703215371,0.31913064578672057,1
849,1691509917.9761543,128056,0,-7.1679687491110755e-08,11,8,200,11.889816451012113,87089.889498650125,224.15988409248178,1,12,6,5,USED,,8,0.86006670983172939,2,g1,53:21;32:28;12:30;25:20;172:24;81:10,27.419646581013996,5.7466012447299306,19.319886111515501,20.383869991139012,999,62.125390275033183,447.93670244380183,488.93790728116386,0.1386923418779854,0.12706192207614608,0.99980616919122889,0.87293807792385392,0.78908038510278111,0.68868480048800174,0.31913064578672057,1
850,1691509918.0751076,128032,0,-8.5864868160090424e-08,12,6,150,13.462980564494698,84936.310645423378,95.972069006164162,1,9,5,8,USED,,9,0.75430088327980227,2,g1,63:16;13:25;176:26;170:14;124:10,28.346997070312501,4.981922506583456,19.151029152283733,19.112721118405769,1031,55.622746170263632,466.41536837284519,508.9618854568908,0.11925581775813114,0.10928666322495163,0.99985761060560441,0.89071333677504838,0.80711863489309521,0.71880896710969777,0.31913064578672057,1
851,1691509918.1732914,128442,0,1.1014892578598001e-07,9,5,125,12.596858504161274,58486.167771611683,134.26252544861964,1,10,7,6,USED,,5,0.75617672088096599,1,g1,68:11;320:21;302:25;37:34;181:17;15:20;37:14,26.922840935843332,7.725371536368252,19.533585104200622,21.240330681217614,1056,58.333888584018581,475.4563065713761,522.20980484460506,0.122690324595077,0.11170584704241067,0.99992625763006926,0.88829415295758929,0.79876404869778606,0.709485111079033,0.31913064578672057,1
852,1691509918.2712183,128307,0,1.1662414550750455e-07,10,6,150,11.195918588812466,47162.196755082477,102.44859376332361,1,8,3,5,USED,,7,0.79966991503971141,1,g1,301:31;16:15;209:10,29.766024271647137,5.8633052573408975,24.707620400994021,23.548087164296287,1120,73.959105835570796,511.41844564095953,534.62244852346976,0.14461564002228747,0.13833894562383683,0.99971591233086143,0.86166105437616314,0.81825845699815269,0.70486114554678525,0.31913064578672057,1
853,1691509918.368799,128401,0,1.1552124024039045e-07,8,8,200,8.5791723968368867,93790.799763351097,165.95122281477427,1,13,5,0,USED,,8,0.88950316164343801,0,g1,308:11;298:20;21:13;207:24;227:11,28.83525276184082,3.0909334654163558,21.92766299921227,16.603836996266715,1103,61.803087282278462,504.43819647871959,536.75871623900184,0.1225186508747771,0.11514128306164195,0.99991934710106545,0.88485871693835805,0.8246444739601575,0.72963499923426156,0.31913064578672057,1
854,1691509918.4663939,128520,0,-2.1650390619187831e-08,13,9,225,9.9903143454940544,94740.047915849587,280.39655505498735,1,13,5,5,USED,,10,0.83506995076592783,1,g1,307:18;493:85;64:11;215:31;346:13,29.154853439331056,2.5709349737173732,11.532676314313154,24.277692909491201,1080,64.439962091994772,493.5154327220767,522.04460518592862,0.13057334749708657,0.12343765542609943,0.99995731227850559,0.87656234457390059,0.82191342725831762,0.72042760610846546,0.31913064578672057,1
855,1691509918.5639293,128427,0,2.1194458008078065e-08,13,10,250,9.2402233210459013,122879.6992549353,182.04932906153124,1,12,4,5,USED,,10,0.83373989991889608,1,g1,33:10;61:30;350:10;243:13,29.06714916229248,3.7730469697010336,20.244093741901505,27.943504840292007,1014,60.184924536877212,460.47611940263539,493.33895606048742,0.13070151089475318,0.12199507822669906,0.99990281743871601,0.87800492177330092,0.81139182290051959,0.71233678055215277,0.31913064578672057,1
856,1691509918.6620119,128416,0,-2.4288330069399677e-08,12,9,225,11.641219568170161,115495.63218067896,269.94529828183119,1,12,5,5,USED,,9,0.83386973548073595,2,g1,309:13;495:85;339:12;244:21;254:11,30.065013504028322,3.949054301193641,18.86136288390178,29.204780028121895,1013,67.684175164509881,439.85787497609499,505.45794985939511,0.15387737497751591,0.13390663888724633,0.99950821900613407,0.8660933611127537,0.73630991443524407,0.63739951341767354,0.31913064578672057,1
857,1691509918.7595646,128425,0,-6.3425292962104862e-08,12,9,225,9.8702651431491439,114981.26881090194,123.94212407127814,1,12,3,3,USED,,9,0.84299768963637656,0,g1,257:11;37:10;492:85,27.525965372721355,1.5539844891588526,16.036815526106135,27.184058147432619,1054,67.874815509608965,469.47692310417705,516.64826138621322,0.14457540332509064,0.13137529066195791,0.99847874209518805,0.86862470933804214,0.77732209243680406,0.674174021477709,0.31913064578672057,1
858,1691509918.8582032,128627,0,4.4743652352630114e-08,12,10,250,10.382660795349151,154731.14911334676,255.39003649483377,1,10,3,5,USED,,9,0.77531624395485688,1,g1,319:10;65:41;258:12,26.604852676391602,5.3992572427757421,17.923213248139536,25.35589605893945,1077,70.759549246072169,487.7816455417651,518.45880521216316,0.14506398486454233,0.13648056226398936,0.99974877368516324,0.8635194377360107,0.80434952999793219,0.69439695926028799,0.31913064578672057,1
859,1691509918.9579248,128688,0,2.0196533195848687e-09,10,8,200,11.596189028355147,144481.92418683835,469.62856247062268,1,11,5,4,USED,,9,0.78873145052541749,2,g1,63:13;231:29;36:12;257:13;242:26,30.581394195556641,4.4301775197423314,25.981001687222864,25.040363563702385,1072,53.616479165222053,492.64021808598369,525.74330274879401,0.10883496149285973,0.10198223902214995,0.99990448010547872,0.89801776097785002,0.83505341223629825,0.74982116587262071,0.31913064578672057,1
860,1691509919.0578904,128665,0,-9.8632812473020692e-09,11,11,275,12.18824789269261,152057.50492064375,603.30240553598935,1,12,5,4,USED,,11,0.75643998109750832,4,g1,57:10;53:44;260:10;46:35;26:10,31.322113800048829,5.902489931585575,16.340399609361121,30.961251220841195,1067,70.373812803775905,491.03633225018723,505.58985494603735,0.14331691604424873,0.13919150496262836,0.99996383717732396,0.86080849503737167,0.83202326022010376,0.7161867901936313,0.31913064578672057,1
861,1691509919.1583035,128928,0,-4.475097653555693e-09,12,10,250,12.569540549062628,152140.08349585507,388.59679715183609,1,10,3,5,USED,,11,0.80859263336172138,3,g1,257:11;234:27;218:38,35.41763242085775,4.2404234150243694,33.814513335453583,29.967701698450529,964,56.816759268720837,437.57277955522846,469.61046117605139,0.12984527814200947,0.12098699659806111,0.9997695079449751,0.87901300340193889,0.81079118070107625,0.71253172011631127,0.31913064578672057,1
862,1691509919.2595768,129542,0,1.4824829114301608e-08,10,9,225,11.367031186875298,168168.84979083197,480.74512601005,1,13,4,1,USED,,10,0.84601017142424095,0,g1,210:37;249:10;78:62;10:13,30.199888229370117,3.0780834473813052,27.630121555125097,12.073362401217038,837,50.366516965653403,383.1279415200782,403.50554151426849,0.13146135143738635,0.12482236743673662,0.99970635752864168,0.87517763256326342,0.82467621957716764,0.72152624849748381,0.31913064578672057,1
863,1691509919.3614342,129511,0,-1.1212890624334726e-07,13,9,225,11.667453503561161,212809.75060055172,659.42208763132476,1,11,3,5,USED,,9,0.83966618673277826,1,g1,10:24;211:29;107:47,35.915171941121422,4.4822559280786907,16.142952602898688,33.747396029561109,678,43.032731344201018,307.36686887449559,327.60039978130385,0.14000445624402086,0.13135738348588211,0.9997421192746716,0.86864261651411789,0.80687977702944225,0.70070941466815784,0.31913064578672057,1
864,1691509919.4641664,129340,0,1.1246826173150204e-07,11,6,150,10.974026694726616,115748.52339304314,456.98489535280584,1,10,5,6,USED,,8,0.8007714763341226,1,g1,221:21;373:18;363:10;10:37;237:15,30.709030151367188,4.3734853787938492,29.598528751565119,25.449593399945492,721,39.691913042615674,322.74697136344054,358.56111559394321,0.12298151977983771,0.11069776201713197,0.99966885033593023,0.889302237982868,0.7894192817086555,0.70179985615878837,0.31913064578672057,1
865,1691509919.567136,129163,0,-6.9204711905523908e-08,10,6,150,10.773602951616784,133732.06240224672,494.89736965475504,1,8,3,5,USED,,6,0.85874193335528726,1,g1,10:46;351:10;84:30,38.212661743164062,2.7789327363883154,27.388710847520752,34.298914007694883,852,55.429432895118204,381.45685409977597,415.11371300510586,0.14530983596016281,0.13352831081838154,0.99999060493484537,0.86647168918161843,0.78539304048634895,0.68051444092411517,0.31913064578672057,1
866,1691509919.6702876,129080,0,-7.4443969724780068e-08,8,6,150,12.12494842832225,140445.29689046962,346.71766708901083,1,8,3,3,USED,,7,0.79482396735784799,1,g1,344:11;55:47;81:22,33.544146219889321,1.9754264310949843,31.460508499004789,29.387785622865405,865,57.984487904836399,377.4673151932825,429.54819690188106,0.15361459276320491,0.13498948039602976,0.99998305482186767,0.86501051960397024,0.7437647965763049,0.64335347122570363,0.31913064578672057,1
867,1691509919.7731259,129180,0,6.2824707033892757e-08,8,7,175,10.807530986500755,154898.34510287578,345.25156817154561,1,9,3,2,USED,,7,0.86386919178288413,1,g1,339:15;82:10;54:44,29.555717468261719,2.7522178053500865,27.71389233235308,24.741737226648251,866,63.2409696411694,391.2882250504299,411.47080530840049,0.16162247057912052,0.15369491304193456,0.9996730422783926,0.8463050869580655,0.79725523944131738,0.6745005594484127,0.31913064578672057,1
868,1691509919.8750122,129228,0,-1.1165893554210271e-07,9,6,150,10.772556075602848,108493.41241808751,655.32107413756194,1,8,3,4,USED,,7,0.8203065245752631,1,g1,341:23;330:17;11:45,26.762857437133789,4.7311155413705217,16.048375027204887,25.707987705496702,943,59.555465948790022,431.08062579982823,452.3639082513817,0.13815389137076303,0.13165388498609984,0.99963159393171985,0.86834611501390013,0.82129708642577903,0.71290739806487935,0.31913064578672057,1
869,1691509919.9765947,128748,0,-7.8648071277775955e-08,8,5,125,10.760790419420033,73695.383470965957,68.708420123168835,1,5,2,5,USED,,6,0.78370988170171585,2,g1,16:41;370:31,32.413968086242676,8.9677001339337767,24.208077443814023,29.062574172477873,1044,78.109909649446919,463.20575109306668,502.68433925748622,0.16862897203915153,0.15538560394545586,0.99985702126259568,0.84461439605454414,0.76607885181472701,0.64694871361800421,0.31913064578672057,1
870,1691509920.0764177,128594,0,1.1298706055484775e-07,5,4,100,11.146658848040683,68611.615638261937,288.17197684885377,1,5,2,2,USED,,4,0.86456794051989039,0,g1,26:42;11:32,34.255128860473633,4.1178676757100394,27.255112408880063,26.950708188207571,1067,63.063116850114127,472.69192915914073,531.2449539907451,0.1334127218171367,0.1187081710167411,0.99917331152905997,0.88129182898325886,0.77107332358052438,0.67897885122270651,0.31913064578672057,1
871,1691509920.1748974,128907,0,9.590209960885776e-08,5,4,100,12.044986513459421,50368.780679453361,283.20040908916843,1,4,2,3,USED,,4,0.82283640797802593,1,g1,39:40;30:35,27.91923999786377,4.4265512322296896,24.443547340783788,18.440584880349896,1121,65.469838037912083,501.42656214374358,554.10359981834529,0.13056715176397835,0.11815450767577652,0.99999896099908625,0.88184549232422349,0.78677836463930839,0.69381623343894883,0.31913064578672057,1
872,1691509920.2722669,128845,0,4.86151123108014e-08,4,2,50,12.424916398982427,12622.95794160211,98.129145610700576,1,4,4,4,USED,,3,0.51442586830749371,2,g1,38:34;55:30;210:10;18:23,29.993382930755615,6.0106878478723198,27.768296168376196,21.826144661752991,1117,70.026952684932596,494.10830964233929,552.86473767272867,0.14172389194511151,0.12666199870100131,0.99959806579925758,0.87333800129899863,0.7670616844593261,0.66963486100235636,0.31913064578672057,1
873,1691509920.3707631,128823,0,7.0134887703021676e-08,4,3,75,10.14203859793424,56924.826808390077,60.023105198850104,1,10,8,2,USED,,4,0.82137761163618139,1,g1,24:15;311:31;321:27;68:28;35:21;212:24;230:10;333:22,30.209257364273071,4.8729673279769523,26.788367179961096,24.215509949663812,1149,77.994557404017627,512.82635358244431,558.17908901353826,0.15208765473765548,0.13973034629773801,0.99988072587772137,0.86026965370226205,0.7790184274851617,0.6700859793893057,0.31913064578672057,1
874,1691509920.4687955,128616,0,-9.5562744134580768e-08,10,7,175,10.914291941134483,73942.693961530153,155.50476772459874,1,12,8,6,USED,,9,0.69930026102318366,3,g1,53:23;62:29;340:16;248:11;29:10;239:18;309:11;78:21,29.567100048065186,3.8903903093745011,27.752628606347162,23.220792082791611,1105,71.634039115617114,502.96896806058959,530.39699282379343,0.14242238321746284,0.13505740055998983,0.99990263755778019,0.86494259944001017,0.81323034402698624,0.70332908320115184,0.31913064578672057,1
875,1691509920.5665693,128306,0,8.5272216801546286e-08,12,7,175,10.64676078324052,99776.032345962827,207.19979636858355,1,11,5,6,USED,,8,0.80033933420535464,1,g1,76:30;45:10;335:13;311:10;259:15,28.677349472045897,3.7122625499790574,13.524075855144668,27.591256212684943,1001,75.780346699068929,443.31023347905546,481.9094198218757,0.17094201977777992,0.15725018765368606,0.9999491265073237,0.84274981234631396,0.76265346071847628,0.6426933631862104,0.31913064578672057,1
876,1691509920.6645291,128631,0,9.6936645516132458e-08,11,6,150,10.065983738110715,125415.88449227622,115.38177990862052,1,10,4,5,USED,,7,0.79924137247252514,0,g1,83:34;217:27;330:11;270:17,29.888744354248047,4.4901618956379981,21.089756875405104,27.170933758716316,983,70.192380158777809,437.99423573672937,474.81338410449314,0.16025868477632024,0.14783151130240765,0.99996539195559975,0.85216848869759232,0.77462402680925402,0.66008734111225098,0.31913064578672057,1
877,1691509920.7613232,128678,0,-4.1044311518967369e-08,10,9,225,10.188889692298661,179407.13206971082,457.26998086655516,1,10,5,5,USED,,9,0.77986029510791699,2,g1,23:50;78:32;58:10;257:27;267:23,30.059365844726564,7.8653254242098525,23.149774476872018,27.412180233503513,1023,74.923360250534813,455.68765015384133,492.3889895956238,0.16441823741600303,0.15216294806280273,0.99981430829664297,0.84783705193719727,0.77329976491962293,0.65551044749449561,0.31913064578672057,1
878,1691509920.8584092,128771,0,7.6505737314769284e-08,10,10,250,11.361643723258199,139844.02818875699,159.50651385832626,1,14,6,2,USED,,10,0.83611088534828559,1,g1,262:23;71:35;276:16;494:84;209:28;50:10,30.75723425547282,5.4575753263604367,25.947611835819753,21.782411201868729,1054,65.978842840913074,473.6062888807312,514.41486827835524,0.13931158514985134,0.12825998412862988,0.99981995507708921,0.87174001587137018,0.79240992276149891,0.69065106803414078,0.31913064578672057,1
879,1691509920.9569659,128920,0,1.1883544981383665e-09,14,11,275,10.811178457252488,137663.44250393566,180.04345301535284,1,14,6,6,USED,,11,0.78844631738363014,2,g1,274:15;202:23;265:22;65:40;255:28;43:10,28.951392809549969,5.1903239406686685,25.741699924972071,24.14467210762805,1084,63.626134007108725,481.46607042572111,538.90779556717018,0.13215081584222402,0.11806497239503799,0.99994008641499277,0.88193502760496201,0.77534587522316201,0.68376371667815761,0.31913064578672057,1
880,1691509921.0560248,129098,0,1.1064331055521404e-07,14,13,325,10.667655635716086,173110.61301940537,421.7505690163195,1,15,5,4,USED,,13,0.78481660212027948,3,g1,373:62;272:12;79:44;260:21;33:10,26.889790344238282,5.0388636613723268,21.082565711435297,21.62883717930216,1078,63.767362387228303,488.3463846705497,525.88625294222265,0.13057813959295983,0.12125694868512604,0.99966115193108129,0.87874305131487396,0.80735904372455314,0.70922075004866147,0.31913064578672057,1
881,1691509921.157048,129181,0,4.2256469726109636e-08,15,12,300,12.18208692990604,127344.0188061713,256.49530917949988,1,14,4,5,USED,,12,0.78223586078337992,2,g1,11:68;29:13;55:27;76:23,28.330500602722168,13.406025142703584,22.231344934914006,17.312087281290164,999,71.074584314616857,429.23261772390794,498.69279796147578,0.16558523602307787,0.14252177814708966,0.99961318704290836,0.85747822185291034,0.71819371539622467,0.61559725688464806,0.31913064578672057,1
882,1691509921.2590678,129609,0,-9.100646972126647e-08,14,12,300,11.665968148666217,138259.93942818706,152.67812010327248,1,13,5,6,USED,,12,0.78987692017290856,4,g1,327:28;68:15;21:16;37:44;245:18,30.347052764892577,9.0738793755661771,19.26661495286438,22.63533720485615,917,61.885790982532541,412.32614531464554,442.78806370282149,0.15008941752967805,0.13976390976986086,0.99988052083071388,0.86023609023013914,0.79144038211317291,0.68074423548456087,0.31913064578672057,1
883,1691509921.3618641,129708,0,1.0982238769774444e-07,13,10,250,14.251281797848186,113576.63357686515,313.94233124126538,1,10,4,7,USED,,11,0.73469420310330513,4,g1,28:43;85:43;73:49;234:15,33.032122611999512,6.640067072814734,26.25606710426645,27.991933417517082,822,51.941168645625432,353.84725417794454,416.21157717642961,0.14678980275343606,0.12479510781029496,0.99951637364914625,0.8752048921897051,0.72536686168232867,0.63453759838684698,0.31913064578672057,1
884,1691509921.4653976,129476,0,-5.1626586908271044e-08,10,7,175,10.743801256735981,81499.628549588888,321.73409808814642,1,14,9,5,USED,,8,0.79921264942499981,0,g1,355:44;360:10;21:46;216:18;85:26;33:43;372:17;62:51;78:36,30.889643987019856,6.8523764011009209,25.605155138637656,25.211918898294229,823,55.259936381264424,347.3416732307324,420.39839038800318,0.1590938854738467,0.13144659362340261,0.99870358670352366,0.86855340637659739,0.69477368022245178,0.60266572854664702,0.31913064578672057,1
885,1691509921.5691745,129419,0,4.1756591809272159e-08,14,10,250,11.924419895317946,191628.40895280402,753.52903494973702,1,15,8,7,USED,,13,0.73199748080279192,2,g1,327:60;329:34;364:18;26:29;351:13;29:39;84:27;42:23,29.819564580917358,7.3237607062480068,22.235172351894608,22.963059784101151,885,58.65980652693699,398.09246142643616,428.24773204662642,0.14735221640909366,0.13697633901433079,0.99968549035266718,0.86302366098566918,0.79260817862905275,0.68382447499048149,0.31913064578672057,1
886,1691509921.6723258,129247,0,3.1276245121558688e-08,15,13,325,12.049113260590035,170315.53779906742,165.32286087414832,1,16,7,6,USED,,15,0.76595368683037168,4,g1,339:43;493:85;348:14;40:12;22:23;16:10;84:21,29.236122131347656,8.1928088519891205,19.098744794623258,23.628912904195545,867,61.443359647413033,394.44578942230675,411.11085093028061,0.15577136654798901,0.14945691535111799,0.9999199666462818,0.85054308464888195,0.81000642289387503,0.68889022290575275,0.31913064578672057,1
887,1691509921.774718,129214,0,-2.850769041662371e-08,16,12,300,11.322341290299384,176754.27152090895,457.0444438891617,1,13,4,7,USED,,14,0.77271147064505519,2,g1,354:77;16:44;349:20;67:40,30.453897476196289,4.5954232473482719,21.359603637625732,27.223207236790113,920,64.597413648864674,414.44137707441479,440.96120927672058,0.15586622673842221,0.146492281610937,0.99994082668688933,0.85350771838906303,0.79336675441219862,0.67710457951179048,0.31913064578672057,1
888,1691509921.8760333,129321,0,-1.7287597645077035e-08,13,11,275,12.581274201504646,159917.04262282062,368.82355537094162,1,13,6,6,USED,,11,0.81359136984816693,4,g1,46:43;357:24;13:39;329:13;45:33;17:10,29.420639673868816,7.2817455255660759,23.095617708429533,23.97036167234387,955,67.089499304580997,433.47917179621788,454.43132889920076,0.15476983363832836,0.14763396587796082,0.99984537820974573,0.85236603412203915,0.80625971228516957,0.6871221329483802,0.31913064578672057,1
889,1691509921.9755383,129141,0,6.3409423822768929e-09,13,9,225,12.532079600097086,138871.03312055103,172.1088115338064,1,13,7,7,USED,,12,0.75695736014455073,3,g1,307:62;33:51;32:25;15:39;74:42;362:25;48:21,28.937453678676061,8.2184782352107888,22.851585743279792,20.612628086007046,990,62.668968962200616,419.19506429612619,508.13596674167297,0.14949834647368423,0.12333110242924483,0.99997628916626013,0.87666889757075517,0.70163522889372032,0.6150871980349617,0.31913064578672057,1
890,1691509922.074517,128878,0,-9.167907713547585e-08,13,9,225,15.793825965164723,99781.720632671277,580.56135271489802,1,11,6,8,USED,,10,0.71239897802895602,4,g1,42:41;326:37;56:38;204:11;37:21;31:12,28.761320749918621,16.251621214396636,22.166707186753012,20.691595949834419,1032,70.682583584999165,424.46299586975965,536.85442054524071,0.16652236890559735,0.13166061576472154,0.99974445549880986,0.86833938423527846,0.65898761143747986,0.5720786678084937,0.31913064578672057,1
891,1691509922.1732106,129150,0,8.3073730478000485e-08,11,9,225,14.482102256003921,112957.00450073961,152.77670178706379,1,9,6,8,USED,,10,0.69531832084919265,5,g1,50:38;66:29;27:34;202:24;64:19;219:12,32.917138735453285,11.39822105374626,26.362501635387943,24.521349388469741,1124,81.310686507716454,493.8746785526443,548.81463493963952,0.1646382980111607,0.14815692099147335,0.99995571462726163,0.85184307900852663,0.75173649859082747,0.64033317491349828,0.31913064578672057,1
892,1691509922.2711585,129136,0,2.002746582463466e-08,9,9,225,19.121414502792497,195743.0611158649,1004.9705373987854,1,11,6,4,USED,,9,0.7253216205695503,3,g1,62:38;72:27;351:14;25:26;203:36;231:11,29.452103932698567,12.152199185735947,23.309664793647737,22.252713346384343,1170,76.263250521982002,522.49721108729341,571.23953839072556,0.14595915328099374,0.13350485286230002,0.99995918996131328,0.86649514713770004,0.78116784741900891,0.67685052546513225,0.31913064578672057,1
893,1691509922.3687291,128896,0,1.1841857910921405e-07,11,8,200,13.396091696049618,113469.01092931516,240.51305973730169,1,12,8,7,USED,,9,0.57309346265930228,3,g1,67:33;14:65;83:12;320:21;55:37;342:12;61:18;26:19,27.830793857574463,10.750118070898077,13.917780095931226,21.456727723215533,1115,89.844766208332047,506.65769418337254,518.4975396082956,0.17732833674448237,0.17327905987018996,0.99994527956594581,0.82672094012981001,0.80388602863945358,0.66455304673286186,0.31913064578672057,1
894,1691509922.4662871,128814,0,-2.9187011710285482e-08,12,9,225,14.942939089320747,92835.465866771468,96.829333380139886,1,16,11,7,USED,,10,0.79699842096246787,3,g1,74:29;63:25;364:27;83:21;20:58;252:10;60:37;24:11;219:36;242:18;33:16,29.317148555408824,10.686663470418704,21.426102389074774,23.792294694154727,1127,76.769402632673135,507.79928196174234,542.43131540558466,0.15118060493527233,0.14152833815516608,0.99985089812957662,0.85847166184483392,0.79462572880177684,0.68206195806999936,0.31913064578672057,1
895,1691509922.5644372,128859,0,5.3848266609590745e-08,16,12,300,14.562690890642633,145850.47736338561,265.10862288626549,1,14,8,10,USED,,13,0.70692466920548747,6,g1,83:25;69:20;373:50;319:15;370:65;223:39;249:20;262:10,29.285663843154907,11.673508862815083,24.98546908382934,20.158216067750999,1101,81.920627873231169,496.99274553139691,522.08662659537117,0.1648326431518424,0.15691002929427933,0.99920423402200265,0.84308997070572067,0.79502537800083495,0.66974453828238156,0.31913064578672057,1
896,1691509922.6630673,129026,0,7.2874755868701513e-08,14,12,300,17.209286421549248,149397.86058324264,320.51415856494901,1,13,8,9,USED,,12,0.7042462176612615,6,g1,68:17;37:49;81:22;363:48;318:11;45:12;259:16;269:11,27.313824415206909,13.277679507875122,22.330131395754591,17.585700610239705,1065,71.439431375635081,480.99126498983651,512.56930363452852,0.14852542358985379,0.13937516520999613,0.99983227902869687,0.86062483479000385,0.79901748058291744,0.68753895317602498,0.31913064578672057,1
897,1691509922.7618964,129085,0,-6.7932739253317997e-08,13,11,275,14.39276174602997,126417.08304386384,400.06089150487935,1,13,6,6,USED,,11,0.76156705312849049,4,g1,29:41;66:10;83:18;270:12;249:28;45:10,27.686432838439941,13.742905532680048,22.678635298057717,17.052492487449978,1044,76.625260059780686,466.94385627301693,500.43088366720269,0.16409951438568396,0.15311856753976466,0.99997991972272815,0.84688143246023539,0.77996504402954969,0.66052464997219884,0.31913064578672057,1
898,1691509922.8617733,129129,0,-5.9780273425902308e-08,13,13,325,15.119722911745784,172902.07849019239,437.29582860283182,1,11,5,7,USED,,13,0.71869234255097336,6,g1,82:11;71:39;266:20;492:85;255:27,29.016316223144532,8.394508230780227,21.952623237061498,20.680955294940834,1049,69.75930138543859,477.77842572841115,501.46227288614995,0.14600764209703482,0.13911176404944919,0.99983516468140132,0.86088823595055075,0.81365866667223363,0.70035371215783571,0.31913064578672057,1
899,1691509922.9614847,129241,0,-1.0016723632488844e-07,11,9,225,13.651992177472971,105659.89169701475,299.88461240510901,1,12,5,4,USED,,9,0.73297761305522646,2,g1,360:32;267:19;277:13;490:80;47:12,26.299533843994141,5.3378722268124985,21.678286844104829,20.022895378200531,1078,87.432742904303865,472.43476905529423,518.13248804040234,0.18506839172556888,0.16874591908910783,0.99960344840991944,0.83125408091089215,0.74305710419179327,0.61742431248594376,0.31913064578672057,1
900,1691509923.0615749,129281,0,4.6854858409828282e-08,12,10,250,13.333907803170309,117699.39938137104,323.85478000059851,1,9,2,5,USED,,11,0.74943841521894794,3,g1,59:39;42:10,29.727435111999512,7.5953064152493353,22.447370892743734,27.198472701033481,1097,74.413241645607229,469.1847674971043,553.40199085728841,0.15860114564794878,0.13446507760178433,0.99973442982453131,0.86553492239821561,0.7133540037323447,0.61726883052529435,0.31913064578672057,1
901,1691509923.1626487,129285,0,1.1154602051755003e-07,9,8,200,11.903068924665011,95127.777683963475,145.23350236447334,1,11,4,2,USED,,9,0.76915943178816937,1,g1,402:78;277:14;54:40;38:11,27.619507789611816,11.211124323004869,15.798302543822045,23.787631259392199,1060,71.752772590702605,462.60204672432224,525.64518068497534,0.1551069068949929,0.13650419565761185,0.99995689238873187,0.86349580434238815,0.74356103412628771,0.64203415548861931,0.31913064578672057,1
902,1691509923.2642941,129400,0,-8.805541990009047e-09,11,8,200,10.710363125062726,75268.864082100525,56.070527358185061,1,8,2,5,USED,,9,0.79631497187373457,2,g1,247:31;33:10,27.125794410705566,5.9922849337829547,22.402240164844542,26.686014579132625,1061,69.410693255857979,465.00443867983881,526.5848680643029,0.14926888322381818,0.1318129279160791,0.99979705379887585,0.86818707208392087,0.75124404329763939,0.65208800072541306,0.31913064578672057,1
903,1691509923.3656089,129733,0,-6.4276733394152963e-08,8,8,200,11.548485761543445,97314.995396798287,64.176702556606926,1,9,2,1,USED,,8,0.78430164212203546,1,g1,259:25;248:29,25.869912147521973,6.0082768288780972,20.336835276634496,25.739354673427581,1007,64.233603731397437,434.14138852120271,508.62500774739959,0.1479554942922941,0.12628872499973107,0.99963336576374862,0.87371127500026891,0.72727014825333569,0.6351911602600081,0.31913064578672057,1
904,1691509923.4672043,129630,0,4.306335449344445e-08,9,8,200,11.108225240376438,94106.197227751923,227.04864079098908,1,8,3,4,USED,,9,0.73654334814968314,3,g1,85:50;25:14;205:42,29.340707143147785,8.4373742332516564,21.491628516982928,25.59058901853756,963,70.992085087829281,416.20066096098606,475.80725395118469,0.17057177401860002,0.14920345265503812,0.99916591000560373,0.85079654734496191,0.72552188518877292,0.61675665494737708,0.31913064578672057,1
905,1691509923.5692911,129697,0,1.0431274415079184e-07,8,7,175,9.8841422077402807,89130.225399127608,342.63505919264219,1,9,4,3,USED,,7,0.79307736497199877,1,g1,239:24;81:49;213:35;17:10,30.702545166015625,6.0564677702088066,25.456077934262648,27.887729270047608,898,57.263158988485991,391.29296988557422,449.44387112593955,0.14634343930388388,0.12740892170813509,0.99901758447311306,0.87259107829186489,0.74320695498702016,0.64787864629580549,0.31913064578672057,1
906,1691509923.6703715,129865,0,-7.2930297842499492e-08,9,8,200,12.467672883023548,144551.76609506804,629.49823661714254,1,8,2,3,USED,,8,0.82200247735211263,1,g1,13:17;202:33,36.448936462402344,9.2316074395196441,23.32728729990399,35.645779914105866,920,66.26100612565115,383.33350486469391,470.40548900965518,0.17285472124081469,0.14085933874868353,0.99974686927062439,0.8591406612513165,0.67404081403594074,0.57894928372108989,0.31913064578672057,1
907,1691509923.7714934,129789,0,-1.0846801756780877e-07,8,7,175,11.763773226367954,143374.47570617913,313.04926053199648,1,7,1,2,USED,,6,0.80674139153610458,0,g1,240:13,26.184289932250977,6.0366133401550943,21.944798329087131,26.180145302788052,919,63.455946391615235,383.12212050002745,472.42193310835705,0.16562851110971205,0.13432049179871727,0.99991172372455916,0.8656795082012827,0.67665396482574403,0.58571376229869287,0.31913064578672057,1
908,1691509923.8729115,129703,0,8.1794433601234395e-08,7,4,100,14.51165007879899,93648.511176650718,785.17202081607832,1,6,4,5,USED,,5,0.5092222966133052,1,g1,22:41;106:10;366:10;12:33,35.544769287109375,4.1582664887233465,24.513648707674506,30.630192360884568,927,68.744843881059779,387.03828127117356,471.21687484776697,0.17761768591798432,0.14588790756542566,0.99998859646213056,0.85411209243457431,0.67547122011057614,0.57692155816611868,0.31913064578672057,1
909,1691509923.9741547,129816,0,7.1515502936270181e-08,6,3,75,10.895993700000481,52308.522845900596,120.01433896269968,1,7,4,3,USED,,5,0.75947942464860629,0,g1,372:20;210:11;85:23;12:32,33.021885395050049,2.8489362278985113,26.315139170580483,31.225009647104443,911,58.848766472007547,404.70225959038464,447.44897393760715,0.14541249789801208,0.13152062000306095,0.99998412551689386,0.86847937999693903,0.77294510271154038,0.6712762272422963,0.31913064578672057,1
910,1691509924.0745387,129595,0,-1.0723999022133057e-07,7,5,125,14.056213387768592,116828.09370522216,747.01504529014767,1,8,5,4,USED,,5,0.76462634799591078,2,g1,20:38;173:13;11:32;83:25;362:19,30.694847106933594,3.5258280030682614,22.33999982482829,26.723906070824704,992,69.737990280673827,439.2584166858299,483.00359303349614,0.15876301427947917,0.14438399897335241,0.99981915147789058,0.85561600102664759,0.76504695148205648,0.6544680322392803,0.31913064578672057,1
911,1691509924.1743715,129323,0,-5.1961669911282371e-08,8,4,100,13.325500363698668,79866.693689284642,295.44525952966228,1,6,3,5,USED,,4,0.77478388937125298,1,g1,209:10;85:27;12:31,33.73384221394857,3.8332152575645062,26.515534205674488,30.70935157945566,1013,70.836882107924779,448.00731614336149,494.15580174871394,0.15811545828697385,0.1433492875268243,0.9999189840560001,0.8566507124731757,0.76326217905508642,0.65379611729014986,0.31913064578672057,1
912,1691509924.2744105,129515,0,-5.3845214814662867e-09,6,4,100,10.59313703057388,68243.614189254527,125.06876784819299,1,7,4,3,USED,,5,0.84315555386150998,1,g1,21:27;203:20;222:11;176:10,29.900649547576904,2.4336226774584877,25.856706125736082,24.048902430840382,1107,72.719013296109239,478.50267064644953,555.77831605744154,0.15197201135338911,0.13084176045578844,0.99990137577667693,0.86915823954421156,0.73011782868549546,0.63452534089873247,0.31913064578672057,1
913,1691509924.3728521,129466,0,5.8026123073151581e-09,7,5,125,11.020001910672882,128220.14714103332,357.82267592069718,1,10,6,3,USED,,6,0.79723157306370607,1,g1,174:13;34:30;20:21;202:31;12:13;233:10,31.826214790344238,5.2578018963196529,28.037753359471324,25.13048206082043,1136,75.595392260996789,513.85168181597055,546.55292592303192,0.1471151986772524,0.13831303186846808,0.99995588573225969,0.86168696813153189,0.80185517041160437,0.6909176700008548,0.31913064578672057,1
914,1691509924.4709916,129317,0,-6.0456542966269566e-08,10,8,200,11.352626309593258,133352.5408264435,364.97654126032933,1,13,8,5,USED,,8,0.82084072294714772,2,g1,181:15;308:26;243:11;320:21;331:17;38:24;57:38;23:14,29.079800844192505,6.0316945879811712,24.249328000296387,23.75164272838251,1112,80.349220327566613,489.46689919978445,542.18388047264932,0.16415659661343243,0.14819551672676454,0.99998191912811019,0.85180448327323544,0.75457366699203432,0.64273761103721005,0.31913064578672057,1
915,1691509924.5692053,129280,0,1.0656860352509234e-07,13,9,225,10.881829169021653,120915.98694434087,225.62180683309001,1,11,3,5,USED,,10,0.8547235743152668,1,g1,240:17;36:12;254:11,28.530080159505207,2.4935106117430159,21.7777561532756,17.559344076589426,1088,81.331732929909577,498.31035856686196,508.3579085032282,0.16321501556543844,0.1599891170560851,0.99991680293976959,0.8400108829439149,0.82024616645519244,0.68895838243415286,0.31913064578672057,1
916,1691509924.6677837,129220,0,6.4998168958219082e-08,11,9,225,12.649203426378499,136604.23342738691,418.39809264797174,1,10,5,6,USED,,9,0.79288466412586833,4,g1,47:11;329:11;258:18;271:12;245:26,31.084953308105469,5.6926131152044919,19.647221282453103,19.477377843243726,1063,81.337721966385971,481.3772162640326,500.2850617695816,0.1689687821074039,0.16258275167897782,0.99974617637936414,0.83741724832102216,0.79962310464087871,0.66944821507139074,0.31913064578672057,1
917,1691509924.7652891,129034,0,1.5120239268973101e-08,10,8,200,11.696523855935883,179921.24862979207,331.7901521137843,1,10,5,5,USED,,8,0.80483225588255758,2,g1,323:13;263:18;80:41;51:12;253:29,29.728662490844727,4.1143588620646154,20.891262406458072,27.125285950257755,1070,71.853902163127074,479.04384821984308,519.10224961703011,0.1499944158142113,0.13841955456008445,0.99984112613220633,0.86158044543991552,0.78441183091986622,0.67572652234744224,0.31913064578672057,1
918,1691509924.8635182,128827,0,7.9291992194363559e-08,10,8,200,12.196615919445374,189976.06133841194,423.45805349082002,1,10,3,3,USED,,9,0.71426865794066086,1,g1,263:28;53:11;277:13,30.391278584798176,4.5239150932575134,19.886413278452043,25.056073109558081,1061,81.284737630882731,477.60345897511831,502.1118033939992,0.17019294166191837,0.16188573357854302,0.99983930585205616,0.83811426642145692,0.78930373407942089,0.66142041659906659,0.31913064578672057,1
919,1691509924.9615459,129008,0,1.1807556152265697e-07,10,9,225,12.599662677288258,155453.52747225849,251.52090608175763,1,9,4,5,USED,,10,0.71086861464255413,3,g1,277:21;75:42;253:35;52:11,33.070765972137451,6.2302603008917776,26.65090530476936,31.05165606497075,1066,70.373159934797343,477.02156366114247,518.60527640405974,0.14752616086091172,0.13569696093868444,0.99926234177740603,0.86430303906131556,0.78411929501757338,0.67721676638158046,0.31913064578672057,1
920,1691509925.0590918,129220,0,2.0359497074351474e-08,9,7,175,12.550172760023623,93803.624155490223,334.05458830023969,1,9,5,5,USED,,7,0.74227169322720177,3,g1,245:36;255:30;234:43;216:54;42:13,29.941190719604492,4.3703627846302329,27.421827439590118,26.888849202180587,1117,76.357890108397697,491.23278984963861,549.40932004196418,0.15544135425440569,0.13898178884654785,0.99950605295897588,0.86101821115345212,0.75512898053777566,0.64985864962243978,0.31913064578672057,1
921,1691509925.1582534,129264,0,8.8702392583850376e-08,9,8,200,11.216696329081177,96100.288541885966,76.069450243697929,1,11,4,2,USED,,8,0.77037282124261353,0,g1,253:25;263:19;273:16;34:12,27.926297187805176,6.0367806436647431,22.601354350896862,27.127676763562448,1105,83.605422381561937,483.5996610529333,537.79491656550488,0.17288147431602677,0.15545967395059707,0.99938042674421657,0.84454032604940288,0.74376723607920336,0.62775224443599431,0.31913064578672057,1
922,1691509925.2586706,129611,0,2.7935791027666745e-08,11,10,250,10.670192607567788,133938.68504255236,267.92869769411698,1,12,4,3,USED,,10,0.76653082474174961,2,g1,240:26;230:31;273:10;22:10,27.771230220794678,6.4481291481093486,22.240598341491882,26.250604897377134,995,63.806064781925855,441.22926056536926,489.96467465270592,0.14460977655962329,0.13022584705142778,0.99989498859773396,0.86977415294857219,0.77030695335529331,0.66992272095238037,0.31913064578672057,1
923,1691509925.3608603,130070,0,-7.2836914055685043e-08,12,10,250,12.578747323241164,161848.60134067546,307.94723482099738,1,12,4,4,USED,,11,0.74680963563794178,1,g1,202:36;244:21;12:10;106:11,27.07818603515625,3.9088459427385187,21.099429642811749,24.012634495659185,939,66.269549254875486,417.29952842709423,455.43092231803075,0.15880571325987813,0.14550955152008535,0.99978311941645115,0.85449044847991462,0.77076448253790719,0.65846804844240725,0.31913064578672057,1
924,1691509925.4646904,129846,0,5.741088868194133e-08,12,9,225,13.558801037479693,176547.03725004519,604.3456288331713,1,10,6,8,USED,,11,0.61889367190483791,5,g1,47:25;109:12;202:24;169:11;75:43;14:25,32.189201037089028,6.4785314430818026,21.080935876226878,24.288173096370411,918,69.39945196278255,413.86406110574359,434.73648693147351,0.167686587178805,0.15963567367586015,0.99988973301765416,0.84036432632413982,0.79235265384397835,0.66579148124510767,0.31913064578672057,1
925,1691509925.5685453,129959,0,3.8414306652301278e-08,10,7,175,14.599855821566129,120985.28814545083,365.37030224595162,1,8,4,6,USED,,7,0.72556012829492111,3,g1,82:30;174:10;114:10;11:24,32.188587188720703,5.8391228811832718,21.775319798179066,22.591119629235809,892,64.601565266217648,411.55509495466532,415.84333977911757,0.15696942173279085,0.15535072727275587,0.99954796573468641,0.8446492727272441,0.83433710847151743,0.70440367328348097,0.31913064578672057,1
926,1691509925.6720524,129905,0,7.5688476569579777e-08,8,4,100,13.47514478094679,70073.07040408453,441.64368398087203,1,10,7,5,USED,,5,0.76534681549062622,1,g1,368:24;118:11;169:19;328:13;10:34;181:11;79:24,31.211833136422293,5.6034600442231461,21.564349735010072,24.264915578650914,1003,67.89661978133833,446.46000272941149,488.64337748925118,0.1520777211088466,0.13894922741039681,0.99967544253453366,0.86105077258960316,0.77472324477865351,0.66685954394822244,0.31913064578672057,1
927,1691509925.7740223,129766,0,-2.120300292285382e-08,10,5,125,12.315845294295142,63153.580166385225,128.64187214384506,1,8,5,7,USED,,7,0.63714268158384801,2,g1,173:20;327:16;372:31;85:10;80:19,31.799626159667969,4.745248357431576,22.955573719172619,27.181298685720162,977,70.065845462139904,437.78081183439366,469.15334270346642,0.16004777634850939,0.14934529733581328,0.99998240008365458,0.85065470266418675,0.7837841765195992,0.66671796124330607,0.31913064578672057,1
928,1691509925.8766847,129414,0,-6.8079223619621487e-08,8,6,150,12.260671089277075,89647.044445534921,262.26772751263763,1,6,3,5,USED,,5,0.72713053549547035,1,g1,23:44;321:23;73:34,27.489264806111652,4.6211747204270903,17.191354982226503,23.927989324073128,1075,72.04176175838964,469.0480549121462,533.91018332946521,0.15359143056649757,0.13493236129930514,0.99999286964226475,0.86506763870069481,0.74358254543493507,0.64324461016156553,0.31913064578672057,1
929,1691509925.9788885,129324,0,-1.3275146398816773e-09,6,3,75,10.838614511343234,21638.912644926582,80.956850104481347,1,6,3,3,USED,,4,0.79626386743763666,0,g1,17:33;205:16;85:34,34.405072530110679,5.0923654764201034,26.723309694129359,31.079841181525424,1108,65.954705144617236,490.65332690789705,551.3919679474858,0.13442221121838621,0.11961491820442825,0.99995891514287127,0.88038508179557173,0.77022997513762803,0.67807112006324333,0.31913064578672057,1
930,1691509926.078321,129569,0,-3.1212158191351591e-08,6,4,100,12.522999131220983,49336.424137525086,456.68258497250525,1,7,4,3,USED,,4,0.79298548923523371,1,g1,24:24;13:20;36:37;223:15,32.729487895965576,2.6385207270160023,29.095913482095774,29.820415587748993,1131,80.581096933467919,483.52243935536922,566.89646371116328,0.16665430675957546,0.14214429281485941,0.99994012597023996,0.85785570718514059,0.71078471681418365,0.60971421766591272,0.31913064578672057,1
931,1691509926.1773,129514,0,9.2296752934872828e-08,7,7,175,13.203691016949801,92867.126668415192,476.54089657066083,1,10,6,3,USED,,7,0.73500434244770763,3,g1,328:13;36:21;237:19;208:42;15:10;227:28,29.434634526570637,2.8860087927107236,27.130191778567536,25.104692805709959,1133,76.436114083201588,512.3118826158867,544.25200330091195,0.14919840174878526,0.14044250387616994,0.99996966077871652,0.85955749612383003,0.8008712248904547,0.68837397942033085,0.31913064578672057,1
932,1691509926.2755833,129361,0,-7.3450927728924142e-08,10,8,200,13.332323911501565,96025.971746947369,584.04184045098521,1,10,6,6,USED,,8,0.78217597765898195,3,g1,320:14;68:40;254:20;36:10;60:32;263:12,30.795363426208496,3.6337848801816706,27.429756060570018,26.826881932872201,1086,87.283785298742046,479.73315884127544,518.98305585998241,0.18194236460444621,0.16818234104793303,0.99946833173661731,0.83181765895206694,0.7561891840422883,0.62867709133414784,0.31913064578672057,1
933,1691509926.3710086,129308,0,-4.5245971677654317e-08,10,7,175,14.079194757304494,88552.142619993509,336.55616803580256,1,8,6,8,USED,,8,0.57635269438405745,5,g1,276:14;48:15;239:36;68:39;248:30;262:22,29.599546432495117,4.403134736668858,25.418193788610196,25.349328647892019,1077,90.677185986609871,471.12271857417613,515.20009543921344,0.1924704167547657,0.17600382218350838,0.99981021132351955,0.82399617781649159,0.73844227894257763,0.60835813398464589,0.31913064578672057,1
934,1691509926.4668925,129062,0,1.1526245118076428e-07,8,7,175,11.095663803351139,80295.15878793913,138.31224419277493,1,10,5,3,USED,,8,0.7858576760416196,2,g1,72:43;224:49;46:13;277:11;55:24,32.485224914550784,4.710882549691588,25.992981523417779,30.107114314747427,1072,87.112216303865395,453.87933899800981,531.00844469812478,0.19192813776493001,0.16405052908977405,0.99993009143622746,0.83594947091022598,0.69069922777339143,0.57734928953381892,0.31913064578672057,1
935,1691509926.5635164,129189,0,-5.809143065194089e-08,10,8,200,11.007862734204831,92865.438167301705,331.62850069891914,1,10,3,3,USED,,8,0.77350667230066716,0,g1,222:50;52:16;269:20,30.039602915445965,7.8121762288316932,26.668242061018088,25.55783386647731,1112,83.683000882674563,475.17867028747696,553.13832882984832,0.17610849584651481,0.15128765540385541,0.99973132597523828,0.84871234459614464,0.70777172544343958,0.6005332095039807,0.31913064578672057,1
936,1691509926.6607928,129376,0,-5.619262694045446e-08,10,9,225,12.599142234486514,83064.333965531841,248.64524485906477,1,10,5,5,USED,,10,0.72220547562740056,4,g1,243:35;215:54;262:26;45:19;253:31,29.40488510131836,5.8653013232197297,26.133780016211425,25.250474549725254,1130,84.082866667971132,489.2831138544795,556.63401947754926,0.17184910798490932,0.15105592494488643,0.99955861124475776,0.8489440750551136,0.72794732806094919,0.61771379878616539,0.31913064578672057,1
937,1691509926.7584388,129398,0,-7.3126220634378569e-09,10,9,225,12.479377681513672,89954.0606716123,247.77957119320945,1,14,7,3,USED,,9,0.77708430309012566,1,g1,493:85;83:36;256:22;204:55;273:18;38:19;31:10,28.95474488394601,5.5510505111760464,23.390915812429743,23.001903300783759,1089,76.42947611936863,456.77132495636204,555.79919892426938,0.16732546888023317,0.13751274968962768,0.99998304681839345,0.86248725031037232,0.6843152159505308,0.59020314296002119,0.31913064578672057,1
938,1691509926.8584087,129453,0,-1.1015075683518116e-07,14,12,300,13.278536436447261,120684.48320602905,505.44945628488273,1,13,5,6,USED,,12,0.74761975857229768,4,g1,75:34;272:16;233:36;28:13;47:43,28.761618041992186,6.3743578210461411,21.993078090918033,24.868766058922148,1059,77.637562216800561,443.21868541586571,538.14375236733372,0.17516761989390037,0.1442691880659531,0.99974525648588886,0.85573081193404688,0.67933729898534922,0.58118176842681912,0.31913064578672057,1
939,1691509926.9597063,129837,0,1.7888183601044716e-08,13,11,275,12.767833813183554,120800.7771068829,175.42306162265638,1,12,8,9,USED,,12,0.70218905806626364,7,g1,219:66;68:27;232:32;211:40;221:36;275:13;41:39;22:14,30.375824928283691,6.6863132327791241,23.35510033714316,25.643281737162653,1033,74.178279915561987,459.56362573806996,499.25809434636881,0.1614102504227351,0.14857702009353813,0.9998733332269768,0.85142297990646187,0.77191606943710434,0.65714383124444575,0.31913064578672057,1
940,1691509927.0617726,130009,0,5.2913818368582888e-08,12,7,175,11.970630089751662,89000.179161616936,511.02246243003327,1,13,8,7,USED,,9,0.79134261683255036,2,g1,213:65;371:54;60:21;73:50;228:24;250:17;13:14;271:12,27.340226411819458,9.6413967810394823,21.897813571121784,19.132524344675048,920,69.7408251888275,392.42050452438059,457.8386702867918,0.17771962571974775,0.15232620072293498,0.99920981608292636,0.84767379927706499,0.70478904530590514,0.5969591271914112,0.31913064578672057,1
941,1691509927.1660776,130111,0,-5.2550659171424208e-08,13,9,225,14.107909806945772,132787.63887414901,346.409561281572,1,10,8,11,USED,,8,0.6851984886093897,5,g1,215:57;364:56;348:56;70:44;171:10;205:21;79:37;15:30,30.307751655578613,9.6275301242201774,21.106907222591961,23.461364599368252,867,62.560780705648178,378.62442962251282,425.81478967183949,0.16523175952492303,0.14692016863449384,0.99991528883366876,0.85307983136550614,0.7422561559227282,0.63315011689584622,0.31913064578672057,1
942,1691509927.2711215,130512,0,-1.0331970214105812e-07,10,5,125,13.335850585607043,84343.104817787971,470.615785526374,1,10,6,6,USED,,6,0.75487848637437116,1,g1,220:49;72:61;337:60;355:60;176:12;368:24,27.300209999084473,17.639558730508377,19.616385652841945,15.430938193750025,907,64.945315916726855,387.78459719015916,454.27008689311361,0.16747781213414059,0.14296630526765899,0.99991128501463533,0.85703369473234103,0.71067695317872437,0.60902006094446615,0.31913064578672057,1
943,1691509927.3760624,129910,0,4.6627197269888399e-08,10,5,125,19.799040848718334,77414.934293590108,540.67215195905203,1,11,11,10,USED,,5,0.13252706957141627,4,g1,231:40;48:26;356:65;178:18;24:46;14:38;333:65;76:29;69:38;316:11;83:20,31.57966457713734,11.11567583362991,20.798379401095435,25.417574966065988,1024,85.437671920823263,421.79920317850866,516.76312490066823,0.20255531844773397,0.16533236952084385,0.99998487828143401,0.83466763047915615,0.65090079970845538,0.54327761275424979,0.31913064578672057,1
944,1691509927.4801402,129512,0,2.1145629885976902e-08,11,8,200,15.938517034980402,75339.65805522287,522.00612894505514,1,12,8,7,USED,,9,0.5658539962125112,4,g1,346:70;244:39;336:64;324:64;206:10;12:34;21:41;372:27,28.769501924514771,12.911059574725956,22.182987484558112,20.872871299940723,1039,89.664923676645913,429.63274657947449,519.70232974387898,0.20870132547044917,0.17253130983814294,0.99991435479390289,0.82746869016185709,0.65415874327592949,0.54124951905939001,0.31913064578672057,1
945,1691509927.5817261,129530,0,2.1508789194157885e-09,12,9,225,16.75470133362451,85185.041318369811,185.46019828550769,1,13,9,8,USED,,10,0.66712149522148123,4,g1,256:34;24:76;67:15;341:61;351:62;245:43;328:59;215:15;12:27,32.389168421427406,13.606614437407226,24.718660640601669,26.180078990048898,1108,96.479315049344066,454.60605844493051,556.91462650572555,0.21222619729127798,0.17323896780138198,0.99995825913171221,0.82676103219861807,0.64305501481007454,0.53163063615421469,0.31913064578672057,1
946,1691509927.6811881,129598,0,9.2843627938488105e-08,13,10,250,18.473417525778672,108438.35472136721,346.05507326098325,1,15,13,11,USED,,11,0.25686413658220636,7,g1,271:33;27:75;16:75;249:41;51:47;224:20;202:41;30:31;233:15;21:24;347:55;345:67;11:19,29.304242354172928,6.5542013754557864,24.677815987846582,24.538157730181805,1133,97.370940588291546,476.58693019826325,559.04212921344481,0.20430887718172339,0.17417460241375635,0.99985457023244106,0.82582539758624363,0.6783316852050435,0.5601020662687155,0.31913064578672057,1
947,1691509927.7781861,129611,0,-9.8645019527832112e-08,15,11,275,15.861183998619046,133303.21313640324,411.27538718761235,1,14,7,8,USED,,12,0.77207502420871277,4,g1,17:66;25:73;12:75;238:16;343:50;27:24;13:10,32.050121852329802,13.316634208691628,30.853017937178013,21.318200496372192,1108,91.036952911556725,467.79486037590567,549.16818671253804,0.19460870698408744,0.16577244478877651,0.99988869785817491,0.83422755521122349,0.6860519538098494,0.57225974334952046,0.31913064578672057,1
948,1691509927.8743827,129466,0,-2.6949462883507636e-08,14,14,350,15.225222539258667,143943.06481108879,567.48727095221068,1,18,10,6,USED,,14,0.71843434085015834,6,g1,340:52;169:81;10:60;29:70;19:68;51:65;247:15;27:17;240:23;373:57,28.886211204528809,14.817110091031543,21.4398037041774,20.331514906576324,1093,87.613817081722956,466.86202363417448,538.52415928410244,0.18766533289581874,0.16269245412906655,0.99998497186941881,0.83730754587093348,0.70423619816168037,0.58965342127444831,0.31913064578672057,1
949,1691509927.9714596,129685,0,2.3378906255366871e-08,18,15,375,15.887259427047592,148703.72382336488,751.77090911830817,1,16,12,14,USED,,15,0.43038956063515837,10,g1,42:64;52:63;242:60;19:57;29:61;370:54;10:62;268:11;258:18;39:16;360:46;59:41,30.501052856445312,14.849981697327761,23.723698173741202,20.849177173901992,1070,84.326455473198067,452.17568850767066,533.49785601913152,0.18649046734799754,0.15806334462602614,0.99964438898836505,0.84193665537397389,0.68950461353172021,0.58031276915892593,0.31913064578672057,1
950,1691509928.0684972,129666,0,-7.2280273433200648e-08,16,16,400,17.425368776949792,114852.29779124142,238.04936177862464,1,15,11,12,USED,,15,0.20747510739164804,11,g1,40:58;367:40;15:52;26:58;372:50;268:19;357:39;49:22;275:10;43:11;64:43,31.223084363070402,12.147870415317904,24.24228139755613,24.913726478440253,1082,87.349610800396349,461.22513938903973,533.42524981056374,0.18938605756855253,0.1637522986236909,0.99984967157080451,0.8362477013763091,0.70089582133845074,0.58603440862086731,0.31913064578672057,1
951,1691509928.164916,129562,0,-6.3101196282056016e-08,15,12,300,16.881996084070376,109828.77492222312,283.98982514801958,1,15,10,10,USED,,12,0.65655461752673838,7,g1,343:36;363:38;33:54;372:48;353:41;246:36;10:47;277:13;267:24;45:14,31.493920707702635,13.230588021759564,23.277112026729135,24.275168809027861,1099,86.526405414442124,450.42984540438215,562.04374918117526,0.19209740717061358,0.15394959118484969,0.999768410797234,0.84605040881515037,0.647464615557241,0.54766084096819789,0.31913064578672057,1
952,1691509928.2627981,129470,0,8.288085938390477e-08,15,13,325,17.585758732426303,106227.15155127062,619.09224182792082,1,14,9,10,USED,,14,0.64771672785162182,8,g1,14:49;333:32;31:55;353:36;343:34;367:40;265:29;59:43;46:16,30.998401853773331,20.575860102914593,22.735961817704286,18.295255892978592,1086,86.86696932583537,439.38107237560234,559.75195829856227,0.19770302998299766,0.15518832589684661,0.99992158256703245,0.84481167410315339,0.62976841406911499,0.53199398731253389,0.31913064578672057,1
953,1691509928.3612907,129526,0,-1.3754882802197166e-08,14,12,300,16.33337915480308,89902.582377234488,266.65755608343824,1,17,13,10,USED,,13,0.54575543813944072,8,g1,24:54;13:49;372:40;348:37;340:30;328:32;275:20;243:39;224:49;53:40;42:16;267:28;255:34,28.642602480374851,14.836435965279417,22.870787501795931,18.440023659398971,1037,95.477221349372158,427.09371282724317,514.4290658233848,0.22355098771494236,0.18559841908729097,0.99995332781152946,0.81440158091270898,0.6446301609087588,0.52496331981752709,0.31913064578672057,1
954,1691509928.4608963,129676,0,-1.7709350583205996e-08,17,15,375,18.245550983937452,90331.121220807647,500.85021538573204,1,14,6,9,USED,,15,0.76897212235639656,7,g1,320:26;13:57;352:36;370:38;341:33;37:21,31.739092191060383,19.994238813584513,19.217692263087493,21.333785091923428,1000,83.771971987631161,412.86044829598393,503.36757971638468,0.20290626610852819,0.16642305814536426,0.9998661579565481,0.83357694185463571,0.65377368263123536,0.54489772704509132,0.31913064578672057,1
955,1691509928.5619924,130106,0,-6.24572753793462e-08,14,10,250,16.771240955492459,90888.384570927243,392.71394586941165,1,18,14,10,USED,,12,0.5353216532741949,5,g1,316:30;326:32;356:46;337:34;366:45;300:23;348:33;239:35;252:30;267:17;29:18;277:12;34:29;42:42,31.707886695861816,18.298866291495955,21.599055146630512,21.396733547020279,958,83.327913829866446,408.11376185609038,466.55832431404372,0.2041781523144266,0.17860127981293467,0.99992022232871591,0.82139872018706539,0.69613128970261018,0.57175573346371977,0.31913064578672057,1
956,1691509928.6639972,130377,0,-1.1378784178783796e-07,18,15,375,20.523139526669617,110298.94733397666,157.55315335668638,1,14,6,10,USED,,15,0.71378315275170046,7,g1,298:21;316:30;353:47;335:40;220:39;22:18,33.219105084737144,24.544371454846367,22.627912285153027,17.165320793502001,873,72.951363190174831,338.48377510299576,461.56486170682939,0.21552395877166278,0.15805224626590206,0.99993127205267707,0.84194775373409791,0.57528731916659259,0.48432857692720349,0.31913064578672057,1
957,1691509928.7673197,130478,0,7.3269653330654272e-08,14,12,300,17.493483148390006,107391.71478600911,207.48919575946255,1,13,9,10,USED,,13,0.56888842813004137,7,g1,308:33;324:30;336:38;254:21;78:51;207:38;31:38;18:21;12:12,31.642092386881512,14.030651497235153,20.503021261342024,24.145024742397347,877,78.642105346282463,345.40259308708124,452.95530156663648,0.22768244049185696,0.17362001299970001,0.9999572539416135,0.82637998700030002,0.58893336013102027,0.48666193872018937,0.31913064578672057,1
958,1691509928.8703415,130400,0,-9.9992675778315387e-08,13,11,275,19.407620755502037,132994.84200601288,241.2672592671174,1,11,6,8,USED,,12,0.69745835923293609,6,g1,317:43;328:49;307:35;344:47;257:17;11:18,30.455425580342609,15.186634766397843,14.774512148809771,24.262720282187228,904,77.150127673679194,366.7745172086598,460.07535511766122,0.21034756793037535,0.16769019860659251,0.99993510521992957,0.83230980139340749,0.62951511380328351,0.52391759761995227,0.31913064578672057,1
959,1691509928.973804,130415,0,-1.0427551268288315e-07,11,10,250,20.859909384786882,158019.522723587,157.38962162052849,1,9,6,8,USED,,11,0.52266577368410694,6,g1,317:48;303:41;114:17;14:26;68:43;85:30,31.350316683451336,9.0818171671669088,22.077041977995606,22.356411562087825,885,72.585114778638527,364.81585932433154,447.59902589702972,0.19896370435504648,0.16216548870536807,0.99972272025301934,0.83783451129463193,0.65288512181195135,0.54685801225725494,0.31913064578672057,1
960,1691509929.0764,130124,0,3.2672119176790915e-09,9,6,150,20.738023504960371,75215.831031329843,193.69239786624183,1,11,10,8,USED,,5,0.32725358578715819,4,g1,301:49;310:54;85:25;175:12;11:26;70:40;28:40;18:34;116:10;204:15,31.963604164123534,7.3109172690713127,21.758571875334209,24.126247039437182,935,66.969113428139195,408.45238682506118,459.57849974680005,0.16395818848971949,0.14571855181440194,0.99957975300504043,0.85428144818559804,0.74303578950072424,0.63449493361554032,0.31913064578672057,1
961,1691509929.1770191,129822,0,-2.3151245115426988e-08,11,6,150,21.991515527855316,78320.079662864111,111.52883160487811,1,8,5,8,USED,,6,0.76475969988354919,3,g1,300:61;174:21;11:32;73:33;80:23,32.991983413696289,8.7913928973227708,21.252016944477639,24.424524502185083,982,79.613836110509837,415.1001561019965,487.28600778749336,0.19179428130821394,0.16338215101228523,0.99980527699826949,0.83661784898771474,0.68847928040197914,0.57588189535121459,0.31913064578672057,1
962,1691509929.2780511,129533,0,8.8676147466659749e-08,8,4,100,17.258323677577053,68766.184414756339,105.53865519016226,1,8,8,8,USED,,5,0.2631537209482907,3,g1,306:63;10:30;19:35;84:20;30:43;79:29;496:21;181:22,30.717350721359253,8.4793291795166184,22.066253741676547,23.043443329438414,1056,90.458414852159194,437.31106067286851,528.23052447497184,0.20685142221871861,0.17124798863539589,0.99941988092370171,0.82875201136460408,0.65663120503204386,0.54386874012510311,0.31913064578672057,1
963,1691509929.3786123,129723,0,-7.690551756533992e-08,8,5,125,17.266222184807319,46783.641365138377,226.016231885449,1,3,3,8,USED,,6,0.52571622431232323,5,g1,202:12;35:40;17:32,30.548297882080078,2.8447491342222566,25.676744787936951,25.961521370888665,1126,89.132701690740518,473.49398539623382,563.37331291302633,0.18824463338462816,0.15821250252317301,0.99938353321721951,0.84178749747682702,0.68224971771928977,0.57395523993746833,0.31913064578672057,1
964,1691509929.4779298,129611,0,-9.8266600412344474e-10,3,2,50,9.8903662339520633,39942.801803753275,113.74357696668774,1,5,3,1,USED,,3,0.82528829697593964,0,g1,215:12;12:24;21:29,30.09088643391927,3.0233474055937157,28.432840810980213,26.168565680491753,1112,91.603599913746351,479.25643412656575,541.13996595968842,0.19113692251350134,0.16927894015606723,0.99977414565999467,0.83072105984393274,0.71636334146071401,0.59496370875975269,0.31913064578672057,1
965,1691509929.5767934,129607,0,2.2390747075884398e-08,5,5,125,12.610869262498245,80138.132179902081,434.16436267653603,1,8,5,2,USED,,5,0.84835513813227825,2,g1,232:15;222:20;53:39;24:22;14:13,28.348709487915038,2.4546740450191251,25.994341326776009,24.363294048782102,1133,92.442855360150091,489.26985621841214,551.28728842143812,0.18894042660760857,0.16768544695607249,0.99975448463515704,0.83231455304392754,0.71981888426003926,0.59896864080772083,0.31913064578672057,1
966,1691509929.6755235,129695,0,5.4895629889029074e-08,8,6,150,12.340114640816628,85550.076513159147,315.95264508993654,1,9,5,4,USED,,7,0.72586526369472082,2,g1,327:11;241:22;44:25;28:12;37:17,27.987628555297853,3.6619188073303057,26.835671487033231,23.33532156017052,1088,97.345449676310523,462.23335341628763,528.42119690740208,0.21059806471525033,0.18421942618128709,0.99968623976240067,0.81578057381871294,0.69052472890090788,0.56313991320984069,0.31913064578672057,1
967,1691509929.7717147,129602,0,7.2915039062149134e-08,9,8,200,13.912911375299242,128926.73231496016,244.38964444697839,1,10,7,6,USED,,8,0.70233497889156482,4,g1,252:19;235:33;245:27;310:12;217:45;35:11;54:31,29.316826956612722,1.5447485625654582,25.964966459827615,25.301849036702286,1070,88.773875587564916,463.61931093011816,517.60681348231674,0.19148010769755425,0.17150832113340747,0.99935727272089503,0.82849167886659258,0.72418953069936598,0.59959937338010516,0.31913064578672057,1
968,1691509929.8682511,129619,0,-5.5230102533054826e-08,10,7,175,12.641874223814117,103104.41654976338,196.27104107007921,1,11,5,4,USED,,7,0.81743460133004053,1,g1,254:28;245:33;273:16;262:21;42:15,29.548614501953125,4.0751819339438171,27.839787361774523,27.995925942441136,1087,93.020743457141833,445.11875141171203,548.86050513114526,0.2089796108614225,0.16947975412243474,0.99958630590813358,0.83052024587756523,0.64150727673589769,0.53256437129072343,0.31913064578672057,1
969,1691509929.964788,129755,0,3.2431030277946249e-08,11,10,250,14.575117342024425,109476.54515406635,832.6698705568931,1,10,3,4,USED,,11,0.80565310795557643,3,g1,227:45;268:16;41:15,29.978885014851887,4.0869854417902731,26.79233932133846,27.528835181954481,1100,93.441315895890611,459.71070238547833,546.84798171863133,0.20326112794637061,0.17087256242991639,0.99995099984153069,0.82912743757008367,0.66978282582021786,0.55530810658217633,0.31913064578672057,1
970,1691509930.0630505,129799,0,2.8780517580262455e-08,10,8,200,14.673960007797206,87876.787340748575,452.27374583641608,1,10,4,4,USED,,8,0.76487452034704195,2,g1,269:18;225:44;257:28;42:18,30.862945556640625,6.508234487412107,25.064582141806991,29.604639393862353,1116,100.47421772789946,458.87906578461968,556.64671648748072,0.21895576682301349,0.18049907553916053,0.99999366851769478,0.81950092446083944,0.64386411963103873,0.52764390047562937,0.31913064578672057,1
971,1691509930.1615622,129764,0,2.6278076173391618e-08,10,7,175,12.773880561191255,57398.847598424436,112.9254013671823,1,9,6,7,USED,,7,0.61096032215478624,4,g1,226:65;257:24;248:30;271:13;37:23;46:35,30.282167434692383,8.0378875271803825,21.775905579054271,28.389404046422968,1038,88.327822857930627,423.63870942694581,526.03346771512406,0.20849799815841022,0.16791293383212069,0.99981885400537596,0.83208706616787931,0.63743261056272638,0.53030335107043047,0.31913064578672057,1
972,1691509930.2628374,130212,0,1.1626525879548932e-07,9,7,175,13.035128326514515,58116.752813270425,216.90468166309759,1,9,4,4,USED,,8,0.81553122993944649,2,g1,229:66;271:16;34:22;27:10,29.911519527435303,5.8486445717962416,21.264330502103292,27.981794516187875,1019,86.908964774814592,422.71474472186634,509.37629050331884,0.20559719257486059,0.17061839428949302,0.99931731258357426,0.82938160571050701,0.65924894072953288,0.54639567274674983,0.31913064578672057,1
973,1691509930.3648081,130321,0,7.8559570321212746e-08,9,9,225,14.179415618848097,93743.950282352569,302.32622464394905,1,12,7,4,USED,,9,0.7206967662812066,4,g1,231:63;255:27;245:31;223:40;263:20;24:11;30:21,29.453553880964005,9.5662216879841928,21.818651785058869,26.151307976464746,994,83.820755711381011,418.04188161868422,492.13736266993448,0.20050803375686144,0.17031983764987524,0.99998293328117571,0.82968016235012476,0.67912162590967073,0.56344412453365089,0.31913064578672057,1
974,1691509930.4657531,130493,0,-7.5974121091504365e-08,12,8,200,16.059170426584078,100273.74781154546,336.18638235552766,1,11,6,7,USED,,9,0.77161305164869665,2,g1,58:44;227:65;248:27;207:43;33:43;18:16,30.117626190185547,5.232262292976352,21.788960624200701,26.558736354528889,863,73.688990134959624,358.17289257273154,431.13811729230844,0.2057358098924143,0.17091736308946917,0.99986006092892765,0.82908263691053086,0.6598440059636248,0.5469886526168487,0.31913064578672057,1
975,1691509930.5673881,130644,0,5.1346435547827696e-08,11,6,150,13.754483374955125,120065.54232628737,581.32799044228773,1,9,3,5,USED,,7,0.83329780697488542,0,g1,226:61;71:54;13:20,31.955466588338215,6.698038025029768,20.856472128539469,29.517129470217981,841,63.240117069672856,343.50088926512876,434.25899366519803,0.18410466769086414,0.14562765076186143,0.99970128192028707,0.85437234923813854,0.64537701298946359,0.55122756389062411,0.31913064578672057,1
976,1691509930.6701729,130772,0,6.4895629883765515e-08,9,5,125,15.344099825974666,123938.86850314257,778.75233334773839,1,8,5,6,USED,,6,0.72278545551770135,1,g1,231:51;70:47;62:54;205:30;10:24,27.046229934692384,7.3528097929978626,19.739811458319277,19.591573930340097,857,69.580883439318754,350.86581024020779,436.55330632047355,0.1983119512034606,0.15938691204926864,0.99946112867171333,0.84061308795073142,0.64433122537021381,0.54134139038672313,0.31913064578672057,1
977,1691509930.7738421,130864,0,2.9821777353111756e-08,8,5,125,17.891560525629359,76333.002249586716,229.73327862123443,1,9,6,5,USED,,6,0.80990535440367872,2,g1,221:55;237:45;106:10;372:15;10:25;363:10,29.759539604187012,11.851270363533628,22.182562093284687,21.456703670119015,878,72.326834145460708,350.2876829550496,455.38548289948994,0.2064783823836078,0.15882551565971695,0.99989769559964492,0.84117448434028308,0.61038583628046583,0.51338846380912295,0.31913064578672057,1
978,1691509930.8754008,131044,0,-2.7625122064889318e-08,9,4,100,20.264142741804474,56503.597610694516,143.43683821073643,1,7,5,7,USED,,4,0.76437848351348125,2,g1,23:44;10:34;373:20;357:13;85:25,36.344920349121097,2.2131879767688112,28.816013600517447,33.282891486363162,865,82.92053217327495,366.14622407895774,415.93324374776773,0.22646835258744474,0.19936019402084634,0.99931837211794994,0.80063980597915363,0.68094026184028189,0.5448162638638312,0.31913064578672057,1
979,1691509930.9779744,130836,0,-2.4697875966595007e-08,7,4,100,14.605493402776347,77139.075122595415,88.700112123894982,1,10,8,5,USED,,4,0.76168536648712715,2,g1,238:44;252:35;220:10;81:32;25:40;10:24;171:10;367:13,30.952045917510986,7.7290090165199672,22.275174318018379,23.511574199351074,895,75.811611317619338,368.4123633062905,450.77602537609062,0.20577922694356246,0.1681802204417778,0.99918140715494885,0.83181977955822217,0.6491045120346608,0.53949598275017741,0.31913064578672057,1
980,1691509931.078934,130600,0,9.3403930673252589e-08,10,8,200,17.603542856094972,101851.95861451732,156.13123820441629,1,7,5,8,USED,,7,0.35502016516326712,4,g1,85:35;209:22;175:10;31:36;10:15,33.508419036865234,2.3911674281534339,24.331078645905457,27.960005775018203,976,88.217817913601564,402.41041783115736,485.37176425524109,0.21922349423522092,0.18175308992059683,0.9991352352779137,0.8182469100794032,0.6473236044120857,0.52921249873508158,0.31913064578672057,1
981,1691509931.1770415,130498,0,7.8995971680706489e-08,7,4,100,10.719623266347373,70921.203636862629,72.679154142968059,1,6,4,5,USED,,6,0.54255687795834573,1,g1,85:42;217:22;15:17;27:29,33.226840019226074,2.793240227426681,26.22150127673028,30.104722581506493,991,86.207205139523381,417.00511487801845,487.78767998245843,0.20672937108874684,0.17673100137056255,0.99943291889746466,0.82326899862943748,0.67815962418401188,0.55799118891310728,0.31913064578672057,1
982,1691509931.2744174,130580,0,5.8349609380337064e-08,6,3,75,11.672419637013812,44159.676810374644,204.6213482187722,1,8,5,3,USED,,4,0.82415870302893968,0,g1,227:18;217:23;244:11;16:10;22:19,31.225834655761719,2.9707100396427411,29.054753110556408,28.987051780617897,998,88.650535164097661,412.63779122947386,496.71167360642926,0.21483862372362741,0.17847483736478506,0.99980217824489148,0.82152516263521491,0.65226422748036383,0.53574547248256554,0.31913064578672057,1
983,1691509931.3724964,130740,0,8.5377197270308791e-08,8,7,175,12.989484670428645,108281.03467098405,658.99912438633828,1,7,4,5,USED,,8,0.39872970653719625,2,g1,32:22;25:14;39:30;48:40,35.859064102172852,0.98088562448439554,31.432919031879351,30.053392451229534,1008,85.882785223179837,429.39520536620273,492.72200941061777,0.20000871958953548,0.17430271752201767,0.99964223629108384,0.82569728247798235,0.69717287554076224,0.57544780073116319,0.31913064578672057,1
984,1691509931.4699712,130826,0,1.1677917481633937e-07,7,6,150,12.374633298404685,78696.830710917653,232.16569336462351,1,9,5,3,USED,,6,0.77049561432921831,2,g1,242:16;219:30;228:25;34:19;26:10,31.787614059448241,3.8207723587441675,29.845123210763255,27.24065186604825,1039,100.51024874234128,431.29667440299613,507.19307685466248,0.23304202120609499,0.19816959917050042,0.99921065127744157,0.80183040082949963,0.65219034083038674,0.5225332556146175,0.31913064578672057,1
985,1691509931.5673051,130600,0,6.6140747073673012e-08,9,7,175,12.342486769335077,92023.972569311416,185.58420751844375,1,6,3,6,USED,,7,0.69635864731352104,3,g1,248:13;48:33;32:12,31.609975179036457,4.6565040441855743,27.576191738310808,27.002178543962476,1045,105.582273091161,433.05490634767807,506.36282056116136,0.24380805192031305,0.20851110864370456,0.99973743388662561,0.79148889135629541,0.64671539844415382,0.51173365453217778,0.31913064578672057,1
986,1691509931.6666861,130817,0,-4.945068358963578e-08,6,5,125,11.871882259895013,57812.57531614881,263.66500316125496,1,7,5,4,USED,,6,0.57957465839243871,2,g1,253:15;232:25;45:23;52:32;36:13,32.237971115112302,4.7419139837826716,28.131134159702111,28.48659544084105,1053,94.166224432309875,442.12616709153377,516.70760847615668,0.21298496094852165,0.18224276725868097,0.99951906086722797,0.81775723274131906,0.67341749366804693,0.55042717675611907,0.31913064578672057,1
987,1691509931.7655334,130695,0,2.1248779305538257e-08,7,5,125,13.313006868255163,45849.492783679569,291.90579246741413,1,6,4,5,USED,,5,0.42120244744423257,2,g1,209:35;53:30;49:19;40:13,32.0852952003479,5.0332194982431506,26.687076622948577,27.083989908925709,1031,85.029093846246425,441.87153911907598,504.09936703467815,0.19242944231203971,0.16867526405839958,0.99992100233325931,0.83132473594160039,0.7078811611526612,0.58843263089591347,0.31913064578672057,1
988,1691509931.8640561,127204,0,1.8219116215689724e-08,6,4,100,13.599793210286563,32705.414153998609,389.80417487151004,1,7,6,5,USED,,4,0.60525317963147596,3,g1,265:10;239:21;252:17;207:37;50:28;42:17,29.574384371439617,7.5329683589171417,22.508724148943717,24.84862872128247,1012,90.467424298181484,437.53898082950815,483.99359487231027,0.20676426161314551,0.18691863953705642,0.99994701317831503,0.81308136046294355,0.71709948273776825,0.58302932850362932,0.31913064578672057,1
989,1691509931.9640782,130561,0,-1.1535400390449979e-07,7,5,125,13.408009130611358,34373.11932265426,179.0428407322521,1,5,3,5,USED,,5,0.49897665383965301,3,g1,42:19;205:37;50:28,29.422192891438801,4.0361516426988393,23.644393389574457,24.644462704870282,1005,83.598984036944387,407.56608626623159,513.83492969682493,0.20511761614614715,0.16269618744344572,0.99959768715117037,0.83730381255655428,0.6304886715670257,0.52769818327205664,0.31913064578672057,1
990,1691509932.0645785,130716,0,-9.4558105456776786e-08,5,3,75,14.080070558043083,26665.385491282363,33.426809983305766,1,6,5,4,USED,,3,-0.01686269545361252,1,g1,202:37;235:23;248:18;50:32;39:18,28.659627914428711,5.8605212162226836,23.756530666426094,25.255376684660558,1006,93.007624850411986,420.7314695819216,492.26090556766633,0.2210617260050291,0.1889396939680946,0.99999520245923446,0.81106030603190538,0.66575232976013898,0.53996269781122963,0.31913064578672057,1
991,1691509932.1664188,130811,0,-6.7677612292094125e-08,6,4,100,12.271219323945706,52145.917763194513,165.90934901657292,1,7,4,3,USED,,4,0.77754700863074422,0,g1,41:20;35:11;51:33;264:11,29.259256362915039,5.6961261288886345,22.873858390169563,25.593709550424236,1012,92.297305016937671,419.45290370565891,500.24979127740352,0.22004211724733966,0.18450243583561246,0.99990836463899757,0.81549756416438757,0.65398447814104865,0.53327387770271484,0.31913064578672057,1
992,1691509932.2672679,129097,0,1.1363891602722553e-07,7,5,125,13.315085683460941,35552.116622406073,239.16100481492717,1,5,3,5,USED,,5,0.51315938948937867,2,g1,496:85;202:32;261:11,27.793717702229817,7.6230333579172038,22.725904625711674,19.076197302156043,948,77.669783739658328,387.69077638773433,482.63943987260734,0.20033951919965157,0.16092713798971603,0.99932808803130679,0.83907286201028397,0.64234492052681402,0.53861204765454385,0.31913064578672057,1
993,1691509932.3681843,131068,0,-4.1099853506643136e-08,5,2,50,10.90124121963804,29494.837484076972,116.03762917361685,1,5,4,4,USED,,3,0.63521647509729962,1,g1,492:84;231:20;29:13;42:30,27.003279685974121,7.3272435076904916,23.568472904999716,19.271007972886061,924,85.021572381977293,381.33915623006067,457.63927138796208,0.22295526434396382,0.18578294673907161,0.99951360752490159,0.81421705326092841,0.64749159955042668,0.52694227671552318,0.31913064578672057,1
994,1691509932.4698112,131293,0,-9.3132324213707207e-08,5,2,50,10.885755197323894,17646.967334412213,84.574623259504762,1,6,5,4,USED,,2,0.75698491341440244,0,g1,82:35;37:28;25:10;106:11;172:10,28.081747436523436,3.9481148260878269,20.337406365924078,20.389147425979822,892,87.393611577964251,362.58531496595651,442.02107345607914,0.24102909845140782,0.19771367662326625,0.99990004669645771,0.80228632337673378,0.6225759809058885,0.49943426964831711,0.31913064578672057,1
995,1691509932.5712361,131365,0,-1.1326904289510331e-08,6,1,25,11.276882273152294,10304.942309818654,68.020198441651516,1,5,5,6,USED,,2,0.59350208377294011,1,g1,83:33;107:10;35:26;174:10;169:20,32.7109375,2.9441038821487031,22.467625845343928,22.740266987912282,892,79.129658809064765,358.67723026076152,454.19311093017325,0.22061522765617655,0.1742202972806208,0.99991467243763343,0.82577970271937917,0.61548175153778106,0.50820896988101882,0.31913064578672057,1
996,1691509932.6722095,131536,0,-1.1155334471435463e-07,5,0,0,0,0,0,1,6,6,5,USED,,1,-0.12350962687943082,0,g1,106:13;225:10;82:31;175:11;33:21;170:20,32.324495315551758,4.4279794589369397,22.792531014523121,24.269895975880729,918,79.801802527160291,366.20108254213494,471.99711493070532,0.21791798640567461,0.1690726489692127,0.99993902014493252,0.8309273510307873,0.60678184453949768,0.50416088520421121,0.31913064578672057,1
997,1691509932.7727375,131571,0,-7.2495727532206899e-08,6,1,25,19.13705694092825,10504.493132040336,32.508761690894723,1,5,5,6,USED,,2,0.30914739572120414,1,g1,11:37;81:32;32:22;106:12;171:15,31.040983963012696,6.5046100963793974,21.781848484234519,21.39639360978628,887,94.953029766923905,353.41458875848053,438.63238147459617,0.26867320361756125,0.21647519375498547,0.99996919232612902,0.78352480624501453,0.58924413679322873,0.46167317459713403,0.31913064578672057,1
998,1691509932.8732767,131521,0,-8.2949218743744169e-08,5,1,25,21.095204599457347,28.950163841626644,11.333473343828842,1,6,5,4,USED,,3,-0.16625347795076659,0,g1,84:32;109:12;206:20;175:12;33:21,31.99775924682617,6.1948680812083072,23.641280975500919,23.198751878332146,914,84.804376600616024,372.52055391834506,456.67506948103875,0.22765019462309935,0.18569959752124618,0.99994252991373922,0.81430040247875379,0.63002383214106039,0.51299917628232305,0.31913064578672057,1
999,1691509932.9724729,131530,0,6.0352783215478212e-08,6,0,0,0,0,0,1,4,4,6,USED,,3,-0.28137773538664296,0,g1,81:34;174:16;37:26;30:17,31.917429447174072,3.65136908774392,22.510196121776652,23.459787067194732,927,83.598014927795433,370.77032828600994,472.63165678619436,0.22547115707519194,0.17687773073908356,0.99981335900373081,0.82312226926091647,0.60760279011129259,0.50003804238526062,0.31913064578672057,1
1000,1691509933.0712101,131433,0,2.5141601564526717e-08,4,1,25,9.1457955679890492,10877.330492498211,39.468577235410784,1,6,6,4,USED,,1,-0.31266162000577219,0,g1,80:33;29:11;106:11;32:21;175:12;211:17,30.180710792541504,4.2760694273065738,22.090471060171769,22.786583357753916,916,94.042515520179563,369.25192599114888,452.70555848867139,0.2546838862593605,0.20773439547359326,0.99990868397451627,0.79226560452640671,0.60792142996816378,0.48159125820250659,0.31913064578672057,1
1001,1691509933.1703522,131481,0,5.9501342783430111e-08,6,2,50,13.075847566373698,16790.62748250322,55.777562412375225,1,7,7,6,USED,,3,-0.093965380534840381,0,g1,82:31;202:19;175:15;107:11;32:22;23:10;212:16,28.870807647705078,3.0753153300560689,22.491981770191526,22.25244182672547,903,83.596799377609827,362.02044681415595,457.38275380823438,0.2309173421370988,0.18277208460872407,0.99985740602261464,0.81722791539127593,0.60873228192001316,0.49740207712918938,0.31913064578672057,1
1002,1691509933.2693958,131515,0,3.7245483405778934e-08,7,2,50,9.1547193249829029,23126.682209989831,21.476012812749843,1,5,3,5,USED,,3,0.75884573178440717,0,g1,80:30;22:10;172:16,31.900225321451824,2.1956297451486404,23.293980817805949,22.340143965056807,908,83.00965644808889,350.032260055248,474.95808349666339,0.23714858863290744,0.17477259432446746,0.99878669522949648,0.82522740567553254,0.56220246140738639,0.46338197215704896,0.31913064578672057,1
1003,1691509933.3693202,131656,0,-1.4231567382894106e-08,5,1,25,9.433973563093053,11534.192746321001,41.542923357820257,1,6,6,5,USED,,1,0.52248416072356618,0,g1,82:30;36:27;106:10;28:16;248:10;171:17,29.728351593017578,3.7556200245468205,22.197120753551861,22.31607736284467,910,86.198302007268566,357.12195481710967,466.67974317562192,0.24136937212782869,0.18470547150967775,0.99963032794009188,0.81529452849032225,0.580534417385,0.47313156589288091,0.31913064578672057,1
1004,1691509933.4690766,131655,0,-1.5136718684027883e-09,6,2,50,15.188332316350618,16288.597993952575,230.69181788453392,1,6,6,6,USED,,2,-0.1245066768528041,1,g1,83:31;31:20;107:16;174:10;27:10;169:19,30.976720492045086,2.0749277226908953,22.722597939646729,21.228613187186909,891,83.576225574455762,351.84839380945789,455.5753806160867,0.23753476510032367,0.18345202381531989,0.99957061041393802,0.81654797618468011,0.58886449893804738,0.48062964883454712,0.31913064578672057,1
1005,1691509933.5698271,131505,0,-8.1030273435533928e-08,6,1,25,15.145638459747138,8526.4215677181419,38.809539697979872,1,7,7,6,USED,,3,0.16282046684116203,1,g1,85:29;30:12;34:22;170:16;203:22;257:12;109:16,29.90908976963588,5.4403988825678748,21.89230531488662,23.684184607798063,912,91.520215901791644,360.51919136801104,459.96059273019762,0.25385671024755396,0.19897403679422448,0.99979717971839854,0.80102596320577546,0.58483048269312943,0.46836938662969002,0.31913064578672057,1
1006,1691509933.6699615,131380,0,-1.0609252928950319e-07,7,2,50,20.378836644782226,12682.989109273063,180.93318408919092,1,7,7,7,USED,,4,-0.095034152938371697,2,g1,327:51;81:36;32:10;34:20;107:15;173:10;40:29,27.916961397443497,7.37439763180444,21.461876465096218,19.689259448303005,944,88.165292105507106,370.87844193016883,484.95626596432402,0.2377201857478343,0.18180050097959352,0.99942836018993664,0.81819949902040645,0.58296627895402764,0.47671005507600589,0.31913064578672057,1
1007,1691509933.7699788,131239,0,1.0592590332647589e-07,7,3,75,18.138415807025662,17374.667484843339,54.992477931862169,1,5,5,7,USED,,3,0.21431944479861834,1,g1,85:34;34:19;43:31;231:21;171:10,28.554330444335939,7.1035734013553569,19.580309121380637,22.825491327289622,951,81.992395294005519,362.81665870426701,506.19094600172798,0.22598850776815563,0.16197918185151738,0.99995248434259076,0.83802081814848262,0.55477930932668806,0.46489451987540364,0.31913064578672057,1
1008,1691509933.8698034,131274,0,-1.8287353506507564e-08,5,1,25,11.624461328904507,8898.8459694092853,29.92281099606749,1,6,6,5,USED,,2,0.59229873262173183,1,g1,85:34;250:16;39:28;106:14;28:10;170:11,27.87853177388509,4.6070600459091304,21.306225793742268,20.741058112880705,930,80.07850015634439,366.63965347750172,483.28184636615418,0.21841200043916767,0.16569730636162491,0.99984267597279031,0.83430269363837506,0.59294830847845847,0.49462054301192382,0.31913064578672057,1
1009,1691509933.9693961,131370,0,-4.0783691396262256e-08,6,2,50,10.265915362837015,17597.615284258252,153.02788241513264,1,5,4,5,USED,,4,0.082181544116201197,0,g1,83:35;170:13;34:22;29:12,28.947275638580322,4.1111842978697277,19.75998631561248,22.207770971837384,900,77.391488993170924,327.97141465414387,494.63709635268532,0.2359702264747148,0.15646115013175108,0.99926887334234027,0.8435388498682489,0.50659347531488996,0.42701884422923631,0.31913064578672057,1
1010,1691509934.0691452,131384,0,3.1195678720785658e-08,5,2,50,9.7355937251737341,15034.637724551982,12.361351842996491,1,5,5,5,USED,,3,0.64283458949132288,2,g1,85:32;107:19;29:16;37:29;170:12,30.364506530761719,4.3150560773595696,22.149433420236022,21.566866825553323,921,83.565008549378831,352.653787692187,484.78120375843417,0.23696047360284797,0.17237675038040287,0.9999124884033207,0.8276232496195971,0.55507263288387465,0.45935081416092999,0.31913064578672057,1
1011,1691509934.1695764,131574,0,1.1763732911396207e-07,5,0,0,0,0,0,1,4,4,5,USED,,2,0.37394466922420883,0,g1,85:29;31:22;170:11;107:16,28.231370449066162,4.7073429033085326,20.24883711543437,19.941282907976852,896,94.534256429512894,332.25798558564014,469.20775798484658,0.28452064519348175,0.20147632860018899,0.99999230940651707,0.79852367139981095,0.50664918708314433,0.40456825758742843,0.31913064578672057,1
1012,1691509934.2692528,131590,0,8.9517211920853157e-08,4,0,0,0,0,0,1,6,6,4,USED,,1,-0.10653579056943471,0,g1,256:14;110:19;83:32;32:25;28:12;169:10,27.643580118815105,8.4181657747132252,19.409116423799183,20.671987691421201,872,87.871423303022382,330.83863244520239,453.28994425177524,0.26560206301655759,0.19385257585642601,0.9999503638954147,0.80614742414357399,0.53600838100045389,0.432080327813955,0.31913064578672057,1
1013,1691509934.3698027,131626,0,-8.4892578119943884e-08,6,3,75,13.248161976880002,13226.505771547321,101.63694402144503,1,6,6,6,USED,,4,0.59938166853723829,2,g1,79:32;21:10;34:29;28:20;169:10;109:17,29.413330078125,4.5034104299970918,21.343268336484275,22.049892233556523,840,76.81253216292896,309.9608815561229,453.22658628094808,0.2478136330536308,0.1694793167215351,0.99782513108476723,0.83052068327846484,0.51441896051673575,0.42630640518302348,0.31913064578672057,1
1014,1691509934.4699955,131585,0,4.5166016759967675e-10,6,2,50,11.497660757133758,37000.659768624289,128.47139201236556,1,5,4,5,USED,,2,0.76386194293367005,1,g1,85:28;23:13;112:21;170:11,28.837594985961914,4.4719332519244865,19.233199867250161,21.591150542639824,868,83.14521830975697,321.05054448507275,463.80423720517024,0.25897859305335275,0.17926791443471984,0.99926389962939832,0.82073208556528021,0.51294340821227791,0.42067922295678062,0.31913064578672057,1
1015,1691509934.5709579,131570,0,-8.2180786120655824e-08,5,2,50,13.950049823294478,14244.468236923323,120.70152823167452,1,6,6,5,USED,,1,-0.066844986415109497,0,g1,28:21;85:29;23:12;36:30;110:16;169:12,31.761867205301922,4.3256043850678632,22.916273308924445,23.351834856695877,881,89.990756313004397,326.23396957797723,464.77527410901865,0.27584728969033556,0.19362208216759821,0.99984541019241335,0.80637791783240176,0.50829557083873433,0.40981496104512083,0.31913064578672057,1
1016,1691509934.6708622,131496,0,1.6876220698680555e-09,6,3,75,15.77393027170317,30469.384181142788,165.36980412284359,1,5,5,6,USED,,2,0.52730766649662475,2,g1,60:30;85:30;31:26;109:14;23:15,30.390195846557617,7.1444317190252828,21.813678856973233,23.212282737584097,864,95.412495041643481,309.62898293073096,458.95852202762518,0.30815104625715484,0.20788914566859379,0.99967293841024996,0.79211085433140616,0.46674476582917351,0.36959267609945529,0.31913064578672057,1
1017,1691509934.770647,131326,0,-6.1085205074751237e-08,5,2,50,16.080437127289212,13815.368605237376,138.4393220405814,1,4,3,4,USED,,1,0.74849662312663534,0,g1,15:42;82:31;20:12,29.130498886108398,3.9173747441503015,21.689476298496562,23.644740734505621,862,85.622011569819549,328.24365485747882,448.13433357270242,0.26084894651503943,0.19106327088845734,0.99986491951443057,0.80893672911154269,0.54140382718142677,0.43790228104449136,0.31913064578672057,1
1018,1691509934.8704031,131465,0,1.102612304793027e-07,4,2,50,14.91043978651356,13415.277219738768,127.86980195495572,1,7,7,4,USED,,2,0.50401270374115503,2,g1,61:31;11:23;85:30;106:16;26:21;23:10;32:30,29.040285110473633,7.8225936879924536,21.120031983033066,22.551619979223492,847,80.044484389527312,312.91919111302144,454.03632449745146,0.25579921801797229,0.17629533160837796,0.99933424887855704,0.82370466839162204,0.51289884566229516,0.4221959089326085,0.31913064578672057,1
1019,1691509934.969943,131462,0,7.4884033210431689e-08,7,4,100,16.856114158235965,30961.212219466299,170.11366708505193,1,7,7,7,USED,,5,0.3407121894069336,2,g1,59:28;30:41;26:20;85:28;108:18;19:10;33:30,32.321123395647319,10.023304856357717,22.787297747714913,24.626558757105848,836,96.10406872603248,292.12189935092175,447.7740319230453,0.32898618330077362,0.21462626654184577,0.99945019618103714,0.7853737334581542,0.43776060389892596,0.34361665416923581,0.31913064578672057,1
1020,1691509935.0696917,131465,0,-8.5776977534757215e-08,7,3,75,19.638899995792347,49391.222515090558,246.23141062456432,1,7,7,7,USED,,5,0.37496667134095657,2,g1,58:29;14:34;28:32;82:30;368:36;20:15;106:17,32.063331604003906,9.8878725003470596,19.648223834850278,25.247166923987329,865,99.766513218135145,315.65726022992902,449.57622655193575,0.31605961841480812,0.22191234172523569,0.99918904982379841,0.77808765827476434,0.48020943782456399,0.37334202944979783,0.31913064578672057,1
1021,1691509935.1700268,131453,0,1.1264404296829067e-07,7,3,75,21.310397307927794,44220.564865062501,142.07623573619568,3,8,8,7,USED,,4,-0.015394378540144945,1,g1,59:29;366:13;84:28;18:12;366:32;30:30;107:17;24:21,32.375426530838013,12.798170510534463,22.544191345183744,23.238377219462421,843,100.76490074820443,281.52544847628883,460.70965077550699,0.35792466114014998,0.21871671361472042,0.99911762069888743,0.78128328638527955,0.39235242288459199,0.30626790724183989,0.31913064578672057,0
1022,1691509935.2701607,131409,0,8.3039550791141892e-08,8,4,100,22.00182465141231,83952.215186558955,245.20907286664837,1,8,8,8,USED,,5,0.13350954386691311,2,g1,358:11;15:32;57:24;352:32;24:22;108:18;33:32;18:13,33.437112808227539,10.344362878713186,25.698737333524782,23.31874692832676,842,90.769522424559582,286.63842937240048,464.59204820303972,0.31666906151872565,0.19537467930335897,0.9967243301043105,0.80462532069664106,0.42159332624272711,0.33811347730751579,0.31913064578672057,1
1023,1691509935.3700588,131279,0,1.5356445420833253e-09,8,4,100,23.647616500795252,72062.612817711153,126.15771632096936,3,9,8,7,USED,,5,0.19591664693500116,3,g1,60:27;349:20;352:35;364:42;19:16;85:26;106:17;11:36,32.115031242370605,16.141764806898632,21.732353017887061,22.274254348137738,834,111.05505935397886,266.17843517942129,456.76650546660011,0.41722034799370827,0.24313310635711549,0.99740968260710539,0.75686689364288451,0.33961197672972854,0.2563752439380958,0.31913064578672057,0
1024,1691509935.4703271,131164,0,1.0914123535488152e-07,9,4,100,26.80954037483961,43863.364791623753,78.292083130443672,3,11,11,9,USED,,6,-0.090870559316264574,2,g1,62:25;357:24;373:23;10:28;367:41;51:18;345:22;28:29;111:20;343:32;19:17,32.919142983176492,15.740238671152241,24.529057099598926,23.187316668960957,829,99.860682651240978,263.43195236226768,465.7073649864916,0.3790758173249768,0.21442796519685181,0.99948347758607425,0.78557203480314819,0.35123187222038305,0.27577541874925454,0.31913064578672057,0
1025,1691509935.5702305,131148,0,6.9218750009536478e-08,11,4,100,22.945019584455203,60527.128464563939,415.42463256559398,3,10,10,11,USED,,6,0.044015981835653986,4,g1,331:17;366:20;110:18;353:19;11:34;361:39;60:20;19:18;371:38;26:27,33.454132843017575,15.836115956131717,22.892675636510003,22.946109261419657,808,89.960343143761776,262.95711955110488,455.08253730513343,0.34211031554244825,0.19767918074044499,0.99698666259790969,0.80232081925955501,0.38014373707191612,0.30407817498948303,0.31913064578672057,0
1026,1691509935.670543,131171,0,9.802734375619071e-08,10,6,150,22.416692862089139,55557.44873557704,373.90039628105097,3,15,15,10,USED,,6,0.14896479980210822,4,g1,339:45;369:25;68:27;359:23;60:19;324:31;11:36;353:39;363:38;15:15;50:17;30:32;328:20;23:23;107:14,33.760373179117842,18.660309826379923,21.907539060590903,23.589211966308451,795,102.3041248378358,238.42043552530907,454.27543963685491,0.42909125894527567,0.2252028525240482,0.99817493350301367,0.77479714747595185,0.29963387586237078,0.23173177313073184,0.31913064578672057,0
1027,1691509935.770113,131151,0,-2.6313476550465786e-08,15,9,225,23.766621790858391,129156.3081908296,1123.8628842439243,3,15,13,13,USED,,10,-0.011399345066146881,7,g1,67:24;372:22;322:33;336:39;351:23;366:31;322:19;60:16;112:18;356:40;48:16;17:19;12:10,32.72303801316481,20.068491001950495,24.424423827777467,23.303231040678494,796,99.623839987772627,241.65876058116152,454.7173994310661,0.41225006595328367,0.21908957104438959,0.99952538756829157,0.78091042895561036,0.31235866665999662,0.24380837094004734,0.31913064578672057,0
1028,1691509935.8697112,131158,0,9.6669921886838317e-08,15,8,200,24.878700217829643,127822.97214000182,160.8013254095724,3,12,11,14,USED,,9,0.081550822149964758,7,g1,67:19;367:27;337:37;313:17;355:29;308:33;330:20;342:23;13:25;12:15;110:20,33.64691716974432,18.429179615395284,24.649378192769163,24.882114297089824,814,118.20979623495342,244.46810351093589,451.32210025411109,0.48353872974543483,0.26191891814825136,0.99979389070624591,0.7380810818517487,0.27975210432835962,0.20643717842045597,0.31913064578672057,0
1029,1691509935.9701846,131054,0,1.3775024426676552e-08,12,8,200,22.058470311136549,111646.39351293133,438.36062394432253,3,17,17,12,USED,,8,0.24634548496217318,7,g1,32:15;319:37;67:17;330:38;367:10;344:28;302:32;323:19;354:31;335:22;371:31;306:19;28:33;10:24;11:13;20:26;112:20,32.224376902860755,15.792602171047312,21.004957327421309,24.264217685492181,801,111.94105418103513,251.5979163313319,437.46102948763274,0.44492043421225635,0.25588806004535714,0.99995267041191016,0.74411193995464286,0.31924412173095057,0.23754211943752593,0.31913064578672057,0
1030,1691509936.0697708,131039,0,-6.5243530272818262e-08,17,13,325,22.383779136157042,148484.90113258222,87.57248743795509,3,15,15,17,USED,,13,0.18181115526888764,13,g1,66:18;313:39;360:31;301:15;341:30;323:35;350:22;327:16;317:20;11:54;26:36;366:40;21:27;14:18;111:18,32.856052017211915,14.85800694229863,25.677180904741128,25.089775342293123,768,100.76773468640596,231.29938461749157,435.93288069610264,0.43565932893876619,0.23115424219778716,0.99920280306917009,0.76884575780221287,0.29943061354456946,0.23003242952552364,0.31913064578672057,0
1031,1691509936.1701958,130967,0,-6.9819335937748583e-08,15,9,225,23.280570735215328,76835.862627206065,574.03623058701316,3,13,13,15,USED,,11,0.07117395104679905,9,g1,359:30;307:35;323:20;69:14;328:36;355:11;318:35;373:47;348:26;337:28;17:25;25:32;12:16,33.345272210928108,17.466944751125791,24.16601230392596,23.864646351576443,742,127.66524705092417,181.03348018758456,433.30127276149113,0.70520241293841934,0.29463390734417938,0.99954625153086529,0.70536609265582062,0.12316657367871779,0.086838104277672412,0.31913064578672057,0
1032,1691509936.2704723,130795,0,5.8217773449276145e-08,13,9,225,25.289980884498018,79168.978081073015,255.42221843592199,3,12,12,13,USED,,10,0.23348872344652263,9,g1,77:14;351:32;365:17;15:36;313:35;331:26;368:47;317:20;22:28;107:13;298:41;12:19,33.285945256551109,17.299232405730784,23.260897196548843,25.023158440085442,727,128.21529550398054,166.02137260097129,432.76333189504794,0.77228186645669517,0.29627116267575743,0.98676141561296971,0.70372883732424252,0.087359705202933707,0.060663668120323436,0.31913064578672057,0
1033,1691509936.3709631,130639,0,-7.2647705073869417e-08,12,7,175,22.748400841461301,56215.463321433141,354.6865624072455,3,16,16,12,USED,,7,0.15657602492404238,7,g1,14:32;316:36;332:29;79:10;343:11;373:14;343:27;304:37;366:44;323:23;312:20;17:21;107:13;24:29;170:10;10:13,30.630756378173828,14.480184489120633,20.690389891323008,23.199439762794295,777,126.81632637329065,187.11713286286516,463.06654076384427,0.67773765252288309,0.27386199435636771,0.99852458563242663,0.72613800564363229,0.13022060801479254,0.0944186201701573,0.31913064578672057,0
1034,1691509936.4706531,130637,0,9.3758544927879939e-08,16,11,275,24.038346519249654,107910.50046018569,1105.5182605618281,3,14,14,16,USED,,12,0.059470076090859005,11,g1,359:31;372:15;373:54;10:34;361:41;309:19;342:27;305:34;324:26;10:14;17:22;23:31;108:12;171:10,31.646026066371373,17.115334793644276,22.17277814098793,21.543243038662514,747,128.85591196126666,161.85013037111042,456.29395766762286,0.79614339306251747,0.28239670895473235,0.99101135987935407,0.71760329104526765,0.072309128480455731,0.051422854608889144,0.31913064578672057,0
1035,1691509936.5702708,130738,0,2.103820800902767e-08,14,8,200,24.999253229849227,56415.428133074012,471.93619526215662,3,15,15,14,USED,,8,0.20353626166210481,3,g1,337:34;367:16;373:53;355:40;355:16;302:14;321:26;308:31;362:48;15:22;333:24;326:16;22:30;169:10;107:10,32.269660949707031,16.688831920039949,19.379855723606898,26.881661425336446,726,125.2342285579104,156.82149455001624,443.9442768920735,0.79857821096054227,0.28209447688939543,0.99432136864998455,0.71790552311060463,0.07115142065404971,0.050789933387474985,0.31913064578672057,0
1036,1691509936.6699712,130720,0,-9.7358398426505843e-08,15,8,200,23.345494218286955,45049.413216217195,351.37767030531109,3,15,15,15,USED,,10,0.0055607915240533587,8,g1,364:29;361:16;301:16;351:30;365:55;321:22;26:37;347:45;310:23;11:21;359:46;20:28;107:10;328:30;171:10,30.600775655110677,18.266073414120978,16.634271230571795,24.765927202349591,740,139.95011170986876,160.11873996276043,439.93114832737109,0.87403955178773962,0.31811821518426803,0.97247282474779262,0.68188178481573192,0.045844965353267847,0.030400323991508375,0.31913064578672057,0
1037,1691509936.7695405,130920,0,6.5854492192762848e-08,15,8,200,18.901153571787003,59521.709667636052,437.39953745583665,3,15,15,15,USED,,8,0.32303641772696545,7,g1,340:31;298:33;364:56;329:29;352:18;309:26;353:34;13:22;355:47;371:31;25:34;320:24;170:13;313:16;109:14,30.549278640747069,23.140090127215771,18.661364620537629,20.684313045367698,740,139.75855613813448,162.66641983656751,437.57502402529809,0.85917275537600946,0.31939335762923809,0.96272255932356432,0.68060664237076196,0.052351853832289637,0.034302786244567708,0.31913064578672057,0
1038,1691509936.8692472,130880,0,8.067871094807888e-08,15,8,200,22.582665974318004,38734.696503907471,285.28486363395444,3,16,16,15,USED,,10,-0.039722131644020234,7,g1,321:26;365:54;303:25;334:36;345:43;314:11;373:18;323:36;346:18;170:13;358:33;19:31;107:12;364:42;11:21;368:29,31.017244338989258,17.184706460843696,16.94546229253033,20.505283492836625,715,119.20771393224381,156.71051192242243,439.08177414533395,0.76068741317912414,0.27149319546291761,0.71036117921338005,0.72850680453708239,0.085411875870223156,0.044200897961555491,0.31913064578672057,0
1039,1691509936.9694667,131014,0,-6.7836914058316822e-08,16,9,225,25.595879711096543,55355.381506890633,295.85336768430648,3,12,12,16,USED,,9,-0.15849086060835635,6,g1,332:27;343:14;355:54;343:32;345:45;309:23;371:18;19:32;364:28;10:20;300:18;107:11,31.461746056874592,16.178659680297624,18.052975040140865,20.886357998919099,730,119.09581104988381,157.69345934368326,453.21072960643244,0.75523621300184529,0.26278241725059431,0.99310641451371906,0.73721758274940563,0.085164904033312699,0.062352250475845666,0.31913064578672057,0
1040,1691509937.0697694,130913,0,3.0869140632550085e-08,12,7,175,25.324320480381274,37145.010879179608,216.11836954363727,3,11,11,12,USED,,7,-0.046281773785102009,4,g1,311:23;334:10;347:47;366:16;21:35;335:39;171:10;299:18;359:28;15:26;108:11,29.422490900213067,15.410339456465222,13.150865108728773,20.008741252978403,729,124.16969814878112,169.2588926398972,435.5714092113214,0.73360812074409265,0.28507311435709748,0.9529369093042952,0.71492688564290252,0.10351734190441468,0.070524317133449171,0.31913064578672057,0
1041,1691509937.1697559,130799,0,-4.1209716791779094e-08,11,5,125,23.320861411540857,33145.515377191972,136.49720751988664,3,12,12,11,USED,,5,0.12758844553389501,2,g1,306:19;364:32;366:10;358:43;334:43;322:24;169:13;360:20;16:32;353:29;112:14;331:17,30.670422395070393,16.744667057972453,16.932665996311268,20.004068717617276,680,105.73600977375008,150.05649007121363,424.20750015503711,0.7046413635529527,0.24925539915043049,0.99959079654237892,0.75074460084956951,0.10447830432339252,0.078404426380340245,0.31913064578672057,0
1042,1691509937.2705095,130731,0,-5.6676025386726003e-08,12,4,100,24.172102346469874,36605.797626179548,354.2686747577028,3,12,12,12,USED,,3,0.32939348586569467,3,g1,352:19;304:24;362:13;322:29;314:15;350:29;360:32;333:45;174:10;114:16;328:17;15:31,31.162602106730144,20.640512114279776,16.42331407622255,21.124891348586168,659,90.787972755329136,150.04757889057987,418.16444835409101,0.6050612307549128,0.21711069200806901,0.97926100807088423,0.78288930799193102,0.14171364009661389,0.1086451834879323,0.31913064578672057,0
1043,1691509937.370482,130768,0,-8.2846679683168389e-08,12,6,150,25.038752854368514,27092.36218883489,140.15152676154204,3,11,11,12,USED,,6,0.24980666865184495,3,g1,354:20;357:32;331:49;324:39;300:26;345:28;177:10;360:42;325:18;21:37;13:30,29.159247311678801,15.810718325158149,14.156366642265867,19.962128043482274,674,99.075973268442979,156.07684381599205,418.84718291556493,0.63478970259835166,0.23654444224450144,0.977948025095425,0.76345555775549856,0.13608989835092153,0.10160742016762152,0.31913064578672057,0
1044,1691509937.470536,130909,0,-9.3620605462474416e-08,11,5,125,25.475428648747489,31722.994864945453,186.94635957319704,3,12,12,11,USED,,4,0.075974770393236774,3,g1,302:23;316:30;358:12;355:31;326:43;351:20;173:10;343:40;324:15;18:34;10:27;343:29,29.943504174550373,19.449811534210067,15.483745781946441,20.353029000053819,665,114.20508246572972,153.52827311642221,397.26664441784737,0.74387003870698609,0.28747714934155949,0.99947568373428419,0.71252285065844045,0.098984375364099625,0.070491649997530076,0.31913064578672057,0
1045,1691509937.5707953,130997,0,3.8696289061945777e-08,12,8,200,26.452578436353878,26063.52261505547,67.190704609966815,3,11,11,12,USED,,7,0.040103161237049711,4,g1,336:46;350:33;359:17;348:20;326:50;317:39;331:31;174:11;13:31;321:16;341:28,29.074470693414863,20.469737076369107,15.78307522982807,19.35146242432803,671,119.76251894915826,152.83604227096598,398.40143877987612,0.7836012838963009,0.30060764668907031,0.98864671617655953,0.69939235331092964,0.083015571989641893,0.057401279416503796,0.31913064578672057,0
1046,1691509937.6700346,131159,0,1.8841552762438596e-09,11,8,200,25.293655035032064,16978.13399752403,56.112646439610486,3,10,10,11,USED,,6,0.057043117755585106,4,g1,335:47;505:10;368:20;335:27;342:17;306:38;324:47;313:22;18:35;178:12,29.826598167419434,20.088595216529271,14.013001049524572,22.912215615676772,664,113.0105316766799,160.17865239806142,390.81081592525857,0.70552804624574073,0.28916940645341005,0.99966049115749089,0.71083059354658995,0.12069297675323878,0.085763133071418002,0.31913064578672057,0
1047,1691509937.7700861,131357,0,-1.8511352534167358e-08,10,6,150,26.080665664124819,31637.224690637275,128.19116522392781,3,9,9,10,USED,,6,-0.1020956833696743,3,g1,330:41;503:11;336:20;315:44;305:42;329:29;12:32;176:17;309:22,28.979701995849609,20.656682412337108,14.721231910802203,19.942748254091825,673,105.21086484552214,172.66414053438749,395.12499462008981,0.60933824776759904,0.26627236008362803,0.99867129523827569,0.73372763991637191,0.17071376553569143,0.12509097817290657,0.31913064578672057,0
1048,1691509937.8699884,131486,0,-2.8992309566988617e-08,9,6,150,27.108839791046755,19784.466386533575,157.92297893433314,3,6,6,9,USED,,6,-0.018646887990726679,6,g1,508:13;328:28;13:34;171:18;308:19;181:13,28.263627688090008,16.504488758396935,13.888848171301907,16.709427272799825,707,123.13215976540805,179.65561665865658,404.21222357593473,0.68537884901955282,0.30462255365782281,0.96628463386960173,0.69537744634217713,0.13983609004498629,0.093960419326999611,0.31913064578672057,0
1049,1691509937.9699266,131779,0,-2.2033691399192534e-08,6,2,50,30.036689663857938,18063.245339833684,130.95042585596278,3,8,8,6,USED,,2,0.14390588667353554,2,g1,328:19;323:28;178:29;333:31;303:21;307:41;173:16;12:33,28.93353271484375,18.63341762903676,14.749863241123126,20.91393916844293,677,103.17353182934571,169.61642802551262,404.2100401451421,0.60827558409511495,0.25524732585142756,0.99361356236173337,0.74475267414857238,0.16437715444254888,0.12163849556658081,0.31913064578672057,0
1050,1691509938.0699627,131841,0,-9.2086181638362241e-08,8,5,125,27.612599909511566,19660.842225078406,144.94959336406788,3,9,9,8,USED,,5,-0.093575806759541691,5,g1,317:42;320:28;315:10;327:19;332:39;14:30;173:18;299:22;303:43,29.555597729153103,20.102291136939456,18.190797952909051,18.444963225330689,708,114.55025137364134,184.10644349033117,409.3433051360276,0.62219577545452531,0.27983907379546735,0.999143628435606,0.72016092620453265,0.16992141130432273,0.12226596610691422,0.31913064578672057,0
1051,1691509938.1702538,132245,0,6.0833129894577453e-08,9,7,175,26.786015368297253,22556.386040727764,94.272844964485543,3,6,6,9,USED,,7,-0.01089061156476827,7,g1,313:44;318:28;303:43;298:22;176:20;67:13,28.218634287516277,18.45866075271341,16.414909340602655,19.457609724491576,742,117.82522094272822,200.07995143623046,424.09482762104142,0.58889069143082795,0.27782753589254655,0.99755194500682309,0.72217246410745339,0.19395362814234232,0.13972507546587512,0.31913064578672057,0
1052,1691509938.2703342,132547,0,8.2757568367619605e-08,6,4,100,27.518727625496492,18379.884244265053,185.33075595758274,3,3,3,6,USED,,5,-0.066457477933148379,4,g1,314:26;300:42;177:19,29.410112380981445,21.958272529289335,15.057338592000184,19.555757989666674,747,123.88980750902985,196.29603080201088,426.81416168895953,0.63113760885969328,0.29026639373628482,0.99555139381522539,0.70973360626371518,0.16964344155418865,0.11986603202148527,0.31913064578672057,0
1053,1691509938.3705258,132841,0,-8.5133056632047399e-08,3,2,50,31.619104603612662,827.69036805405506,66.319944987378221,3,2,2,3,USED,,2,0.14319117896280581,2,g1,313:23;175:19,31.165972709655762,23.137917766263918,12.676172695874687,19.005953992571847,748,145.36962536150702,190.53977402691004,412.09060061158283,0.76293585475217573,0.35276132274253347,0.99114408451091118,0.64723867725746653,0.10961217896832903,0.070316956661684721,0.31913064578672057,0
1054,1691509938.4705601,133020,0,-2.6506958003547076e-08,2,1,25,33.489031262174656,69.670800602042945,27.389265661406764,3,4,4,2,USED,,2,0.10252586026482831,1,g1,314:41;309:24;178:18;107:75,30.094504833221436,23.468539282446976,14.065326749057668,20.12733200419418,757,164.02427895786178,177.24024432965064,415.73547671248684,0.92543473734323922,0.39454000956309349,0.94751728649737954,0.60545999043690646,0.031789361534158206,0.018237041954056805,0.31913064578672057,0
1055,1691509938.5702708,132282,0,6.183715821339586e-08,4,2,50,30.132352467224329,428.38798346765429,28.424303654580253,3,5,5,4,USED,,2,-0.12454803502222549,2,g1,303:39;305:27;311:15;84:60;175:20,27.764004516601563,17.065346511930805,20.450419431913637,19.158801457397725,743,138.096954436056,174.21362882562579,430.68941673831796,0.79268743419770127,0.32064162496001647,0.6427347923964376,0.67935837503998353,0.083857817224967657,0.036616286468378535,0.31913064578672057,0
1056,1691509938.6700227,130056,0,1.1832031250602615e-07,5,3,75,26.970078795219333,6783.8497059058536,60.762053085886492,3,4,4,5,USED,,3,-0.022871449700586445,3,g1,304:20;177:19;112:71;106:80,27.057959079742432,15.984682846142164,17.608246842805077,18.331358060138378,727,97.393949307426496,183.8544098224865,445.75164087008721,0.52973409450152131,0.21849375387002026,0.99685229207871995,0.78150624612997976,0.19396554625417209,0.15110813972637244,0.31913064578672057,0
1057,1691509938.7700768,124920,0,1.3775024426676552e-08,4,1,25,31.711165988587506,351.63208501993938,38.852956899063429,3,3,3,4,USED,,2,-0.058437242904897213,1,g1,299:22;180:15;106:80,28.12013880411784,14.126727209726146,21.473749165564985,20.82248054696645,728,83.525043878509521,167.88778135041315,476.58717477107751,0.49750519785699687,0.17525659165845092,0.9948874374920762,0.82474340834154902,0.17701428392911786,0.14524497387952465,0.31913064578672057,0
1058,1691509938.8705728,120457,0,6.7075805673666444e-08,3,1,25,28.850798147508595,772.25540800505371,35.990760270199004,3,4,4,3,USED,,1,0.18161353272619715,1,g1,298:21;359:23;178:18;109:76,30.695700645446777,14.165804901429349,24.688287985949778,21.998333443548212,726,83.140756926159881,176.15206218873479,466.70718088510534,0.47198287600562006,0.17814329912062699,0.99712741210703715,0.82185670087937301,0.19929263802236755,0.16331948885236305,0.31913064578672057,0
1059,1691509938.9704401,116276,0,9.8049316415993459e-08,4,1,25,33.437509005615311,180.10447842660915,29.343748561230711,3,3,3,4,USED,,1,0.19216997961072088,1,g1,370:18;112:81;181:16,28.262794494628906,15.546303226454468,15.880977943204982,18.979642711680981,727,91.746390760609842,168.76155007597859,466.4920591634118,0.54364510588640869,0.19667299573146893,0.998945758887824,0.8033270042685311,0.16509425573821054,0.13248485550042183,0.31913064578672057,0
1060,1691509939.070847,113892,0,-8.530456542532594e-08,3,1,25,26.984444627141549,10766.824589838243,48.842000484178023,3,3,3,3,USED,,1,-0.54848772104057253,1,g1,367:18;112:83;178:21,31.80388069152832,16.025438723307804,17.087649343306545,21.413431372812386,751,96.366556532239116,201.3213824949477,453.31206097281307,0.47867025021377202,0.21258326179417186,0.99838916002013289,0.78741673820582814,0.23152886278268062,0.18201603017625204,0.31913064578672057,0
1061,1691509939.1708586,111106,0,7.07006835992674e-08,3,0,0,0,0,0,3,3,3,3,USED,,0,0,0,g1,352:70;181:19;367:17,28.604218165079754,17.235242925891583,7.7779394998093432,21.159723703777566,750,79.401455044098043,190.35426982771617,480.24427512818619,0.41712463353704582,0.16533555766574065,0.99483025113317192,0.83466444233425929,0.23103412269516954,0.19183905365673834,0.31913064578672057,0
1062,1691509939.2705982,109845,0,9.7532348641848898e-08,3,0,0,0,0,0,3,2,2,3,USED,,0,0,0,g1,363:18;179:22,28.111119270324707,14.845258336842701,9.3861949171962813,19.682013785676148,751,70.726810866565472,197.58817039664197,482.68501873679293,0.35795063401107075,0.14652787660918196,0.99827303424688874,0.85347212339081802,0.26282431524822963,0.22392584515365804,0.31913064578672057,0
1063,1691509939.3705306,109470,0,-8.5912475578098224e-08,2,0,0,0,0,0,3,2,2,2,USED,,0,0,0,g1,358:20;173:26,32.305825233459473,19.557036471843787,11.318267381578439,23.18850565081506,770,75.114664224388463,209.7538132129516,485.13152256265977,0.35810869453957744,0.15483360847714575,0.99832487092750843,0.84516639152285422,0.2775312316902126,0.23416715123063989,0.31913064578672057,0
1064,1691509939.4704027,109359,0,1.1766235352705934e-07,2,0,0,0,0,0,3,2,2,2,USED,,0,0,0,g1,353:21;181:22,33.893520355224609,21.778796816816424,13.808238340159001,20.740591653326074,763,71.471488378888324,211.5747511490263,479.95376047208504,0.33780726665511313,0.14891327928879772,0.99982212711140217,0.85108672071120228,0.29190991780610631,0.24839646383178102,0.31913064578672057,0
1065,1691509939.5703545,109059,0,-5.5364990231288047e-09,2,0,0,0,0,0,3,2,2,2,USED,,0,0,0,g1,352:17;180:23,31.086721420288086,16.663214581400972,9.8977393596811076,21.73222431026705,767,74.166499496550045,229.12488832081073,463.70861218263968,0.32369464548393073,0.1599420358993425,0.99984968530877905,0.84005796410065747,0.33417190182188727,0.28068157059770865,0.31913064578672057,0
1066,1691509939.6705234,109298,0,1.1142761231763831e-07,2,0,0,0,0,0,3,2,2,2,USED,,0,0,0,g1,349:18;181:23,32.282915115356445,20.875147962634891,12.146028206656954,20.990571799571512,790,70.329071527696229,228.73174355587679,490.93918491642728,0.30747403239426435,0.14325414162992178,0.99976567347596268,0.85674585837007822,0.32265233025786177,0.27636627251534784,0.31913064578672057,0
1067,1691509939.7707007,108917,0,-3.3828124995638476e-08,2,0,0,0,0,0,3,2,2,2,USED,,0,0,0,g1,349:14;177:24,34.000865936279297,21.061780129340292,11.4137298980763,21.468179438091838,807,80.969009239860824,255.44350133205441,470.58748942808495,0.31697423820779896,0.17205941734291363,0.9989558739474157,0.82794058265708637,0.37075888333588336,0.30664581435626953,0.31913064578672057,0
1068,1691509939.870682,108068,0,-4.637145994967895e-08,2,0,0,0,0,0,1,2,2,2,USED,,1,-0.26751585566538583,0,g1,346:14;177:23,30.889835357666016,16.886435838085369,13.113042179597006,19.061318705812596,857,86.086012654043657,326.72147567555209,444.19251167040477,0.26348440204625734,0.1938033856768849,0.9783632862824776,0.80619661432311507,0.54173687466406983,0.42729667664404819,0.31913064578672057,1
1069,1691509939.9704583,107448,0,1.1441101074871618e-07,2,0,0,0,0,0,1,1,1,2,USED,,1,-0.33340840508516933,0,g1,176:30,24.469926834106445,13.203936352452683,17.474265095997335,15.789107831749803,848,76.429216630638365,304.85317203423455,466.71761133512746,0.25070828727363703,0.1637590156754514,0.99846933196708199,0.83624098432454863,0.48942647514446574,0.40865200784749295,0.31913064578672057,1
1070,1691509940.0706425,107613,0,2.3645019539553225e-08,1,0,0,0,0,0,1,4,4,1,USED,,0,0,0,g1,340:16;315:65;18:32;370:33,27.940526008605957,19.049554052923895,6.7421932003902381,21.483769475056938,798,62.549441513751205,252.08837094242327,483.36218754382548,0.24812505741503418,0.12940491235276855,0.99311877443923646,0.87059508764723148,0.39212609987513136,0.33903392247660574,0.31913064578672057,1
1071,1691509940.1706207,108748,0,-3.2697143548254815e-08,4,0,0,0,0,0,1,2,2,4,USED,,2,-0.20355158627877884,0,g1,311:65;365:33,28.591593742370605,12.514442787835836,9.046545382267718,22.503372325100372,818,63.207566979861511,265.36787037490387,489.42456264523452,0.23818846980444064,0.12914669962258984,0.9991448777525862,0.87085330037741016,0.41305712631668795,0.35940456382516384,0.31913064578672057,1
1072,1691509940.2702942,110607,0,8.6216430675301048e-08,2,1,25,29.778266375789222,114.62910998596003,25.208144904520072,1,2,2,2,USED,,1,0.25356146267534463,1,g1,309:62;14:32,30.284379005432129,11.888458364681664,10.42795762357154,21.681179408231557,797,62.891374548194435,251.05944544456256,483.04918000724257,0.2505039172568464,0.13019662831691686,0.99998022517152785,0.86980337168308308,0.38954226336446085,0.33881847387776798,0.31913064578672057,1
1073,1691509940.3703225,111970,0,8.3782959042766336e-09,2,0,0,0,0,0,1,3,3,2,USED,,1,-0.044370264836141732,0,g1,373:21;303:62;11:30,27.070960998535156,16.701010763224698,8.1613710748039221,18.443576655376642,826,52.817907090588015,283.10982820757749,490.07226470183429,0.18656331157765979,0.10777575246524725,0.99997777035672797,0.89222424753475271,0.46991421001370437,0.41925953223834045,0.31913064578672057,1
1074,1691509940.4705684,113212,0,-1.1660644530508968e-07,3,0,0,0,0,0,1,6,6,3,USED,,0,0,0,g1,370:21;361:51;337:14;303:65;10:29;356:33,28.410052617390949,13.184848590325865,13.571316588859389,22.184655021385353,795,54.910309631963933,267.62676948563046,472.46292088240557,0.20517495218247292,0.11622141591431029,0.99986527669373004,0.88377858408568977,0.45022889723574927,0.39784905055190517,0.31913064578672057,1
1075,1691509940.5698857,116332,0,3.6946411138827351e-08,6,3,75,22.194190999152926,10623.54408199058,166.84503881886585,1,2,2,6,USED,,3,0.10350763165233175,1,g1,364:23;12:35,32.950796127319336,19.231727043106652,16.992081426482926,19.753121099403714,796,65.373725339991154,275.03919804233959,455.58707661766869,0.23768875783999163,0.14349337085093211,0.99973465463653344,0.85650662914906794,0.46020943846548334,0.39406784301466474,0.31913064578672057,1
1076,1691509940.6696391,121359,0,2.9567260750873459e-08,2,0,0,0,0,0,1,1,1,2,USED,,0,0,0,g1,361:24,31.714210510253906,31.467052661792845,18.048579880349521,6.5571411213273594,824,68.367422237777674,260.96614084499913,494.66643691722311,0.26197813255162672,0.13820913879632832,0.99963998042676872,0.86179086120367165,0.38935069014890672,0.33541806601412383,0.31913064578672057,1
1077,1691509940.7699142,122268,0,4.0264892670061059e-09,1,0,0,0,0,0,1,2,2,1,USED,,0,0,0,g1,19:37;360:27,28.78947925567627,27.453413382308277,17.630799393087234,12.91131924089796,759,54.315045433519664,243.640031734502,461.0449228319784,0.22293153159948501,0.11780857513816295,0.9996380783247486,0.88219142486183699,0.41064325172056887,0.36213484344382152,0.31913064578672057,1
1078,1691509940.8699851,122774,0,1.0382690429633357e-08,2,2,50,32.266205528518697,5250.4496308553707,292.81701881507092,1,4,4,2,USED,,1,0.3780982173579005,0,g1,353:34;15:34;367:25;355:24,31.614189624786377,28.579294692788078,15.830817176506361,14.881796111248129,794,51.957155941715683,261.65303647298487,480.38980758529925,0.19857272303079179,0.10815624128846663,0.99976653393153747,0.89184375871153332,0.43651192681483991,0.38920954909035899,0.31913064578672057,1
1079,1691509940.9703138,125353,0,-4.3435668936608884e-08,4,3,75,32.93965544164017,14805.109722562778,288.64823110568972,1,3,3,4,USED,,3,0.16365685398732446,0,g1,13:34;353:24;367:24,33.227109273274742,30.165744960603906,15.346830202132461,14.933286940112227,812,51.851290333021872,258.95860379698775,501.19010586998996,0.20023003512048212,0.10345633268840354,0.99988579853246895,0.89654366731159651,0.41323104953251028,0.37043737127168241,0.31913064578672057,1
1080,1691509941.0710669,127929,0,3.6528320312978479e-08,3,2,50,32.854863467475326,8242.5839442517008,307.06241644515546,1,3,3,3,USED,,2,0.38151097623265989,0,g1,352:32;13:32;359:21,33.1297918955485,30.437603336853957,20.554462070642206,16.465466390380552,853,56.700313597916214,295.51636166565822,500.78332473642593,0.19186861017890408,0.11322324605708252,0.99965441418428458,0.88677675394291744,0.47688498452586559,0.42274437361714301,0.31913064578672057,1
1081,1691509941.171253,129088,0,-9.4657592764058052e-08,3,3,75,29.249793303929017,10346.711761131835,39.076746213277097,1,4,4,3,USED,,3,0.39896510090182863,1,g1,13:32;348:25;373:25;364:20,31.87537145614624,23.39888436804841,17.54167709408172,21.940522080791197,837,59.861658313154976,271.27897779667347,505.85936389017189,0.22066456752141678,0.11833656266201224,0.99976224678515246,0.8816634373379878,0.41793694962503397,0.3683921203571186,0.31913064578672057,1
1082,1691509941.2712302,129129,0,-1.0984680175185613e-07,4,2,50,35.924699612669116,8628.4166989861915,388.00187119782714,1,3,3,4,USED,,3,0.0075561550195036332,0,g1,11:32;346:23;371:25,35.581624348958336,28.007523698866063,19.038936242033333,21.946368682142804,846,63.531946679815015,271.39223893541839,511.07581438476632,0.23409640205272539,0.12431021952446497,0.99973317773845627,0.87568978047553503,0.4067112674972222,0.35605787102918857,0.31913064578672057,1
1083,1691509941.3708296,129342,0,2.317260743012195e-08,3,2,50,32.112434992415871,9897.3379801810061,226.88801135034797,1,4,4,3,USED,,2,0.10671345720262122,0,g1,10:31;372:30;357:24;343:25,29.644630908966064,23.87212792551076,16.285687953742872,15.057949701850319,845,55.488706616683011,269.24093308444259,520.27036029887438,0.2060931299747055,0.10665359945703419,0.99978604718948749,0.89334640054296577,0.41084836419466125,0.36695138024205243,0.31913064578672057,1
1084,1691509941.4708152,129779,0,-2.0261230457285784e-08,4,3,75,31.143123222735046,22405.056410890116,336.97426706851655,1,4,4,4,USED,,2,-0.030310594745040213,0,g1,341:24;368:30;351:25;13:29,28.418241500854492,15.901509539714777,12.211505145748365,18.604649767781897,813,62.859570773581467,265.14660661106484,484.99382261535334,0.2370747699810776,0.12960901323362864,0.99986336041914303,0.87039098676637139,0.41709198427856348,0.36298349907742661,0.31913064578672057,1
1085,1691509941.570425,130313,0,1.1412902832519389e-07,4,2,50,25.646834506773676,9750.0019435655013,256.61814519516065,1,2,2,4,USED,,1,0.22874858441732504,0,g1,339:24;366:30,29.474329948425293,21.239097797173983,12.195631239880534,15.901934224920382,847,51.138610011939143,281.52082820808977,514.34056177997093,0.18165124881679937,0.099425582604188351,0.99923896513798482,0.90057441739581168,0.44791765479057344,0.40307619234082409,0.31913064578672057,1
1086,1691509941.6701949,130453,0,-2.6846923822931856e-08,2,1,25,29.121725791682646,4494.6560446671911,192.50517777255448,1,4,4,2,USED,,0,0,0,g1,371:27;202:12;334:24;361:24,35.492055416107178,26.442873727048827,21.281573513462263,21.328802334207047,854,68.06087676603191,284.18571960413885,501.75340362982939,0.23949435904393232,0.13564606891285605,0.99761126881163575,0.86435393108714398,0.43073916644032156,0.37142174066916867,0.31913064578672057,1
1087,1691509941.7701998,130397,0,5.4980468761067769e-08,4,1,25,30.948437472174671,3041.8004290493132,171.25074634959509,1,3,3,4,USED,,1,-0.37004103610332473,0,g1,335:24;368:29;202:17,35.190186818440758,23.655150445971589,19.318257065933217,23.635487731242232,847,71.470409411709298,266.15157435569131,509.37801623259918,0.26853273208970219,0.14030917537492135,0.99857811540878605,0.85969082462507862,0.38219388889975975,0.32810139291453083,0.31913064578672057,1
1088,1691509941.8702824,130288,0,-5.6407470694352924e-08,3,1,25,30.744345401871531,5801.8581621273997,222.17699453322678,3,5,5,3,USED,,1,-0.11747805801298107,0,g1,367:26;202:20;330:25;357:29;207:11,35.904668807983398,24.036978323394408,28.033518226259581,24.505785337589387,853,75.780259575980224,264.51241067801595,512.70732974600435,0.28649037442793396,0.14780412757805086,0.99986932229235215,0.85219587242194916,0.36810893886680696,0.31365992458702552,0.31913064578672057,0
1089,1691509941.9707139,130031,0,-8.2047729485501542e-08,5,2,50,26.479442038425784,15008.87899813349,307.24866688739382,3,6,6,5,USED,,3,-0.10691516051105697,0,g1,365:26;202:22;10:25;331:25;212:13;343:23,35.145977973937988,26.053415727642417,25.136270408885192,20.389462067759101,840,81.68077527471938,245.13862433229914,513.18060039298177,0.33320238904496957,0.15916575024887952,0.99677842800207472,0.84083424975112053,0.31851915082605919,0.26695900396874578,0.31913064578672057,0
1090,1691509942.0710039,129836,0,4.4549560568318824e-09,6,3,75,27.883649395084234,18381.775885609954,346.24155876443012,3,6,6,6,USED,,3,0.22100663204541529,0,g1,373:23;211:19;343:22;218:11;330:20;361:26,34.76689942677816,25.364691791344757,23.535450186267671,19.406271359305403,846,86.656143169523872,237.79967074006817,521.54418609040795,0.36440817138155401,0.16615302304319488,0.99647181783413918,0.8338469769568051,0.28980004302903695,0.24079630849831604,0.31913064578672057,0
1091,1691509942.1709082,129702,0,-5.2456665039501971e-08,6,3,75,27.926181909435169,33591.817279057737,384.27802719736309,3,6,6,6,USED,,4,-0.077338818844315885,0,g1,367:25;210:21;14:28;359:17;217:13;329:20,33.415461540222168,17.480059937556177,26.374967254870963,24.961399748499684,836,81.896493342234379,239.39112933125489,514.71237732651105,0.34210329167590414,0.15911117927184179,0.99662180010579504,0.84088882072815818,0.30598571731861191,0.25643075826766687,0.31913064578672057,0
1092,1691509942.2707932,129537,0,5.5992431649554142e-08,6,5,125,28.302349962162339,11760.80671487857,275.33624393932132,3,7,6,5,USED,,5,0.18984850946275555,1,g1,212:24;12:25;355:25;323:20;22:30;220:16,32.871166547139488,18.101238567978388,24.862636057494374,21.403610237663745,848,83.738600114643887,239.24364978745535,525.01775009790128,0.35001388830607399,0.15949670291914694,0.99778250399869939,0.84050329708085303,0.29619008051406659,0.24839669640093445,0.31913064578672057,0
1093,1691509942.3701942,129314,0,-5.3211059558577745e-08,7,6,150,20.918087298381309,41952.708214305021,307.49280581822302,3,7,7,7,USED,,7,0.19668730145723901,1,g1,325:30;222:16;16:26;353:23;209:27;364:21;333:20,31.074071339198522,21.058011978627494,15.871084463729035,20.02830691162098,844,88.518920171137097,220.70788841599446,534.77319141286875,0.40106822101571166,0.16552609890048983,0.99811541357814637,0.83447390109951014,0.24718697639949866,0.20588234481955633,0.31913064578672057,0
1094,1691509942.4704804,129300,0,3.957275390709114e-08,7,4,100,24.391979412725846,25716.511454050196,404.44762776597054,3,7,7,7,USED,,6,0.10280674344800637,1,g1,323:31;217:19;15:24;354:22;210:27;27:32;230:11,30.120600836617605,18.633078826501077,22.647700724983615,20.368843299507542,843,93.986135496659827,224.28968140653632,524.72418309680415,0.41903905211896592,0.17911531148035675,0.9998570507110911,0.82088468851964325,0.24832769311460789,0.20381926102921641,0.31913064578672057,0
1095,1691509942.5702269,129205,0,-2.0029296873835811e-08,7,6,150,23.4507316230873,16404.561440361045,432.57051344150761,3,9,9,7,USED,,7,0.18552010225734253,2,g1,355:20;214:23;29:34;346:26;223:18;340:17;230:10;205:33;15:27,29.675816429985893,18.142706330783824,18.732776606620416,21.479118001559907,835,91.708521980240263,213.23918219539115,530.05229582436846,0.43007350260895161,0.17301787522231138,0.99914385191468935,0.82698212477768862,0.22928050906022257,0.18944854755868137,0.31913064578672057,0
1096,1691509942.671073,129131,0,-7.6634521478657902e-08,9,8,200,19.471278086357437,43794.772333655455,160.21215297630593,3,8,7,8,USED,,8,0.18814969212201021,2,g1,345:21;221:21;329:21;229:14;26:32;214:29;13:23,30.647874559674943,17.683033659075388,20.900138737600795,22.063388715439064,834,89.711668173093599,206.5907944911911,537.69753733571531,0.43424813963295372,0.16684411205900962,0.99963992688094128,0.83315588794099038,0.21736965152794291,0.18103759477830944,0.31913064578672057,0
1097,1691509942.7708414,129153,0,1.3097534182215931e-08,8,7,175,24.102470400127977,45136.239708071131,283.24671566255131,3,7,7,8,USED,,7,0.18943663265594363,2,g1,351:20;225:23;14:23;341:24;232:15;211:34;242:10,31.358452933175222,19.580673468610581,20.068073721188025,21.756997406270887,826,90.470639561881413,207.22808413241867,528.30127630570064,0.43657518690406222,0.17124819420184539,0.9997909353255553,0.82875180579815466,0.22100541832303991,0.1831203475250516,0.31913064578672057,0
1098,1691509942.8713472,128773,0,3.6276855477912484e-08,7,6,150,23.39484882214985,64300.797592430754,294.63902976047598,3,6,6,7,USED,,6,-0.013067317826995958,2,g1,351:25;221:27;342:20;239:13;230:20;25:29,31.103070259094238,19.394360758876122,21.185038159205686,23.001380752192571,859,100.69562644400708,222.43012853966096,535.87424501633222,0.45270677630369793,0.18790906146448241,0.99969851292650047,0.81209093853551761,0.227169906424489,0.18442700338931534,0.31913064578672057,0
1099,1691509942.9713235,128812,0,-3.9053344724759853e-08,6,6,150,20.714771937150108,32820.672396538044,400.69548196667699,3,6,5,5,USED,,6,0.46076605830941941,1,g1,345:20;219:34;243:13;334:16;234:22,30.078273773193359,17.625340839808892,25.227430938807689,24.059205506638698,868,111.80727778389169,205.45936453749525,550.73335767861329,0.54418195070143638,0.2030152636026418,0.99995968711949235,0.79698473639735823,0.17004978080201072,0.13552161623994846,0.31913064578672057,0
1100,1691509943.0709376,128581,0,-4.7380371084870809e-08,6,5,125,21.784448020324472,36269.800676239523,476.64176021126082,3,9,9,6,USED,,5,0.061539805829870904,2,g1,349:20;222:33;213:71;339:25;233:24;10:18;334:16;23:25;246:14,29.257055918375652,17.946201772232609,14.415728825636741,21.716009961774112,948,139.56695617237597,228.50111202106891,579.93193180655533,0.61079333460533536,0.24066092677050682,0.99003518083365794,0.75933907322949312,0.15335274878148666,0.11528636348874376,0.31913064578672057,0
1101,1691509943.1705313,128344,0,-3.6033935543744455e-08,9,7,175,21.448512083953755,58644.673530224529,475.88377690857226,3,7,6,8,USED,,7,0.16429096383917452,3,g1,337:25;223:33;41:36;243:18;231:25;253:11,30.259902954101562,21.5605211690964,16.631707894241874,23.663430913667426,909,143.25999461245272,210.64752729068348,555.09247809686349,0.68009340748045333,0.25808311275198703,0.99723314500870519,0.74191688724801297,0.12139874946471832,0.089818577825601931,0.31913064578672057,0
1102,1691509943.2700992,128422,0,1.0508850098456257e-07,7,6,150,14.481677924891098,52215.702734083025,93.413698700393567,3,7,4,4,USED,,6,0.82873757689253835,1,g1,339:23;227:31;27:28;222:69,30.304253578186035,18.40990351941273,19.966704012669055,22.476470133166838,926,131.26854067097776,217.24703538163118,577.48442394739072,0.60423628078690395,0.22731096325281394,0.99916185483566966,0.77268903674718603,0.14888452596339832,0.11494501952578713,0.31913064578672057,0
1103,1691509943.3694389,128272,0,7.5221557621629742e-08,7,6,150,18.292293509111115,48812.920043747305,581.13843751905665,3,6,5,6,USED,,6,0.37564060572996344,0,g1,335:25;225:29;12:19;237:24;245:16,32.039699935913085,19.324354639804014,19.08791642278149,22.509438510168152,893,142.35506779209967,209.6170562654377,541.02787594246308,0.67911967818036578,0.26311965449861363,0.99145793273479899,0.73688034550138637,0.12432259309405928,0.090828329093291291,0.31913064578672057,0
1104,1691509943.4694474,128051,0,-8.5735473623338443e-08,6,5,125,17.323734831784989,30039.863536749683,337.81799994676396,3,6,4,4,USED,,5,0.6564677461853764,2,g1,332:24;226:28;11:19;252:11,28.808259963989258,15.249093623683443,17.691360527052172,23.815278640007168,908,144.55567212480179,212.34380751935325,551.10052035584488,0.68076236276222379,0.26230363932783513,0.96418794040645517,0.73769636067216493,0.12300502882991428,0.08749076285670046,0.31913064578672057,0
1105,1691509943.5702472,128064,0,1.0747070317007612e-08,6,6,150,13.603569862992536,40617.850999010501,402.04190405562696,3,6,4,4,USED,,5,0.46387493683781839,1,g1,332:24;233:26;256:11;244:19,29.486618995666504,19.643424041593303,13.646243801993357,24.766160495240257,946,160.33861388144123,219.65918795984149,566.00219815871708,0.7299426687799403,0.28328266993139739,0.99105528811950039,0.71671733006860261,0.10480626094983064,0.074444568398745622,0.31913064578672057,0
1106,1691509943.6705301,127939,0,4.6495361338827479e-08,6,6,150,12.402265953271794,38983.334873646418,214.326859163385,3,4,3,5,USED,,5,0.28787819168407214,2,g1,331:26;232:28;24:22,31.263730367024738,18.850257527760252,21.494023092905234,22.913401817570417,912,140.45636276181739,215.20647108502405,556.33716615315871,0.65265864011275809,0.25246625842565046,0.99818160555557633,0.74753374157434949,0.13436116238660223,0.10025686380789588,0.31913064578672057,0
1107,1691509943.7706165,127733,0,-7.8942871087339661e-08,4,3,75,16.884185927867524,20882.8625200268,94.37267727241661,3,7,6,3,USED,,4,0.64723699356441999,1,g1,329:27;256:17;27:22;38:27;268:11;373:10,28.825260480244953,20.6403072239541,11.411936687955288,22.414502106192995,930,145.76607585325957,217.49296069748209,566.74096344925886,0.67021054560018734,0.25720052943783761,0.998525692186364,0.74279947056216233,0.12656026204226251,0.093870297589808957,0.31913064578672057,0
1108,1691509943.8705986,127415,0,5.629638671900139e-08,7,5,125,11.344873275377591,30461.746934701518,83.40824534120263,3,6,4,5,USED,,5,0.68387768956733475,3,g1,327:31;257:16;13:14;26:20,26.464365005493164,14.720046552545043,12.884690429196539,20.671362019316767,967,146.18188543745239,237.89157885476681,582.92653570778077,0.6144895340187585,0.25077239837771415,0.99972587748749586,0.74922760162228585,0.15732633153500528,0.11784091834202685,0.31913064578672057,0
1109,1691509943.971035,127496,0,4.4966430676196545e-08,6,5,125,12.436034158354726,32986.409224857438,268.95201276378884,3,7,5,4,USED,,5,0.46522506980763589,3,g1,330:30;232:32;358:11;44:29;79:17,26.945816421508788,18.148661615206866,10.379366176526393,19.868640073523771,935,150.17452727572854,210.94053270774424,573.88494001652657,0.71192826408471088,0.26168055093309095,0.9883760785174639,0.73831944906690905,0.10588534598985257,0.077268484561056061,0.31913064578672057,0
1110,1691509944.071218,127289,0,-3.2476196287767323e-08,7,3,75,9.4841694211470777,24751.636533835408,116.82552847349571,3,5,3,5,USED,,3,0.81042872385166265,1,g1,329:31;14:15;256:17,26.717362721761067,17.499760595711422,6.895219075349865,18.912159371218973,953,156.1997793900062,226.53043460372174,570.26978600627194,0.68953109838531135,0.27390505901410017,0.99900446756763517,0.72609494098589988,0.12332874183332945,0.089459227211237571,0.31913064578672057,0
1111,1691509944.1713731,127193,0,-5.5097045897900543e-08,5,4,100,8.9942762678848442,28595.494031265102,96.374889752661716,3,4,2,3,USED,,4,0.78212407091332126,1,g1,31:22;249:23,29.365299224853516,22.404703914877889,8.3730896583470411,24.144399580590449,939,143.62245163288506,245.68039016920599,549.69715819790906,0.58459062008965723,0.26127559419031277,0.99390072339241886,0.73872440580968723,0.18566211779391575,0.13631660272456161,0.31913064578672057,0
1112,1691509944.2711923,127074,0,9.3711547854979926e-08,4,4,100,9.9320752105345367,30106.879262263294,226.78094784836438,3,5,3,2,USED,,4,0.72979276113311631,2,g1,39:26;330:29;84:15,28.795991897583008,15.62970982366528,15.623623126839101,23.698437861440123,954,160.60143727874623,252.27819685522644,541.12036586602721,0.63660450756634246,0.29679429459601708,0.99618192651320314,0.70320570540398286,0.16942027201241566,0.11868242691658983,0.31913064578672057,0
1113,1691509944.3713102,127034,0,5.9976196301048113e-08,5,4,100,7.24056880524848,17884.609369627917,22.918560166399878,3,4,0,1,USED,,5,0.82473258153437012,0,g1,,0,0,0,0,963,160.5451250934471,258.34303183587548,544.1118430706772,0.62144166983160942,0.29505905290981355,0.99730669808231687,0.7049409470901864,0.17973861070641126,0.12636385135384276,0.31913064578672057,0
1114,1691509944.4724214,126950,0,-7.2534790035438945e-08,4,4,100,8.4987742020959853,22940.903424665608,69.849577303637275,3,7,4,1,USED,,4,0.78894692400267463,1,g1,85:11;31:24;241:27;352:20,26.493509292602539,20.164335001131199,12.249061573418222,16.051876639044007,926,154.617860677621,237.75683806095213,533.62530126142747,0.65031930075543254,0.28974986814178894,0.99280293206903025,0.71025013185821106,0.15580029130328035,0.10986077021860526,0.31913064578672057,0
1115,1691509944.5733936,126461,0,5.0512084973086679e-08,7,5,125,9.826594968683029,28531.429378131579,58.90285091760289,3,5,3,5,USED,,5,0.6499187836445276,3,g1,51:30;355:19;271:10,25.652524948120117,21.98264113390276,8.5257414069098107,15.738468344305199,974,187.39562440392467,247.06339864927526,539.54097694679956,0.75849205276232201,0.34732417445728586,0.99100572480727667,0.65267582554271408,0.11058988435503762,0.071530143184318731,0.31913064578672057,0
1116,1691509944.6728771,126129,0,8.9086303722840654e-08,5,4,100,8.8481851568510521,22261.026308213026,107.64807736269546,3,8,5,2,USED,,4,0.86027952433155819,1,g1,33:21;354:20;17:16;252:27;271:12,27.283264541625975,15.071196380346567,8.7998270298082133,21.562784628203879,952,180.87962215879656,238.66959195046798,532.45078589073535,0.75786622284222627,0.33971143803685738,0.99425852534499226,0.66028856196314267,0.10853579583884873,0.071253482093138101,0.31913064578672057,0
1117,1691509944.7725568,126334,0,-6.7694091721026695e-09,8,6,150,9.2608881412210682,39883.679511883158,152.71050232734228,3,8,3,3,USED,,6,0.76147168798240716,1,g1,258:23;208:10;356:22,29.814078013102215,19.183076147964304,11.381720739986813,23.363783866336025,936,175.09108551043468,244.76468720467358,516.14422728489194,0.71534455198605729,0.33922899115132615,0.98839470182599154,0.66077100884867379,0.13498862916814475,0.088161419856500514,0.31913064578672057,0
1118,1691509944.8722663,126272,0,1.021191406297417e-07,8,7,175,9.0723213176754296,50849.496622451567,122.86434057065634,3,5,2,5,USED,,7,0.69159741533107322,3,g1,267:22;373:11,28.102770805358887,14.312002617256283,13.195441687412405,20.150127878513647,951,176.76954996418252,259.48020821207007,514.75024182374761,0.68124482858326862,0.34340838643978544,0.98701426881123855,0.65659161356021456,0.16068114500509159,0.10413187305470323,0.31913064578672057,0
1119,1691509944.9720206,126469,0,1.1337158203894582e-07,5,3,75,9.4694957579082271,26402.995231363206,101.00370650419546,3,6,4,3,USED,,4,0.76612035246400989,1,g1,60:24;359:19;266:24;373:11,24.675564765930176,17.32251352339955,8.3341156481316077,16.321080481795356,927,171.29512867353202,251.49261207325134,504.21225925321676,0.68111395902015404,0.33972821074845611,0.97025205053182395,0.66027178925154395,0.159055004966557,0.101895416966195,0.31913064578672057,0
1120,1691509945.0712888,126241,0,-8.1687622069392951e-08,6,3,75,8.0256393751428821,29008.349712091051,52.537577480580332,3,5,3,4,USED,,4,0.78230581554696177,1,g1,256:10;276:21;363:19,25.786967595418293,11.061435017420246,15.859637199562821,20.128418846146335,920,163.9620451264866,252.6136404167566,503.4243144567568,0.6490625164024616,0.32569353608479834,0.99657850225795985,0.67430646391520166,0.17609716643490608,0.11833717713213343,0.31913064578672057,0
1121,1691509945.1702762,126245,0,8.1525268563753528e-08,5,3,75,6.5057059853802954,25367.056305626767,60.29795494540928,3,3,1,3,USED,,4,0.88166613824637152,0,g1,348:29,28.828323364257812,19.149719280815024,28.790577656128043,18.154887813320546,902,168.79175346963575,251.68443253210967,481.52381399825413,0.67064836617616963,0.35053666830743235,0.99969641161887346,0.64946333169256765,0.17214658268754796,0.11176895107241384,0.31913064578672057,0
1122,1691509945.2692697,126285,0,-1.7916259753558705e-08,3,3,75,6.6419026374919206,25325.825713261394,48.200067189171122,3,4,1,0,USED,,3,0.90127805220941104,0,g1,371:13,31.41798210144043,21.264124776814572,5.5690298248550238,17.156904740762045,861,167.58470972605471,232.51504880364777,460.90024147029715,0.72074779928577937,0.36360299832226223,0.97940424745303567,0.63639700167773783,0.1408772077672637,0.08780734447612884,0.31913064578672057,0
1123,1691509945.3689337,126578,0,2.1090698243408923e-08,4,3,75,9.3946765130228531,42184.832771754132,21.827086323766917,3,4,1,1,USED,,4,0.86337036119943777,0,g1,354:30,31.674152374267578,22.241979835149341,28.031146027956623,18.516349275095333,873,154.53881576698072,252.2076561897934,466.25352804322614,0.61274434766042907,0.33144803518281046,0.9962620468535569,0.66855196481718959,0.20947582066072398,0.13952198807363997,0.31913064578672057,0
1124,1691509945.4701784,127065,0,-1.332824706157254e-08,4,3,75,11.366323063204915,46151.272550486021,350.70891613476425,3,4,3,3,USED,,3,0.5457476884459519,2,g1,369:22;203:17;300:26,28.495825449625652,22.049564108957483,12.433171948867027,19.698956828629395,878,153.01613620404686,256.13505496330174,468.84880883265146,0.59740411645711888,0.32636562858084101,0.99888944903024346,0.67363437141915905,0.21994066491499104,0.14799505278143671,0.31913064578672057,0
1125,1691509945.5713596,127376,0,2.0816040044446815e-08,4,3,75,8.1060470506143343,36082.120057654065,102.91428781929031,3,4,1,1,USED,,4,0.87838403776050489,0,g1,299:23,27.093667984008789,26.815864737062221,12.471692386267165,19.390684237090177,884,154.29358196887407,258.70962104459079,470.99679698653517,0.59639676849234868,0.32758945062058459,0.99798299495670861,0.67241054937941547,0.2216916117981621,0.14876710802101981,0.31913064578672057,0
1126,1691509945.6715295,127187,0,7.7833251954650962e-08,4,3,75,10.096965723650653,22303.418037696079,162.20920810580907,3,3,2,3,USED,,4,0.46149222916608174,1,g1,217:20;305:28,28.99555778503418,28.133271092854784,9.8958256695984712,22.66310596036416,892,150.96716032621185,264.36351673492749,476.66932293886106,0.57105898041742231,0.31671255745059834,0.9974583146491165,0.68328744254940166,0.23789312832128734,0.16213623785435879,0.31913064578672057,0
1127,1691509945.7713609,127478,0,-2.0819702142849117e-08,3,3,75,9.5614656693232618,28252.953816569352,157.55398250992181,3,6,4,1,USED,,2,0.92426153467608163,0,g1,11:21;262:21;369:34;301:26,28.230569362640381,18.889487715312651,22.68289152009638,20.185497852788814,901,157.17686230495681,256.60016222900651,487.22297546603687,0.61253609872889347,0.3225973942518095,0.99868023404893735,0.67740260574819056,0.2040611894973747,0.13804914816297487,0.31913064578672057,0
1128,1691509945.8721576,127769,0,-4.4976806584662299e-09,6,5,125,10.12442143183258,50321.34465675996,342.15174752780575,3,6,2,2,USED,,6,0.78427390678173059,0,g1,28:18;106:12,26.618908882141113,25.162725155635897,9.5333258017003466,13.569194122114375,912,154.4287032107745,258.95051647809686,498.62078031112867,0.59636375826204135,0.30971172744628556,0.99485572573548342,0.6902882725537145,0.2096218557158869,0.14395513471307592,0.31913064578672057,0
1129,1691509945.972441,128068,0,-7.4815063463851139e-08,6,4,100,11.22391283227905,43656.098379286552,356.33707420245406,3,4,3,5,USED,,5,0.57365301290961523,2,g1,18:31;121:16;235:16,34.57685979207357,30.589301114453878,23.218572203447604,24.173181889767488,969,161.93075088622535,297.75758500649965,509.31166410727576,0.54383417598813011,0.31794039347215514,0.99738394672048936,0.68205960652784481,0.26668706745279891,0.18142062541958331,0.31913064578672057,0
1130,1691509946.0721569,128127,0,-4.7705078082271868e-09,4,3,75,11.16731155339478,47673.792226235244,265.40854547751144,3,6,4,2,USED,,3,0.80576303968383389,1,g1,31:25;131:19;42:17;56:10,30.091072082519531,25.983120885930717,12.382982001870031,19.731601950875543,944,159.94034243166769,289.2003762125467,494.8592813557853,0.55304334152774459,0.32320368326420573,0.99795670047090179,0.67679631673579421,0.26120563693731325,0.1764217923426061,0.31913064578672057,0
1131,1691509946.1715608,128514,0,4.7869873051609169e-08,6,3,75,13.670175563797574,64279.141064647753,643.36427934386893,3,5,4,5,USED,,3,0.69021632459458782,1,g1,25:34;248:11;56:10;44:20,29.546996593475342,23.216735112395671,18.727725347653504,22.313437023525598,894,152.10982790958002,281.36048045829909,460.52969163212043,0.54062257663838642,0.33029320513624588,0.99715030611205124,0.66970679486375406,0.28065650249531982,0.18742194521466829,0.31913064578672057,0
1132,1691509946.2707326,128754,0,1.4364624031926176e-08,5,3,75,12.570261201872542,59616.106330346418,581.39273930882746,3,6,5,4,USED,,3,0.44931044314393048,0,g1,119:17;35:32;27:40;118:29;55:12,29.384432220458983,21.486254224196109,24.504780412316798,20.782151435864513,917,151.02333699270883,273.83910381190907,492.13755919538221,0.55150391193378179,0.30687220304750501,0.9988445761072281,0.69312779695249493,0.24955576855381095,0.17277418173575834,0.31913064578672057,0
1133,1691509946.3708761,128551,0,-1.9287109270793579e-09,6,3,75,12.897240168175175,53766.316723987788,343.87859498391975,3,3,1,4,USED,,5,0.35756483122843025,1,g1,50:23,37.927593231201172,22.372955728630643,29.96410233791131,29.202963202608316,911,146.17647953881573,282.28630597857978,482.53721448260399,0.51783057287202505,0.30293306951579285,0.99690480283327243,0.6970669304842072,0.28207114882466949,0.19601388457764982,0.31913064578672057,0
1134,1691509946.4711838,128297,0,-1.3482665955910633e-09,3,2,50,12.849251084364544,30143.305532972397,234.03641339601424,3,4,3,2,USED,,3,0.30499928581467706,1,g1,48:34;63:15;298:21,29.385692596435547,18.507526312367748,20.673903037053496,23.287788958372499,923,149.60501728843428,286.92215910241174,486.47282360915398,0.52141325632167523,0.3075300613475403,0.99573579518314048,0.69246993865245976,0.28227094125262364,0.19463064223941212,0.31913064578672057,0
1135,1691509946.5716703,128324,0,1.6768798835609111e-08,4,3,75,12.725622343489238,36175.671411214571,348.16258620435531,3,3,2,3,USED,,3,0.55726100307398663,2,g1,65:25;71:14,30.806256294250488,13.258102304102255,26.519514937674483,23.983133531387892,871,125.99888540804314,261.62966517526746,483.37144941668964,0.481592503371648,0.26066679271209081,0.98938932683553171,0.73933320728790919,0.28059327858709343,0.2052507239894994,0.31913064578672057,0
1136,1691509946.6706526,127812,0,8.4301147465493109e-08,3,3,75,7.4125836755480581,49609.681366408928,110.478094451034,3,5,3,1,USED,,3,0.90381266734964605,0,g1,325:27;298:14;62:35,33.210292180379234,21.496872123135244,25.60420738100515,25.778498899510321,903,153.48528924352982,282.84668222651834,466.66802852995232,0.54264482805780556,0.32889608856861857,0.99226404739124319,0.67110391143138148,0.27720217601040492,0.18459233398416097,0.31913064578672057,0
1137,1691509946.7692707,127412,0,-1.2035522453657244e-08,5,3,75,9.6049243930589192,50607.78014277319,130.53754735510645,3,7,5,3,USED,,3,0.87989233347073792,1,g1,328:18;332:29;304:10;83:10;76:18,29.457820892333984,11.924985382928309,21.306869617687724,23.917872480791502,889,142.64846873519508,266.49231883646587,479.85921242833922,0.53528172728585066,0.29727150180845552,0.99817010485015478,0.70272849819154448,0.25808371891946386,0.18103090932478627,0.31913064578672057,0
1138,1691509946.8694847,127258,0,-5.4168090818373926e-08,7,4,100,10.149734431396915,58535.218316530569,204.5104599934721,3,4,1,4,USED,,4,0.85042702581003993,1,g1,313:18,38.804252624511719,19.075743305870148,36.733675871911544,25.80733810764464,855,128.9108384255197,274.09668555455721,451.99247601992255,0.47031155508029965,0.28520571749481438,0.99947893943337618,0.71479428250518562,0.32121297329435661,0.22948156064760669,0.31913064578672057,0
1139,1691509946.9688666,128195,0,-3.8895263662630519e-08,4,3,75,15.352871081131591,74308.792232871885,735.93736966386064,3,3,3,4,USED,,4,0.4999367198617386,2,g1,320:21;74:38;79:28,37.978909174601235,25.29366237349679,21.239335359793049,27.494372950522386,912,139.19299525759905,285.44379307606977,487.36321166633041,0.48763714130054531,0.28560423094243825,0.99980906214620391,0.71439576905756175,0.30008583807224298,0.21433911980567255,0.31913064578672057,0
1140,1691509947.068321,128404,0,-6.3075561523850965e-08,3,1,25,6.1560655380964668,27735.297568297523,51.11012074237285,3,6,5,2,USED,,2,0.94715500823320298,0,g1,341:18;169:20;171:30;323:22;76:37,30.629700469970704,11.245317454811223,29.235258022337177,21.25999119600602,893,127.41649144452343,279.32059162520085,486.26291693027605,0.45616576530631858,0.2620320962348715,0.99900625435138179,0.73796790376512855,0.31239087927911752,0.23030534973802672,0.31913064578672057,0
1141,1691509947.1674957,128415,0,-3.3227539053548583e-08,6,3,75,15.396040623664586,28745.973681826199,210.01795470794079,3,6,5,5,USED,,3,0.46811540809607682,2,g1,328:11;327:23;342:15;76:35;169:21,32.422150802612308,25.761112604397152,11.458011921999548,18.833545113431502,924,141.36213736691457,297.16012861771367,485.47773401537137,0.4757103115565417,0.29118150527257491,0.99804803568452383,0.70881849472742509,0.32091686257616536,0.2270277906129391,0.31913064578672057,0
1142,1691509947.2675078,128360,0,3.6362915040166754e-08,6,1,25,13.541065223942569,21499.371089482833,271.57433848089897,3,6,6,6,USED,,2,0.57206059302961887,0,g1,365:30;329:16;347:16;171:20;85:24;78:33,32.228401819864906,20.645025062480354,20.760903394302847,20.184396890712879,912,141.25418193603832,297.85263361425484,472.89318444970593,0.47424184309538392,0.29870208871885584,0.99922181167921265,0.70129791128114416,0.33114973281005572,0.23205389367519325,0.31913064578672057,0
1143,1691509947.3680177,128224,0,-7.6264038084694619e-08,6,3,75,12.891194974867783,30531.414371176408,185.63410545788395,3,7,5,4,USED,,4,0.80413988987358109,1,g1,372:29;203:11;348:16;331:15;79:33,30.494358062744141,21.98080916719621,17.284039220735256,20.250064686956847,896,135.84641183355336,296.03456118365716,464.11902698278988,0.45888700052584563,0.29269735549667675,0.99917284213174962,0.70730264450332325,0.34514454275119338,0.24391972068200166,0.31913064578672057,0
1144,1691509947.4684737,128169,0,1.1368347169193882e-07,7,3,75,10.717780257620104,24537.416779314201,211.63024333350808,3,4,3,6,USED,,4,0.68347614099706611,2,g1,332:15;171:20;79:35,30.248769124348957,20.261154232184353,19.278924702796566,19.659148538879176,861,128.04581249867002,283.78620855147449,449.16797894985592,0.45120519828025563,0.28507333224874598,0.99954062123679854,0.71492666775125402,0.3467308520454237,0.2477732585749732,0.31913064578672057,0
1145,1691509947.5697296,128261,0,-4.7356567375866909e-08,4,2,50,8.1701832942815855,28604.534842619236,106.16279933803061,3,7,5,2,USED,,3,0.88851625801103373,0,g1,334:17;78:33;13:25;173:33;181:10,27.490964508056642,17.717728607232608,18.239566923659233,16.502085318636706,911,143.15606813301559,302.19612413866037,465.64780772832449,0.47371907413124048,0.30743421478006389,0.9973337470779069,0.69256578521993606,0.34154580643582544,0.23591225631883395,0.31913064578672057,0
1146,1691509947.6709046,128252,0,5.7664184580086264e-08,7,2,50,9.3719627462083768,27124.854328256133,157.08855895608122,3,4,2,5,USED,,5,-0.029394285337325812,0,g1,350:17;337:16,32.318870544433594,32.031603211683212,1.8982367849897024,21.204503603797491,895,143.98294046557172,288.50647937687944,462.51058015754876,0.4990631086572066,0.31130734439961488,0.99992596427511793,0.68869265560038517,0.31247617916562576,0.21518411714976668,0.31913064578672057,0
1147,1691509947.77157,128332,0,-1.1326171873993207e-07,4,2,50,11.280291902614888,21246.388158962454,189.36735353187186,3,6,4,2,USED,,2,0.83775506111845699,0,g1,338:16;204:10;16:32;176:34,28.022442817687988,21.418620212084782,18.051900150618447,17.731104726739144,882,141.78707837750557,292.23960986124808,447.97331176124669,0.48517406126029389,0.31650786923010465,0.99772410970926162,0.68349213076989535,0.3358515508261532,0.22902945717409812,0.31913064578672057,0
1148,1691509947.8721254,128234,0,9.0390625012704007e-08,6,3,75,9.9326554247050822,29465.949141330962,249.51331061316694,3,7,6,5,USED,,4,0.36333085552141636,0,g1,338:17;203:10;18:34;351:17;85:25;175:37,27.053363800048828,18.926935183901836,16.013189140516349,20.122234975152633,917,161.53614034649229,313.22107673509674,442.24278291841108,0.51572564027391332,0.36526574674774043,0.9962009958221385,0.63473425325225952,0.34299019056369462,0.21688055031294196,0.31913064578672057,0
1149,1691509947.9722497,128237,0,1.1230957032426492e-07,7,3,75,10.7032925029749,26989.032996737813,216.31662105278286,3,5,4,6,USED,,4,0.32773423160150439,0,g1,339:16;204:10;175:25;173:36,28.38939380645752,21.511511612263341,20.640606243773835,15.799399965558951,893,154.9905218687947,283.4480231613324,454.56145496987335,0.54680403179449055,0.34096714574944964,0.99683157710761783,0.65903285425055036,0.28259655518097415,0.18565032596993833,0.31913064578672057,0
1150,1691509948.0722868,128157,0,-1.1761291503209481e-07,5,2,50,7.2413223467569319,20972.272381776482,46.936370442947968,3,4,3,4,USED,,2,0.88096025194784833,0,g1,339:16;85:24;172:38,28.817925771077473,20.840540432103037,14.778060597801273,18.285603909090188,870,146.84692224259382,292.68441627599441,430.46866148141135,0.50172443108184028,0.34113266628338523,0.99735915673057618,0.65886733371661477,0.33878771460741564,0.22262667933027319,0.31913064578672057,0
1151,1691509948.1721306,128264,0,9.5851440437555446e-08,4,2,50,7.2459309034553847,25397.323591558928,90.211827159476954,3,3,2,3,USED,,2,0.83993642409725922,0,g1,174:36;85:24,29.828474044799805,15.981676781296514,26.524025986990104,19.277289006690641,889,147.02326730464171,301.74638720005601,440.23034549530212,0.48724118511870096,0.33396895241109781,0.99959135346603833,0.66603104758890219,0.35145946089049285,0.23398725575090057,0.31913064578672057,0
1152,1691509948.271867,128242,0,-6.8856811516471161e-08,3,2,50,7.2070279582307419,32247.027392352295,110.99989323114445,3,4,2,1,USED,,3,0.88278722336591109,0,g1,350:11;174:36,27.140809059143066,10.372183749790205,27.072533085822847,14.530830602889862,906,156.83042904068193,315.20473715025639,433.96483380906159,0.49755099005990422,0.36138971829612609,0.99908253166323269,0.63861028170387391,0.36494733160626769,0.23284529388257177,0.31913064578672057,0
1153,1691509948.3715508,128352,0,-4.9368286125783811e-08,4,3,75,9.5296274165544386,31244.878527882658,207.71960138180467,3,5,4,3,USED,,3,0.1988433569671659,0,g1,350:15;202:11;176:37;85:24,27.226130962371826,18.423857999233924,16.787032620650123,21.270190829498489,902,141.39397115531148,312.52603209651159,448.07999674817728,0.45242301963392095,0.31555519590573344,0.99863361086341051,0.68444480409426656,0.38192300969279153,0.26104803829603679,0.31913064578672057,0
1154,1691509948.4712586,128382,0,-1.053289794827883e-07,5,2,50,7.3202899581500898,25333.372587933627,98.731898402317697,3,4,3,4,USED,,3,0.34020812203874712,0,g1,349:15;175:38;82:27,29.141890207926433,18.636422308523805,16.532341036894163,22.522540511834464,893,148.37341926197209,313.5372979030488,431.08928283497943,0.47322414352072312,0.34418257463099422,0.99988897773736718,0.65581742536900578,0.38313148857449392,0.25123641048290224,0.31913064578672057,0
1155,1691509948.5709152,128292,0,7.8863525432293358e-09,4,1,25,8.2583135402730719,15248.179908703798,86.112587636885436,3,4,4,4,USED,,2,0.29259832134178981,0,g1,172:37;173:27;180:17;85:23,28.534056186676025,15.485734827991653,25.89786450080981,14.789105264052781,892,145.10415655211642,313.57936993746705,433.3164735104163,0.46273502169818315,0.33486877472390469,0.999770151766181,0.66513122527609525,0.38880408127687011,0.25854629490059239,0.31913064578672057,0
1156,1691509948.6709862,128225,0,1.8972778320636152e-08,4,3,75,7.8167828350278681,44162.524124170304,123.47592285770426,3,4,2,2,USED,,4,0.79137689371776099,0,g1,172:37;82:28,28.695186614990234,15.613809939733409,21.520352367677948,19.129603486509907,909,148.77266343728814,321.17545383298057,439.05188272973066,0.46321305586028294,0.33884984733995294,0.99968570552233083,0.66115015266004706,0.39267065505745535,0.25953266820700366,0.31913064578672057,0
1157,1691509948.7708259,128165,0,2.3722534187031741e-08,4,2,50,7.691995833425243,28208.764309301168,111.32021924813291,3,4,2,2,USED,,3,0.81187259963248293,0,g1,175:38;84:22,27.641683578491211,15.914225929693721,22.970744881585254,17.2240118733759,898,149.71439790288727,303.52704090509695,444.75856119201586,0.49324896212360236,0.33661948519131707,0.99956365584650564,0.66338051480868288,0.34583402417250841,0.22931944711327093,0.31913064578672057,0
1158,1691509948.8709545,128219,0,-8.0775756833295631e-08,4,4,100,8.2432610737094922,46141.50049570261,187.42769449039056,3,6,4,2,USED,,2,0.9005246655070448,0,g1,337:16;348:14;170:39;172:28,27.44999361038208,17.64790844785821,19.904147491520199,13.498006078464076,883,137.65644969368282,299.77764858140313,445.5659017249144,0.45919517464058995,0.30894745123173678,0.99855957745390023,0.69105254876826328,0.36385459089239613,0.25108045876603541,0.31913064578672057,0
1159,1691509948.9711494,128106,0,-1.1970214833234571e-08,6,3,75,8.6757920337728844,32872.442043831106,157.31842842038139,3,5,4,5,USED,,3,0.69265958747273026,1,g1,336:15;348:15;175:38;84:20,27.922380924224854,15.894022292357324,18.758074341050367,18.011815769711635,901,152.36939854454403,297.93418011468071,450.69642134077543,0.51141966485984947,0.33807545684800594,0.99679822894012737,0.661924543151994,0.32297745151181023,0.21310220596477186,0.31913064578672057,0
1160,1691509949.0712011,128155,0,-1.1458557128141145e-07,5,2,50,8.1120970849841054,22206.932609933341,138.06051398960633,3,3,3,5,USED,,3,-0.29896881548604548,0,g1,174:38;84:22;170:27,29.322732925415039,14.523209706613422,25.486790677173218,18.992767640755467,906,156.68952775575985,308.18827510802583,441.12219713621448,0.50842144368028663,0.35520662703667022,0.99944805371547529,0.64479337296332973,0.34343941052117255,0.22132522881797287,0.31913064578672057,0
1161,1691509949.1713762,128173,0,-5.5415039057482574e-08,3,2,50,7.1216043454504598,27578.920619126973,75.847547244751667,3,3,2,2,USED,,2,0.93769619567045037,0,g1,171:37;172:27,27.877596855163574,14.387681629132137,27.862865603402028,17.225130934117207,882,139.95368379914808,297.36362154992685,444.6826946509259,0.47064830280744374,0.31472707501921376,0.99990605247693487,0.68527292498078629,0.35398260297569017,0.24255190444182906,0.31913064578672057,0
1162,1691509949.2714615,128181,0,1.6719360354522372e-08,3,1,25,7.7037587029485444,26888.556244131854,80.814800971966122,3,2,1,2,USED,,1,0.9285642496489489,0,g1,171:27,26.708507537841797,10.658838010972985,26.664176450948787,16.900314812483014,892,141.53882228226001,298.6218304744595,451.83934724328054,0.47397346020342451,0.31325032480195292,0.99561768089079472,0.68674967519804708,0.34765234402576817,0.23770385506548578,0.31913064578672057,0
1163,1691509949.3719296,128163,0,6.6833496098483991e-09,2,1,25,7.8339955077457573,25547.663120120767,26.209110628812791,3,3,2,1,USED,,1,0.92631120729058813,0,g1,172:38;169:26,26.6248779296875,12.830182313688571,26.594849020911482,15.701099433015671,911,144.60382687040138,301.18628586290896,465.20988726668952,0.48011424708833106,0.31083566972321197,0.99995638808121423,0.68916433027678803,0.33658454662796972,0.23195194734769942,0.31913064578672057,0
1164,1691509949.4723754,128180,0,-3.8259887688574246e-08,3,1,25,6.6868820618523115,29121.841911796553,2.3265233994895302,3,4,3,2,USED,,2,0.937914096214854,0,g1,180:16;171:23;170:36,26.865903854370117,9.5617471529564515,26.799374701267851,16.993496727039474,931,156.74418905444239,310.85592298617274,463.39988795938433,0.50423420454309487,0.33824822389292541,0.99967889741314198,0.66175177610707459,0.33256748207336168,0.22000645460434237,0.31913064578672057,0
1165,1691509949.5720015,128205,0,-4.643554679661932e-09,4,1,25,8.7109628949837195,12792.417758527092,50.420863153041601,3,4,3,3,USED,,2,0.81884287387984045,0,g1,336:15;170:27;84:20,29.558517456054688,17.791916469404438,20.513055456421675,17.871102885216203,945,170.80648305811027,319.7667880255982,454.42672891629121,0.53415954831568291,0.37587243924987984,0.99968400784966083,0.62412756075012021,0.32779829065672661,0.20452329938015695,0.31913064578672057,0
1166,1691509949.6719787,128183,0,-3.3537597643462647e-08,4,2,50,7.9918943242845,35620.368566516605,59.170795551164503,3,5,3,2,USED,,2,0.90239819277454736,0,g1,336:12;170:26;78:30,26.982451756795246,16.929253471761026,16.4535154368725,18.357122016113397,903,162.36289086577875,291.85194461900238,448.78516451521909,0.55631937309081525,0.36178310626904142,0.9978681089653606,0.63821689373095858,0.28853238473936327,0.18375366260605822,0.31913064578672057,0
1167,1691509949.7719879,128195,0,-3.3526611320500166e-08,5,2,50,10.024582406153066,35053.289937173591,256.7932986053039,3,4,2,3,USED,,2,0.90943592700953424,0,g1,173:35;169:24,26.525545120239258,11.619985797200705,26.435030790879271,17.3247636611773,892,151.10758697525762,296.78040805222764,444.11200497251497,0.50915620733517419,0.34024657132294656,0.99993173309396144,0.65975342867705344,0.32800919463094758,0.21639041748254031,0.31913064578672057,0
1168,1691509949.8717892,128202,0,-3.0714721668823053e-08,4,3,75,9.8033837479581685,30582.812118097296,224.20222933120675,3,6,4,2,USED,,3,0.7274706858440716,0,g1,336:15;170:25;171:36;78:31,27.818772315979004,18.024012311854435,19.761769876784378,18.45113693428414,884,154.0432950475103,296.13714469425719,433.81956025823234,0.52017552612844375,0.3550860983672926,0.9967289237880349,0.64491390163270745,0.32754136204039558,0.2105450087576676,0.31913064578672057,0
1169,1691509949.9714692,128173,0,-6.2567138664482158e-08,6,2,50,10.771705693014146,33034.482052642292,156.00202700724569,3,5,3,4,USED,,2,0.78315055627367758,0,g1,76:30;169:25;171:35,28.227230707804363,14.412323692374185,25.289711587203772,18.328836775293318,857,139.57127325850712,273.46177815581819,443.96694858567446,0.510386768490109,0.31437311651944599,0.99666884878190654,0.68562688348055401,0.30157764068663229,0.20608095664708562,0.31913064578672057,0
1170,1691509950.071456,128176,0,-1.1623046874964515e-07,5,2,50,12.888673286958149,30626.843779450159,276.3896360721568,3,5,4,4,USED,,3,0.5512591139680475,1,g1,172:34;77:29;84:21;169:24,29.249161720275879,14.499951071088418,25.455206239515366,19.70168647424638,887,144.57191226942044,291.37680179786162,451.05128593271871,0.49616823088653117,0.32052211528554553,0.99987634648712964,0.67947788471445447,0.32547272141097366,0.22112417011472113,0.31913064578672057,0
1171,1691509950.1713953,128111,0,5.6979370124943252e-08,5,2,50,9.6107393060443869,29919.216538289405,42.738172964793058,3,5,3,3,USED,,4,0.73578542126152391,0,g1,335:15;170:23;77:29,29.752689997355144,20.233184071864994,19.173720628336923,17.591122025659033,909,157.48009891808309,305.07512138382208,446.44477969809469,0.51620105305130315,0.35274261471839352,0.99862440803704744,0.64725738528160648,0.33060084735574496,0.21368948558081413,0.31913064578672057,0
1172,1691509950.2713516,128153,0,9.29760742285346e-08,5,2,50,9.0908834449936347,32920.738969061276,61.949930184910606,3,4,2,3,USED,,3,0.75660981920511194,0,g1,77:29;169:24,29.981845855712891,13.963512982904721,24.081742748672291,19.809077666986976,911,153.1637644440884,305.09893350166726,452.73730205424488,0.50201343769446971,0.33830604138233134,0.99988158621962597,0.66169395861766866,0.33559233658943061,0.22203312678402468,0.31913064578672057,0
1173,1691509950.3710785,128112,0,-2.8892822259707351e-08,4,2,50,9.0287299831954702,30815.45284713557,52.019652837156485,3,6,4,2,USED,,3,0.79190491569654553,0,g1,335:14;79:29;169:24;170:35,28.069863319396973,17.091701861853863,18.674465398237359,18.406392099744505,910,155.80071518404608,298.25759430369118,455.94169051226299,0.52236965012668557,0.34171193033258201,0.99938911919989726,0.65828806966741804,0.31244538958389806,0.2055534269893653,0.31913064578672057,0
1174,1691509950.4714432,128122,0,1.1706237793007723e-07,6,3,75,8.3926767819598478,61160.136328542081,165.96684462676563,3,5,4,5,USED,,2,0.92355722998489853,1,g1,346:15;169:23;171:34;76:29,26.808497428894043,16.644236375954875,18.867628792241955,18.022813233197496,918,150.90772748134651,321.49847747226431,445.59379504638929,0.46938862251490859,0.33866658189357418,0.99679795310015284,0.66133341810642587,0.38283915056123741,0.25237361594578761,0.31913064578672057,0
1175,1691509950.5710809,128126,0,2.2464599611082825e-08,5,2,50,5.8726414191487395,51301.011117011745,31.187647065415135,3,3,2,4,USED,,2,0.9453948355982964,0,g1,76:29;171:20,28.408303260803223,11.794484228229562,25.231527925710886,20.204147722874918,924,146.07175856186745,325.75074861796804,452.17749282016439,0.44841572638464322,0.32304075475061667,0.99998836196584473,0.67695924524938333,0.39736385138382102,0.26899600230108289,0.31913064578672057,0
1176,1691509950.6710854,128200,0,-6.7247924798174985e-08,3,1,25,7.2228655208659314,29488.153752236482,38.118792900930352,3,5,4,2,USED,,2,0.92722375145357017,0,g1,346:12;174:15;170:34;76:29,27.188667774200439,9.0543774293567409,24.402934018881147,18.582457381331466,914,149.70812683643183,314.65785148997048,449.6340216735984,0.47578068091272047,0.33295551408498408,0.99964435263970164,0.66704448591501597,0.36685330002292432,0.24462044135394068,0.31913064578672057,0
1177,1691509950.7710831,128220,0,1.9871215825584265e-08,5,2,50,7.8034295949807575,37547.062655130183,150.68112522228543,3,5,3,3,USED,,3,0.85942828026436435,0,g1,346:15;76:29;170:34,27.860868453979492,18.705041395679533,19.114860580258632,19.396908950714327,911,160.86700397851601,301.54156773636748,448.59142828511636,0.5334820177069558,0.35860472098961271,0.99623686889136309,0.64139527901038729,0.31359173378685545,0.20037935547956867,0.31913064578672057,0
1178,1691509950.8711872,128231,0,4.369201660192612e-08,5,3,75,7.1116289911517692,56966.658210878537,194.27235838136679,3,6,4,3,USED,,3,0.87573430039757183,0,g1,346:15;76:29;170:34;334:12,27.36114501953125,20.53328319422797,11.794075044400941,21.419379030471564,916,160.16105974031566,300.2214231766921,455.61751708299278,0.53347645229852436,0.35152524592495332,0.99997735736533577,0.64847475407504662,0.30740776678887832,0.19934166224654296,0.31913064578672057,0
1179,1691509950.9712641,128238,0,-2.2727661128096877e-08,6,2,50,7.3307315686403811,45033.990460487374,163.74345336600501,3,5,3,4,USED,,3,0.87310279185154982,0,g1,346:15;76:29;170:34,28.91485595703125,19.583229865686686,18.380328485212701,20.720668427457365,931,155.2466171050626,314.01302506523109,461.74035782970645,0.49439546997393702,0.3362205933974669,0.99746812062983015,0.6637794066025331,0.34384347234972001,0.22765834947353319,0.31913064578672057,0
